id,n,axis,family,interaction,depth,mode,T,seed,P,N,full_capacity,state_layer,parameter_layer,size,count_1e-14,count_1e-12,count_1e-10,rank_1e-12,rank_1e-10,rank_1e-08,singular_values
n8_block1_d1_stack_nonlinear_T32_s9401100,8,block,block,1,1,stack_nonlinear,32,9401100,80,8,640,1,1,640,80,80,80,8,8,8,"[2.032845483131627, 1.932472059429127, 1.9284406243292325, 1.7795406914161163, 1.71443053520092, 1.5520847823571466, 1.4479662974083884, 1.4196571997989857]"
n8_block1_d1_stack_nonlinear_T32_s9401101,8,block,block,1,1,stack_nonlinear,32,9401101,80,8,640,1,1,640,80,80,80,8,8,8,"[1.9993259742055933, 1.863742802862236, 1.856031467332489, 1.8271327765146814, 1.6677503480659626, 1.6643714909129097, 1.499804006171867, 1.4491066924798126]"
n8_block1_d1_stack_nonlinear_T32_s9401102,8,block,block,1,1,stack_nonlinear,32,9401102,80,8,640,1,1,640,80,80,80,8,8,8,"[1.8981474965982832, 1.715352374919094, 1.688771480878576, 1.6637688223344345, 1.58436401865512, 1.581197404261198, 1.4385068193161805, 1.3350885173593279]"
n8_block1_d1_stack_nonlinear_T32_s9401103,8,block,block,1,1,stack_nonlinear,32,9401103,80,8,640,1,1,640,80,80,80,8,8,8,"[1.9657772651508876, 1.661772537223797, 1.626543557476154, 1.6212206187405387, 1.4542003129886132, 1.3656242732901138, 1.3533762974197414, 1.3154747863632035]"
n8_block1_d1_stack_nonlinear_T32_s9401104,8,block,block,1,1,stack_nonlinear,32,9401104,80,8,640,1,1,640,80,80,80,8,8,8,"[1.8510479953984753, 1.7898332764073717, 1.6835712030656627, 1.6358716299691334, 1.5806256291833327, 1.5315148515580832, 1.387948046987014, 1.3269080095772467]"
n8_block1_d1_stack_nonlinear_T128_s9401100,8,block,block,1,1,stack_nonlinear,128,9401100,80,8,640,1,1,640,80,80,80,8,8,8,"[2.0072202178809944, 1.9393392175718074, 1.917309718005681, 1.7248936001704684, 1.6574436300107327, 1.502311954616106, 1.4441066005788659, 1.417116020806636]"
n8_block1_d1_stack_nonlinear_T128_s9401101,8,block,block,1,1,stack_nonlinear,128,9401101,80,8,640,1,1,640,80,80,80,8,8,8,"[2.016007458829398, 1.8818406782865889, 1.8279496247894174, 1.8066164028378473, 1.6679801463781971, 1.6581850636175481, 1.5150627255664306, 1.4464014246975838]"
n8_block1_d1_stack_nonlinear_T128_s9401102,8,block,block,1,1,stack_nonlinear,128,9401102,80,8,640,1,1,640,80,80,80,8,8,8,"[1.8963237012322705, 1.7230023756471908, 1.6843418961692724, 1.6633628428780545, 1.552534439738933, 1.5506697495203734, 1.422198065509981, 1.2862326929787267]"
n8_block1_d1_stack_nonlinear_T128_s9401103,8,block,block,1,1,stack_nonlinear,128,9401103,80,8,640,1,1,640,80,80,80,8,8,8,"[1.9880402977824627, 1.7290395030466257, 1.675428867220932, 1.6754271324292895, 1.5166803185106783, 1.4147175067353706, 1.401469983167505, 1.3844758012600542]"
n8_block1_d1_stack_nonlinear_T128_s9401104,8,block,block,1,1,stack_nonlinear,128,9401104,80,8,640,1,1,640,80,80,80,8,8,8,"[1.8665319734702497, 1.8134273336692104, 1.7155513640095295, 1.6491376228558026, 1.5987759584045849, 1.556374974963333, 1.3946703428683844, 1.3398716893704035]"
n8_block1_d2_stack_nonlinear_T32_s9401100,8,block,block,1,2,stack_nonlinear,32,9401100,160,16,2560,1,1,640,80,80,80,8,8,8,"[2.032845483131627, 1.932472059429127, 1.9284406243292325, 1.7795406914161163, 1.71443053520092, 1.5520847823571466, 1.4479662974083884, 1.4196571997989857]"
n8_block1_d2_stack_nonlinear_T32_s9401100,8,block,block,1,2,stack_nonlinear,32,9401100,160,16,2560,1,2,640,0,0,0,0,0,0,"[0.0, 0.0, 0.0, 0.0, 0.0, 0.0, 0.0, 0.0]"
n8_block1_d2_stack_nonlinear_T32_s9401100,8,block,block,1,2,stack_nonlinear,32,9401100,160,16,2560,2,1,640,640,640,640,8,8,8,"[1.952125327588154, 1.678482320186988, 1.210328911804438, 1.0960578191265145, 0.7317257456269078, 0.5521898597603129, 0.3476961841247771, 0.10718232855265838]"
n8_block1_d2_stack_nonlinear_T32_s9401100,8,block,block,1,2,stack_nonlinear,32,9401100,160,16,2560,2,2,640,80,80,80,8,8,8,"[1.9465110434385862, 1.8473441810298104, 1.6102151172755788, 1.5896663076795163, 1.588052456540179, 1.5356956223932672, 1.5231128566420409, 1.4773424478189272]"
n8_block1_d2_stack_nonlinear_T32_s9401101,8,block,block,1,2,stack_nonlinear,32,9401101,160,16,2560,1,1,640,80,80,80,8,8,8,"[1.9993259742055933, 1.863742802862236, 1.856031467332489, 1.8271327765146814, 1.6677503480659626, 1.6643714909129097, 1.499804006171867, 1.4491066924798126]"
n8_block1_d2_stack_nonlinear_T32_s9401101,8,block,block,1,2,stack_nonlinear,32,9401101,160,16,2560,1,2,640,0,0,0,0,0,0,"[0.0, 0.0, 0.0, 0.0, 0.0, 0.0, 0.0, 0.0]"
n8_block1_d2_stack_nonlinear_T32_s9401101,8,block,block,1,2,stack_nonlinear,32,9401101,160,16,2560,2,1,640,640,640,640,8,8,8,"[1.609683717348032, 1.2993224429567127, 0.8959384647428006, 0.8115442682396283, 0.6194354857191999, 0.5121196542356085, 0.23238352113890814, 0.107156369302337]"
n8_block1_d2_stack_nonlinear_T32_s9401101,8,block,block,1,2,stack_nonlinear,32,9401101,160,16,2560,2,2,640,80,80,80,8,8,8,"[1.8694258564774113, 1.7527714837043038, 1.667285840294631, 1.6507944530696956, 1.6093235759174658, 1.4711586743122829, 1.40304396535016, 1.349826671601867]"
n8_block1_d2_stack_nonlinear_T32_s9401102,8,block,block,1,2,stack_nonlinear,32,9401102,160,16,2560,1,1,640,80,80,80,8,8,8,"[1.8981474965982832, 1.715352374919094, 1.688771480878576, 1.6637688223344345, 1.58436401865512, 1.581197404261198, 1.4385068193161805, 1.3350885173593279]"
n8_block1_d2_stack_nonlinear_T32_s9401102,8,block,block,1,2,stack_nonlinear,32,9401102,160,16,2560,1,2,640,0,0,0,0,0,0,"[0.0, 0.0, 0.0, 0.0, 0.0, 0.0, 0.0, 0.0]"
n8_block1_d2_stack_nonlinear_T32_s9401102,8,block,block,1,2,stack_nonlinear,32,9401102,160,16,2560,2,1,640,640,640,640,8,8,8,"[2.146684696536604, 1.4754467630110417, 1.1443280662813093, 0.8839815597354361, 0.4376201101313336, 0.4002260440437005, 0.12610181233081486, 0.04155846445935964]"
n8_block1_d2_stack_nonlinear_T32_s9401102,8,block,block,1,2,stack_nonlinear,32,9401102,160,16,2560,2,2,640,80,80,80,8,8,8,"[1.9384927677767805, 1.9232255210129618, 1.881298444548333, 1.809936000150121, 1.520479618202044, 1.4984608490592244, 1.4529732015646055, 1.314202012490367]"
n8_block1_d2_stack_nonlinear_T32_s9401103,8,block,block,1,2,stack_nonlinear,32,9401103,160,16,2560,1,1,640,80,80,80,8,8,8,"[1.9657772651508876, 1.661772537223797, 1.626543557476154, 1.6212206187405387, 1.4542003129886132, 1.3656242732901138, 1.3533762974197414, 1.3154747863632035]"
n8_block1_d2_stack_nonlinear_T32_s9401103,8,block,block,1,2,stack_nonlinear,32,9401103,160,16,2560,1,2,640,0,0,0,0,0,0,"[0.0, 0.0, 0.0, 0.0, 0.0, 0.0, 0.0, 0.0]"
n8_block1_d2_stack_nonlinear_T32_s9401103,8,block,block,1,2,stack_nonlinear,32,9401103,160,16,2560,2,1,640,640,640,640,8,8,8,"[1.8058426094538964, 1.5281549690425915, 1.2350645008549637, 1.007368854873358, 0.6681976866610534, 0.5711315338379257, 0.46926935932197394, 0.11100553689112454]"
n8_block1_d2_stack_nonlinear_T32_s9401103,8,block,block,1,2,stack_nonlinear,32,9401103,160,16,2560,2,2,640,80,80,80,8,8,8,"[1.8305317086568895, 1.7920804228804366, 1.7814966662517833, 1.719489578282824, 1.5790765166264562, 1.489110417349773, 1.4420331708710132, 1.361931160035225]"
n8_block1_d2_stack_nonlinear_T32_s9401104,8,block,block,1,2,stack_nonlinear,32,9401104,160,16,2560,1,1,640,80,80,80,8,8,8,"[1.8510479953984753, 1.7898332764073717, 1.6835712030656627, 1.6358716299691334, 1.5806256291833327, 1.5315148515580832, 1.387948046987014, 1.3269080095772467]"
n8_block1_d2_stack_nonlinear_T32_s9401104,8,block,block,1,2,stack_nonlinear,32,9401104,160,16,2560,1,2,640,0,0,0,0,0,0,"[0.0, 0.0, 0.0, 0.0, 0.0, 0.0, 0.0, 0.0]"
n8_block1_d2_stack_nonlinear_T32_s9401104,8,block,block,1,2,stack_nonlinear,32,9401104,160,16,2560,2,1,640,640,640,640,8,8,8,"[1.695043518277046, 1.4598507766819275, 1.2374532806584613, 0.9181756901543507, 0.6480096613313802, 0.4093232448197874, 0.35892441784912077, 0.10283641952527084]"
n8_block1_d2_stack_nonlinear_T32_s9401104,8,block,block,1,2,stack_nonlinear,32,9401104,160,16,2560,2,2,640,80,80,80,8,8,8,"[1.8386953299455537, 1.706129476395368, 1.509276427070942, 1.499834599066587, 1.4473406416978656, 1.4081676867104256, 1.33237057183894, 1.2885425055249256]"
n8_block1_d2_stack_nonlinear_T128_s9401100,8,block,block,1,2,stack_nonlinear,128,9401100,160,16,2560,1,1,640,80,80,80,8,8,8,"[2.0072202178809944, 1.9393392175718074, 1.917309718005681, 1.7248936001704684, 1.6574436300107327, 1.502311954616106, 1.4441066005788659, 1.417116020806636]"
n8_block1_d2_stack_nonlinear_T128_s9401100,8,block,block,1,2,stack_nonlinear,128,9401100,160,16,2560,1,2,640,0,0,0,0,0,0,"[0.0, 0.0, 0.0, 0.0, 0.0, 0.0, 0.0, 0.0]"
n8_block1_d2_stack_nonlinear_T128_s9401100,8,block,block,1,2,stack_nonlinear,128,9401100,160,16,2560,2,1,640,640,640,640,8,8,8,"[1.9191300150661181, 1.6687442746393863, 1.1891179926948023, 1.067928226306616, 0.7056441345539609, 0.5441331600387932, 0.33988935205306275, 0.1049952424879822]"
n8_block1_d2_stack_nonlinear_T128_s9401100,8,block,block,1,2,stack_nonlinear,128,9401100,160,16,2560,2,2,640,80,80,80,8,8,8,"[1.9680722875740366, 1.8644190809694723, 1.6372673981351047, 1.6092898058566754, 1.56815412070704, 1.5618559441046203, 1.5341575771420142, 1.489985845060619]"
n8_block1_d2_stack_nonlinear_T128_s9401101,8,block,block,1,2,stack_nonlinear,128,9401101,160,16,2560,1,1,640,80,80,80,8,8,8,"[2.016007458829398, 1.8818406782865889, 1.8279496247894174, 1.8066164028378473, 1.6679801463781971, 1.6581850636175481, 1.5150627255664306, 1.4464014246975838]"
n8_block1_d2_stack_nonlinear_T128_s9401101,8,block,block,1,2,stack_nonlinear,128,9401101,160,16,2560,1,2,640,0,0,0,0,0,0,"[0.0, 0.0, 0.0, 0.0, 0.0, 0.0, 0.0, 0.0]"
n8_block1_d2_stack_nonlinear_T128_s9401101,8,block,block,1,2,stack_nonlinear,128,9401101,160,16,2560,2,1,640,640,640,640,8,8,8,"[1.614814045590325, 1.2911378080244567, 0.9005742235707703, 0.8209874969914723, 0.6128949685356996, 0.5070860890670967, 0.231626731715671, 0.10730395980714745]"
n8_block1_d2_stack_nonlinear_T128_s9401101,8,block,block,1,2,stack_nonlinear,128,9401101,160,16,2560,2,2,640,80,80,80,8,8,8,"[1.8527613456516132, 1.7193559021121374, 1.6196638157391532, 1.614110002988071, 1.569559565065811, 1.42465288832585, 1.3621284648664733, 1.3110237401483433]"
n8_block1_d2_stack_nonlinear_T128_s9401102,8,block,block,1,2,stack_nonlinear,128,9401102,160,16,2560,1,1,640,80,80,80,8,8,8,"[1.8963237012322705, 1.7230023756471908, 1.6843418961692724, 1.6633628428780545, 1.552534439738933, 1.5506697495203734, 1.422198065509981, 1.2862326929787267]"
n8_block1_d2_stack_nonlinear_T128_s9401102,8,block,block,1,2,stack_nonlinear,128,9401102,160,16,2560,1,2,640,0,0,0,0,0,0,"[0.0, 0.0, 0.0, 0.0, 0.0, 0.0, 0.0, 0.0]"
n8_block1_d2_stack_nonlinear_T128_s9401102,8,block,block,1,2,stack_nonlinear,128,9401102,160,16,2560,2,1,640,640,640,640,8,8,8,"[2.1399655854113404, 1.4865961893213462, 1.1506893045115392, 0.8797155600956795, 0.43693864479628663, 0.40223539855104223, 0.12348273247108572, 0.027221791327121228]"
n8_block1_d2_stack_nonlinear_T128_s9401102,8,block,block,1,2,stack_nonlinear,128,9401102,160,16,2560,2,2,640,80,80,80,8,8,8,"[1.9500940794296424, 1.9424127162075844, 1.8884137204897733, 1.8102175541560859, 1.5197094710008048, 1.489412350966709, 1.4435712746463707, 1.307146047035551]"
n8_block1_d2_stack_nonlinear_T128_s9401103,8,block,block,1,2,stack_nonlinear,128,9401103,160,16,2560,1,1,640,80,80,80,8,8,8,"[1.9880402977824627, 1.7290395030466257, 1.675428867220932, 1.6754271324292895, 1.5166803185106783, 1.4147175067353706, 1.401469983167505, 1.3844758012600542]"
n8_block1_d2_stack_nonlinear_T128_s9401103,8,block,block,1,2,stack_nonlinear,128,9401103,160,16,2560,1,2,640,0,0,0,0,0,0,"[0.0, 0.0, 0.0, 0.0, 0.0, 0.0, 0.0, 0.0]"
n8_block1_d2_stack_nonlinear_T128_s9401103,8,block,block,1,2,stack_nonlinear,128,9401103,160,16,2560,2,1,640,640,640,640,8,8,8,"[1.8475481297477583, 1.54938161552996, 1.2436911382742613, 1.0169471482649217, 0.6751514708875608, 0.575923783912216, 0.47528187131661576, 0.11387878184417806]"
n8_block1_d2_stack_nonlinear_T128_s9401103,8,block,block,1,2,stack_nonlinear,128,9401103,160,16,2560,2,2,640,80,80,80,8,8,8,"[1.8271186228552605, 1.801687606781605, 1.7975132159607778, 1.7162929787693146, 1.5860608058271861, 1.504975526027278, 1.4571565594097626, 1.3759924029846817]"
n8_block1_d2_stack_nonlinear_T128_s9401104,8,block,block,1,2,stack_nonlinear,128,9401104,160,16,2560,1,1,640,80,80,80,8,8,8,"[1.8665319734702497, 1.8134273336692104, 1.7155513640095295, 1.6491376228558026, 1.5987759584045849, 1.556374974963333, 1.3946703428683844, 1.3398716893704035]"
n8_block1_d2_stack_nonlinear_T128_s9401104,8,block,block,1,2,stack_nonlinear,128,9401104,160,16,2560,1,2,640,0,0,0,0,0,0,"[0.0, 0.0, 0.0, 0.0, 0.0, 0.0, 0.0, 0.0]"
n8_block1_d2_stack_nonlinear_T128_s9401104,8,block,block,1,2,stack_nonlinear,128,9401104,160,16,2560,2,1,640,640,640,640,8,8,8,"[1.7124866764156779, 1.4833945308866736, 1.258716217802093, 0.9276021331770795, 0.6568042303689577, 0.41515402531318935, 0.36440491603275443, 0.1055860324103871]"
n8_block1_d2_stack_nonlinear_T128_s9401104,8,block,block,1,2,stack_nonlinear,128,9401104,160,16,2560,2,2,640,80,80,80,8,8,8,"[1.8392897272045106, 1.7106134727103808, 1.5068922770560411, 1.4979617560479301, 1.4438558472510739, 1.404123889641483, 1.3274914777036295, 1.2840878978413948]"
n8_block1_d3_stack_nonlinear_T32_s9401100,8,block,block,1,3,stack_nonlinear,32,9401100,240,24,5760,1,1,640,80,80,80,8,8,8,"[2.032845483131627, 1.932472059429127, 1.9284406243292325, 1.7795406914161163, 1.71443053520092, 1.5520847823571466, 1.4479662974083884, 1.4196571997989857]"
n8_block1_d3_stack_nonlinear_T32_s9401100,8,block,block,1,3,stack_nonlinear,32,9401100,240,24,5760,1,2,640,0,0,0,0,0,0,"[0.0, 0.0, 0.0, 0.0, 0.0, 0.0, 0.0, 0.0]"
n8_block1_d3_stack_nonlinear_T32_s9401100,8,block,block,1,3,stack_nonlinear,32,9401100,240,24,5760,1,3,640,0,0,0,0,0,0,"[0.0, 0.0, 0.0, 0.0, 0.0, 0.0, 0.0, 0.0]"
n8_block1_d3_stack_nonlinear_T32_s9401100,8,block,block,1,3,stack_nonlinear,32,9401100,240,24,5760,2,1,640,640,640,640,8,8,8,"[1.952125327588154, 1.678482320186988, 1.210328911804438, 1.0960578191265145, 0.7317257456269078, 0.5521898597603129, 0.3476961841247771, 0.10718232855265838]"
n8_block1_d3_stack_nonlinear_T32_s9401100,8,block,block,1,3,stack_nonlinear,32,9401100,240,24,5760,2,2,640,80,80,80,8,8,8,"[1.9465110434385862, 1.8473441810298104, 1.6102151172755788, 1.5896663076795163, 1.588052456540179, 1.5356956223932672, 1.5231128566420409, 1.4773424478189272]"
n8_block1_d3_stack_nonlinear_T32_s9401100,8,block,block,1,3,stack_nonlinear,32,9401100,240,24,5760,2,3,640,0,0,0,0,0,0,"[0.0, 0.0, 0.0, 0.0, 0.0, 0.0, 0.0, 0.0]"
n8_block1_d3_stack_nonlinear_T32_s9401100,8,block,block,1,3,stack_nonlinear,32,9401100,240,24,5760,3,1,640,640,640,640,8,8,8,"[1.2361354063340395, 1.0491979222876653, 0.6447121992251449, 0.39661984446702025, 0.33801908335999503, 0.24599096828669714, 0.11756505618205768, 0.01252327199895321]"
n8_block1_d3_stack_nonlinear_T32_s9401100,8,block,block,1,3,stack_nonlinear,32,9401100,240,24,5760,3,2,640,640,640,640,8,8,8,"[1.6549496111756685, 1.5063751287932008, 1.2762437764108938, 0.9458669319180063, 0.6300728411895801, 0.507022679507613, 0.3454481403511607, 0.009369763395254796]"
n8_block1_d3_stack_nonlinear_T32_s9401100,8,block,block,1,3,stack_nonlinear,32,9401100,240,24,5760,3,3,640,80,80,80,8,8,8,"[1.7940759687470105, 1.6713054262098008, 1.670940158700667, 1.6638473735694512, 1.510124428556598, 1.5001789141718267, 1.3548046048822553, 1.3365879867810375]"
n8_block1_d3_stack_nonlinear_T32_s9401101,8,block,block,1,3,stack_nonlinear,32,9401101,240,24,5760,1,1,640,80,80,80,8,8,8,"[1.9993259742055933, 1.863742802862236, 1.856031467332489, 1.8271327765146814, 1.6677503480659626, 1.6643714909129097, 1.499804006171867, 1.4491066924798126]"
n8_block1_d3_stack_nonlinear_T32_s9401101,8,block,block,1,3,stack_nonlinear,32,9401101,240,24,5760,1,2,640,0,0,0,0,0,0,"[0.0, 0.0, 0.0, 0.0, 0.0, 0.0, 0.0, 0.0]"
n8_block1_d3_stack_nonlinear_T32_s9401101,8,block,block,1,3,stack_nonlinear,32,9401101,240,24,5760,1,3,640,0,0,0,0,0,0,"[0.0, 0.0, 0.0, 0.0, 0.0, 0.0, 0.0, 0.0]"
n8_block1_d3_stack_nonlinear_T32_s9401101,8,block,block,1,3,stack_nonlinear,32,9401101,240,24,5760,2,1,640,640,640,640,8,8,8,"[1.609683717348032, 1.2993224429567127, 0.8959384647428006, 0.8115442682396283, 0.6194354857191999, 0.5121196542356085, 0.23238352113890814, 0.107156369302337]"
n8_block1_d3_stack_nonlinear_T32_s9401101,8,block,block,1,3,stack_nonlinear,32,9401101,240,24,5760,2,2,640,80,80,80,8,8,8,"[1.8694258564774113, 1.7527714837043038, 1.667285840294631, 1.6507944530696956, 1.6093235759174658, 1.4711586743122829, 1.40304396535016, 1.349826671601867]"
n8_block1_d3_stack_nonlinear_T32_s9401101,8,block,block,1,3,stack_nonlinear,32,9401101,240,24,5760,2,3,640,0,0,0,0,0,0,"[0.0, 0.0, 0.0, 0.0, 0.0, 0.0, 0.0, 0.0]"
n8_block1_d3_stack_nonlinear_T32_s9401101,8,block,block,1,3,stack_nonlinear,32,9401101,240,24,5760,3,1,640,640,640,640,8,8,8,"[0.9823347694448282, 0.9052236757917703, 0.6116211831205691, 0.35176998995840214, 0.259770409916302, 0.11043686179993184, 0.0732748166503587, 0.008718983927663413]"
n8_block1_d3_stack_nonlinear_T32_s9401101,8,block,block,1,3,stack_nonlinear,32,9401101,240,24,5760,3,2,640,640,640,640,8,8,8,"[1.6882971477490807, 1.5085506256727337, 1.0543670546452724, 0.9693436157637949, 0.5618624923101228, 0.4521074036147011, 0.23353263564147064, 0.023560970126565203]"
n8_block1_d3_stack_nonlinear_T32_s9401101,8,block,block,1,3,stack_nonlinear,32,9401101,240,24,5760,3,3,640,80,80,80,8,8,8,"[1.907541003123597, 1.634569755150705, 1.6183239227037298, 1.6101971553522267, 1.6065370430156443, 1.6011226784843113, 1.4166600318983797, 1.3506487944187893]"
n8_block1_d3_stack_nonlinear_T32_s9401102,8,block,block,1,3,stack_nonlinear,32,9401102,240,24,5760,1,1,640,80,80,80,8,8,8,"[1.8981474965982832, 1.715352374919094, 1.688771480878576, 1.6637688223344345, 1.58436401865512, 1.581197404261198, 1.4385068193161805, 1.3350885173593279]"
n8_block1_d3_stack_nonlinear_T32_s9401102,8,block,block,1,3,stack_nonlinear,32,9401102,240,24,5760,1,2,640,0,0,0,0,0,0,"[0.0, 0.0, 0.0, 0.0, 0.0, 0.0, 0.0, 0.0]"
n8_block1_d3_stack_nonlinear_T32_s9401102,8,block,block,1,3,stack_nonlinear,32,9401102,240,24,5760,1,3,640,0,0,0,0,0,0,"[0.0, 0.0, 0.0, 0.0, 0.0, 0.0, 0.0, 0.0]"
n8_block1_d3_stack_nonlinear_T32_s9401102,8,block,block,1,3,stack_nonlinear,32,9401102,240,24,5760,2,1,640,640,640,640,8,8,8,"[2.146684696536604, 1.4754467630110417, 1.1443280662813093, 0.8839815597354361, 0.4376201101313336, 0.4002260440437005, 0.12610181233081486, 0.04155846445935964]"
n8_block1_d3_stack_nonlinear_T32_s9401102,8,block,block,1,3,stack_nonlinear,32,9401102,240,24,5760,2,2,640,80,80,80,8,8,8,"[1.9384927677767805, 1.9232255210129618, 1.881298444548333, 1.809936000150121, 1.520479618202044, 1.4984608490592244, 1.4529732015646055, 1.314202012490367]"
n8_block1_d3_stack_nonlinear_T32_s9401102,8,block,block,1,3,stack_nonlinear,32,9401102,240,24,5760,2,3,640,0,0,0,0,0,0,"[0.0, 0.0, 0.0, 0.0, 0.0, 0.0, 0.0, 0.0]"
n8_block1_d3_stack_nonlinear_T32_s9401102,8,block,block,1,3,stack_nonlinear,32,9401102,240,24,5760,3,1,640,640,640,640,8,8,8,"[1.3899780521238412, 0.996682862565612, 0.6172133991876648, 0.38292442792445786, 0.2919513485045457, 0.13471135186010946, 0.08335493766263263, 0.008803245802338041]"
n8_block1_d3_stack_nonlinear_T32_s9401102,8,block,block,1,3,stack_nonlinear,32,9401102,240,24,5760,3,2,640,640,640,640,8,8,8,"[1.8957845137041756, 1.7093169611389918, 1.454645392997282, 1.246816762580412, 0.8472821747177681, 0.7650903344868263, 0.45380394337629537, 0.0935122513315437]"
n8_block1_d3_stack_nonlinear_T32_s9401102,8,block,block,1,3,stack_nonlinear,32,9401102,240,24,5760,3,3,640,80,80,80,8,8,8,"[1.8969082147339065, 1.8143519194554656, 1.7991084764958307, 1.7488916031191035, 1.7193375291387545, 1.6169178546866319, 1.5665138715448386, 1.3171654332171046]"
n8_block1_d3_stack_nonlinear_T32_s9401103,8,block,block,1,3,stack_nonlinear,32,9401103,240,24,5760,1,1,640,80,80,80,8,8,8,"[1.9657772651508876, 1.661772537223797, 1.626543557476154, 1.6212206187405387, 1.4542003129886132, 1.3656242732901138, 1.3533762974197414, 1.3154747863632035]"
n8_block1_d3_stack_nonlinear_T32_s9401103,8,block,block,1,3,stack_nonlinear,32,9401103,240,24,5760,1,2,640,0,0,0,0,0,0,"[0.0, 0.0, 0.0, 0.0, 0.0, 0.0, 0.0, 0.0]"
n8_block1_d3_stack_nonlinear_T32_s9401103,8,block,block,1,3,stack_nonlinear,32,9401103,240,24,5760,1,3,640,0,0,0,0,0,0,"[0.0, 0.0, 0.0, 0.0, 0.0, 0.0, 0.0, 0.0]"
n8_block1_d3_stack_nonlinear_T32_s9401103,8,block,block,1,3,stack_nonlinear,32,9401103,240,24,5760,2,1,640,640,640,640,8,8,8,"[1.8058426094538964, 1.5281549690425915, 1.2350645008549637, 1.007368854873358, 0.6681976866610534, 0.5711315338379257, 0.46926935932197394, 0.11100553689112454]"
n8_block1_d3_stack_nonlinear_T32_s9401103,8,block,block,1,3,stack_nonlinear,32,9401103,240,24,5760,2,2,640,80,80,80,8,8,8,"[1.8305317086568895, 1.7920804228804366, 1.7814966662517833, 1.719489578282824, 1.5790765166264562, 1.489110417349773, 1.4420331708710132, 1.361931160035225]"
n8_block1_d3_stack_nonlinear_T32_s9401103,8,block,block,1,3,stack_nonlinear,32,9401103,240,24,5760,2,3,640,0,0,0,0,0,0,"[0.0, 0.0, 0.0, 0.0, 0.0, 0.0, 0.0, 0.0]"
n8_block1_d3_stack_nonlinear_T32_s9401103,8,block,block,1,3,stack_nonlinear,32,9401103,240,24,5760,3,1,640,640,640,640,8,8,8,"[1.2938423348329937, 0.9777771147822503, 0.5671179341403835, 0.3168336062746963, 0.22069025973204187, 0.1705576632583872, 0.07435160815935798, 0.01825482265088073]"
n8_block1_d3_stack_nonlinear_T32_s9401103,8,block,block,1,3,stack_nonlinear,32,9401103,240,24,5760,3,2,640,640,640,640,8,8,8,"[1.838904587878379, 1.2613218704529008, 1.043296497372699, 0.8401278017249262, 0.6229876646205177, 0.3571002942077641, 0.2915146368624636, 0.04570121850754646]"
n8_block1_d3_stack_nonlinear_T32_s9401103,8,block,block,1,3,stack_nonlinear,32,9401103,240,24,5760,3,3,640,80,80,80,8,8,8,"[1.9300812047023215, 1.5776453423863592, 1.5287727181598598, 1.3591421257079628, 1.3415091185336248, 1.3380065291608438, 1.3362820697343625, 1.2870844202033138]"
n8_block1_d3_stack_nonlinear_T32_s9401104,8,block,block,1,3,stack_nonlinear,32,9401104,240,24,5760,1,1,640,80,80,80,8,8,8,"[1.8510479953984753, 1.7898332764073717, 1.6835712030656627, 1.6358716299691334, 1.5806256291833327, 1.5315148515580832, 1.387948046987014, 1.3269080095772467]"
n8_block1_d3_stack_nonlinear_T32_s9401104,8,block,block,1,3,stack_nonlinear,32,9401104,240,24,5760,1,2,640,0,0,0,0,0,0,"[0.0, 0.0, 0.0, 0.0, 0.0, 0.0, 0.0, 0.0]"
n8_block1_d3_stack_nonlinear_T32_s9401104,8,block,block,1,3,stack_nonlinear,32,9401104,240,24,5760,1,3,640,0,0,0,0,0,0,"[0.0, 0.0, 0.0, 0.0, 0.0, 0.0, 0.0, 0.0]"
n8_block1_d3_stack_nonlinear_T32_s9401104,8,block,block,1,3,stack_nonlinear,32,9401104,240,24,5760,2,1,640,640,640,640,8,8,8,"[1.695043518277046, 1.4598507766819275, 1.2374532806584613, 0.9181756901543507, 0.6480096613313802, 0.4093232448197874, 0.35892441784912077, 0.10283641952527084]"
n8_block1_d3_stack_nonlinear_T32_s9401104,8,block,block,1,3,stack_nonlinear,32,9401104,240,24,5760,2,2,640,80,80,80,8,8,8,"[1.8386953299455537, 1.706129476395368, 1.509276427070942, 1.499834599066587, 1.4473406416978656, 1.4081676867104256, 1.33237057183894, 1.2885425055249256]"
n8_block1_d3_stack_nonlinear_T32_s9401104,8,block,block,1,3,stack_nonlinear,32,9401104,240,24,5760,2,3,640,0,0,0,0,0,0,"[0.0, 0.0, 0.0, 0.0, 0.0, 0.0, 0.0, 0.0]"
n8_block1_d3_stack_nonlinear_T32_s9401104,8,block,block,1,3,stack_nonlinear,32,9401104,240,24,5760,3,1,640,640,640,640,8,8,8,"[1.1886133106178876, 0.9769008917929997, 0.6254008258824204, 0.5265560009134127, 0.2750822290938359, 0.1453281739834351, 0.04949491122611832, 0.016471129197220616]"
n8_block1_d3_stack_nonlinear_T32_s9401104,8,block,block,1,3,stack_nonlinear,32,9401104,240,24,5760,3,2,640,640,640,640,8,8,8,"[1.8016744414887094, 1.5142256817632995, 1.0644899351918753, 0.8261965120317468, 0.6265613418584879, 0.44524455252109246, 0.20909454234291633, 0.08002449082571139]"
n8_block1_d3_stack_nonlinear_T32_s9401104,8,block,block,1,3,stack_nonlinear,32,9401104,240,24,5760,3,3,640,80,80,80,8,8,8,"[1.9310855121522763, 1.8067904170513276, 1.6393215356009274, 1.610353507398602, 1.5824898335019912, 1.5627723943402476, 1.4558310671622576, 1.317892382373362]"
n8_block1_d3_stack_nonlinear_T128_s9401100,8,block,block,1,3,stack_nonlinear,128,9401100,240,24,5760,1,1,640,80,80,80,8,8,8,"[2.0072202178809944, 1.9393392175718074, 1.917309718005681, 1.7248936001704684, 1.6574436300107327, 1.502311954616106, 1.4441066005788659, 1.417116020806636]"
n8_block1_d3_stack_nonlinear_T128_s9401100,8,block,block,1,3,stack_nonlinear,128,9401100,240,24,5760,1,2,640,0,0,0,0,0,0,"[0.0, 0.0, 0.0, 0.0, 0.0, 0.0, 0.0, 0.0]"
n8_block1_d3_stack_nonlinear_T128_s9401100,8,block,block,1,3,stack_nonlinear,128,9401100,240,24,5760,1,3,640,0,0,0,0,0,0,"[0.0, 0.0, 0.0, 0.0, 0.0, 0.0, 0.0, 0.0]"
n8_block1_d3_stack_nonlinear_T128_s9401100,8,block,block,1,3,stack_nonlinear,128,9401100,240,24,5760,2,1,640,640,640,640,8,8,8,"[1.9191300150661181, 1.6687442746393863, 1.1891179926948023, 1.067928226306616, 0.7056441345539609, 0.5441331600387932, 0.33988935205306275, 0.1049952424879822]"
n8_block1_d3_stack_nonlinear_T128_s9401100,8,block,block,1,3,stack_nonlinear,128,9401100,240,24,5760,2,2,640,80,80,80,8,8,8,"[1.9680722875740366, 1.8644190809694723, 1.6372673981351047, 1.6092898058566754, 1.56815412070704, 1.5618559441046203, 1.5341575771420142, 1.489985845060619]"
n8_block1_d3_stack_nonlinear_T128_s9401100,8,block,block,1,3,stack_nonlinear,128,9401100,240,24,5760,2,3,640,0,0,0,0,0,0,"[0.0, 0.0, 0.0, 0.0, 0.0, 0.0, 0.0, 0.0]"
n8_block1_d3_stack_nonlinear_T128_s9401100,8,block,block,1,3,stack_nonlinear,128,9401100,240,24,5760,3,1,640,640,640,640,8,8,8,"[1.2049988131251628, 1.044287541275084, 0.6335358483946146, 0.38881355917428606, 0.3311438170081279, 0.24199017500015604, 0.11485147518325461, 0.014112817051596227]"
n8_block1_d3_stack_nonlinear_T128_s9401100,8,block,block,1,3,stack_nonlinear,128,9401100,240,24,5760,3,2,640,640,640,640,8,8,8,"[1.6544217177977887, 1.5085356460625186, 1.2760222229919809, 0.9536816518600296, 0.6245375812621758, 0.5101877462070832, 0.3468594141086863, 0.01128380891441978]"
n8_block1_d3_stack_nonlinear_T128_s9401100,8,block,block,1,3,stack_nonlinear,128,9401100,240,24,5760,3,3,640,80,80,80,8,8,8,"[1.8073929583632304, 1.6981097722197478, 1.6819386939245637, 1.6788296392562814, 1.5270499854884612, 1.5189569205864049, 1.365408388316946, 1.3549244310567685]"
n8_block1_d3_stack_nonlinear_T128_s9401101,8,block,block,1,3,stack_nonlinear,128,9401101,240,24,5760,1,1,640,80,80,80,8,8,8,"[2.016007458829398, 1.8818406782865889, 1.8279496247894174, 1.8066164028378473, 1.6679801463781971, 1.6581850636175481, 1.5150627255664306, 1.4464014246975838]"
n8_block1_d3_stack_nonlinear_T128_s9401101,8,block,block,1,3,stack_nonlinear,128,9401101,240,24,5760,1,2,640,0,0,0,0,0,0,"[0.0, 0.0, 0.0, 0.0, 0.0, 0.0, 0.0, 0.0]"
n8_block1_d3_stack_nonlinear_T128_s9401101,8,block,block,1,3,stack_nonlinear,128,9401101,240,24,5760,1,3,640,0,0,0,0,0,0,"[0.0, 0.0, 0.0, 0.0, 0.0, 0.0, 0.0, 0.0]"
n8_block1_d3_stack_nonlinear_T128_s9401101,8,block,block,1,3,stack_nonlinear,128,9401101,240,24,5760,2,1,640,640,640,640,8,8,8,"[1.614814045590325, 1.2911378080244567, 0.9005742235707703, 0.8209874969914723, 0.6128949685356996, 0.5070860890670967, 0.231626731715671, 0.10730395980714745]"
n8_block1_d3_stack_nonlinear_T128_s9401101,8,block,block,1,3,stack_nonlinear,128,9401101,240,24,5760,2,2,640,80,80,80,8,8,8,"[1.8527613456516132, 1.7193559021121374, 1.6196638157391532, 1.614110002988071, 1.569559565065811, 1.42465288832585, 1.3621284648664733, 1.3110237401483433]"
n8_block1_d3_stack_nonlinear_T128_s9401101,8,block,block,1,3,stack_nonlinear,128,9401101,240,24,5760,2,3,640,0,0,0,0,0,0,"[0.0, 0.0, 0.0, 0.0, 0.0, 0.0, 0.0, 0.0]"
n8_block1_d3_stack_nonlinear_T128_s9401101,8,block,block,1,3,stack_nonlinear,128,9401101,240,24,5760,3,1,640,640,640,640,8,8,8,"[0.9748282788492698, 0.8901381874671338, 0.6169553573660498, 0.3534135092191593, 0.25776649158486853, 0.10971697290368153, 0.07383191443387437, 0.011465881899772924]"
n8_block1_d3_stack_nonlinear_T128_s9401101,8,block,block,1,3,stack_nonlinear,128,9401101,240,24,5760,3,2,640,640,640,640,8,8,8,"[1.6712817122322132, 1.4792922895668692, 1.0541634642171787, 0.9595928795131886, 0.5531351927656646, 0.4457280417531895, 0.2294461378772912, 0.024499101848017624]"
n8_block1_d3_stack_nonlinear_T128_s9401101,8,block,block,1,3,stack_nonlinear,128,9401101,240,24,5760,3,3,640,80,80,80,8,8,8,"[1.8793323873637628, 1.6250740688901504, 1.6073694229521096, 1.5998407429497503, 1.5969938949018025, 1.5950925895580224, 1.407323352554815, 1.3462340847765082]"
n8_block1_d3_stack_nonlinear_T128_s9401102,8,block,block,1,3,stack_nonlinear,128,9401102,240,24,5760,1,1,640,80,80,80,8,8,8,"[1.8963237012322705, 1.7230023756471908, 1.6843418961692724, 1.6633628428780545, 1.552534439738933, 1.5506697495203734, 1.422198065509981, 1.2862326929787267]"
n8_block1_d3_stack_nonlinear_T128_s9401102,8,block,block,1,3,stack_nonlinear,128,9401102,240,24,5760,1,2,640,0,0,0,0,0,0,"[0.0, 0.0, 0.0, 0.0, 0.0, 0.0, 0.0, 0.0]"
n8_block1_d3_stack_nonlinear_T128_s9401102,8,block,block,1,3,stack_nonlinear,128,9401102,240,24,5760,1,3,640,0,0,0,0,0,0,"[0.0, 0.0, 0.0, 0.0, 0.0, 0.0, 0.0, 0.0]"
n8_block1_d3_stack_nonlinear_T128_s9401102,8,block,block,1,3,stack_nonlinear,128,9401102,240,24,5760,2,1,640,640,640,640,8,8,8,"[2.1399655854113404, 1.4865961893213462, 1.1506893045115392, 0.8797155600956795, 0.43693864479628663, 0.40223539855104223, 0.12348273247108572, 0.027221791327121228]"
n8_block1_d3_stack_nonlinear_T128_s9401102,8,block,block,1,3,stack_nonlinear,128,9401102,240,24,5760,2,2,640,80,80,80,8,8,8,"[1.9500940794296424, 1.9424127162075844, 1.8884137204897733, 1.8102175541560859, 1.5197094710008048, 1.489412350966709, 1.4435712746463707, 1.307146047035551]"
n8_block1_d3_stack_nonlinear_T128_s9401102,8,block,block,1,3,stack_nonlinear,128,9401102,240,24,5760,2,3,640,0,0,0,0,0,0,"[0.0, 0.0, 0.0, 0.0, 0.0, 0.0, 0.0, 0.0]"
n8_block1_d3_stack_nonlinear_T128_s9401102,8,block,block,1,3,stack_nonlinear,128,9401102,240,24,5760,3,1,640,640,640,640,8,8,8,"[1.3917632423803656, 0.998280279679584, 0.6182109675983758, 0.3825970058320024, 0.29247297031178965, 0.13191238793166238, 0.08343409484757222, 0.007165083336872225]"
n8_block1_d3_stack_nonlinear_T128_s9401102,8,block,block,1,3,stack_nonlinear,128,9401102,240,24,5760,3,2,640,640,640,640,8,8,8,"[1.9038974186891071, 1.7129970729612538, 1.4604805817281947, 1.2597954868674104, 0.849633421603024, 0.7664053061450639, 0.4539710310799206, 0.09255011290798576]"
n8_block1_d3_stack_nonlinear_T128_s9401102,8,block,block,1,3,stack_nonlinear,128,9401102,240,24,5760,3,3,640,80,80,80,8,8,8,"[1.9013738956989883, 1.8137261813876258, 1.8022424012974543, 1.7416885460536289, 1.7194330269403546, 1.6118049336353109, 1.5770561553522746, 1.3154586273520885]"
n8_block1_d3_stack_nonlinear_T128_s9401103,8,block,block,1,3,stack_nonlinear,128,9401103,240,24,5760,1,1,640,80,80,80,8,8,8,"[1.9880402977824627, 1.7290395030466257, 1.675428867220932, 1.6754271324292895, 1.5166803185106783, 1.4147175067353706, 1.401469983167505, 1.3844758012600542]"
n8_block1_d3_stack_nonlinear_T128_s9401103,8,block,block,1,3,stack_nonlinear,128,9401103,240,24,5760,1,2,640,0,0,0,0,0,0,"[0.0, 0.0, 0.0, 0.0, 0.0, 0.0, 0.0, 0.0]"
n8_block1_d3_stack_nonlinear_T128_s9401103,8,block,block,1,3,stack_nonlinear,128,9401103,240,24,5760,1,3,640,0,0,0,0,0,0,"[0.0, 0.0, 0.0, 0.0, 0.0, 0.0, 0.0, 0.0]"
n8_block1_d3_stack_nonlinear_T128_s9401103,8,block,block,1,3,stack_nonlinear,128,9401103,240,24,5760,2,1,640,640,640,640,8,8,8,"[1.8475481297477583, 1.54938161552996, 1.2436911382742613, 1.0169471482649217, 0.6751514708875608, 0.575923783912216, 0.47528187131661576, 0.11387878184417806]"
n8_block1_d3_stack_nonlinear_T128_s9401103,8,block,block,1,3,stack_nonlinear,128,9401103,240,24,5760,2,2,640,80,80,80,8,8,8,"[1.8271186228552605, 1.801687606781605, 1.7975132159607778, 1.7162929787693146, 1.5860608058271861, 1.504975526027278, 1.4571565594097626, 1.3759924029846817]"
n8_block1_d3_stack_nonlinear_T128_s9401103,8,block,block,1,3,stack_nonlinear,128,9401103,240,24,5760,2,3,640,0,0,0,0,0,0,"[0.0, 0.0, 0.0, 0.0, 0.0, 0.0, 0.0, 0.0]"
n8_block1_d3_stack_nonlinear_T128_s9401103,8,block,block,1,3,stack_nonlinear,128,9401103,240,24,5760,3,1,640,640,640,640,8,8,8,"[1.293648521042181, 0.9816184504130105, 0.5729592750007636, 0.3208931817520548, 0.22170693418502777, 0.16993442151554822, 0.07535465372619708, 0.01999620595673951]"
n8_block1_d3_stack_nonlinear_T128_s9401103,8,block,block,1,3,stack_nonlinear,128,9401103,240,24,5760,3,2,640,640,640,640,8,8,8,"[1.8323391956017538, 1.2656938488261777, 1.038055571107778, 0.8422109265892397, 0.6208181928442588, 0.3576912985875203, 0.29099413823034775, 0.04594195834962951]"
n8_block1_d3_stack_nonlinear_T128_s9401103,8,block,block,1,3,stack_nonlinear,128,9401103,240,24,5760,3,3,640,80,80,80,8,8,8,"[1.9465924575447444, 1.5812055142119885, 1.5394154536786575, 1.3719111325914095, 1.3561862732735783, 1.3504778194170246, 1.3500173033684204, 1.299980274364391]"
n8_block1_d3_stack_nonlinear_T128_s9401104,8,block,block,1,3,stack_nonlinear,128,9401104,240,24,5760,1,1,640,80,80,80,8,8,8,"[1.8665319734702497, 1.8134273336692104, 1.7155513640095295, 1.6491376228558026, 1.5987759584045849, 1.556374974963333, 1.3946703428683844, 1.3398716893704035]"
n8_block1_d3_stack_nonlinear_T128_s9401104,8,block,block,1,3,stack_nonlinear,128,9401104,240,24,5760,1,2,640,0,0,0,0,0,0,"[0.0, 0.0, 0.0, 0.0, 0.0, 0.0, 0.0, 0.0]"
n8_block1_d3_stack_nonlinear_T128_s9401104,8,block,block,1,3,stack_nonlinear,128,9401104,240,24,5760,1,3,640,0,0,0,0,0,0,"[0.0, 0.0, 0.0, 0.0, 0.0, 0.0, 0.0, 0.0]"
n8_block1_d3_stack_nonlinear_T128_s9401104,8,block,block,1,3,stack_nonlinear,128,9401104,240,24,5760,2,1,640,640,640,640,8,8,8,"[1.7124866764156779, 1.4833945308866736, 1.258716217802093, 0.9276021331770795, 0.6568042303689577, 0.41515402531318935, 0.36440491603275443, 0.1055860324103871]"
n8_block1_d3_stack_nonlinear_T128_s9401104,8,block,block,1,3,stack_nonlinear,128,9401104,240,24,5760,2,2,640,80,80,80,8,8,8,"[1.8392897272045106, 1.7106134727103808, 1.5068922770560411, 1.4979617560479301, 1.4438558472510739, 1.404123889641483, 1.3274914777036295, 1.2840878978413948]"
n8_block1_d3_stack_nonlinear_T128_s9401104,8,block,block,1,3,stack_nonlinear,128,9401104,240,24,5760,2,3,640,0,0,0,0,0,0,"[0.0, 0.0, 0.0, 0.0, 0.0, 0.0, 0.0, 0.0]"
n8_block1_d3_stack_nonlinear_T128_s9401104,8,block,block,1,3,stack_nonlinear,128,9401104,240,24,5760,3,1,640,640,640,640,8,8,8,"[1.19122358031752, 0.9821486175745769, 0.6355423620765877, 0.537628142691508, 0.27768222518719154, 0.1457414302423205, 0.05035440277627775, 0.01823121170603589]"
n8_block1_d3_stack_nonlinear_T128_s9401104,8,block,block,1,3,stack_nonlinear,128,9401104,240,24,5760,3,2,640,640,640,640,8,8,8,"[1.8019281065475528, 1.5184017222953434, 1.066614021799525, 0.8264043581414111, 0.6310447156029235, 0.4448104478904012, 0.20947681950915198, 0.07963425649187252]"
n8_block1_d3_stack_nonlinear_T128_s9401104,8,block,block,1,3,stack_nonlinear,128,9401104,240,24,5760,3,3,640,80,80,80,8,8,8,"[1.9319897481368347, 1.8080528465076386, 1.6387967312718386, 1.6098111038630702, 1.5853199582834496, 1.563630404460109, 1.4562472994702935, 1.318014606045905]"
n8_block2_d1_stack_nonlinear_T32_s9401100,8,block,block,2,1,stack_nonlinear,32,9401100,88,8,704,1,1,704,176,176,176,8,8,8,"[1.7811163005111674, 1.7805584227306126, 1.7802081120680284, 1.7686260038510628, 0.9329299859747869, 0.932896842841929, 0.932709411941944, 0.9283104969438758]"
n8_block2_d1_stack_nonlinear_T32_s9401101,8,block,block,2,1,stack_nonlinear,32,9401101,88,8,704,1,1,704,176,176,176,8,8,8,"[1.7534305913867365, 1.744766912665632, 1.7446519285522102, 1.700054476378995, 0.8861144491894554, 0.8853372677780711, 0.8744283002130067, 0.8603017144302045]"
n8_block2_d1_stack_nonlinear_T32_s9401102,8,block,block,2,1,stack_nonlinear,32,9401102,88,8,704,1,1,704,176,176,176,8,8,8,"[1.7177783398340902, 1.7148611577582218, 1.7044443721479132, 1.6954883108250003, 0.953023074939006, 0.908984175251565, 0.9002865758788698, 0.8693807208512461]"
n8_block2_d1_stack_nonlinear_T32_s9401103,8,block,block,2,1,stack_nonlinear,32,9401103,88,8,704,1,1,704,176,176,176,8,8,8,"[1.725852198127699, 1.7229304480440772, 1.721711588002531, 1.7197367940789356, 0.8727819565489624, 0.8679561841078055, 0.8583340563005416, 0.8471916895152313]"
n8_block2_d1_stack_nonlinear_T32_s9401104,8,block,block,2,1,stack_nonlinear,32,9401104,88,8,704,1,1,704,176,176,176,8,8,8,"[1.7073334713238257, 1.6923689818687522, 1.6898727861685754, 1.6892099092136619, 0.9437836061026207, 0.9313270012508479, 0.9214625587409632, 0.9083375887155911]"
n8_block2_d1_stack_nonlinear_T128_s9401100,8,block,block,2,1,stack_nonlinear,128,9401100,88,8,704,1,1,704,176,176,176,8,8,8,"[1.7583365701055875, 1.7492405779661169, 1.741344381339307, 1.7269697445562464, 0.8982959238309207, 0.8979178897864896, 0.8928355466161758, 0.8874060390962352]"
n8_block2_d1_stack_nonlinear_T128_s9401101,8,block,block,2,1,stack_nonlinear,128,9401101,88,8,704,1,1,704,176,176,176,8,8,8,"[1.7298452152740267, 1.7140563865372094, 1.7086548565020472, 1.704676699324475, 0.9493279356379902, 0.9341850272194214, 0.933907635300543, 0.9166338927127928]"
n8_block2_d1_stack_nonlinear_T128_s9401102,8,block,block,2,1,stack_nonlinear,128,9401102,88,8,704,1,1,704,176,176,176,8,8,8,"[1.700844858666422, 1.6986388506402534, 1.696758413047693, 1.6964597043289578, 0.8138636000422029, 0.8077840399662309, 0.8063190212964964, 0.8009322629742484]"
n8_block2_d1_stack_nonlinear_T128_s9401103,8,block,block,2,1,stack_nonlinear,128,9401103,88,8,704,1,1,704,176,176,176,8,8,8,"[1.7888766308562067, 1.7801713541617326, 1.7790649420115974, 1.7667549666188547, 0.932718050018966, 0.9251876429933024, 0.9240489864233674, 0.919911440908943]"
n8_block2_d1_stack_nonlinear_T128_s9401104,8,block,block,2,1,stack_nonlinear,128,9401104,88,8,704,1,1,704,176,176,176,8,8,8,"[1.7276805159489956, 1.7262088623506453, 1.7217513673422993, 1.692339278795194, 0.9308838427084382, 0.9082700337955993, 0.8956661410853822, 0.8936141415611889]"
n8_block2_d2_stack_nonlinear_T32_s9401100,8,block,block,2,2,stack_nonlinear,32,9401100,176,16,2816,1,1,704,176,176,176,8,8,8,"[1.7811163005111674, 1.7805584227306126, 1.7802081120680284, 1.7686260038510628, 0.9329299859747869, 0.932896842841929, 0.932709411941944, 0.9283104969438758]"
n8_block2_d2_stack_nonlinear_T32_s9401100,8,block,block,2,2,stack_nonlinear,32,9401100,176,16,2816,1,2,704,0,0,0,0,0,0,"[0.0, 0.0, 0.0, 0.0, 0.0, 0.0, 0.0, 0.0]"
n8_block2_d2_stack_nonlinear_T32_s9401100,8,block,block,2,2,stack_nonlinear,32,9401100,176,16,2816,2,1,704,704,704,704,8,8,8,"[1.5877053259484033, 1.0298437668065723, 0.7037407973886091, 0.6536556363811324, 0.2846410138822302, 0.25971813502092295, 0.14279341133844697, 0.03283685651631665]"
n8_block2_d2_stack_nonlinear_T32_s9401100,8,block,block,2,2,stack_nonlinear,32,9401100,176,16,2816,2,2,704,176,176,176,8,8,8,"[1.678943437282429, 1.67838912500672, 1.6779104486447993, 1.6768865676304536, 0.7270906158901816, 0.72581004828587, 0.7251528515951384, 0.7241485403916511]"
n8_block2_d2_stack_nonlinear_T32_s9401101,8,block,block,2,2,stack_nonlinear,32,9401101,176,16,2816,1,1,704,176,176,176,8,8,8,"[1.753430591386736, 1.744766912665632, 1.7446519285522102, 1.700054476378995, 0.8861144491894554, 0.8853372677780711, 0.8744283002130067, 0.8603017144302045]"
n8_block2_d2_stack_nonlinear_T32_s9401101,8,block,block,2,2,stack_nonlinear,32,9401101,176,16,2816,1,2,704,0,0,0,0,0,0,"[0.0, 0.0, 0.0, 0.0, 0.0, 0.0, 0.0, 0.0]"
n8_block2_d2_stack_nonlinear_T32_s9401101,8,block,block,2,2,stack_nonlinear,32,9401101,176,16,2816,2,1,704,704,704,704,8,8,8,"[1.3958547450058851, 0.908263523998007, 0.5177287351096734, 0.34460269630348084, 0.22988318782881978, 0.17776815817728805, 0.13819963520076545, 0.09424685455164696]"
n8_block2_d2_stack_nonlinear_T32_s9401101,8,block,block,2,2,stack_nonlinear,32,9401101,176,16,2816,2,2,704,176,176,176,8,8,8,"[1.6927188527590062, 1.690703526019279, 1.6875303238414088, 1.6819759999418873, 0.775906218885886, 0.772412008065639, 0.7697820082493984, 0.769076780483176]"
n8_block2_d2_stack_nonlinear_T32_s9401102,8,block,block,2,2,stack_nonlinear,32,9401102,176,16,2816,1,1,704,176,176,176,8,8,8,"[1.7177783398340902, 1.7148611577582218, 1.7044443721479132, 1.6954883108250003, 0.953023074939006, 0.908984175251565, 0.9002865758788698, 0.8693807208512461]"
n8_block2_d2_stack_nonlinear_T32_s9401102,8,block,block,2,2,stack_nonlinear,32,9401102,176,16,2816,1,2,704,0,0,0,0,0,0,"[0.0, 0.0, 0.0, 0.0, 0.0, 0.0, 0.0, 0.0]"
n8_block2_d2_stack_nonlinear_T32_s9401102,8,block,block,2,2,stack_nonlinear,32,9401102,176,16,2816,2,1,704,704,704,704,8,8,8,"[1.2792448348545822, 1.012739792871775, 0.6856253022093795, 0.5167313656350527, 0.3518019531759466, 0.23177330271652494, 0.20436913250507627, 0.11273025051756749]"
n8_block2_d2_stack_nonlinear_T32_s9401102,8,block,block,2,2,stack_nonlinear,32,9401102,176,16,2816,2,2,704,176,176,176,8,8,8,"[1.6919200871678897, 1.690846808172027, 1.6873012393759774, 1.6764971787232124, 0.7998028338009577, 0.798209787419063, 0.7870287202148676, 0.782592379706369]"
n8_block2_d2_stack_nonlinear_T32_s9401103,8,block,block,2,2,stack_nonlinear,32,9401103,176,16,2816,1,1,704,176,176,176,8,8,8,"[1.725852198127699, 1.7229304480440772, 1.721711588002531, 1.7197367940789356, 0.8727819565489624, 0.8679561841078055, 0.8583340563005416, 0.8471916895152313]"
n8_block2_d2_stack_nonlinear_T32_s9401103,8,block,block,2,2,stack_nonlinear,32,9401103,176,16,2816,1,2,704,0,0,0,0,0,0,"[0.0, 0.0, 0.0, 0.0, 0.0, 0.0, 0.0, 0.0]"
n8_block2_d2_stack_nonlinear_T32_s9401103,8,block,block,2,2,stack_nonlinear,32,9401103,176,16,2816,2,1,704,704,704,704,8,8,8,"[1.287314440009565, 1.1942838881905276, 0.7951940207987694, 0.5162950735010338, 0.34405707808150066, 0.31436543761741864, 0.14096275325530733, 0.12199806305853679]"
n8_block2_d2_stack_nonlinear_T32_s9401103,8,block,block,2,2,stack_nonlinear,32,9401103,176,16,2816,2,2,704,176,176,176,8,8,8,"[1.6753075838965577, 1.6712703691928004, 1.6687629308199199, 1.6679754522451553, 0.7542393972752, 0.7409811772225777, 0.7390526012919356, 0.7383222926930645]"
n8_block2_d2_stack_nonlinear_T32_s9401104,8,block,block,2,2,stack_nonlinear,32,9401104,176,16,2816,1,1,704,176,176,176,8,8,8,"[1.7073334713238257, 1.6923689818687522, 1.6898727861685754, 1.6892099092136619, 0.9437836061026207, 0.9313270012508479, 0.9214625587409632, 0.9083375887155911]"
n8_block2_d2_stack_nonlinear_T32_s9401104,8,block,block,2,2,stack_nonlinear,32,9401104,176,16,2816,1,2,704,0,0,0,0,0,0,"[0.0, 0.0, 0.0, 0.0, 0.0, 0.0, 0.0, 0.0]"
n8_block2_d2_stack_nonlinear_T32_s9401104,8,block,block,2,2,stack_nonlinear,32,9401104,176,16,2816,2,1,704,704,704,704,8,8,8,"[1.634052082048238, 1.1028055479013015, 0.8184396083190084, 0.6227269589496334, 0.47856169705531515, 0.27575717979857045, 0.22900436896326357, 0.18848036322238618]"
n8_block2_d2_stack_nonlinear_T32_s9401104,8,block,block,2,2,stack_nonlinear,32,9401104,176,16,2816,2,2,704,176,176,176,8,8,8,"[1.6880970343142125, 1.6865539819171997, 1.6812186081065024, 1.6648689831084655, 0.7573193871307632, 0.7508119735456373, 0.7507638473430119, 0.7496347315160384]"
n8_block2_d2_stack_nonlinear_T128_s9401100,8,block,block,2,2,stack_nonlinear,128,9401100,176,16,2816,1,1,704,176,176,176,8,8,8,"[1.7583365701055875, 1.7492405779661169, 1.741344381339307, 1.7269697445562464, 0.8982959238309207, 0.8979178897864896, 0.8928355466161758, 0.8874060390962352]"
n8_block2_d2_stack_nonlinear_T128_s9401100,8,block,block,2,2,stack_nonlinear,128,9401100,176,16,2816,1,2,704,0,0,0,0,0,0,"[0.0, 0.0, 0.0, 0.0, 0.0, 0.0, 0.0, 0.0]"
n8_block2_d2_stack_nonlinear_T128_s9401100,8,block,block,2,2,stack_nonlinear,128,9401100,176,16,2816,2,1,704,704,704,704,8,8,8,"[1.523060206811469, 0.9948734711120533, 0.6831603270159337, 0.6155715249167394, 0.2528170585148028, 0.23968268265527043, 0.12474987265436867, 0.029387758310890015]"
n8_block2_d2_stack_nonlinear_T128_s9401100,8,block,block,2,2,stack_nonlinear,128,9401100,176,16,2816,2,2,704,176,176,176,8,8,8,"[1.702974708740361, 1.7008137023236518, 1.6744634377910572, 1.6589042281846913, 0.7676810697666909, 0.7636526210914343, 0.7623628612908445, 0.7614003082775248]"
n8_block2_d2_stack_nonlinear_T128_s9401101,8,block,block,2,2,stack_nonlinear,128,9401101,176,16,2816,1,1,704,176,176,176,8,8,8,"[1.7298452152740267, 1.7140563865372094, 1.7086548565020472, 1.704676699324475, 0.9493279356379902, 0.9341850272194214, 0.933907635300543, 0.9166338927127928]"
n8_block2_d2_stack_nonlinear_T128_s9401101,8,block,block,2,2,stack_nonlinear,128,9401101,176,16,2816,1,2,704,0,0,0,0,0,0,"[0.0, 0.0, 0.0, 0.0, 0.0, 0.0, 0.0, 0.0]"
n8_block2_d2_stack_nonlinear_T128_s9401101,8,block,block,2,2,stack_nonlinear,128,9401101,176,16,2816,2,1,704,704,704,704,8,8,8,"[1.364043844110136, 0.9046585854564748, 0.5009988726883, 0.35594188830543927, 0.255469452236764, 0.20051258815014675, 0.15487583495888632, 0.10069166510733651]"
n8_block2_d2_stack_nonlinear_T128_s9401101,8,block,block,2,2,stack_nonlinear,128,9401101,176,16,2816,2,2,704,176,176,176,8,8,8,"[1.6918493875667076, 1.6906850861490306, 1.6886742772652126, 1.6737278190634066, 0.8101187931088978, 0.8093871421970464, 0.8088354494583425, 0.8084842596620656]"
n8_block2_d2_stack_nonlinear_T128_s9401102,8,block,block,2,2,stack_nonlinear,128,9401102,176,16,2816,1,1,704,176,176,176,8,8,8,"[1.700844858666422, 1.6986388506402534, 1.696758413047693, 1.6964597043289578, 0.8138636000422029, 0.8077840399662309, 0.8063190212964961, 0.8009322629742484]"
n8_block2_d2_stack_nonlinear_T128_s9401102,8,block,block,2,2,stack_nonlinear,128,9401102,176,16,2816,1,2,704,0,0,0,0,0,0,"[0.0, 0.0, 0.0, 0.0, 0.0, 0.0, 0.0, 0.0]"
n8_block2_d2_stack_nonlinear_T128_s9401102,8,block,block,2,2,stack_nonlinear,128,9401102,176,16,2816,2,1,704,704,704,704,8,8,8,"[1.2630253178296715, 0.9902142947266731, 0.6868898095952707, 0.48925795352342394, 0.32040824254854283, 0.19823767876800596, 0.15719149491022433, 0.08584821465562743]"
n8_block2_d2_stack_nonlinear_T128_s9401102,8,block,block,2,2,stack_nonlinear,128,9401102,176,16,2816,2,2,704,176,176,176,8,8,8,"[1.6858018791795593, 1.6836120441011524, 1.6801086615405099, 1.6752970297114032, 0.7522614234757367, 0.7490378181992973, 0.7483733788908015, 0.7458702926117058]"
n8_block2_d2_stack_nonlinear_T128_s9401103,8,block,block,2,2,stack_nonlinear,128,9401103,176,16,2816,1,1,704,176,176,176,8,8,8,"[1.7888766308562067, 1.7801713541617326, 1.7790649420115974, 1.7667549666188547, 0.932718050018966, 0.9251876429933024, 0.9240489864233674, 0.919911440908943]"
n8_block2_d2_stack_nonlinear_T128_s9401103,8,block,block,2,2,stack_nonlinear,128,9401103,176,16,2816,1,2,704,0,0,0,0,0,0,"[0.0, 0.0, 0.0, 0.0, 0.0, 0.0, 0.0, 0.0]"
n8_block2_d2_stack_nonlinear_T128_s9401103,8,block,block,2,2,stack_nonlinear,128,9401103,176,16,2816,2,1,704,704,704,704,8,8,8,"[1.3164535326243005, 1.2261889531595025, 0.8227706313438394, 0.5322033401884604, 0.36644658638825606, 0.3100244313476083, 0.14884735700490098, 0.12592761105860129]"
n8_block2_d2_stack_nonlinear_T128_s9401103,8,block,block,2,2,stack_nonlinear,128,9401103,176,16,2816,2,2,704,176,176,176,8,8,8,"[1.676399747677422, 1.6756685229327395, 1.673582397281124, 1.6579768240675936, 0.7614796571541033, 0.7557379383083211, 0.7428185483711813, 0.7408562483505072]"
n8_block2_d2_stack_nonlinear_T128_s9401104,8,block,block,2,2,stack_nonlinear,128,9401104,176,16,2816,1,1,704,176,176,176,8,8,8,"[1.7276805159489956, 1.7262088623506453, 1.7217513673422993, 1.692339278795194, 0.9308838427084382, 0.9082700337955993, 0.8956661410853822, 0.8936141415611889]"
n8_block2_d2_stack_nonlinear_T128_s9401104,8,block,block,2,2,stack_nonlinear,128,9401104,176,16,2816,1,2,704,0,0,0,0,0,0,"[0.0, 0.0, 0.0, 0.0, 0.0, 0.0, 0.0, 0.0]"
n8_block2_d2_stack_nonlinear_T128_s9401104,8,block,block,2,2,stack_nonlinear,128,9401104,176,16,2816,2,1,704,704,704,704,8,8,8,"[1.6428337748759336, 1.1118815721785005, 0.8209989247185839, 0.6273480466425455, 0.48417879034537425, 0.27651455688093884, 0.2221770744669596, 0.1851859529483904]"
n8_block2_d2_stack_nonlinear_T128_s9401104,8,block,block,2,2,stack_nonlinear,128,9401104,176,16,2816,2,2,704,176,176,176,8,8,8,"[1.6932532913195415, 1.6930649039122556, 1.6904363746400874, 1.6750477381617015, 0.7661705444761121, 0.762513661028947, 0.760185304195664, 0.757352803897271]"
n8_block2_d3_stack_nonlinear_T32_s9401100,8,block,block,2,3,stack_nonlinear,32,9401100,264,24,6336,1,1,704,176,176,176,8,8,8,"[1.7811163005111674, 1.7805584227306126, 1.7802081120680284, 1.7686260038510628, 0.9329299859747869, 0.932896842841929, 0.932709411941944, 0.9283104969438758]"
n8_block2_d3_stack_nonlinear_T32_s9401100,8,block,block,2,3,stack_nonlinear,32,9401100,264,24,6336,1,2,704,0,0,0,0,0,0,"[0.0, 0.0, 0.0, 0.0, 0.0, 0.0, 0.0, 0.0]"
n8_block2_d3_stack_nonlinear_T32_s9401100,8,block,block,2,3,stack_nonlinear,32,9401100,264,24,6336,1,3,704,0,0,0,0,0,0,"[0.0, 0.0, 0.0, 0.0, 0.0, 0.0, 0.0, 0.0]"
n8_block2_d3_stack_nonlinear_T32_s9401100,8,block,block,2,3,stack_nonlinear,32,9401100,264,24,6336,2,1,704,704,704,704,8,8,8,"[1.5877053259484033, 1.0298437668065723, 0.7037407973886091, 0.6536556363811324, 0.2846410138822302, 0.25971813502092295, 0.14279341133844697, 0.03283685651631665]"
n8_block2_d3_stack_nonlinear_T32_s9401100,8,block,block,2,3,stack_nonlinear,32,9401100,264,24,6336,2,2,704,176,176,176,8,8,8,"[1.678943437282429, 1.67838912500672, 1.6779104486447993, 1.6768865676304536, 0.7270906158901816, 0.72581004828587, 0.7251528515951384, 0.7241485403916511]"
n8_block2_d3_stack_nonlinear_T32_s9401100,8,block,block,2,3,stack_nonlinear,32,9401100,264,24,6336,2,3,704,0,0,0,0,0,0,"[0.0, 0.0, 0.0, 0.0, 0.0, 0.0, 0.0, 0.0]"
n8_block2_d3_stack_nonlinear_T32_s9401100,8,block,block,2,3,stack_nonlinear,32,9401100,264,24,6336,3,1,704,704,704,704,8,8,8,"[0.8915060087642309, 0.4909076515608166, 0.4218076203187867, 0.27493620980975825, 0.1416565069418599, 0.09991457971544791, 0.07082737653177175, 0.0469455118485567]"
n8_block2_d3_stack_nonlinear_T32_s9401100,8,block,block,2,3,stack_nonlinear,32,9401100,264,24,6336,3,2,704,704,704,704,8,8,8,"[1.269804375821749, 0.9363236070396893, 0.7043114735382903, 0.6198507481531256, 0.3714090829839522, 0.22790255433910858, 0.1648015701249939, 0.037935789671164614]"
n8_block2_d3_stack_nonlinear_T32_s9401100,8,block,block,2,3,stack_nonlinear,32,9401100,264,24,6336,3,3,704,176,176,176,8,8,8,"[1.6710030941974343, 1.6694896922834235, 1.6659327736193745, 1.66438623018982, 0.7186284573533203, 0.7182632060224267, 0.7173372681826227, 0.7172433141949932]"
n8_block2_d3_stack_nonlinear_T32_s9401101,8,block,block,2,3,stack_nonlinear,32,9401101,264,24,6336,1,1,704,176,176,176,8,8,8,"[1.753430591386736, 1.744766912665632, 1.7446519285522102, 1.700054476378995, 0.8861144491894554, 0.8853372677780711, 0.8744283002130067, 0.8603017144302045]"
n8_block2_d3_stack_nonlinear_T32_s9401101,8,block,block,2,3,stack_nonlinear,32,9401101,264,24,6336,1,2,704,0,0,0,0,0,0,"[0.0, 0.0, 0.0, 0.0, 0.0, 0.0, 0.0, 0.0]"
n8_block2_d3_stack_nonlinear_T32_s9401101,8,block,block,2,3,stack_nonlinear,32,9401101,264,24,6336,1,3,704,0,0,0,0,0,0,"[0.0, 0.0, 0.0, 0.0, 0.0, 0.0, 0.0, 0.0]"
n8_block2_d3_stack_nonlinear_T32_s9401101,8,block,block,2,3,stack_nonlinear,32,9401101,264,24,6336,2,1,704,704,704,704,8,8,8,"[1.3958547450058851, 0.908263523998007, 0.5177287351096734, 0.34460269630348084, 0.22988318782881978, 0.17776815817728805, 0.13819963520076545, 0.09424685455164696]"
n8_block2_d3_stack_nonlinear_T32_s9401101,8,block,block,2,3,stack_nonlinear,32,9401101,264,24,6336,2,2,704,176,176,176,8,8,8,"[1.6927188527590062, 1.690703526019279, 1.6875303238414088, 1.6819759999418873, 0.775906218885886, 0.772412008065639, 0.7697820082493984, 0.769076780483176]"
n8_block2_d3_stack_nonlinear_T32_s9401101,8,block,block,2,3,stack_nonlinear,32,9401101,264,24,6336,2,3,704,0,0,0,0,0,0,"[0.0, 0.0, 0.0, 0.0, 0.0, 0.0, 0.0, 0.0]"
n8_block2_d3_stack_nonlinear_T32_s9401101,8,block,block,2,3,stack_nonlinear,32,9401101,264,24,6336,3,1,704,704,704,704,8,8,8,"[0.6661194608425726, 0.49423457134981513, 0.27272492620291133, 0.13078575453511865, 0.07232644514982238, 0.05105213258465366, 0.03777569047341692, 0.016186168778072774]"
n8_block2_d3_stack_nonlinear_T32_s9401101,8,block,block,2,3,stack_nonlinear,32,9401101,264,24,6336,3,2,704,704,704,704,8,8,8,"[1.289287124689574, 1.0574000892258286, 0.6086009940674978, 0.5809721210691086, 0.24651974877936414, 0.1925867575331772, 0.11182920501402989, 0.033886151139744455]"
n8_block2_d3_stack_nonlinear_T32_s9401101,8,block,block,2,3,stack_nonlinear,32,9401101,264,24,6336,3,3,704,176,176,176,8,8,8,"[1.6738425956220258, 1.6687380492838395, 1.6666387173037012, 1.6665857414267349, 0.7252495268374486, 0.7239127791723582, 0.7222655315500148, 0.722099576284783]"
n8_block2_d3_stack_nonlinear_T32_s9401102,8,block,block,2,3,stack_nonlinear,32,9401102,264,24,6336,1,1,704,176,176,176,8,8,8,"[1.7177783398340902, 1.7148611577582218, 1.7044443721479132, 1.6954883108250003, 0.953023074939006, 0.908984175251565, 0.9002865758788698, 0.8693807208512461]"
n8_block2_d3_stack_nonlinear_T32_s9401102,8,block,block,2,3,stack_nonlinear,32,9401102,264,24,6336,1,2,704,0,0,0,0,0,0,"[0.0, 0.0, 0.0, 0.0, 0.0, 0.0, 0.0, 0.0]"
n8_block2_d3_stack_nonlinear_T32_s9401102,8,block,block,2,3,stack_nonlinear,32,9401102,264,24,6336,1,3,704,0,0,0,0,0,0,"[0.0, 0.0, 0.0, 0.0, 0.0, 0.0, 0.0, 0.0]"
n8_block2_d3_stack_nonlinear_T32_s9401102,8,block,block,2,3,stack_nonlinear,32,9401102,264,24,6336,2,1,704,704,704,704,8,8,8,"[1.2792448348545822, 1.012739792871775, 0.6856253022093795, 0.5167313656350527, 0.3518019531759466, 0.23177330271652494, 0.20436913250507627, 0.11273025051756749]"
n8_block2_d3_stack_nonlinear_T32_s9401102,8,block,block,2,3,stack_nonlinear,32,9401102,264,24,6336,2,2,704,176,176,176,8,8,8,"[1.6919200871678897, 1.690846808172027, 1.6873012393759774, 1.6764971787232124, 0.7998028338009577, 0.798209787419063, 0.7870287202148676, 0.782592379706369]"
n8_block2_d3_stack_nonlinear_T32_s9401102,8,block,block,2,3,stack_nonlinear,32,9401102,264,24,6336,2,3,704,0,0,0,0,0,0,"[0.0, 0.0, 0.0, 0.0, 0.0, 0.0, 0.0, 0.0]"
n8_block2_d3_stack_nonlinear_T32_s9401102,8,block,block,2,3,stack_nonlinear,32,9401102,264,24,6336,3,1,704,704,704,704,8,8,8,"[0.7263761770219599, 0.6719001571882782, 0.2740426496971433, 0.18171421099520477, 0.10841724917973015, 0.0919919642104835, 0.046618604123092273, 0.04131575219899486]"
n8_block2_d3_stack_nonlinear_T32_s9401102,8,block,block,2,3,stack_nonlinear,32,9401102,264,24,6336,3,2,704,704,704,704,8,8,8,"[1.295074317103262, 1.0195926767379986, 0.5482742945352037, 0.4915741867090841, 0.32764115400492455, 0.21885129209606782, 0.14064754590182607, 0.08116939672590653]"
n8_block2_d3_stack_nonlinear_T32_s9401102,8,block,block,2,3,stack_nonlinear,32,9401102,264,24,6336,3,3,704,176,176,176,8,8,8,"[1.6769503639157914, 1.6763090035206805, 1.670454838355399, 1.667347095737057, 0.75043959785608, 0.7465101148310357, 0.7459272074798775, 0.7452788142931287]"
n8_block2_d3_stack_nonlinear_T32_s9401103,8,block,block,2,3,stack_nonlinear,32,9401103,264,24,6336,1,1,704,176,176,176,8,8,8,"[1.725852198127699, 1.7229304480440772, 1.721711588002531, 1.7197367940789356, 0.8727819565489624, 0.8679561841078055, 0.8583340563005416, 0.8471916895152313]"
n8_block2_d3_stack_nonlinear_T32_s9401103,8,block,block,2,3,stack_nonlinear,32,9401103,264,24,6336,1,2,704,0,0,0,0,0,0,"[0.0, 0.0, 0.0, 0.0, 0.0, 0.0, 0.0, 0.0]"
n8_block2_d3_stack_nonlinear_T32_s9401103,8,block,block,2,3,stack_nonlinear,32,9401103,264,24,6336,1,3,704,0,0,0,0,0,0,"[0.0, 0.0, 0.0, 0.0, 0.0, 0.0, 0.0, 0.0]"
n8_block2_d3_stack_nonlinear_T32_s9401103,8,block,block,2,3,stack_nonlinear,32,9401103,264,24,6336,2,1,704,704,704,704,8,8,8,"[1.287314440009565, 1.1942838881905276, 0.7951940207987694, 0.5162950735010338, 0.34405707808150066, 0.31436543761741864, 0.14096275325530733, 0.12199806305853679]"
n8_block2_d3_stack_nonlinear_T32_s9401103,8,block,block,2,3,stack_nonlinear,32,9401103,264,24,6336,2,2,704,176,176,176,8,8,8,"[1.6753075838965577, 1.6712703691928004, 1.6687629308199199, 1.6679754522451553, 0.7542393972752, 0.7409811772225777, 0.7390526012919356, 0.7383222926930645]"
n8_block2_d3_stack_nonlinear_T32_s9401103,8,block,block,2,3,stack_nonlinear,32,9401103,264,24,6336,2,3,704,0,0,0,0,0,0,"[0.0, 0.0, 0.0, 0.0, 0.0, 0.0, 0.0, 0.0]"
n8_block2_d3_stack_nonlinear_T32_s9401103,8,block,block,2,3,stack_nonlinear,32,9401103,264,24,6336,3,1,704,704,704,704,8,8,8,"[1.0310463759708568, 0.5142663508682623, 0.27140569190164926, 0.22918415734574327, 0.11354508465634695, 0.08447193480590529, 0.048112844453081, 0.01912333991394662]"
n8_block2_d3_stack_nonlinear_T32_s9401103,8,block,block,2,3,stack_nonlinear,32,9401103,264,24,6336,3,2,704,704,704,704,8,8,8,"[1.9498668773630907, 1.0675723930807228, 0.6944011934682299, 0.408762087388226, 0.35198952939019135, 0.15629767322696295, 0.10685790502545438, 0.032477958516165674]"
n8_block2_d3_stack_nonlinear_T32_s9401103,8,block,block,2,3,stack_nonlinear,32,9401103,264,24,6336,3,3,704,176,176,176,8,8,8,"[1.6857116408843689, 1.680865503903727, 1.6788043007066376, 1.6313486073329257, 0.7363539880311332, 0.7298937840966508, 0.7277705705599733, 0.7267103409102657]"
n8_block2_d3_stack_nonlinear_T32_s9401104,8,block,block,2,3,stack_nonlinear,32,9401104,264,24,6336,1,1,704,176,176,176,8,8,8,"[1.7073334713238257, 1.6923689818687522, 1.6898727861685754, 1.6892099092136619, 0.9437836061026207, 0.9313270012508479, 0.9214625587409632, 0.9083375887155911]"
n8_block2_d3_stack_nonlinear_T32_s9401104,8,block,block,2,3,stack_nonlinear,32,9401104,264,24,6336,1,2,704,0,0,0,0,0,0,"[0.0, 0.0, 0.0, 0.0, 0.0, 0.0, 0.0, 0.0]"
n8_block2_d3_stack_nonlinear_T32_s9401104,8,block,block,2,3,stack_nonlinear,32,9401104,264,24,6336,1,3,704,0,0,0,0,0,0,"[0.0, 0.0, 0.0, 0.0, 0.0, 0.0, 0.0, 0.0]"
n8_block2_d3_stack_nonlinear_T32_s9401104,8,block,block,2,3,stack_nonlinear,32,9401104,264,24,6336,2,1,704,704,704,704,8,8,8,"[1.634052082048238, 1.1028055479013015, 0.8184396083190084, 0.6227269589496334, 0.47856169705531515, 0.27575717979857045, 0.22900436896326357, 0.18848036322238618]"
n8_block2_d3_stack_nonlinear_T32_s9401104,8,block,block,2,3,stack_nonlinear,32,9401104,264,24,6336,2,2,704,176,176,176,8,8,8,"[1.6880970343142125, 1.6865539819171997, 1.6812186081065024, 1.6648689831084655, 0.7573193871307632, 0.7508119735456373, 0.7507638473430119, 0.7496347315160384]"
n8_block2_d3_stack_nonlinear_T32_s9401104,8,block,block,2,3,stack_nonlinear,32,9401104,264,24,6336,2,3,704,0,0,0,0,0,0,"[0.0, 0.0, 0.0, 0.0, 0.0, 0.0, 0.0, 0.0]"
n8_block2_d3_stack_nonlinear_T32_s9401104,8,block,block,2,3,stack_nonlinear,32,9401104,264,24,6336,3,1,704,704,704,704,8,8,8,"[0.9469681966569309, 0.5719823516479455, 0.32213463080518406, 0.2397925803327435, 0.1810296278507198, 0.11547299329213774, 0.0847167631600592, 0.04180897593226703]"
n8_block2_d3_stack_nonlinear_T32_s9401104,8,block,block,2,3,stack_nonlinear,32,9401104,264,24,6336,3,2,704,704,704,704,8,8,8,"[1.0818029867368801, 0.8973770683396396, 0.7897373979503968, 0.5035284206896589, 0.2904181267435112, 0.20679377665696103, 0.14114133649726734, 0.08949428062965294]"
n8_block2_d3_stack_nonlinear_T32_s9401104,8,block,block,2,3,stack_nonlinear,32,9401104,264,24,6336,3,3,704,176,176,176,8,8,8,"[1.682634892139112, 1.6824929466056489, 1.6820968270694803, 1.6555659269588119, 0.7402957923017096, 0.736195675441322, 0.7339607418256531, 0.7338112771356584]"
n8_block2_d3_stack_nonlinear_T128_s9401100,8,block,block,2,3,stack_nonlinear,128,9401100,264,24,6336,1,1,704,176,176,176,8,8,8,"[1.7583365701055875, 1.7492405779661169, 1.741344381339307, 1.7269697445562464, 0.8982959238309207, 0.8979178897864896, 0.8928355466161758, 0.8874060390962352]"
n8_block2_d3_stack_nonlinear_T128_s9401100,8,block,block,2,3,stack_nonlinear,128,9401100,264,24,6336,1,2,704,0,0,0,0,0,0,"[0.0, 0.0, 0.0, 0.0, 0.0, 0.0, 0.0, 0.0]"
n8_block2_d3_stack_nonlinear_T128_s9401100,8,block,block,2,3,stack_nonlinear,128,9401100,264,24,6336,1,3,704,0,0,0,0,0,0,"[0.0, 0.0, 0.0, 0.0, 0.0, 0.0, 0.0, 0.0]"
n8_block2_d3_stack_nonlinear_T128_s9401100,8,block,block,2,3,stack_nonlinear,128,9401100,264,24,6336,2,1,704,704,704,704,8,8,8,"[1.523060206811469, 0.9948734711120533, 0.6831603270159337, 0.6155715249167394, 0.2528170585148028, 0.23968268265527043, 0.12474987265436867, 0.029387758310890015]"
n8_block2_d3_stack_nonlinear_T128_s9401100,8,block,block,2,3,stack_nonlinear,128,9401100,264,24,6336,2,2,704,176,176,176,8,8,8,"[1.702974708740361, 1.7008137023236518, 1.6744634377910572, 1.6589042281846913, 0.7676810697666909, 0.7636526210914343, 0.7623628612908445, 0.7614003082775248]"
n8_block2_d3_stack_nonlinear_T128_s9401100,8,block,block,2,3,stack_nonlinear,128,9401100,264,24,6336,2,3,704,0,0,0,0,0,0,"[0.0, 0.0, 0.0, 0.0, 0.0, 0.0, 0.0, 0.0]"
n8_block2_d3_stack_nonlinear_T128_s9401100,8,block,block,2,3,stack_nonlinear,128,9401100,264,24,6336,3,1,704,704,704,704,8,8,8,"[0.8335569402576781, 0.480292873757641, 0.390506184625656, 0.25942929754637223, 0.1238649371349361, 0.07992256667258454, 0.0609216249388984, 0.03996569602465022]"
n8_block2_d3_stack_nonlinear_T128_s9401100,8,block,block,2,3,stack_nonlinear,128,9401100,264,24,6336,3,2,704,704,704,704,8,8,8,"[1.256301810979762, 0.9170816980523445, 0.700609943504648, 0.619389475274558, 0.38743673335511924, 0.23887744790351806, 0.17891956195941847, 0.046096080281889246]"
n8_block2_d3_stack_nonlinear_T128_s9401100,8,block,block,2,3,stack_nonlinear,128,9401100,264,24,6336,3,3,704,176,176,176,8,8,8,"[1.6960311297906823, 1.6959893256751495, 1.6893720098855072, 1.673016763220635, 0.7389466258524936, 0.7379703254561827, 0.7369769266326377, 0.7364485272371686]"
n8_block2_d3_stack_nonlinear_T128_s9401101,8,block,block,2,3,stack_nonlinear,128,9401101,264,24,6336,1,1,704,176,176,176,8,8,8,"[1.7298452152740267, 1.7140563865372094, 1.7086548565020472, 1.704676699324475, 0.9493279356379902, 0.9341850272194214, 0.933907635300543, 0.9166338927127928]"
n8_block2_d3_stack_nonlinear_T128_s9401101,8,block,block,2,3,stack_nonlinear,128,9401101,264,24,6336,1,2,704,0,0,0,0,0,0,"[0.0, 0.0, 0.0, 0.0, 0.0, 0.0, 0.0, 0.0]"
n8_block2_d3_stack_nonlinear_T128_s9401101,8,block,block,2,3,stack_nonlinear,128,9401101,264,24,6336,1,3,704,0,0,0,0,0,0,"[0.0, 0.0, 0.0, 0.0, 0.0, 0.0, 0.0, 0.0]"
n8_block2_d3_stack_nonlinear_T128_s9401101,8,block,block,2,3,stack_nonlinear,128,9401101,264,24,6336,2,1,704,704,704,704,8,8,8,"[1.364043844110136, 0.9046585854564748, 0.5009988726883, 0.35594188830543927, 0.255469452236764, 0.20051258815014675, 0.15487583495888632, 0.10069166510733651]"
n8_block2_d3_stack_nonlinear_T128_s9401101,8,block,block,2,3,stack_nonlinear,128,9401101,264,24,6336,2,2,704,176,176,176,8,8,8,"[1.6918493875667076, 1.6906850861490306, 1.6886742772652126, 1.6737278190634066, 0.8101187931088978, 0.8093871421970464, 0.8088354494583425, 0.8084842596620656]"
n8_block2_d3_stack_nonlinear_T128_s9401101,8,block,block,2,3,stack_nonlinear,128,9401101,264,24,6336,2,3,704,0,0,0,0,0,0,"[0.0, 0.0, 0.0, 0.0, 0.0, 0.0, 0.0, 0.0]"
n8_block2_d3_stack_nonlinear_T128_s9401101,8,block,block,2,3,stack_nonlinear,128,9401101,264,24,6336,3,1,704,704,704,704,8,8,8,"[0.6588215510700729, 0.4844552023188446, 0.26751483780386887, 0.13481787092269076, 0.07617223178361306, 0.05909404618512233, 0.043824690048426734, 0.017653838122033937]"
n8_block2_d3_stack_nonlinear_T128_s9401101,8,block,block,2,3,stack_nonlinear,128,9401101,264,24,6336,3,2,704,704,704,704,8,8,8,"[1.282163464807059, 1.0550404422635187, 0.6193470544232735, 0.5829668972909247, 0.258971171708617, 0.2050129612980536, 0.11686601377530877, 0.04701875516159833]"
n8_block2_d3_stack_nonlinear_T128_s9401101,8,block,block,2,3,stack_nonlinear,128,9401101,264,24,6336,3,3,704,176,176,176,8,8,8,"[1.67560617877051, 1.672509429578155, 1.6701050154819483, 1.6681520885268657, 0.7310770039487277, 0.7268198793206777, 0.7264860724302837, 0.7262359141672622]"
n8_block2_d3_stack_nonlinear_T128_s9401102,8,block,block,2,3,stack_nonlinear,128,9401102,264,24,6336,1,1,704,176,176,176,8,8,8,"[1.700844858666422, 1.6986388506402534, 1.696758413047693, 1.6964597043289578, 0.8138636000422029, 0.8077840399662309, 0.8063190212964961, 0.8009322629742484]"
n8_block2_d3_stack_nonlinear_T128_s9401102,8,block,block,2,3,stack_nonlinear,128,9401102,264,24,6336,1,2,704,0,0,0,0,0,0,"[0.0, 0.0, 0.0, 0.0, 0.0, 0.0, 0.0, 0.0]"
n8_block2_d3_stack_nonlinear_T128_s9401102,8,block,block,2,3,stack_nonlinear,128,9401102,264,24,6336,1,3,704,0,0,0,0,0,0,"[0.0, 0.0, 0.0, 0.0, 0.0, 0.0, 0.0, 0.0]"
n8_block2_d3_stack_nonlinear_T128_s9401102,8,block,block,2,3,stack_nonlinear,128,9401102,264,24,6336,2,1,704,704,704,704,8,8,8,"[1.2630253178296715, 0.9902142947266731, 0.6868898095952707, 0.48925795352342394, 0.32040824254854283, 0.19823767876800596, 0.15719149491022433, 0.08584821465562743]"
n8_block2_d3_stack_nonlinear_T128_s9401102,8,block,block,2,3,stack_nonlinear,128,9401102,264,24,6336,2,2,704,176,176,176,8,8,8,"[1.6858018791795593, 1.6836120441011524, 1.6801086615405099, 1.6752970297114032, 0.7522614234757367, 0.7490378181992973, 0.7483733788908015, 0.7458702926117058]"
n8_block2_d3_stack_nonlinear_T128_s9401102,8,block,block,2,3,stack_nonlinear,128,9401102,264,24,6336,2,3,704,0,0,0,0,0,0,"[0.0, 0.0, 0.0, 0.0, 0.0, 0.0, 0.0, 0.0]"
n8_block2_d3_stack_nonlinear_T128_s9401102,8,block,block,2,3,stack_nonlinear,128,9401102,264,24,6336,3,1,704,704,704,704,8,8,8,"[0.7209160641364192, 0.6706490904974381, 0.24479298277730702, 0.16663478281277871, 0.1015510797869393, 0.06640997632331823, 0.034345256925460164, 0.025986120289866455]"
n8_block2_d3_stack_nonlinear_T128_s9401102,8,block,block,2,3,stack_nonlinear,128,9401102,264,24,6336,3,2,704,704,704,704,8,8,8,"[1.2914695586637064, 1.0205527700499877, 0.5283979468036858, 0.48638560124783775, 0.3233695583364133, 0.18643773128217878, 0.11513164616558173, 0.05592059200728806]"
n8_block2_d3_stack_nonlinear_T128_s9401102,8,block,block,2,3,stack_nonlinear,128,9401102,264,24,6336,3,3,704,176,176,176,8,8,8,"[1.6848574085627102, 1.6839127311821909, 1.6764407494611961, 1.674626951490035, 0.7269476967969618, 0.7259063245256523, 0.7248642009050813, 0.7236728172764111]"
n8_block2_d3_stack_nonlinear_T128_s9401103,8,block,block,2,3,stack_nonlinear,128,9401103,264,24,6336,1,1,704,176,176,176,8,8,8,"[1.7888766308562067, 1.7801713541617326, 1.7790649420115974, 1.7667549666188547, 0.932718050018966, 0.9251876429933024, 0.9240489864233674, 0.919911440908943]"
n8_block2_d3_stack_nonlinear_T128_s9401103,8,block,block,2,3,stack_nonlinear,128,9401103,264,24,6336,1,2,704,0,0,0,0,0,0,"[0.0, 0.0, 0.0, 0.0, 0.0, 0.0, 0.0, 0.0]"
n8_block2_d3_stack_nonlinear_T128_s9401103,8,block,block,2,3,stack_nonlinear,128,9401103,264,24,6336,1,3,704,0,0,0,0,0,0,"[0.0, 0.0, 0.0, 0.0, 0.0, 0.0, 0.0, 0.0]"
n8_block2_d3_stack_nonlinear_T128_s9401103,8,block,block,2,3,stack_nonlinear,128,9401103,264,24,6336,2,1,704,704,704,704,8,8,8,"[1.3164535326243005, 1.2261889531595025, 0.8227706313438394, 0.5322033401884604, 0.36644658638825606, 0.3100244313476083, 0.14884735700490098, 0.12592761105860129]"
n8_block2_d3_stack_nonlinear_T128_s9401103,8,block,block,2,3,stack_nonlinear,128,9401103,264,24,6336,2,2,704,176,176,176,8,8,8,"[1.676399747677422, 1.6756685229327395, 1.673582397281124, 1.6579768240675936, 0.7614796571541033, 0.7557379383083211, 0.7428185483711813, 0.7408562483505072]"
n8_block2_d3_stack_nonlinear_T128_s9401103,8,block,block,2,3,stack_nonlinear,128,9401103,264,24,6336,2,3,704,0,0,0,0,0,0,"[0.0, 0.0, 0.0, 0.0, 0.0, 0.0, 0.0, 0.0]"
n8_block2_d3_stack_nonlinear_T128_s9401103,8,block,block,2,3,stack_nonlinear,128,9401103,264,24,6336,3,1,704,704,704,704,8,8,8,"[1.0436493042722972, 0.5227682193369881, 0.276412862230881, 0.22428268872892276, 0.11815098747482963, 0.0825524162014164, 0.04516705024610699, 0.020573886665180723]"
n8_block2_d3_stack_nonlinear_T128_s9401103,8,block,block,2,3,stack_nonlinear,128,9401103,264,24,6336,3,2,704,704,704,704,8,8,8,"[1.9488291011451149, 1.0683830749383907, 0.6904769845640623, 0.40681862929255586, 0.3504620035471103, 0.15381385755306795, 0.10345486735121233, 0.03409853436017181]"
n8_block2_d3_stack_nonlinear_T128_s9401103,8,block,block,2,3,stack_nonlinear,128,9401103,264,24,6336,3,3,704,176,176,176,8,8,8,"[1.6901086545331634, 1.6845709586544155, 1.679817232020238, 1.6297677795904435, 0.7406042780250978, 0.7316045604987675, 0.7312651384900338, 0.7301451263196957]"
n8_block2_d3_stack_nonlinear_T128_s9401104,8,block,block,2,3,stack_nonlinear,128,9401104,264,24,6336,1,1,704,176,176,176,8,8,8,"[1.7276805159489956, 1.7262088623506453, 1.7217513673422993, 1.692339278795194, 0.9308838427084382, 0.9082700337955993, 0.8956661410853822, 0.8936141415611889]"
n8_block2_d3_stack_nonlinear_T128_s9401104,8,block,block,2,3,stack_nonlinear,128,9401104,264,24,6336,1,2,704,0,0,0,0,0,0,"[0.0, 0.0, 0.0, 0.0, 0.0, 0.0, 0.0, 0.0]"
n8_block2_d3_stack_nonlinear_T128_s9401104,8,block,block,2,3,stack_nonlinear,128,9401104,264,24,6336,1,3,704,0,0,0,0,0,0,"[0.0, 0.0, 0.0, 0.0, 0.0, 0.0, 0.0, 0.0]"
n8_block2_d3_stack_nonlinear_T128_s9401104,8,block,block,2,3,stack_nonlinear,128,9401104,264,24,6336,2,1,704,704,704,704,8,8,8,"[1.6428337748759336, 1.1118815721785005, 0.8209989247185839, 0.6273480466425455, 0.48417879034537425, 0.27651455688093884, 0.2221770744669596, 0.1851859529483904]"
n8_block2_d3_stack_nonlinear_T128_s9401104,8,block,block,2,3,stack_nonlinear,128,9401104,264,24,6336,2,2,704,176,176,176,8,8,8,"[1.6932532913195415, 1.6930649039122556, 1.6904363746400874, 1.6750477381617015, 0.7661705444761121, 0.762513661028947, 0.760185304195664, 0.757352803897271]"
n8_block2_d3_stack_nonlinear_T128_s9401104,8,block,block,2,3,stack_nonlinear,128,9401104,264,24,6336,2,3,704,0,0,0,0,0,0,"[0.0, 0.0, 0.0, 0.0, 0.0, 0.0, 0.0, 0.0]"
n8_block2_d3_stack_nonlinear_T128_s9401104,8,block,block,2,3,stack_nonlinear,128,9401104,264,24,6336,3,1,704,704,704,704,8,8,8,"[0.926952960219493, 0.5734566162300548, 0.33217189519586876, 0.23790737168635417, 0.1857849974907804, 0.11575890460195232, 0.08653231113071068, 0.04105366958483689]"
n8_block2_d3_stack_nonlinear_T128_s9401104,8,block,block,2,3,stack_nonlinear,128,9401104,264,24,6336,3,2,704,704,704,704,8,8,8,"[1.0867226159146142, 0.9015026004545458, 0.7850953134923846, 0.5038304377673446, 0.3007001340171274, 0.21365512955188923, 0.14863221219585424, 0.0953237393026793]"
n8_block2_d3_stack_nonlinear_T128_s9401104,8,block,block,2,3,stack_nonlinear,128,9401104,264,24,6336,3,3,704,176,176,176,8,8,8,"[1.692109398477442, 1.6921033749846581, 1.6911213506776483, 1.6462649564273595, 0.7610944789514517, 0.7549086021337524, 0.7534347399413454, 0.7517995260157736]"
n8_block4_d1_stack_nonlinear_T32_s9401100,8,block,block,4,1,stack_nonlinear,32,9401100,104,8,832,1,1,832,416,416,416,8,8,8,"[1.7822295696923665, 1.7716112521526082, 0.9882926649984517, 0.9811772248487988, 0.95765554808815, 0.9491386097119121, 0.9479785374285237, 0.9310138302767248]"
n8_block4_d1_stack_nonlinear_T32_s9401101,8,block,block,4,1,stack_nonlinear,32,9401101,104,8,832,1,1,832,416,416,416,8,8,8,"[1.7475876586926848, 1.6914978633712798, 0.9764501561333879, 0.9723436805176557, 0.9703089577084142, 0.9686927999511148, 0.8829295715086527, 0.8622064035560058]"
n8_block4_d1_stack_nonlinear_T32_s9401102,8,block,block,4,1,stack_nonlinear,32,9401102,104,8,832,1,1,832,416,416,416,8,8,8,"[1.7400532570059761, 1.7107740327409617, 1.0626450763178945, 1.0591600447253011, 0.9949698017865602, 0.9865619084962753, 0.9398050517056687, 0.9171855154726365]"
n8_block4_d1_stack_nonlinear_T32_s9401103,8,block,block,4,1,stack_nonlinear,32,9401103,104,8,832,1,1,832,416,416,416,8,8,8,"[1.7199797025606427, 1.7186838898218786, 1.0064685673397886, 1.0042035853444398, 0.9188682875568691, 0.9131810916969243, 0.8805015245379233, 0.8756660516238404]"
n8_block4_d1_stack_nonlinear_T32_s9401104,8,block,block,4,1,stack_nonlinear,32,9401104,104,8,832,1,1,832,416,416,416,8,8,8,"[1.6937000326355236, 1.6884414164592718, 1.0145554239946966, 1.0041835114023294, 0.9487751870659082, 0.9309269129584653, 0.9302585101092795, 0.9133112489366272]"
n8_block4_d1_stack_nonlinear_T128_s9401100,8,block,block,4,1,stack_nonlinear,128,9401100,104,8,832,1,1,832,416,416,416,8,8,8,"[1.76745621721078, 1.7631682707678984, 0.956263083966305, 0.9549792730864676, 0.9255825401347216, 0.9229780329767485, 0.8992590086201492, 0.8953896987852766]"
n8_block4_d1_stack_nonlinear_T128_s9401101,8,block,block,4,1,stack_nonlinear,128,9401101,104,8,832,1,1,832,416,416,416,8,8,8,"[1.728893804116716, 1.7138583132409653, 1.0269284060976154, 1.0220288047336714, 1.014368010474397, 1.0079457394631384, 0.9310953910960909, 0.920724687389712]"
n8_block4_d1_stack_nonlinear_T128_s9401102,8,block,block,4,1,stack_nonlinear,128,9401102,104,8,832,1,1,832,416,416,416,8,8,8,"[1.7184595746039502, 1.71365820346113, 0.9850595935336025, 0.9787938177018813, 0.8935477389502385, 0.8918571410591715, 0.8411256970339399, 0.8045810267829292]"
n8_block4_d1_stack_nonlinear_T128_s9401103,8,block,block,4,1,stack_nonlinear,128,9401103,104,8,832,1,1,832,416,416,416,8,8,8,"[1.780243991943806, 1.770976796537013, 1.0632527953395876, 1.053282385812052, 0.959623669711527, 0.959196662945367, 0.9588006915818577, 0.9315485992345901]"
n8_block4_d1_stack_nonlinear_T128_s9401104,8,block,block,4,1,stack_nonlinear,128,9401104,104,8,832,1,1,832,416,416,416,8,8,8,"[1.726552687125155, 1.7015756643841828, 0.9605565335952297, 0.9516966847716811, 0.9427405023912883, 0.9382681988385497, 0.9274160641242548, 0.9163612813648759]"
n8_block4_d2_stack_nonlinear_T32_s9401100,8,block,block,4,2,stack_nonlinear,32,9401100,208,16,3328,1,1,832,416,416,416,8,8,8,"[1.7822295696923665, 1.7716112521526082, 0.9882926649984517, 0.9811772248487988, 0.95765554808815, 0.9491386097119121, 0.9479785374285237, 0.9310138302767248]"
n8_block4_d2_stack_nonlinear_T32_s9401100,8,block,block,4,2,stack_nonlinear,32,9401100,208,16,3328,1,2,832,0,0,0,0,0,0,"[0.0, 0.0, 0.0, 0.0, 0.0, 0.0, 0.0, 0.0]"
n8_block4_d2_stack_nonlinear_T32_s9401100,8,block,block,4,2,stack_nonlinear,32,9401100,208,16,3328,2,1,832,832,832,832,8,8,8,"[1.1400940732440534, 0.5700863590246958, 0.4727709832337036, 0.40774193419615795, 0.2460593521987436, 0.20109473976333314, 0.15600732728239747, 0.084732106901479]"
n8_block4_d2_stack_nonlinear_T32_s9401100,8,block,block,4,2,stack_nonlinear,32,9401100,208,16,3328,2,2,832,416,416,416,8,8,8,"[1.693931914470173, 1.6938387889428217, 0.8420151838661386, 0.8403927089810184, 0.7722461871759323, 0.7712948241302113, 0.7438468241587988, 0.7437072552691556]"
n8_block4_d2_stack_nonlinear_T32_s9401101,8,block,block,4,2,stack_nonlinear,32,9401101,208,16,3328,1,1,832,416,416,416,8,8,8,"[1.7475876586926848, 1.6914978633712798, 0.9764501561333879, 0.9723436805176557, 0.9703089577084142, 0.9686927999511148, 0.8829295715086527, 0.8622064035560058]"
n8_block4_d2_stack_nonlinear_T32_s9401101,8,block,block,4,2,stack_nonlinear,32,9401101,208,16,3328,1,2,832,0,0,0,0,0,0,"[0.0, 0.0, 0.0, 0.0, 0.0, 0.0, 0.0, 0.0]"
n8_block4_d2_stack_nonlinear_T32_s9401101,8,block,block,4,2,stack_nonlinear,32,9401101,208,16,3328,2,1,832,832,832,832,8,8,8,"[0.9376339530829367, 0.3805412408402263, 0.2518113786881832, 0.23263900273752178, 0.19060804056140984, 0.17730580384577005, 0.11167246431219749, 0.0965926861886909]"
n8_block4_d2_stack_nonlinear_T32_s9401101,8,block,block,4,2,stack_nonlinear,32,9401101,208,16,3328,2,2,832,416,416,416,8,8,8,"[1.7089713887097016, 1.7084448102553114, 1.0217883658751565, 1.0195030786101573, 0.9185949857816749, 0.9178375288078625, 0.7918822652268565, 0.7899110353927707]"
n8_block4_d2_stack_nonlinear_T32_s9401102,8,block,block,4,2,stack_nonlinear,32,9401102,208,16,3328,1,1,832,416,416,416,8,8,8,"[1.7400532570059761, 1.7107740327409617, 1.0626450763178945, 1.0591600447253011, 0.9949698017865602, 0.9865619084962753, 0.9398050517056687, 0.9171855154726365]"
n8_block4_d2_stack_nonlinear_T32_s9401102,8,block,block,4,2,stack_nonlinear,32,9401102,208,16,3328,1,2,832,0,0,0,0,0,0,"[0.0, 0.0, 0.0, 0.0, 0.0, 0.0, 0.0, 0.0]"
n8_block4_d2_stack_nonlinear_T32_s9401102,8,block,block,4,2,stack_nonlinear,32,9401102,208,16,3328,2,1,832,832,832,832,8,8,8,"[1.3468422277877734, 0.7200554696566867, 0.5051398811565778, 0.4359610049311751, 0.2980179156109672, 0.2465617939157306, 0.17458421163712234, 0.1152473634338548]"
n8_block4_d2_stack_nonlinear_T32_s9401102,8,block,block,4,2,stack_nonlinear,32,9401102,208,16,3328,2,2,832,416,416,416,8,8,8,"[1.6713597186371778, 1.6695653259649648, 0.989936723232397, 0.9861772261566275, 0.8875681471349363, 0.8846938696159748, 0.7608169022156778, 0.7539188798511892]"
n8_block4_d2_stack_nonlinear_T32_s9401103,8,block,block,4,2,stack_nonlinear,32,9401103,208,16,3328,1,1,832,416,416,416,8,8,8,"[1.7199797025606427, 1.7186838898218786, 1.0064685673397886, 1.0042035853444398, 0.9188682875568691, 0.9131810916969243, 0.8805015245379233, 0.8756660516238404]"
n8_block4_d2_stack_nonlinear_T32_s9401103,8,block,block,4,2,stack_nonlinear,32,9401103,208,16,3328,1,2,832,0,0,0,0,0,0,"[0.0, 0.0, 0.0, 0.0, 0.0, 0.0, 0.0, 0.0]"
n8_block4_d2_stack_nonlinear_T32_s9401103,8,block,block,4,2,stack_nonlinear,32,9401103,208,16,3328,2,1,832,832,832,832,8,8,8,"[0.89959192772665, 0.7484037153683315, 0.5074413103702863, 0.39769032152768635, 0.3149396511439881, 0.24403472706144994, 0.16436984837037877, 0.07701642311327576]"
n8_block4_d2_stack_nonlinear_T32_s9401103,8,block,block,4,2,stack_nonlinear,32,9401103,208,16,3328,2,2,832,416,416,416,8,8,8,"[1.679902533936543, 1.6796915890916935, 1.0274947551399416, 1.0246605107403428, 0.8991454487708227, 0.8978442137341401, 0.7687891719513615, 0.7643071357931062]"
n8_block4_d2_stack_nonlinear_T32_s9401104,8,block,block,4,2,stack_nonlinear,32,9401104,208,16,3328,1,1,832,416,416,416,8,8,8,"[1.6937000326355236, 1.6884414164592718, 1.0145554239946966, 1.0041835114023294, 0.9487751870659082, 0.9309269129584653, 0.9302585101092795, 0.9133112489366272]"
n8_block4_d2_stack_nonlinear_T32_s9401104,8,block,block,4,2,stack_nonlinear,32,9401104,208,16,3328,1,2,832,0,0,0,0,0,0,"[0.0, 0.0, 0.0, 0.0, 0.0, 0.0, 0.0, 0.0]"
n8_block4_d2_stack_nonlinear_T32_s9401104,8,block,block,4,2,stack_nonlinear,32,9401104,208,16,3328,2,1,832,832,832,832,8,8,8,"[1.0257732801723487, 0.7397611233463899, 0.6807793597146581, 0.4745107747235603, 0.42411355230715225, 0.30621607838506903, 0.20006383126683464, 0.13593628687376477]"
n8_block4_d2_stack_nonlinear_T32_s9401104,8,block,block,4,2,stack_nonlinear,32,9401104,208,16,3328,2,2,832,416,416,416,8,8,8,"[1.6915707810818945, 1.6893472208115934, 0.9698784764724293, 0.9639746820470655, 0.8815221344564128, 0.8743711633821835, 0.7855668660043105, 0.7837458719531566]"
n8_block4_d2_stack_nonlinear_T128_s9401100,8,block,block,4,2,stack_nonlinear,128,9401100,208,16,3328,1,1,832,416,416,416,8,8,8,"[1.76745621721078, 1.7631682707678984, 0.956263083966305, 0.9549792730864676, 0.9255825401347216, 0.9229780329767485, 0.8992590086201492, 0.8953896987852766]"
n8_block4_d2_stack_nonlinear_T128_s9401100,8,block,block,4,2,stack_nonlinear,128,9401100,208,16,3328,1,2,832,0,0,0,0,0,0,"[0.0, 0.0, 0.0, 0.0, 0.0, 0.0, 0.0, 0.0]"
n8_block4_d2_stack_nonlinear_T128_s9401100,8,block,block,4,2,stack_nonlinear,128,9401100,208,16,3328,2,1,832,832,832,832,8,8,8,"[1.138427817533532, 0.5444860448091141, 0.4577609801865954, 0.389819686255824, 0.22603544379215484, 0.18956715718110773, 0.15115228985049683, 0.0717482633746777]"
n8_block4_d2_stack_nonlinear_T128_s9401100,8,block,block,4,2,stack_nonlinear,128,9401100,208,16,3328,2,2,832,416,416,416,8,8,8,"[1.6755633791409337, 1.6754336114253476, 0.8321021669377902, 0.8316125112055044, 0.7603091566414264, 0.7600227224708529, 0.7343203888331984, 0.7334847959501934]"
n8_block4_d2_stack_nonlinear_T128_s9401101,8,block,block,4,2,stack_nonlinear,128,9401101,208,16,3328,1,1,832,416,416,416,8,8,8,"[1.728893804116716, 1.7138583132409653, 1.0269284060976154, 1.0220288047336714, 1.014368010474397, 1.0079457394631384, 0.9310953910960909, 0.920724687389712]"
n8_block4_d2_stack_nonlinear_T128_s9401101,8,block,block,4,2,stack_nonlinear,128,9401101,208,16,3328,1,2,832,0,0,0,0,0,0,"[0.0, 0.0, 0.0, 0.0, 0.0, 0.0, 0.0, 0.0]"
n8_block4_d2_stack_nonlinear_T128_s9401101,8,block,block,4,2,stack_nonlinear,128,9401101,208,16,3328,2,1,832,832,832,832,8,8,8,"[0.9570766672871052, 0.41078017096636327, 0.26932090816452225, 0.24179746125571056, 0.2143552558746267, 0.18429879051277767, 0.12233634257744225, 0.10838889669519426]"
n8_block4_d2_stack_nonlinear_T128_s9401101,8,block,block,4,2,stack_nonlinear,128,9401101,208,16,3328,2,2,832,416,416,416,8,8,8,"[1.6931094529908715, 1.6888959445513188, 1.046374368004433, 1.0446872384862733, 0.9486813829271561, 0.9482686886007172, 0.8289985677625195, 0.8288620970244873]"
n8_block4_d2_stack_nonlinear_T128_s9401102,8,block,block,4,2,stack_nonlinear,128,9401102,208,16,3328,1,1,832,416,416,416,8,8,8,"[1.7184595746039502, 1.71365820346113, 0.9850595935336025, 0.9787938177018813, 0.8935477389502385, 0.8918571410591715, 0.8411256970339399, 0.8045810267829292]"
n8_block4_d2_stack_nonlinear_T128_s9401102,8,block,block,4,2,stack_nonlinear,128,9401102,208,16,3328,1,2,832,0,0,0,0,0,0,"[0.0, 0.0, 0.0, 0.0, 0.0, 0.0, 0.0, 0.0]"
n8_block4_d2_stack_nonlinear_T128_s9401102,8,block,block,4,2,stack_nonlinear,128,9401102,208,16,3328,2,1,832,832,832,832,8,8,8,"[1.3393997532793585, 0.701679204449982, 0.45376247744740456, 0.39936257985084794, 0.2611168864493039, 0.21484751042872272, 0.14706168719260002, 0.1023265215842582]"
n8_block4_d2_stack_nonlinear_T128_s9401102,8,block,block,4,2,stack_nonlinear,128,9401102,208,16,3328,2,2,832,416,416,416,8,8,8,"[1.6719930101574019, 1.6711017413835352, 0.9625276821276807, 0.9622688306468123, 0.8604455529619767, 0.859417774932917, 0.7267646049922831, 0.7266917198952689]"
n8_block4_d2_stack_nonlinear_T128_s9401103,8,block,block,4,2,stack_nonlinear,128,9401103,208,16,3328,1,1,832,416,416,416,8,8,8,"[1.780243991943806, 1.770976796537013, 1.0632527953395876, 1.053282385812052, 0.959623669711527, 0.959196662945367, 0.9588006915818577, 0.9315485992345901]"
n8_block4_d2_stack_nonlinear_T128_s9401103,8,block,block,4,2,stack_nonlinear,128,9401103,208,16,3328,1,2,832,0,0,0,0,0,0,"[0.0, 0.0, 0.0, 0.0, 0.0, 0.0, 0.0, 0.0]"
n8_block4_d2_stack_nonlinear_T128_s9401103,8,block,block,4,2,stack_nonlinear,128,9401103,208,16,3328,2,1,832,832,832,832,8,8,8,"[0.9254318332851988, 0.7720099072620829, 0.5244465081756365, 0.41596822390859095, 0.3281267098950892, 0.24978602591796287, 0.1753317105163279, 0.08060595397636981]"
n8_block4_d2_stack_nonlinear_T128_s9401103,8,block,block,4,2,stack_nonlinear,128,9401103,208,16,3328,2,2,832,416,416,416,8,8,8,"[1.6902399332567568, 1.6890824639433668, 1.0292227863049221, 1.0281275858515604, 0.8958906135483412, 0.8911367859923361, 0.7598096183797491, 0.7592593642986948]"
n8_block4_d2_stack_nonlinear_T128_s9401104,8,block,block,4,2,stack_nonlinear,128,9401104,208,16,3328,1,1,832,416,416,416,8,8,8,"[1.726552687125155, 1.7015756643841828, 0.9605565335952297, 0.9516966847716811, 0.9427405023912883, 0.9382681988385497, 0.9274160641242548, 0.9163612813648759]"
n8_block4_d2_stack_nonlinear_T128_s9401104,8,block,block,4,2,stack_nonlinear,128,9401104,208,16,3328,1,2,832,0,0,0,0,0,0,"[0.0, 0.0, 0.0, 0.0, 0.0, 0.0, 0.0, 0.0]"
n8_block4_d2_stack_nonlinear_T128_s9401104,8,block,block,4,2,stack_nonlinear,128,9401104,208,16,3328,2,1,832,832,832,832,8,8,8,"[1.0334570022386866, 0.7354366093587044, 0.6921200826796426, 0.44003232032390216, 0.4261017275229466, 0.28160501956105816, 0.19225776287159307, 0.1239740326542151]"
n8_block4_d2_stack_nonlinear_T128_s9401104,8,block,block,4,2,stack_nonlinear,128,9401104,208,16,3328,2,2,832,416,416,416,8,8,8,"[1.6945034311452296, 1.6883361541471158, 0.9506180621138693, 0.9482718071822008, 0.8568039286586281, 0.8493690679928975, 0.7735221899387447, 0.7705894678306552]"
n8_block4_d3_stack_nonlinear_T32_s9401100,8,block,block,4,3,stack_nonlinear,32,9401100,312,24,7488,1,1,832,416,416,416,8,8,8,"[1.7822295696923665, 1.7716112521526082, 0.9882926649984517, 0.9811772248487988, 0.95765554808815, 0.9491386097119121, 0.9479785374285237, 0.9310138302767248]"
n8_block4_d3_stack_nonlinear_T32_s9401100,8,block,block,4,3,stack_nonlinear,32,9401100,312,24,7488,1,2,832,0,0,0,0,0,0,"[0.0, 0.0, 0.0, 0.0, 0.0, 0.0, 0.0, 0.0]"
n8_block4_d3_stack_nonlinear_T32_s9401100,8,block,block,4,3,stack_nonlinear,32,9401100,312,24,7488,1,3,832,0,0,0,0,0,0,"[0.0, 0.0, 0.0, 0.0, 0.0, 0.0, 0.0, 0.0]"
n8_block4_d3_stack_nonlinear_T32_s9401100,8,block,block,4,3,stack_nonlinear,32,9401100,312,24,7488,2,1,832,832,832,832,8,8,8,"[1.1400940732440534, 0.5700863590246958, 0.4727709832337036, 0.40774193419615795, 0.2460593521987436, 0.20109473976333314, 0.15600732728239747, 0.084732106901479]"
n8_block4_d3_stack_nonlinear_T32_s9401100,8,block,block,4,3,stack_nonlinear,32,9401100,312,24,7488,2,2,832,416,416,416,8,8,8,"[1.693931914470173, 1.6938387889428217, 0.8420151838661386, 0.8403927089810184, 0.7722461871759323, 0.7712948241302113, 0.7438468241587988, 0.7437072552691556]"
n8_block4_d3_stack_nonlinear_T32_s9401100,8,block,block,4,3,stack_nonlinear,32,9401100,312,24,7488,2,3,832,0,0,0,0,0,0,"[0.0, 0.0, 0.0, 0.0, 0.0, 0.0, 0.0, 0.0]"
n8_block4_d3_stack_nonlinear_T32_s9401100,8,block,block,4,3,stack_nonlinear,32,9401100,312,24,7488,3,1,832,832,832,832,8,8,8,"[0.3746412314698585, 0.2621845942571904, 0.236807108172262, 0.1759214556187947, 0.08250696259725669, 0.05849215170336739, 0.05820829710647317, 0.039513716533026856]"
n8_block4_d3_stack_nonlinear_T32_s9401100,8,block,block,4,3,stack_nonlinear,32,9401100,312,24,7488,3,2,832,832,832,832,8,8,8,"[1.0449497467319855, 0.721877552271144, 0.4491271607156394, 0.32309807740942054, 0.2643885778391483, 0.16423090134373472, 0.08185560171619985, 0.04881861062622565]"
n8_block4_d3_stack_nonlinear_T32_s9401100,8,block,block,4,3,stack_nonlinear,32,9401100,312,24,7488,3,3,832,416,416,416,8,8,8,"[1.67573273984766, 1.6718262785841833, 0.9182557206111682, 0.9173197731130188, 0.7829902277657816, 0.781947393286461, 0.725472666527295, 0.724013183657751]"
n8_block4_d3_stack_nonlinear_T32_s9401101,8,block,block,4,3,stack_nonlinear,32,9401101,312,24,7488,1,1,832,416,416,416,8,8,8,"[1.7475876586926848, 1.6914978633712798, 0.9764501561333879, 0.9723436805176557, 0.9703089577084142, 0.9686927999511148, 0.8829295715086527, 0.8622064035560058]"
n8_block4_d3_stack_nonlinear_T32_s9401101,8,block,block,4,3,stack_nonlinear,32,9401101,312,24,7488,1,2,832,0,0,0,0,0,0,"[0.0, 0.0, 0.0, 0.0, 0.0, 0.0, 0.0, 0.0]"
n8_block4_d3_stack_nonlinear_T32_s9401101,8,block,block,4,3,stack_nonlinear,32,9401101,312,24,7488,1,3,832,0,0,0,0,0,0,"[0.0, 0.0, 0.0, 0.0, 0.0, 0.0, 0.0, 0.0]"
n8_block4_d3_stack_nonlinear_T32_s9401101,8,block,block,4,3,stack_nonlinear,32,9401101,312,24,7488,2,1,832,832,832,832,8,8,8,"[0.9376339530829367, 0.3805412408402263, 0.2518113786881832, 0.23263900273752178, 0.19060804056140984, 0.17730580384577005, 0.11167246431219749, 0.0965926861886909]"
n8_block4_d3_stack_nonlinear_T32_s9401101,8,block,block,4,3,stack_nonlinear,32,9401101,312,24,7488,2,2,832,416,416,416,8,8,8,"[1.7089713887097016, 1.7084448102553114, 1.0217883658751565, 1.0195030786101573, 0.9185949857816749, 0.9178375288078625, 0.7918822652268565, 0.7899110353927707]"
n8_block4_d3_stack_nonlinear_T32_s9401101,8,block,block,4,3,stack_nonlinear,32,9401101,312,24,7488,2,3,832,0,0,0,0,0,0,"[0.0, 0.0, 0.0, 0.0, 0.0, 0.0, 0.0, 0.0]"
n8_block4_d3_stack_nonlinear_T32_s9401101,8,block,block,4,3,stack_nonlinear,32,9401101,312,24,7488,3,1,832,832,832,832,8,8,8,"[0.4358570054247276, 0.13676667305646675, 0.10602589849074341, 0.0779197320164779, 0.0628499376289135, 0.04006528586486136, 0.024260414170442092, 0.020990741939532313]"
n8_block4_d3_stack_nonlinear_T32_s9401101,8,block,block,4,3,stack_nonlinear,32,9401101,312,24,7488,3,2,832,832,832,832,8,8,8,"[1.0623928109822216, 0.5305464873380831, 0.5137988821536945, 0.245793308784658, 0.2136928436259872, 0.19348797747777233, 0.10227516114881281, 0.08881131682188408]"
n8_block4_d3_stack_nonlinear_T32_s9401101,8,block,block,4,3,stack_nonlinear,32,9401101,312,24,7488,3,3,832,416,416,416,8,8,8,"[1.6741079368212308, 1.6731798482908489, 0.8232753405514316, 0.8225495820714704, 0.8125722442769081, 0.8125214859969105, 0.7230252841867312, 0.7212545564265493]"
n8_block4_d3_stack_nonlinear_T32_s9401102,8,block,block,4,3,stack_nonlinear,32,9401102,312,24,7488,1,1,832,416,416,416,8,8,8,"[1.7400532570059761, 1.7107740327409617, 1.0626450763178945, 1.0591600447253011, 0.9949698017865602, 0.9865619084962753, 0.9398050517056687, 0.9171855154726365]"
n8_block4_d3_stack_nonlinear_T32_s9401102,8,block,block,4,3,stack_nonlinear,32,9401102,312,24,7488,1,2,832,0,0,0,0,0,0,"[0.0, 0.0, 0.0, 0.0, 0.0, 0.0, 0.0, 0.0]"
n8_block4_d3_stack_nonlinear_T32_s9401102,8,block,block,4,3,stack_nonlinear,32,9401102,312,24,7488,1,3,832,0,0,0,0,0,0,"[0.0, 0.0, 0.0, 0.0, 0.0, 0.0, 0.0, 0.0]"
n8_block4_d3_stack_nonlinear_T32_s9401102,8,block,block,4,3,stack_nonlinear,32,9401102,312,24,7488,2,1,832,832,832,832,8,8,8,"[1.3468422277877734, 0.7200554696566867, 0.5051398811565778, 0.4359610049311751, 0.2980179156109672, 0.2465617939157306, 0.17458421163712234, 0.1152473634338548]"
n8_block4_d3_stack_nonlinear_T32_s9401102,8,block,block,4,3,stack_nonlinear,32,9401102,312,24,7488,2,2,832,416,416,416,8,8,8,"[1.6713597186371778, 1.6695653259649648, 0.989936723232397, 0.9861772261566275, 0.8875681471349363, 0.8846938696159748, 0.7608169022156778, 0.7539188798511892]"
n8_block4_d3_stack_nonlinear_T32_s9401102,8,block,block,4,3,stack_nonlinear,32,9401102,312,24,7488,2,3,832,0,0,0,0,0,0,"[0.0, 0.0, 0.0, 0.0, 0.0, 0.0, 0.0, 0.0]"
n8_block4_d3_stack_nonlinear_T32_s9401102,8,block,block,4,3,stack_nonlinear,32,9401102,312,24,7488,3,1,832,832,832,832,8,8,8,"[0.6553273486995487, 0.2520891409106346, 0.21315806324897205, 0.13861823110947796, 0.10073547526837595, 0.07166743271869455, 0.05431254995576454, 0.03645181720001901]"
n8_block4_d3_stack_nonlinear_T32_s9401102,8,block,block,4,3,stack_nonlinear,32,9401102,312,24,7488,3,2,832,832,832,832,8,8,8,"[1.0578598072279988, 0.7821914742656109, 0.37072736290104297, 0.361076124232167, 0.23012831732488873, 0.15531742582737396, 0.10043842830966279, 0.05676022027368043]"
n8_block4_d3_stack_nonlinear_T32_s9401102,8,block,block,4,3,stack_nonlinear,32,9401102,312,24,7488,3,3,832,416,416,416,8,8,8,"[1.6767545100668908, 1.6761342169730986, 0.9137639932433976, 0.9109338960636373, 0.7615046949870407, 0.7613483630284976, 0.7341374614989227, 0.7331594967082967]"
n8_block4_d3_stack_nonlinear_T32_s9401103,8,block,block,4,3,stack_nonlinear,32,9401103,312,24,7488,1,1,832,416,416,416,8,8,8,"[1.7199797025606427, 1.7186838898218786, 1.0064685673397886, 1.0042035853444398, 0.9188682875568691, 0.9131810916969243, 0.8805015245379233, 0.8756660516238404]"
n8_block4_d3_stack_nonlinear_T32_s9401103,8,block,block,4,3,stack_nonlinear,32,9401103,312,24,7488,1,2,832,0,0,0,0,0,0,"[0.0, 0.0, 0.0, 0.0, 0.0, 0.0, 0.0, 0.0]"
n8_block4_d3_stack_nonlinear_T32_s9401103,8,block,block,4,3,stack_nonlinear,32,9401103,312,24,7488,1,3,832,0,0,0,0,0,0,"[0.0, 0.0, 0.0, 0.0, 0.0, 0.0, 0.0, 0.0]"
n8_block4_d3_stack_nonlinear_T32_s9401103,8,block,block,4,3,stack_nonlinear,32,9401103,312,24,7488,2,1,832,832,832,832,8,8,8,"[0.89959192772665, 0.7484037153683315, 0.5074413103702863, 0.39769032152768635, 0.3149396511439881, 0.24403472706144994, 0.16436984837037877, 0.07701642311327576]"
n8_block4_d3_stack_nonlinear_T32_s9401103,8,block,block,4,3,stack_nonlinear,32,9401103,312,24,7488,2,2,832,416,416,416,8,8,8,"[1.679902533936543, 1.6796915890916935, 1.0274947551399416, 1.0246605107403428, 0.8991454487708227, 0.8978442137341401, 0.7687891719513615, 0.7643071357931062]"
n8_block4_d3_stack_nonlinear_T32_s9401103,8,block,block,4,3,stack_nonlinear,32,9401103,312,24,7488,2,3,832,0,0,0,0,0,0,"[0.0, 0.0, 0.0, 0.0, 0.0, 0.0, 0.0, 0.0]"
n8_block4_d3_stack_nonlinear_T32_s9401103,8,block,block,4,3,stack_nonlinear,32,9401103,312,24,7488,3,1,832,832,832,832,8,8,8,"[0.3864606016305457, 0.27815449379641266, 0.18290698482193432, 0.13481935326513492, 0.10330072062488382, 0.07282274821150755, 0.05187186090234433, 0.02262178417592524]"
n8_block4_d3_stack_nonlinear_T32_s9401103,8,block,block,4,3,stack_nonlinear,32,9401103,312,24,7488,3,2,832,832,832,832,8,8,8,"[1.2226306419608213, 0.9217831877186261, 0.38657897162834637, 0.30658620959681177, 0.24690638708339835, 0.16569643265335332, 0.10468208149797224, 0.07440183845213652]"
n8_block4_d3_stack_nonlinear_T32_s9401103,8,block,block,4,3,stack_nonlinear,32,9401103,312,24,7488,3,3,832,416,416,416,8,8,8,"[1.670116408154095, 1.6678391551358782, 0.7641948146145231, 0.7630434841616095, 0.753691123391211, 0.7530742487105105, 0.7258395527976576, 0.7239891225632155]"
n8_block4_d3_stack_nonlinear_T32_s9401104,8,block,block,4,3,stack_nonlinear,32,9401104,312,24,7488,1,1,832,416,416,416,8,8,8,"[1.6937000326355236, 1.6884414164592718, 1.0145554239946966, 1.0041835114023294, 0.9487751870659082, 0.9309269129584653, 0.9302585101092795, 0.9133112489366272]"
n8_block4_d3_stack_nonlinear_T32_s9401104,8,block,block,4,3,stack_nonlinear,32,9401104,312,24,7488,1,2,832,0,0,0,0,0,0,"[0.0, 0.0, 0.0, 0.0, 0.0, 0.0, 0.0, 0.0]"
n8_block4_d3_stack_nonlinear_T32_s9401104,8,block,block,4,3,stack_nonlinear,32,9401104,312,24,7488,1,3,832,0,0,0,0,0,0,"[0.0, 0.0, 0.0, 0.0, 0.0, 0.0, 0.0, 0.0]"
n8_block4_d3_stack_nonlinear_T32_s9401104,8,block,block,4,3,stack_nonlinear,32,9401104,312,24,7488,2,1,832,832,832,832,8,8,8,"[1.0257732801723487, 0.7397611233463899, 0.6807793597146581, 0.4745107747235603, 0.42411355230715225, 0.30621607838506903, 0.20006383126683464, 0.13593628687376477]"
n8_block4_d3_stack_nonlinear_T32_s9401104,8,block,block,4,3,stack_nonlinear,32,9401104,312,24,7488,2,2,832,416,416,416,8,8,8,"[1.6915707810818945, 1.6893472208115934, 0.9698784764724293, 0.9639746820470655, 0.8815221344564128, 0.8743711633821835, 0.7855668660043105, 0.7837458719531566]"
n8_block4_d3_stack_nonlinear_T32_s9401104,8,block,block,4,3,stack_nonlinear,32,9401104,312,24,7488,2,3,832,0,0,0,0,0,0,"[0.0, 0.0, 0.0, 0.0, 0.0, 0.0, 0.0, 0.0]"
n8_block4_d3_stack_nonlinear_T32_s9401104,8,block,block,4,3,stack_nonlinear,32,9401104,312,24,7488,3,1,832,832,832,832,8,8,8,"[0.578209773241615, 0.28463085702323054, 0.16697821369515875, 0.13580809629877225, 0.08406054447190973, 0.07416009105639032, 0.057581461632588614, 0.03916188367231901]"
n8_block4_d3_stack_nonlinear_T32_s9401104,8,block,block,4,3,stack_nonlinear,32,9401104,312,24,7488,3,2,832,832,832,832,8,8,8,"[0.9678879903087186, 0.5026699972403024, 0.4230796045162498, 0.36197925171026923, 0.19710404644802762, 0.16367450542852488, 0.0870832855490415, 0.07033492815877769]"
n8_block4_d3_stack_nonlinear_T32_s9401104,8,block,block,4,3,stack_nonlinear,32,9401104,312,24,7488,3,3,832,416,416,416,8,8,8,"[1.6789683251731873, 1.6787881811392118, 0.8627343972460358, 0.8620690447766473, 0.7868873756256215, 0.7867871434119401, 0.7459299409097387, 0.7415618439395028]"
n8_block4_d3_stack_nonlinear_T128_s9401100,8,block,block,4,3,stack_nonlinear,128,9401100,312,24,7488,1,1,832,416,416,416,8,8,8,"[1.76745621721078, 1.7631682707678984, 0.956263083966305, 0.9549792730864676, 0.9255825401347216, 0.9229780329767485, 0.8992590086201492, 0.8953896987852766]"
n8_block4_d3_stack_nonlinear_T128_s9401100,8,block,block,4,3,stack_nonlinear,128,9401100,312,24,7488,1,2,832,0,0,0,0,0,0,"[0.0, 0.0, 0.0, 0.0, 0.0, 0.0, 0.0, 0.0]"
n8_block4_d3_stack_nonlinear_T128_s9401100,8,block,block,4,3,stack_nonlinear,128,9401100,312,24,7488,1,3,832,0,0,0,0,0,0,"[0.0, 0.0, 0.0, 0.0, 0.0, 0.0, 0.0, 0.0]"
n8_block4_d3_stack_nonlinear_T128_s9401100,8,block,block,4,3,stack_nonlinear,128,9401100,312,24,7488,2,1,832,832,832,832,8,8,8,"[1.138427817533532, 0.5444860448091141, 0.4577609801865954, 0.389819686255824, 0.22603544379215484, 0.18956715718110773, 0.15115228985049683, 0.0717482633746777]"
n8_block4_d3_stack_nonlinear_T128_s9401100,8,block,block,4,3,stack_nonlinear,128,9401100,312,24,7488,2,2,832,416,416,416,8,8,8,"[1.6755633791409337, 1.6754336114253476, 0.8321021669377902, 0.8316125112055044, 0.7603091566414264, 0.7600227224708529, 0.7343203888331984, 0.7334847959501934]"
n8_block4_d3_stack_nonlinear_T128_s9401100,8,block,block,4,3,stack_nonlinear,128,9401100,312,24,7488,2,3,832,0,0,0,0,0,0,"[0.0, 0.0, 0.0, 0.0, 0.0, 0.0, 0.0, 0.0]"
n8_block4_d3_stack_nonlinear_T128_s9401100,8,block,block,4,3,stack_nonlinear,128,9401100,312,24,7488,3,1,832,832,832,832,8,8,8,"[0.3737162532561768, 0.25384752673748906, 0.22254321286254544, 0.1651490700339597, 0.07767321439630422, 0.05902237664385318, 0.05438729234262963, 0.03256127859406036]"
n8_block4_d3_stack_nonlinear_T128_s9401100,8,block,block,4,3,stack_nonlinear,128,9401100,312,24,7488,3,2,832,832,832,832,8,8,8,"[1.0369155969640083, 0.7144218258686971, 0.44428817147008887, 0.31370471338145905, 0.2609716162894968, 0.16136257987548575, 0.07113484447900557, 0.037149263964232786]"
n8_block4_d3_stack_nonlinear_T128_s9401100,8,block,block,4,3,stack_nonlinear,128,9401100,312,24,7488,3,3,832,416,416,416,8,8,8,"[1.671014313264463, 1.6672264140204547, 0.9169469061795117, 0.9158862489354322, 0.7795748498278651, 0.7792975655667176, 0.7187527110075269, 0.7184534343379188]"
n8_block4_d3_stack_nonlinear_T128_s9401101,8,block,block,4,3,stack_nonlinear,128,9401101,312,24,7488,1,1,832,416,416,416,8,8,8,"[1.728893804116716, 1.7138583132409653, 1.0269284060976154, 1.0220288047336714, 1.014368010474397, 1.0079457394631384, 0.9310953910960909, 0.920724687389712]"
n8_block4_d3_stack_nonlinear_T128_s9401101,8,block,block,4,3,stack_nonlinear,128,9401101,312,24,7488,1,2,832,0,0,0,0,0,0,"[0.0, 0.0, 0.0, 0.0, 0.0, 0.0, 0.0, 0.0]"
n8_block4_d3_stack_nonlinear_T128_s9401101,8,block,block,4,3,stack_nonlinear,128,9401101,312,24,7488,1,3,832,0,0,0,0,0,0,"[0.0, 0.0, 0.0, 0.0, 0.0, 0.0, 0.0, 0.0]"
n8_block4_d3_stack_nonlinear_T128_s9401101,8,block,block,4,3,stack_nonlinear,128,9401101,312,24,7488,2,1,832,832,832,832,8,8,8,"[0.9570766672871052, 0.41078017096636327, 0.26932090816452225, 0.24179746125571056, 0.2143552558746267, 0.18429879051277767, 0.12233634257744225, 0.10838889669519426]"
n8_block4_d3_stack_nonlinear_T128_s9401101,8,block,block,4,3,stack_nonlinear,128,9401101,312,24,7488,2,2,832,416,416,416,8,8,8,"[1.6931094529908715, 1.6888959445513188, 1.046374368004433, 1.0446872384862733, 0.9486813829271561, 0.9482686886007172, 0.8289985677625195, 0.8288620970244873]"
n8_block4_d3_stack_nonlinear_T128_s9401101,8,block,block,4,3,stack_nonlinear,128,9401101,312,24,7488,2,3,832,0,0,0,0,0,0,"[0.0, 0.0, 0.0, 0.0, 0.0, 0.0, 0.0, 0.0]"
n8_block4_d3_stack_nonlinear_T128_s9401101,8,block,block,4,3,stack_nonlinear,128,9401101,312,24,7488,3,1,832,832,832,832,8,8,8,"[0.4440684870924812, 0.14895549191786656, 0.10794999005359607, 0.092275496688086, 0.06794120126747101, 0.04258068475871921, 0.029223210834857013, 0.02071715204069166]"
n8_block4_d3_stack_nonlinear_T128_s9401101,8,block,block,4,3,stack_nonlinear,128,9401101,312,24,7488,3,2,832,832,832,832,8,8,8,"[1.0565284151011907, 0.5323404410869088, 0.5259762289792708, 0.26085083165720774, 0.2358774104353826, 0.2035311523965678, 0.11108079585386585, 0.1007465999243025]"
n8_block4_d3_stack_nonlinear_T128_s9401101,8,block,block,4,3,stack_nonlinear,128,9401101,312,24,7488,3,3,832,416,416,416,8,8,8,"[1.6721692656978462, 1.6689330772949063, 0.8224808794654895, 0.8213407443064988, 0.8126561647174022, 0.8125920090191321, 0.7213703793918512, 0.7209619467022249]"
n8_block4_d3_stack_nonlinear_T128_s9401102,8,block,block,4,3,stack_nonlinear,128,9401102,312,24,7488,1,1,832,416,416,416,8,8,8,"[1.7184595746039502, 1.71365820346113, 0.9850595935336025, 0.9787938177018813, 0.8935477389502385, 0.8918571410591715, 0.8411256970339399, 0.8045810267829292]"
n8_block4_d3_stack_nonlinear_T128_s9401102,8,block,block,4,3,stack_nonlinear,128,9401102,312,24,7488,1,2,832,0,0,0,0,0,0,"[0.0, 0.0, 0.0, 0.0, 0.0, 0.0, 0.0, 0.0]"
n8_block4_d3_stack_nonlinear_T128_s9401102,8,block,block,4,3,stack_nonlinear,128,9401102,312,24,7488,1,3,832,0,0,0,0,0,0,"[0.0, 0.0, 0.0, 0.0, 0.0, 0.0, 0.0, 0.0]"
n8_block4_d3_stack_nonlinear_T128_s9401102,8,block,block,4,3,stack_nonlinear,128,9401102,312,24,7488,2,1,832,832,832,832,8,8,8,"[1.3393997532793585, 0.701679204449982, 0.45376247744740456, 0.39936257985084794, 0.2611168864493039, 0.21484751042872272, 0.14706168719260002, 0.1023265215842582]"
n8_block4_d3_stack_nonlinear_T128_s9401102,8,block,block,4,3,stack_nonlinear,128,9401102,312,24,7488,2,2,832,416,416,416,8,8,8,"[1.6719930101574019, 1.6711017413835352, 0.9625276821276807, 0.9622688306468123, 0.8604455529619767, 0.859417774932917, 0.7267646049922831, 0.7266917198952689]"
n8_block4_d3_stack_nonlinear_T128_s9401102,8,block,block,4,3,stack_nonlinear,128,9401102,312,24,7488,2,3,832,0,0,0,0,0,0,"[0.0, 0.0, 0.0, 0.0, 0.0, 0.0, 0.0, 0.0]"
n8_block4_d3_stack_nonlinear_T128_s9401102,8,block,block,4,3,stack_nonlinear,128,9401102,312,24,7488,3,1,832,832,832,832,8,8,8,"[0.6532044112541731, 0.22669067423317743, 0.2090449570639909, 0.1319209125933836, 0.08500431057949898, 0.05943169689103325, 0.04726276252945882, 0.029168941057928378]"
n8_block4_d3_stack_nonlinear_T128_s9401102,8,block,block,4,3,stack_nonlinear,128,9401102,312,24,7488,3,2,832,832,832,832,8,8,8,"[1.0602569010815819, 0.7767377302971167, 0.3664599461230436, 0.348214723902305, 0.20721339403871253, 0.13997222093447892, 0.09068550957009039, 0.03425198396905262]"
n8_block4_d3_stack_nonlinear_T128_s9401102,8,block,block,4,3,stack_nonlinear,128,9401102,312,24,7488,3,3,832,416,416,416,8,8,8,"[1.6739577675167392, 1.6734687723728525, 0.9015819885212075, 0.9000398659432978, 0.7485125758009129, 0.7483817095277291, 0.7219972345901159, 0.7206981544169437]"
n8_block4_d3_stack_nonlinear_T128_s9401103,8,block,block,4,3,stack_nonlinear,128,9401103,312,24,7488,1,1,832,416,416,416,8,8,8,"[1.780243991943806, 1.770976796537013, 1.0632527953395876, 1.053282385812052, 0.959623669711527, 0.959196662945367, 0.9588006915818577, 0.9315485992345901]"
n8_block4_d3_stack_nonlinear_T128_s9401103,8,block,block,4,3,stack_nonlinear,128,9401103,312,24,7488,1,2,832,0,0,0,0,0,0,"[0.0, 0.0, 0.0, 0.0, 0.0, 0.0, 0.0, 0.0]"
n8_block4_d3_stack_nonlinear_T128_s9401103,8,block,block,4,3,stack_nonlinear,128,9401103,312,24,7488,1,3,832,0,0,0,0,0,0,"[0.0, 0.0, 0.0, 0.0, 0.0, 0.0, 0.0, 0.0]"
n8_block4_d3_stack_nonlinear_T128_s9401103,8,block,block,4,3,stack_nonlinear,128,9401103,312,24,7488,2,1,832,832,832,832,8,8,8,"[0.9254318332851988, 0.7720099072620829, 0.5244465081756365, 0.41596822390859095, 0.3281267098950892, 0.24978602591796287, 0.1753317105163279, 0.08060595397636981]"
n8_block4_d3_stack_nonlinear_T128_s9401103,8,block,block,4,3,stack_nonlinear,128,9401103,312,24,7488,2,2,832,416,416,416,8,8,8,"[1.6902399332567568, 1.6890824639433668, 1.0292227863049221, 1.0281275858515604, 0.8958906135483412, 0.8911367859923361, 0.7598096183797491, 0.7592593642986948]"
n8_block4_d3_stack_nonlinear_T128_s9401103,8,block,block,4,3,stack_nonlinear,128,9401103,312,24,7488,2,3,832,0,0,0,0,0,0,"[0.0, 0.0, 0.0, 0.0, 0.0, 0.0, 0.0, 0.0]"
n8_block4_d3_stack_nonlinear_T128_s9401103,8,block,block,4,3,stack_nonlinear,128,9401103,312,24,7488,3,1,832,832,832,832,8,8,8,"[0.3964514464738166, 0.2893977189211059, 0.18425231684893248, 0.13304946060916456, 0.10466835133254006, 0.06950013233254182, 0.05422614001054706, 0.021656958616041763]"
n8_block4_d3_stack_nonlinear_T128_s9401103,8,block,block,4,3,stack_nonlinear,128,9401103,312,24,7488,3,2,832,832,832,832,8,8,8,"[1.227277568245403, 0.9268569122806963, 0.3755702351185526, 0.30548978817118566, 0.2416162919667822, 0.1638178016184716, 0.10312239148261185, 0.06858416377646168]"
n8_block4_d3_stack_nonlinear_T128_s9401103,8,block,block,4,3,stack_nonlinear,128,9401103,312,24,7488,3,3,832,416,416,416,8,8,8,"[1.6700812924238158, 1.666777644822812, 0.7623391977458069, 0.7614249570437635, 0.7527288280248652, 0.7523565562705895, 0.7258893796213298, 0.7237701331015904]"
n8_block4_d3_stack_nonlinear_T128_s9401104,8,block,block,4,3,stack_nonlinear,128,9401104,312,24,7488,1,1,832,416,416,416,8,8,8,"[1.726552687125155, 1.7015756643841828, 0.9605565335952297, 0.9516966847716811, 0.9427405023912883, 0.9382681988385497, 0.9274160641242548, 0.9163612813648759]"
n8_block4_d3_stack_nonlinear_T128_s9401104,8,block,block,4,3,stack_nonlinear,128,9401104,312,24,7488,1,2,832,0,0,0,0,0,0,"[0.0, 0.0, 0.0, 0.0, 0.0, 0.0, 0.0, 0.0]"
n8_block4_d3_stack_nonlinear_T128_s9401104,8,block,block,4,3,stack_nonlinear,128,9401104,312,24,7488,1,3,832,0,0,0,0,0,0,"[0.0, 0.0, 0.0, 0.0, 0.0, 0.0, 0.0, 0.0]"
n8_block4_d3_stack_nonlinear_T128_s9401104,8,block,block,4,3,stack_nonlinear,128,9401104,312,24,7488,2,1,832,832,832,832,8,8,8,"[1.0334570022386866, 0.7354366093587044, 0.6921200826796426, 0.44003232032390216, 0.4261017275229466, 0.28160501956105816, 0.19225776287159307, 0.1239740326542151]"
n8_block4_d3_stack_nonlinear_T128_s9401104,8,block,block,4,3,stack_nonlinear,128,9401104,312,24,7488,2,2,832,416,416,416,8,8,8,"[1.6945034311452296, 1.6883361541471158, 0.9506180621138693, 0.9482718071822008, 0.8568039286586281, 0.8493690679928975, 0.7735221899387447, 0.7705894678306552]"
n8_block4_d3_stack_nonlinear_T128_s9401104,8,block,block,4,3,stack_nonlinear,128,9401104,312,24,7488,2,3,832,0,0,0,0,0,0,"[0.0, 0.0, 0.0, 0.0, 0.0, 0.0, 0.0, 0.0]"
n8_block4_d3_stack_nonlinear_T128_s9401104,8,block,block,4,3,stack_nonlinear,128,9401104,312,24,7488,3,1,832,832,832,832,8,8,8,"[0.5836499457258684, 0.28181500084647704, 0.1709763133244702, 0.13543252274608616, 0.07374422493844918, 0.06644831462551008, 0.05904332924813715, 0.037458009090020755]"
n8_block4_d3_stack_nonlinear_T128_s9401104,8,block,block,4,3,stack_nonlinear,128,9401104,312,24,7488,3,2,832,832,832,832,8,8,8,"[0.9698076942260916, 0.4942870646368395, 0.4203610894421912, 0.3581985442590102, 0.19138681540477737, 0.16518275440607402, 0.08826041255578876, 0.07171530488404346]"
n8_block4_d3_stack_nonlinear_T128_s9401104,8,block,block,4,3,stack_nonlinear,128,9401104,312,24,7488,3,3,832,416,416,416,8,8,8,"[1.680726819763118, 1.678734451912437, 0.8579271497741897, 0.8576508422276097, 0.7879048565833839, 0.7875259629173127, 0.7514666606425708, 0.7513707214854104]"
n8_block8_d1_stack_nonlinear_T32_s9401100,8,block,block,8,1,stack_nonlinear,32,9401100,136,8,1088,1,1,1088,1088,1088,1088,8,8,8,"[1.805141194145193, 1.3425724388122802, 1.3377993713106167, 1.095862141131229, 1.09294503481661, 0.9690045189130169, 0.965196061602664, 0.9577136322392025]"
n8_block8_d1_stack_nonlinear_T32_s9401101,8,block,block,8,1,stack_nonlinear,32,9401101,136,8,1088,1,1,1088,1088,1088,1088,8,8,8,"[1.7560241324405255, 1.1751515877794194, 1.1703873279085844, 1.010423946116153, 1.0056283549013345, 0.921690224433847, 0.9195178756145244, 0.8841264052360434]"
n8_block8_d1_stack_nonlinear_T32_s9401102,8,block,block,8,1,stack_nonlinear,32,9401102,136,8,1088,1,1,1088,1088,1088,1088,8,8,8,"[1.7264728060570829, 1.1535104111054646, 1.1462588656705017, 1.0363630046101984, 1.0338125049930333, 0.9403098267364255, 0.9359881265246665, 0.9338521821132921]"
n8_block8_d1_stack_nonlinear_T32_s9401103,8,block,block,8,1,stack_nonlinear,32,9401103,136,8,1088,1,1,1088,1088,1088,1088,8,8,8,"[1.7149201669914953, 1.2475602918184419, 1.242884724111929, 0.9759214551805288, 0.9734603441247008, 0.8862515344774139, 0.8826192369970574, 0.8796477445922057]"
n8_block8_d1_stack_nonlinear_T32_s9401104,8,block,block,8,1,stack_nonlinear,32,9401104,136,8,1088,1,1,1088,1088,1088,1088,8,8,8,"[1.7091978680915458, 1.2076474756971498, 1.2049146628183809, 1.0733523811571128, 1.0679331409918662, 1.0195609426479268, 1.0041025669436745, 0.9339701189855911]"
n8_block8_d1_stack_nonlinear_T128_s9401100,8,block,block,8,1,stack_nonlinear,128,9401100,136,8,1088,1,1,1088,1088,1088,1088,8,8,8,"[1.7618731637498422, 1.3145215274728257, 1.309861594476751, 1.0750773273370844, 1.0704287433128292, 0.9196251824527532, 0.9181582749457514, 0.9030842785788509]"
n8_block8_d1_stack_nonlinear_T128_s9401101,8,block,block,8,1,stack_nonlinear,128,9401101,136,8,1088,1,1,1088,1088,1088,1088,8,8,8,"[1.7383656131529661, 1.2360901516414806, 1.2163817480673103, 1.0642556791124842, 1.0611531951899726, 0.985598995793238, 0.9832799991155252, 0.9689648830268996]"
n8_block8_d1_stack_nonlinear_T128_s9401102,8,block,block,8,1,stack_nonlinear,128,9401102,136,8,1088,1,1,1088,1088,1088,1088,8,8,8,"[1.7137131996758168, 1.083512407193165, 1.0774419845606513, 0.9736766617524799, 0.970832216593407, 0.8571893774014937, 0.8553130205926007, 0.8486392393851169]"
n8_block8_d1_stack_nonlinear_T128_s9401103,8,block,block,8,1,stack_nonlinear,128,9401103,136,8,1088,1,1,1088,1088,1088,1088,8,8,8,"[1.7612570046209668, 1.304037090210884, 1.2870372521268192, 1.0031711907401641, 0.9966771833599258, 0.9251867165998218, 0.9215890611967327, 0.8987724571215239]"
n8_block8_d1_stack_nonlinear_T128_s9401104,8,block,block,8,1,stack_nonlinear,128,9401104,136,8,1088,1,1,1088,1088,1088,1088,8,8,8,"[1.7322440755299098, 1.1983831810698289, 1.1979477540775063, 1.0314052426280023, 1.0272906064441985, 0.9726005232252383, 0.9689377759808219, 0.9292974304197631]"
n8_block8_d2_stack_nonlinear_T32_s9401100,8,block,block,8,2,stack_nonlinear,32,9401100,272,16,4352,1,1,1088,1088,1088,1088,8,8,8,"[1.805141194145193, 1.34257243881228, 1.3377993713106158, 1.0958621411312293, 1.0929450348166105, 0.9690045189130169, 0.9651960616026638, 0.9577136322392021]"
n8_block8_d2_stack_nonlinear_T32_s9401100,8,block,block,8,2,stack_nonlinear,32,9401100,272,16,4352,1,2,1088,0,0,0,0,0,0,"[0.0, 0.0, 0.0, 0.0, 0.0, 0.0, 0.0, 0.0]"
n8_block8_d2_stack_nonlinear_T32_s9401100,8,block,block,8,2,stack_nonlinear,32,9401100,272,16,4352,2,1,1088,1088,1088,1088,8,8,8,"[0.758909865388138, 0.5948518558116552, 0.5293191529059854, 0.5179291317111019, 0.3985217757124764, 0.3873920156492311, 0.1718325008428088, 0.13977649530088637]"
n8_block8_d2_stack_nonlinear_T32_s9401100,8,block,block,8,2,stack_nonlinear,32,9401100,272,16,4352,2,2,1088,1088,1088,1088,8,8,8,"[1.6878796941585361, 1.069538781707319, 1.0688380408095182, 0.9144746300066183, 0.9141825943968038, 0.7643491416897725, 0.7639809281595377, 0.7439439083951972]"
n8_block8_d2_stack_nonlinear_T32_s9401101,8,block,block,8,2,stack_nonlinear,32,9401101,272,16,4352,1,1,1088,1088,1088,1088,8,8,8,"[1.7560241324405255, 1.1751515877794194, 1.1703873279085844, 1.0104239461161528, 1.0056283549013343, 0.9216902244338468, 0.9195178756145242, 0.8841264052360437]"
n8_block8_d2_stack_nonlinear_T32_s9401101,8,block,block,8,2,stack_nonlinear,32,9401101,272,16,4352,1,2,1088,0,0,0,0,0,0,"[0.0, 0.0, 0.0, 0.0, 0.0, 0.0, 0.0, 0.0]"
n8_block8_d2_stack_nonlinear_T32_s9401101,8,block,block,8,2,stack_nonlinear,32,9401101,272,16,4352,2,1,1088,1088,1088,1088,8,8,8,"[0.8582843336450173, 0.7527310582353041, 0.5150921158559055, 0.4421506362719384, 0.318253952845703, 0.20081693630153233, 0.14241801162900697, 0.0892337455746155]"
n8_block8_d2_stack_nonlinear_T32_s9401101,8,block,block,8,2,stack_nonlinear,32,9401101,272,16,4352,2,2,1088,1088,1088,1088,8,8,8,"[1.686319411668905, 1.2555320285220162, 1.2520277804127893, 0.8664324073022716, 0.8656089389753023, 0.7402578477737318, 0.739593048904208, 0.7351503379641711]"
n8_block8_d2_stack_nonlinear_T32_s9401102,8,block,block,8,2,stack_nonlinear,32,9401102,272,16,4352,1,1,1088,1088,1088,1088,8,8,8,"[1.7264728060570829, 1.1535104111054646, 1.146258865670502, 1.0363630046101981, 1.0338125049930331, 0.9403098267364255, 0.9359881265246665, 0.933852182113292]"
n8_block8_d2_stack_nonlinear_T32_s9401102,8,block,block,8,2,stack_nonlinear,32,9401102,272,16,4352,1,2,1088,0,0,0,0,0,0,"[0.0, 0.0, 0.0, 0.0, 0.0, 0.0, 0.0, 0.0]"
n8_block8_d2_stack_nonlinear_T32_s9401102,8,block,block,8,2,stack_nonlinear,32,9401102,272,16,4352,2,1,1088,1088,1088,1088,8,8,8,"[0.9638222783978432, 0.49668199788000367, 0.41037716286876047, 0.3968521731869076, 0.31860867157108586, 0.22533097182677095, 0.14315772088474707, 0.11987843440476728]"
n8_block8_d2_stack_nonlinear_T32_s9401102,8,block,block,8,2,stack_nonlinear,32,9401102,272,16,4352,2,2,1088,1088,1088,1088,8,8,8,"[1.6840614171507475, 1.006048589384807, 1.004916331997274, 0.9048311113731375, 0.9029141571652498, 0.7799796845507928, 0.779165464501663, 0.7599692855473642]"
n8_block8_d2_stack_nonlinear_T32_s9401103,8,block,block,8,2,stack_nonlinear,32,9401103,272,16,4352,1,1,1088,1088,1088,1088,8,8,8,"[1.7149201669914953, 1.2475602918184419, 1.2428847241119294, 0.975921455180529, 0.973460344124701, 0.8862515344774143, 0.8826192369970575, 0.879647744592206]"
n8_block8_d2_stack_nonlinear_T32_s9401103,8,block,block,8,2,stack_nonlinear,32,9401103,272,16,4352,1,2,1088,0,0,0,0,0,0,"[0.0, 0.0, 0.0, 0.0, 0.0, 0.0, 0.0, 0.0]"
n8_block8_d2_stack_nonlinear_T32_s9401103,8,block,block,8,2,stack_nonlinear,32,9401103,272,16,4352,2,1,1088,1088,1088,1088,8,8,8,"[0.8448419670935472, 0.7293939097757196, 0.47435739931374227, 0.4188639030037354, 0.26691890362366394, 0.17777207128811642, 0.1323604699855131, 0.10249834575336055]"
n8_block8_d2_stack_nonlinear_T32_s9401103,8,block,block,8,2,stack_nonlinear,32,9401103,272,16,4352,2,2,1088,1088,1088,1088,8,8,8,"[1.6933762420633471, 1.055174356677641, 1.0535638756106438, 0.9525312552200311, 0.9512076165431917, 0.8174784269960534, 0.8162635948177586, 0.7545870851417582]"
n8_block8_d2_stack_nonlinear_T32_s9401104,8,block,block,8,2,stack_nonlinear,32,9401104,272,16,4352,1,1,1088,1088,1088,1088,8,8,8,"[1.7091978680915458, 1.2076474756971498, 1.2049146628183809, 1.073352381157113, 1.0679331409918664, 1.0195609426479268, 1.0041025669436745, 0.9339701189855913]"
n8_block8_d2_stack_nonlinear_T32_s9401104,8,block,block,8,2,stack_nonlinear,32,9401104,272,16,4352,1,2,1088,0,0,0,0,0,0,"[0.0, 0.0, 0.0, 0.0, 0.0, 0.0, 0.0, 0.0]"
n8_block8_d2_stack_nonlinear_T32_s9401104,8,block,block,8,2,stack_nonlinear,32,9401104,272,16,4352,2,1,1088,1088,1088,1088,8,8,8,"[0.6832187487223526, 0.600003140333992, 0.5046998013391955, 0.38899577373743743, 0.3354249767045642, 0.2779686206956868, 0.2224776172909329, 0.16532919364778556]"
n8_block8_d2_stack_nonlinear_T32_s9401104,8,block,block,8,2,stack_nonlinear,32,9401104,272,16,4352,2,2,1088,1088,1088,1088,8,8,8,"[1.6859020934501692, 1.195222123569661, 1.1936638426177129, 1.1032739811654761, 1.101863306237584, 0.8275975454937309, 0.8269823716339559, 0.78406200069939]"
n8_block8_d2_stack_nonlinear_T128_s9401100,8,block,block,8,2,stack_nonlinear,128,9401100,272,16,4352,1,1,1088,1088,1088,1088,8,8,8,"[1.7618731637498422, 1.3145215274728255, 1.3098615944767509, 1.0750773273370842, 1.0704287433128292, 0.9196251824527532, 0.9181582749457515, 0.9030842785788508]"
n8_block8_d2_stack_nonlinear_T128_s9401100,8,block,block,8,2,stack_nonlinear,128,9401100,272,16,4352,1,2,1088,0,0,0,0,0,0,"[0.0, 0.0, 0.0, 0.0, 0.0, 0.0, 0.0, 0.0]"
n8_block8_d2_stack_nonlinear_T128_s9401100,8,block,block,8,2,stack_nonlinear,128,9401100,272,16,4352,2,1,1088,1088,1088,1088,8,8,8,"[0.7415194481509656, 0.5848554968098278, 0.5102826638019533, 0.5025261021680553, 0.38927052946787327, 0.37965220318392595, 0.17509117585323822, 0.13369399904732313]"
n8_block8_d2_stack_nonlinear_T128_s9401100,8,block,block,8,2,stack_nonlinear,128,9401100,272,16,4352,2,2,1088,1088,1088,1088,8,8,8,"[1.6820658012416743, 1.0706660732104931, 1.070178293354206, 0.921996503281834, 0.9211948315522142, 0.7693096351977631, 0.768628855567198, 0.7472920786587283]"
n8_block8_d2_stack_nonlinear_T128_s9401101,8,block,block,8,2,stack_nonlinear,128,9401101,272,16,4352,1,1,1088,1088,1088,1088,8,8,8,"[1.7383656131529666, 1.2360901516414808, 1.2163817480673103, 1.0642556791124844, 1.0611531951899726, 0.9855989957932377, 0.9832799991155248, 0.9689648830268991]"
n8_block8_d2_stack_nonlinear_T128_s9401101,8,block,block,8,2,stack_nonlinear,128,9401101,272,16,4352,1,2,1088,0,0,0,0,0,0,"[0.0, 0.0, 0.0, 0.0, 0.0, 0.0, 0.0, 0.0]"
n8_block8_d2_stack_nonlinear_T128_s9401101,8,block,block,8,2,stack_nonlinear,128,9401101,272,16,4352,2,1,1088,1088,1088,1088,8,8,8,"[0.8631929006365084, 0.7659958843231035, 0.5541333126367445, 0.46732712449074487, 0.33755651805023845, 0.2252469509602994, 0.1597122435890274, 0.09789777532524509]"
n8_block8_d2_stack_nonlinear_T128_s9401101,8,block,block,8,2,stack_nonlinear,128,9401101,272,16,4352,2,2,1088,1088,1088,1088,8,8,8,"[1.689590433186223, 1.2700935940476057, 1.262351622260262, 0.8962123309719087, 0.8938651786629083, 0.7939432611659203, 0.7926164231096856, 0.7883894765542844]"
n8_block8_d2_stack_nonlinear_T128_s9401102,8,block,block,8,2,stack_nonlinear,128,9401102,272,16,4352,1,1,1088,1088,1088,1088,8,8,8,"[1.7137131996758168, 1.0835124071931648, 1.0774419845606513, 0.9736766617524802, 0.9708322165934073, 0.8571893774014937, 0.8553130205926005, 0.8486392393851169]"
n8_block8_d2_stack_nonlinear_T128_s9401102,8,block,block,8,2,stack_nonlinear,128,9401102,272,16,4352,1,2,1088,0,0,0,0,0,0,"[0.0, 0.0, 0.0, 0.0, 0.0, 0.0, 0.0, 0.0]"
n8_block8_d2_stack_nonlinear_T128_s9401102,8,block,block,8,2,stack_nonlinear,128,9401102,272,16,4352,2,1,1088,1088,1088,1088,8,8,8,"[0.9653328059045, 0.4553390001549106, 0.3709525513946056, 0.35797403112238024, 0.27995383667689716, 0.19448100432259136, 0.13084995742332, 0.11326464978364845]"
n8_block8_d2_stack_nonlinear_T128_s9401102,8,block,block,8,2,stack_nonlinear,128,9401102,272,16,4352,2,2,1088,1088,1088,1088,8,8,8,"[1.6962906982457913, 1.0060482352418076, 1.0049706224724295, 0.9010774152834162, 0.8999810709755546, 0.7648139861512201, 0.7645850825660767, 0.7350962486454068]"
n8_block8_d2_stack_nonlinear_T128_s9401103,8,block,block,8,2,stack_nonlinear,128,9401103,272,16,4352,1,1,1088,1088,1088,1088,8,8,8,"[1.761257004620967, 1.304037090210884, 1.2870372521268194, 1.0031711907401641, 0.9966771833599258, 0.9251867165998221, 0.9215890611967329, 0.8987724571215242]"
n8_block8_d2_stack_nonlinear_T128_s9401103,8,block,block,8,2,stack_nonlinear,128,9401103,272,16,4352,1,2,1088,0,0,0,0,0,0,"[0.0, 0.0, 0.0, 0.0, 0.0, 0.0, 0.0, 0.0]"
n8_block8_d2_stack_nonlinear_T128_s9401103,8,block,block,8,2,stack_nonlinear,128,9401103,272,16,4352,2,1,1088,1088,1088,1088,8,8,8,"[0.8384315953265103, 0.7553262968249498, 0.48376989733765247, 0.4168979733036, 0.258826320591395, 0.17475902283251218, 0.12658791717272927, 0.1062261876588224]"
n8_block8_d2_stack_nonlinear_T128_s9401103,8,block,block,8,2,stack_nonlinear,128,9401103,272,16,4352,2,2,1088,1088,1088,1088,8,8,8,"[1.7063338155550136, 1.0747373673917726, 1.0744211566434652, 0.9750448592484592, 0.9697332499784541, 0.8487149858002829, 0.8471916675180775, 0.8013061007023933]"
n8_block8_d2_stack_nonlinear_T128_s9401104,8,block,block,8,2,stack_nonlinear,128,9401104,272,16,4352,1,1,1088,1088,1088,1088,8,8,8,"[1.7322440755299098, 1.1983831810698284, 1.1979477540775063, 1.0314052426280023, 1.0272906064441985, 0.9726005232252385, 0.968937775980822, 0.9292974304197631]"
n8_block8_d2_stack_nonlinear_T128_s9401104,8,block,block,8,2,stack_nonlinear,128,9401104,272,16,4352,1,2,1088,0,0,0,0,0,0,"[0.0, 0.0, 0.0, 0.0, 0.0, 0.0, 0.0, 0.0]"
n8_block8_d2_stack_nonlinear_T128_s9401104,8,block,block,8,2,stack_nonlinear,128,9401104,272,16,4352,2,1,1088,1088,1088,1088,8,8,8,"[0.6882473472762006, 0.5999770626788501, 0.49384015175478013, 0.38273207542766335, 0.32675662625879087, 0.26441015513658395, 0.2154780704748163, 0.1444715881527553]"
n8_block8_d2_stack_nonlinear_T128_s9401104,8,block,block,8,2,stack_nonlinear,128,9401104,272,16,4352,2,2,1088,1088,1088,1088,8,8,8,"[1.6864409466182928, 1.1899685078185127, 1.188567650619574, 1.0924966924585706, 1.091722339420359, 0.7957608786215417, 0.7950358508227047, 0.747317198258508]"
n8_block8_d3_stack_nonlinear_T32_s9401100,8,block,block,8,3,stack_nonlinear,32,9401100,408,24,9792,1,1,1088,1088,1088,1088,8,8,8,"[1.805141194145193, 1.34257243881228, 1.3377993713106158, 1.0958621411312293, 1.0929450348166105, 0.9690045189130169, 0.9651960616026638, 0.9577136322392021]"
n8_block8_d3_stack_nonlinear_T32_s9401100,8,block,block,8,3,stack_nonlinear,32,9401100,408,24,9792,1,2,1088,0,0,0,0,0,0,"[0.0, 0.0, 0.0, 0.0, 0.0, 0.0, 0.0, 0.0]"
n8_block8_d3_stack_nonlinear_T32_s9401100,8,block,block,8,3,stack_nonlinear,32,9401100,408,24,9792,1,3,1088,0,0,0,0,0,0,"[0.0, 0.0, 0.0, 0.0, 0.0, 0.0, 0.0, 0.0]"
n8_block8_d3_stack_nonlinear_T32_s9401100,8,block,block,8,3,stack_nonlinear,32,9401100,408,24,9792,2,1,1088,1088,1088,1088,8,8,8,"[0.758909865388138, 0.5948518558116552, 0.5293191529059854, 0.5179291317111019, 0.3985217757124764, 0.3873920156492311, 0.1718325008428088, 0.13977649530088637]"
n8_block8_d3_stack_nonlinear_T32_s9401100,8,block,block,8,3,stack_nonlinear,32,9401100,408,24,9792,2,2,1088,1088,1088,1088,8,8,8,"[1.6878796941585361, 1.069538781707319, 1.0688380408095182, 0.9144746300066183, 0.9141825943968038, 0.7643491416897725, 0.7639809281595377, 0.7439439083951972]"
n8_block8_d3_stack_nonlinear_T32_s9401100,8,block,block,8,3,stack_nonlinear,32,9401100,408,24,9792,2,3,1088,0,0,0,0,0,0,"[0.0, 0.0, 0.0, 0.0, 0.0, 0.0, 0.0, 0.0]"
n8_block8_d3_stack_nonlinear_T32_s9401100,8,block,block,8,3,stack_nonlinear,32,9401100,408,24,9792,3,1,1088,1088,1088,1088,8,8,8,"[0.3122033759273789, 0.26665131625424443, 0.19004643133615065, 0.12540291216047275, 0.07454366197680304, 0.05803358082972223, 0.04607324303670792, 0.032990550113401074]"
n8_block8_d3_stack_nonlinear_T32_s9401100,8,block,block,8,3,stack_nonlinear,32,9401100,408,24,9792,3,2,1088,1088,1088,1088,8,8,8,"[0.7038650163646509, 0.49096086520737053, 0.36825532343995687, 0.25263662867360986, 0.15266078394441515, 0.11030212798963167, 0.05830875730533717, 0.05426406909748303]"
n8_block8_d3_stack_nonlinear_T32_s9401100,8,block,block,8,3,stack_nonlinear,32,9401100,408,24,9792,3,3,1088,1088,1088,1088,8,8,8,"[1.6727522320728165, 1.1539139239305314, 1.1532271837061474, 0.8151573200041061, 0.8148483692046697, 0.7371042660295947, 0.7368268891572539, 0.7201470837757797]"
n8_block8_d3_stack_nonlinear_T32_s9401101,8,block,block,8,3,stack_nonlinear,32,9401101,408,24,9792,1,1,1088,1088,1088,1088,8,8,8,"[1.7560241324405255, 1.1751515877794194, 1.1703873279085844, 1.0104239461161528, 1.0056283549013343, 0.9216902244338468, 0.9195178756145242, 0.8841264052360437]"
n8_block8_d3_stack_nonlinear_T32_s9401101,8,block,block,8,3,stack_nonlinear,32,9401101,408,24,9792,1,2,1088,0,0,0,0,0,0,"[0.0, 0.0, 0.0, 0.0, 0.0, 0.0, 0.0, 0.0]"
n8_block8_d3_stack_nonlinear_T32_s9401101,8,block,block,8,3,stack_nonlinear,32,9401101,408,24,9792,1,3,1088,0,0,0,0,0,0,"[0.0, 0.0, 0.0, 0.0, 0.0, 0.0, 0.0, 0.0]"
n8_block8_d3_stack_nonlinear_T32_s9401101,8,block,block,8,3,stack_nonlinear,32,9401101,408,24,9792,2,1,1088,1088,1088,1088,8,8,8,"[0.8582843336450173, 0.7527310582353041, 0.5150921158559055, 0.4421506362719384, 0.318253952845703, 0.20081693630153233, 0.14241801162900697, 0.0892337455746155]"
n8_block8_d3_stack_nonlinear_T32_s9401101,8,block,block,8,3,stack_nonlinear,32,9401101,408,24,9792,2,2,1088,1088,1088,1088,8,8,8,"[1.686319411668905, 1.2555320285220162, 1.2520277804127893, 0.8664324073022716, 0.8656089389753023, 0.7402578477737318, 0.739593048904208, 0.7351503379641711]"
n8_block8_d3_stack_nonlinear_T32_s9401101,8,block,block,8,3,stack_nonlinear,32,9401101,408,24,9792,2,3,1088,0,0,0,0,0,0,"[0.0, 0.0, 0.0, 0.0, 0.0, 0.0, 0.0, 0.0]"
n8_block8_d3_stack_nonlinear_T32_s9401101,8,block,block,8,3,stack_nonlinear,32,9401101,408,24,9792,3,1,1088,1088,1088,1088,8,8,8,"[0.3496951280890336, 0.24282146262683443, 0.16266144623047307, 0.15097339955136696, 0.08497484396859105, 0.07206387084764622, 0.04681866352368644, 0.02187306328616082]"
n8_block8_d3_stack_nonlinear_T32_s9401101,8,block,block,8,3,stack_nonlinear,32,9401101,408,24,9792,3,2,1088,1088,1088,1088,8,8,8,"[0.8179188741788721, 0.5903859292709076, 0.3473552079577242, 0.30426215855479616, 0.23110224262009807, 0.14900008808937654, 0.06510414207708963, 0.04471704199466056]"
n8_block8_d3_stack_nonlinear_T32_s9401101,8,block,block,8,3,stack_nonlinear,32,9401101,408,24,9792,3,3,1088,1088,1088,1088,8,8,8,"[1.6886309858516084, 1.055883028987679, 1.053394245821624, 0.7690460559201641, 0.7681730079125244, 0.73236790341409, 0.7310541441882955, 0.7298663039028501]"
n8_block8_d3_stack_nonlinear_T32_s9401102,8,block,block,8,3,stack_nonlinear,32,9401102,408,24,9792,1,1,1088,1088,1088,1088,8,8,8,"[1.7264728060570829, 1.1535104111054646, 1.146258865670502, 1.0363630046101981, 1.0338125049930331, 0.9403098267364255, 0.9359881265246665, 0.933852182113292]"
n8_block8_d3_stack_nonlinear_T32_s9401102,8,block,block,8,3,stack_nonlinear,32,9401102,408,24,9792,1,2,1088,0,0,0,0,0,0,"[0.0, 0.0, 0.0, 0.0, 0.0, 0.0, 0.0, 0.0]"
n8_block8_d3_stack_nonlinear_T32_s9401102,8,block,block,8,3,stack_nonlinear,32,9401102,408,24,9792,1,3,1088,0,0,0,0,0,0,"[0.0, 0.0, 0.0, 0.0, 0.0, 0.0, 0.0, 0.0]"
n8_block8_d3_stack_nonlinear_T32_s9401102,8,block,block,8,3,stack_nonlinear,32,9401102,408,24,9792,2,1,1088,1088,1088,1088,8,8,8,"[0.9638222783978432, 0.49668199788000367, 0.41037716286876047, 0.3968521731869076, 0.31860867157108586, 0.22533097182677095, 0.14315772088474707, 0.11987843440476728]"
n8_block8_d3_stack_nonlinear_T32_s9401102,8,block,block,8,3,stack_nonlinear,32,9401102,408,24,9792,2,2,1088,1088,1088,1088,8,8,8,"[1.6840614171507475, 1.006048589384807, 1.004916331997274, 0.9048311113731375, 0.9029141571652498, 0.7799796845507928, 0.779165464501663, 0.7599692855473642]"
n8_block8_d3_stack_nonlinear_T32_s9401102,8,block,block,8,3,stack_nonlinear,32,9401102,408,24,9792,2,3,1088,0,0,0,0,0,0,"[0.0, 0.0, 0.0, 0.0, 0.0, 0.0, 0.0, 0.0]"
n8_block8_d3_stack_nonlinear_T32_s9401102,8,block,block,8,3,stack_nonlinear,32,9401102,408,24,9792,3,1,1088,1088,1088,1088,8,8,8,"[0.33407433929936775, 0.22689405703499027, 0.189366597499307, 0.1399201225111388, 0.11104169974705302, 0.079164216775113, 0.07755345577149247, 0.06229702816486012]"
n8_block8_d3_stack_nonlinear_T32_s9401102,8,block,block,8,3,stack_nonlinear,32,9401102,408,24,9792,3,2,1088,1088,1088,1088,8,8,8,"[0.8462052718309783, 0.6186221261433091, 0.40164579235640085, 0.3289640434728265, 0.2525781787722262, 0.16045566783008938, 0.13118798193854977, 0.11869515300419828]"
n8_block8_d3_stack_nonlinear_T32_s9401102,8,block,block,8,3,stack_nonlinear,32,9401102,408,24,9792,3,3,1088,1088,1088,1088,8,8,8,"[1.6838027740896344, 1.1322546367185946, 1.1279076486354886, 0.9661903953350525, 0.9660385228659357, 0.7855596230469184, 0.7842029982945163, 0.7305292964737993]"
n8_block8_d3_stack_nonlinear_T32_s9401103,8,block,block,8,3,stack_nonlinear,32,9401103,408,24,9792,1,1,1088,1088,1088,1088,8,8,8,"[1.7149201669914953, 1.2475602918184419, 1.2428847241119294, 0.975921455180529, 0.973460344124701, 0.8862515344774143, 0.8826192369970575, 0.879647744592206]"
n8_block8_d3_stack_nonlinear_T32_s9401103,8,block,block,8,3,stack_nonlinear,32,9401103,408,24,9792,1,2,1088,0,0,0,0,0,0,"[0.0, 0.0, 0.0, 0.0, 0.0, 0.0, 0.0, 0.0]"
n8_block8_d3_stack_nonlinear_T32_s9401103,8,block,block,8,3,stack_nonlinear,32,9401103,408,24,9792,1,3,1088,0,0,0,0,0,0,"[0.0, 0.0, 0.0, 0.0, 0.0, 0.0, 0.0, 0.0]"
n8_block8_d3_stack_nonlinear_T32_s9401103,8,block,block,8,3,stack_nonlinear,32,9401103,408,24,9792,2,1,1088,1088,1088,1088,8,8,8,"[0.8448419670935472, 0.7293939097757196, 0.47435739931374227, 0.4188639030037354, 0.26691890362366394, 0.17777207128811642, 0.1323604699855131, 0.10249834575336055]"
n8_block8_d3_stack_nonlinear_T32_s9401103,8,block,block,8,3,stack_nonlinear,32,9401103,408,24,9792,2,2,1088,1088,1088,1088,8,8,8,"[1.6933762420633471, 1.055174356677641, 1.0535638756106438, 0.9525312552200311, 0.9512076165431917, 0.8174784269960534, 0.8162635948177586, 0.7545870851417582]"
n8_block8_d3_stack_nonlinear_T32_s9401103,8,block,block,8,3,stack_nonlinear,32,9401103,408,24,9792,2,3,1088,0,0,0,0,0,0,"[0.0, 0.0, 0.0, 0.0, 0.0, 0.0, 0.0, 0.0]"
n8_block8_d3_stack_nonlinear_T32_s9401103,8,block,block,8,3,stack_nonlinear,32,9401103,408,24,9792,3,1,1088,1088,1088,1088,8,8,8,"[0.30664737154756944, 0.26861817566850954, 0.21115931074458624, 0.11846689907641486, 0.09536852821440144, 0.06693920280407756, 0.05677350998929516, 0.04339505763917636]"
n8_block8_d3_stack_nonlinear_T32_s9401103,8,block,block,8,3,stack_nonlinear,32,9401103,408,24,9792,3,2,1088,1088,1088,1088,8,8,8,"[0.7763489382934387, 0.5287146071382255, 0.4477942674823661, 0.39503080225871695, 0.280510394884618, 0.19409362813884598, 0.09455600655894694, 0.07809233782334492]"
n8_block8_d3_stack_nonlinear_T32_s9401103,8,block,block,8,3,stack_nonlinear,32,9401103,408,24,9792,3,3,1088,1088,1088,1088,8,8,8,"[1.6801962507322385, 1.1942626776543501, 1.1926118809870345, 0.8100922295302744, 0.8098177910559524, 0.753270812415189, 0.7526846117115533, 0.7215787550530443]"
n8_block8_d3_stack_nonlinear_T32_s9401104,8,block,block,8,3,stack_nonlinear,32,9401104,408,24,9792,1,1,1088,1088,1088,1088,8,8,8,"[1.7091978680915458, 1.2076474756971498, 1.2049146628183809, 1.073352381157113, 1.0679331409918664, 1.0195609426479268, 1.0041025669436745, 0.9339701189855913]"
n8_block8_d3_stack_nonlinear_T32_s9401104,8,block,block,8,3,stack_nonlinear,32,9401104,408,24,9792,1,2,1088,0,0,0,0,0,0,"[0.0, 0.0, 0.0, 0.0, 0.0, 0.0, 0.0, 0.0]"
n8_block8_d3_stack_nonlinear_T32_s9401104,8,block,block,8,3,stack_nonlinear,32,9401104,408,24,9792,1,3,1088,0,0,0,0,0,0,"[0.0, 0.0, 0.0, 0.0, 0.0, 0.0, 0.0, 0.0]"
n8_block8_d3_stack_nonlinear_T32_s9401104,8,block,block,8,3,stack_nonlinear,32,9401104,408,24,9792,2,1,1088,1088,1088,1088,8,8,8,"[0.6832187487223526, 0.600003140333992, 0.5046998013391955, 0.38899577373743743, 0.3354249767045642, 0.2779686206956868, 0.2224776172909329, 0.16532919364778556]"
n8_block8_d3_stack_nonlinear_T32_s9401104,8,block,block,8,3,stack_nonlinear,32,9401104,408,24,9792,2,2,1088,1088,1088,1088,8,8,8,"[1.6859020934501692, 1.195222123569661, 1.1936638426177129, 1.1032739811654761, 1.101863306237584, 0.8275975454937309, 0.8269823716339559, 0.78406200069939]"
n8_block8_d3_stack_nonlinear_T32_s9401104,8,block,block,8,3,stack_nonlinear,32,9401104,408,24,9792,2,3,1088,0,0,0,0,0,0,"[0.0, 0.0, 0.0, 0.0, 0.0, 0.0, 0.0, 0.0]"
n8_block8_d3_stack_nonlinear_T32_s9401104,8,block,block,8,3,stack_nonlinear,32,9401104,408,24,9792,3,1,1088,1088,1088,1088,8,8,8,"[0.39068478996796774, 0.3128299854698411, 0.24696421263971008, 0.11602542095378614, 0.09764988883260504, 0.0814998441356623, 0.06679865179492904, 0.04833908048431426]"
n8_block8_d3_stack_nonlinear_T32_s9401104,8,block,block,8,3,stack_nonlinear,32,9401104,408,24,9792,3,2,1088,1088,1088,1088,8,8,8,"[0.8531820006386238, 0.6932813208665097, 0.42893937285310363, 0.3872888359419286, 0.24075929265373444, 0.20429385632877223, 0.17753418292548753, 0.090852723694086]"
n8_block8_d3_stack_nonlinear_T32_s9401104,8,block,block,8,3,stack_nonlinear,32,9401104,408,24,9792,3,3,1088,1088,1088,1088,8,8,8,"[1.676406018996407, 1.0565565939359616, 1.0550732371099925, 0.8017110937198443, 0.8007971064479524, 0.7566455063644432, 0.7547199898586129, 0.7211233062103161]"
n8_block8_d3_stack_nonlinear_T128_s9401100,8,block,block,8,3,stack_nonlinear,128,9401100,408,24,9792,1,1,1088,1088,1088,1088,8,8,8,"[1.7618731637498422, 1.3145215274728255, 1.3098615944767509, 1.0750773273370842, 1.0704287433128292, 0.9196251824527532, 0.9181582749457515, 0.9030842785788508]"
n8_block8_d3_stack_nonlinear_T128_s9401100,8,block,block,8,3,stack_nonlinear,128,9401100,408,24,9792,1,2,1088,0,0,0,0,0,0,"[0.0, 0.0, 0.0, 0.0, 0.0, 0.0, 0.0, 0.0]"
n8_block8_d3_stack_nonlinear_T128_s9401100,8,block,block,8,3,stack_nonlinear,128,9401100,408,24,9792,1,3,1088,0,0,0,0,0,0,"[0.0, 0.0, 0.0, 0.0, 0.0, 0.0, 0.0, 0.0]"
n8_block8_d3_stack_nonlinear_T128_s9401100,8,block,block,8,3,stack_nonlinear,128,9401100,408,24,9792,2,1,1088,1088,1088,1088,8,8,8,"[0.7415194481509656, 0.5848554968098278, 0.5102826638019533, 0.5025261021680553, 0.38927052946787327, 0.37965220318392595, 0.17509117585323822, 0.13369399904732313]"
n8_block8_d3_stack_nonlinear_T128_s9401100,8,block,block,8,3,stack_nonlinear,128,9401100,408,24,9792,2,2,1088,1088,1088,1088,8,8,8,"[1.6820658012416743, 1.0706660732104931, 1.070178293354206, 0.921996503281834, 0.9211948315522142, 0.7693096351977631, 0.768628855567198, 0.7472920786587283]"
n8_block8_d3_stack_nonlinear_T128_s9401100,8,block,block,8,3,stack_nonlinear,128,9401100,408,24,9792,2,3,1088,0,0,0,0,0,0,"[0.0, 0.0, 0.0, 0.0, 0.0, 0.0, 0.0, 0.0]"
n8_block8_d3_stack_nonlinear_T128_s9401100,8,block,block,8,3,stack_nonlinear,128,9401100,408,24,9792,3,1,1088,1088,1088,1088,8,8,8,"[0.3066684008383779, 0.26519216119084843, 0.18266835832511102, 0.12339848447295154, 0.07340849655143505, 0.06185762677143111, 0.04290257480637742, 0.028520066445541933]"
n8_block8_d3_stack_nonlinear_T128_s9401100,8,block,block,8,3,stack_nonlinear,128,9401100,408,24,9792,3,2,1088,1088,1088,1088,8,8,8,"[0.7003300253967514, 0.4912396635659922, 0.3662164689640765, 0.25126107992246255, 0.15082015732963092, 0.09991687320607316, 0.05257833103373417, 0.036269078649921786]"
n8_block8_d3_stack_nonlinear_T128_s9401100,8,block,block,8,3,stack_nonlinear,128,9401100,408,24,9792,3,3,1088,1088,1088,1088,8,8,8,"[1.676818148773163, 1.1586364888532108, 1.1582690444225123, 0.8189766887222956, 0.8185586426576621, 0.7387118814714556, 0.738681746324185, 0.7217402941555553]"
n8_block8_d3_stack_nonlinear_T128_s9401101,8,block,block,8,3,stack_nonlinear,128,9401101,408,24,9792,1,1,1088,1088,1088,1088,8,8,8,"[1.7383656131529666, 1.2360901516414808, 1.2163817480673103, 1.0642556791124844, 1.0611531951899726, 0.9855989957932377, 0.9832799991155248, 0.9689648830268991]"
n8_block8_d3_stack_nonlinear_T128_s9401101,8,block,block,8,3,stack_nonlinear,128,9401101,408,24,9792,1,2,1088,0,0,0,0,0,0,"[0.0, 0.0, 0.0, 0.0, 0.0, 0.0, 0.0, 0.0]"
n8_block8_d3_stack_nonlinear_T128_s9401101,8,block,block,8,3,stack_nonlinear,128,9401101,408,24,9792,1,3,1088,0,0,0,0,0,0,"[0.0, 0.0, 0.0, 0.0, 0.0, 0.0, 0.0, 0.0]"
n8_block8_d3_stack_nonlinear_T128_s9401101,8,block,block,8,3,stack_nonlinear,128,9401101,408,24,9792,2,1,1088,1088,1088,1088,8,8,8,"[0.8631929006365084, 0.7659958843231035, 0.5541333126367445, 0.46732712449074487, 0.33755651805023845, 0.2252469509602994, 0.1597122435890274, 0.09789777532524509]"
n8_block8_d3_stack_nonlinear_T128_s9401101,8,block,block,8,3,stack_nonlinear,128,9401101,408,24,9792,2,2,1088,1088,1088,1088,8,8,8,"[1.689590433186223, 1.2700935940476057, 1.262351622260262, 0.8962123309719087, 0.8938651786629083, 0.7939432611659203, 0.7926164231096856, 0.7883894765542844]"
n8_block8_d3_stack_nonlinear_T128_s9401101,8,block,block,8,3,stack_nonlinear,128,9401101,408,24,9792,2,3,1088,0,0,0,0,0,0,"[0.0, 0.0, 0.0, 0.0, 0.0, 0.0, 0.0, 0.0]"
n8_block8_d3_stack_nonlinear_T128_s9401101,8,block,block,8,3,stack_nonlinear,128,9401101,408,24,9792,3,1,1088,1088,1088,1088,8,8,8,"[0.36402013778364, 0.24697926137188753, 0.17456965750408537, 0.16288389850904236, 0.09572060196305811, 0.08071717954780953, 0.04643837281316222, 0.022540358698590144]"
n8_block8_d3_stack_nonlinear_T128_s9401101,8,block,block,8,3,stack_nonlinear,128,9401101,408,24,9792,3,2,1088,1088,1088,1088,8,8,8,"[0.827729955025891, 0.6054565993897165, 0.3594024969395686, 0.3271231493863837, 0.2443245562720742, 0.16120252151796713, 0.0955997748659242, 0.060405974289823514]"
n8_block8_d3_stack_nonlinear_T128_s9401101,8,block,block,8,3,stack_nonlinear,128,9401101,408,24,9792,3,3,1088,1088,1088,1088,8,8,8,"[1.6900279413007198, 1.0581976125958819, 1.055565202243452, 0.7714753623720632, 0.7709466920604345, 0.7357007067691673, 0.7344675215486928, 0.7341007146598734]"
n8_block8_d3_stack_nonlinear_T128_s9401102,8,block,block,8,3,stack_nonlinear,128,9401102,408,24,9792,1,1,1088,1088,1088,1088,8,8,8,"[1.7137131996758168, 1.0835124071931648, 1.0774419845606513, 0.9736766617524802, 0.9708322165934073, 0.8571893774014937, 0.8553130205926005, 0.8486392393851169]"
n8_block8_d3_stack_nonlinear_T128_s9401102,8,block,block,8,3,stack_nonlinear,128,9401102,408,24,9792,1,2,1088,0,0,0,0,0,0,"[0.0, 0.0, 0.0, 0.0, 0.0, 0.0, 0.0, 0.0]"
n8_block8_d3_stack_nonlinear_T128_s9401102,8,block,block,8,3,stack_nonlinear,128,9401102,408,24,9792,1,3,1088,0,0,0,0,0,0,"[0.0, 0.0, 0.0, 0.0, 0.0, 0.0, 0.0, 0.0]"
n8_block8_d3_stack_nonlinear_T128_s9401102,8,block,block,8,3,stack_nonlinear,128,9401102,408,24,9792,2,1,1088,1088,1088,1088,8,8,8,"[0.9653328059045, 0.4553390001549106, 0.3709525513946056, 0.35797403112238024, 0.27995383667689716, 0.19448100432259136, 0.13084995742332, 0.11326464978364845]"
n8_block8_d3_stack_nonlinear_T128_s9401102,8,block,block,8,3,stack_nonlinear,128,9401102,408,24,9792,2,2,1088,1088,1088,1088,8,8,8,"[1.6962906982457913, 1.0060482352418076, 1.0049706224724295, 0.9010774152834162, 0.8999810709755546, 0.7648139861512201, 0.7645850825660767, 0.7350962486454068]"
n8_block8_d3_stack_nonlinear_T128_s9401102,8,block,block,8,3,stack_nonlinear,128,9401102,408,24,9792,2,3,1088,0,0,0,0,0,0,"[0.0, 0.0, 0.0, 0.0, 0.0, 0.0, 0.0, 0.0]"
n8_block8_d3_stack_nonlinear_T128_s9401102,8,block,block,8,3,stack_nonlinear,128,9401102,408,24,9792,3,1,1088,1088,1088,1088,8,8,8,"[0.3096705370279695, 0.22124596494760584, 0.16296028042623173, 0.12838166764517886, 0.10133145373492723, 0.07370789191493897, 0.06528038810853466, 0.059733305481771255]"
n8_block8_d3_stack_nonlinear_T128_s9401102,8,block,block,8,3,stack_nonlinear,128,9401102,408,24,9792,3,2,1088,1088,1088,1088,8,8,8,"[0.8496459452726612, 0.6136765656133764, 0.39705905390840407, 0.32386760089878414, 0.2493476729115524, 0.1531234361052352, 0.1212728164348063, 0.1089519457985842]"
n8_block8_d3_stack_nonlinear_T128_s9401102,8,block,block,8,3,stack_nonlinear,128,9401102,408,24,9792,3,3,1088,1088,1088,1088,8,8,8,"[1.6802499140218392, 1.1276363955873754, 1.1260906710804461, 0.9623259638855364, 0.9614847743503457, 0.7826742919500795, 0.7821687477795064, 0.7272853284365184]"
n8_block8_d3_stack_nonlinear_T128_s9401103,8,block,block,8,3,stack_nonlinear,128,9401103,408,24,9792,1,1,1088,1088,1088,1088,8,8,8,"[1.761257004620967, 1.304037090210884, 1.2870372521268194, 1.0031711907401641, 0.9966771833599258, 0.9251867165998221, 0.9215890611967329, 0.8987724571215242]"
n8_block8_d3_stack_nonlinear_T128_s9401103,8,block,block,8,3,stack_nonlinear,128,9401103,408,24,9792,1,2,1088,0,0,0,0,0,0,"[0.0, 0.0, 0.0, 0.0, 0.0, 0.0, 0.0, 0.0]"
n8_block8_d3_stack_nonlinear_T128_s9401103,8,block,block,8,3,stack_nonlinear,128,9401103,408,24,9792,1,3,1088,0,0,0,0,0,0,"[0.0, 0.0, 0.0, 0.0, 0.0, 0.0, 0.0, 0.0]"
n8_block8_d3_stack_nonlinear_T128_s9401103,8,block,block,8,3,stack_nonlinear,128,9401103,408,24,9792,2,1,1088,1088,1088,1088,8,8,8,"[0.8384315953265103, 0.7553262968249498, 0.48376989733765247, 0.4168979733036, 0.258826320591395, 0.17475902283251218, 0.12658791717272927, 0.1062261876588224]"
n8_block8_d3_stack_nonlinear_T128_s9401103,8,block,block,8,3,stack_nonlinear,128,9401103,408,24,9792,2,2,1088,1088,1088,1088,8,8,8,"[1.7063338155550136, 1.0747373673917726, 1.0744211566434652, 0.9750448592484592, 0.9697332499784541, 0.8487149858002829, 0.8471916675180775, 0.8013061007023933]"
n8_block8_d3_stack_nonlinear_T128_s9401103,8,block,block,8,3,stack_nonlinear,128,9401103,408,24,9792,2,3,1088,0,0,0,0,0,0,"[0.0, 0.0, 0.0, 0.0, 0.0, 0.0, 0.0, 0.0]"
n8_block8_d3_stack_nonlinear_T128_s9401103,8,block,block,8,3,stack_nonlinear,128,9401103,408,24,9792,3,1,1088,1088,1088,1088,8,8,8,"[0.3129340914853847, 0.2675651957383796, 0.20341539261307381, 0.1083481169835564, 0.09209625276587671, 0.06597286179859392, 0.05595559018754214, 0.04303022004316799]"
n8_block8_d3_stack_nonlinear_T128_s9401103,8,block,block,8,3,stack_nonlinear,128,9401103,408,24,9792,3,2,1088,1088,1088,1088,8,8,8,"[0.7894684310232077, 0.5444628870493691, 0.4577411859728363, 0.4152761844089074, 0.28711505380932295, 0.20012067682798382, 0.1019782229279939, 0.0808894446740059]"
n8_block8_d3_stack_nonlinear_T128_s9401103,8,block,block,8,3,stack_nonlinear,128,9401103,408,24,9792,3,3,1088,1088,1088,1088,8,8,8,"[1.6782318361296895, 1.1935557757289552, 1.190088941625055, 0.8136252662908088, 0.813331520858743, 0.7584065625151136, 0.7581747116201242, 0.7282229875713799]"
n8_block8_d3_stack_nonlinear_T128_s9401104,8,block,block,8,3,stack_nonlinear,128,9401104,408,24,9792,1,1,1088,1088,1088,1088,8,8,8,"[1.7322440755299098, 1.1983831810698284, 1.1979477540775063, 1.0314052426280023, 1.0272906064441985, 0.9726005232252385, 0.968937775980822, 0.9292974304197631]"
n8_block8_d3_stack_nonlinear_T128_s9401104,8,block,block,8,3,stack_nonlinear,128,9401104,408,24,9792,1,2,1088,0,0,0,0,0,0,"[0.0, 0.0, 0.0, 0.0, 0.0, 0.0, 0.0, 0.0]"
n8_block8_d3_stack_nonlinear_T128_s9401104,8,block,block,8,3,stack_nonlinear,128,9401104,408,24,9792,1,3,1088,0,0,0,0,0,0,"[0.0, 0.0, 0.0, 0.0, 0.0, 0.0, 0.0, 0.0]"
n8_block8_d3_stack_nonlinear_T128_s9401104,8,block,block,8,3,stack_nonlinear,128,9401104,408,24,9792,2,1,1088,1088,1088,1088,8,8,8,"[0.6882473472762006, 0.5999770626788501, 0.49384015175478013, 0.38273207542766335, 0.32675662625879087, 0.26441015513658395, 0.2154780704748163, 0.1444715881527553]"
n8_block8_d3_stack_nonlinear_T128_s9401104,8,block,block,8,3,stack_nonlinear,128,9401104,408,24,9792,2,2,1088,1088,1088,1088,8,8,8,"[1.6864409466182928, 1.1899685078185127, 1.188567650619574, 1.0924966924585706, 1.091722339420359, 0.7957608786215417, 0.7950358508227047, 0.747317198258508]"
n8_block8_d3_stack_nonlinear_T128_s9401104,8,block,block,8,3,stack_nonlinear,128,9401104,408,24,9792,2,3,1088,0,0,0,0,0,0,"[0.0, 0.0, 0.0, 0.0, 0.0, 0.0, 0.0, 0.0]"
n8_block8_d3_stack_nonlinear_T128_s9401104,8,block,block,8,3,stack_nonlinear,128,9401104,408,24,9792,3,1,1088,1088,1088,1088,8,8,8,"[0.3927506449834765, 0.31497820299769286, 0.23701638401109554, 0.11430353420634734, 0.08782540336129831, 0.08018291506568204, 0.06694153066938806, 0.04966252441915343]"
n8_block8_d3_stack_nonlinear_T128_s9401104,8,block,block,8,3,stack_nonlinear,128,9401104,408,24,9792,3,2,1088,1088,1088,1088,8,8,8,"[0.8514833330316114, 0.6788855461850068, 0.40927969728427094, 0.3841347430621337, 0.22678650078950915, 0.18668184473971106, 0.17552248125993067, 0.08602037369464995]"
n8_block8_d3_stack_nonlinear_T128_s9401104,8,block,block,8,3,stack_nonlinear,128,9401104,408,24,9792,3,3,1088,1088,1088,1088,8,8,8,"[1.6781977897433455, 1.055881014254252, 1.055274199269513, 0.801968725238448, 0.8017428328891544, 0.7573376729868968, 0.756664464317525, 0.7233242674695813]"
n8_lowrank0_d1_stack_nonlinear_T32_s9401100,8,lowrank,lowrank,0,1,stack_nonlinear,32,9401100,80,8,640,1,1,640,80,80,80,8,8,8,"[2.032845483131627, 1.932472059429127, 1.9284406243292325, 1.7795406914161163, 1.71443053520092, 1.5520847823571466, 1.4479662974083884, 1.4196571997989857]"
n8_lowrank0_d1_stack_nonlinear_T32_s9401101,8,lowrank,lowrank,0,1,stack_nonlinear,32,9401101,80,8,640,1,1,640,80,80,80,8,8,8,"[1.9993259742055933, 1.863742802862236, 1.856031467332489, 1.8271327765146814, 1.6677503480659626, 1.6643714909129097, 1.499804006171867, 1.4491066924798126]"
n8_lowrank0_d1_stack_nonlinear_T32_s9401102,8,lowrank,lowrank,0,1,stack_nonlinear,32,9401102,80,8,640,1,1,640,80,80,80,8,8,8,"[1.8981474965982832, 1.715352374919094, 1.688771480878576, 1.6637688223344345, 1.58436401865512, 1.581197404261198, 1.4385068193161805, 1.3350885173593279]"
n8_lowrank0_d1_stack_nonlinear_T32_s9401103,8,lowrank,lowrank,0,1,stack_nonlinear,32,9401103,80,8,640,1,1,640,80,80,80,8,8,8,"[1.9657772651508876, 1.661772537223797, 1.626543557476154, 1.6212206187405387, 1.4542003129886132, 1.3656242732901138, 1.3533762974197414, 1.3154747863632035]"
n8_lowrank0_d1_stack_nonlinear_T32_s9401104,8,lowrank,lowrank,0,1,stack_nonlinear,32,9401104,80,8,640,1,1,640,80,80,80,8,8,8,"[1.8510479953984753, 1.7898332764073717, 1.6835712030656627, 1.6358716299691334, 1.5806256291833327, 1.5315148515580832, 1.387948046987014, 1.3269080095772467]"
n8_lowrank0_d1_stack_nonlinear_T128_s9401100,8,lowrank,lowrank,0,1,stack_nonlinear,128,9401100,80,8,640,1,1,640,80,80,80,8,8,8,"[2.0072202178809944, 1.9393392175718074, 1.917309718005681, 1.7248936001704684, 1.6574436300107327, 1.502311954616106, 1.4441066005788659, 1.417116020806636]"
n8_lowrank0_d1_stack_nonlinear_T128_s9401101,8,lowrank,lowrank,0,1,stack_nonlinear,128,9401101,80,8,640,1,1,640,80,80,80,8,8,8,"[2.016007458829398, 1.8818406782865889, 1.8279496247894174, 1.8066164028378473, 1.6679801463781971, 1.6581850636175481, 1.5150627255664306, 1.4464014246975838]"
n8_lowrank0_d1_stack_nonlinear_T128_s9401102,8,lowrank,lowrank,0,1,stack_nonlinear,128,9401102,80,8,640,1,1,640,80,80,80,8,8,8,"[1.8963237012322705, 1.7230023756471908, 1.6843418961692724, 1.6633628428780545, 1.552534439738933, 1.5506697495203734, 1.422198065509981, 1.2862326929787267]"
n8_lowrank0_d1_stack_nonlinear_T128_s9401103,8,lowrank,lowrank,0,1,stack_nonlinear,128,9401103,80,8,640,1,1,640,80,80,80,8,8,8,"[1.9880402977824627, 1.7290395030466257, 1.675428867220932, 1.6754271324292895, 1.5166803185106783, 1.4147175067353706, 1.401469983167505, 1.3844758012600542]"
n8_lowrank0_d1_stack_nonlinear_T128_s9401104,8,lowrank,lowrank,0,1,stack_nonlinear,128,9401104,80,8,640,1,1,640,80,80,80,8,8,8,"[1.8665319734702497, 1.8134273336692104, 1.7155513640095295, 1.6491376228558026, 1.5987759584045849, 1.556374974963333, 1.3946703428683844, 1.3398716893704035]"
n8_lowrank0_d2_stack_nonlinear_T32_s9401100,8,lowrank,lowrank,0,2,stack_nonlinear,32,9401100,160,16,2560,1,1,640,80,80,80,8,8,8,"[2.032845483131627, 1.932472059429127, 1.9284406243292325, 1.7795406914161163, 1.71443053520092, 1.5520847823571466, 1.4479662974083884, 1.4196571997989857]"
n8_lowrank0_d2_stack_nonlinear_T32_s9401100,8,lowrank,lowrank,0,2,stack_nonlinear,32,9401100,160,16,2560,1,2,640,0,0,0,0,0,0,"[0.0, 0.0, 0.0, 0.0, 0.0, 0.0, 0.0, 0.0]"
n8_lowrank0_d2_stack_nonlinear_T32_s9401100,8,lowrank,lowrank,0,2,stack_nonlinear,32,9401100,160,16,2560,2,1,640,640,640,640,8,8,8,"[1.952125327588154, 1.678482320186988, 1.210328911804438, 1.0960578191265145, 0.7317257456269078, 0.5521898597603129, 0.3476961841247771, 0.10718232855265838]"
n8_lowrank0_d2_stack_nonlinear_T32_s9401100,8,lowrank,lowrank,0,2,stack_nonlinear,32,9401100,160,16,2560,2,2,640,80,80,80,8,8,8,"[1.9465110434385862, 1.8473441810298104, 1.6102151172755788, 1.5896663076795163, 1.588052456540179, 1.5356956223932672, 1.5231128566420409, 1.4773424478189272]"
n8_lowrank0_d2_stack_nonlinear_T32_s9401101,8,lowrank,lowrank,0,2,stack_nonlinear,32,9401101,160,16,2560,1,1,640,80,80,80,8,8,8,"[1.9993259742055933, 1.863742802862236, 1.856031467332489, 1.8271327765146814, 1.6677503480659626, 1.6643714909129097, 1.499804006171867, 1.4491066924798126]"
n8_lowrank0_d2_stack_nonlinear_T32_s9401101,8,lowrank,lowrank,0,2,stack_nonlinear,32,9401101,160,16,2560,1,2,640,0,0,0,0,0,0,"[0.0, 0.0, 0.0, 0.0, 0.0, 0.0, 0.0, 0.0]"
n8_lowrank0_d2_stack_nonlinear_T32_s9401101,8,lowrank,lowrank,0,2,stack_nonlinear,32,9401101,160,16,2560,2,1,640,640,640,640,8,8,8,"[1.609683717348032, 1.2993224429567127, 0.8959384647428006, 0.8115442682396283, 0.6194354857191999, 0.5121196542356085, 0.23238352113890814, 0.107156369302337]"
n8_lowrank0_d2_stack_nonlinear_T32_s9401101,8,lowrank,lowrank,0,2,stack_nonlinear,32,9401101,160,16,2560,2,2,640,80,80,80,8,8,8,"[1.8694258564774113, 1.7527714837043038, 1.667285840294631, 1.6507944530696956, 1.6093235759174658, 1.4711586743122829, 1.40304396535016, 1.349826671601867]"
n8_lowrank0_d2_stack_nonlinear_T32_s9401102,8,lowrank,lowrank,0,2,stack_nonlinear,32,9401102,160,16,2560,1,1,640,80,80,80,8,8,8,"[1.8981474965982832, 1.715352374919094, 1.688771480878576, 1.6637688223344345, 1.58436401865512, 1.581197404261198, 1.4385068193161805, 1.3350885173593279]"
n8_lowrank0_d2_stack_nonlinear_T32_s9401102,8,lowrank,lowrank,0,2,stack_nonlinear,32,9401102,160,16,2560,1,2,640,0,0,0,0,0,0,"[0.0, 0.0, 0.0, 0.0, 0.0, 0.0, 0.0, 0.0]"
n8_lowrank0_d2_stack_nonlinear_T32_s9401102,8,lowrank,lowrank,0,2,stack_nonlinear,32,9401102,160,16,2560,2,1,640,640,640,640,8,8,8,"[2.146684696536604, 1.4754467630110417, 1.1443280662813093, 0.8839815597354361, 0.4376201101313336, 0.4002260440437005, 0.12610181233081486, 0.04155846445935964]"
n8_lowrank0_d2_stack_nonlinear_T32_s9401102,8,lowrank,lowrank,0,2,stack_nonlinear,32,9401102,160,16,2560,2,2,640,80,80,80,8,8,8,"[1.9384927677767805, 1.9232255210129618, 1.881298444548333, 1.809936000150121, 1.520479618202044, 1.4984608490592244, 1.4529732015646055, 1.314202012490367]"
n8_lowrank0_d2_stack_nonlinear_T32_s9401103,8,lowrank,lowrank,0,2,stack_nonlinear,32,9401103,160,16,2560,1,1,640,80,80,80,8,8,8,"[1.9657772651508876, 1.661772537223797, 1.626543557476154, 1.6212206187405387, 1.4542003129886132, 1.3656242732901138, 1.3533762974197414, 1.3154747863632035]"
n8_lowrank0_d2_stack_nonlinear_T32_s9401103,8,lowrank,lowrank,0,2,stack_nonlinear,32,9401103,160,16,2560,1,2,640,0,0,0,0,0,0,"[0.0, 0.0, 0.0, 0.0, 0.0, 0.0, 0.0, 0.0]"
n8_lowrank0_d2_stack_nonlinear_T32_s9401103,8,lowrank,lowrank,0,2,stack_nonlinear,32,9401103,160,16,2560,2,1,640,640,640,640,8,8,8,"[1.8058426094538964, 1.5281549690425915, 1.2350645008549637, 1.007368854873358, 0.6681976866610534, 0.5711315338379257, 0.46926935932197394, 0.11100553689112454]"
n8_lowrank0_d2_stack_nonlinear_T32_s9401103,8,lowrank,lowrank,0,2,stack_nonlinear,32,9401103,160,16,2560,2,2,640,80,80,80,8,8,8,"[1.8305317086568895, 1.7920804228804366, 1.7814966662517833, 1.719489578282824, 1.5790765166264562, 1.489110417349773, 1.4420331708710132, 1.361931160035225]"
n8_lowrank0_d2_stack_nonlinear_T32_s9401104,8,lowrank,lowrank,0,2,stack_nonlinear,32,9401104,160,16,2560,1,1,640,80,80,80,8,8,8,"[1.8510479953984753, 1.7898332764073717, 1.6835712030656627, 1.6358716299691334, 1.5806256291833327, 1.5315148515580832, 1.387948046987014, 1.3269080095772467]"
n8_lowrank0_d2_stack_nonlinear_T32_s9401104,8,lowrank,lowrank,0,2,stack_nonlinear,32,9401104,160,16,2560,1,2,640,0,0,0,0,0,0,"[0.0, 0.0, 0.0, 0.0, 0.0, 0.0, 0.0, 0.0]"
n8_lowrank0_d2_stack_nonlinear_T32_s9401104,8,lowrank,lowrank,0,2,stack_nonlinear,32,9401104,160,16,2560,2,1,640,640,640,640,8,8,8,"[1.695043518277046, 1.4598507766819275, 1.2374532806584613, 0.9181756901543507, 0.6480096613313802, 0.4093232448197874, 0.35892441784912077, 0.10283641952527084]"
n8_lowrank0_d2_stack_nonlinear_T32_s9401104,8,lowrank,lowrank,0,2,stack_nonlinear,32,9401104,160,16,2560,2,2,640,80,80,80,8,8,8,"[1.8386953299455537, 1.706129476395368, 1.509276427070942, 1.499834599066587, 1.4473406416978656, 1.4081676867104256, 1.33237057183894, 1.2885425055249256]"
n8_lowrank0_d2_stack_nonlinear_T128_s9401100,8,lowrank,lowrank,0,2,stack_nonlinear,128,9401100,160,16,2560,1,1,640,80,80,80,8,8,8,"[2.0072202178809944, 1.9393392175718074, 1.917309718005681, 1.7248936001704684, 1.6574436300107327, 1.502311954616106, 1.4441066005788659, 1.417116020806636]"
n8_lowrank0_d2_stack_nonlinear_T128_s9401100,8,lowrank,lowrank,0,2,stack_nonlinear,128,9401100,160,16,2560,1,2,640,0,0,0,0,0,0,"[0.0, 0.0, 0.0, 0.0, 0.0, 0.0, 0.0, 0.0]"
n8_lowrank0_d2_stack_nonlinear_T128_s9401100,8,lowrank,lowrank,0,2,stack_nonlinear,128,9401100,160,16,2560,2,1,640,640,640,640,8,8,8,"[1.9191300150661181, 1.6687442746393863, 1.1891179926948023, 1.067928226306616, 0.7056441345539609, 0.5441331600387932, 0.33988935205306275, 0.1049952424879822]"
n8_lowrank0_d2_stack_nonlinear_T128_s9401100,8,lowrank,lowrank,0,2,stack_nonlinear,128,9401100,160,16,2560,2,2,640,80,80,80,8,8,8,"[1.9680722875740366, 1.8644190809694723, 1.6372673981351047, 1.6092898058566754, 1.56815412070704, 1.5618559441046203, 1.5341575771420142, 1.489985845060619]"
n8_lowrank0_d2_stack_nonlinear_T128_s9401101,8,lowrank,lowrank,0,2,stack_nonlinear,128,9401101,160,16,2560,1,1,640,80,80,80,8,8,8,"[2.016007458829398, 1.8818406782865889, 1.8279496247894174, 1.8066164028378473, 1.6679801463781971, 1.6581850636175481, 1.5150627255664306, 1.4464014246975838]"
n8_lowrank0_d2_stack_nonlinear_T128_s9401101,8,lowrank,lowrank,0,2,stack_nonlinear,128,9401101,160,16,2560,1,2,640,0,0,0,0,0,0,"[0.0, 0.0, 0.0, 0.0, 0.0, 0.0, 0.0, 0.0]"
n8_lowrank0_d2_stack_nonlinear_T128_s9401101,8,lowrank,lowrank,0,2,stack_nonlinear,128,9401101,160,16,2560,2,1,640,640,640,640,8,8,8,"[1.614814045590325, 1.2911378080244567, 0.9005742235707703, 0.8209874969914723, 0.6128949685356996, 0.5070860890670967, 0.231626731715671, 0.10730395980714745]"
n8_lowrank0_d2_stack_nonlinear_T128_s9401101,8,lowrank,lowrank,0,2,stack_nonlinear,128,9401101,160,16,2560,2,2,640,80,80,80,8,8,8,"[1.8527613456516132, 1.7193559021121374, 1.6196638157391532, 1.614110002988071, 1.569559565065811, 1.42465288832585, 1.3621284648664733, 1.3110237401483433]"
n8_lowrank0_d2_stack_nonlinear_T128_s9401102,8,lowrank,lowrank,0,2,stack_nonlinear,128,9401102,160,16,2560,1,1,640,80,80,80,8,8,8,"[1.8963237012322705, 1.7230023756471908, 1.6843418961692724, 1.6633628428780545, 1.552534439738933, 1.5506697495203734, 1.422198065509981, 1.2862326929787267]"
n8_lowrank0_d2_stack_nonlinear_T128_s9401102,8,lowrank,lowrank,0,2,stack_nonlinear,128,9401102,160,16,2560,1,2,640,0,0,0,0,0,0,"[0.0, 0.0, 0.0, 0.0, 0.0, 0.0, 0.0, 0.0]"
n8_lowrank0_d2_stack_nonlinear_T128_s9401102,8,lowrank,lowrank,0,2,stack_nonlinear,128,9401102,160,16,2560,2,1,640,640,640,640,8,8,8,"[2.1399655854113404, 1.4865961893213462, 1.1506893045115392, 0.8797155600956795, 0.43693864479628663, 0.40223539855104223, 0.12348273247108572, 0.027221791327121228]"
n8_lowrank0_d2_stack_nonlinear_T128_s9401102,8,lowrank,lowrank,0,2,stack_nonlinear,128,9401102,160,16,2560,2,2,640,80,80,80,8,8,8,"[1.9500940794296424, 1.9424127162075844, 1.8884137204897733, 1.8102175541560859, 1.5197094710008048, 1.489412350966709, 1.4435712746463707, 1.307146047035551]"
n8_lowrank0_d2_stack_nonlinear_T128_s9401103,8,lowrank,lowrank,0,2,stack_nonlinear,128,9401103,160,16,2560,1,1,640,80,80,80,8,8,8,"[1.9880402977824627, 1.7290395030466257, 1.675428867220932, 1.6754271324292895, 1.5166803185106783, 1.4147175067353706, 1.401469983167505, 1.3844758012600542]"
n8_lowrank0_d2_stack_nonlinear_T128_s9401103,8,lowrank,lowrank,0,2,stack_nonlinear,128,9401103,160,16,2560,1,2,640,0,0,0,0,0,0,"[0.0, 0.0, 0.0, 0.0, 0.0, 0.0, 0.0, 0.0]"
n8_lowrank0_d2_stack_nonlinear_T128_s9401103,8,lowrank,lowrank,0,2,stack_nonlinear,128,9401103,160,16,2560,2,1,640,640,640,640,8,8,8,"[1.8475481297477583, 1.54938161552996, 1.2436911382742613, 1.0169471482649217, 0.6751514708875608, 0.575923783912216, 0.47528187131661576, 0.11387878184417806]"
n8_lowrank0_d2_stack_nonlinear_T128_s9401103,8,lowrank,lowrank,0,2,stack_nonlinear,128,9401103,160,16,2560,2,2,640,80,80,80,8,8,8,"[1.8271186228552605, 1.801687606781605, 1.7975132159607778, 1.7162929787693146, 1.5860608058271861, 1.504975526027278, 1.4571565594097626, 1.3759924029846817]"
n8_lowrank0_d2_stack_nonlinear_T128_s9401104,8,lowrank,lowrank,0,2,stack_nonlinear,128,9401104,160,16,2560,1,1,640,80,80,80,8,8,8,"[1.8665319734702497, 1.8134273336692104, 1.7155513640095295, 1.6491376228558026, 1.5987759584045849, 1.556374974963333, 1.3946703428683844, 1.3398716893704035]"
n8_lowrank0_d2_stack_nonlinear_T128_s9401104,8,lowrank,lowrank,0,2,stack_nonlinear,128,9401104,160,16,2560,1,2,640,0,0,0,0,0,0,"[0.0, 0.0, 0.0, 0.0, 0.0, 0.0, 0.0, 0.0]"
n8_lowrank0_d2_stack_nonlinear_T128_s9401104,8,lowrank,lowrank,0,2,stack_nonlinear,128,9401104,160,16,2560,2,1,640,640,640,640,8,8,8,"[1.7124866764156779, 1.4833945308866736, 1.258716217802093, 0.9276021331770795, 0.6568042303689577, 0.41515402531318935, 0.36440491603275443, 0.1055860324103871]"
n8_lowrank0_d2_stack_nonlinear_T128_s9401104,8,lowrank,lowrank,0,2,stack_nonlinear,128,9401104,160,16,2560,2,2,640,80,80,80,8,8,8,"[1.8392897272045106, 1.7106134727103808, 1.5068922770560411, 1.4979617560479301, 1.4438558472510739, 1.404123889641483, 1.3274914777036295, 1.2840878978413948]"
n8_lowrank0_d3_stack_nonlinear_T32_s9401100,8,lowrank,lowrank,0,3,stack_nonlinear,32,9401100,240,24,5760,1,1,640,80,80,80,8,8,8,"[2.032845483131627, 1.932472059429127, 1.9284406243292325, 1.7795406914161163, 1.71443053520092, 1.5520847823571466, 1.4479662974083884, 1.4196571997989857]"
n8_lowrank0_d3_stack_nonlinear_T32_s9401100,8,lowrank,lowrank,0,3,stack_nonlinear,32,9401100,240,24,5760,1,2,640,0,0,0,0,0,0,"[0.0, 0.0, 0.0, 0.0, 0.0, 0.0, 0.0, 0.0]"
n8_lowrank0_d3_stack_nonlinear_T32_s9401100,8,lowrank,lowrank,0,3,stack_nonlinear,32,9401100,240,24,5760,1,3,640,0,0,0,0,0,0,"[0.0, 0.0, 0.0, 0.0, 0.0, 0.0, 0.0, 0.0]"
n8_lowrank0_d3_stack_nonlinear_T32_s9401100,8,lowrank,lowrank,0,3,stack_nonlinear,32,9401100,240,24,5760,2,1,640,640,640,640,8,8,8,"[1.952125327588154, 1.678482320186988, 1.210328911804438, 1.0960578191265145, 0.7317257456269078, 0.5521898597603129, 0.3476961841247771, 0.10718232855265838]"
n8_lowrank0_d3_stack_nonlinear_T32_s9401100,8,lowrank,lowrank,0,3,stack_nonlinear,32,9401100,240,24,5760,2,2,640,80,80,80,8,8,8,"[1.9465110434385862, 1.8473441810298104, 1.6102151172755788, 1.5896663076795163, 1.588052456540179, 1.5356956223932672, 1.5231128566420409, 1.4773424478189272]"
n8_lowrank0_d3_stack_nonlinear_T32_s9401100,8,lowrank,lowrank,0,3,stack_nonlinear,32,9401100,240,24,5760,2,3,640,0,0,0,0,0,0,"[0.0, 0.0, 0.0, 0.0, 0.0, 0.0, 0.0, 0.0]"
n8_lowrank0_d3_stack_nonlinear_T32_s9401100,8,lowrank,lowrank,0,3,stack_nonlinear,32,9401100,240,24,5760,3,1,640,640,640,640,8,8,8,"[1.2361354063340395, 1.0491979222876653, 0.6447121992251449, 0.39661984446702025, 0.33801908335999503, 0.24599096828669714, 0.11756505618205768, 0.01252327199895321]"
n8_lowrank0_d3_stack_nonlinear_T32_s9401100,8,lowrank,lowrank,0,3,stack_nonlinear,32,9401100,240,24,5760,3,2,640,640,640,640,8,8,8,"[1.6549496111756685, 1.5063751287932008, 1.2762437764108938, 0.9458669319180063, 0.6300728411895801, 0.507022679507613, 0.3454481403511607, 0.009369763395254796]"
n8_lowrank0_d3_stack_nonlinear_T32_s9401100,8,lowrank,lowrank,0,3,stack_nonlinear,32,9401100,240,24,5760,3,3,640,80,80,80,8,8,8,"[1.7940759687470105, 1.6713054262098008, 1.670940158700667, 1.6638473735694512, 1.510124428556598, 1.5001789141718267, 1.3548046048822553, 1.3365879867810375]"
n8_lowrank0_d3_stack_nonlinear_T32_s9401101,8,lowrank,lowrank,0,3,stack_nonlinear,32,9401101,240,24,5760,1,1,640,80,80,80,8,8,8,"[1.9993259742055933, 1.863742802862236, 1.856031467332489, 1.8271327765146814, 1.6677503480659626, 1.6643714909129097, 1.499804006171867, 1.4491066924798126]"
n8_lowrank0_d3_stack_nonlinear_T32_s9401101,8,lowrank,lowrank,0,3,stack_nonlinear,32,9401101,240,24,5760,1,2,640,0,0,0,0,0,0,"[0.0, 0.0, 0.0, 0.0, 0.0, 0.0, 0.0, 0.0]"
n8_lowrank0_d3_stack_nonlinear_T32_s9401101,8,lowrank,lowrank,0,3,stack_nonlinear,32,9401101,240,24,5760,1,3,640,0,0,0,0,0,0,"[0.0, 0.0, 0.0, 0.0, 0.0, 0.0, 0.0, 0.0]"
n8_lowrank0_d3_stack_nonlinear_T32_s9401101,8,lowrank,lowrank,0,3,stack_nonlinear,32,9401101,240,24,5760,2,1,640,640,640,640,8,8,8,"[1.609683717348032, 1.2993224429567127, 0.8959384647428006, 0.8115442682396283, 0.6194354857191999, 0.5121196542356085, 0.23238352113890814, 0.107156369302337]"
n8_lowrank0_d3_stack_nonlinear_T32_s9401101,8,lowrank,lowrank,0,3,stack_nonlinear,32,9401101,240,24,5760,2,2,640,80,80,80,8,8,8,"[1.8694258564774113, 1.7527714837043038, 1.667285840294631, 1.6507944530696956, 1.6093235759174658, 1.4711586743122829, 1.40304396535016, 1.349826671601867]"
n8_lowrank0_d3_stack_nonlinear_T32_s9401101,8,lowrank,lowrank,0,3,stack_nonlinear,32,9401101,240,24,5760,2,3,640,0,0,0,0,0,0,"[0.0, 0.0, 0.0, 0.0, 0.0, 0.0, 0.0, 0.0]"
n8_lowrank0_d3_stack_nonlinear_T32_s9401101,8,lowrank,lowrank,0,3,stack_nonlinear,32,9401101,240,24,5760,3,1,640,640,640,640,8,8,8,"[0.9823347694448282, 0.9052236757917703, 0.6116211831205691, 0.35176998995840214, 0.259770409916302, 0.11043686179993184, 0.0732748166503587, 0.008718983927663413]"
n8_lowrank0_d3_stack_nonlinear_T32_s9401101,8,lowrank,lowrank,0,3,stack_nonlinear,32,9401101,240,24,5760,3,2,640,640,640,640,8,8,8,"[1.6882971477490807, 1.5085506256727337, 1.0543670546452724, 0.9693436157637949, 0.5618624923101228, 0.4521074036147011, 0.23353263564147064, 0.023560970126565203]"
n8_lowrank0_d3_stack_nonlinear_T32_s9401101,8,lowrank,lowrank,0,3,stack_nonlinear,32,9401101,240,24,5760,3,3,640,80,80,80,8,8,8,"[1.907541003123597, 1.634569755150705, 1.6183239227037298, 1.6101971553522267, 1.6065370430156443, 1.6011226784843113, 1.4166600318983797, 1.3506487944187893]"
n8_lowrank0_d3_stack_nonlinear_T32_s9401102,8,lowrank,lowrank,0,3,stack_nonlinear,32,9401102,240,24,5760,1,1,640,80,80,80,8,8,8,"[1.8981474965982832, 1.715352374919094, 1.688771480878576, 1.6637688223344345, 1.58436401865512, 1.581197404261198, 1.4385068193161805, 1.3350885173593279]"
n8_lowrank0_d3_stack_nonlinear_T32_s9401102,8,lowrank,lowrank,0,3,stack_nonlinear,32,9401102,240,24,5760,1,2,640,0,0,0,0,0,0,"[0.0, 0.0, 0.0, 0.0, 0.0, 0.0, 0.0, 0.0]"
n8_lowrank0_d3_stack_nonlinear_T32_s9401102,8,lowrank,lowrank,0,3,stack_nonlinear,32,9401102,240,24,5760,1,3,640,0,0,0,0,0,0,"[0.0, 0.0, 0.0, 0.0, 0.0, 0.0, 0.0, 0.0]"
n8_lowrank0_d3_stack_nonlinear_T32_s9401102,8,lowrank,lowrank,0,3,stack_nonlinear,32,9401102,240,24,5760,2,1,640,640,640,640,8,8,8,"[2.146684696536604, 1.4754467630110417, 1.1443280662813093, 0.8839815597354361, 0.4376201101313336, 0.4002260440437005, 0.12610181233081486, 0.04155846445935964]"
n8_lowrank0_d3_stack_nonlinear_T32_s9401102,8,lowrank,lowrank,0,3,stack_nonlinear,32,9401102,240,24,5760,2,2,640,80,80,80,8,8,8,"[1.9384927677767805, 1.9232255210129618, 1.881298444548333, 1.809936000150121, 1.520479618202044, 1.4984608490592244, 1.4529732015646055, 1.314202012490367]"
n8_lowrank0_d3_stack_nonlinear_T32_s9401102,8,lowrank,lowrank,0,3,stack_nonlinear,32,9401102,240,24,5760,2,3,640,0,0,0,0,0,0,"[0.0, 0.0, 0.0, 0.0, 0.0, 0.0, 0.0, 0.0]"
n8_lowrank0_d3_stack_nonlinear_T32_s9401102,8,lowrank,lowrank,0,3,stack_nonlinear,32,9401102,240,24,5760,3,1,640,640,640,640,8,8,8,"[1.3899780521238412, 0.996682862565612, 0.6172133991876648, 0.38292442792445786, 0.2919513485045457, 0.13471135186010946, 0.08335493766263263, 0.008803245802338041]"
n8_lowrank0_d3_stack_nonlinear_T32_s9401102,8,lowrank,lowrank,0,3,stack_nonlinear,32,9401102,240,24,5760,3,2,640,640,640,640,8,8,8,"[1.8957845137041756, 1.7093169611389918, 1.454645392997282, 1.246816762580412, 0.8472821747177681, 0.7650903344868263, 0.45380394337629537, 0.0935122513315437]"
n8_lowrank0_d3_stack_nonlinear_T32_s9401102,8,lowrank,lowrank,0,3,stack_nonlinear,32,9401102,240,24,5760,3,3,640,80,80,80,8,8,8,"[1.8969082147339065, 1.8143519194554656, 1.7991084764958307, 1.7488916031191035, 1.7193375291387545, 1.6169178546866319, 1.5665138715448386, 1.3171654332171046]"
n8_lowrank0_d3_stack_nonlinear_T32_s9401103,8,lowrank,lowrank,0,3,stack_nonlinear,32,9401103,240,24,5760,1,1,640,80,80,80,8,8,8,"[1.9657772651508876, 1.661772537223797, 1.626543557476154, 1.6212206187405387, 1.4542003129886132, 1.3656242732901138, 1.3533762974197414, 1.3154747863632035]"
n8_lowrank0_d3_stack_nonlinear_T32_s9401103,8,lowrank,lowrank,0,3,stack_nonlinear,32,9401103,240,24,5760,1,2,640,0,0,0,0,0,0,"[0.0, 0.0, 0.0, 0.0, 0.0, 0.0, 0.0, 0.0]"
n8_lowrank0_d3_stack_nonlinear_T32_s9401103,8,lowrank,lowrank,0,3,stack_nonlinear,32,9401103,240,24,5760,1,3,640,0,0,0,0,0,0,"[0.0, 0.0, 0.0, 0.0, 0.0, 0.0, 0.0, 0.0]"
n8_lowrank0_d3_stack_nonlinear_T32_s9401103,8,lowrank,lowrank,0,3,stack_nonlinear,32,9401103,240,24,5760,2,1,640,640,640,640,8,8,8,"[1.8058426094538964, 1.5281549690425915, 1.2350645008549637, 1.007368854873358, 0.6681976866610534, 0.5711315338379257, 0.46926935932197394, 0.11100553689112454]"
n8_lowrank0_d3_stack_nonlinear_T32_s9401103,8,lowrank,lowrank,0,3,stack_nonlinear,32,9401103,240,24,5760,2,2,640,80,80,80,8,8,8,"[1.8305317086568895, 1.7920804228804366, 1.7814966662517833, 1.719489578282824, 1.5790765166264562, 1.489110417349773, 1.4420331708710132, 1.361931160035225]"
n8_lowrank0_d3_stack_nonlinear_T32_s9401103,8,lowrank,lowrank,0,3,stack_nonlinear,32,9401103,240,24,5760,2,3,640,0,0,0,0,0,0,"[0.0, 0.0, 0.0, 0.0, 0.0, 0.0, 0.0, 0.0]"
n8_lowrank0_d3_stack_nonlinear_T32_s9401103,8,lowrank,lowrank,0,3,stack_nonlinear,32,9401103,240,24,5760,3,1,640,640,640,640,8,8,8,"[1.2938423348329937, 0.9777771147822503, 0.5671179341403835, 0.3168336062746963, 0.22069025973204187, 0.1705576632583872, 0.07435160815935798, 0.01825482265088073]"
n8_lowrank0_d3_stack_nonlinear_T32_s9401103,8,lowrank,lowrank,0,3,stack_nonlinear,32,9401103,240,24,5760,3,2,640,640,640,640,8,8,8,"[1.838904587878379, 1.2613218704529008, 1.043296497372699, 0.8401278017249262, 0.6229876646205177, 0.3571002942077641, 0.2915146368624636, 0.04570121850754646]"
n8_lowrank0_d3_stack_nonlinear_T32_s9401103,8,lowrank,lowrank,0,3,stack_nonlinear,32,9401103,240,24,5760,3,3,640,80,80,80,8,8,8,"[1.9300812047023215, 1.5776453423863592, 1.5287727181598598, 1.3591421257079628, 1.3415091185336248, 1.3380065291608438, 1.3362820697343625, 1.2870844202033138]"
n8_lowrank0_d3_stack_nonlinear_T32_s9401104,8,lowrank,lowrank,0,3,stack_nonlinear,32,9401104,240,24,5760,1,1,640,80,80,80,8,8,8,"[1.8510479953984753, 1.7898332764073717, 1.6835712030656627, 1.6358716299691334, 1.5806256291833327, 1.5315148515580832, 1.387948046987014, 1.3269080095772467]"
n8_lowrank0_d3_stack_nonlinear_T32_s9401104,8,lowrank,lowrank,0,3,stack_nonlinear,32,9401104,240,24,5760,1,2,640,0,0,0,0,0,0,"[0.0, 0.0, 0.0, 0.0, 0.0, 0.0, 0.0, 0.0]"
n8_lowrank0_d3_stack_nonlinear_T32_s9401104,8,lowrank,lowrank,0,3,stack_nonlinear,32,9401104,240,24,5760,1,3,640,0,0,0,0,0,0,"[0.0, 0.0, 0.0, 0.0, 0.0, 0.0, 0.0, 0.0]"
n8_lowrank0_d3_stack_nonlinear_T32_s9401104,8,lowrank,lowrank,0,3,stack_nonlinear,32,9401104,240,24,5760,2,1,640,640,640,640,8,8,8,"[1.695043518277046, 1.4598507766819275, 1.2374532806584613, 0.9181756901543507, 0.6480096613313802, 0.4093232448197874, 0.35892441784912077, 0.10283641952527084]"
n8_lowrank0_d3_stack_nonlinear_T32_s9401104,8,lowrank,lowrank,0,3,stack_nonlinear,32,9401104,240,24,5760,2,2,640,80,80,80,8,8,8,"[1.8386953299455537, 1.706129476395368, 1.509276427070942, 1.499834599066587, 1.4473406416978656, 1.4081676867104256, 1.33237057183894, 1.2885425055249256]"
n8_lowrank0_d3_stack_nonlinear_T32_s9401104,8,lowrank,lowrank,0,3,stack_nonlinear,32,9401104,240,24,5760,2,3,640,0,0,0,0,0,0,"[0.0, 0.0, 0.0, 0.0, 0.0, 0.0, 0.0, 0.0]"
n8_lowrank0_d3_stack_nonlinear_T32_s9401104,8,lowrank,lowrank,0,3,stack_nonlinear,32,9401104,240,24,5760,3,1,640,640,640,640,8,8,8,"[1.1886133106178876, 0.9769008917929997, 0.6254008258824204, 0.5265560009134127, 0.2750822290938359, 0.1453281739834351, 0.04949491122611832, 0.016471129197220616]"
n8_lowrank0_d3_stack_nonlinear_T32_s9401104,8,lowrank,lowrank,0,3,stack_nonlinear,32,9401104,240,24,5760,3,2,640,640,640,640,8,8,8,"[1.8016744414887094, 1.5142256817632995, 1.0644899351918753, 0.8261965120317468, 0.6265613418584879, 0.44524455252109246, 0.20909454234291633, 0.08002449082571139]"
n8_lowrank0_d3_stack_nonlinear_T32_s9401104,8,lowrank,lowrank,0,3,stack_nonlinear,32,9401104,240,24,5760,3,3,640,80,80,80,8,8,8,"[1.9310855121522763, 1.8067904170513276, 1.6393215356009274, 1.610353507398602, 1.5824898335019912, 1.5627723943402476, 1.4558310671622576, 1.317892382373362]"
n8_lowrank0_d3_stack_nonlinear_T128_s9401100,8,lowrank,lowrank,0,3,stack_nonlinear,128,9401100,240,24,5760,1,1,640,80,80,80,8,8,8,"[2.0072202178809944, 1.9393392175718074, 1.917309718005681, 1.7248936001704684, 1.6574436300107327, 1.502311954616106, 1.4441066005788659, 1.417116020806636]"
n8_lowrank0_d3_stack_nonlinear_T128_s9401100,8,lowrank,lowrank,0,3,stack_nonlinear,128,9401100,240,24,5760,1,2,640,0,0,0,0,0,0,"[0.0, 0.0, 0.0, 0.0, 0.0, 0.0, 0.0, 0.0]"
n8_lowrank0_d3_stack_nonlinear_T128_s9401100,8,lowrank,lowrank,0,3,stack_nonlinear,128,9401100,240,24,5760,1,3,640,0,0,0,0,0,0,"[0.0, 0.0, 0.0, 0.0, 0.0, 0.0, 0.0, 0.0]"
n8_lowrank0_d3_stack_nonlinear_T128_s9401100,8,lowrank,lowrank,0,3,stack_nonlinear,128,9401100,240,24,5760,2,1,640,640,640,640,8,8,8,"[1.9191300150661181, 1.6687442746393863, 1.1891179926948023, 1.067928226306616, 0.7056441345539609, 0.5441331600387932, 0.33988935205306275, 0.1049952424879822]"
n8_lowrank0_d3_stack_nonlinear_T128_s9401100,8,lowrank,lowrank,0,3,stack_nonlinear,128,9401100,240,24,5760,2,2,640,80,80,80,8,8,8,"[1.9680722875740366, 1.8644190809694723, 1.6372673981351047, 1.6092898058566754, 1.56815412070704, 1.5618559441046203, 1.5341575771420142, 1.489985845060619]"
n8_lowrank0_d3_stack_nonlinear_T128_s9401100,8,lowrank,lowrank,0,3,stack_nonlinear,128,9401100,240,24,5760,2,3,640,0,0,0,0,0,0,"[0.0, 0.0, 0.0, 0.0, 0.0, 0.0, 0.0, 0.0]"
n8_lowrank0_d3_stack_nonlinear_T128_s9401100,8,lowrank,lowrank,0,3,stack_nonlinear,128,9401100,240,24,5760,3,1,640,640,640,640,8,8,8,"[1.2049988131251628, 1.044287541275084, 0.6335358483946146, 0.38881355917428606, 0.3311438170081279, 0.24199017500015604, 0.11485147518325461, 0.014112817051596227]"
n8_lowrank0_d3_stack_nonlinear_T128_s9401100,8,lowrank,lowrank,0,3,stack_nonlinear,128,9401100,240,24,5760,3,2,640,640,640,640,8,8,8,"[1.6544217177977887, 1.5085356460625186, 1.2760222229919809, 0.9536816518600296, 0.6245375812621758, 0.5101877462070832, 0.3468594141086863, 0.01128380891441978]"
n8_lowrank0_d3_stack_nonlinear_T128_s9401100,8,lowrank,lowrank,0,3,stack_nonlinear,128,9401100,240,24,5760,3,3,640,80,80,80,8,8,8,"[1.8073929583632304, 1.6981097722197478, 1.6819386939245637, 1.6788296392562814, 1.5270499854884612, 1.5189569205864049, 1.365408388316946, 1.3549244310567685]"
n8_lowrank0_d3_stack_nonlinear_T128_s9401101,8,lowrank,lowrank,0,3,stack_nonlinear,128,9401101,240,24,5760,1,1,640,80,80,80,8,8,8,"[2.016007458829398, 1.8818406782865889, 1.8279496247894174, 1.8066164028378473, 1.6679801463781971, 1.6581850636175481, 1.5150627255664306, 1.4464014246975838]"
n8_lowrank0_d3_stack_nonlinear_T128_s9401101,8,lowrank,lowrank,0,3,stack_nonlinear,128,9401101,240,24,5760,1,2,640,0,0,0,0,0,0,"[0.0, 0.0, 0.0, 0.0, 0.0, 0.0, 0.0, 0.0]"
n8_lowrank0_d3_stack_nonlinear_T128_s9401101,8,lowrank,lowrank,0,3,stack_nonlinear,128,9401101,240,24,5760,1,3,640,0,0,0,0,0,0,"[0.0, 0.0, 0.0, 0.0, 0.0, 0.0, 0.0, 0.0]"
n8_lowrank0_d3_stack_nonlinear_T128_s9401101,8,lowrank,lowrank,0,3,stack_nonlinear,128,9401101,240,24,5760,2,1,640,640,640,640,8,8,8,"[1.614814045590325, 1.2911378080244567, 0.9005742235707703, 0.8209874969914723, 0.6128949685356996, 0.5070860890670967, 0.231626731715671, 0.10730395980714745]"
n8_lowrank0_d3_stack_nonlinear_T128_s9401101,8,lowrank,lowrank,0,3,stack_nonlinear,128,9401101,240,24,5760,2,2,640,80,80,80,8,8,8,"[1.8527613456516132, 1.7193559021121374, 1.6196638157391532, 1.614110002988071, 1.569559565065811, 1.42465288832585, 1.3621284648664733, 1.3110237401483433]"
n8_lowrank0_d3_stack_nonlinear_T128_s9401101,8,lowrank,lowrank,0,3,stack_nonlinear,128,9401101,240,24,5760,2,3,640,0,0,0,0,0,0,"[0.0, 0.0, 0.0, 0.0, 0.0, 0.0, 0.0, 0.0]"
n8_lowrank0_d3_stack_nonlinear_T128_s9401101,8,lowrank,lowrank,0,3,stack_nonlinear,128,9401101,240,24,5760,3,1,640,640,640,640,8,8,8,"[0.9748282788492698, 0.8901381874671338, 0.6169553573660498, 0.3534135092191593, 0.25776649158486853, 0.10971697290368153, 0.07383191443387437, 0.011465881899772924]"
n8_lowrank0_d3_stack_nonlinear_T128_s9401101,8,lowrank,lowrank,0,3,stack_nonlinear,128,9401101,240,24,5760,3,2,640,640,640,640,8,8,8,"[1.6712817122322132, 1.4792922895668692, 1.0541634642171787, 0.9595928795131886, 0.5531351927656646, 0.4457280417531895, 0.2294461378772912, 0.024499101848017624]"
n8_lowrank0_d3_stack_nonlinear_T128_s9401101,8,lowrank,lowrank,0,3,stack_nonlinear,128,9401101,240,24,5760,3,3,640,80,80,80,8,8,8,"[1.8793323873637628, 1.6250740688901504, 1.6073694229521096, 1.5998407429497503, 1.5969938949018025, 1.5950925895580224, 1.407323352554815, 1.3462340847765082]"
n8_lowrank0_d3_stack_nonlinear_T128_s9401102,8,lowrank,lowrank,0,3,stack_nonlinear,128,9401102,240,24,5760,1,1,640,80,80,80,8,8,8,"[1.8963237012322705, 1.7230023756471908, 1.6843418961692724, 1.6633628428780545, 1.552534439738933, 1.5506697495203734, 1.422198065509981, 1.2862326929787267]"
n8_lowrank0_d3_stack_nonlinear_T128_s9401102,8,lowrank,lowrank,0,3,stack_nonlinear,128,9401102,240,24,5760,1,2,640,0,0,0,0,0,0,"[0.0, 0.0, 0.0, 0.0, 0.0, 0.0, 0.0, 0.0]"
n8_lowrank0_d3_stack_nonlinear_T128_s9401102,8,lowrank,lowrank,0,3,stack_nonlinear,128,9401102,240,24,5760,1,3,640,0,0,0,0,0,0,"[0.0, 0.0, 0.0, 0.0, 0.0, 0.0, 0.0, 0.0]"
n8_lowrank0_d3_stack_nonlinear_T128_s9401102,8,lowrank,lowrank,0,3,stack_nonlinear,128,9401102,240,24,5760,2,1,640,640,640,640,8,8,8,"[2.1399655854113404, 1.4865961893213462, 1.1506893045115392, 0.8797155600956795, 0.43693864479628663, 0.40223539855104223, 0.12348273247108572, 0.027221791327121228]"
n8_lowrank0_d3_stack_nonlinear_T128_s9401102,8,lowrank,lowrank,0,3,stack_nonlinear,128,9401102,240,24,5760,2,2,640,80,80,80,8,8,8,"[1.9500940794296424, 1.9424127162075844, 1.8884137204897733, 1.8102175541560859, 1.5197094710008048, 1.489412350966709, 1.4435712746463707, 1.307146047035551]"
n8_lowrank0_d3_stack_nonlinear_T128_s9401102,8,lowrank,lowrank,0,3,stack_nonlinear,128,9401102,240,24,5760,2,3,640,0,0,0,0,0,0,"[0.0, 0.0, 0.0, 0.0, 0.0, 0.0, 0.0, 0.0]"
n8_lowrank0_d3_stack_nonlinear_T128_s9401102,8,lowrank,lowrank,0,3,stack_nonlinear,128,9401102,240,24,5760,3,1,640,640,640,640,8,8,8,"[1.3917632423803656, 0.998280279679584, 0.6182109675983758, 0.3825970058320024, 0.29247297031178965, 0.13191238793166238, 0.08343409484757222, 0.007165083336872225]"
n8_lowrank0_d3_stack_nonlinear_T128_s9401102,8,lowrank,lowrank,0,3,stack_nonlinear,128,9401102,240,24,5760,3,2,640,640,640,640,8,8,8,"[1.9038974186891071, 1.7129970729612538, 1.4604805817281947, 1.2597954868674104, 0.849633421603024, 0.7664053061450639, 0.4539710310799206, 0.09255011290798576]"
n8_lowrank0_d3_stack_nonlinear_T128_s9401102,8,lowrank,lowrank,0,3,stack_nonlinear,128,9401102,240,24,5760,3,3,640,80,80,80,8,8,8,"[1.9013738956989883, 1.8137261813876258, 1.8022424012974543, 1.7416885460536289, 1.7194330269403546, 1.6118049336353109, 1.5770561553522746, 1.3154586273520885]"
n8_lowrank0_d3_stack_nonlinear_T128_s9401103,8,lowrank,lowrank,0,3,stack_nonlinear,128,9401103,240,24,5760,1,1,640,80,80,80,8,8,8,"[1.9880402977824627, 1.7290395030466257, 1.675428867220932, 1.6754271324292895, 1.5166803185106783, 1.4147175067353706, 1.401469983167505, 1.3844758012600542]"
n8_lowrank0_d3_stack_nonlinear_T128_s9401103,8,lowrank,lowrank,0,3,stack_nonlinear,128,9401103,240,24,5760,1,2,640,0,0,0,0,0,0,"[0.0, 0.0, 0.0, 0.0, 0.0, 0.0, 0.0, 0.0]"
n8_lowrank0_d3_stack_nonlinear_T128_s9401103,8,lowrank,lowrank,0,3,stack_nonlinear,128,9401103,240,24,5760,1,3,640,0,0,0,0,0,0,"[0.0, 0.0, 0.0, 0.0, 0.0, 0.0, 0.0, 0.0]"
n8_lowrank0_d3_stack_nonlinear_T128_s9401103,8,lowrank,lowrank,0,3,stack_nonlinear,128,9401103,240,24,5760,2,1,640,640,640,640,8,8,8,"[1.8475481297477583, 1.54938161552996, 1.2436911382742613, 1.0169471482649217, 0.6751514708875608, 0.575923783912216, 0.47528187131661576, 0.11387878184417806]"
n8_lowrank0_d3_stack_nonlinear_T128_s9401103,8,lowrank,lowrank,0,3,stack_nonlinear,128,9401103,240,24,5760,2,2,640,80,80,80,8,8,8,"[1.8271186228552605, 1.801687606781605, 1.7975132159607778, 1.7162929787693146, 1.5860608058271861, 1.504975526027278, 1.4571565594097626, 1.3759924029846817]"
n8_lowrank0_d3_stack_nonlinear_T128_s9401103,8,lowrank,lowrank,0,3,stack_nonlinear,128,9401103,240,24,5760,2,3,640,0,0,0,0,0,0,"[0.0, 0.0, 0.0, 0.0, 0.0, 0.0, 0.0, 0.0]"
n8_lowrank0_d3_stack_nonlinear_T128_s9401103,8,lowrank,lowrank,0,3,stack_nonlinear,128,9401103,240,24,5760,3,1,640,640,640,640,8,8,8,"[1.293648521042181, 0.9816184504130105, 0.5729592750007636, 0.3208931817520548, 0.22170693418502777, 0.16993442151554822, 0.07535465372619708, 0.01999620595673951]"
n8_lowrank0_d3_stack_nonlinear_T128_s9401103,8,lowrank,lowrank,0,3,stack_nonlinear,128,9401103,240,24,5760,3,2,640,640,640,640,8,8,8,"[1.8323391956017538, 1.2656938488261777, 1.038055571107778, 0.8422109265892397, 0.6208181928442588, 0.3576912985875203, 0.29099413823034775, 0.04594195834962951]"
n8_lowrank0_d3_stack_nonlinear_T128_s9401103,8,lowrank,lowrank,0,3,stack_nonlinear,128,9401103,240,24,5760,3,3,640,80,80,80,8,8,8,"[1.9465924575447444, 1.5812055142119885, 1.5394154536786575, 1.3719111325914095, 1.3561862732735783, 1.3504778194170246, 1.3500173033684204, 1.299980274364391]"
n8_lowrank0_d3_stack_nonlinear_T128_s9401104,8,lowrank,lowrank,0,3,stack_nonlinear,128,9401104,240,24,5760,1,1,640,80,80,80,8,8,8,"[1.8665319734702497, 1.8134273336692104, 1.7155513640095295, 1.6491376228558026, 1.5987759584045849, 1.556374974963333, 1.3946703428683844, 1.3398716893704035]"
n8_lowrank0_d3_stack_nonlinear_T128_s9401104,8,lowrank,lowrank,0,3,stack_nonlinear,128,9401104,240,24,5760,1,2,640,0,0,0,0,0,0,"[0.0, 0.0, 0.0, 0.0, 0.0, 0.0, 0.0, 0.0]"
n8_lowrank0_d3_stack_nonlinear_T128_s9401104,8,lowrank,lowrank,0,3,stack_nonlinear,128,9401104,240,24,5760,1,3,640,0,0,0,0,0,0,"[0.0, 0.0, 0.0, 0.0, 0.0, 0.0, 0.0, 0.0]"
n8_lowrank0_d3_stack_nonlinear_T128_s9401104,8,lowrank,lowrank,0,3,stack_nonlinear,128,9401104,240,24,5760,2,1,640,640,640,640,8,8,8,"[1.7124866764156779, 1.4833945308866736, 1.258716217802093, 0.9276021331770795, 0.6568042303689577, 0.41515402531318935, 0.36440491603275443, 0.1055860324103871]"
n8_lowrank0_d3_stack_nonlinear_T128_s9401104,8,lowrank,lowrank,0,3,stack_nonlinear,128,9401104,240,24,5760,2,2,640,80,80,80,8,8,8,"[1.8392897272045106, 1.7106134727103808, 1.5068922770560411, 1.4979617560479301, 1.4438558472510739, 1.404123889641483, 1.3274914777036295, 1.2840878978413948]"
n8_lowrank0_d3_stack_nonlinear_T128_s9401104,8,lowrank,lowrank,0,3,stack_nonlinear,128,9401104,240,24,5760,2,3,640,0,0,0,0,0,0,"[0.0, 0.0, 0.0, 0.0, 0.0, 0.0, 0.0, 0.0]"
n8_lowrank0_d3_stack_nonlinear_T128_s9401104,8,lowrank,lowrank,0,3,stack_nonlinear,128,9401104,240,24,5760,3,1,640,640,640,640,8,8,8,"[1.19122358031752, 0.9821486175745769, 0.6355423620765877, 0.537628142691508, 0.27768222518719154, 0.1457414302423205, 0.05035440277627775, 0.01823121170603589]"
n8_lowrank0_d3_stack_nonlinear_T128_s9401104,8,lowrank,lowrank,0,3,stack_nonlinear,128,9401104,240,24,5760,3,2,640,640,640,640,8,8,8,"[1.8019281065475528, 1.5184017222953434, 1.066614021799525, 0.8264043581414111, 0.6310447156029235, 0.4448104478904012, 0.20947681950915198, 0.07963425649187252]"
n8_lowrank0_d3_stack_nonlinear_T128_s9401104,8,lowrank,lowrank,0,3,stack_nonlinear,128,9401104,240,24,5760,3,3,640,80,80,80,8,8,8,"[1.9319897481368347, 1.8080528465076386, 1.6387967312718386, 1.6098111038630702, 1.5853199582834496, 1.563630404460109, 1.4562472994702935, 1.318014606045905]"
n8_lowrank1_d1_stack_nonlinear_T32_s9401100,8,lowrank,lowrank,1,1,stack_nonlinear,32,9401100,96,8,768,1,1,768,768,768,768,8,8,8,"[2.022225147457913, 1.9455709621830857, 1.8872734812316982, 1.855406653481842, 1.7122955653328202, 1.571489242162754, 1.533793164920521, 1.3794354847818586]"
n8_lowrank1_d1_stack_nonlinear_T32_s9401101,8,lowrank,lowrank,1,1,stack_nonlinear,32,9401101,96,8,768,1,1,768,768,768,768,8,8,8,"[2.1209602461968453, 1.987834601493621, 1.8916949349302288, 1.7612468481504524, 1.6567892801521626, 1.6129292756670937, 1.5190084346808428, 1.479525753743486]"
n8_lowrank1_d1_stack_nonlinear_T32_s9401102,8,lowrank,lowrank,1,1,stack_nonlinear,32,9401102,96,8,768,1,1,768,768,768,768,8,8,8,"[1.8726013722557304, 1.7749002816863566, 1.6962345525974911, 1.6360758172441836, 1.5767451566931978, 1.4966975533590612, 1.405849972488265, 1.252879679084556]"
n8_lowrank1_d1_stack_nonlinear_T32_s9401103,8,lowrank,lowrank,1,1,stack_nonlinear,32,9401103,96,8,768,1,1,768,768,768,768,8,8,8,"[1.9741941519033162, 1.708551041237707, 1.6467374523854945, 1.6085971162101542, 1.457638922512461, 1.348246596865777, 1.3135304800933567, 1.1691518453897765]"
n8_lowrank1_d1_stack_nonlinear_T32_s9401104,8,lowrank,lowrank,1,1,stack_nonlinear,32,9401104,96,8,768,1,1,768,768,768,768,8,8,8,"[1.9713287408815106, 1.852886507578491, 1.737353289563799, 1.6991528315900288, 1.5795221710464393, 1.5218478643203242, 1.3235666867021283, 1.2855270995425485]"
n8_lowrank1_d1_stack_nonlinear_T128_s9401100,8,lowrank,lowrank,1,1,stack_nonlinear,128,9401100,96,8,768,1,1,768,768,768,768,8,8,8,"[1.9540840962495134, 1.924235227451592, 1.868016427580309, 1.8384471262088191, 1.6835783877773043, 1.5386158827890501, 1.5059723367550595, 1.3478857628785161]"
n8_lowrank1_d1_stack_nonlinear_T128_s9401101,8,lowrank,lowrank,1,1,stack_nonlinear,128,9401101,96,8,768,1,1,768,768,768,768,8,8,8,"[2.0974956650918903, 1.9863659430317109, 1.8346912432473677, 1.7747445986496817, 1.6618578161995798, 1.62287287761084, 1.508779491291675, 1.464737071590544]"
n8_lowrank1_d1_stack_nonlinear_T128_s9401102,8,lowrank,lowrank,1,1,stack_nonlinear,128,9401102,96,8,768,1,1,768,768,768,768,8,8,8,"[1.848017141931713, 1.7830298204208952, 1.6818029419725766, 1.6327844422786102, 1.5666280474927192, 1.4813786913505418, 1.3903337946778052, 1.22278244879519]"
n8_lowrank1_d1_stack_nonlinear_T128_s9401103,8,lowrank,lowrank,1,1,stack_nonlinear,128,9401103,96,8,768,1,1,768,768,768,768,8,8,8,"[2.0281498771839845, 1.7524711652929226, 1.6814168984370352, 1.6638211335605047, 1.518452729531669, 1.4174700964257911, 1.3847930797290926, 1.2450011045222953]"
n8_lowrank1_d1_stack_nonlinear_T128_s9401104,8,lowrank,lowrank,1,1,stack_nonlinear,128,9401104,96,8,768,1,1,768,768,768,768,8,8,8,"[2.0006182760754188, 1.86950095175553, 1.7656705588188861, 1.7204229623193477, 1.5926055732495368, 1.5390686685248884, 1.351316763387501, 1.3079116682260539]"
n8_lowrank1_d2_stack_nonlinear_T32_s9401100,8,lowrank,lowrank,1,2,stack_nonlinear,32,9401100,192,16,3072,1,1,768,768,768,768,8,8,8,"[2.0222251474579136, 1.9455709621830855, 1.887273481231699, 1.8554066534818427, 1.7122955653328205, 1.5714892421627544, 1.533793164920521, 1.3794354847818584]"
n8_lowrank1_d2_stack_nonlinear_T32_s9401100,8,lowrank,lowrank,1,2,stack_nonlinear,32,9401100,192,16,3072,1,2,768,0,0,0,0,0,0,"[0.0, 0.0, 0.0, 0.0, 0.0, 0.0, 0.0, 0.0]"
n8_lowrank1_d2_stack_nonlinear_T32_s9401100,8,lowrank,lowrank,1,2,stack_nonlinear,32,9401100,192,16,3072,2,1,768,768,768,768,8,8,8,"[1.789570880306899, 1.5022362771839268, 1.1575492244629304, 0.979737807854081, 0.8276361170107431, 0.2952257134156465, 0.27648150151256135, 0.0493629897306314]"
n8_lowrank1_d2_stack_nonlinear_T32_s9401100,8,lowrank,lowrank,1,2,stack_nonlinear,32,9401100,192,16,3072,2,2,768,768,768,768,8,8,8,"[1.9807483766569225, 1.920712466362857, 1.806249977959906, 1.583771560205585, 1.5702060910006652, 1.537231908119731, 1.3994712629485475, 1.304159512044924]"
n8_lowrank1_d2_stack_nonlinear_T32_s9401101,8,lowrank,lowrank,1,2,stack_nonlinear,32,9401101,192,16,3072,1,1,768,768,768,768,8,8,8,"[2.1209602461968453, 1.9878346014936206, 1.8916949349302272, 1.7612468481504526, 1.6567892801521626, 1.6129292756670932, 1.5190084346808428, 1.479525753743486]"
n8_lowrank1_d2_stack_nonlinear_T32_s9401101,8,lowrank,lowrank,1,2,stack_nonlinear,32,9401101,192,16,3072,1,2,768,0,0,0,0,0,0,"[0.0, 0.0, 0.0, 0.0, 0.0, 0.0, 0.0, 0.0]"
n8_lowrank1_d2_stack_nonlinear_T32_s9401101,8,lowrank,lowrank,1,2,stack_nonlinear,32,9401101,192,16,3072,2,1,768,768,768,768,8,8,8,"[1.511954014756188, 1.016475600735085, 0.9138826853671316, 0.6754314628460744, 0.5231609403858174, 0.4788944669654371, 0.3098616732298192, 0.14295729968880658]"
n8_lowrank1_d2_stack_nonlinear_T32_s9401101,8,lowrank,lowrank,1,2,stack_nonlinear,32,9401101,192,16,3072,2,2,768,768,768,768,8,8,8,"[2.0102609590018417, 1.7903540636767525, 1.6717319531851151, 1.647571978539258, 1.6158563892808706, 1.478451753324942, 1.439704778905228, 1.3178539684218966]"
n8_lowrank1_d2_stack_nonlinear_T32_s9401102,8,lowrank,lowrank,1,2,stack_nonlinear,32,9401102,192,16,3072,1,1,768,768,768,768,8,8,8,"[1.8726013722557302, 1.7749002816863566, 1.6962345525974911, 1.6360758172441836, 1.5767451566931985, 1.4966975533590607, 1.405849972488265, 1.2528796790845556]"
n8_lowrank1_d2_stack_nonlinear_T32_s9401102,8,lowrank,lowrank,1,2,stack_nonlinear,32,9401102,192,16,3072,1,2,768,0,0,0,0,0,0,"[0.0, 0.0, 0.0, 0.0, 0.0, 0.0, 0.0, 0.0]"
n8_lowrank1_d2_stack_nonlinear_T32_s9401102,8,lowrank,lowrank,1,2,stack_nonlinear,32,9401102,192,16,3072,2,1,768,768,768,768,8,8,8,"[1.7672658465116937, 1.6870613191040393, 1.3140084780775896, 0.6341639912448814, 0.41604240131008446, 0.3963076788717974, 0.2545489138048818, 0.10938067499689919]"
n8_lowrank1_d2_stack_nonlinear_T32_s9401102,8,lowrank,lowrank,1,2,stack_nonlinear,32,9401102,192,16,3072,2,2,768,768,768,768,8,8,8,"[1.9166949696199838, 1.7950772319525408, 1.6846828003137746, 1.6169079820120253, 1.5922092236950367, 1.4503533932239991, 1.3292792146773809, 1.2859366274183968]"
n8_lowrank1_d2_stack_nonlinear_T32_s9401103,8,lowrank,lowrank,1,2,stack_nonlinear,32,9401103,192,16,3072,1,1,768,768,768,768,8,8,8,"[1.9741941519033162, 1.708551041237707, 1.6467374523854947, 1.6085971162101542, 1.457638922512461, 1.348246596865777, 1.313530480093357, 1.1691518453897765]"
n8_lowrank1_d2_stack_nonlinear_T32_s9401103,8,lowrank,lowrank,1,2,stack_nonlinear,32,9401103,192,16,3072,1,2,768,0,0,0,0,0,0,"[0.0, 0.0, 0.0, 0.0, 0.0, 0.0, 0.0, 0.0]"
n8_lowrank1_d2_stack_nonlinear_T32_s9401103,8,lowrank,lowrank,1,2,stack_nonlinear,32,9401103,192,16,3072,2,1,768,768,768,768,8,8,8,"[1.6908391737955755, 1.4879023217827758, 1.2887270811504956, 0.6968672498369978, 0.5001493866303086, 0.4156463892536042, 0.2755907717441456, 0.04668231532185339]"
n8_lowrank1_d2_stack_nonlinear_T32_s9401103,8,lowrank,lowrank,1,2,stack_nonlinear,32,9401103,192,16,3072,2,2,768,768,768,768,8,8,8,"[2.077560051371729, 1.9272224781381095, 1.7095516938572837, 1.460913129474339, 1.4059506806700406, 1.365846383690397, 1.319487884059898, 1.273095692650142]"
n8_lowrank1_d2_stack_nonlinear_T32_s9401104,8,lowrank,lowrank,1,2,stack_nonlinear,32,9401104,192,16,3072,1,1,768,768,768,768,8,8,8,"[1.9713287408815106, 1.8528865075784904, 1.737353289563799, 1.6991528315900288, 1.579522171046439, 1.5218478643203237, 1.3235666867021283, 1.2855270995425487]"
n8_lowrank1_d2_stack_nonlinear_T32_s9401104,8,lowrank,lowrank,1,2,stack_nonlinear,32,9401104,192,16,3072,1,2,768,0,0,0,0,0,0,"[0.0, 0.0, 0.0, 0.0, 0.0, 0.0, 0.0, 0.0]"
n8_lowrank1_d2_stack_nonlinear_T32_s9401104,8,lowrank,lowrank,1,2,stack_nonlinear,32,9401104,192,16,3072,2,1,768,768,768,768,8,8,8,"[2.41953108090111, 1.8915400242725027, 1.3772972507782921, 1.1828256804337545, 0.6695730871660303, 0.4349807030193833, 0.2632614806650456, 0.07379481635452104]"
n8_lowrank1_d2_stack_nonlinear_T32_s9401104,8,lowrank,lowrank,1,2,stack_nonlinear,32,9401104,192,16,3072,2,2,768,768,768,768,8,8,8,"[2.073708329002807, 1.8838386174642276, 1.6865066770647783, 1.6397982372790352, 1.5969020982491877, 1.4915179894833999, 1.3570113954519165, 1.2889454317350901]"
n8_lowrank1_d2_stack_nonlinear_T128_s9401100,8,lowrank,lowrank,1,2,stack_nonlinear,128,9401100,192,16,3072,1,1,768,768,768,768,8,8,8,"[1.9540840962495136, 1.9242352274515917, 1.8680164275803093, 1.838447126208819, 1.683578387777304, 1.53861588278905, 1.5059723367550588, 1.3478857628785155]"
n8_lowrank1_d2_stack_nonlinear_T128_s9401100,8,lowrank,lowrank,1,2,stack_nonlinear,128,9401100,192,16,3072,1,2,768,0,0,0,0,0,0,"[0.0, 0.0, 0.0, 0.0, 0.0, 0.0, 0.0, 0.0]"
n8_lowrank1_d2_stack_nonlinear_T128_s9401100,8,lowrank,lowrank,1,2,stack_nonlinear,128,9401100,192,16,3072,2,1,768,768,768,768,8,8,8,"[1.7299995207433139, 1.484076458831172, 1.1316593802403516, 0.9705161660479847, 0.8081653377573562, 0.28492851672770486, 0.2710956576438132, 0.04958115322513365]"
n8_lowrank1_d2_stack_nonlinear_T128_s9401100,8,lowrank,lowrank,1,2,stack_nonlinear,128,9401100,192,16,3072,2,2,768,768,768,768,8,8,8,"[2.025420635177639, 1.9540533091571934, 1.8260452836701573, 1.6174333208154563, 1.5869672731608488, 1.5687860707300882, 1.419182832909497, 1.3238829014049844]"
n8_lowrank1_d2_stack_nonlinear_T128_s9401101,8,lowrank,lowrank,1,2,stack_nonlinear,128,9401101,192,16,3072,1,1,768,768,768,768,8,8,8,"[2.0974956650918903, 1.9863659430317104, 1.8346912432473677, 1.7747445986496808, 1.66185781619958, 1.6228728776108399, 1.508779491291675, 1.464737071590544]"
n8_lowrank1_d2_stack_nonlinear_T128_s9401101,8,lowrank,lowrank,1,2,stack_nonlinear,128,9401101,192,16,3072,1,2,768,0,0,0,0,0,0,"[0.0, 0.0, 0.0, 0.0, 0.0, 0.0, 0.0, 0.0]"
n8_lowrank1_d2_stack_nonlinear_T128_s9401101,8,lowrank,lowrank,1,2,stack_nonlinear,128,9401101,192,16,3072,2,1,768,768,768,768,8,8,8,"[1.5436474678861145, 1.0019335839530463, 0.9008584314961834, 0.6791743335131409, 0.5125091323581562, 0.4777909439904939, 0.3137291490205967, 0.142483212295526]"
n8_lowrank1_d2_stack_nonlinear_T128_s9401101,8,lowrank,lowrank,1,2,stack_nonlinear,128,9401101,192,16,3072,2,2,768,768,768,768,8,8,8,"[1.9557693033988979, 1.7444259918657459, 1.6295946086031203, 1.613697276111509, 1.5793032169631414, 1.4470495470267837, 1.4118146874525086, 1.2905450977631376]"
n8_lowrank1_d2_stack_nonlinear_T128_s9401102,8,lowrank,lowrank,1,2,stack_nonlinear,128,9401102,192,16,3072,1,1,768,768,768,768,8,8,8,"[1.8480171419317133, 1.7830298204208956, 1.6818029419725773, 1.6327844422786106, 1.5666280474927192, 1.4813786913505422, 1.3903337946778052, 1.2227824487951902]"
n8_lowrank1_d2_stack_nonlinear_T128_s9401102,8,lowrank,lowrank,1,2,stack_nonlinear,128,9401102,192,16,3072,1,2,768,0,0,0,0,0,0,"[0.0, 0.0, 0.0, 0.0, 0.0, 0.0, 0.0, 0.0]"
n8_lowrank1_d2_stack_nonlinear_T128_s9401102,8,lowrank,lowrank,1,2,stack_nonlinear,128,9401102,192,16,3072,2,1,768,768,768,768,8,8,8,"[1.762476081093612, 1.6852062756515989, 1.3105939740232695, 0.6459038979255791, 0.4186070507249966, 0.39616667211665924, 0.2535912389557383, 0.10255719826920506]"
n8_lowrank1_d2_stack_nonlinear_T128_s9401102,8,lowrank,lowrank,1,2,stack_nonlinear,128,9401102,192,16,3072,2,2,768,768,768,768,8,8,8,"[1.9263615556464955, 1.8128089414980924, 1.684501586608502, 1.6217792193208105, 1.590715837360521, 1.4478649514157071, 1.3228748687782415, 1.2707947361910574]"
n8_lowrank1_d2_stack_nonlinear_T128_s9401103,8,lowrank,lowrank,1,2,stack_nonlinear,128,9401103,192,16,3072,1,1,768,768,768,768,8,8,8,"[2.0281498771839845, 1.7524711652929226, 1.6814168984370352, 1.6638211335605047, 1.518452729531669, 1.4174700964257911, 1.3847930797290926, 1.2450011045222953]"
n8_lowrank1_d2_stack_nonlinear_T128_s9401103,8,lowrank,lowrank,1,2,stack_nonlinear,128,9401103,192,16,3072,1,2,768,0,0,0,0,0,0,"[0.0, 0.0, 0.0, 0.0, 0.0, 0.0, 0.0, 0.0]"
n8_lowrank1_d2_stack_nonlinear_T128_s9401103,8,lowrank,lowrank,1,2,stack_nonlinear,128,9401103,192,16,3072,2,1,768,768,768,768,8,8,8,"[1.7208520888959595, 1.5135853990367842, 1.2998555723853948, 0.7081111464268868, 0.516518217520543, 0.42333450516585297, 0.2874331104116265, 0.05620774911059107]"
n8_lowrank1_d2_stack_nonlinear_T128_s9401103,8,lowrank,lowrank,1,2,stack_nonlinear,128,9401103,192,16,3072,2,2,768,768,768,768,8,8,8,"[2.0825582790189143, 1.932452955217786, 1.710247445828328, 1.4636569428074784, 1.4092758416824056, 1.367953915432277, 1.3223711243973513, 1.2763130849953161]"
n8_lowrank1_d2_stack_nonlinear_T128_s9401104,8,lowrank,lowrank,1,2,stack_nonlinear,128,9401104,192,16,3072,1,1,768,768,768,768,8,8,8,"[2.0006182760754188, 1.8695009517555292, 1.7656705588188861, 1.7204229623193479, 1.5926055732495368, 1.5390686685248882, 1.3513167633875005, 1.3079116682260539]"
n8_lowrank1_d2_stack_nonlinear_T128_s9401104,8,lowrank,lowrank,1,2,stack_nonlinear,128,9401104,192,16,3072,1,2,768,0,0,0,0,0,0,"[0.0, 0.0, 0.0, 0.0, 0.0, 0.0, 0.0, 0.0]"
n8_lowrank1_d2_stack_nonlinear_T128_s9401104,8,lowrank,lowrank,1,2,stack_nonlinear,128,9401104,192,16,3072,2,1,768,768,768,768,8,8,8,"[2.440215865083135, 1.9094426045470911, 1.3867497734085967, 1.2136021663201926, 0.6768658241256882, 0.43910885317840953, 0.2667005472236525, 0.07611965252284032]"
n8_lowrank1_d2_stack_nonlinear_T128_s9401104,8,lowrank,lowrank,1,2,stack_nonlinear,128,9401104,192,16,3072,2,2,768,768,768,768,8,8,8,"[2.0932493827578313, 1.895822357223293, 1.6885746588641644, 1.638826182435281, 1.5977154012226291, 1.4885184749307976, 1.3493372782106359, 1.2789481878327167]"
n8_lowrank1_d3_stack_nonlinear_T32_s9401100,8,lowrank,lowrank,1,3,stack_nonlinear,32,9401100,288,24,6912,1,1,768,768,768,768,8,8,8,"[2.0222251474579136, 1.9455709621830855, 1.887273481231699, 1.8554066534818427, 1.7122955653328205, 1.5714892421627544, 1.533793164920521, 1.3794354847818584]"
n8_lowrank1_d3_stack_nonlinear_T32_s9401100,8,lowrank,lowrank,1,3,stack_nonlinear,32,9401100,288,24,6912,1,2,768,0,0,0,0,0,0,"[0.0, 0.0, 0.0, 0.0, 0.0, 0.0, 0.0, 0.0]"
n8_lowrank1_d3_stack_nonlinear_T32_s9401100,8,lowrank,lowrank,1,3,stack_nonlinear,32,9401100,288,24,6912,1,3,768,0,0,0,0,0,0,"[0.0, 0.0, 0.0, 0.0, 0.0, 0.0, 0.0, 0.0]"
n8_lowrank1_d3_stack_nonlinear_T32_s9401100,8,lowrank,lowrank,1,3,stack_nonlinear,32,9401100,288,24,6912,2,1,768,768,768,768,8,8,8,"[1.789570880306899, 1.5022362771839268, 1.1575492244629304, 0.979737807854081, 0.8276361170107431, 0.2952257134156465, 0.27648150151256135, 0.0493629897306314]"
n8_lowrank1_d3_stack_nonlinear_T32_s9401100,8,lowrank,lowrank,1,3,stack_nonlinear,32,9401100,288,24,6912,2,2,768,768,768,768,8,8,8,"[1.9807483766569225, 1.920712466362857, 1.806249977959906, 1.583771560205585, 1.5702060910006652, 1.537231908119731, 1.3994712629485475, 1.304159512044924]"
n8_lowrank1_d3_stack_nonlinear_T32_s9401100,8,lowrank,lowrank,1,3,stack_nonlinear,32,9401100,288,24,6912,2,3,768,0,0,0,0,0,0,"[0.0, 0.0, 0.0, 0.0, 0.0, 0.0, 0.0, 0.0]"
n8_lowrank1_d3_stack_nonlinear_T32_s9401100,8,lowrank,lowrank,1,3,stack_nonlinear,32,9401100,288,24,6912,3,1,768,768,768,768,8,8,8,"[1.1109951133408376, 0.9338397606605032, 0.5884433776051496, 0.5022425165262361, 0.1800479351382554, 0.08700843189781782, 0.0711812975811633, 0.010427737527729746]"
n8_lowrank1_d3_stack_nonlinear_T32_s9401100,8,lowrank,lowrank,1,3,stack_nonlinear,32,9401100,288,24,6912,3,2,768,768,768,768,8,8,8,"[1.6297689518888019, 1.4417970710287675, 1.2574070080339381, 0.776787331419114, 0.7448202755780613, 0.35303662327616303, 0.23159056808487563, 0.014569118600686876]"
n8_lowrank1_d3_stack_nonlinear_T32_s9401100,8,lowrank,lowrank,1,3,stack_nonlinear,32,9401100,288,24,6912,3,3,768,768,768,768,8,8,8,"[2.032797924106412, 1.6885423803432644, 1.6344961573184187, 1.444721295134313, 1.3813591838174901, 1.3577305051238089, 1.3403583400108028, 1.2958596592567733]"
n8_lowrank1_d3_stack_nonlinear_T32_s9401101,8,lowrank,lowrank,1,3,stack_nonlinear,32,9401101,288,24,6912,1,1,768,768,768,768,8,8,8,"[2.1209602461968453, 1.9878346014936206, 1.8916949349302272, 1.7612468481504526, 1.6567892801521626, 1.6129292756670932, 1.5190084346808428, 1.479525753743486]"
n8_lowrank1_d3_stack_nonlinear_T32_s9401101,8,lowrank,lowrank,1,3,stack_nonlinear,32,9401101,288,24,6912,1,2,768,0,0,0,0,0,0,"[0.0, 0.0, 0.0, 0.0, 0.0, 0.0, 0.0, 0.0]"
n8_lowrank1_d3_stack_nonlinear_T32_s9401101,8,lowrank,lowrank,1,3,stack_nonlinear,32,9401101,288,24,6912,1,3,768,0,0,0,0,0,0,"[0.0, 0.0, 0.0, 0.0, 0.0, 0.0, 0.0, 0.0]"
n8_lowrank1_d3_stack_nonlinear_T32_s9401101,8,lowrank,lowrank,1,3,stack_nonlinear,32,9401101,288,24,6912,2,1,768,768,768,768,8,8,8,"[1.511954014756188, 1.016475600735085, 0.9138826853671316, 0.6754314628460744, 0.5231609403858174, 0.4788944669654371, 0.3098616732298192, 0.14295729968880658]"
n8_lowrank1_d3_stack_nonlinear_T32_s9401101,8,lowrank,lowrank,1,3,stack_nonlinear,32,9401101,288,24,6912,2,2,768,768,768,768,8,8,8,"[2.0102609590018417, 1.7903540636767525, 1.6717319531851151, 1.647571978539258, 1.6158563892808706, 1.478451753324942, 1.439704778905228, 1.3178539684218966]"
n8_lowrank1_d3_stack_nonlinear_T32_s9401101,8,lowrank,lowrank,1,3,stack_nonlinear,32,9401101,288,24,6912,2,3,768,0,0,0,0,0,0,"[0.0, 0.0, 0.0, 0.0, 0.0, 0.0, 0.0, 0.0]"
n8_lowrank1_d3_stack_nonlinear_T32_s9401101,8,lowrank,lowrank,1,3,stack_nonlinear,32,9401101,288,24,6912,3,1,768,768,768,768,8,8,8,"[1.1768907191318572, 0.5122312345436231, 0.43175144623308936, 0.2948726538666956, 0.25122890016792987, 0.15848111460827052, 0.07690187983768082, 0.008796691578187545]"
n8_lowrank1_d3_stack_nonlinear_T32_s9401101,8,lowrank,lowrank,1,3,stack_nonlinear,32,9401101,288,24,6912,3,2,768,768,768,768,8,8,8,"[1.6329262296083007, 1.2491902427030779, 1.0063920392335008, 0.9031402164078337, 0.7285128298744125, 0.3696947772869709, 0.2292285738321918, 0.06232603001492391]"
n8_lowrank1_d3_stack_nonlinear_T32_s9401101,8,lowrank,lowrank,1,3,stack_nonlinear,32,9401101,288,24,6912,3,3,768,768,768,768,8,8,8,"[2.0237244053838994, 1.8907336650757631, 1.7737089497691296, 1.7321462969409391, 1.5120736488907667, 1.440570882412714, 1.3592617015488018, 1.25929509552743]"
n8_lowrank1_d3_stack_nonlinear_T32_s9401102,8,lowrank,lowrank,1,3,stack_nonlinear,32,9401102,288,24,6912,1,1,768,768,768,768,8,8,8,"[1.8726013722557302, 1.7749002816863566, 1.6962345525974911, 1.6360758172441836, 1.5767451566931985, 1.4966975533590607, 1.405849972488265, 1.2528796790845556]"
n8_lowrank1_d3_stack_nonlinear_T32_s9401102,8,lowrank,lowrank,1,3,stack_nonlinear,32,9401102,288,24,6912,1,2,768,0,0,0,0,0,0,"[0.0, 0.0, 0.0, 0.0, 0.0, 0.0, 0.0, 0.0]"
n8_lowrank1_d3_stack_nonlinear_T32_s9401102,8,lowrank,lowrank,1,3,stack_nonlinear,32,9401102,288,24,6912,1,3,768,0,0,0,0,0,0,"[0.0, 0.0, 0.0, 0.0, 0.0, 0.0, 0.0, 0.0]"
n8_lowrank1_d3_stack_nonlinear_T32_s9401102,8,lowrank,lowrank,1,3,stack_nonlinear,32,9401102,288,24,6912,2,1,768,768,768,768,8,8,8,"[1.7672658465116937, 1.6870613191040393, 1.3140084780775896, 0.6341639912448814, 0.41604240131008446, 0.3963076788717974, 0.2545489138048818, 0.10938067499689919]"
n8_lowrank1_d3_stack_nonlinear_T32_s9401102,8,lowrank,lowrank,1,3,stack_nonlinear,32,9401102,288,24,6912,2,2,768,768,768,768,8,8,8,"[1.9166949696199838, 1.7950772319525408, 1.6846828003137746, 1.6169079820120253, 1.5922092236950367, 1.4503533932239991, 1.3292792146773809, 1.2859366274183968]"
n8_lowrank1_d3_stack_nonlinear_T32_s9401102,8,lowrank,lowrank,1,3,stack_nonlinear,32,9401102,288,24,6912,2,3,768,0,0,0,0,0,0,"[0.0, 0.0, 0.0, 0.0, 0.0, 0.0, 0.0, 0.0]"
n8_lowrank1_d3_stack_nonlinear_T32_s9401102,8,lowrank,lowrank,1,3,stack_nonlinear,32,9401102,288,24,6912,3,1,768,768,768,768,8,8,8,"[1.0236309849712903, 0.9592735816315786, 0.6090874853679299, 0.36748479006218804, 0.18141488750408508, 0.09730707128145916, 0.06757263238944401, 0.019190187442260448]"
n8_lowrank1_d3_stack_nonlinear_T32_s9401102,8,lowrank,lowrank,1,3,stack_nonlinear,32,9401102,288,24,6912,3,2,768,768,768,768,8,8,8,"[1.6040509743588052, 1.4580673316231898, 1.0731776071284147, 0.9007191278967145, 0.6398524497141085, 0.3494373890586117, 0.19650710582707065, 0.14197691754552952]"
n8_lowrank1_d3_stack_nonlinear_T32_s9401102,8,lowrank,lowrank,1,3,stack_nonlinear,32,9401102,288,24,6912,3,3,768,768,768,768,8,8,8,"[2.003007245471154, 1.856891404450089, 1.7510621157287274, 1.7135091248136218, 1.6523709498442787, 1.4753286409572361, 1.3454008501666799, 1.1991904864358136]"
n8_lowrank1_d3_stack_nonlinear_T32_s9401103,8,lowrank,lowrank,1,3,stack_nonlinear,32,9401103,288,24,6912,1,1,768,768,768,768,8,8,8,"[1.9741941519033162, 1.708551041237707, 1.6467374523854947, 1.6085971162101542, 1.457638922512461, 1.348246596865777, 1.313530480093357, 1.1691518453897765]"
n8_lowrank1_d3_stack_nonlinear_T32_s9401103,8,lowrank,lowrank,1,3,stack_nonlinear,32,9401103,288,24,6912,1,2,768,0,0,0,0,0,0,"[0.0, 0.0, 0.0, 0.0, 0.0, 0.0, 0.0, 0.0]"
n8_lowrank1_d3_stack_nonlinear_T32_s9401103,8,lowrank,lowrank,1,3,stack_nonlinear,32,9401103,288,24,6912,1,3,768,0,0,0,0,0,0,"[0.0, 0.0, 0.0, 0.0, 0.0, 0.0, 0.0, 0.0]"
n8_lowrank1_d3_stack_nonlinear_T32_s9401103,8,lowrank,lowrank,1,3,stack_nonlinear,32,9401103,288,24,6912,2,1,768,768,768,768,8,8,8,"[1.6908391737955755, 1.4879023217827758, 1.2887270811504956, 0.6968672498369978, 0.5001493866303086, 0.4156463892536042, 0.2755907717441456, 0.04668231532185339]"
n8_lowrank1_d3_stack_nonlinear_T32_s9401103,8,lowrank,lowrank,1,3,stack_nonlinear,32,9401103,288,24,6912,2,2,768,768,768,768,8,8,8,"[2.077560051371729, 1.9272224781381095, 1.7095516938572837, 1.460913129474339, 1.4059506806700406, 1.365846383690397, 1.319487884059898, 1.273095692650142]"
n8_lowrank1_d3_stack_nonlinear_T32_s9401103,8,lowrank,lowrank,1,3,stack_nonlinear,32,9401103,288,24,6912,2,3,768,0,0,0,0,0,0,"[0.0, 0.0, 0.0, 0.0, 0.0, 0.0, 0.0, 0.0]"
n8_lowrank1_d3_stack_nonlinear_T32_s9401103,8,lowrank,lowrank,1,3,stack_nonlinear,32,9401103,288,24,6912,3,1,768,768,768,768,8,8,8,"[1.7034497292786357, 1.0510254119172948, 0.7069973217849342, 0.4178455977315703, 0.21003056834555073, 0.07419032536906536, 0.03911669034487428, 0.014038858448460943]"
n8_lowrank1_d3_stack_nonlinear_T32_s9401103,8,lowrank,lowrank,1,3,stack_nonlinear,32,9401103,288,24,6912,3,2,768,768,768,768,8,8,8,"[2.30997215321196, 1.4594302992654766, 1.2619109048241681, 0.8497555929180708, 0.6035487337252111, 0.3414680036574985, 0.10088696633954734, 0.013815274303927781]"
n8_lowrank1_d3_stack_nonlinear_T32_s9401103,8,lowrank,lowrank,1,3,stack_nonlinear,32,9401103,288,24,6912,3,3,768,768,768,768,8,8,8,"[2.007992508683299, 1.9102125873869933, 1.73089975789204, 1.657963982291715, 1.5371210099897403, 1.3989141168497832, 1.2876640823073653, 1.245154740789944]"
n8_lowrank1_d3_stack_nonlinear_T32_s9401104,8,lowrank,lowrank,1,3,stack_nonlinear,32,9401104,288,24,6912,1,1,768,768,768,768,8,8,8,"[1.9713287408815106, 1.8528865075784904, 1.737353289563799, 1.6991528315900288, 1.579522171046439, 1.5218478643203237, 1.3235666867021283, 1.2855270995425487]"
n8_lowrank1_d3_stack_nonlinear_T32_s9401104,8,lowrank,lowrank,1,3,stack_nonlinear,32,9401104,288,24,6912,1,2,768,0,0,0,0,0,0,"[0.0, 0.0, 0.0, 0.0, 0.0, 0.0, 0.0, 0.0]"
n8_lowrank1_d3_stack_nonlinear_T32_s9401104,8,lowrank,lowrank,1,3,stack_nonlinear,32,9401104,288,24,6912,1,3,768,0,0,0,0,0,0,"[0.0, 0.0, 0.0, 0.0, 0.0, 0.0, 0.0, 0.0]"
n8_lowrank1_d3_stack_nonlinear_T32_s9401104,8,lowrank,lowrank,1,3,stack_nonlinear,32,9401104,288,24,6912,2,1,768,768,768,768,8,8,8,"[2.41953108090111, 1.8915400242725027, 1.3772972507782921, 1.1828256804337545, 0.6695730871660303, 0.4349807030193833, 0.2632614806650456, 0.07379481635452104]"
n8_lowrank1_d3_stack_nonlinear_T32_s9401104,8,lowrank,lowrank,1,3,stack_nonlinear,32,9401104,288,24,6912,2,2,768,768,768,768,8,8,8,"[2.073708329002807, 1.8838386174642276, 1.6865066770647783, 1.6397982372790352, 1.5969020982491877, 1.4915179894833999, 1.3570113954519165, 1.2889454317350901]"
n8_lowrank1_d3_stack_nonlinear_T32_s9401104,8,lowrank,lowrank,1,3,stack_nonlinear,32,9401104,288,24,6912,2,3,768,0,0,0,0,0,0,"[0.0, 0.0, 0.0, 0.0, 0.0, 0.0, 0.0, 0.0]"
n8_lowrank1_d3_stack_nonlinear_T32_s9401104,8,lowrank,lowrank,1,3,stack_nonlinear,32,9401104,288,24,6912,3,1,768,768,768,768,8,8,8,"[1.57614673086555, 1.2173798253710628, 0.7660971751180805, 0.5734833608224684, 0.23573143772720084, 0.07533347431559283, 0.02548944047181506, 0.016717976286455695]"
n8_lowrank1_d3_stack_nonlinear_T32_s9401104,8,lowrank,lowrank,1,3,stack_nonlinear,32,9401104,288,24,6912,3,2,768,768,768,768,8,8,8,"[1.4771030789389834, 1.2173484665381107, 0.9795385385556844, 0.8373942665223718, 0.6963213200004899, 0.3588313922227974, 0.22376376500200654, 0.038735623416210826]"
n8_lowrank1_d3_stack_nonlinear_T32_s9401104,8,lowrank,lowrank,1,3,stack_nonlinear,32,9401104,288,24,6912,3,3,768,768,768,768,8,8,8,"[1.9374689778671046, 1.788367114946009, 1.6662885202418685, 1.5030836999332124, 1.4162397079919937, 1.3133771911746586, 1.2757093797890053, 1.187987771777795]"
n8_lowrank1_d3_stack_nonlinear_T128_s9401100,8,lowrank,lowrank,1,3,stack_nonlinear,128,9401100,288,24,6912,1,1,768,768,768,768,8,8,8,"[1.9540840962495136, 1.9242352274515917, 1.8680164275803093, 1.838447126208819, 1.683578387777304, 1.53861588278905, 1.5059723367550588, 1.3478857628785155]"
n8_lowrank1_d3_stack_nonlinear_T128_s9401100,8,lowrank,lowrank,1,3,stack_nonlinear,128,9401100,288,24,6912,1,2,768,0,0,0,0,0,0,"[0.0, 0.0, 0.0, 0.0, 0.0, 0.0, 0.0, 0.0]"
n8_lowrank1_d3_stack_nonlinear_T128_s9401100,8,lowrank,lowrank,1,3,stack_nonlinear,128,9401100,288,24,6912,1,3,768,0,0,0,0,0,0,"[0.0, 0.0, 0.0, 0.0, 0.0, 0.0, 0.0, 0.0]"
n8_lowrank1_d3_stack_nonlinear_T128_s9401100,8,lowrank,lowrank,1,3,stack_nonlinear,128,9401100,288,24,6912,2,1,768,768,768,768,8,8,8,"[1.7299995207433139, 1.484076458831172, 1.1316593802403516, 0.9705161660479847, 0.8081653377573562, 0.28492851672770486, 0.2710956576438132, 0.04958115322513365]"
n8_lowrank1_d3_stack_nonlinear_T128_s9401100,8,lowrank,lowrank,1,3,stack_nonlinear,128,9401100,288,24,6912,2,2,768,768,768,768,8,8,8,"[2.025420635177639, 1.9540533091571934, 1.8260452836701573, 1.6174333208154563, 1.5869672731608488, 1.5687860707300882, 1.419182832909497, 1.3238829014049844]"
n8_lowrank1_d3_stack_nonlinear_T128_s9401100,8,lowrank,lowrank,1,3,stack_nonlinear,128,9401100,288,24,6912,2,3,768,0,0,0,0,0,0,"[0.0, 0.0, 0.0, 0.0, 0.0, 0.0, 0.0, 0.0]"
n8_lowrank1_d3_stack_nonlinear_T128_s9401100,8,lowrank,lowrank,1,3,stack_nonlinear,128,9401100,288,24,6912,3,1,768,768,768,768,8,8,8,"[1.1008545027719914, 0.9069191166015079, 0.5766463075465134, 0.4919817743840834, 0.1837842132395055, 0.08316921577209724, 0.07041552866742358, 0.011971670522208037]"
n8_lowrank1_d3_stack_nonlinear_T128_s9401100,8,lowrank,lowrank,1,3,stack_nonlinear,128,9401100,288,24,6912,3,2,768,768,768,768,8,8,8,"[1.6468862122949366, 1.4527834656916283, 1.260209350698735, 0.7728663314710844, 0.752473861546524, 0.3588439435286934, 0.2333842422855773, 0.01988903886269903]"
n8_lowrank1_d3_stack_nonlinear_T128_s9401100,8,lowrank,lowrank,1,3,stack_nonlinear,128,9401100,288,24,6912,3,3,768,768,768,768,8,8,8,"[2.032920314622834, 1.6939614587167393, 1.6413446090897972, 1.4522612480061778, 1.3880047554059374, 1.363495636472227, 1.3478304450726863, 1.3044748148271195]"
n8_lowrank1_d3_stack_nonlinear_T128_s9401101,8,lowrank,lowrank,1,3,stack_nonlinear,128,9401101,288,24,6912,1,1,768,768,768,768,8,8,8,"[2.0974956650918903, 1.9863659430317104, 1.8346912432473677, 1.7747445986496808, 1.66185781619958, 1.6228728776108399, 1.508779491291675, 1.464737071590544]"
n8_lowrank1_d3_stack_nonlinear_T128_s9401101,8,lowrank,lowrank,1,3,stack_nonlinear,128,9401101,288,24,6912,1,2,768,0,0,0,0,0,0,"[0.0, 0.0, 0.0, 0.0, 0.0, 0.0, 0.0, 0.0]"
n8_lowrank1_d3_stack_nonlinear_T128_s9401101,8,lowrank,lowrank,1,3,stack_nonlinear,128,9401101,288,24,6912,1,3,768,0,0,0,0,0,0,"[0.0, 0.0, 0.0, 0.0, 0.0, 0.0, 0.0, 0.0]"
n8_lowrank1_d3_stack_nonlinear_T128_s9401101,8,lowrank,lowrank,1,3,stack_nonlinear,128,9401101,288,24,6912,2,1,768,768,768,768,8,8,8,"[1.5436474678861145, 1.0019335839530463, 0.9008584314961834, 0.6791743335131409, 0.5125091323581562, 0.4777909439904939, 0.3137291490205967, 0.142483212295526]"
n8_lowrank1_d3_stack_nonlinear_T128_s9401101,8,lowrank,lowrank,1,3,stack_nonlinear,128,9401101,288,24,6912,2,2,768,768,768,768,8,8,8,"[1.9557693033988979, 1.7444259918657459, 1.6295946086031203, 1.613697276111509, 1.5793032169631414, 1.4470495470267837, 1.4118146874525086, 1.2905450977631376]"
n8_lowrank1_d3_stack_nonlinear_T128_s9401101,8,lowrank,lowrank,1,3,stack_nonlinear,128,9401101,288,24,6912,2,3,768,0,0,0,0,0,0,"[0.0, 0.0, 0.0, 0.0, 0.0, 0.0, 0.0, 0.0]"
n8_lowrank1_d3_stack_nonlinear_T128_s9401101,8,lowrank,lowrank,1,3,stack_nonlinear,128,9401101,288,24,6912,3,1,768,768,768,768,8,8,8,"[1.192023582956941, 0.5029663912806481, 0.42910823498727607, 0.29056549943516236, 0.2571429294659225, 0.15757267309613993, 0.07741063107153721, 0.00998149755174219]"
n8_lowrank1_d3_stack_nonlinear_T128_s9401101,8,lowrank,lowrank,1,3,stack_nonlinear,128,9401101,288,24,6912,3,2,768,768,768,768,8,8,8,"[1.5844585735219672, 1.2156965959869475, 0.9793405187626186, 0.877920507248429, 0.705894315327634, 0.3584511475315792, 0.22273229229059205, 0.06195645162299164]"
n8_lowrank1_d3_stack_nonlinear_T128_s9401101,8,lowrank,lowrank,1,3,stack_nonlinear,128,9401101,288,24,6912,3,3,768,768,768,768,8,8,8,"[1.9972006000319098, 1.875158927031253, 1.7610563999662412, 1.7200498928248649, 1.5025860278727299, 1.4319633723404777, 1.3515627594184079, 1.2537133081950675]"
n8_lowrank1_d3_stack_nonlinear_T128_s9401102,8,lowrank,lowrank,1,3,stack_nonlinear,128,9401102,288,24,6912,1,1,768,768,768,768,8,8,8,"[1.8480171419317133, 1.7830298204208956, 1.6818029419725773, 1.6327844422786106, 1.5666280474927192, 1.4813786913505422, 1.3903337946778052, 1.2227824487951902]"
n8_lowrank1_d3_stack_nonlinear_T128_s9401102,8,lowrank,lowrank,1,3,stack_nonlinear,128,9401102,288,24,6912,1,2,768,0,0,0,0,0,0,"[0.0, 0.0, 0.0, 0.0, 0.0, 0.0, 0.0, 0.0]"
n8_lowrank1_d3_stack_nonlinear_T128_s9401102,8,lowrank,lowrank,1,3,stack_nonlinear,128,9401102,288,24,6912,1,3,768,0,0,0,0,0,0,"[0.0, 0.0, 0.0, 0.0, 0.0, 0.0, 0.0, 0.0]"
n8_lowrank1_d3_stack_nonlinear_T128_s9401102,8,lowrank,lowrank,1,3,stack_nonlinear,128,9401102,288,24,6912,2,1,768,768,768,768,8,8,8,"[1.762476081093612, 1.6852062756515989, 1.3105939740232695, 0.6459038979255791, 0.4186070507249966, 0.39616667211665924, 0.2535912389557383, 0.10255719826920506]"
n8_lowrank1_d3_stack_nonlinear_T128_s9401102,8,lowrank,lowrank,1,3,stack_nonlinear,128,9401102,288,24,6912,2,2,768,768,768,768,8,8,8,"[1.9263615556464955, 1.8128089414980924, 1.684501586608502, 1.6217792193208105, 1.590715837360521, 1.4478649514157071, 1.3228748687782415, 1.2707947361910574]"
n8_lowrank1_d3_stack_nonlinear_T128_s9401102,8,lowrank,lowrank,1,3,stack_nonlinear,128,9401102,288,24,6912,2,3,768,0,0,0,0,0,0,"[0.0, 0.0, 0.0, 0.0, 0.0, 0.0, 0.0, 0.0]"
n8_lowrank1_d3_stack_nonlinear_T128_s9401102,8,lowrank,lowrank,1,3,stack_nonlinear,128,9401102,288,24,6912,3,1,768,768,768,768,8,8,8,"[1.0157595527421985, 0.9643101933986015, 0.6066319866657103, 0.3676022762930519, 0.18189588728700057, 0.09531245497459663, 0.06705905481331151, 0.017404478028333975]"
n8_lowrank1_d3_stack_nonlinear_T128_s9401102,8,lowrank,lowrank,1,3,stack_nonlinear,128,9401102,288,24,6912,3,2,768,768,768,768,8,8,8,"[1.6194060079525179, 1.4715038969394125, 1.0797523704126653, 0.9116392449612309, 0.6432564855300155, 0.3493618274955336, 0.1969970072125387, 0.141337161481012]"
n8_lowrank1_d3_stack_nonlinear_T128_s9401102,8,lowrank,lowrank,1,3,stack_nonlinear,128,9401102,288,24,6912,3,3,768,768,768,768,8,8,8,"[2.0006496908034803, 1.8545918943947186, 1.7495394442052081, 1.7142691844393996, 1.6527961216000475, 1.4734008973149908, 1.3425580209598056, 1.1959186197241698]"
n8_lowrank1_d3_stack_nonlinear_T128_s9401103,8,lowrank,lowrank,1,3,stack_nonlinear,128,9401103,288,24,6912,1,1,768,768,768,768,8,8,8,"[2.0281498771839845, 1.7524711652929226, 1.6814168984370352, 1.6638211335605047, 1.518452729531669, 1.4174700964257911, 1.3847930797290926, 1.2450011045222953]"
n8_lowrank1_d3_stack_nonlinear_T128_s9401103,8,lowrank,lowrank,1,3,stack_nonlinear,128,9401103,288,24,6912,1,2,768,0,0,0,0,0,0,"[0.0, 0.0, 0.0, 0.0, 0.0, 0.0, 0.0, 0.0]"
n8_lowrank1_d3_stack_nonlinear_T128_s9401103,8,lowrank,lowrank,1,3,stack_nonlinear,128,9401103,288,24,6912,1,3,768,0,0,0,0,0,0,"[0.0, 0.0, 0.0, 0.0, 0.0, 0.0, 0.0, 0.0]"
n8_lowrank1_d3_stack_nonlinear_T128_s9401103,8,lowrank,lowrank,1,3,stack_nonlinear,128,9401103,288,24,6912,2,1,768,768,768,768,8,8,8,"[1.7208520888959595, 1.5135853990367842, 1.2998555723853948, 0.7081111464268868, 0.516518217520543, 0.42333450516585297, 0.2874331104116265, 0.05620774911059107]"
n8_lowrank1_d3_stack_nonlinear_T128_s9401103,8,lowrank,lowrank,1,3,stack_nonlinear,128,9401103,288,24,6912,2,2,768,768,768,768,8,8,8,"[2.0825582790189143, 1.932452955217786, 1.710247445828328, 1.4636569428074784, 1.4092758416824056, 1.367953915432277, 1.3223711243973513, 1.2763130849953161]"
n8_lowrank1_d3_stack_nonlinear_T128_s9401103,8,lowrank,lowrank,1,3,stack_nonlinear,128,9401103,288,24,6912,2,3,768,0,0,0,0,0,0,"[0.0, 0.0, 0.0, 0.0, 0.0, 0.0, 0.0, 0.0]"
n8_lowrank1_d3_stack_nonlinear_T128_s9401103,8,lowrank,lowrank,1,3,stack_nonlinear,128,9401103,288,24,6912,3,1,768,768,768,768,8,8,8,"[1.704609577677649, 1.0536036047007722, 0.7049064723442963, 0.4161216836914076, 0.21459867310224395, 0.07691001795699513, 0.04502864614015699, 0.014911649304534121]"
n8_lowrank1_d3_stack_nonlinear_T128_s9401103,8,lowrank,lowrank,1,3,stack_nonlinear,128,9401103,288,24,6912,3,2,768,768,768,768,8,8,8,"[2.295261689942552, 1.4496317817179487, 1.261105007391399, 0.8512043278096025, 0.6041070672246014, 0.3419891534970093, 0.10283346235130456, 0.018323739102613583]"
n8_lowrank1_d3_stack_nonlinear_T128_s9401103,8,lowrank,lowrank,1,3,stack_nonlinear,128,9401103,288,24,6912,3,3,768,768,768,768,8,8,8,"[2.00847761855287, 1.9091326304247211, 1.7331071197086763, 1.6599372709270106, 1.5398087326851062, 1.399730865654632, 1.2879607229921148, 1.2465889668529988]"
n8_lowrank1_d3_stack_nonlinear_T128_s9401104,8,lowrank,lowrank,1,3,stack_nonlinear,128,9401104,288,24,6912,1,1,768,768,768,768,8,8,8,"[2.0006182760754188, 1.8695009517555292, 1.7656705588188861, 1.7204229623193479, 1.5926055732495368, 1.5390686685248882, 1.3513167633875005, 1.3079116682260539]"
n8_lowrank1_d3_stack_nonlinear_T128_s9401104,8,lowrank,lowrank,1,3,stack_nonlinear,128,9401104,288,24,6912,1,2,768,0,0,0,0,0,0,"[0.0, 0.0, 0.0, 0.0, 0.0, 0.0, 0.0, 0.0]"
n8_lowrank1_d3_stack_nonlinear_T128_s9401104,8,lowrank,lowrank,1,3,stack_nonlinear,128,9401104,288,24,6912,1,3,768,0,0,0,0,0,0,"[0.0, 0.0, 0.0, 0.0, 0.0, 0.0, 0.0, 0.0]"
n8_lowrank1_d3_stack_nonlinear_T128_s9401104,8,lowrank,lowrank,1,3,stack_nonlinear,128,9401104,288,24,6912,2,1,768,768,768,768,8,8,8,"[2.440215865083135, 1.9094426045470911, 1.3867497734085967, 1.2136021663201926, 0.6768658241256882, 0.43910885317840953, 0.2667005472236525, 0.07611965252284032]"
n8_lowrank1_d3_stack_nonlinear_T128_s9401104,8,lowrank,lowrank,1,3,stack_nonlinear,128,9401104,288,24,6912,2,2,768,768,768,768,8,8,8,"[2.0932493827578313, 1.895822357223293, 1.6885746588641644, 1.638826182435281, 1.5977154012226291, 1.4885184749307976, 1.3493372782106359, 1.2789481878327167]"
n8_lowrank1_d3_stack_nonlinear_T128_s9401104,8,lowrank,lowrank,1,3,stack_nonlinear,128,9401104,288,24,6912,2,3,768,0,0,0,0,0,0,"[0.0, 0.0, 0.0, 0.0, 0.0, 0.0, 0.0, 0.0]"
n8_lowrank1_d3_stack_nonlinear_T128_s9401104,8,lowrank,lowrank,1,3,stack_nonlinear,128,9401104,288,24,6912,3,1,768,768,768,768,8,8,8,"[1.5801903983732888, 1.2220582968151024, 0.768679193917455, 0.5856485805675141, 0.23682314124127807, 0.07808084918910252, 0.02747619982683458, 0.020630898463572987]"
n8_lowrank1_d3_stack_nonlinear_T128_s9401104,8,lowrank,lowrank,1,3,stack_nonlinear,128,9401104,288,24,6912,3,2,768,768,768,768,8,8,8,"[1.4984690049768428, 1.2350454909649824, 0.9905038426573417, 0.8437778552524487, 0.7020464681757225, 0.362938554196838, 0.2237426014665485, 0.03923058362509435]"
n8_lowrank1_d3_stack_nonlinear_T128_s9401104,8,lowrank,lowrank,1,3,stack_nonlinear,128,9401104,288,24,6912,3,3,768,768,768,768,8,8,8,"[1.9413673989485307, 1.7968268288756089, 1.6808145276219213, 1.511428344822888, 1.4190938153017871, 1.315104904433677, 1.277790992931216, 1.1887144500114772]"
n8_lowrank2_d1_stack_nonlinear_T32_s9401100,8,lowrank,lowrank,2,1,stack_nonlinear,32,9401100,112,8,896,1,1,896,896,896,896,8,8,8,"[2.1042999213838236, 2.0059749464179593, 1.875832192224469, 1.7613339694116128, 1.6047835971105482, 1.5418234703643254, 1.471332595135788, 1.4313385872685969]"
n8_lowrank2_d1_stack_nonlinear_T32_s9401101,8,lowrank,lowrank,2,1,stack_nonlinear,32,9401101,112,8,896,1,1,896,896,896,896,8,8,8,"[2.0271310199587136, 1.9125083594874406, 1.8991912052785032, 1.8227811416302215, 1.7088427319813138, 1.6601440745241205, 1.476289589873302, 1.3000963150605591]"
n8_lowrank2_d1_stack_nonlinear_T32_s9401102,8,lowrank,lowrank,2,1,stack_nonlinear,32,9401102,112,8,896,1,1,896,896,896,896,8,8,8,"[2.233800982924873, 1.7982915028554716, 1.6847101941648532, 1.649044330650351, 1.6110725512664472, 1.569711366447068, 1.4837917695781406, 1.3135661685282927]"
n8_lowrank2_d1_stack_nonlinear_T32_s9401103,8,lowrank,lowrank,2,1,stack_nonlinear,32,9401103,112,8,896,1,1,896,896,896,896,8,8,8,"[2.0037417954645975, 1.6423779277410202, 1.6123264757801712, 1.55585715635629, 1.4067651683896294, 1.3423006704570448, 1.33311332791924, 1.212406199502799]"
n8_lowrank2_d1_stack_nonlinear_T32_s9401104,8,lowrank,lowrank,2,1,stack_nonlinear,32,9401104,112,8,896,1,1,896,896,896,896,8,8,8,"[1.9626104862472924, 1.7921019592138865, 1.7016454246910737, 1.6448633417982204, 1.564988531986304, 1.4910282035929803, 1.3573484202571393, 1.3271025296122554]"
n8_lowrank2_d1_stack_nonlinear_T128_s9401100,8,lowrank,lowrank,2,1,stack_nonlinear,128,9401100,112,8,896,1,1,896,896,896,896,8,8,8,"[2.09733807842996, 2.0357713347269937, 1.8681976979951929, 1.7592771008429726, 1.6036602906309785, 1.5363379256863947, 1.4635879456001575, 1.4217733067995924]"
n8_lowrank2_d1_stack_nonlinear_T128_s9401101,8,lowrank,lowrank,2,1,stack_nonlinear,128,9401101,112,8,896,1,1,896,896,896,896,8,8,8,"[2.035564345556938, 1.8930285498454877, 1.8719699945742385, 1.8003018653913239, 1.6967552883787063, 1.6496195621118552, 1.4785717527567799, 1.312324429511887]"
n8_lowrank2_d1_stack_nonlinear_T128_s9401102,8,lowrank,lowrank,2,1,stack_nonlinear,128,9401102,112,8,896,1,1,896,896,896,896,8,8,8,"[2.242619175173199, 1.8015610165390366, 1.672920094529225, 1.6409344669892971, 1.5972406401161985, 1.5440142103020897, 1.4588209997735135, 1.2745912340687133]"
n8_lowrank2_d1_stack_nonlinear_T128_s9401103,8,lowrank,lowrank,2,1,stack_nonlinear,128,9401103,112,8,896,1,1,896,896,896,896,8,8,8,"[2.0533998034545475, 1.7041037349512047, 1.6827645635800466, 1.614912095956519, 1.4651603400772382, 1.4072822018497875, 1.3967656922655425, 1.2781166321956614]"
n8_lowrank2_d1_stack_nonlinear_T128_s9401104,8,lowrank,lowrank,2,1,stack_nonlinear,128,9401104,112,8,896,1,1,896,896,896,896,8,8,8,"[1.9794635266543275, 1.8043443737326241, 1.680974362536041, 1.6671940077856613, 1.5810625682021386, 1.5251257799189328, 1.3668809427555302, 1.3408982202571997]"
n8_lowrank2_d2_stack_nonlinear_T32_s9401100,8,lowrank,lowrank,2,2,stack_nonlinear,32,9401100,224,16,3584,1,1,896,896,896,896,8,8,8,"[2.104299921383824, 2.005974946417958, 1.8758321922244687, 1.7613339694116128, 1.604783597110548, 1.5418234703643252, 1.4713325951357883, 1.4313385872685966]"
n8_lowrank2_d2_stack_nonlinear_T32_s9401100,8,lowrank,lowrank,2,2,stack_nonlinear,32,9401100,224,16,3584,1,2,896,0,0,0,0,0,0,"[0.0, 0.0, 0.0, 0.0, 0.0, 0.0, 0.0, 0.0]"
n8_lowrank2_d2_stack_nonlinear_T32_s9401100,8,lowrank,lowrank,2,2,stack_nonlinear,32,9401100,224,16,3584,2,1,896,896,896,896,8,8,8,"[2.191939733680425, 1.4876698651293998, 1.14308052748882, 0.8826093148413277, 0.6121447499048156, 0.3779593720546744, 0.2385197445235818, 0.051920389184809145]"
n8_lowrank2_d2_stack_nonlinear_T32_s9401100,8,lowrank,lowrank,2,2,stack_nonlinear,32,9401100,224,16,3584,2,2,896,896,896,896,8,8,8,"[2.2538618279217744, 1.9602407759389289, 1.8065580668087613, 1.6976551385429564, 1.6553824029773638, 1.5206378814244133, 1.4263567694990125, 1.3304461137452313]"
n8_lowrank2_d2_stack_nonlinear_T32_s9401101,8,lowrank,lowrank,2,2,stack_nonlinear,32,9401101,224,16,3584,1,1,896,896,896,896,8,8,8,"[2.0271310199587136, 1.912508359487441, 1.8991912052785032, 1.8227811416302215, 1.708842731981315, 1.6601440745241205, 1.4762895898733017, 1.3000963150605591]"
n8_lowrank2_d2_stack_nonlinear_T32_s9401101,8,lowrank,lowrank,2,2,stack_nonlinear,32,9401101,224,16,3584,1,2,896,0,0,0,0,0,0,"[0.0, 0.0, 0.0, 0.0, 0.0, 0.0, 0.0, 0.0]"
n8_lowrank2_d2_stack_nonlinear_T32_s9401101,8,lowrank,lowrank,2,2,stack_nonlinear,32,9401101,224,16,3584,2,1,896,896,896,896,8,8,8,"[1.9771884288188866, 1.209224331093879, 0.7115161839434948, 0.6081963241700237, 0.525235364535162, 0.24482889747221642, 0.22159099367546511, 0.03707811379879058]"
n8_lowrank2_d2_stack_nonlinear_T32_s9401101,8,lowrank,lowrank,2,2,stack_nonlinear,32,9401101,224,16,3584,2,2,896,896,896,896,8,8,8,"[1.9979673406551486, 1.8006994908225489, 1.7289209551401612, 1.600381865093901, 1.5015314689114427, 1.3495883302036231, 1.3104401968858554, 1.2607683554299103]"
n8_lowrank2_d2_stack_nonlinear_T32_s9401102,8,lowrank,lowrank,2,2,stack_nonlinear,32,9401102,224,16,3584,1,1,896,896,896,896,8,8,8,"[2.233800982924873, 1.7982915028554713, 1.6847101941648541, 1.649044330650351, 1.611072551266447, 1.569711366447069, 1.4837917695781406, 1.3135661685282924]"
n8_lowrank2_d2_stack_nonlinear_T32_s9401102,8,lowrank,lowrank,2,2,stack_nonlinear,32,9401102,224,16,3584,1,2,896,0,0,0,0,0,0,"[0.0, 0.0, 0.0, 0.0, 0.0, 0.0, 0.0, 0.0]"
n8_lowrank2_d2_stack_nonlinear_T32_s9401102,8,lowrank,lowrank,2,2,stack_nonlinear,32,9401102,224,16,3584,2,1,896,896,896,896,8,8,8,"[1.6781459722320191, 1.3947893431431386, 1.2861229519809225, 1.0476520508952765, 0.5976733967956017, 0.5188279488511771, 0.4735096568397531, 0.0978632531014664]"
n8_lowrank2_d2_stack_nonlinear_T32_s9401102,8,lowrank,lowrank,2,2,stack_nonlinear,32,9401102,224,16,3584,2,2,896,896,896,896,8,8,8,"[1.8149694960944809, 1.5936226310173913, 1.4407123305300515, 1.3994046480607478, 1.380537177418978, 1.344667987639459, 1.2268458676055052, 1.1420597740347584]"
n8_lowrank2_d2_stack_nonlinear_T32_s9401103,8,lowrank,lowrank,2,2,stack_nonlinear,32,9401103,224,16,3584,1,1,896,896,896,896,8,8,8,"[2.003741795464597, 1.6423779277410202, 1.6123264757801716, 1.55585715635629, 1.4067651683896296, 1.342300670457045, 1.3331133279192402, 1.212406199502799]"
n8_lowrank2_d2_stack_nonlinear_T32_s9401103,8,lowrank,lowrank,2,2,stack_nonlinear,32,9401103,224,16,3584,1,2,896,0,0,0,0,0,0,"[0.0, 0.0, 0.0, 0.0, 0.0, 0.0, 0.0, 0.0]"
n8_lowrank2_d2_stack_nonlinear_T32_s9401103,8,lowrank,lowrank,2,2,stack_nonlinear,32,9401103,224,16,3584,2,1,896,896,896,896,8,8,8,"[1.8330091506699326, 1.4220121647513995, 0.9493907832721481, 0.7065230421274414, 0.5734763678574906, 0.32369379343340177, 0.22157274148792294, 0.19062401813248164]"
n8_lowrank2_d2_stack_nonlinear_T32_s9401103,8,lowrank,lowrank,2,2,stack_nonlinear,32,9401103,224,16,3584,2,2,896,896,896,896,8,8,8,"[2.2129896562881464, 1.9331795370336766, 1.7137809164611304, 1.651107273156158, 1.5700666485174728, 1.4995944588058832, 1.4403270593629114, 1.3523865515825226]"
n8_lowrank2_d2_stack_nonlinear_T32_s9401104,8,lowrank,lowrank,2,2,stack_nonlinear,32,9401104,224,16,3584,1,1,896,896,896,896,8,8,8,"[1.9626104862472926, 1.7921019592138865, 1.7016454246910735, 1.6448633417982204, 1.5649885319863044, 1.4910282035929805, 1.3573484202571393, 1.3271025296122554]"
n8_lowrank2_d2_stack_nonlinear_T32_s9401104,8,lowrank,lowrank,2,2,stack_nonlinear,32,9401104,224,16,3584,1,2,896,0,0,0,0,0,0,"[0.0, 0.0, 0.0, 0.0, 0.0, 0.0, 0.0, 0.0]"
n8_lowrank2_d2_stack_nonlinear_T32_s9401104,8,lowrank,lowrank,2,2,stack_nonlinear,32,9401104,224,16,3584,2,1,896,896,896,896,8,8,8,"[2.048407756976217, 1.5572696458055613, 1.2120019801058317, 0.9712137568270588, 0.47116340615989105, 0.38645924729758696, 0.29016832116001856, 0.01253200359361142]"
n8_lowrank2_d2_stack_nonlinear_T32_s9401104,8,lowrank,lowrank,2,2,stack_nonlinear,32,9401104,224,16,3584,2,2,896,896,896,896,8,8,8,"[1.8031741458718837, 1.6698807134044265, 1.5713259479064723, 1.5296710516102359, 1.4238544494679888, 1.3607494798896542, 1.3220791467406485, 1.2337171232929305]"
n8_lowrank2_d2_stack_nonlinear_T128_s9401100,8,lowrank,lowrank,2,2,stack_nonlinear,128,9401100,224,16,3584,1,1,896,896,896,896,8,8,8,"[2.09733807842996, 2.035771334726994, 1.868197697995193, 1.7592771008429726, 1.6036602906309787, 1.5363379256863947, 1.4635879456001577, 1.4217733067995926]"
n8_lowrank2_d2_stack_nonlinear_T128_s9401100,8,lowrank,lowrank,2,2,stack_nonlinear,128,9401100,224,16,3584,1,2,896,0,0,0,0,0,0,"[0.0, 0.0, 0.0, 0.0, 0.0, 0.0, 0.0, 0.0]"
n8_lowrank2_d2_stack_nonlinear_T128_s9401100,8,lowrank,lowrank,2,2,stack_nonlinear,128,9401100,224,16,3584,2,1,896,896,896,896,8,8,8,"[2.239332030603101, 1.4649971112012659, 1.1349766477791499, 0.8815820095389685, 0.6150517715476199, 0.37652140724959754, 0.24336610749491394, 0.05262299827983581]"
n8_lowrank2_d2_stack_nonlinear_T128_s9401100,8,lowrank,lowrank,2,2,stack_nonlinear,128,9401100,224,16,3584,2,2,896,896,896,896,8,8,8,"[2.237100765965239, 1.9477969295262811, 1.7918332065908211, 1.6930992754283325, 1.639603495023089, 1.5107471703379751, 1.4117696461554656, 1.3166362123336404]"
n8_lowrank2_d2_stack_nonlinear_T128_s9401101,8,lowrank,lowrank,2,2,stack_nonlinear,128,9401101,224,16,3584,1,1,896,896,896,896,8,8,8,"[2.035564345556938, 1.8930285498454877, 1.871969994574239, 1.800301865391324, 1.6967552883787058, 1.649619562111856, 1.4785717527567799, 1.3123244295118872]"
n8_lowrank2_d2_stack_nonlinear_T128_s9401101,8,lowrank,lowrank,2,2,stack_nonlinear,128,9401101,224,16,3584,1,2,896,0,0,0,0,0,0,"[0.0, 0.0, 0.0, 0.0, 0.0, 0.0, 0.0, 0.0]"
n8_lowrank2_d2_stack_nonlinear_T128_s9401101,8,lowrank,lowrank,2,2,stack_nonlinear,128,9401101,224,16,3584,2,1,896,896,896,896,8,8,8,"[1.9176230693407266, 1.1996874939307616, 0.7081552470794595, 0.6088106801672345, 0.5252354174223248, 0.24263303722322818, 0.22254009262567875, 0.049996714485522925]"
n8_lowrank2_d2_stack_nonlinear_T128_s9401101,8,lowrank,lowrank,2,2,stack_nonlinear,128,9401101,224,16,3584,2,2,896,896,896,896,8,8,8,"[1.9769220177183895, 1.7791177507939773, 1.7142185640283254, 1.5831242917740704, 1.4811752608491193, 1.3281967178769085, 1.2928650177296832, 1.2443272225658095]"
n8_lowrank2_d2_stack_nonlinear_T128_s9401102,8,lowrank,lowrank,2,2,stack_nonlinear,128,9401102,224,16,3584,1,1,896,896,896,896,8,8,8,"[2.2426191751731985, 1.801561016539036, 1.6729200945292249, 1.640934466989297, 1.5972406401161978, 1.5440142103020893, 1.4588209997735133, 1.2745912340687133]"
n8_lowrank2_d2_stack_nonlinear_T128_s9401102,8,lowrank,lowrank,2,2,stack_nonlinear,128,9401102,224,16,3584,1,2,896,0,0,0,0,0,0,"[0.0, 0.0, 0.0, 0.0, 0.0, 0.0, 0.0, 0.0]"
n8_lowrank2_d2_stack_nonlinear_T128_s9401102,8,lowrank,lowrank,2,2,stack_nonlinear,128,9401102,224,16,3584,2,1,896,896,896,896,8,8,8,"[1.6757808664037008, 1.382852364660876, 1.2807024718671205, 1.0422270843102504, 0.5860749031830544, 0.5201639453689078, 0.474752482074944, 0.09172299430366178]"
n8_lowrank2_d2_stack_nonlinear_T128_s9401102,8,lowrank,lowrank,2,2,stack_nonlinear,128,9401102,224,16,3584,2,2,896,896,896,896,8,8,8,"[1.8131607340231106, 1.5997954971837245, 1.4445907136087373, 1.3977886295856166, 1.3812666009870276, 1.3422748170221828, 1.222674250159476, 1.1368023537919612]"
n8_lowrank2_d2_stack_nonlinear_T128_s9401103,8,lowrank,lowrank,2,2,stack_nonlinear,128,9401103,224,16,3584,1,1,896,896,896,896,8,8,8,"[2.053399803454548, 1.7041037349512052, 1.682764563580047, 1.6149120959565193, 1.4651603400772384, 1.407282201849788, 1.3967656922655423, 1.278116632195661]"
n8_lowrank2_d2_stack_nonlinear_T128_s9401103,8,lowrank,lowrank,2,2,stack_nonlinear,128,9401103,224,16,3584,1,2,896,0,0,0,0,0,0,"[0.0, 0.0, 0.0, 0.0, 0.0, 0.0, 0.0, 0.0]"
n8_lowrank2_d2_stack_nonlinear_T128_s9401103,8,lowrank,lowrank,2,2,stack_nonlinear,128,9401103,224,16,3584,2,1,896,896,896,896,8,8,8,"[1.8645155596780998, 1.463013917000413, 0.9763041546582574, 0.7262679020366526, 0.5880899354002126, 0.33448442407291873, 0.22937238203189417, 0.19644847204308033]"
n8_lowrank2_d2_stack_nonlinear_T128_s9401103,8,lowrank,lowrank,2,2,stack_nonlinear,128,9401103,224,16,3584,2,2,896,896,896,896,8,8,8,"[2.2085518217279936, 1.9333651906381668, 1.714642981247964, 1.6485200682798393, 1.5610874999742521, 1.4900485733923394, 1.4323225327205638, 1.3443150493885683]"
n8_lowrank2_d2_stack_nonlinear_T128_s9401104,8,lowrank,lowrank,2,2,stack_nonlinear,128,9401104,224,16,3584,1,1,896,896,896,896,8,8,8,"[1.9794635266543275, 1.8043443737326244, 1.6809743625360416, 1.6671940077856615, 1.5810625682021389, 1.5251257799189333, 1.3668809427555302, 1.3408982202571997]"
n8_lowrank2_d2_stack_nonlinear_T128_s9401104,8,lowrank,lowrank,2,2,stack_nonlinear,128,9401104,224,16,3584,1,2,896,0,0,0,0,0,0,"[0.0, 0.0, 0.0, 0.0, 0.0, 0.0, 0.0, 0.0]"
n8_lowrank2_d2_stack_nonlinear_T128_s9401104,8,lowrank,lowrank,2,2,stack_nonlinear,128,9401104,224,16,3584,2,1,896,896,896,896,8,8,8,"[2.0584275465029993, 1.5576547970803243, 1.2269481753339144, 0.9661212821989752, 0.46804148448918115, 0.3838015000560543, 0.2904013871542474, 0.013692958332308604]"
n8_lowrank2_d2_stack_nonlinear_T128_s9401104,8,lowrank,lowrank,2,2,stack_nonlinear,128,9401104,224,16,3584,2,2,896,896,896,896,8,8,8,"[1.8330844362728282, 1.6913265596085296, 1.5992189882551822, 1.5490076323298214, 1.4447072688900353, 1.3794177783899455, 1.3381115476336334, 1.2492301881424128]"
n8_lowrank2_d3_stack_nonlinear_T32_s9401100,8,lowrank,lowrank,2,3,stack_nonlinear,32,9401100,336,24,8064,1,1,896,896,896,896,8,8,8,"[2.104299921383824, 2.005974946417958, 1.8758321922244687, 1.7613339694116128, 1.604783597110548, 1.5418234703643252, 1.4713325951357883, 1.4313385872685966]"
n8_lowrank2_d3_stack_nonlinear_T32_s9401100,8,lowrank,lowrank,2,3,stack_nonlinear,32,9401100,336,24,8064,1,2,896,0,0,0,0,0,0,"[0.0, 0.0, 0.0, 0.0, 0.0, 0.0, 0.0, 0.0]"
n8_lowrank2_d3_stack_nonlinear_T32_s9401100,8,lowrank,lowrank,2,3,stack_nonlinear,32,9401100,336,24,8064,1,3,896,0,0,0,0,0,0,"[0.0, 0.0, 0.0, 0.0, 0.0, 0.0, 0.0, 0.0]"
n8_lowrank2_d3_stack_nonlinear_T32_s9401100,8,lowrank,lowrank,2,3,stack_nonlinear,32,9401100,336,24,8064,2,1,896,896,896,896,8,8,8,"[2.191939733680425, 1.4876698651293998, 1.14308052748882, 0.8826093148413277, 0.6121447499048156, 0.3779593720546744, 0.2385197445235818, 0.051920389184809145]"
n8_lowrank2_d3_stack_nonlinear_T32_s9401100,8,lowrank,lowrank,2,3,stack_nonlinear,32,9401100,336,24,8064,2,2,896,896,896,896,8,8,8,"[2.2538618279217744, 1.9602407759389289, 1.8065580668087613, 1.6976551385429564, 1.6553824029773638, 1.5206378814244133, 1.4263567694990125, 1.3304461137452313]"
n8_lowrank2_d3_stack_nonlinear_T32_s9401100,8,lowrank,lowrank,2,3,stack_nonlinear,32,9401100,336,24,8064,2,3,896,0,0,0,0,0,0,"[0.0, 0.0, 0.0, 0.0, 0.0, 0.0, 0.0, 0.0]"
n8_lowrank2_d3_stack_nonlinear_T32_s9401100,8,lowrank,lowrank,2,3,stack_nonlinear,32,9401100,336,24,8064,3,1,896,896,896,896,8,8,8,"[2.044342439422189, 0.8644431463107668, 0.7202720698428965, 0.5465879127921326, 0.14881758610230114, 0.12372915206984972, 0.045543986263767544, 0.02539724569349023]"
n8_lowrank2_d3_stack_nonlinear_T32_s9401100,8,lowrank,lowrank,2,3,stack_nonlinear,32,9401100,336,24,8064,3,2,896,896,896,896,8,8,8,"[2.1765545036995824, 1.6617307096944467, 1.191918760896031, 0.8761529706161226, 0.6586569763917555, 0.44847010767037415, 0.3059828585113485, 0.09207398248153452]"
n8_lowrank2_d3_stack_nonlinear_T32_s9401100,8,lowrank,lowrank,2,3,stack_nonlinear,32,9401100,336,24,8064,3,3,896,896,896,896,8,8,8,"[2.2250488339212326, 2.0148523432006655, 1.7140510006721073, 1.682528260151935, 1.5103174497266725, 1.4463583116901526, 1.3173683546941866, 1.2274620217397112]"
n8_lowrank2_d3_stack_nonlinear_T32_s9401101,8,lowrank,lowrank,2,3,stack_nonlinear,32,9401101,336,24,8064,1,1,896,896,896,896,8,8,8,"[2.0271310199587136, 1.912508359487441, 1.8991912052785032, 1.8227811416302215, 1.708842731981315, 1.6601440745241205, 1.4762895898733017, 1.3000963150605591]"
n8_lowrank2_d3_stack_nonlinear_T32_s9401101,8,lowrank,lowrank,2,3,stack_nonlinear,32,9401101,336,24,8064,1,2,896,0,0,0,0,0,0,"[0.0, 0.0, 0.0, 0.0, 0.0, 0.0, 0.0, 0.0]"
n8_lowrank2_d3_stack_nonlinear_T32_s9401101,8,lowrank,lowrank,2,3,stack_nonlinear,32,9401101,336,24,8064,1,3,896,0,0,0,0,0,0,"[0.0, 0.0, 0.0, 0.0, 0.0, 0.0, 0.0, 0.0]"
n8_lowrank2_d3_stack_nonlinear_T32_s9401101,8,lowrank,lowrank,2,3,stack_nonlinear,32,9401101,336,24,8064,2,1,896,896,896,896,8,8,8,"[1.9771884288188866, 1.209224331093879, 0.7115161839434948, 0.6081963241700237, 0.525235364535162, 0.24482889747221642, 0.22159099367546511, 0.03707811379879058]"
n8_lowrank2_d3_stack_nonlinear_T32_s9401101,8,lowrank,lowrank,2,3,stack_nonlinear,32,9401101,336,24,8064,2,2,896,896,896,896,8,8,8,"[1.9979673406551486, 1.8006994908225489, 1.7289209551401612, 1.600381865093901, 1.5015314689114427, 1.3495883302036231, 1.3104401968858554, 1.2607683554299103]"
n8_lowrank2_d3_stack_nonlinear_T32_s9401101,8,lowrank,lowrank,2,3,stack_nonlinear,32,9401101,336,24,8064,2,3,896,0,0,0,0,0,0,"[0.0, 0.0, 0.0, 0.0, 0.0, 0.0, 0.0, 0.0]"
n8_lowrank2_d3_stack_nonlinear_T32_s9401101,8,lowrank,lowrank,2,3,stack_nonlinear,32,9401101,336,24,8064,3,1,896,896,896,896,8,8,8,"[0.8570325191221498, 0.6284732043093656, 0.49040408621516274, 0.3339270884919893, 0.16966911688292813, 0.07529641098156274, 0.04791490752573739, 0.00997682913225815]"
n8_lowrank2_d3_stack_nonlinear_T32_s9401101,8,lowrank,lowrank,2,3,stack_nonlinear,32,9401101,336,24,8064,3,2,896,896,896,896,8,8,8,"[1.8062007908092204, 1.376726757246587, 1.1972694658373149, 1.0346218737352382, 0.45566179342456065, 0.3524958492128232, 0.24424873036461525, 0.1473769673540299]"
n8_lowrank2_d3_stack_nonlinear_T32_s9401101,8,lowrank,lowrank,2,3,stack_nonlinear,32,9401101,336,24,8064,3,3,896,896,896,896,8,8,8,"[2.1868047875765106, 1.9008743325916322, 1.799137293716717, 1.6709211770052912, 1.5201704821430828, 1.4242991198485102, 1.3986146909272903, 1.3376731155147865]"
n8_lowrank2_d3_stack_nonlinear_T32_s9401102,8,lowrank,lowrank,2,3,stack_nonlinear,32,9401102,336,24,8064,1,1,896,896,896,896,8,8,8,"[2.233800982924873, 1.7982915028554713, 1.6847101941648541, 1.649044330650351, 1.611072551266447, 1.569711366447069, 1.4837917695781406, 1.3135661685282924]"
n8_lowrank2_d3_stack_nonlinear_T32_s9401102,8,lowrank,lowrank,2,3,stack_nonlinear,32,9401102,336,24,8064,1,2,896,0,0,0,0,0,0,"[0.0, 0.0, 0.0, 0.0, 0.0, 0.0, 0.0, 0.0]"
n8_lowrank2_d3_stack_nonlinear_T32_s9401102,8,lowrank,lowrank,2,3,stack_nonlinear,32,9401102,336,24,8064,1,3,896,0,0,0,0,0,0,"[0.0, 0.0, 0.0, 0.0, 0.0, 0.0, 0.0, 0.0]"
n8_lowrank2_d3_stack_nonlinear_T32_s9401102,8,lowrank,lowrank,2,3,stack_nonlinear,32,9401102,336,24,8064,2,1,896,896,896,896,8,8,8,"[1.6781459722320191, 1.3947893431431386, 1.2861229519809225, 1.0476520508952765, 0.5976733967956017, 0.5188279488511771, 0.4735096568397531, 0.0978632531014664]"
n8_lowrank2_d3_stack_nonlinear_T32_s9401102,8,lowrank,lowrank,2,3,stack_nonlinear,32,9401102,336,24,8064,2,2,896,896,896,896,8,8,8,"[1.8149694960944809, 1.5936226310173913, 1.4407123305300515, 1.3994046480607478, 1.380537177418978, 1.344667987639459, 1.2268458676055052, 1.1420597740347584]"
n8_lowrank2_d3_stack_nonlinear_T32_s9401102,8,lowrank,lowrank,2,3,stack_nonlinear,32,9401102,336,24,8064,2,3,896,0,0,0,0,0,0,"[0.0, 0.0, 0.0, 0.0, 0.0, 0.0, 0.0, 0.0]"
n8_lowrank2_d3_stack_nonlinear_T32_s9401102,8,lowrank,lowrank,2,3,stack_nonlinear,32,9401102,336,24,8064,3,1,896,896,896,896,8,8,8,"[1.1881793793992745, 0.8571758639858068, 0.6947329852042436, 0.30423890466326814, 0.266841438715616, 0.19559572534833655, 0.09574498456924031, 0.03302746054333582]"
n8_lowrank2_d3_stack_nonlinear_T32_s9401102,8,lowrank,lowrank,2,3,stack_nonlinear,32,9401102,336,24,8064,3,2,896,896,896,896,8,8,8,"[1.5939438775391146, 1.2064704357005631, 1.0564671709116233, 0.7403770621066874, 0.6030563569388564, 0.32049430028557824, 0.20422125407518013, 0.1761032001637796]"
n8_lowrank2_d3_stack_nonlinear_T32_s9401102,8,lowrank,lowrank,2,3,stack_nonlinear,32,9401102,336,24,8064,3,3,896,896,896,896,8,8,8,"[1.9322706369652412, 1.6865085186836613, 1.525245169256364, 1.4892221952771223, 1.4111733152469874, 1.3718386263232503, 1.2695238284072863, 1.2255358240712357]"
n8_lowrank2_d3_stack_nonlinear_T32_s9401103,8,lowrank,lowrank,2,3,stack_nonlinear,32,9401103,336,24,8064,1,1,896,896,896,896,8,8,8,"[2.003741795464597, 1.6423779277410202, 1.6123264757801716, 1.55585715635629, 1.4067651683896296, 1.342300670457045, 1.3331133279192402, 1.212406199502799]"
n8_lowrank2_d3_stack_nonlinear_T32_s9401103,8,lowrank,lowrank,2,3,stack_nonlinear,32,9401103,336,24,8064,1,2,896,0,0,0,0,0,0,"[0.0, 0.0, 0.0, 0.0, 0.0, 0.0, 0.0, 0.0]"
n8_lowrank2_d3_stack_nonlinear_T32_s9401103,8,lowrank,lowrank,2,3,stack_nonlinear,32,9401103,336,24,8064,1,3,896,0,0,0,0,0,0,"[0.0, 0.0, 0.0, 0.0, 0.0, 0.0, 0.0, 0.0]"
n8_lowrank2_d3_stack_nonlinear_T32_s9401103,8,lowrank,lowrank,2,3,stack_nonlinear,32,9401103,336,24,8064,2,1,896,896,896,896,8,8,8,"[1.8330091506699326, 1.4220121647513995, 0.9493907832721481, 0.7065230421274414, 0.5734763678574906, 0.32369379343340177, 0.22157274148792294, 0.19062401813248164]"
n8_lowrank2_d3_stack_nonlinear_T32_s9401103,8,lowrank,lowrank,2,3,stack_nonlinear,32,9401103,336,24,8064,2,2,896,896,896,896,8,8,8,"[2.2129896562881464, 1.9331795370336766, 1.7137809164611304, 1.651107273156158, 1.5700666485174728, 1.4995944588058832, 1.4403270593629114, 1.3523865515825226]"
n8_lowrank2_d3_stack_nonlinear_T32_s9401103,8,lowrank,lowrank,2,3,stack_nonlinear,32,9401103,336,24,8064,2,3,896,0,0,0,0,0,0,"[0.0, 0.0, 0.0, 0.0, 0.0, 0.0, 0.0, 0.0]"
n8_lowrank2_d3_stack_nonlinear_T32_s9401103,8,lowrank,lowrank,2,3,stack_nonlinear,32,9401103,336,24,8064,3,1,896,896,896,896,8,8,8,"[0.7935299116981763, 0.5297196097109542, 0.48015757396326153, 0.24721191781951102, 0.17517148567446794, 0.15216641386790555, 0.06355168545647395, 0.0124098773591033]"
n8_lowrank2_d3_stack_nonlinear_T32_s9401103,8,lowrank,lowrank,2,3,stack_nonlinear,32,9401103,336,24,8064,3,2,896,896,896,896,8,8,8,"[2.4024514911092743, 1.189632561481523, 0.8715576938606612, 0.8617338460593034, 0.5717925845556089, 0.34508380415484924, 0.17564546208652831, 0.04599961208689169]"
n8_lowrank2_d3_stack_nonlinear_T32_s9401103,8,lowrank,lowrank,2,3,stack_nonlinear,32,9401103,336,24,8064,3,3,896,896,896,896,8,8,8,"[1.8096951924305653, 1.6824194369351615, 1.5323858976594587, 1.4156898663736635, 1.3416290762189214, 1.3013522586771553, 1.2838327468304707, 1.186747584298663]"
n8_lowrank2_d3_stack_nonlinear_T32_s9401104,8,lowrank,lowrank,2,3,stack_nonlinear,32,9401104,336,24,8064,1,1,896,896,896,896,8,8,8,"[1.9626104862472926, 1.7921019592138865, 1.7016454246910735, 1.6448633417982204, 1.5649885319863044, 1.4910282035929805, 1.3573484202571393, 1.3271025296122554]"
n8_lowrank2_d3_stack_nonlinear_T32_s9401104,8,lowrank,lowrank,2,3,stack_nonlinear,32,9401104,336,24,8064,1,2,896,0,0,0,0,0,0,"[0.0, 0.0, 0.0, 0.0, 0.0, 0.0, 0.0, 0.0]"
n8_lowrank2_d3_stack_nonlinear_T32_s9401104,8,lowrank,lowrank,2,3,stack_nonlinear,32,9401104,336,24,8064,1,3,896,0,0,0,0,0,0,"[0.0, 0.0, 0.0, 0.0, 0.0, 0.0, 0.0, 0.0]"
n8_lowrank2_d3_stack_nonlinear_T32_s9401104,8,lowrank,lowrank,2,3,stack_nonlinear,32,9401104,336,24,8064,2,1,896,896,896,896,8,8,8,"[2.048407756976217, 1.5572696458055613, 1.2120019801058317, 0.9712137568270588, 0.47116340615989105, 0.38645924729758696, 0.29016832116001856, 0.01253200359361142]"
n8_lowrank2_d3_stack_nonlinear_T32_s9401104,8,lowrank,lowrank,2,3,stack_nonlinear,32,9401104,336,24,8064,2,2,896,896,896,896,8,8,8,"[1.8031741458718837, 1.6698807134044265, 1.5713259479064723, 1.5296710516102359, 1.4238544494679888, 1.3607494798896542, 1.3220791467406485, 1.2337171232929305]"
n8_lowrank2_d3_stack_nonlinear_T32_s9401104,8,lowrank,lowrank,2,3,stack_nonlinear,32,9401104,336,24,8064,2,3,896,0,0,0,0,0,0,"[0.0, 0.0, 0.0, 0.0, 0.0, 0.0, 0.0, 0.0]"
n8_lowrank2_d3_stack_nonlinear_T32_s9401104,8,lowrank,lowrank,2,3,stack_nonlinear,32,9401104,336,24,8064,3,1,896,896,896,896,8,8,8,"[1.3992306817434061, 0.8814974349427543, 0.6127605065601905, 0.3762921154114199, 0.14486253739023966, 0.06877245467910707, 0.04254992062451324, 0.021529551818076434]"
n8_lowrank2_d3_stack_nonlinear_T32_s9401104,8,lowrank,lowrank,2,3,stack_nonlinear,32,9401104,336,24,8064,3,2,896,896,896,896,8,8,8,"[1.4400644235216282, 1.1412848216050635, 1.0509937416777857, 0.9588430705325663, 0.43037447729092354, 0.18147022847027208, 0.11260621657024941, 0.03279721764518101]"
n8_lowrank2_d3_stack_nonlinear_T32_s9401104,8,lowrank,lowrank,2,3,stack_nonlinear,32,9401104,336,24,8064,3,3,896,896,896,896,8,8,8,"[1.948806042904523, 1.726485457921315, 1.5040926302699387, 1.4508340475934258, 1.4287957442621384, 1.4009481825229224, 1.3560265529214695, 1.2204464272812439]"
n8_lowrank2_d3_stack_nonlinear_T128_s9401100,8,lowrank,lowrank,2,3,stack_nonlinear,128,9401100,336,24,8064,1,1,896,896,896,896,8,8,8,"[2.09733807842996, 2.035771334726994, 1.868197697995193, 1.7592771008429726, 1.6036602906309787, 1.5363379256863947, 1.4635879456001577, 1.4217733067995926]"
n8_lowrank2_d3_stack_nonlinear_T128_s9401100,8,lowrank,lowrank,2,3,stack_nonlinear,128,9401100,336,24,8064,1,2,896,0,0,0,0,0,0,"[0.0, 0.0, 0.0, 0.0, 0.0, 0.0, 0.0, 0.0]"
n8_lowrank2_d3_stack_nonlinear_T128_s9401100,8,lowrank,lowrank,2,3,stack_nonlinear,128,9401100,336,24,8064,1,3,896,0,0,0,0,0,0,"[0.0, 0.0, 0.0, 0.0, 0.0, 0.0, 0.0, 0.0]"
n8_lowrank2_d3_stack_nonlinear_T128_s9401100,8,lowrank,lowrank,2,3,stack_nonlinear,128,9401100,336,24,8064,2,1,896,896,896,896,8,8,8,"[2.239332030603101, 1.4649971112012659, 1.1349766477791499, 0.8815820095389685, 0.6150517715476199, 0.37652140724959754, 0.24336610749491394, 0.05262299827983581]"
n8_lowrank2_d3_stack_nonlinear_T128_s9401100,8,lowrank,lowrank,2,3,stack_nonlinear,128,9401100,336,24,8064,2,2,896,896,896,896,8,8,8,"[2.237100765965239, 1.9477969295262811, 1.7918332065908211, 1.6930992754283325, 1.639603495023089, 1.5107471703379751, 1.4117696461554656, 1.3166362123336404]"
n8_lowrank2_d3_stack_nonlinear_T128_s9401100,8,lowrank,lowrank,2,3,stack_nonlinear,128,9401100,336,24,8064,2,3,896,0,0,0,0,0,0,"[0.0, 0.0, 0.0, 0.0, 0.0, 0.0, 0.0, 0.0]"
n8_lowrank2_d3_stack_nonlinear_T128_s9401100,8,lowrank,lowrank,2,3,stack_nonlinear,128,9401100,336,24,8064,3,1,896,896,896,896,8,8,8,"[2.0304146486889305, 0.8517267459501702, 0.7174441178025615, 0.5451123193598667, 0.1530263748322155, 0.12378726337485302, 0.04590373660030973, 0.027700994794876303]"
n8_lowrank2_d3_stack_nonlinear_T128_s9401100,8,lowrank,lowrank,2,3,stack_nonlinear,128,9401100,336,24,8064,3,2,896,896,896,896,8,8,8,"[2.143491122704126, 1.6355382228466526, 1.1823942234394988, 0.8765651510265486, 0.659943172539168, 0.4480944951936708, 0.3059940753875604, 0.09107711012484523]"
n8_lowrank2_d3_stack_nonlinear_T128_s9401100,8,lowrank,lowrank,2,3,stack_nonlinear,128,9401100,336,24,8064,3,3,896,896,896,896,8,8,8,"[2.206432082231256, 2.0000138663021088, 1.7193303650447171, 1.6766799514046384, 1.508555421772952, 1.4442008916455265, 1.3159587937362016, 1.2248672958174318]"
n8_lowrank2_d3_stack_nonlinear_T128_s9401101,8,lowrank,lowrank,2,3,stack_nonlinear,128,9401101,336,24,8064,1,1,896,896,896,896,8,8,8,"[2.035564345556938, 1.8930285498454877, 1.871969994574239, 1.800301865391324, 1.6967552883787058, 1.649619562111856, 1.4785717527567799, 1.3123244295118872]"
n8_lowrank2_d3_stack_nonlinear_T128_s9401101,8,lowrank,lowrank,2,3,stack_nonlinear,128,9401101,336,24,8064,1,2,896,0,0,0,0,0,0,"[0.0, 0.0, 0.0, 0.0, 0.0, 0.0, 0.0, 0.0]"
n8_lowrank2_d3_stack_nonlinear_T128_s9401101,8,lowrank,lowrank,2,3,stack_nonlinear,128,9401101,336,24,8064,1,3,896,0,0,0,0,0,0,"[0.0, 0.0, 0.0, 0.0, 0.0, 0.0, 0.0, 0.0]"
n8_lowrank2_d3_stack_nonlinear_T128_s9401101,8,lowrank,lowrank,2,3,stack_nonlinear,128,9401101,336,24,8064,2,1,896,896,896,896,8,8,8,"[1.9176230693407266, 1.1996874939307616, 0.7081552470794595, 0.6088106801672345, 0.5252354174223248, 0.24263303722322818, 0.22254009262567875, 0.049996714485522925]"
n8_lowrank2_d3_stack_nonlinear_T128_s9401101,8,lowrank,lowrank,2,3,stack_nonlinear,128,9401101,336,24,8064,2,2,896,896,896,896,8,8,8,"[1.9769220177183895, 1.7791177507939773, 1.7142185640283254, 1.5831242917740704, 1.4811752608491193, 1.3281967178769085, 1.2928650177296832, 1.2443272225658095]"
n8_lowrank2_d3_stack_nonlinear_T128_s9401101,8,lowrank,lowrank,2,3,stack_nonlinear,128,9401101,336,24,8064,2,3,896,0,0,0,0,0,0,"[0.0, 0.0, 0.0, 0.0, 0.0, 0.0, 0.0, 0.0]"
n8_lowrank2_d3_stack_nonlinear_T128_s9401101,8,lowrank,lowrank,2,3,stack_nonlinear,128,9401101,336,24,8064,3,1,896,896,896,896,8,8,8,"[0.8313297385115701, 0.6219957149053639, 0.48579089852563656, 0.3305073871528081, 0.16710319958711944, 0.07486075598717866, 0.04803898114608078, 0.012728649924844323]"
n8_lowrank2_d3_stack_nonlinear_T128_s9401101,8,lowrank,lowrank,2,3,stack_nonlinear,128,9401101,336,24,8064,3,2,896,896,896,896,8,8,8,"[1.791473533737463, 1.3609151163056998, 1.1836360613229528, 1.0259048001892552, 0.4504702436597714, 0.3484238533651584, 0.24249235252878226, 0.14562409543015323]"
n8_lowrank2_d3_stack_nonlinear_T128_s9401101,8,lowrank,lowrank,2,3,stack_nonlinear,128,9401101,336,24,8064,3,3,896,896,896,896,8,8,8,"[2.1801728302457657, 1.8978884594808798, 1.7984292366603178, 1.670000274339173, 1.518749250677623, 1.4229900519901406, 1.3971063274567161, 1.3361426883081895]"
n8_lowrank2_d3_stack_nonlinear_T128_s9401102,8,lowrank,lowrank,2,3,stack_nonlinear,128,9401102,336,24,8064,1,1,896,896,896,896,8,8,8,"[2.2426191751731985, 1.801561016539036, 1.6729200945292249, 1.640934466989297, 1.5972406401161978, 1.5440142103020893, 1.4588209997735133, 1.2745912340687133]"
n8_lowrank2_d3_stack_nonlinear_T128_s9401102,8,lowrank,lowrank,2,3,stack_nonlinear,128,9401102,336,24,8064,1,2,896,0,0,0,0,0,0,"[0.0, 0.0, 0.0, 0.0, 0.0, 0.0, 0.0, 0.0]"
n8_lowrank2_d3_stack_nonlinear_T128_s9401102,8,lowrank,lowrank,2,3,stack_nonlinear,128,9401102,336,24,8064,1,3,896,0,0,0,0,0,0,"[0.0, 0.0, 0.0, 0.0, 0.0, 0.0, 0.0, 0.0]"
n8_lowrank2_d3_stack_nonlinear_T128_s9401102,8,lowrank,lowrank,2,3,stack_nonlinear,128,9401102,336,24,8064,2,1,896,896,896,896,8,8,8,"[1.6757808664037008, 1.382852364660876, 1.2807024718671205, 1.0422270843102504, 0.5860749031830544, 0.5201639453689078, 0.474752482074944, 0.09172299430366178]"
n8_lowrank2_d3_stack_nonlinear_T128_s9401102,8,lowrank,lowrank,2,3,stack_nonlinear,128,9401102,336,24,8064,2,2,896,896,896,896,8,8,8,"[1.8131607340231106, 1.5997954971837245, 1.4445907136087373, 1.3977886295856166, 1.3812666009870276, 1.3422748170221828, 1.222674250159476, 1.1368023537919612]"
n8_lowrank2_d3_stack_nonlinear_T128_s9401102,8,lowrank,lowrank,2,3,stack_nonlinear,128,9401102,336,24,8064,2,3,896,0,0,0,0,0,0,"[0.0, 0.0, 0.0, 0.0, 0.0, 0.0, 0.0, 0.0]"
n8_lowrank2_d3_stack_nonlinear_T128_s9401102,8,lowrank,lowrank,2,3,stack_nonlinear,128,9401102,336,24,8064,3,1,896,896,896,896,8,8,8,"[1.1589558663929185, 0.8478837640728661, 0.6856722061637942, 0.30319304261598784, 0.26386424825732724, 0.19407557517338786, 0.09422081736493777, 0.0292796079695079]"
n8_lowrank2_d3_stack_nonlinear_T128_s9401102,8,lowrank,lowrank,2,3,stack_nonlinear,128,9401102,336,24,8064,3,2,896,896,896,896,8,8,8,"[1.584105799836183, 1.2107582750783936, 1.0612318063880726, 0.74069201072207, 0.6052342425056897, 0.32146596994698895, 0.2047531266036018, 0.1759136617351087]"
n8_lowrank2_d3_stack_nonlinear_T128_s9401102,8,lowrank,lowrank,2,3,stack_nonlinear,128,9401102,336,24,8064,3,3,896,896,896,896,8,8,8,"[1.9493320186335128, 1.7031348070254242, 1.5399754591375292, 1.5045987644082326, 1.4259908493377706, 1.3863239066378368, 1.2781626223376508, 1.230609685750733]"
n8_lowrank2_d3_stack_nonlinear_T128_s9401103,8,lowrank,lowrank,2,3,stack_nonlinear,128,9401103,336,24,8064,1,1,896,896,896,896,8,8,8,"[2.053399803454548, 1.7041037349512052, 1.682764563580047, 1.6149120959565193, 1.4651603400772384, 1.407282201849788, 1.3967656922655423, 1.278116632195661]"
n8_lowrank2_d3_stack_nonlinear_T128_s9401103,8,lowrank,lowrank,2,3,stack_nonlinear,128,9401103,336,24,8064,1,2,896,0,0,0,0,0,0,"[0.0, 0.0, 0.0, 0.0, 0.0, 0.0, 0.0, 0.0]"
n8_lowrank2_d3_stack_nonlinear_T128_s9401103,8,lowrank,lowrank,2,3,stack_nonlinear,128,9401103,336,24,8064,1,3,896,0,0,0,0,0,0,"[0.0, 0.0, 0.0, 0.0, 0.0, 0.0, 0.0, 0.0]"
n8_lowrank2_d3_stack_nonlinear_T128_s9401103,8,lowrank,lowrank,2,3,stack_nonlinear,128,9401103,336,24,8064,2,1,896,896,896,896,8,8,8,"[1.8645155596780998, 1.463013917000413, 0.9763041546582574, 0.7262679020366526, 0.5880899354002126, 0.33448442407291873, 0.22937238203189417, 0.19644847204308033]"
n8_lowrank2_d3_stack_nonlinear_T128_s9401103,8,lowrank,lowrank,2,3,stack_nonlinear,128,9401103,336,24,8064,2,2,896,896,896,896,8,8,8,"[2.2085518217279936, 1.9333651906381668, 1.714642981247964, 1.6485200682798393, 1.5610874999742521, 1.4900485733923394, 1.4323225327205638, 1.3443150493885683]"
n8_lowrank2_d3_stack_nonlinear_T128_s9401103,8,lowrank,lowrank,2,3,stack_nonlinear,128,9401103,336,24,8064,2,3,896,0,0,0,0,0,0,"[0.0, 0.0, 0.0, 0.0, 0.0, 0.0, 0.0, 0.0]"
n8_lowrank2_d3_stack_nonlinear_T128_s9401103,8,lowrank,lowrank,2,3,stack_nonlinear,128,9401103,336,24,8064,3,1,896,896,896,896,8,8,8,"[0.8078764694174212, 0.5459401704961058, 0.4852577187071818, 0.2507230851470528, 0.1804350383535919, 0.15444625184993496, 0.06658707649838222, 0.013761594500316162]"
n8_lowrank2_d3_stack_nonlinear_T128_s9401103,8,lowrank,lowrank,2,3,stack_nonlinear,128,9401103,336,24,8064,3,2,896,896,896,896,8,8,8,"[2.409550750650279, 1.1893842991779255, 0.8771485773694973, 0.8609213296458835, 0.5726641759533476, 0.34474102654893046, 0.17589256487992633, 0.046210440911593716]"
n8_lowrank2_d3_stack_nonlinear_T128_s9401103,8,lowrank,lowrank,2,3,stack_nonlinear,128,9401103,336,24,8064,3,3,896,896,896,896,8,8,8,"[1.8031112023563454, 1.6755002714316698, 1.5290206303664242, 1.4105754043765681, 1.3373280396902176, 1.2996871101318106, 1.280540516801354, 1.1845133090530564]"
n8_lowrank2_d3_stack_nonlinear_T128_s9401104,8,lowrank,lowrank,2,3,stack_nonlinear,128,9401104,336,24,8064,1,1,896,896,896,896,8,8,8,"[1.9794635266543275, 1.8043443737326244, 1.6809743625360416, 1.6671940077856615, 1.5810625682021389, 1.5251257799189333, 1.3668809427555302, 1.3408982202571997]"
n8_lowrank2_d3_stack_nonlinear_T128_s9401104,8,lowrank,lowrank,2,3,stack_nonlinear,128,9401104,336,24,8064,1,2,896,0,0,0,0,0,0,"[0.0, 0.0, 0.0, 0.0, 0.0, 0.0, 0.0, 0.0]"
n8_lowrank2_d3_stack_nonlinear_T128_s9401104,8,lowrank,lowrank,2,3,stack_nonlinear,128,9401104,336,24,8064,1,3,896,0,0,0,0,0,0,"[0.0, 0.0, 0.0, 0.0, 0.0, 0.0, 0.0, 0.0]"
n8_lowrank2_d3_stack_nonlinear_T128_s9401104,8,lowrank,lowrank,2,3,stack_nonlinear,128,9401104,336,24,8064,2,1,896,896,896,896,8,8,8,"[2.0584275465029993, 1.5576547970803243, 1.2269481753339144, 0.9661212821989752, 0.46804148448918115, 0.3838015000560543, 0.2904013871542474, 0.013692958332308604]"
n8_lowrank2_d3_stack_nonlinear_T128_s9401104,8,lowrank,lowrank,2,3,stack_nonlinear,128,9401104,336,24,8064,2,2,896,896,896,896,8,8,8,"[1.8330844362728282, 1.6913265596085296, 1.5992189882551822, 1.5490076323298214, 1.4447072688900353, 1.3794177783899455, 1.3381115476336334, 1.2492301881424128]"
n8_lowrank2_d3_stack_nonlinear_T128_s9401104,8,lowrank,lowrank,2,3,stack_nonlinear,128,9401104,336,24,8064,2,3,896,0,0,0,0,0,0,"[0.0, 0.0, 0.0, 0.0, 0.0, 0.0, 0.0, 0.0]"
n8_lowrank2_d3_stack_nonlinear_T128_s9401104,8,lowrank,lowrank,2,3,stack_nonlinear,128,9401104,336,24,8064,3,1,896,896,896,896,8,8,8,"[1.385821070141405, 0.8786026492257262, 0.6047635032474928, 0.3682622659482669, 0.14205982503699688, 0.0705373087635039, 0.050640267244120296, 0.02345597943167639]"
n8_lowrank2_d3_stack_nonlinear_T128_s9401104,8,lowrank,lowrank,2,3,stack_nonlinear,128,9401104,336,24,8064,3,2,896,896,896,896,8,8,8,"[1.4569558435735679, 1.16137738412991, 1.0582346525012583, 0.9727312239843335, 0.43752947706698625, 0.18520266507345742, 0.11590786862434499, 0.03774448536024725]"
n8_lowrank2_d3_stack_nonlinear_T128_s9401104,8,lowrank,lowrank,2,3,stack_nonlinear,128,9401104,336,24,8064,3,3,896,896,896,896,8,8,8,"[1.9641632294803637, 1.7406850252698887, 1.5147691916044281, 1.4633624607239633, 1.4414845518988415, 1.3959964156174207, 1.3683902496182994, 1.2278928371043263]"
n8_lowrank4_d1_stack_nonlinear_T32_s9401100,8,lowrank,lowrank,4,1,stack_nonlinear,32,9401100,144,8,1152,1,1,1152,1152,1152,1152,8,8,8,"[2.41475546971781, 2.1122592570277385, 1.8625650948448906, 1.7539463232355856, 1.6886671435191756, 1.5376970363168316, 1.4162058442016308, 1.3115841443231904]"
n8_lowrank4_d1_stack_nonlinear_T32_s9401101,8,lowrank,lowrank,4,1,stack_nonlinear,32,9401101,144,8,1152,1,1,1152,1152,1152,1152,8,8,8,"[2.2972435902536694, 2.0215386329638325, 1.9029687456075306, 1.8209210638985076, 1.712937194209586, 1.5087274301160234, 1.4555371101827161, 1.4262636400135422]"
n8_lowrank4_d1_stack_nonlinear_T32_s9401102,8,lowrank,lowrank,4,1,stack_nonlinear,32,9401102,144,8,1152,1,1,1152,1152,1152,1152,8,8,8,"[1.9439761449408328, 1.821764864448138, 1.6962630114145243, 1.679657486017296, 1.6194961787279267, 1.5056021442563494, 1.3841027324372153, 1.2781707454361702]"
n8_lowrank4_d1_stack_nonlinear_T32_s9401103,8,lowrank,lowrank,4,1,stack_nonlinear,32,9401103,144,8,1152,1,1,1152,1152,1152,1152,8,8,8,"[2.019796405401275, 1.692205525017319, 1.641828309609042, 1.6327569791615475, 1.4827066768597141, 1.3641591613539952, 1.319743662817034, 1.2081527441442725]"
n8_lowrank4_d1_stack_nonlinear_T32_s9401104,8,lowrank,lowrank,4,1,stack_nonlinear,32,9401104,144,8,1152,1,1,1152,1152,1152,1152,8,8,8,"[1.8732276647974053, 1.7812252392194667, 1.6228056040385481, 1.5917388268342347, 1.5334152502892804, 1.4317098159153556, 1.3529533225126822, 1.231262745291405]"
n8_lowrank4_d1_stack_nonlinear_T128_s9401100,8,lowrank,lowrank,4,1,stack_nonlinear,128,9401100,144,8,1152,1,1,1152,1152,1152,1152,8,8,8,"[2.380516167521246, 2.087728767505626, 1.8524825820342288, 1.7732037343719238, 1.671241610218268, 1.5254325380724587, 1.4336678761780686, 1.283472219058184]"
n8_lowrank4_d1_stack_nonlinear_T128_s9401101,8,lowrank,lowrank,4,1,stack_nonlinear,128,9401101,144,8,1152,1,1,1152,1152,1152,1152,8,8,8,"[2.2497087135255476, 1.9900421309173693, 1.8488749319424604, 1.7920437098212907, 1.6989375166888758, 1.508311465555362, 1.4552426187238043, 1.4379909997531808]"
n8_lowrank4_d1_stack_nonlinear_T128_s9401102,8,lowrank,lowrank,4,1,stack_nonlinear,128,9401102,144,8,1152,1,1,1152,1152,1152,1152,8,8,8,"[1.9126269338792778, 1.8168531617293031, 1.6823889182135494, 1.6626710150298138, 1.5994530517250607, 1.4717395117739294, 1.3504688255610737, 1.2327239460210662]"
n8_lowrank4_d1_stack_nonlinear_T128_s9401103,8,lowrank,lowrank,4,1,stack_nonlinear,128,9401103,144,8,1152,1,1,1152,1152,1152,1152,8,8,8,"[2.047917072911918, 1.7703361518255956, 1.7030850655581844, 1.6003965914382243, 1.4939243729056124, 1.3996256936770057, 1.3832570062768261, 1.2601827184888106]"
n8_lowrank4_d1_stack_nonlinear_T128_s9401104,8,lowrank,lowrank,4,1,stack_nonlinear,128,9401104,144,8,1152,1,1,1152,1152,1152,1152,8,8,8,"[1.8852470011512128, 1.7925667443301734, 1.630325839561911, 1.597512709431616, 1.5232614956068125, 1.4314312106713933, 1.3560666780789377, 1.2297888210988364]"
n8_lowrank4_d2_stack_nonlinear_T32_s9401100,8,lowrank,lowrank,4,2,stack_nonlinear,32,9401100,288,16,4608,1,1,1152,1152,1152,1152,8,8,8,"[2.41475546971781, 2.1122592570277385, 1.8625650948448906, 1.7539463232355856, 1.6886671435191756, 1.5376970363168316, 1.4162058442016308, 1.3115841443231904]"
n8_lowrank4_d2_stack_nonlinear_T32_s9401100,8,lowrank,lowrank,4,2,stack_nonlinear,32,9401100,288,16,4608,1,2,1152,0,0,0,0,0,0,"[0.0, 0.0, 0.0, 0.0, 0.0, 0.0, 0.0, 0.0]"
n8_lowrank4_d2_stack_nonlinear_T32_s9401100,8,lowrank,lowrank,4,2,stack_nonlinear,32,9401100,288,16,4608,2,1,1152,1152,1152,1152,8,8,8,"[2.0841230004171303, 1.6161137045091578, 1.2790581426535614, 1.0715143302302985, 0.8759051544763636, 0.6450332004235166, 0.308085312693031, 0.07448769304066997]"
n8_lowrank4_d2_stack_nonlinear_T32_s9401100,8,lowrank,lowrank,4,2,stack_nonlinear,32,9401100,288,16,4608,2,2,1152,1152,1152,1152,8,8,8,"[2.3176695550883597, 2.216607392017871, 1.8549550479595722, 1.7624244299562273, 1.6885445387815923, 1.674142741266472, 1.6354056809815214, 1.3606872306901845]"
n8_lowrank4_d2_stack_nonlinear_T32_s9401101,8,lowrank,lowrank,4,2,stack_nonlinear,32,9401101,288,16,4608,1,1,1152,1152,1152,1152,8,8,8,"[2.2972435902536694, 2.0215386329638325, 1.9029687456075306, 1.8209210638985076, 1.712937194209586, 1.5087274301160234, 1.4555371101827161, 1.4262636400135422]"
n8_lowrank4_d2_stack_nonlinear_T32_s9401101,8,lowrank,lowrank,4,2,stack_nonlinear,32,9401101,288,16,4608,1,2,1152,0,0,0,0,0,0,"[0.0, 0.0, 0.0, 0.0, 0.0, 0.0, 0.0, 0.0]"
n8_lowrank4_d2_stack_nonlinear_T32_s9401101,8,lowrank,lowrank,4,2,stack_nonlinear,32,9401101,288,16,4608,2,1,1152,1152,1152,1152,8,8,8,"[2.069360795433064, 1.6817198497813353, 1.1676894658512091, 0.8872771919965156, 0.6688211198674844, 0.31286623241937683, 0.2053655580210876, 0.0883002744269507]"
n8_lowrank4_d2_stack_nonlinear_T32_s9401101,8,lowrank,lowrank,4,2,stack_nonlinear,32,9401101,288,16,4608,2,2,1152,1152,1152,1152,8,8,8,"[2.0729297479914184, 1.8624811489053308, 1.6803370556655437, 1.6364558779964724, 1.587130374089779, 1.4932009326605895, 1.3755536884962705, 1.310809740700472]"
n8_lowrank4_d2_stack_nonlinear_T32_s9401102,8,lowrank,lowrank,4,2,stack_nonlinear,32,9401102,288,16,4608,1,1,1152,1152,1152,1152,8,8,8,"[1.9439761449408328, 1.821764864448138, 1.6962630114145243, 1.679657486017296, 1.6194961787279267, 1.5056021442563494, 1.3841027324372153, 1.2781707454361702]"
n8_lowrank4_d2_stack_nonlinear_T32_s9401102,8,lowrank,lowrank,4,2,stack_nonlinear,32,9401102,288,16,4608,1,2,1152,0,0,0,0,0,0,"[0.0, 0.0, 0.0, 0.0, 0.0, 0.0, 0.0, 0.0]"
n8_lowrank4_d2_stack_nonlinear_T32_s9401102,8,lowrank,lowrank,4,2,stack_nonlinear,32,9401102,288,16,4608,2,1,1152,1152,1152,1152,8,8,8,"[1.322421791021797, 1.2803814731349528, 0.8805592944403616, 0.7874955611543768, 0.601380955743756, 0.2763661062019668, 0.2195807711764168, 0.146529118945612]"
n8_lowrank4_d2_stack_nonlinear_T32_s9401102,8,lowrank,lowrank,4,2,stack_nonlinear,32,9401102,288,16,4608,2,2,1152,1152,1152,1152,8,8,8,"[1.7479121043924961, 1.6998972051326537, 1.570571907952547, 1.4170143350084197, 1.3322665696983773, 1.31213419380417, 1.28987473405125, 1.201022308462583]"
n8_lowrank4_d2_stack_nonlinear_T32_s9401103,8,lowrank,lowrank,4,2,stack_nonlinear,32,9401103,288,16,4608,1,1,1152,1152,1152,1152,8,8,8,"[2.019796405401275, 1.692205525017319, 1.641828309609042, 1.6327569791615475, 1.4827066768597141, 1.3641591613539952, 1.319743662817034, 1.2081527441442725]"
n8_lowrank4_d2_stack_nonlinear_T32_s9401103,8,lowrank,lowrank,4,2,stack_nonlinear,32,9401103,288,16,4608,1,2,1152,0,0,0,0,0,0,"[0.0, 0.0, 0.0, 0.0, 0.0, 0.0, 0.0, 0.0]"
n8_lowrank4_d2_stack_nonlinear_T32_s9401103,8,lowrank,lowrank,4,2,stack_nonlinear,32,9401103,288,16,4608,2,1,1152,1152,1152,1152,8,8,8,"[1.4604877101363227, 1.362531140124577, 1.1053813341697447, 0.6566507187146191, 0.5010207221670105, 0.29731471000253795, 0.13828669461016055, 0.05193670379264112]"
n8_lowrank4_d2_stack_nonlinear_T32_s9401103,8,lowrank,lowrank,4,2,stack_nonlinear,32,9401103,288,16,4608,2,2,1152,1152,1152,1152,8,8,8,"[1.998163440227438, 1.769238109390809, 1.528289582194731, 1.4908251862792228, 1.4466370003341316, 1.3740607192946792, 1.3030451664963507, 1.233915066394682]"
n8_lowrank4_d2_stack_nonlinear_T32_s9401104,8,lowrank,lowrank,4,2,stack_nonlinear,32,9401104,288,16,4608,1,1,1152,1152,1152,1152,8,8,8,"[1.8732276647974053, 1.7812252392194667, 1.6228056040385481, 1.5917388268342347, 1.5334152502892804, 1.4317098159153556, 1.3529533225126822, 1.231262745291405]"
n8_lowrank4_d2_stack_nonlinear_T32_s9401104,8,lowrank,lowrank,4,2,stack_nonlinear,32,9401104,288,16,4608,1,2,1152,0,0,0,0,0,0,"[0.0, 0.0, 0.0, 0.0, 0.0, 0.0, 0.0, 0.0]"
n8_lowrank4_d2_stack_nonlinear_T32_s9401104,8,lowrank,lowrank,4,2,stack_nonlinear,32,9401104,288,16,4608,2,1,1152,1152,1152,1152,8,8,8,"[1.3981102905126126, 1.319890248350463, 0.9929547946336335, 0.9214670785500088, 0.7002686553028342, 0.3641693186312727, 0.22482784492647376, 0.05959052489917847]"
n8_lowrank4_d2_stack_nonlinear_T32_s9401104,8,lowrank,lowrank,4,2,stack_nonlinear,32,9401104,288,16,4608,2,2,1152,1152,1152,1152,8,8,8,"[2.1213093218100814, 1.9690182585478573, 1.8521930769225092, 1.6073128720616965, 1.5278162479712432, 1.5191793765871602, 1.3438396344856935, 1.2356145831419134]"
n8_lowrank4_d2_stack_nonlinear_T128_s9401100,8,lowrank,lowrank,4,2,stack_nonlinear,128,9401100,288,16,4608,1,1,1152,1152,1152,1152,8,8,8,"[2.380516167521246, 2.087728767505626, 1.8524825820342288, 1.7732037343719238, 1.671241610218268, 1.5254325380724587, 1.4336678761780686, 1.283472219058184]"
n8_lowrank4_d2_stack_nonlinear_T128_s9401100,8,lowrank,lowrank,4,2,stack_nonlinear,128,9401100,288,16,4608,1,2,1152,0,0,0,0,0,0,"[0.0, 0.0, 0.0, 0.0, 0.0, 0.0, 0.0, 0.0]"
n8_lowrank4_d2_stack_nonlinear_T128_s9401100,8,lowrank,lowrank,4,2,stack_nonlinear,128,9401100,288,16,4608,2,1,1152,1152,1152,1152,8,8,8,"[2.0966155908047437, 1.613278927704343, 1.3273485205983642, 1.1060795745894412, 0.9012183285261567, 0.636253872418256, 0.30765515155339285, 0.07876991981662758]"
n8_lowrank4_d2_stack_nonlinear_T128_s9401100,8,lowrank,lowrank,4,2,stack_nonlinear,128,9401100,288,16,4608,2,2,1152,1152,1152,1152,8,8,8,"[2.2499217371839477, 2.142584335483277, 1.7951641339824598, 1.7017145064942063, 1.6383407067161118, 1.6169248622508394, 1.5933349228797975, 1.306092509184358]"
n8_lowrank4_d2_stack_nonlinear_T128_s9401101,8,lowrank,lowrank,4,2,stack_nonlinear,128,9401101,288,16,4608,1,1,1152,1152,1152,1152,8,8,8,"[2.2497087135255476, 1.9900421309173693, 1.8488749319424604, 1.7920437098212907, 1.6989375166888758, 1.508311465555362, 1.4552426187238043, 1.4379909997531808]"
n8_lowrank4_d2_stack_nonlinear_T128_s9401101,8,lowrank,lowrank,4,2,stack_nonlinear,128,9401101,288,16,4608,1,2,1152,0,0,0,0,0,0,"[0.0, 0.0, 0.0, 0.0, 0.0, 0.0, 0.0, 0.0]"
n8_lowrank4_d2_stack_nonlinear_T128_s9401101,8,lowrank,lowrank,4,2,stack_nonlinear,128,9401101,288,16,4608,2,1,1152,1152,1152,1152,8,8,8,"[2.0309996766039404, 1.660362365710357, 1.1434170787327769, 0.8727269630062452, 0.6617821731087808, 0.3109448729188291, 0.20456472700367026, 0.09033222138598977]"
n8_lowrank4_d2_stack_nonlinear_T128_s9401101,8,lowrank,lowrank,4,2,stack_nonlinear,128,9401101,288,16,4608,2,2,1152,1152,1152,1152,8,8,8,"[2.09032045311497, 1.8745805187287479, 1.6988809128601907, 1.654347137961557, 1.602559480828096, 1.5051675660642538, 1.3902937160563187, 1.3242155224338847]"
n8_lowrank4_d2_stack_nonlinear_T128_s9401102,8,lowrank,lowrank,4,2,stack_nonlinear,128,9401102,288,16,4608,1,1,1152,1152,1152,1152,8,8,8,"[1.9126269338792778, 1.8168531617293031, 1.6823889182135494, 1.6626710150298138, 1.5994530517250607, 1.4717395117739294, 1.3504688255610737, 1.2327239460210662]"
n8_lowrank4_d2_stack_nonlinear_T128_s9401102,8,lowrank,lowrank,4,2,stack_nonlinear,128,9401102,288,16,4608,1,2,1152,0,0,0,0,0,0,"[0.0, 0.0, 0.0, 0.0, 0.0, 0.0, 0.0, 0.0]"
n8_lowrank4_d2_stack_nonlinear_T128_s9401102,8,lowrank,lowrank,4,2,stack_nonlinear,128,9401102,288,16,4608,2,1,1152,1152,1152,1152,8,8,8,"[1.307328084677758, 1.2776387951116273, 0.8687521185412448, 0.7828693483556464, 0.6012247080625941, 0.27079262550301253, 0.21720697761888608, 0.14589585992013177]"
n8_lowrank4_d2_stack_nonlinear_T128_s9401102,8,lowrank,lowrank,4,2,stack_nonlinear,128,9401102,288,16,4608,2,2,1152,1152,1152,1152,8,8,8,"[1.7506951380097024, 1.7046395399687078, 1.5724657580640555, 1.4230244226182154, 1.331545274413118, 1.3123822865872454, 1.2908763950085653, 1.1964116233148874]"
n8_lowrank4_d2_stack_nonlinear_T128_s9401103,8,lowrank,lowrank,4,2,stack_nonlinear,128,9401103,288,16,4608,1,1,1152,1152,1152,1152,8,8,8,"[2.047917072911918, 1.7703361518255956, 1.7030850655581844, 1.6003965914382243, 1.4939243729056124, 1.3996256936770057, 1.3832570062768261, 1.2601827184888106]"
n8_lowrank4_d2_stack_nonlinear_T128_s9401103,8,lowrank,lowrank,4,2,stack_nonlinear,128,9401103,288,16,4608,1,2,1152,0,0,0,0,0,0,"[0.0, 0.0, 0.0, 0.0, 0.0, 0.0, 0.0, 0.0]"
n8_lowrank4_d2_stack_nonlinear_T128_s9401103,8,lowrank,lowrank,4,2,stack_nonlinear,128,9401103,288,16,4608,2,1,1152,1152,1152,1152,8,8,8,"[1.5011622627971986, 1.3697910897740009, 1.1071605132777536, 0.6487891647096019, 0.501001901276491, 0.30171559075246285, 0.1404157224906105, 0.05292228743363656]"
n8_lowrank4_d2_stack_nonlinear_T128_s9401103,8,lowrank,lowrank,4,2,stack_nonlinear,128,9401103,288,16,4608,2,2,1152,1152,1152,1152,8,8,8,"[2.0343079992187176, 1.8165568089235637, 1.5660856906272127, 1.5342538543242747, 1.4866207164411724, 1.4151893328063303, 1.3488209964788012, 1.280776754440618]"
n8_lowrank4_d2_stack_nonlinear_T128_s9401104,8,lowrank,lowrank,4,2,stack_nonlinear,128,9401104,288,16,4608,1,1,1152,1152,1152,1152,8,8,8,"[1.8852470011512128, 1.7925667443301734, 1.630325839561911, 1.597512709431616, 1.5232614956068125, 1.4314312106713933, 1.3560666780789377, 1.2297888210988364]"
n8_lowrank4_d2_stack_nonlinear_T128_s9401104,8,lowrank,lowrank,4,2,stack_nonlinear,128,9401104,288,16,4608,1,2,1152,0,0,0,0,0,0,"[0.0, 0.0, 0.0, 0.0, 0.0, 0.0, 0.0, 0.0]"
n8_lowrank4_d2_stack_nonlinear_T128_s9401104,8,lowrank,lowrank,4,2,stack_nonlinear,128,9401104,288,16,4608,2,1,1152,1152,1152,1152,8,8,8,"[1.4292312653112271, 1.3157232685786857, 1.0026529583343173, 0.9208905420545539, 0.7106610988377562, 0.36745551326785264, 0.22701793968867828, 0.06532796555969397]"
n8_lowrank4_d2_stack_nonlinear_T128_s9401104,8,lowrank,lowrank,4,2,stack_nonlinear,128,9401104,288,16,4608,2,2,1152,1152,1152,1152,8,8,8,"[2.1277676923994937, 1.970872605734869, 1.8654482501437266, 1.6138701771213733, 1.5347311677723878, 1.5313074130605329, 1.3547130985157645, 1.244342487893638]"
n8_lowrank4_d3_stack_nonlinear_T32_s9401100,8,lowrank,lowrank,4,3,stack_nonlinear,32,9401100,432,24,10368,1,1,1152,1152,1152,1152,8,8,8,"[2.41475546971781, 2.1122592570277385, 1.8625650948448906, 1.7539463232355856, 1.6886671435191756, 1.5376970363168316, 1.4162058442016308, 1.3115841443231904]"
n8_lowrank4_d3_stack_nonlinear_T32_s9401100,8,lowrank,lowrank,4,3,stack_nonlinear,32,9401100,432,24,10368,1,2,1152,0,0,0,0,0,0,"[0.0, 0.0, 0.0, 0.0, 0.0, 0.0, 0.0, 0.0]"
n8_lowrank4_d3_stack_nonlinear_T32_s9401100,8,lowrank,lowrank,4,3,stack_nonlinear,32,9401100,432,24,10368,1,3,1152,0,0,0,0,0,0,"[0.0, 0.0, 0.0, 0.0, 0.0, 0.0, 0.0, 0.0]"
n8_lowrank4_d3_stack_nonlinear_T32_s9401100,8,lowrank,lowrank,4,3,stack_nonlinear,32,9401100,432,24,10368,2,1,1152,1152,1152,1152,8,8,8,"[2.0841230004171303, 1.6161137045091578, 1.2790581426535614, 1.0715143302302985, 0.8759051544763636, 0.6450332004235166, 0.308085312693031, 0.07448769304066997]"
n8_lowrank4_d3_stack_nonlinear_T32_s9401100,8,lowrank,lowrank,4,3,stack_nonlinear,32,9401100,432,24,10368,2,2,1152,1152,1152,1152,8,8,8,"[2.3176695550883597, 2.216607392017871, 1.8549550479595722, 1.7624244299562273, 1.6885445387815923, 1.674142741266472, 1.6354056809815214, 1.3606872306901845]"
n8_lowrank4_d3_stack_nonlinear_T32_s9401100,8,lowrank,lowrank,4,3,stack_nonlinear,32,9401100,432,24,10368,2,3,1152,0,0,0,0,0,0,"[0.0, 0.0, 0.0, 0.0, 0.0, 0.0, 0.0, 0.0]"
n8_lowrank4_d3_stack_nonlinear_T32_s9401100,8,lowrank,lowrank,4,3,stack_nonlinear,32,9401100,432,24,10368,3,1,1152,1152,1152,1152,8,8,8,"[1.685650383652366, 0.9964894058012884, 0.6152666191208744, 0.40999922021067325, 0.28266362448932086, 0.19926712162460825, 0.1428715956339758, 0.022689285928750972]"
n8_lowrank4_d3_stack_nonlinear_T32_s9401100,8,lowrank,lowrank,4,3,stack_nonlinear,32,9401100,432,24,10368,3,2,1152,1152,1152,1152,8,8,8,"[1.9836145247649977, 1.6835593641339879, 1.269821922169247, 1.076178110330431, 0.7232823509184167, 0.5014937851623443, 0.25946858981069526, 0.14549406674108772]"
n8_lowrank4_d3_stack_nonlinear_T32_s9401100,8,lowrank,lowrank,4,3,stack_nonlinear,32,9401100,432,24,10368,3,3,1152,1152,1152,1152,8,8,8,"[2.189841004864404, 2.074621441018827, 2.056933193761261, 1.6669592237945907, 1.5620529076656804, 1.467343203528372, 1.4017214309667945, 1.3086600125718966]"
n8_lowrank4_d3_stack_nonlinear_T32_s9401101,8,lowrank,lowrank,4,3,stack_nonlinear,32,9401101,432,24,10368,1,1,1152,1152,1152,1152,8,8,8,"[2.2972435902536694, 2.0215386329638325, 1.9029687456075306, 1.8209210638985076, 1.712937194209586, 1.5087274301160234, 1.4555371101827161, 1.4262636400135422]"
n8_lowrank4_d3_stack_nonlinear_T32_s9401101,8,lowrank,lowrank,4,3,stack_nonlinear,32,9401101,432,24,10368,1,2,1152,0,0,0,0,0,0,"[0.0, 0.0, 0.0, 0.0, 0.0, 0.0, 0.0, 0.0]"
n8_lowrank4_d3_stack_nonlinear_T32_s9401101,8,lowrank,lowrank,4,3,stack_nonlinear,32,9401101,432,24,10368,1,3,1152,0,0,0,0,0,0,"[0.0, 0.0, 0.0, 0.0, 0.0, 0.0, 0.0, 0.0]"
n8_lowrank4_d3_stack_nonlinear_T32_s9401101,8,lowrank,lowrank,4,3,stack_nonlinear,32,9401101,432,24,10368,2,1,1152,1152,1152,1152,8,8,8,"[2.069360795433064, 1.6817198497813353, 1.1676894658512091, 0.8872771919965156, 0.6688211198674844, 0.31286623241937683, 0.2053655580210876, 0.0883002744269507]"
n8_lowrank4_d3_stack_nonlinear_T32_s9401101,8,lowrank,lowrank,4,3,stack_nonlinear,32,9401101,432,24,10368,2,2,1152,1152,1152,1152,8,8,8,"[2.0729297479914184, 1.8624811489053308, 1.6803370556655437, 1.6364558779964724, 1.587130374089779, 1.4932009326605895, 1.3755536884962705, 1.310809740700472]"
n8_lowrank4_d3_stack_nonlinear_T32_s9401101,8,lowrank,lowrank,4,3,stack_nonlinear,32,9401101,432,24,10368,2,3,1152,0,0,0,0,0,0,"[0.0, 0.0, 0.0, 0.0, 0.0, 0.0, 0.0, 0.0]"
n8_lowrank4_d3_stack_nonlinear_T32_s9401101,8,lowrank,lowrank,4,3,stack_nonlinear,32,9401101,432,24,10368,3,1,1152,1152,1152,1152,8,8,8,"[1.2768875273733882, 0.8737113958707453, 0.574275649521095, 0.2744063110286593, 0.22238533125335577, 0.04907047106205792, 0.03875150523732597, 0.016192549546011216]"
n8_lowrank4_d3_stack_nonlinear_T32_s9401101,8,lowrank,lowrank,4,3,stack_nonlinear,32,9401101,432,24,10368,3,2,1152,1152,1152,1152,8,8,8,"[1.8336324838964675, 1.415211679986295, 1.0628137070562653, 0.6091103517171199, 0.4902340504900988, 0.37482035065859537, 0.2503011337772877, 0.01660406104012446]"
n8_lowrank4_d3_stack_nonlinear_T32_s9401101,8,lowrank,lowrank,4,3,stack_nonlinear,32,9401101,432,24,10368,3,3,1152,1152,1152,1152,8,8,8,"[2.056923816617439, 1.687074580518876, 1.5743824784714355, 1.4537658747081468, 1.4386131246888316, 1.3473105956416163, 1.2803300685780177, 1.253579969809223]"
n8_lowrank4_d3_stack_nonlinear_T32_s9401102,8,lowrank,lowrank,4,3,stack_nonlinear,32,9401102,432,24,10368,1,1,1152,1152,1152,1152,8,8,8,"[1.9439761449408328, 1.821764864448138, 1.6962630114145243, 1.679657486017296, 1.6194961787279267, 1.5056021442563494, 1.3841027324372153, 1.2781707454361702]"
n8_lowrank4_d3_stack_nonlinear_T32_s9401102,8,lowrank,lowrank,4,3,stack_nonlinear,32,9401102,432,24,10368,1,2,1152,0,0,0,0,0,0,"[0.0, 0.0, 0.0, 0.0, 0.0, 0.0, 0.0, 0.0]"
n8_lowrank4_d3_stack_nonlinear_T32_s9401102,8,lowrank,lowrank,4,3,stack_nonlinear,32,9401102,432,24,10368,1,3,1152,0,0,0,0,0,0,"[0.0, 0.0, 0.0, 0.0, 0.0, 0.0, 0.0, 0.0]"
n8_lowrank4_d3_stack_nonlinear_T32_s9401102,8,lowrank,lowrank,4,3,stack_nonlinear,32,9401102,432,24,10368,2,1,1152,1152,1152,1152,8,8,8,"[1.322421791021797, 1.2803814731349528, 0.8805592944403616, 0.7874955611543768, 0.601380955743756, 0.2763661062019668, 0.2195807711764168, 0.146529118945612]"
n8_lowrank4_d3_stack_nonlinear_T32_s9401102,8,lowrank,lowrank,4,3,stack_nonlinear,32,9401102,432,24,10368,2,2,1152,1152,1152,1152,8,8,8,"[1.7479121043924961, 1.6998972051326537, 1.570571907952547, 1.4170143350084197, 1.3322665696983773, 1.31213419380417, 1.28987473405125, 1.201022308462583]"
n8_lowrank4_d3_stack_nonlinear_T32_s9401102,8,lowrank,lowrank,4,3,stack_nonlinear,32,9401102,432,24,10368,2,3,1152,0,0,0,0,0,0,"[0.0, 0.0, 0.0, 0.0, 0.0, 0.0, 0.0, 0.0]"
n8_lowrank4_d3_stack_nonlinear_T32_s9401102,8,lowrank,lowrank,4,3,stack_nonlinear,32,9401102,432,24,10368,3,1,1152,1152,1152,1152,8,8,8,"[0.9973972731862899, 0.8489306280535217, 0.5059512039570562, 0.381205649241929, 0.2938118055255831, 0.19193279322849688, 0.11516540291930517, 0.017226361648196332]"
n8_lowrank4_d3_stack_nonlinear_T32_s9401102,8,lowrank,lowrank,4,3,stack_nonlinear,32,9401102,432,24,10368,3,2,1152,1152,1152,1152,8,8,8,"[1.909821032335315, 1.3452311007180175, 1.2541939349583446, 0.7459712739069656, 0.7140372742104263, 0.5757004867540065, 0.37260768297166325, 0.07961536367413218]"
n8_lowrank4_d3_stack_nonlinear_T32_s9401102,8,lowrank,lowrank,4,3,stack_nonlinear,32,9401102,432,24,10368,3,3,1152,1152,1152,1152,8,8,8,"[1.9638377674238496, 1.6964296489998338, 1.630183756187955, 1.5647007525159076, 1.468921793472846, 1.3424078959300356, 1.3304933218698003, 1.2496962572011991]"
n8_lowrank4_d3_stack_nonlinear_T32_s9401103,8,lowrank,lowrank,4,3,stack_nonlinear,32,9401103,432,24,10368,1,1,1152,1152,1152,1152,8,8,8,"[2.019796405401275, 1.692205525017319, 1.641828309609042, 1.6327569791615475, 1.4827066768597141, 1.3641591613539952, 1.319743662817034, 1.2081527441442725]"
n8_lowrank4_d3_stack_nonlinear_T32_s9401103,8,lowrank,lowrank,4,3,stack_nonlinear,32,9401103,432,24,10368,1,2,1152,0,0,0,0,0,0,"[0.0, 0.0, 0.0, 0.0, 0.0, 0.0, 0.0, 0.0]"
n8_lowrank4_d3_stack_nonlinear_T32_s9401103,8,lowrank,lowrank,4,3,stack_nonlinear,32,9401103,432,24,10368,1,3,1152,0,0,0,0,0,0,"[0.0, 0.0, 0.0, 0.0, 0.0, 0.0, 0.0, 0.0]"
n8_lowrank4_d3_stack_nonlinear_T32_s9401103,8,lowrank,lowrank,4,3,stack_nonlinear,32,9401103,432,24,10368,2,1,1152,1152,1152,1152,8,8,8,"[1.4604877101363227, 1.362531140124577, 1.1053813341697447, 0.6566507187146191, 0.5010207221670105, 0.29731471000253795, 0.13828669461016055, 0.05193670379264112]"
n8_lowrank4_d3_stack_nonlinear_T32_s9401103,8,lowrank,lowrank,4,3,stack_nonlinear,32,9401103,432,24,10368,2,2,1152,1152,1152,1152,8,8,8,"[1.998163440227438, 1.769238109390809, 1.528289582194731, 1.4908251862792228, 1.4466370003341316, 1.3740607192946792, 1.3030451664963507, 1.233915066394682]"
n8_lowrank4_d3_stack_nonlinear_T32_s9401103,8,lowrank,lowrank,4,3,stack_nonlinear,32,9401103,432,24,10368,2,3,1152,0,0,0,0,0,0,"[0.0, 0.0, 0.0, 0.0, 0.0, 0.0, 0.0, 0.0]"
n8_lowrank4_d3_stack_nonlinear_T32_s9401103,8,lowrank,lowrank,4,3,stack_nonlinear,32,9401103,432,24,10368,3,1,1152,1152,1152,1152,8,8,8,"[1.522060674205892, 1.0696879270992623, 0.6404290142286015, 0.3942450410849722, 0.20023753559245594, 0.11600705971635707, 0.04577362427968128, 0.006144135199113698]"
n8_lowrank4_d3_stack_nonlinear_T32_s9401103,8,lowrank,lowrank,4,3,stack_nonlinear,32,9401103,432,24,10368,3,2,1152,1152,1152,1152,8,8,8,"[2.4379364850380543, 2.0298109196534586, 1.1559680718563248, 0.9892702689144629, 0.8012573025022625, 0.44510767877859225, 0.204196294828137, 0.045697855567142835]"
n8_lowrank4_d3_stack_nonlinear_T32_s9401103,8,lowrank,lowrank,4,3,stack_nonlinear,32,9401103,432,24,10368,3,3,1152,1152,1152,1152,8,8,8,"[2.464503586358464, 1.9888159125238223, 1.8760445501861178, 1.7799675908584567, 1.7255345492130882, 1.644842809240906, 1.5634496627544483, 1.288508115741328]"
n8_lowrank4_d3_stack_nonlinear_T32_s9401104,8,lowrank,lowrank,4,3,stack_nonlinear,32,9401104,432,24,10368,1,1,1152,1152,1152,1152,8,8,8,"[1.8732276647974053, 1.7812252392194667, 1.6228056040385481, 1.5917388268342347, 1.5334152502892804, 1.4317098159153556, 1.3529533225126822, 1.231262745291405]"
n8_lowrank4_d3_stack_nonlinear_T32_s9401104,8,lowrank,lowrank,4,3,stack_nonlinear,32,9401104,432,24,10368,1,2,1152,0,0,0,0,0,0,"[0.0, 0.0, 0.0, 0.0, 0.0, 0.0, 0.0, 0.0]"
n8_lowrank4_d3_stack_nonlinear_T32_s9401104,8,lowrank,lowrank,4,3,stack_nonlinear,32,9401104,432,24,10368,1,3,1152,0,0,0,0,0,0,"[0.0, 0.0, 0.0, 0.0, 0.0, 0.0, 0.0, 0.0]"
n8_lowrank4_d3_stack_nonlinear_T32_s9401104,8,lowrank,lowrank,4,3,stack_nonlinear,32,9401104,432,24,10368,2,1,1152,1152,1152,1152,8,8,8,"[1.3981102905126126, 1.319890248350463, 0.9929547946336335, 0.9214670785500088, 0.7002686553028342, 0.3641693186312727, 0.22482784492647376, 0.05959052489917847]"
n8_lowrank4_d3_stack_nonlinear_T32_s9401104,8,lowrank,lowrank,4,3,stack_nonlinear,32,9401104,432,24,10368,2,2,1152,1152,1152,1152,8,8,8,"[2.1213093218100814, 1.9690182585478573, 1.8521930769225092, 1.6073128720616965, 1.5278162479712432, 1.5191793765871602, 1.3438396344856935, 1.2356145831419134]"
n8_lowrank4_d3_stack_nonlinear_T32_s9401104,8,lowrank,lowrank,4,3,stack_nonlinear,32,9401104,432,24,10368,2,3,1152,0,0,0,0,0,0,"[0.0, 0.0, 0.0, 0.0, 0.0, 0.0, 0.0, 0.0]"
n8_lowrank4_d3_stack_nonlinear_T32_s9401104,8,lowrank,lowrank,4,3,stack_nonlinear,32,9401104,432,24,10368,3,1,1152,1152,1152,1152,8,8,8,"[1.229788568893199, 0.7439130773331785, 0.4624602146324598, 0.32105728040743653, 0.20830230493753438, 0.11751403531956985, 0.07051479845088991, 0.013466804125536313]"
n8_lowrank4_d3_stack_nonlinear_T32_s9401104,8,lowrank,lowrank,4,3,stack_nonlinear,32,9401104,432,24,10368,3,2,1152,1152,1152,1152,8,8,8,"[2.1291337971118383, 1.305517607618071, 1.0970087118951153, 0.8314678294144275, 0.782783938523334, 0.44654488249414476, 0.2517487257430183, 0.08751989618609142]"
n8_lowrank4_d3_stack_nonlinear_T32_s9401104,8,lowrank,lowrank,4,3,stack_nonlinear,32,9401104,432,24,10368,3,3,1152,1152,1152,1152,8,8,8,"[2.2024962609684477, 1.8630504092780897, 1.7202445990645359, 1.5529311340420364, 1.5013751285147792, 1.3224913056418734, 1.2532535451227238, 1.1973105372924655]"
n8_lowrank4_d3_stack_nonlinear_T128_s9401100,8,lowrank,lowrank,4,3,stack_nonlinear,128,9401100,432,24,10368,1,1,1152,1152,1152,1152,8,8,8,"[2.380516167521246, 2.087728767505626, 1.8524825820342288, 1.7732037343719238, 1.671241610218268, 1.5254325380724587, 1.4336678761780686, 1.283472219058184]"
n8_lowrank4_d3_stack_nonlinear_T128_s9401100,8,lowrank,lowrank,4,3,stack_nonlinear,128,9401100,432,24,10368,1,2,1152,0,0,0,0,0,0,"[0.0, 0.0, 0.0, 0.0, 0.0, 0.0, 0.0, 0.0]"
n8_lowrank4_d3_stack_nonlinear_T128_s9401100,8,lowrank,lowrank,4,3,stack_nonlinear,128,9401100,432,24,10368,1,3,1152,0,0,0,0,0,0,"[0.0, 0.0, 0.0, 0.0, 0.0, 0.0, 0.0, 0.0]"
n8_lowrank4_d3_stack_nonlinear_T128_s9401100,8,lowrank,lowrank,4,3,stack_nonlinear,128,9401100,432,24,10368,2,1,1152,1152,1152,1152,8,8,8,"[2.0966155908047437, 1.613278927704343, 1.3273485205983642, 1.1060795745894412, 0.9012183285261567, 0.636253872418256, 0.30765515155339285, 0.07876991981662758]"
n8_lowrank4_d3_stack_nonlinear_T128_s9401100,8,lowrank,lowrank,4,3,stack_nonlinear,128,9401100,432,24,10368,2,2,1152,1152,1152,1152,8,8,8,"[2.2499217371839477, 2.142584335483277, 1.7951641339824598, 1.7017145064942063, 1.6383407067161118, 1.6169248622508394, 1.5933349228797975, 1.306092509184358]"
n8_lowrank4_d3_stack_nonlinear_T128_s9401100,8,lowrank,lowrank,4,3,stack_nonlinear,128,9401100,432,24,10368,2,3,1152,0,0,0,0,0,0,"[0.0, 0.0, 0.0, 0.0, 0.0, 0.0, 0.0, 0.0]"
n8_lowrank4_d3_stack_nonlinear_T128_s9401100,8,lowrank,lowrank,4,3,stack_nonlinear,128,9401100,432,24,10368,3,1,1152,1152,1152,1152,8,8,8,"[1.7188600823889424, 1.0223064378054958, 0.6337858702333488, 0.4186038619271652, 0.2854370182956146, 0.20185864757493918, 0.15199103614902837, 0.024479432526545605]"
n8_lowrank4_d3_stack_nonlinear_T128_s9401100,8,lowrank,lowrank,4,3,stack_nonlinear,128,9401100,432,24,10368,3,2,1152,1152,1152,1152,8,8,8,"[1.9426463394478815, 1.6575016082457559, 1.273731690165121, 1.0457557413702634, 0.7056254308987396, 0.48188733359630587, 0.251107511244508, 0.14322868193408486]"
n8_lowrank4_d3_stack_nonlinear_T128_s9401100,8,lowrank,lowrank,4,3,stack_nonlinear,128,9401100,432,24,10368,3,3,1152,1152,1152,1152,8,8,8,"[2.176245328079389, 2.07151420612572, 2.0518890106085315, 1.6732237881242118, 1.5456789752285454, 1.4549101848533685, 1.388274186230414, 1.2924692987993214]"
n8_lowrank4_d3_stack_nonlinear_T128_s9401101,8,lowrank,lowrank,4,3,stack_nonlinear,128,9401101,432,24,10368,1,1,1152,1152,1152,1152,8,8,8,"[2.2497087135255476, 1.9900421309173693, 1.8488749319424604, 1.7920437098212907, 1.6989375166888758, 1.508311465555362, 1.4552426187238043, 1.4379909997531808]"
n8_lowrank4_d3_stack_nonlinear_T128_s9401101,8,lowrank,lowrank,4,3,stack_nonlinear,128,9401101,432,24,10368,1,2,1152,0,0,0,0,0,0,"[0.0, 0.0, 0.0, 0.0, 0.0, 0.0, 0.0, 0.0]"
n8_lowrank4_d3_stack_nonlinear_T128_s9401101,8,lowrank,lowrank,4,3,stack_nonlinear,128,9401101,432,24,10368,1,3,1152,0,0,0,0,0,0,"[0.0, 0.0, 0.0, 0.0, 0.0, 0.0, 0.0, 0.0]"
n8_lowrank4_d3_stack_nonlinear_T128_s9401101,8,lowrank,lowrank,4,3,stack_nonlinear,128,9401101,432,24,10368,2,1,1152,1152,1152,1152,8,8,8,"[2.0309996766039404, 1.660362365710357, 1.1434170787327769, 0.8727269630062452, 0.6617821731087808, 0.3109448729188291, 0.20456472700367026, 0.09033222138598977]"
n8_lowrank4_d3_stack_nonlinear_T128_s9401101,8,lowrank,lowrank,4,3,stack_nonlinear,128,9401101,432,24,10368,2,2,1152,1152,1152,1152,8,8,8,"[2.09032045311497, 1.8745805187287479, 1.6988809128601907, 1.654347137961557, 1.602559480828096, 1.5051675660642538, 1.3902937160563187, 1.3242155224338847]"
n8_lowrank4_d3_stack_nonlinear_T128_s9401101,8,lowrank,lowrank,4,3,stack_nonlinear,128,9401101,432,24,10368,2,3,1152,0,0,0,0,0,0,"[0.0, 0.0, 0.0, 0.0, 0.0, 0.0, 0.0, 0.0]"
n8_lowrank4_d3_stack_nonlinear_T128_s9401101,8,lowrank,lowrank,4,3,stack_nonlinear,128,9401101,432,24,10368,3,1,1152,1152,1152,1152,8,8,8,"[1.2500654719058601, 0.8677889735770025, 0.5635299785776753, 0.27147789757092594, 0.21874414379610174, 0.0488494331675741, 0.038598654262834424, 0.019795338905923054]"
n8_lowrank4_d3_stack_nonlinear_T128_s9401101,8,lowrank,lowrank,4,3,stack_nonlinear,128,9401101,432,24,10368,3,2,1152,1152,1152,1152,8,8,8,"[1.8448581242432573, 1.4311082487734974, 1.0693226972051864, 0.6150385707272585, 0.4946057488585141, 0.37801501301894114, 0.25273673445419137, 0.017808651625927225]"
n8_lowrank4_d3_stack_nonlinear_T128_s9401101,8,lowrank,lowrank,4,3,stack_nonlinear,128,9401101,432,24,10368,3,3,1152,1152,1152,1152,8,8,8,"[2.0568028702976573, 1.6853338187684, 1.5721556164257267, 1.4503942295128363, 1.4354334502417696, 1.3440548574525601, 1.274665556808847, 1.252927873502307]"
n8_lowrank4_d3_stack_nonlinear_T128_s9401102,8,lowrank,lowrank,4,3,stack_nonlinear,128,9401102,432,24,10368,1,1,1152,1152,1152,1152,8,8,8,"[1.9126269338792778, 1.8168531617293031, 1.6823889182135494, 1.6626710150298138, 1.5994530517250607, 1.4717395117739294, 1.3504688255610737, 1.2327239460210662]"
n8_lowrank4_d3_stack_nonlinear_T128_s9401102,8,lowrank,lowrank,4,3,stack_nonlinear,128,9401102,432,24,10368,1,2,1152,0,0,0,0,0,0,"[0.0, 0.0, 0.0, 0.0, 0.0, 0.0, 0.0, 0.0]"
n8_lowrank4_d3_stack_nonlinear_T128_s9401102,8,lowrank,lowrank,4,3,stack_nonlinear,128,9401102,432,24,10368,1,3,1152,0,0,0,0,0,0,"[0.0, 0.0, 0.0, 0.0, 0.0, 0.0, 0.0, 0.0]"
n8_lowrank4_d3_stack_nonlinear_T128_s9401102,8,lowrank,lowrank,4,3,stack_nonlinear,128,9401102,432,24,10368,2,1,1152,1152,1152,1152,8,8,8,"[1.307328084677758, 1.2776387951116273, 0.8687521185412448, 0.7828693483556464, 0.6012247080625941, 0.27079262550301253, 0.21720697761888608, 0.14589585992013177]"
n8_lowrank4_d3_stack_nonlinear_T128_s9401102,8,lowrank,lowrank,4,3,stack_nonlinear,128,9401102,432,24,10368,2,2,1152,1152,1152,1152,8,8,8,"[1.7506951380097024, 1.7046395399687078, 1.5724657580640555, 1.4230244226182154, 1.331545274413118, 1.3123822865872454, 1.2908763950085653, 1.1964116233148874]"
n8_lowrank4_d3_stack_nonlinear_T128_s9401102,8,lowrank,lowrank,4,3,stack_nonlinear,128,9401102,432,24,10368,2,3,1152,0,0,0,0,0,0,"[0.0, 0.0, 0.0, 0.0, 0.0, 0.0, 0.0, 0.0]"
n8_lowrank4_d3_stack_nonlinear_T128_s9401102,8,lowrank,lowrank,4,3,stack_nonlinear,128,9401102,432,24,10368,3,1,1152,1152,1152,1152,8,8,8,"[0.9973577912167929, 0.8393444197573776, 0.5009919433640346, 0.38001551498260133, 0.29165886325695356, 0.19102505238750542, 0.11409688915696815, 0.012180809692273666]"
n8_lowrank4_d3_stack_nonlinear_T128_s9401102,8,lowrank,lowrank,4,3,stack_nonlinear,128,9401102,432,24,10368,3,2,1152,1152,1152,1152,8,8,8,"[1.9199622904536031, 1.3484524237835387, 1.256064795346852, 0.7476670676203547, 0.7154240045344717, 0.5757465536088112, 0.37344229164620346, 0.07924978111618271]"
n8_lowrank4_d3_stack_nonlinear_T128_s9401102,8,lowrank,lowrank,4,3,stack_nonlinear,128,9401102,432,24,10368,3,3,1152,1152,1152,1152,8,8,8,"[1.9629265897037331, 1.69581084004914, 1.629040026913414, 1.5621979120654823, 1.4679380523580474, 1.3420378395530845, 1.330477526103852, 1.249234498771292]"
n8_lowrank4_d3_stack_nonlinear_T128_s9401103,8,lowrank,lowrank,4,3,stack_nonlinear,128,9401103,432,24,10368,1,1,1152,1152,1152,1152,8,8,8,"[2.047917072911918, 1.7703361518255956, 1.7030850655581844, 1.6003965914382243, 1.4939243729056124, 1.3996256936770057, 1.3832570062768261, 1.2601827184888106]"
n8_lowrank4_d3_stack_nonlinear_T128_s9401103,8,lowrank,lowrank,4,3,stack_nonlinear,128,9401103,432,24,10368,1,2,1152,0,0,0,0,0,0,"[0.0, 0.0, 0.0, 0.0, 0.0, 0.0, 0.0, 0.0]"
n8_lowrank4_d3_stack_nonlinear_T128_s9401103,8,lowrank,lowrank,4,3,stack_nonlinear,128,9401103,432,24,10368,1,3,1152,0,0,0,0,0,0,"[0.0, 0.0, 0.0, 0.0, 0.0, 0.0, 0.0, 0.0]"
n8_lowrank4_d3_stack_nonlinear_T128_s9401103,8,lowrank,lowrank,4,3,stack_nonlinear,128,9401103,432,24,10368,2,1,1152,1152,1152,1152,8,8,8,"[1.5011622627971986, 1.3697910897740009, 1.1071605132777536, 0.6487891647096019, 0.501001901276491, 0.30171559075246285, 0.1404157224906105, 0.05292228743363656]"
n8_lowrank4_d3_stack_nonlinear_T128_s9401103,8,lowrank,lowrank,4,3,stack_nonlinear,128,9401103,432,24,10368,2,2,1152,1152,1152,1152,8,8,8,"[2.0343079992187176, 1.8165568089235637, 1.5660856906272127, 1.5342538543242747, 1.4866207164411724, 1.4151893328063303, 1.3488209964788012, 1.280776754440618]"
n8_lowrank4_d3_stack_nonlinear_T128_s9401103,8,lowrank,lowrank,4,3,stack_nonlinear,128,9401103,432,24,10368,2,3,1152,0,0,0,0,0,0,"[0.0, 0.0, 0.0, 0.0, 0.0, 0.0, 0.0, 0.0]"
n8_lowrank4_d3_stack_nonlinear_T128_s9401103,8,lowrank,lowrank,4,3,stack_nonlinear,128,9401103,432,24,10368,3,1,1152,1152,1152,1152,8,8,8,"[1.5441661003063507, 1.0789808888396832, 0.638886925533015, 0.3940768833623994, 0.20056757101915434, 0.11900459167008838, 0.0458879900248044, 0.00670766488525225]"
n8_lowrank4_d3_stack_nonlinear_T128_s9401103,8,lowrank,lowrank,4,3,stack_nonlinear,128,9401103,432,24,10368,3,2,1152,1152,1152,1152,8,8,8,"[2.4675060534999727, 2.041673915787446, 1.1749526845888247, 1.0074012472456984, 0.812065052315839, 0.4529098532371094, 0.208784898917089, 0.04854314248790867]"
n8_lowrank4_d3_stack_nonlinear_T128_s9401103,8,lowrank,lowrank,4,3,stack_nonlinear,128,9401103,432,24,10368,3,3,1152,1152,1152,1152,8,8,8,"[2.461941597766278, 1.9800057622968268, 1.8715353041370213, 1.781669571487274, 1.7307740211836018, 1.645540679815194, 1.5677869187588613, 1.2884766180818352]"
n8_lowrank4_d3_stack_nonlinear_T128_s9401104,8,lowrank,lowrank,4,3,stack_nonlinear,128,9401104,432,24,10368,1,1,1152,1152,1152,1152,8,8,8,"[1.8852470011512128, 1.7925667443301734, 1.630325839561911, 1.597512709431616, 1.5232614956068125, 1.4314312106713933, 1.3560666780789377, 1.2297888210988364]"
n8_lowrank4_d3_stack_nonlinear_T128_s9401104,8,lowrank,lowrank,4,3,stack_nonlinear,128,9401104,432,24,10368,1,2,1152,0,0,0,0,0,0,"[0.0, 0.0, 0.0, 0.0, 0.0, 0.0, 0.0, 0.0]"
n8_lowrank4_d3_stack_nonlinear_T128_s9401104,8,lowrank,lowrank,4,3,stack_nonlinear,128,9401104,432,24,10368,1,3,1152,0,0,0,0,0,0,"[0.0, 0.0, 0.0, 0.0, 0.0, 0.0, 0.0, 0.0]"
n8_lowrank4_d3_stack_nonlinear_T128_s9401104,8,lowrank,lowrank,4,3,stack_nonlinear,128,9401104,432,24,10368,2,1,1152,1152,1152,1152,8,8,8,"[1.4292312653112271, 1.3157232685786857, 1.0026529583343173, 0.9208905420545539, 0.7106610988377562, 0.36745551326785264, 0.22701793968867828, 0.06532796555969397]"
n8_lowrank4_d3_stack_nonlinear_T128_s9401104,8,lowrank,lowrank,4,3,stack_nonlinear,128,9401104,432,24,10368,2,2,1152,1152,1152,1152,8,8,8,"[2.1277676923994937, 1.970872605734869, 1.8654482501437266, 1.6138701771213733, 1.5347311677723878, 1.5313074130605329, 1.3547130985157645, 1.244342487893638]"
n8_lowrank4_d3_stack_nonlinear_T128_s9401104,8,lowrank,lowrank,4,3,stack_nonlinear,128,9401104,432,24,10368,2,3,1152,0,0,0,0,0,0,"[0.0, 0.0, 0.0, 0.0, 0.0, 0.0, 0.0, 0.0]"
n8_lowrank4_d3_stack_nonlinear_T128_s9401104,8,lowrank,lowrank,4,3,stack_nonlinear,128,9401104,432,24,10368,3,1,1152,1152,1152,1152,8,8,8,"[1.2565084546783283, 0.7417420070577957, 0.47066117707234845, 0.3233281391960536, 0.21202927360375415, 0.11895619306169437, 0.07296203537582219, 0.01631798530708821]"
n8_lowrank4_d3_stack_nonlinear_T128_s9401104,8,lowrank,lowrank,4,3,stack_nonlinear,128,9401104,432,24,10368,3,2,1152,1152,1152,1152,8,8,8,"[2.1381925950476166, 1.3010519413130754, 1.0994331439100415, 0.8382850374517858, 0.781368618799422, 0.4497572057343608, 0.2527171733222609, 0.08849026187207402]"
n8_lowrank4_d3_stack_nonlinear_T128_s9401104,8,lowrank,lowrank,4,3,stack_nonlinear,128,9401104,432,24,10368,3,3,1152,1152,1152,1152,8,8,8,"[2.1898910732264385, 1.8555440072048845, 1.7125015846516973, 1.5450021615773795, 1.4996224173914794, 1.318231266013644, 1.2506885854164183, 1.1954758675977468]"
n8_lowrank8_d1_stack_nonlinear_T32_s9401100,8,lowrank,lowrank,8,1,stack_nonlinear,32,9401100,208,8,1664,1,1,1664,1664,1664,1664,8,8,8,"[2.3733773050067937, 2.228611523364902, 1.9536463829146062, 1.7352317990534294, 1.7076372550043282, 1.5170332640361184, 1.4125623200098811, 1.3657971031637568]"
n8_lowrank8_d1_stack_nonlinear_T32_s9401101,8,lowrank,lowrank,8,1,stack_nonlinear,32,9401101,208,8,1664,1,1,1664,1664,1664,1664,8,8,8,"[2.2832021673261527, 2.095618298747058, 1.9588164355966613, 1.7915097376503801, 1.7391126466876876, 1.6563916981065558, 1.5245642285825878, 1.3197679770216075]"
n8_lowrank8_d1_stack_nonlinear_T32_s9401102,8,lowrank,lowrank,8,1,stack_nonlinear,32,9401102,208,8,1664,1,1,1664,1664,1664,1664,8,8,8,"[2.0667023282491614, 1.7995756649756247, 1.7762507187967995, 1.6160938806514893, 1.5982448211036695, 1.4826474204206366, 1.3979975533837665, 1.2827179216744957]"
n8_lowrank8_d1_stack_nonlinear_T32_s9401103,8,lowrank,lowrank,8,1,stack_nonlinear,32,9401103,208,8,1664,1,1,1664,1664,1664,1664,8,8,8,"[1.897058161324172, 1.8010959508972075, 1.6265565871385688, 1.5893117861316732, 1.4699994918089703, 1.344718025045299, 1.2462221151601138, 1.224664272690565]"
n8_lowrank8_d1_stack_nonlinear_T32_s9401104,8,lowrank,lowrank,8,1,stack_nonlinear,32,9401104,208,8,1664,1,1,1664,1664,1664,1664,8,8,8,"[2.0979683796461965, 1.9847196607137916, 1.8417221820106933, 1.6634965125360346, 1.5744815282727387, 1.4455947810119067, 1.3145663230983138, 1.2974738207673162]"
n8_lowrank8_d1_stack_nonlinear_T128_s9401100,8,lowrank,lowrank,8,1,stack_nonlinear,128,9401100,208,8,1664,1,1,1664,1664,1664,1664,8,8,8,"[2.365226885544949, 2.213854187301177, 1.9140927733684738, 1.7142813729373605, 1.6748587794232839, 1.4931404625468694, 1.382120032332623, 1.3385574782642662]"
n8_lowrank8_d1_stack_nonlinear_T128_s9401101,8,lowrank,lowrank,8,1,stack_nonlinear,128,9401101,208,8,1664,1,1,1664,1664,1664,1664,8,8,8,"[2.256598274953851, 2.115707623789854, 1.9356345821965433, 1.7832892463098426, 1.7307603281285753, 1.6582421772508584, 1.5181892461382296, 1.3294658222817355]"
n8_lowrank8_d1_stack_nonlinear_T128_s9401102,8,lowrank,lowrank,8,1,stack_nonlinear,128,9401102,208,8,1664,1,1,1664,1664,1664,1664,8,8,8,"[2.069062263999763, 1.769507821660381, 1.7582018535095507, 1.5949144204983408, 1.5686215012485023, 1.4531526081780537, 1.3679660127755968, 1.2346512564060217]"
n8_lowrank8_d1_stack_nonlinear_T128_s9401103,8,lowrank,lowrank,8,1,stack_nonlinear,128,9401103,208,8,1664,1,1,1664,1664,1664,1664,8,8,8,"[1.9811468522945204, 1.8383891203497713, 1.6775431692835339, 1.6405528740395492, 1.5342026584840178, 1.3988419629883424, 1.3277002873324029, 1.3016703678744619]"
n8_lowrank8_d1_stack_nonlinear_T128_s9401104,8,lowrank,lowrank,8,1,stack_nonlinear,128,9401104,208,8,1664,1,1,1664,1664,1664,1664,8,8,8,"[2.1287197680925893, 2.0021132694659816, 1.8626891726394157, 1.7016270105770614, 1.5895651550586365, 1.4760886735254735, 1.335058648173689, 1.323164183010188]"
n8_lowrank8_d2_stack_nonlinear_T32_s9401100,8,lowrank,lowrank,8,2,stack_nonlinear,32,9401100,416,16,6656,1,1,1664,1664,1664,1664,8,8,8,"[2.373377305006794, 2.228611523364902, 1.9536463829146056, 1.7352317990534287, 1.707637255004328, 1.5170332640361177, 1.412562320009881, 1.3657971031637568]"
n8_lowrank8_d2_stack_nonlinear_T32_s9401100,8,lowrank,lowrank,8,2,stack_nonlinear,32,9401100,416,16,6656,1,2,1664,0,0,0,0,0,0,"[0.0, 0.0, 0.0, 0.0, 0.0, 0.0, 0.0, 0.0]"
n8_lowrank8_d2_stack_nonlinear_T32_s9401100,8,lowrank,lowrank,8,2,stack_nonlinear,32,9401100,416,16,6656,2,1,1664,1664,1664,1664,8,8,8,"[1.8327410686060894, 1.2739053834820258, 1.154463301437961, 0.7544363100539149, 0.5568685862725571, 0.5393974826544635, 0.18478589658290004, 0.06741910410228853]"
n8_lowrank8_d2_stack_nonlinear_T32_s9401100,8,lowrank,lowrank,8,2,stack_nonlinear,32,9401100,416,16,6656,2,2,1664,1664,1664,1664,8,8,8,"[2.0436041453922953, 1.6764318425536997, 1.5945412656776445, 1.4129255570358366, 1.3769609737102164, 1.2966652024800542, 1.2925567174749033, 1.1874120533720427]"
n8_lowrank8_d2_stack_nonlinear_T32_s9401101,8,lowrank,lowrank,8,2,stack_nonlinear,32,9401101,416,16,6656,1,1,1664,1664,1664,1664,8,8,8,"[2.283202167326153, 2.0956182987470586, 1.9588164355966617, 1.7915097376503806, 1.739112646687688, 1.6563916981065563, 1.5245642285825878, 1.3197679770216078]"
n8_lowrank8_d2_stack_nonlinear_T32_s9401101,8,lowrank,lowrank,8,2,stack_nonlinear,32,9401101,416,16,6656,1,2,1664,0,0,0,0,0,0,"[0.0, 0.0, 0.0, 0.0, 0.0, 0.0, 0.0, 0.0]"
n8_lowrank8_d2_stack_nonlinear_T32_s9401101,8,lowrank,lowrank,8,2,stack_nonlinear,32,9401101,416,16,6656,2,1,1664,1664,1664,1664,8,8,8,"[1.9341236552917966, 1.5247701994461635, 1.0647459100641667, 0.6607727545607726, 0.6031110816628558, 0.5222434768104809, 0.2525954339732594, 0.10412830479521434]"
n8_lowrank8_d2_stack_nonlinear_T32_s9401101,8,lowrank,lowrank,8,2,stack_nonlinear,32,9401101,416,16,6656,2,2,1664,1664,1664,1664,8,8,8,"[1.7702523814410183, 1.6158329891252694, 1.4963909651492657, 1.4198400222837557, 1.3916944596687917, 1.3674785309666457, 1.2540304012944643, 1.1390958232526665]"
n8_lowrank8_d2_stack_nonlinear_T32_s9401102,8,lowrank,lowrank,8,2,stack_nonlinear,32,9401102,416,16,6656,1,1,1664,1664,1664,1664,8,8,8,"[2.0667023282491614, 1.799575664975625, 1.7762507187967995, 1.6160938806514893, 1.5982448211036697, 1.4826474204206361, 1.3979975533837663, 1.2827179216744957]"
n8_lowrank8_d2_stack_nonlinear_T32_s9401102,8,lowrank,lowrank,8,2,stack_nonlinear,32,9401102,416,16,6656,1,2,1664,0,0,0,0,0,0,"[0.0, 0.0, 0.0, 0.0, 0.0, 0.0, 0.0, 0.0]"
n8_lowrank8_d2_stack_nonlinear_T32_s9401102,8,lowrank,lowrank,8,2,stack_nonlinear,32,9401102,416,16,6656,2,1,1664,1664,1664,1664,8,8,8,"[2.3136787154603264, 1.5981656210303536, 1.358872181129607, 1.148665502184103, 0.7268721182126587, 0.579908775134491, 0.3912042036145153, 0.18150898626619158]"
n8_lowrank8_d2_stack_nonlinear_T32_s9401102,8,lowrank,lowrank,8,2,stack_nonlinear,32,9401102,416,16,6656,2,2,1664,1664,1664,1664,8,8,8,"[2.189519118295548, 1.8703430905770433, 1.764615707619553, 1.7019093472263787, 1.6515417863926851, 1.6170368492283134, 1.5670728425810336, 1.2313054848202987]"
n8_lowrank8_d2_stack_nonlinear_T32_s9401103,8,lowrank,lowrank,8,2,stack_nonlinear,32,9401103,416,16,6656,1,1,1664,1664,1664,1664,8,8,8,"[1.8970581613241724, 1.8010959508972075, 1.6265565871385692, 1.5893117861316735, 1.4699994918089705, 1.344718025045299, 1.246222115160114, 1.2246642726905645]"
n8_lowrank8_d2_stack_nonlinear_T32_s9401103,8,lowrank,lowrank,8,2,stack_nonlinear,32,9401103,416,16,6656,1,2,1664,0,0,0,0,0,0,"[0.0, 0.0, 0.0, 0.0, 0.0, 0.0, 0.0, 0.0]"
n8_lowrank8_d2_stack_nonlinear_T32_s9401103,8,lowrank,lowrank,8,2,stack_nonlinear,32,9401103,416,16,6656,2,1,1664,1664,1664,1664,8,8,8,"[1.7214893663623039, 1.410464449909254, 1.278583420515323, 0.9230258092578263, 0.613527505427062, 0.43726068590545253, 0.2023208376505583, 0.1583720632786367]"
n8_lowrank8_d2_stack_nonlinear_T32_s9401103,8,lowrank,lowrank,8,2,stack_nonlinear,32,9401103,416,16,6656,2,2,1664,1664,1664,1664,8,8,8,"[2.062536880306832, 1.8891759200872438, 1.6978924136598659, 1.5824411954930582, 1.4776576819980456, 1.4306658265284535, 1.3005806275968042, 1.255725848173022]"
n8_lowrank8_d2_stack_nonlinear_T32_s9401104,8,lowrank,lowrank,8,2,stack_nonlinear,32,9401104,416,16,6656,1,1,1664,1664,1664,1664,8,8,8,"[2.0979683796461956, 1.9847196607137911, 1.8417221820106924, 1.6634965125360344, 1.5744815282727387, 1.445594781011906, 1.314566323098314, 1.297473820767316]"
n8_lowrank8_d2_stack_nonlinear_T32_s9401104,8,lowrank,lowrank,8,2,stack_nonlinear,32,9401104,416,16,6656,1,2,1664,0,0,0,0,0,0,"[0.0, 0.0, 0.0, 0.0, 0.0, 0.0, 0.0, 0.0]"
n8_lowrank8_d2_stack_nonlinear_T32_s9401104,8,lowrank,lowrank,8,2,stack_nonlinear,32,9401104,416,16,6656,2,1,1664,1664,1664,1664,8,8,8,"[2.0710445306922463, 1.4559354593131137, 1.2641486560249648, 1.030654184834933, 0.5863891681903481, 0.4582431082216741, 0.2896544931859258, 0.2081856880818104]"
n8_lowrank8_d2_stack_nonlinear_T32_s9401104,8,lowrank,lowrank,8,2,stack_nonlinear,32,9401104,416,16,6656,2,2,1664,1664,1664,1664,8,8,8,"[2.1177116389678194, 1.9576940918790435, 1.8598295723992, 1.554525899349975, 1.5021383550372378, 1.3541938542812357, 1.3183366965647514, 1.15905197969645]"
n8_lowrank8_d2_stack_nonlinear_T128_s9401100,8,lowrank,lowrank,8,2,stack_nonlinear,128,9401100,416,16,6656,1,1,1664,1664,1664,1664,8,8,8,"[2.365226885544949, 2.213854187301177, 1.914092773368474, 1.7142813729373607, 1.6748587794232845, 1.4931404625468692, 1.3821200323326233, 1.3385574782642669]"
n8_lowrank8_d2_stack_nonlinear_T128_s9401100,8,lowrank,lowrank,8,2,stack_nonlinear,128,9401100,416,16,6656,1,2,1664,0,0,0,0,0,0,"[0.0, 0.0, 0.0, 0.0, 0.0, 0.0, 0.0, 0.0]"
n8_lowrank8_d2_stack_nonlinear_T128_s9401100,8,lowrank,lowrank,8,2,stack_nonlinear,128,9401100,416,16,6656,2,1,1664,1664,1664,1664,8,8,8,"[1.7987201532882058, 1.2427781491621641, 1.1195886927981071, 0.7303199111100745, 0.5416678305181649, 0.5247903564371149, 0.1807790913642043, 0.06729156286304938]"
n8_lowrank8_d2_stack_nonlinear_T128_s9401100,8,lowrank,lowrank,8,2,stack_nonlinear,128,9401100,416,16,6656,2,2,1664,1664,1664,1664,8,8,8,"[2.0653459102262848, 1.6798077318208533, 1.6013127535207106, 1.4282256548730887, 1.407913338627013, 1.329689578390846, 1.3252796506222035, 1.2184854372026026]"
n8_lowrank8_d2_stack_nonlinear_T128_s9401101,8,lowrank,lowrank,8,2,stack_nonlinear,128,9401101,416,16,6656,1,1,1664,1664,1664,1664,8,8,8,"[2.256598274953851, 2.1157076237898536, 1.935634582196543, 1.7832892463098433, 1.7307603281285755, 1.6582421772508584, 1.5181892461382296, 1.3294658222817355]"
n8_lowrank8_d2_stack_nonlinear_T128_s9401101,8,lowrank,lowrank,8,2,stack_nonlinear,128,9401101,416,16,6656,1,2,1664,0,0,0,0,0,0,"[0.0, 0.0, 0.0, 0.0, 0.0, 0.0, 0.0, 0.0]"
n8_lowrank8_d2_stack_nonlinear_T128_s9401101,8,lowrank,lowrank,8,2,stack_nonlinear,128,9401101,416,16,6656,2,1,1664,1664,1664,1664,8,8,8,"[1.9034854559079302, 1.5058307108689863, 1.0634835375399225, 0.6590341320977403, 0.6062215095579366, 0.5237870464515976, 0.25366563945703724, 0.10565224827831948]"
n8_lowrank8_d2_stack_nonlinear_T128_s9401101,8,lowrank,lowrank,8,2,stack_nonlinear,128,9401101,416,16,6656,2,2,1664,1664,1664,1664,8,8,8,"[1.7636599340111798, 1.6077840163156871, 1.4859637713498757, 1.409181652410392, 1.3795699633420606, 1.3578123579242116, 1.2456760444216235, 1.1258004195661482]"
n8_lowrank8_d2_stack_nonlinear_T128_s9401102,8,lowrank,lowrank,8,2,stack_nonlinear,128,9401102,416,16,6656,1,1,1664,1664,1664,1664,8,8,8,"[2.069062263999763, 1.7695078216603812, 1.7582018535095505, 1.5949144204983405, 1.5686215012485019, 1.4531526081780537, 1.367966012775597, 1.2346512564060217]"
n8_lowrank8_d2_stack_nonlinear_T128_s9401102,8,lowrank,lowrank,8,2,stack_nonlinear,128,9401102,416,16,6656,1,2,1664,0,0,0,0,0,0,"[0.0, 0.0, 0.0, 0.0, 0.0, 0.0, 0.0, 0.0]"
n8_lowrank8_d2_stack_nonlinear_T128_s9401102,8,lowrank,lowrank,8,2,stack_nonlinear,128,9401102,416,16,6656,2,1,1664,1664,1664,1664,8,8,8,"[2.276443313095282, 1.5788195389379958, 1.3838744717992644, 1.132466304388773, 0.7195748923312655, 0.5794871844672175, 0.3865900970221171, 0.1750582180358705]"
n8_lowrank8_d2_stack_nonlinear_T128_s9401102,8,lowrank,lowrank,8,2,stack_nonlinear,128,9401102,416,16,6656,2,2,1664,1664,1664,1664,8,8,8,"[2.1942198341623897, 1.8688351410620725, 1.7702344520344901, 1.7097289647935643, 1.661051817775031, 1.6182510297459778, 1.5752243492934168, 1.2363351814026995]"
n8_lowrank8_d2_stack_nonlinear_T128_s9401103,8,lowrank,lowrank,8,2,stack_nonlinear,128,9401103,416,16,6656,1,1,1664,1664,1664,1664,8,8,8,"[1.9811468522945204, 1.8383891203497718, 1.677543169283534, 1.6405528740395494, 1.5342026584840174, 1.3988419629883424, 1.3277002873324029, 1.3016703678744619]"
n8_lowrank8_d2_stack_nonlinear_T128_s9401103,8,lowrank,lowrank,8,2,stack_nonlinear,128,9401103,416,16,6656,1,2,1664,0,0,0,0,0,0,"[0.0, 0.0, 0.0, 0.0, 0.0, 0.0, 0.0, 0.0]"
n8_lowrank8_d2_stack_nonlinear_T128_s9401103,8,lowrank,lowrank,8,2,stack_nonlinear,128,9401103,416,16,6656,2,1,1664,1664,1664,1664,8,8,8,"[1.7583188061071142, 1.4429444774920583, 1.2038416258454954, 0.946993697128381, 0.6288885036352678, 0.4348240229759452, 0.21017749061517918, 0.1583301210785275]"
n8_lowrank8_d2_stack_nonlinear_T128_s9401103,8,lowrank,lowrank,8,2,stack_nonlinear,128,9401103,416,16,6656,2,2,1664,1664,1664,1664,8,8,8,"[2.0938286589442576, 1.9215832411907923, 1.7296386224537648, 1.6115692225575662, 1.5084208791207843, 1.4665887105421918, 1.3354659755716398, 1.2628202863567777]"
n8_lowrank8_d2_stack_nonlinear_T128_s9401104,8,lowrank,lowrank,8,2,stack_nonlinear,128,9401104,416,16,6656,1,1,1664,1664,1664,1664,8,8,8,"[2.1287197680925893, 2.0021132694659816, 1.862689172639415, 1.701627010577062, 1.5895651550586363, 1.4760886735254735, 1.3350586481736892, 1.3231641830101881]"
n8_lowrank8_d2_stack_nonlinear_T128_s9401104,8,lowrank,lowrank,8,2,stack_nonlinear,128,9401104,416,16,6656,1,2,1664,0,0,0,0,0,0,"[0.0, 0.0, 0.0, 0.0, 0.0, 0.0, 0.0, 0.0]"
n8_lowrank8_d2_stack_nonlinear_T128_s9401104,8,lowrank,lowrank,8,2,stack_nonlinear,128,9401104,416,16,6656,2,1,1664,1664,1664,1664,8,8,8,"[2.0897247450658973, 1.4838181932404175, 1.2797889947807668, 1.0404826467262087, 0.5970060832553826, 0.46629663594342075, 0.3055129997769702, 0.2115795375254759]"
n8_lowrank8_d2_stack_nonlinear_T128_s9401104,8,lowrank,lowrank,8,2,stack_nonlinear,128,9401104,416,16,6656,2,2,1664,1664,1664,1664,8,8,8,"[2.13337670126428, 1.9576953261185288, 1.8623919307492887, 1.5506614887734087, 1.4954447592447122, 1.347937408452709, 1.3097799718353886, 1.1451616220810719]"
n8_lowrank8_d3_stack_nonlinear_T32_s9401100,8,lowrank,lowrank,8,3,stack_nonlinear,32,9401100,624,24,14976,1,1,1664,1664,1664,1664,8,8,8,"[2.373377305006794, 2.228611523364902, 1.9536463829146056, 1.7352317990534287, 1.707637255004328, 1.5170332640361177, 1.412562320009881, 1.3657971031637568]"
n8_lowrank8_d3_stack_nonlinear_T32_s9401100,8,lowrank,lowrank,8,3,stack_nonlinear,32,9401100,624,24,14976,1,2,1664,0,0,0,0,0,0,"[0.0, 0.0, 0.0, 0.0, 0.0, 0.0, 0.0, 0.0]"
n8_lowrank8_d3_stack_nonlinear_T32_s9401100,8,lowrank,lowrank,8,3,stack_nonlinear,32,9401100,624,24,14976,1,3,1664,0,0,0,0,0,0,"[0.0, 0.0, 0.0, 0.0, 0.0, 0.0, 0.0, 0.0]"
n8_lowrank8_d3_stack_nonlinear_T32_s9401100,8,lowrank,lowrank,8,3,stack_nonlinear,32,9401100,624,24,14976,2,1,1664,1664,1664,1664,8,8,8,"[1.8327410686060894, 1.2739053834820258, 1.154463301437961, 0.7544363100539149, 0.5568685862725571, 0.5393974826544635, 0.18478589658290004, 0.06741910410228853]"
n8_lowrank8_d3_stack_nonlinear_T32_s9401100,8,lowrank,lowrank,8,3,stack_nonlinear,32,9401100,624,24,14976,2,2,1664,1664,1664,1664,8,8,8,"[2.0436041453922953, 1.6764318425536997, 1.5945412656776445, 1.4129255570358366, 1.3769609737102164, 1.2966652024800542, 1.2925567174749033, 1.1874120533720427]"
n8_lowrank8_d3_stack_nonlinear_T32_s9401100,8,lowrank,lowrank,8,3,stack_nonlinear,32,9401100,624,24,14976,2,3,1664,0,0,0,0,0,0,"[0.0, 0.0, 0.0, 0.0, 0.0, 0.0, 0.0, 0.0]"
n8_lowrank8_d3_stack_nonlinear_T32_s9401100,8,lowrank,lowrank,8,3,stack_nonlinear,32,9401100,624,24,14976,3,1,1664,1664,1664,1664,8,8,8,"[1.1662152460195034, 0.6315387131592756, 0.5649080446949077, 0.35550269490788755, 0.2666432948931332, 0.13388366422820158, 0.04182509951923577, 0.02344042324136806]"
n8_lowrank8_d3_stack_nonlinear_T32_s9401100,8,lowrank,lowrank,8,3,stack_nonlinear,32,9401100,624,24,14976,3,2,1664,1664,1664,1664,8,8,8,"[1.6315319546560851, 1.3334895315310418, 1.1939172419159345, 0.9948091434193858, 0.6809745699688281, 0.4750118490135233, 0.36093696121311036, 0.05827241593050213]"
n8_lowrank8_d3_stack_nonlinear_T32_s9401100,8,lowrank,lowrank,8,3,stack_nonlinear,32,9401100,624,24,14976,3,3,1664,1664,1664,1664,8,8,8,"[2.244862855311608, 1.8057335903250622, 1.728513407001132, 1.5493348229740989, 1.4855460018044535, 1.4407507525585441, 1.324736769604504, 1.2506836337721445]"
n8_lowrank8_d3_stack_nonlinear_T32_s9401101,8,lowrank,lowrank,8,3,stack_nonlinear,32,9401101,624,24,14976,1,1,1664,1664,1664,1664,8,8,8,"[2.283202167326153, 2.0956182987470586, 1.9588164355966617, 1.7915097376503806, 1.739112646687688, 1.6563916981065563, 1.5245642285825878, 1.3197679770216078]"
n8_lowrank8_d3_stack_nonlinear_T32_s9401101,8,lowrank,lowrank,8,3,stack_nonlinear,32,9401101,624,24,14976,1,2,1664,0,0,0,0,0,0,"[0.0, 0.0, 0.0, 0.0, 0.0, 0.0, 0.0, 0.0]"
n8_lowrank8_d3_stack_nonlinear_T32_s9401101,8,lowrank,lowrank,8,3,stack_nonlinear,32,9401101,624,24,14976,1,3,1664,0,0,0,0,0,0,"[0.0, 0.0, 0.0, 0.0, 0.0, 0.0, 0.0, 0.0]"
n8_lowrank8_d3_stack_nonlinear_T32_s9401101,8,lowrank,lowrank,8,3,stack_nonlinear,32,9401101,624,24,14976,2,1,1664,1664,1664,1664,8,8,8,"[1.9341236552917966, 1.5247701994461635, 1.0647459100641667, 0.6607727545607726, 0.6031110816628558, 0.5222434768104809, 0.2525954339732594, 0.10412830479521434]"
n8_lowrank8_d3_stack_nonlinear_T32_s9401101,8,lowrank,lowrank,8,3,stack_nonlinear,32,9401101,624,24,14976,2,2,1664,1664,1664,1664,8,8,8,"[1.7702523814410183, 1.6158329891252694, 1.4963909651492657, 1.4198400222837557, 1.3916944596687917, 1.3674785309666457, 1.2540304012944643, 1.1390958232526665]"
n8_lowrank8_d3_stack_nonlinear_T32_s9401101,8,lowrank,lowrank,8,3,stack_nonlinear,32,9401101,624,24,14976,2,3,1664,0,0,0,0,0,0,"[0.0, 0.0, 0.0, 0.0, 0.0, 0.0, 0.0, 0.0]"
n8_lowrank8_d3_stack_nonlinear_T32_s9401101,8,lowrank,lowrank,8,3,stack_nonlinear,32,9401101,624,24,14976,3,1,1664,1664,1664,1664,8,8,8,"[1.6711202335929567, 0.7340464419758284, 0.47387935560165806, 0.29619354380848567, 0.22311684313310065, 0.13683525592397794, 0.05995969070626102, 0.014539033063615332]"
n8_lowrank8_d3_stack_nonlinear_T32_s9401101,8,lowrank,lowrank,8,3,stack_nonlinear,32,9401101,624,24,14976,3,2,1664,1664,1664,1664,8,8,8,"[1.7042944468711136, 0.9074403842406911, 0.8106958123695442, 0.7042459446496253, 0.5823477815960194, 0.4679872954084057, 0.2819729818954634, 0.013082056795979553]"
n8_lowrank8_d3_stack_nonlinear_T32_s9401101,8,lowrank,lowrank,8,3,stack_nonlinear,32,9401101,624,24,14976,3,3,1664,1664,1664,1664,8,8,8,"[1.78193225173287, 1.6336826481676578, 1.4353460240646867, 1.3924098203703485, 1.3433524956129748, 1.266628675608926, 1.2501202526233268, 1.1740624504116293]"
n8_lowrank8_d3_stack_nonlinear_T32_s9401102,8,lowrank,lowrank,8,3,stack_nonlinear,32,9401102,624,24,14976,1,1,1664,1664,1664,1664,8,8,8,"[2.0667023282491614, 1.799575664975625, 1.7762507187967995, 1.6160938806514893, 1.5982448211036697, 1.4826474204206361, 1.3979975533837663, 1.2827179216744957]"
n8_lowrank8_d3_stack_nonlinear_T32_s9401102,8,lowrank,lowrank,8,3,stack_nonlinear,32,9401102,624,24,14976,1,2,1664,0,0,0,0,0,0,"[0.0, 0.0, 0.0, 0.0, 0.0, 0.0, 0.0, 0.0]"
n8_lowrank8_d3_stack_nonlinear_T32_s9401102,8,lowrank,lowrank,8,3,stack_nonlinear,32,9401102,624,24,14976,1,3,1664,0,0,0,0,0,0,"[0.0, 0.0, 0.0, 0.0, 0.0, 0.0, 0.0, 0.0]"
n8_lowrank8_d3_stack_nonlinear_T32_s9401102,8,lowrank,lowrank,8,3,stack_nonlinear,32,9401102,624,24,14976,2,1,1664,1664,1664,1664,8,8,8,"[2.3136787154603264, 1.5981656210303536, 1.358872181129607, 1.148665502184103, 0.7268721182126587, 0.579908775134491, 0.3912042036145153, 0.18150898626619158]"
n8_lowrank8_d3_stack_nonlinear_T32_s9401102,8,lowrank,lowrank,8,3,stack_nonlinear,32,9401102,624,24,14976,2,2,1664,1664,1664,1664,8,8,8,"[2.189519118295548, 1.8703430905770433, 1.764615707619553, 1.7019093472263787, 1.6515417863926851, 1.6170368492283134, 1.5670728425810336, 1.2313054848202987]"
n8_lowrank8_d3_stack_nonlinear_T32_s9401102,8,lowrank,lowrank,8,3,stack_nonlinear,32,9401102,624,24,14976,2,3,1664,0,0,0,0,0,0,"[0.0, 0.0, 0.0, 0.0, 0.0, 0.0, 0.0, 0.0]"
n8_lowrank8_d3_stack_nonlinear_T32_s9401102,8,lowrank,lowrank,8,3,stack_nonlinear,32,9401102,624,24,14976,3,1,1664,1664,1664,1664,8,8,8,"[1.37896117468361, 1.0257589332688244, 0.6383246116269792, 0.421004961497641, 0.3027452578440677, 0.20101568239899523, 0.08102090930163956, 0.02265497742261272]"
n8_lowrank8_d3_stack_nonlinear_T32_s9401102,8,lowrank,lowrank,8,3,stack_nonlinear,32,9401102,624,24,14976,3,2,1664,1664,1664,1664,8,8,8,"[1.9037177848231404, 1.501427764088957, 0.9371454520237918, 0.8177356067801763, 0.7046920709491867, 0.43599150443901025, 0.19924673548328276, 0.05418303552575505]"
n8_lowrank8_d3_stack_nonlinear_T32_s9401102,8,lowrank,lowrank,8,3,stack_nonlinear,32,9401102,624,24,14976,3,3,1664,1664,1664,1664,8,8,8,"[1.7341634217724922, 1.6548496415016862, 1.4633347213041894, 1.4083672871940258, 1.3531039069985549, 1.2957160244454684, 1.2218223384664837, 1.2005175325908128]"
n8_lowrank8_d3_stack_nonlinear_T32_s9401103,8,lowrank,lowrank,8,3,stack_nonlinear,32,9401103,624,24,14976,1,1,1664,1664,1664,1664,8,8,8,"[1.8970581613241724, 1.8010959508972075, 1.6265565871385692, 1.5893117861316735, 1.4699994918089705, 1.344718025045299, 1.246222115160114, 1.2246642726905645]"
n8_lowrank8_d3_stack_nonlinear_T32_s9401103,8,lowrank,lowrank,8,3,stack_nonlinear,32,9401103,624,24,14976,1,2,1664,0,0,0,0,0,0,"[0.0, 0.0, 0.0, 0.0, 0.0, 0.0, 0.0, 0.0]"
n8_lowrank8_d3_stack_nonlinear_T32_s9401103,8,lowrank,lowrank,8,3,stack_nonlinear,32,9401103,624,24,14976,1,3,1664,0,0,0,0,0,0,"[0.0, 0.0, 0.0, 0.0, 0.0, 0.0, 0.0, 0.0]"
n8_lowrank8_d3_stack_nonlinear_T32_s9401103,8,lowrank,lowrank,8,3,stack_nonlinear,32,9401103,624,24,14976,2,1,1664,1664,1664,1664,8,8,8,"[1.7214893663623039, 1.410464449909254, 1.278583420515323, 0.9230258092578263, 0.613527505427062, 0.43726068590545253, 0.2023208376505583, 0.1583720632786367]"
n8_lowrank8_d3_stack_nonlinear_T32_s9401103,8,lowrank,lowrank,8,3,stack_nonlinear,32,9401103,624,24,14976,2,2,1664,1664,1664,1664,8,8,8,"[2.062536880306832, 1.8891759200872438, 1.6978924136598659, 1.5824411954930582, 1.4776576819980456, 1.4306658265284535, 1.3005806275968042, 1.255725848173022]"
n8_lowrank8_d3_stack_nonlinear_T32_s9401103,8,lowrank,lowrank,8,3,stack_nonlinear,32,9401103,624,24,14976,2,3,1664,0,0,0,0,0,0,"[0.0, 0.0, 0.0, 0.0, 0.0, 0.0, 0.0, 0.0]"
n8_lowrank8_d3_stack_nonlinear_T32_s9401103,8,lowrank,lowrank,8,3,stack_nonlinear,32,9401103,624,24,14976,3,1,1664,1664,1664,1664,8,8,8,"[1.1442368059103243, 0.826087035986288, 0.5071142246478618, 0.3917233512262134, 0.3142737668585639, 0.10973635288699772, 0.052038868981736944, 0.007318766828774696]"
n8_lowrank8_d3_stack_nonlinear_T32_s9401103,8,lowrank,lowrank,8,3,stack_nonlinear,32,9401103,624,24,14976,3,2,1664,1664,1664,1664,8,8,8,"[1.6079873917950511, 1.3597636536753042, 1.0865562115390448, 0.8183452625141008, 0.5309246712455205, 0.4057991230062224, 0.38481139088078403, 0.010815183384808313]"
n8_lowrank8_d3_stack_nonlinear_T32_s9401103,8,lowrank,lowrank,8,3,stack_nonlinear,32,9401103,624,24,14976,3,3,1664,1664,1664,1664,8,8,8,"[2.0912165476810074, 1.7255152225303232, 1.6084742535298149, 1.5637439853381672, 1.4592423720998924, 1.3993944212740652, 1.3091264761439616, 1.1501210923127063]"
n8_lowrank8_d3_stack_nonlinear_T32_s9401104,8,lowrank,lowrank,8,3,stack_nonlinear,32,9401104,624,24,14976,1,1,1664,1664,1664,1664,8,8,8,"[2.0979683796461956, 1.9847196607137911, 1.8417221820106924, 1.6634965125360344, 1.5744815282727387, 1.445594781011906, 1.314566323098314, 1.297473820767316]"
n8_lowrank8_d3_stack_nonlinear_T32_s9401104,8,lowrank,lowrank,8,3,stack_nonlinear,32,9401104,624,24,14976,1,2,1664,0,0,0,0,0,0,"[0.0, 0.0, 0.0, 0.0, 0.0, 0.0, 0.0, 0.0]"
n8_lowrank8_d3_stack_nonlinear_T32_s9401104,8,lowrank,lowrank,8,3,stack_nonlinear,32,9401104,624,24,14976,1,3,1664,0,0,0,0,0,0,"[0.0, 0.0, 0.0, 0.0, 0.0, 0.0, 0.0, 0.0]"
n8_lowrank8_d3_stack_nonlinear_T32_s9401104,8,lowrank,lowrank,8,3,stack_nonlinear,32,9401104,624,24,14976,2,1,1664,1664,1664,1664,8,8,8,"[2.0710445306922463, 1.4559354593131137, 1.2641486560249648, 1.030654184834933, 0.5863891681903481, 0.4582431082216741, 0.2896544931859258, 0.2081856880818104]"
n8_lowrank8_d3_stack_nonlinear_T32_s9401104,8,lowrank,lowrank,8,3,stack_nonlinear,32,9401104,624,24,14976,2,2,1664,1664,1664,1664,8,8,8,"[2.1177116389678194, 1.9576940918790435, 1.8598295723992, 1.554525899349975, 1.5021383550372378, 1.3541938542812357, 1.3183366965647514, 1.15905197969645]"
n8_lowrank8_d3_stack_nonlinear_T32_s9401104,8,lowrank,lowrank,8,3,stack_nonlinear,32,9401104,624,24,14976,2,3,1664,0,0,0,0,0,0,"[0.0, 0.0, 0.0, 0.0, 0.0, 0.0, 0.0, 0.0]"
n8_lowrank8_d3_stack_nonlinear_T32_s9401104,8,lowrank,lowrank,8,3,stack_nonlinear,32,9401104,624,24,14976,3,1,1664,1664,1664,1664,8,8,8,"[0.8408976181589505, 0.5614801693646496, 0.524272506788532, 0.4319536618878807, 0.17534648217081064, 0.15510912289457035, 0.10499496486707649, 0.03983910793820296]"
n8_lowrank8_d3_stack_nonlinear_T32_s9401104,8,lowrank,lowrank,8,3,stack_nonlinear,32,9401104,624,24,14976,3,2,1664,1664,1664,1664,8,8,8,"[1.2228469713824819, 0.984159585316273, 0.9641309596190288, 0.7630367323603258, 0.4871357677432091, 0.4000314297861534, 0.31868719983251365, 0.12855497524385914]"
n8_lowrank8_d3_stack_nonlinear_T32_s9401104,8,lowrank,lowrank,8,3,stack_nonlinear,32,9401104,624,24,14976,3,3,1664,1664,1664,1664,8,8,8,"[2.0282523900708367, 1.8795083175299312, 1.7835913636287684, 1.6921995352174104, 1.6785501427281087, 1.4704443581316908, 1.2981960440124023, 1.2709207975115298]"
n8_lowrank8_d3_stack_nonlinear_T128_s9401100,8,lowrank,lowrank,8,3,stack_nonlinear,128,9401100,624,24,14976,1,1,1664,1664,1664,1664,8,8,8,"[2.365226885544949, 2.213854187301177, 1.914092773368474, 1.7142813729373607, 1.6748587794232845, 1.4931404625468692, 1.3821200323326233, 1.3385574782642669]"
n8_lowrank8_d3_stack_nonlinear_T128_s9401100,8,lowrank,lowrank,8,3,stack_nonlinear,128,9401100,624,24,14976,1,2,1664,0,0,0,0,0,0,"[0.0, 0.0, 0.0, 0.0, 0.0, 0.0, 0.0, 0.0]"
n8_lowrank8_d3_stack_nonlinear_T128_s9401100,8,lowrank,lowrank,8,3,stack_nonlinear,128,9401100,624,24,14976,1,3,1664,0,0,0,0,0,0,"[0.0, 0.0, 0.0, 0.0, 0.0, 0.0, 0.0, 0.0]"
n8_lowrank8_d3_stack_nonlinear_T128_s9401100,8,lowrank,lowrank,8,3,stack_nonlinear,128,9401100,624,24,14976,2,1,1664,1664,1664,1664,8,8,8,"[1.7987201532882058, 1.2427781491621641, 1.1195886927981071, 0.7303199111100745, 0.5416678305181649, 0.5247903564371149, 0.1807790913642043, 0.06729156286304938]"
n8_lowrank8_d3_stack_nonlinear_T128_s9401100,8,lowrank,lowrank,8,3,stack_nonlinear,128,9401100,624,24,14976,2,2,1664,1664,1664,1664,8,8,8,"[2.0653459102262848, 1.6798077318208533, 1.6013127535207106, 1.4282256548730887, 1.407913338627013, 1.329689578390846, 1.3252796506222035, 1.2184854372026026]"
n8_lowrank8_d3_stack_nonlinear_T128_s9401100,8,lowrank,lowrank,8,3,stack_nonlinear,128,9401100,624,24,14976,2,3,1664,0,0,0,0,0,0,"[0.0, 0.0, 0.0, 0.0, 0.0, 0.0, 0.0, 0.0]"
n8_lowrank8_d3_stack_nonlinear_T128_s9401100,8,lowrank,lowrank,8,3,stack_nonlinear,128,9401100,624,24,14976,3,1,1664,1664,1664,1664,8,8,8,"[1.1441245893420797, 0.6122556942403755, 0.5418806857243766, 0.35066840338383626, 0.2596081977604859, 0.13106176488045346, 0.04225142607156681, 0.023164722814815162]"
n8_lowrank8_d3_stack_nonlinear_T128_s9401100,8,lowrank,lowrank,8,3,stack_nonlinear,128,9401100,624,24,14976,3,2,1664,1664,1664,1664,8,8,8,"[1.6249928733873371, 1.347157997733747, 1.2031094567439373, 1.0056278886272805, 0.6885504179760443, 0.47179160286732136, 0.3596886125158807, 0.059930376479898996]"
n8_lowrank8_d3_stack_nonlinear_T128_s9401100,8,lowrank,lowrank,8,3,stack_nonlinear,128,9401100,624,24,14976,3,3,1664,1664,1664,1664,8,8,8,"[2.2566605355536504, 1.8295001148184165, 1.7533502378105232, 1.5759682714112708, 1.511978726033228, 1.470390700148281, 1.3532722778477975, 1.2785436029487587]"
n8_lowrank8_d3_stack_nonlinear_T128_s9401101,8,lowrank,lowrank,8,3,stack_nonlinear,128,9401101,624,24,14976,1,1,1664,1664,1664,1664,8,8,8,"[2.256598274953851, 2.1157076237898536, 1.935634582196543, 1.7832892463098433, 1.7307603281285755, 1.6582421772508584, 1.5181892461382296, 1.3294658222817355]"
n8_lowrank8_d3_stack_nonlinear_T128_s9401101,8,lowrank,lowrank,8,3,stack_nonlinear,128,9401101,624,24,14976,1,2,1664,0,0,0,0,0,0,"[0.0, 0.0, 0.0, 0.0, 0.0, 0.0, 0.0, 0.0]"
n8_lowrank8_d3_stack_nonlinear_T128_s9401101,8,lowrank,lowrank,8,3,stack_nonlinear,128,9401101,624,24,14976,1,3,1664,0,0,0,0,0,0,"[0.0, 0.0, 0.0, 0.0, 0.0, 0.0, 0.0, 0.0]"
n8_lowrank8_d3_stack_nonlinear_T128_s9401101,8,lowrank,lowrank,8,3,stack_nonlinear,128,9401101,624,24,14976,2,1,1664,1664,1664,1664,8,8,8,"[1.9034854559079302, 1.5058307108689863, 1.0634835375399225, 0.6590341320977403, 0.6062215095579366, 0.5237870464515976, 0.25366563945703724, 0.10565224827831948]"
n8_lowrank8_d3_stack_nonlinear_T128_s9401101,8,lowrank,lowrank,8,3,stack_nonlinear,128,9401101,624,24,14976,2,2,1664,1664,1664,1664,8,8,8,"[1.7636599340111798, 1.6077840163156871, 1.4859637713498757, 1.409181652410392, 1.3795699633420606, 1.3578123579242116, 1.2456760444216235, 1.1258004195661482]"
n8_lowrank8_d3_stack_nonlinear_T128_s9401101,8,lowrank,lowrank,8,3,stack_nonlinear,128,9401101,624,24,14976,2,3,1664,0,0,0,0,0,0,"[0.0, 0.0, 0.0, 0.0, 0.0, 0.0, 0.0, 0.0]"
n8_lowrank8_d3_stack_nonlinear_T128_s9401101,8,lowrank,lowrank,8,3,stack_nonlinear,128,9401101,624,24,14976,3,1,1664,1664,1664,1664,8,8,8,"[1.6458702516050794, 0.7267683525914, 0.47082781458943584, 0.2948892820453683, 0.22453254611562995, 0.1370028898829346, 0.06888648033687332, 0.01778373725830392]"
n8_lowrank8_d3_stack_nonlinear_T128_s9401101,8,lowrank,lowrank,8,3,stack_nonlinear,128,9401101,624,24,14976,3,2,1664,1664,1664,1664,8,8,8,"[1.6976767709181584, 0.905164114166282, 0.8132846703129207, 0.7038934448826082, 0.5821847743695805, 0.4673118290660105, 0.2824614102492595, 0.016458018814390567]"
n8_lowrank8_d3_stack_nonlinear_T128_s9401101,8,lowrank,lowrank,8,3,stack_nonlinear,128,9401101,624,24,14976,3,3,1664,1664,1664,1664,8,8,8,"[1.7745139117279818, 1.6272964077325434, 1.42991498305564, 1.3882978578006975, 1.3387392068628794, 1.2614292203871431, 1.246204105077058, 1.1706534592095081]"
n8_lowrank8_d3_stack_nonlinear_T128_s9401102,8,lowrank,lowrank,8,3,stack_nonlinear,128,9401102,624,24,14976,1,1,1664,1664,1664,1664,8,8,8,"[2.069062263999763, 1.7695078216603812, 1.7582018535095505, 1.5949144204983405, 1.5686215012485019, 1.4531526081780537, 1.367966012775597, 1.2346512564060217]"
n8_lowrank8_d3_stack_nonlinear_T128_s9401102,8,lowrank,lowrank,8,3,stack_nonlinear,128,9401102,624,24,14976,1,2,1664,0,0,0,0,0,0,"[0.0, 0.0, 0.0, 0.0, 0.0, 0.0, 0.0, 0.0]"
n8_lowrank8_d3_stack_nonlinear_T128_s9401102,8,lowrank,lowrank,8,3,stack_nonlinear,128,9401102,624,24,14976,1,3,1664,0,0,0,0,0,0,"[0.0, 0.0, 0.0, 0.0, 0.0, 0.0, 0.0, 0.0]"
n8_lowrank8_d3_stack_nonlinear_T128_s9401102,8,lowrank,lowrank,8,3,stack_nonlinear,128,9401102,624,24,14976,2,1,1664,1664,1664,1664,8,8,8,"[2.276443313095282, 1.5788195389379958, 1.3838744717992644, 1.132466304388773, 0.7195748923312655, 0.5794871844672175, 0.3865900970221171, 0.1750582180358705]"
n8_lowrank8_d3_stack_nonlinear_T128_s9401102,8,lowrank,lowrank,8,3,stack_nonlinear,128,9401102,624,24,14976,2,2,1664,1664,1664,1664,8,8,8,"[2.1942198341623897, 1.8688351410620725, 1.7702344520344901, 1.7097289647935643, 1.661051817775031, 1.6182510297459778, 1.5752243492934168, 1.2363351814026995]"
n8_lowrank8_d3_stack_nonlinear_T128_s9401102,8,lowrank,lowrank,8,3,stack_nonlinear,128,9401102,624,24,14976,2,3,1664,0,0,0,0,0,0,"[0.0, 0.0, 0.0, 0.0, 0.0, 0.0, 0.0, 0.0]"
n8_lowrank8_d3_stack_nonlinear_T128_s9401102,8,lowrank,lowrank,8,3,stack_nonlinear,128,9401102,624,24,14976,3,1,1664,1664,1664,1664,8,8,8,"[1.35674378875037, 1.026962629838197, 0.6541587281900159, 0.4144711961504598, 0.3012374399312691, 0.19932785990174243, 0.07762966618712674, 0.018382578015063877]"
n8_lowrank8_d3_stack_nonlinear_T128_s9401102,8,lowrank,lowrank,8,3,stack_nonlinear,128,9401102,624,24,14976,3,2,1664,1664,1664,1664,8,8,8,"[1.9038176091981611, 1.506071393090767, 0.9448201546814285, 0.8182442971094728, 0.7055816341038706, 0.43932003607228676, 0.20109331573190828, 0.053137695087330024]"
n8_lowrank8_d3_stack_nonlinear_T128_s9401102,8,lowrank,lowrank,8,3,stack_nonlinear,128,9401102,624,24,14976,3,3,1664,1664,1664,1664,8,8,8,"[1.7308138592385698, 1.6508375464862706, 1.4614555843424122, 1.4063592834784204, 1.3526170276360492, 1.2955975248465557, 1.2218475826125523, 1.1976094735864564]"
n8_lowrank8_d3_stack_nonlinear_T128_s9401103,8,lowrank,lowrank,8,3,stack_nonlinear,128,9401103,624,24,14976,1,1,1664,1664,1664,1664,8,8,8,"[1.9811468522945204, 1.8383891203497718, 1.677543169283534, 1.6405528740395494, 1.5342026584840174, 1.3988419629883424, 1.3277002873324029, 1.3016703678744619]"
n8_lowrank8_d3_stack_nonlinear_T128_s9401103,8,lowrank,lowrank,8,3,stack_nonlinear,128,9401103,624,24,14976,1,2,1664,0,0,0,0,0,0,"[0.0, 0.0, 0.0, 0.0, 0.0, 0.0, 0.0, 0.0]"
n8_lowrank8_d3_stack_nonlinear_T128_s9401103,8,lowrank,lowrank,8,3,stack_nonlinear,128,9401103,624,24,14976,1,3,1664,0,0,0,0,0,0,"[0.0, 0.0, 0.0, 0.0, 0.0, 0.0, 0.0, 0.0]"
n8_lowrank8_d3_stack_nonlinear_T128_s9401103,8,lowrank,lowrank,8,3,stack_nonlinear,128,9401103,624,24,14976,2,1,1664,1664,1664,1664,8,8,8,"[1.7583188061071142, 1.4429444774920583, 1.2038416258454954, 0.946993697128381, 0.6288885036352678, 0.4348240229759452, 0.21017749061517918, 0.1583301210785275]"
n8_lowrank8_d3_stack_nonlinear_T128_s9401103,8,lowrank,lowrank,8,3,stack_nonlinear,128,9401103,624,24,14976,2,2,1664,1664,1664,1664,8,8,8,"[2.0938286589442576, 1.9215832411907923, 1.7296386224537648, 1.6115692225575662, 1.5084208791207843, 1.4665887105421918, 1.3354659755716398, 1.2628202863567777]"
n8_lowrank8_d3_stack_nonlinear_T128_s9401103,8,lowrank,lowrank,8,3,stack_nonlinear,128,9401103,624,24,14976,2,3,1664,0,0,0,0,0,0,"[0.0, 0.0, 0.0, 0.0, 0.0, 0.0, 0.0, 0.0]"
n8_lowrank8_d3_stack_nonlinear_T128_s9401103,8,lowrank,lowrank,8,3,stack_nonlinear,128,9401103,624,24,14976,3,1,1664,1664,1664,1664,8,8,8,"[1.1376191111705525, 0.8379064420336874, 0.5057901187567578, 0.36044372930750873, 0.30895900645774593, 0.10991893844564546, 0.05327344260085093, 0.008920739428519965]"
n8_lowrank8_d3_stack_nonlinear_T128_s9401103,8,lowrank,lowrank,8,3,stack_nonlinear,128,9401103,624,24,14976,3,2,1664,1664,1664,1664,8,8,8,"[1.6198905227832134, 1.3726809945102343, 1.0919218083674875, 0.8317853608052517, 0.5239850947338245, 0.4121658840729129, 0.3918342466389615, 0.013935196580403838]"
n8_lowrank8_d3_stack_nonlinear_T128_s9401103,8,lowrank,lowrank,8,3,stack_nonlinear,128,9401103,624,24,14976,3,3,1664,1664,1664,1664,8,8,8,"[2.1378002353864143, 1.768906954777421, 1.6469874108892681, 1.6031573033793332, 1.4964048491084567, 1.4330780355385464, 1.340829780375394, 1.1746936695939032]"
n8_lowrank8_d3_stack_nonlinear_T128_s9401104,8,lowrank,lowrank,8,3,stack_nonlinear,128,9401104,624,24,14976,1,1,1664,1664,1664,1664,8,8,8,"[2.1287197680925893, 2.0021132694659816, 1.862689172639415, 1.701627010577062, 1.5895651550586363, 1.4760886735254735, 1.3350586481736892, 1.3231641830101881]"
n8_lowrank8_d3_stack_nonlinear_T128_s9401104,8,lowrank,lowrank,8,3,stack_nonlinear,128,9401104,624,24,14976,1,2,1664,0,0,0,0,0,0,"[0.0, 0.0, 0.0, 0.0, 0.0, 0.0, 0.0, 0.0]"
n8_lowrank8_d3_stack_nonlinear_T128_s9401104,8,lowrank,lowrank,8,3,stack_nonlinear,128,9401104,624,24,14976,1,3,1664,0,0,0,0,0,0,"[0.0, 0.0, 0.0, 0.0, 0.0, 0.0, 0.0, 0.0]"
n8_lowrank8_d3_stack_nonlinear_T128_s9401104,8,lowrank,lowrank,8,3,stack_nonlinear,128,9401104,624,24,14976,2,1,1664,1664,1664,1664,8,8,8,"[2.0897247450658973, 1.4838181932404175, 1.2797889947807668, 1.0404826467262087, 0.5970060832553826, 0.46629663594342075, 0.3055129997769702, 0.2115795375254759]"
n8_lowrank8_d3_stack_nonlinear_T128_s9401104,8,lowrank,lowrank,8,3,stack_nonlinear,128,9401104,624,24,14976,2,2,1664,1664,1664,1664,8,8,8,"[2.13337670126428, 1.9576953261185288, 1.8623919307492887, 1.5506614887734087, 1.4954447592447122, 1.347937408452709, 1.3097799718353886, 1.1451616220810719]"
n8_lowrank8_d3_stack_nonlinear_T128_s9401104,8,lowrank,lowrank,8,3,stack_nonlinear,128,9401104,624,24,14976,2,3,1664,0,0,0,0,0,0,"[0.0, 0.0, 0.0, 0.0, 0.0, 0.0, 0.0, 0.0]"
n8_lowrank8_d3_stack_nonlinear_T128_s9401104,8,lowrank,lowrank,8,3,stack_nonlinear,128,9401104,624,24,14976,3,1,1664,1664,1664,1664,8,8,8,"[0.8453091311979358, 0.5892833001097154, 0.523843075027841, 0.4292252858063705, 0.1797500750212041, 0.15516284133580946, 0.10659049808733553, 0.04179968089450339]"
n8_lowrank8_d3_stack_nonlinear_T128_s9401104,8,lowrank,lowrank,8,3,stack_nonlinear,128,9401104,624,24,14976,3,2,1664,1664,1664,1664,8,8,8,"[1.2495789222537368, 0.9875461342206261, 0.9613134215751001, 0.764881694885711, 0.4905024336005907, 0.40265969195639023, 0.3203897650735708, 0.12742153892189906]"
n8_lowrank8_d3_stack_nonlinear_T128_s9401104,8,lowrank,lowrank,8,3,stack_nonlinear,128,9401104,624,24,14976,3,3,1664,1664,1664,1664,8,8,8,"[2.032163847329235, 1.8814986440430188, 1.7841011176389783, 1.6915572402302792, 1.6779574096748817, 1.470552017646735, 1.2982247494709886, 1.2709337526321973]"
n8_mix1_d1_none_T32_s9401100,8,mix,block,1,1,none,32,9401100,80,8,640,1,1,640,80,80,80,8,8,8,"[2.032845483131627, 1.932472059429127, 1.9284406243292325, 1.7795406914161163, 1.71443053520092, 1.5520847823571466, 1.4479662974083884, 1.4196571997989857]"
n8_mix1_d1_none_T32_s9401101,8,mix,block,1,1,none,32,9401101,80,8,640,1,1,640,80,80,80,8,8,8,"[1.9993259742055933, 1.863742802862236, 1.856031467332489, 1.8271327765146814, 1.6677503480659626, 1.6643714909129097, 1.499804006171867, 1.4491066924798126]"
n8_mix1_d1_none_T32_s9401102,8,mix,block,1,1,none,32,9401102,80,8,640,1,1,640,80,80,80,8,8,8,"[1.8981474965982832, 1.715352374919094, 1.688771480878576, 1.6637688223344345, 1.58436401865512, 1.581197404261198, 1.4385068193161805, 1.3350885173593279]"
n8_mix1_d1_none_T32_s9401103,8,mix,block,1,1,none,32,9401103,80,8,640,1,1,640,80,80,80,8,8,8,"[1.9657772651508876, 1.661772537223797, 1.626543557476154, 1.6212206187405387, 1.4542003129886132, 1.3656242732901138, 1.3533762974197414, 1.3154747863632035]"
n8_mix1_d1_none_T32_s9401104,8,mix,block,1,1,none,32,9401104,80,8,640,1,1,640,80,80,80,8,8,8,"[1.8510479953984753, 1.7898332764073717, 1.6835712030656627, 1.6358716299691334, 1.5806256291833327, 1.5315148515580832, 1.387948046987014, 1.3269080095772467]"
n8_mix1_d1_none_T128_s9401100,8,mix,block,1,1,none,128,9401100,80,8,640,1,1,640,80,80,80,8,8,8,"[2.0072202178809944, 1.9393392175718074, 1.917309718005681, 1.7248936001704684, 1.6574436300107327, 1.502311954616106, 1.4441066005788659, 1.417116020806636]"
n8_mix1_d1_none_T128_s9401101,8,mix,block,1,1,none,128,9401101,80,8,640,1,1,640,80,80,80,8,8,8,"[2.016007458829398, 1.8818406782865889, 1.8279496247894174, 1.8066164028378473, 1.6679801463781971, 1.6581850636175481, 1.5150627255664306, 1.4464014246975838]"
n8_mix1_d1_none_T128_s9401102,8,mix,block,1,1,none,128,9401102,80,8,640,1,1,640,80,80,80,8,8,8,"[1.8963237012322705, 1.7230023756471908, 1.6843418961692724, 1.6633628428780545, 1.552534439738933, 1.5506697495203734, 1.422198065509981, 1.2862326929787267]"
n8_mix1_d1_none_T128_s9401103,8,mix,block,1,1,none,128,9401103,80,8,640,1,1,640,80,80,80,8,8,8,"[1.9880402977824627, 1.7290395030466257, 1.675428867220932, 1.6754271324292895, 1.5166803185106783, 1.4147175067353706, 1.401469983167505, 1.3844758012600542]"
n8_mix1_d1_none_T128_s9401104,8,mix,block,1,1,none,128,9401104,80,8,640,1,1,640,80,80,80,8,8,8,"[1.8665319734702497, 1.8134273336692104, 1.7155513640095295, 1.6491376228558026, 1.5987759584045849, 1.556374974963333, 1.3946703428683844, 1.3398716893704035]"
n8_mix1_d1_fixed_linear_T32_s9401100,8,mix,block,1,1,fixed_linear,32,9401100,80,8,640,1,1,640,80,80,80,8,8,8,"[2.032845483131627, 1.932472059429127, 1.9284406243292325, 1.7795406914161163, 1.71443053520092, 1.5520847823571466, 1.4479662974083884, 1.4196571997989857]"
n8_mix1_d1_fixed_linear_T32_s9401101,8,mix,block,1,1,fixed_linear,32,9401101,80,8,640,1,1,640,80,80,80,8,8,8,"[1.9993259742055933, 1.863742802862236, 1.856031467332489, 1.8271327765146814, 1.6677503480659626, 1.6643714909129097, 1.499804006171867, 1.4491066924798126]"
n8_mix1_d1_fixed_linear_T32_s9401102,8,mix,block,1,1,fixed_linear,32,9401102,80,8,640,1,1,640,80,80,80,8,8,8,"[1.8981474965982832, 1.715352374919094, 1.688771480878576, 1.6637688223344345, 1.58436401865512, 1.581197404261198, 1.4385068193161805, 1.3350885173593279]"
n8_mix1_d1_fixed_linear_T32_s9401103,8,mix,block,1,1,fixed_linear,32,9401103,80,8,640,1,1,640,80,80,80,8,8,8,"[1.9657772651508876, 1.661772537223797, 1.626543557476154, 1.6212206187405387, 1.4542003129886132, 1.3656242732901138, 1.3533762974197414, 1.3154747863632035]"
n8_mix1_d1_fixed_linear_T32_s9401104,8,mix,block,1,1,fixed_linear,32,9401104,80,8,640,1,1,640,80,80,80,8,8,8,"[1.8510479953984753, 1.7898332764073717, 1.6835712030656627, 1.6358716299691334, 1.5806256291833327, 1.5315148515580832, 1.387948046987014, 1.3269080095772467]"
n8_mix1_d1_fixed_linear_T128_s9401100,8,mix,block,1,1,fixed_linear,128,9401100,80,8,640,1,1,640,80,80,80,8,8,8,"[2.0072202178809944, 1.9393392175718074, 1.917309718005681, 1.7248936001704684, 1.6574436300107327, 1.502311954616106, 1.4441066005788659, 1.417116020806636]"
n8_mix1_d1_fixed_linear_T128_s9401101,8,mix,block,1,1,fixed_linear,128,9401101,80,8,640,1,1,640,80,80,80,8,8,8,"[2.016007458829398, 1.8818406782865889, 1.8279496247894174, 1.8066164028378473, 1.6679801463781971, 1.6581850636175481, 1.5150627255664306, 1.4464014246975838]"
n8_mix1_d1_fixed_linear_T128_s9401102,8,mix,block,1,1,fixed_linear,128,9401102,80,8,640,1,1,640,80,80,80,8,8,8,"[1.8963237012322705, 1.7230023756471908, 1.6843418961692724, 1.6633628428780545, 1.552534439738933, 1.5506697495203734, 1.422198065509981, 1.2862326929787267]"
n8_mix1_d1_fixed_linear_T128_s9401103,8,mix,block,1,1,fixed_linear,128,9401103,80,8,640,1,1,640,80,80,80,8,8,8,"[1.9880402977824627, 1.7290395030466257, 1.675428867220932, 1.6754271324292895, 1.5166803185106783, 1.4147175067353706, 1.401469983167505, 1.3844758012600542]"
n8_mix1_d1_fixed_linear_T128_s9401104,8,mix,block,1,1,fixed_linear,128,9401104,80,8,640,1,1,640,80,80,80,8,8,8,"[1.8665319734702497, 1.8134273336692104, 1.7155513640095295, 1.6491376228558026, 1.5987759584045849, 1.556374974963333, 1.3946703428683844, 1.3398716893704035]"
n8_mix1_d1_trainable_linear_T32_s9401100,8,mix,block,1,1,trainable_linear,32,9401100,144,8,1152,1,1,1152,80,80,80,8,8,8,"[2.032845483131627, 1.932472059429127, 1.9284406243292325, 1.7795406914161163, 1.71443053520092, 1.5520847823571466, 1.4479662974083884, 1.4196571997989857]"
n8_mix1_d1_trainable_linear_T32_s9401101,8,mix,block,1,1,trainable_linear,32,9401101,144,8,1152,1,1,1152,80,80,80,8,8,8,"[1.9993259742055933, 1.863742802862236, 1.856031467332489, 1.8271327765146814, 1.6677503480659626, 1.6643714909129097, 1.499804006171867, 1.4491066924798126]"
n8_mix1_d1_trainable_linear_T32_s9401102,8,mix,block,1,1,trainable_linear,32,9401102,144,8,1152,1,1,1152,80,80,80,8,8,8,"[1.8981474965982832, 1.715352374919094, 1.688771480878576, 1.6637688223344345, 1.58436401865512, 1.581197404261198, 1.4385068193161805, 1.3350885173593279]"
n8_mix1_d1_trainable_linear_T32_s9401103,8,mix,block,1,1,trainable_linear,32,9401103,144,8,1152,1,1,1152,80,80,80,8,8,8,"[1.9657772651508876, 1.661772537223797, 1.626543557476154, 1.6212206187405387, 1.4542003129886132, 1.3656242732901138, 1.3533762974197414, 1.3154747863632035]"
n8_mix1_d1_trainable_linear_T32_s9401104,8,mix,block,1,1,trainable_linear,32,9401104,144,8,1152,1,1,1152,80,80,80,8,8,8,"[1.8510479953984753, 1.7898332764073717, 1.6835712030656627, 1.6358716299691334, 1.5806256291833327, 1.5315148515580832, 1.387948046987014, 1.3269080095772467]"
n8_mix1_d1_trainable_linear_T128_s9401100,8,mix,block,1,1,trainable_linear,128,9401100,144,8,1152,1,1,1152,80,80,80,8,8,8,"[2.0072202178809944, 1.9393392175718074, 1.917309718005681, 1.7248936001704684, 1.6574436300107327, 1.502311954616106, 1.4441066005788659, 1.417116020806636]"
n8_mix1_d1_trainable_linear_T128_s9401101,8,mix,block,1,1,trainable_linear,128,9401101,144,8,1152,1,1,1152,80,80,80,8,8,8,"[2.016007458829398, 1.8818406782865889, 1.8279496247894174, 1.8066164028378473, 1.6679801463781971, 1.6581850636175481, 1.5150627255664306, 1.4464014246975838]"
n8_mix1_d1_trainable_linear_T128_s9401102,8,mix,block,1,1,trainable_linear,128,9401102,144,8,1152,1,1,1152,80,80,80,8,8,8,"[1.8963237012322705, 1.7230023756471908, 1.6843418961692724, 1.6633628428780545, 1.552534439738933, 1.5506697495203734, 1.422198065509981, 1.2862326929787267]"
n8_mix1_d1_trainable_linear_T128_s9401103,8,mix,block,1,1,trainable_linear,128,9401103,144,8,1152,1,1,1152,80,80,80,8,8,8,"[1.9880402977824627, 1.7290395030466257, 1.675428867220932, 1.6754271324292895, 1.5166803185106783, 1.4147175067353706, 1.401469983167505, 1.3844758012600542]"
n8_mix1_d1_trainable_linear_T128_s9401104,8,mix,block,1,1,trainable_linear,128,9401104,144,8,1152,1,1,1152,80,80,80,8,8,8,"[1.8665319734702497, 1.8134273336692104, 1.7155513640095295, 1.6491376228558026, 1.5987759584045849, 1.556374974963333, 1.3946703428683844, 1.3398716893704035]"
n8_mix1_d1_nonlinear_trainable_T32_s9401100,8,mix,block,1,1,nonlinear_trainable,32,9401100,144,8,1152,1,1,1152,80,80,80,8,8,8,"[2.032845483131627, 1.932472059429127, 1.9284406243292325, 1.7795406914161163, 1.71443053520092, 1.5520847823571466, 1.4479662974083884, 1.4196571997989857]"
n8_mix1_d1_nonlinear_trainable_T32_s9401101,8,mix,block,1,1,nonlinear_trainable,32,9401101,144,8,1152,1,1,1152,80,80,80,8,8,8,"[1.9993259742055933, 1.863742802862236, 1.856031467332489, 1.8271327765146814, 1.6677503480659626, 1.6643714909129097, 1.499804006171867, 1.4491066924798126]"
n8_mix1_d1_nonlinear_trainable_T32_s9401102,8,mix,block,1,1,nonlinear_trainable,32,9401102,144,8,1152,1,1,1152,80,80,80,8,8,8,"[1.8981474965982832, 1.715352374919094, 1.688771480878576, 1.6637688223344345, 1.58436401865512, 1.581197404261198, 1.4385068193161805, 1.3350885173593279]"
n8_mix1_d1_nonlinear_trainable_T32_s9401103,8,mix,block,1,1,nonlinear_trainable,32,9401103,144,8,1152,1,1,1152,80,80,80,8,8,8,"[1.9657772651508876, 1.661772537223797, 1.626543557476154, 1.6212206187405387, 1.4542003129886132, 1.3656242732901138, 1.3533762974197414, 1.3154747863632035]"
n8_mix1_d1_nonlinear_trainable_T32_s9401104,8,mix,block,1,1,nonlinear_trainable,32,9401104,144,8,1152,1,1,1152,80,80,80,8,8,8,"[1.8510479953984753, 1.7898332764073717, 1.6835712030656627, 1.6358716299691334, 1.5806256291833327, 1.5315148515580832, 1.387948046987014, 1.3269080095772467]"
n8_mix1_d1_nonlinear_trainable_T128_s9401100,8,mix,block,1,1,nonlinear_trainable,128,9401100,144,8,1152,1,1,1152,80,80,80,8,8,8,"[2.0072202178809944, 1.9393392175718074, 1.917309718005681, 1.7248936001704684, 1.6574436300107327, 1.502311954616106, 1.4441066005788659, 1.417116020806636]"
n8_mix1_d1_nonlinear_trainable_T128_s9401101,8,mix,block,1,1,nonlinear_trainable,128,9401101,144,8,1152,1,1,1152,80,80,80,8,8,8,"[2.016007458829398, 1.8818406782865889, 1.8279496247894174, 1.8066164028378473, 1.6679801463781971, 1.6581850636175481, 1.5150627255664306, 1.4464014246975838]"
n8_mix1_d1_nonlinear_trainable_T128_s9401102,8,mix,block,1,1,nonlinear_trainable,128,9401102,144,8,1152,1,1,1152,80,80,80,8,8,8,"[1.8963237012322705, 1.7230023756471908, 1.6843418961692724, 1.6633628428780545, 1.552534439738933, 1.5506697495203734, 1.422198065509981, 1.2862326929787267]"
n8_mix1_d1_nonlinear_trainable_T128_s9401103,8,mix,block,1,1,nonlinear_trainable,128,9401103,144,8,1152,1,1,1152,80,80,80,8,8,8,"[1.9880402977824627, 1.7290395030466257, 1.675428867220932, 1.6754271324292895, 1.5166803185106783, 1.4147175067353706, 1.401469983167505, 1.3844758012600542]"
n8_mix1_d1_nonlinear_trainable_T128_s9401104,8,mix,block,1,1,nonlinear_trainable,128,9401104,144,8,1152,1,1,1152,80,80,80,8,8,8,"[1.8665319734702497, 1.8134273336692104, 1.7155513640095295, 1.6491376228558026, 1.5987759584045849, 1.556374974963333, 1.3946703428683844, 1.3398716893704035]"
n8_mix1_d1_feedback_T32_s9401100,8,mix,block,1,1,feedback,32,9401100,144,8,1152,1,1,1152,1152,1152,1152,8,8,8,"[1.3536709914812555, 1.2233364578079229, 1.1952732670212387, 1.1068429494388783, 1.0788089673578614, 1.0528880932920568, 1.0420054413763442, 1.0357584227973775]"
n8_mix1_d1_feedback_T32_s9401101,8,mix,block,1,1,feedback,32,9401101,144,8,1152,1,1,1152,1152,1152,1152,8,8,8,"[1.29503411946137, 1.1874605384868182, 1.1600130126290478, 1.0740246775543112, 1.068234068203449, 1.0379473936452337, 1.0218647724649954, 1.0109941794527029]"
n8_mix1_d1_feedback_T32_s9401102,8,mix,block,1,1,feedback,32,9401102,144,8,1152,1,1,1152,1152,1152,1152,8,8,8,"[1.2320928125008215, 1.163474396549596, 1.1438557267438902, 1.0702360474662584, 1.043041554234204, 1.026641522967602, 1.0145181868818836, 0.9935649459188028]"
n8_mix1_d1_feedback_T32_s9401103,8,mix,block,1,1,feedback,32,9401103,144,8,1152,1,1,1152,1152,1152,1152,8,8,8,"[1.1817333217944206, 1.170519809479857, 1.1034099299689435, 1.0484894757209737, 1.0170994481868119, 0.9763808189525698, 0.9750092047087182, 0.9471269009142094]"
n8_mix1_d1_feedback_T32_s9401104,8,mix,block,1,1,feedback,32,9401104,144,8,1152,1,1,1152,1152,1152,1152,8,8,8,"[1.2097814223330405, 1.1264492854442951, 1.1063678556074439, 1.060397962881632, 1.0509219203298232, 1.034210084673248, 1.0152254105853271, 1.0014116872060617]"
n8_mix1_d1_feedback_T128_s9401100,8,mix,block,1,1,feedback,128,9401100,144,8,1152,1,1,1152,1152,1152,1152,8,8,8,"[1.342622958905101, 1.206400495164287, 1.1805757410032778, 1.097761596945072, 1.065903757946267, 1.0315559440202995, 1.02327934800503, 1.0138039420339797]"
n8_mix1_d1_feedback_T128_s9401101,8,mix,block,1,1,feedback,128,9401101,144,8,1152,1,1,1152,1152,1152,1152,8,8,8,"[1.3017802225816137, 1.2101958628817115, 1.1838625795321416, 1.1087064480938154, 1.103189267726796, 1.0717345333249653, 1.054470082953818, 1.0487212769883787]"
n8_mix1_d1_feedback_T128_s9401102,8,mix,block,1,1,feedback,128,9401102,144,8,1152,1,1,1152,1152,1152,1152,8,8,8,"[1.2004298396098396, 1.118274815105395, 1.0937959299379563, 1.0129848377107558, 0.9865634206863763, 0.9667462615452801, 0.9528501338124121, 0.9327358780905232]"
n8_mix1_d1_feedback_T128_s9401103,8,mix,block,1,1,feedback,128,9401103,144,8,1152,1,1,1152,1152,1152,1152,8,8,8,"[1.2481816957645386, 1.2347861349440676, 1.1706827720168105, 1.113861934299909, 1.0881264762561254, 1.051002245859209, 1.0461728665280001, 1.0216013443079537]"
n8_mix1_d1_feedback_T128_s9401104,8,mix,block,1,1,feedback,128,9401104,144,8,1152,1,1,1152,1152,1152,1152,8,8,8,"[1.2135758247431085, 1.1204169655675593, 1.0991180568749082, 1.046512129066918, 1.0357380919752264, 1.0145665084962645, 0.9934296921802153, 0.9785311019601995]"
n8_positive1_d1_none_T32_s9401100,8,positive,block,1,1,none,32,9401100,80,8,640,1,1,640,80,80,80,8,8,8,"[1.6714994410235318, 1.668074998394152, 1.662169000452993, 1.6619287834160665, 1.6612297106430134, 1.6610353541461054, 1.6608611626078154, 1.6608523293949962]"
n8_positive1_d1_none_T32_s9401101,8,positive,block,1,1,none,32,9401101,80,8,640,1,1,640,80,80,80,8,8,8,"[1.6398715079420245, 1.6307478477890625, 1.63000701181016, 1.6296164654754257, 1.6285106433484826, 1.6280136945122472, 1.6274847392817027, 1.62739365568175]"
n8_positive1_d1_none_T32_s9401102,8,positive,block,1,1,none,32,9401102,80,8,640,1,1,640,80,80,80,8,8,8,"[1.619323134742387, 1.609472594836938, 1.6067577377452953, 1.6066485390043839, 1.6051642408629323, 1.6035720167357017, 1.6009543509989475, 1.6006923264762283]"
n8_positive1_d1_none_T32_s9401103,8,positive,block,1,1,none,32,9401103,80,8,640,1,1,640,80,80,80,8,8,8,"[1.6137202589068615, 1.6126504440514087, 1.6043361334614465, 1.602691676222469, 1.6019911754076095, 1.6016159969901131, 1.6012675044039941, 1.601156014017759]"
n8_positive1_d1_none_T32_s9401104,8,positive,block,1,1,none,32,9401104,80,8,640,1,1,640,80,80,80,8,8,8,"[1.599337070411257, 1.597970712965742, 1.5929323407426224, 1.5926168929260334, 1.5926074575488887, 1.5905845195687434, 1.5905226368566752, 1.5905010911821496]"
n8_positive1_d1_none_T128_s9401100,8,positive,block,1,1,none,128,9401100,80,8,640,1,1,640,80,80,80,8,8,8,"[1.6549492076099244, 1.651845274360848, 1.6508037926059527, 1.6497724239198268, 1.6492703387636145, 1.6488738981149758, 1.6487029106710245, 1.6486102519451296]"
n8_positive1_d1_none_T128_s9401101,8,positive,block,1,1,none,128,9401101,80,8,640,1,1,640,80,80,80,8,8,8,"[1.6262346545236637, 1.625865518222091, 1.6256291967268828, 1.6193518263539455, 1.6158277440128475, 1.615791700864023, 1.6156285366278396, 1.6149616046220088]"
n8_positive1_d1_none_T128_s9401102,8,positive,block,1,1,none,128,9401102,80,8,640,1,1,640,80,80,80,8,8,8,"[1.6001908071890818, 1.5815570947959794, 1.5807110128054023, 1.5803943440476962, 1.5803282159579546, 1.5790626434091346, 1.5788177606866438, 1.5787307741762078]"
n8_positive1_d1_none_T128_s9401103,8,positive,block,1,1,none,128,9401103,80,8,640,1,1,640,80,80,80,8,8,8,"[1.6776698495652185, 1.666587854051961, 1.6657428473680076, 1.6644114458069525, 1.6632430379745688, 1.6627920005450778, 1.6595848474108812, 1.6592085658586373]"
n8_positive1_d1_none_T128_s9401104,8,positive,block,1,1,none,128,9401104,80,8,640,1,1,640,80,80,80,8,8,8,"[1.6146874399378888, 1.611578380910254, 1.6108226279095794, 1.606374741835138, 1.6061102567417598, 1.605939450700856, 1.6057360702908852, 1.6057301522396887]"
n16_block1_d1_stack_nonlinear_T32_s9401100,16,block,block,1,1,stack_nonlinear,32,9401100,288,16,4608,1,1,4608,288,288,288,16,16,16,"[2.0639261914184095, 2.0404129190971707, 1.959049566015767, 1.933728216331629, 1.8570588597551403, 1.853646483101071, 1.8283426634515134, 1.762353845757488, 1.7368244197674114, 1.5656362457939565, 1.5547979547372297, 1.505634497006142, 1.463674111073848, 1.4427542820487607, 1.4346307754318282, 1.4084258895411201]"
n16_block1_d1_stack_nonlinear_T32_s9401101,16,block,block,1,1,stack_nonlinear,32,9401101,288,16,4608,1,1,4608,288,288,288,16,16,16,"[2.1785288701798162, 2.1389660150580987, 2.010014531258876, 1.9898181625234772, 1.9381275590309341, 1.8971963569227657, 1.8669838394772154, 1.8219412276568472, 1.7995346048720031, 1.744855057329982, 1.7162372652204305, 1.6952685438557413, 1.6602745025300334, 1.5875124772725107, 1.5761772736923396, 1.5172965210259923]"
n16_block1_d1_stack_nonlinear_T32_s9401102,16,block,block,1,1,stack_nonlinear,32,9401102,288,16,4608,1,1,4608,288,288,288,16,16,16,"[1.96466479380244, 1.9551212505998194, 1.9337120439406867, 1.7975907816301364, 1.7348143783809489, 1.7315240694331533, 1.6895662735058539, 1.6282699124985978, 1.6177675529599216, 1.5377939674085255, 1.5065173960643785, 1.4961877778916128, 1.447676797946662, 1.4013951159811793, 1.3820991412127874, 1.377124985555886]"
n16_block1_d1_stack_nonlinear_T32_s9401103,16,block,block,1,1,stack_nonlinear,32,9401103,288,16,4608,1,1,4608,288,288,288,16,16,16,"[2.0064117300405835, 1.9896265548103664, 1.866022897447346, 1.7899282319515704, 1.7232729808020903, 1.696797778228099, 1.695713561549685, 1.6515617109349798, 1.631000132854321, 1.581349678298177, 1.5421917937314193, 1.5021450161407233, 1.478260435389201, 1.4436427093412338, 1.4386630231637234, 1.3428933616816547]"
n16_block1_d1_stack_nonlinear_T32_s9401104,16,block,block,1,1,stack_nonlinear,32,9401104,288,16,4608,1,1,4608,288,288,288,16,16,16,"[2.069216446592637, 1.9359422205126868, 1.9114004180615687, 1.9068637055078403, 1.879768866726413, 1.8065972266382213, 1.7736793470379064, 1.727098537116585, 1.697351146332793, 1.6800071853557887, 1.663294373013303, 1.6418493808842012, 1.5823417495017023, 1.4987215312638584, 1.4911998566625702, 1.4876417845069425]"
n16_block1_d1_stack_nonlinear_T128_s9401100,16,block,block,1,1,stack_nonlinear,128,9401100,288,16,4608,1,1,4608,288,288,288,16,16,16,"[2.081375007210637, 2.0750195295604748, 1.9864654898668423, 1.9703976818919609, 1.9465449248282776, 1.8771709116640016, 1.8546730352365386, 1.820888568920763, 1.75802352189536, 1.6040204113417935, 1.601559536092855, 1.5748769170161308, 1.5311598936598718, 1.5167747418015742, 1.4932303100712894, 1.4868927888888637]"
n16_block1_d1_stack_nonlinear_T128_s9401101,16,block,block,1,1,stack_nonlinear,128,9401101,288,16,4608,1,1,4608,288,288,288,16,16,16,"[2.0565927720272508, 2.042804918376067, 1.883695955850828, 1.8604164389765143, 1.8304973023366364, 1.8155840290000247, 1.7446979433637175, 1.6919949484507923, 1.6730296278900156, 1.619554706894948, 1.591952737746782, 1.510684031690069, 1.4790845936426495, 1.4697556761545973, 1.4550687964831968, 1.3997535938247885]"
n16_block1_d1_stack_nonlinear_T128_s9401102,16,block,block,1,1,stack_nonlinear,128,9401102,288,16,4608,1,1,4608,288,288,288,16,16,16,"[2.0076268421878325, 1.9701638933608205, 1.9445078745754965, 1.8522819495610447, 1.8215047933813882, 1.7905205773124127, 1.7102012896513286, 1.696507365377754, 1.6775368853729868, 1.597388828526479, 1.5574937054948508, 1.557132802755077, 1.5048549445772892, 1.4706524074756042, 1.4538592438596771, 1.4438666120284016]"
n16_block1_d1_stack_nonlinear_T128_s9401103,16,block,block,1,1,stack_nonlinear,128,9401103,288,16,4608,1,1,4608,288,288,288,16,16,16,"[2.076476380631242, 2.0623950600578342, 1.9162780610005499, 1.8438764012728397, 1.7842066435231496, 1.7431243571607489, 1.7425666408504987, 1.6852284886977018, 1.6500610016813264, 1.6137196987796385, 1.5683751936613393, 1.5554192641132132, 1.4849657526101085, 1.4646417992893035, 1.4597251589532045, 1.4394466605841452]"
n16_block1_d1_stack_nonlinear_T128_s9401104,16,block,block,1,1,stack_nonlinear,128,9401104,288,16,4608,1,1,4608,288,288,288,16,16,16,"[2.170071041696587, 1.9918016742941407, 1.987307739445582, 1.9741742680262213, 1.9159079813356583, 1.912154574776967, 1.8138882111108754, 1.7907587705139918, 1.778672655283477, 1.7509226608363153, 1.7392647404282464, 1.6972444682727508, 1.602889893567341, 1.5916372229214044, 1.5460619926652173, 1.5314388443679796]"
n16_block1_d3_stack_nonlinear_T32_s9401100,16,block,block,1,3,stack_nonlinear,32,9401100,864,48,41472,1,1,4608,288,288,288,16,16,16,"[2.0639261914184095, 2.0404129190971707, 1.959049566015767, 1.933728216331629, 1.8570588597551403, 1.853646483101071, 1.8283426634515134, 1.762353845757488, 1.7368244197674114, 1.5656362457939565, 1.5547979547372297, 1.505634497006142, 1.463674111073848, 1.4427542820487607, 1.4346307754318282, 1.4084258895411201]"
n16_block1_d3_stack_nonlinear_T32_s9401100,16,block,block,1,3,stack_nonlinear,32,9401100,864,48,41472,1,2,4608,0,0,0,0,0,0,"[0.0, 0.0, 0.0, 0.0, 0.0, 0.0, 0.0, 0.0, 0.0, 0.0, 0.0, 0.0, 0.0, 0.0, 0.0, 0.0]"
n16_block1_d3_stack_nonlinear_T32_s9401100,16,block,block,1,3,stack_nonlinear,32,9401100,864,48,41472,1,3,4608,0,0,0,0,0,0,"[0.0, 0.0, 0.0, 0.0, 0.0, 0.0, 0.0, 0.0, 0.0, 0.0, 0.0, 0.0, 0.0, 0.0, 0.0, 0.0]"
n16_block1_d3_stack_nonlinear_T32_s9401100,16,block,block,1,3,stack_nonlinear,32,9401100,864,48,41472,2,1,4608,4608,4608,4608,16,16,16,"[2.2096638217724416, 1.8865974582681964, 1.5816064909566754, 1.485206872717319, 1.2069249684120604, 1.1307427647466555, 0.9536015648225439, 0.8747363491088219, 0.7841525263017615, 0.6716888334662869, 0.6143658047499021, 0.5110665862698942, 0.3197116352149152, 0.22927859524332656, 0.1303591604707046, 0.05979287271772323]"
n16_block1_d3_stack_nonlinear_T32_s9401100,16,block,block,1,3,stack_nonlinear,32,9401100,864,48,41472,2,2,4608,288,288,288,16,16,16,"[2.0784832775857645, 2.0379105516936358, 2.0368515900139808, 2.014437508925276, 1.9518910697004923, 1.9185974659252631, 1.9018258200283127, 1.890177191403362, 1.7861065475547446, 1.758381513208029, 1.6985766655795593, 1.6229598062979647, 1.5947244025320464, 1.5896218685668273, 1.3818273255190006, 1.3500725616179556]"
n16_block1_d3_stack_nonlinear_T32_s9401100,16,block,block,1,3,stack_nonlinear,32,9401100,864,48,41472,2,3,4608,0,0,0,0,0,0,"[0.0, 0.0, 0.0, 0.0, 0.0, 0.0, 0.0, 0.0, 0.0, 0.0, 0.0, 0.0, 0.0, 0.0, 0.0, 0.0]"
n16_block1_d3_stack_nonlinear_T32_s9401100,16,block,block,1,3,stack_nonlinear,32,9401100,864,48,41472,3,1,4608,4608,4608,4608,16,16,16,"[1.4320798429072548, 1.3644693086445399, 0.9416790910026325, 0.7257449337402205, 0.6602684406549815, 0.5934475581018521, 0.507834785634467, 0.38276422167551005, 0.35800526433529223, 0.2560838997368861, 0.19065192969824737, 0.13496416891022672, 0.06895174464939911, 0.03332885812397125, 0.02033002807781382, 0.017826084026314446]"
n16_block1_d3_stack_nonlinear_T32_s9401100,16,block,block,1,3,stack_nonlinear,32,9401100,864,48,41472,3,2,4608,4608,4608,4608,16,16,16,"[2.0031580657651133, 1.6675834355345827, 1.5871976158712302, 1.4790981613047394, 1.2323184247496854, 1.0806214439552526, 0.9484148408768853, 0.8456569748050511, 0.7935983697828572, 0.6810720979338091, 0.6208722859046426, 0.5275164717255676, 0.36492970772179184, 0.25371974161106603, 0.1514564265622986, 0.07620965854596679]"
n16_block1_d3_stack_nonlinear_T32_s9401100,16,block,block,1,3,stack_nonlinear,32,9401100,864,48,41472,3,3,4608,288,288,288,16,16,16,"[1.9361248893410792, 1.746708455773607, 1.7266254302372193, 1.7085094807797905, 1.6474887485005474, 1.6406003076806643, 1.634474817295736, 1.6085174591514357, 1.6070958112819114, 1.5882755429545303, 1.4724146539403398, 1.4712679334610457, 1.4510424176108827, 1.421319759591854, 1.4199030447693544, 1.2772006905686426]"
n16_block1_d3_stack_nonlinear_T32_s9401101,16,block,block,1,3,stack_nonlinear,32,9401101,864,48,41472,1,1,4608,288,288,288,16,16,16,"[2.1785288701798162, 2.1389660150580987, 2.010014531258876, 1.9898181625234772, 1.9381275590309341, 1.8971963569227657, 1.8669838394772154, 1.8219412276568472, 1.7995346048720031, 1.744855057329982, 1.7162372652204305, 1.6952685438557413, 1.6602745025300334, 1.5875124772725107, 1.5761772736923396, 1.5172965210259923]"
n16_block1_d3_stack_nonlinear_T32_s9401101,16,block,block,1,3,stack_nonlinear,32,9401101,864,48,41472,1,2,4608,0,0,0,0,0,0,"[0.0, 0.0, 0.0, 0.0, 0.0, 0.0, 0.0, 0.0, 0.0, 0.0, 0.0, 0.0, 0.0, 0.0, 0.0, 0.0]"
n16_block1_d3_stack_nonlinear_T32_s9401101,16,block,block,1,3,stack_nonlinear,32,9401101,864,48,41472,1,3,4608,0,0,0,0,0,0,"[0.0, 0.0, 0.0, 0.0, 0.0, 0.0, 0.0, 0.0, 0.0, 0.0, 0.0, 0.0, 0.0, 0.0, 0.0, 0.0]"
n16_block1_d3_stack_nonlinear_T32_s9401101,16,block,block,1,3,stack_nonlinear,32,9401101,864,48,41472,2,1,4608,4608,4608,4608,16,16,16,"[2.013721115898944, 1.878341557667551, 1.5277760002144511, 1.4188540534412022, 1.3142721769808499, 1.2525140027831538, 1.1353776956842976, 1.0081866200409901, 0.7705140279934045, 0.6929588691003847, 0.6079072588595767, 0.4669320048449169, 0.4275584888314803, 0.23249555385718584, 0.10888738458456572, 0.07862854226692746]"
n16_block1_d3_stack_nonlinear_T32_s9401101,16,block,block,1,3,stack_nonlinear,32,9401101,864,48,41472,2,2,4608,288,288,288,16,16,16,"[1.946536299865056, 1.8778993623655755, 1.8135036663414075, 1.724037150758906, 1.6219616387674993, 1.6206723536834067, 1.6100124520478507, 1.5115735059249091, 1.496827834030491, 1.4778275213025927, 1.4735742256062863, 1.4521614810222525, 1.4435076105585263, 1.332566114377911, 1.3269411533832007, 1.3230035376130571]"
n16_block1_d3_stack_nonlinear_T32_s9401101,16,block,block,1,3,stack_nonlinear,32,9401101,864,48,41472,2,3,4608,0,0,0,0,0,0,"[0.0, 0.0, 0.0, 0.0, 0.0, 0.0, 0.0, 0.0, 0.0, 0.0, 0.0, 0.0, 0.0, 0.0, 0.0, 0.0]"
n16_block1_d3_stack_nonlinear_T32_s9401101,16,block,block,1,3,stack_nonlinear,32,9401101,864,48,41472,3,1,4608,4608,4608,4608,16,16,16,"[1.6331718840032725, 1.0496905556180187, 0.9889687486129236, 0.7799050692421589, 0.6426268732631292, 0.6231162121376481, 0.492225008079301, 0.3511341234415354, 0.26484285665816587, 0.2436305633400503, 0.21552312784323366, 0.1039672089570494, 0.05124232075371135, 0.03807228588231001, 0.019989186008851443, 0.01401784209710695]"
n16_block1_d3_stack_nonlinear_T32_s9401101,16,block,block,1,3,stack_nonlinear,32,9401101,864,48,41472,3,2,4608,4608,4608,4608,16,16,16,"[1.6666233830843977, 1.5780756767388535, 1.4084373627564517, 1.211219562269043, 1.022252597964082, 0.9220487582033615, 0.8444116586975836, 0.736593620216891, 0.6418873404980372, 0.5737929737389753, 0.428688435880615, 0.3617712252199047, 0.22493309788898572, 0.09733295678835079, 0.06253901626118916, 0.04714333917271697]"
n16_block1_d3_stack_nonlinear_T32_s9401101,16,block,block,1,3,stack_nonlinear,32,9401101,864,48,41472,3,3,4608,288,288,288,16,16,16,"[1.8739807178855667, 1.8026341767562064, 1.7869784377546034, 1.674840184550162, 1.663172487639943, 1.6567119188683692, 1.65612395474214, 1.6058101082222755, 1.5080395358829843, 1.475719773333956, 1.4003050580417968, 1.3947032662786982, 1.3635819023467228, 1.3231655577441948, 1.2917051408008493, 1.2778403816095187]"
n16_block1_d3_stack_nonlinear_T32_s9401102,16,block,block,1,3,stack_nonlinear,32,9401102,864,48,41472,1,1,4608,288,288,288,16,16,16,"[1.96466479380244, 1.9551212505998194, 1.9337120439406867, 1.7975907816301364, 1.7348143783809489, 1.7315240694331533, 1.6895662735058539, 1.6282699124985978, 1.6177675529599216, 1.5377939674085255, 1.5065173960643785, 1.4961877778916128, 1.447676797946662, 1.4013951159811793, 1.3820991412127874, 1.377124985555886]"
n16_block1_d3_stack_nonlinear_T32_s9401102,16,block,block,1,3,stack_nonlinear,32,9401102,864,48,41472,1,2,4608,0,0,0,0,0,0,"[0.0, 0.0, 0.0, 0.0, 0.0, 0.0, 0.0, 0.0, 0.0, 0.0, 0.0, 0.0, 0.0, 0.0, 0.0, 0.0]"
n16_block1_d3_stack_nonlinear_T32_s9401102,16,block,block,1,3,stack_nonlinear,32,9401102,864,48,41472,1,3,4608,0,0,0,0,0,0,"[0.0, 0.0, 0.0, 0.0, 0.0, 0.0, 0.0, 0.0, 0.0, 0.0, 0.0, 0.0, 0.0, 0.0, 0.0, 0.0]"
n16_block1_d3_stack_nonlinear_T32_s9401102,16,block,block,1,3,stack_nonlinear,32,9401102,864,48,41472,2,1,4608,4608,4608,4608,16,16,16,"[1.828927292319381, 1.6776526911144842, 1.4930307204414979, 1.4491217338957245, 1.1045295808076143, 1.011835233291102, 0.8717155047230674, 0.808782082756729, 0.6749582588580813, 0.6410393888485449, 0.4112560354136281, 0.36537054948700887, 0.32510899408269717, 0.2259472993158927, 0.1284767050003493, 0.03960211499947326]"
n16_block1_d3_stack_nonlinear_T32_s9401102,16,block,block,1,3,stack_nonlinear,32,9401102,864,48,41472,2,2,4608,288,288,288,16,16,16,"[1.9825060019592415, 1.8708999537103408, 1.7605609092008176, 1.6349022782683347, 1.5836884262169806, 1.5751055633732276, 1.4794541052425219, 1.4401471779005612, 1.433017197787589, 1.4219238316587712, 1.414012785554944, 1.372007893821476, 1.3657927218441288, 1.3611458476256237, 1.3560558912728933, 1.3449410821917394]"
n16_block1_d3_stack_nonlinear_T32_s9401102,16,block,block,1,3,stack_nonlinear,32,9401102,864,48,41472,2,3,4608,0,0,0,0,0,0,"[0.0, 0.0, 0.0, 0.0, 0.0, 0.0, 0.0, 0.0, 0.0, 0.0, 0.0, 0.0, 0.0, 0.0, 0.0, 0.0]"
n16_block1_d3_stack_nonlinear_T32_s9401102,16,block,block,1,3,stack_nonlinear,32,9401102,864,48,41472,3,1,4608,4608,4608,4608,16,16,16,"[1.4187309515469795, 1.279041026494095, 0.8552937635121752, 0.703085051703278, 0.6640492734337566, 0.6093168709640207, 0.47722916260879183, 0.41600361390539586, 0.29331998348833543, 0.18346357813668324, 0.1494120878521005, 0.11272882313801573, 0.06280357031166693, 0.05878709601250948, 0.026102285842308056, 0.019840446728657916]"
n16_block1_d3_stack_nonlinear_T32_s9401102,16,block,block,1,3,stack_nonlinear,32,9401102,864,48,41472,3,2,4608,4608,4608,4608,16,16,16,"[1.7096248197862722, 1.5371482123333782, 1.3878876843078778, 1.1420407175728784, 1.0734688241498929, 1.0096703936900695, 0.9440475859112745, 0.7705423286412241, 0.6679612805487869, 0.5772715274593996, 0.525144678573579, 0.39697467904984185, 0.2721028178608382, 0.20478939213265854, 0.12912879835822536, 0.02114876866312059]"
n16_block1_d3_stack_nonlinear_T32_s9401102,16,block,block,1,3,stack_nonlinear,32,9401102,864,48,41472,3,3,4608,288,288,288,16,16,16,"[1.9676723649095529, 1.9470410282166553, 1.8747224914471436, 1.7609889875567577, 1.723545759435975, 1.605495550772109, 1.5667654205122754, 1.516280116897142, 1.4233601291603923, 1.4139954870972928, 1.3827464545412262, 1.3744612510467817, 1.3625518812039823, 1.3506624204970208, 1.343891101109198, 1.3378053232640053]"
n16_block1_d3_stack_nonlinear_T32_s9401103,16,block,block,1,3,stack_nonlinear,32,9401103,864,48,41472,1,1,4608,288,288,288,16,16,16,"[2.0064117300405835, 1.9896265548103664, 1.866022897447346, 1.7899282319515704, 1.7232729808020903, 1.696797778228099, 1.695713561549685, 1.6515617109349798, 1.631000132854321, 1.581349678298177, 1.5421917937314193, 1.5021450161407233, 1.478260435389201, 1.4436427093412338, 1.4386630231637234, 1.3428933616816547]"
n16_block1_d3_stack_nonlinear_T32_s9401103,16,block,block,1,3,stack_nonlinear,32,9401103,864,48,41472,1,2,4608,0,0,0,0,0,0,"[0.0, 0.0, 0.0, 0.0, 0.0, 0.0, 0.0, 0.0, 0.0, 0.0, 0.0, 0.0, 0.0, 0.0, 0.0, 0.0]"
n16_block1_d3_stack_nonlinear_T32_s9401103,16,block,block,1,3,stack_nonlinear,32,9401103,864,48,41472,1,3,4608,0,0,0,0,0,0,"[0.0, 0.0, 0.0, 0.0, 0.0, 0.0, 0.0, 0.0, 0.0, 0.0, 0.0, 0.0, 0.0, 0.0, 0.0, 0.0]"
n16_block1_d3_stack_nonlinear_T32_s9401103,16,block,block,1,3,stack_nonlinear,32,9401103,864,48,41472,2,1,4608,4608,4608,4608,16,16,16,"[2.006275006167671, 1.7920933024399104, 1.5820947568491748, 1.4177323393966212, 1.3014937642443478, 1.2535689887236101, 1.0488635330588245, 0.8563342786018316, 0.8060400927289773, 0.755246797368218, 0.5439953944719129, 0.4410794560806726, 0.40450075261026375, 0.2880296321410076, 0.05046321489389804, 0.029078375177811963]"
n16_block1_d3_stack_nonlinear_T32_s9401103,16,block,block,1,3,stack_nonlinear,32,9401103,864,48,41472,2,2,4608,288,288,288,16,16,16,"[1.9653103092389566, 1.9451851101890543, 1.88916240027399, 1.8301208396381892, 1.7814862203545072, 1.7667522545758283, 1.7212457797330893, 1.6977420411100321, 1.6952017282596572, 1.689729059952141, 1.67115450401887, 1.60997878211951, 1.5958871942347377, 1.5248950759179938, 1.500352639064869, 1.3434470846509374]"
n16_block1_d3_stack_nonlinear_T32_s9401103,16,block,block,1,3,stack_nonlinear,32,9401103,864,48,41472,2,3,4608,0,0,0,0,0,0,"[0.0, 0.0, 0.0, 0.0, 0.0, 0.0, 0.0, 0.0, 0.0, 0.0, 0.0, 0.0, 0.0, 0.0, 0.0, 0.0]"
n16_block1_d3_stack_nonlinear_T32_s9401103,16,block,block,1,3,stack_nonlinear,32,9401103,864,48,41472,3,1,4608,4608,4608,4608,16,16,16,"[1.4956843552669767, 1.2138977206833992, 0.8878727666593781, 0.7341253173404904, 0.7194355529131901, 0.6722882816178309, 0.5452423302693535, 0.4670484840473775, 0.36006927257942195, 0.2864035480466516, 0.1704151510084643, 0.15222230060802083, 0.07646281376279809, 0.04879931964094424, 0.019468805267030875, 0.013006829704324818]"
n16_block1_d3_stack_nonlinear_T32_s9401103,16,block,block,1,3,stack_nonlinear,32,9401103,864,48,41472,3,2,4608,4608,4608,4608,16,16,16,"[2.067184916517126, 1.8887812760972011, 1.5057296243060627, 1.3728915901454983, 1.2899198222010766, 1.1477844107895792, 1.0425206798915874, 0.9697623912485622, 0.7356400784999451, 0.6859718372640282, 0.5499552675371688, 0.48961078898071997, 0.4489405775420857, 0.2459809896535801, 0.1501030457821998, 0.015660623198608215]"
n16_block1_d3_stack_nonlinear_T32_s9401103,16,block,block,1,3,stack_nonlinear,32,9401103,864,48,41472,3,3,4608,288,288,288,16,16,16,"[2.065838082572344, 1.9649722393325695, 1.9409066584323071, 1.8940081799713133, 1.8767509070389676, 1.8171541394219948, 1.7233616288882034, 1.708841963478737, 1.601455315780136, 1.5908333668456875, 1.5846773783735861, 1.4984734207650348, 1.4654028795988514, 1.428137915927073, 1.3608147695796353, 1.3449919998928122]"
n16_block1_d3_stack_nonlinear_T32_s9401104,16,block,block,1,3,stack_nonlinear,32,9401104,864,48,41472,1,1,4608,288,288,288,16,16,16,"[2.069216446592637, 1.9359422205126868, 1.9114004180615687, 1.9068637055078403, 1.879768866726413, 1.8065972266382213, 1.7736793470379064, 1.727098537116585, 1.697351146332793, 1.6800071853557887, 1.663294373013303, 1.6418493808842012, 1.5823417495017023, 1.4987215312638584, 1.4911998566625702, 1.4876417845069425]"
n16_block1_d3_stack_nonlinear_T32_s9401104,16,block,block,1,3,stack_nonlinear,32,9401104,864,48,41472,1,2,4608,0,0,0,0,0,0,"[0.0, 0.0, 0.0, 0.0, 0.0, 0.0, 0.0, 0.0, 0.0, 0.0, 0.0, 0.0, 0.0, 0.0, 0.0, 0.0]"
n16_block1_d3_stack_nonlinear_T32_s9401104,16,block,block,1,3,stack_nonlinear,32,9401104,864,48,41472,1,3,4608,0,0,0,0,0,0,"[0.0, 0.0, 0.0, 0.0, 0.0, 0.0, 0.0, 0.0, 0.0, 0.0, 0.0, 0.0, 0.0, 0.0, 0.0, 0.0]"
n16_block1_d3_stack_nonlinear_T32_s9401104,16,block,block,1,3,stack_nonlinear,32,9401104,864,48,41472,2,1,4608,4608,4608,4608,16,16,16,"[1.8688448385494685, 1.5757802638738136, 1.5393515390612962, 1.3881322955878614, 1.1980209814235863, 1.1560896472457294, 0.9433861911621039, 0.8668708187096494, 0.8376223683308943, 0.7598800155396747, 0.6214071988163379, 0.45848639318713846, 0.36740545276998915, 0.2676241185345717, 0.1330703353734162, 0.04765433080396216]"
n16_block1_d3_stack_nonlinear_T32_s9401104,16,block,block,1,3,stack_nonlinear,32,9401104,864,48,41472,2,2,4608,288,288,288,16,16,16,"[2.026468686223667, 1.963877644801684, 1.9171698740829661, 1.7475524181214823, 1.7319217699983405, 1.651201615943856, 1.5497529968331247, 1.519057298611708, 1.4629350150508678, 1.4407047936293482, 1.4321798819679006, 1.4271962109180618, 1.4262626621533847, 1.4075022707228242, 1.3799140174149063, 1.3693979474797644]"
n16_block1_d3_stack_nonlinear_T32_s9401104,16,block,block,1,3,stack_nonlinear,32,9401104,864,48,41472,2,3,4608,0,0,0,0,0,0,"[0.0, 0.0, 0.0, 0.0, 0.0, 0.0, 0.0, 0.0, 0.0, 0.0, 0.0, 0.0, 0.0, 0.0, 0.0, 0.0]"
n16_block1_d3_stack_nonlinear_T32_s9401104,16,block,block,1,3,stack_nonlinear,32,9401104,864,48,41472,3,1,4608,4608,4608,4608,16,16,16,"[1.17150507736628, 1.005547565519769, 0.8779649783965383, 0.7685602840170805, 0.5900374475823539, 0.5339451691943804, 0.43092947961571, 0.41721314908138907, 0.24967364457501123, 0.23260648835268938, 0.19127565372420502, 0.10408741274136828, 0.05122833826260087, 0.034983804637704626, 0.021720656669494274, 0.0129740147777115]"
n16_block1_d3_stack_nonlinear_T32_s9401104,16,block,block,1,3,stack_nonlinear,32,9401104,864,48,41472,3,2,4608,4608,4608,4608,16,16,16,"[1.825984643629545, 1.3701334607898248, 1.2537672586203426, 1.0468130896340346, 1.0160489049774206, 0.8628597184003071, 0.7916606523567422, 0.6590102075966541, 0.5728698770195576, 0.5627976473769988, 0.43932086203629234, 0.3643462024583009, 0.20141400300394502, 0.1671118645751183, 0.07155636740263183, 0.059115579653806274]"
n16_block1_d3_stack_nonlinear_T32_s9401104,16,block,block,1,3,stack_nonlinear,32,9401104,864,48,41472,3,3,4608,288,288,288,16,16,16,"[1.9104822414919933, 1.8231304841353628, 1.7468598307127006, 1.734708044242529, 1.6288751052836812, 1.595893494224019, 1.5251915176767437, 1.4571154236197073, 1.4212143815996228, 1.4144307754430467, 1.3938222687886543, 1.346908163063982, 1.3347177840162523, 1.330260941739573, 1.3023084885863832, 1.2997849574551044]"
n16_block1_d3_stack_nonlinear_T128_s9401100,16,block,block,1,3,stack_nonlinear,128,9401100,864,48,41472,1,1,4608,288,288,288,16,16,16,"[2.081375007210637, 2.0750195295604748, 1.9864654898668423, 1.9703976818919609, 1.9465449248282776, 1.8771709116640016, 1.8546730352365386, 1.820888568920763, 1.75802352189536, 1.6040204113417935, 1.601559536092855, 1.5748769170161308, 1.5311598936598718, 1.5167747418015742, 1.4932303100712894, 1.4868927888888637]"
n16_block1_d3_stack_nonlinear_T128_s9401100,16,block,block,1,3,stack_nonlinear,128,9401100,864,48,41472,1,2,4608,0,0,0,0,0,0,"[0.0, 0.0, 0.0, 0.0, 0.0, 0.0, 0.0, 0.0, 0.0, 0.0, 0.0, 0.0, 0.0, 0.0, 0.0, 0.0]"
n16_block1_d3_stack_nonlinear_T128_s9401100,16,block,block,1,3,stack_nonlinear,128,9401100,864,48,41472,1,3,4608,0,0,0,0,0,0,"[0.0, 0.0, 0.0, 0.0, 0.0, 0.0, 0.0, 0.0, 0.0, 0.0, 0.0, 0.0, 0.0, 0.0, 0.0, 0.0]"
n16_block1_d3_stack_nonlinear_T128_s9401100,16,block,block,1,3,stack_nonlinear,128,9401100,864,48,41472,2,1,4608,4608,4608,4608,16,16,16,"[2.1709900145941066, 1.8635891157630715, 1.5644518683177262, 1.4715142976451123, 1.184691521587926, 1.113857596780806, 0.9306893759776353, 0.8696585994941087, 0.7765693405573518, 0.6673660413445797, 0.6054705362580529, 0.5067489426619645, 0.3185723082779408, 0.22729529103599727, 0.13624450603405314, 0.06229705193814395]"
n16_block1_d3_stack_nonlinear_T128_s9401100,16,block,block,1,3,stack_nonlinear,128,9401100,864,48,41472,2,2,4608,288,288,288,16,16,16,"[2.0848688260228667, 2.0505812902728655, 2.0320513640093663, 2.0117569304193648, 1.9901391387702627, 1.9276959169232324, 1.9194934125989873, 1.9069548001966514, 1.7931740584047717, 1.7770240879448251, 1.7137804974100848, 1.6433810732156837, 1.6153211400421388, 1.6114825285201047, 1.4153690932537595, 1.37757357270217]"
n16_block1_d3_stack_nonlinear_T128_s9401100,16,block,block,1,3,stack_nonlinear,128,9401100,864,48,41472,2,3,4608,0,0,0,0,0,0,"[0.0, 0.0, 0.0, 0.0, 0.0, 0.0, 0.0, 0.0, 0.0, 0.0, 0.0, 0.0, 0.0, 0.0, 0.0, 0.0]"
n16_block1_d3_stack_nonlinear_T128_s9401100,16,block,block,1,3,stack_nonlinear,128,9401100,864,48,41472,3,1,4608,4608,4608,4608,16,16,16,"[1.3872859126797439, 1.3385893509107183, 0.9192242421134217, 0.7183714539223093, 0.6517607896013343, 0.5832815631206565, 0.49287573430328013, 0.37542737818132466, 0.350361526842731, 0.24951764902193377, 0.18679216992049485, 0.1327460067831672, 0.0690341076467125, 0.033298890703788615, 0.021647962707494743, 0.019338786611046436]"
n16_block1_d3_stack_nonlinear_T128_s9401100,16,block,block,1,3,stack_nonlinear,128,9401100,864,48,41472,3,2,4608,4608,4608,4608,16,16,16,"[1.9914208628579972, 1.656150746987708, 1.5772962045048322, 1.4783135304272637, 1.227154729522887, 1.0793868857051558, 0.9532270772043602, 0.8480677900858827, 0.7945482277994534, 0.6800480760899257, 0.6183198936791313, 0.5253175091253846, 0.3648274340291648, 0.25264290654953137, 0.15257789043066483, 0.07681197365525806]"
n16_block1_d3_stack_nonlinear_T128_s9401100,16,block,block,1,3,stack_nonlinear,128,9401100,864,48,41472,3,3,4608,288,288,288,16,16,16,"[1.9480780807060047, 1.7429429630113549, 1.7282672072167178, 1.7121297465028156, 1.6499858029548076, 1.6393255765240264, 1.6374570178745094, 1.6157351474868176, 1.613919638219995, 1.5939737703476693, 1.4797029883825874, 1.4746518340114192, 1.4554835933886172, 1.4269943588616798, 1.4263812563314258, 1.2841217859756748]"
n16_block1_d3_stack_nonlinear_T128_s9401101,16,block,block,1,3,stack_nonlinear,128,9401101,864,48,41472,1,1,4608,288,288,288,16,16,16,"[2.0565927720272508, 2.042804918376067, 1.883695955850828, 1.8604164389765143, 1.8304973023366364, 1.8155840290000247, 1.7446979433637175, 1.6919949484507923, 1.6730296278900156, 1.619554706894948, 1.591952737746782, 1.510684031690069, 1.4790845936426495, 1.4697556761545973, 1.4550687964831968, 1.3997535938247885]"
n16_block1_d3_stack_nonlinear_T128_s9401101,16,block,block,1,3,stack_nonlinear,128,9401101,864,48,41472,1,2,4608,0,0,0,0,0,0,"[0.0, 0.0, 0.0, 0.0, 0.0, 0.0, 0.0, 0.0, 0.0, 0.0, 0.0, 0.0, 0.0, 0.0, 0.0, 0.0]"
n16_block1_d3_stack_nonlinear_T128_s9401101,16,block,block,1,3,stack_nonlinear,128,9401101,864,48,41472,1,3,4608,0,0,0,0,0,0,"[0.0, 0.0, 0.0, 0.0, 0.0, 0.0, 0.0, 0.0, 0.0, 0.0, 0.0, 0.0, 0.0, 0.0, 0.0, 0.0]"
n16_block1_d3_stack_nonlinear_T128_s9401101,16,block,block,1,3,stack_nonlinear,128,9401101,864,48,41472,2,1,4608,4608,4608,4608,16,16,16,"[1.9740517560229576, 1.7908316520151506, 1.4688744920473322, 1.350325096968892, 1.2478526433385846, 1.18842679547796, 1.0640855857790528, 0.960517510720897, 0.7302338616029718, 0.65756149034011, 0.574904174729521, 0.4522944519722497, 0.4031470672364049, 0.22307329286470554, 0.09714245465359252, 0.0740374213950245]"
n16_block1_d3_stack_nonlinear_T128_s9401101,16,block,block,1,3,stack_nonlinear,128,9401101,864,48,41472,2,2,4608,288,288,288,16,16,16,"[1.9416459777793527, 1.89473832494422, 1.8075914014919108, 1.713206022106534, 1.6177007353149324, 1.6115806111576676, 1.6094958100811576, 1.4954568851364365, 1.4904237337497297, 1.475801902622067, 1.4697456561621758, 1.4475114942103993, 1.4344476384796854, 1.3346155218535294, 1.3221784726297892, 1.318764798650125]"
n16_block1_d3_stack_nonlinear_T128_s9401101,16,block,block,1,3,stack_nonlinear,128,9401101,864,48,41472,2,3,4608,0,0,0,0,0,0,"[0.0, 0.0, 0.0, 0.0, 0.0, 0.0, 0.0, 0.0, 0.0, 0.0, 0.0, 0.0, 0.0, 0.0, 0.0, 0.0]"
n16_block1_d3_stack_nonlinear_T128_s9401101,16,block,block,1,3,stack_nonlinear,128,9401101,864,48,41472,3,1,4608,4608,4608,4608,16,16,16,"[1.6141054633889618, 1.0215792870871123, 0.9642241896444357, 0.7616092287162437, 0.6239819613158331, 0.6003435757739486, 0.4768527825501367, 0.3378032446952954, 0.25756320942452376, 0.2342959809373905, 0.2105056417707719, 0.10128732303185713, 0.04909809965330034, 0.03623095618520646, 0.016728708674247555, 0.01223180231734392]"
n16_block1_d3_stack_nonlinear_T128_s9401101,16,block,block,1,3,stack_nonlinear,128,9401101,864,48,41472,3,2,4608,4608,4608,4608,16,16,16,"[1.655642312990494, 1.5760992965844625, 1.4029869564646325, 1.2023138587289461, 1.0149372935667773, 0.9170379928129153, 0.8431022029457462, 0.7329867530670587, 0.6404269401265286, 0.570622890446316, 0.4276447870654312, 0.36079948248052723, 0.2225535686638514, 0.09719931665978741, 0.06234038509955763, 0.04697053319557481]"
n16_block1_d3_stack_nonlinear_T128_s9401101,16,block,block,1,3,stack_nonlinear,128,9401101,864,48,41472,3,3,4608,288,288,288,16,16,16,"[1.8480124637720767, 1.7897390221720149, 1.783029449587847, 1.6775177004490363, 1.663764460883603, 1.655567916968562, 1.655541574623044, 1.6074918943887753, 1.508687594632605, 1.4763906175509225, 1.4039681902982803, 1.394841896528148, 1.3677903562632638, 1.3273412518660423, 1.2963877448392984, 1.2797466122425336]"
n16_block1_d3_stack_nonlinear_T128_s9401102,16,block,block,1,3,stack_nonlinear,128,9401102,864,48,41472,1,1,4608,288,288,288,16,16,16,"[2.0076268421878325, 1.9701638933608205, 1.9445078745754965, 1.8522819495610447, 1.8215047933813882, 1.7905205773124127, 1.7102012896513286, 1.696507365377754, 1.6775368853729868, 1.597388828526479, 1.5574937054948508, 1.557132802755077, 1.5048549445772892, 1.4706524074756042, 1.4538592438596771, 1.4438666120284016]"
n16_block1_d3_stack_nonlinear_T128_s9401102,16,block,block,1,3,stack_nonlinear,128,9401102,864,48,41472,1,2,4608,0,0,0,0,0,0,"[0.0, 0.0, 0.0, 0.0, 0.0, 0.0, 0.0, 0.0, 0.0, 0.0, 0.0, 0.0, 0.0, 0.0, 0.0, 0.0]"
n16_block1_d3_stack_nonlinear_T128_s9401102,16,block,block,1,3,stack_nonlinear,128,9401102,864,48,41472,1,3,4608,0,0,0,0,0,0,"[0.0, 0.0, 0.0, 0.0, 0.0, 0.0, 0.0, 0.0, 0.0, 0.0, 0.0, 0.0, 0.0, 0.0, 0.0, 0.0]"
n16_block1_d3_stack_nonlinear_T128_s9401102,16,block,block,1,3,stack_nonlinear,128,9401102,864,48,41472,2,1,4608,4608,4608,4608,16,16,16,"[1.856186146190923, 1.689618506700114, 1.5231358385574374, 1.4710396425686998, 1.1346384353411005, 1.0493983556581803, 0.8919003926132901, 0.822400091277517, 0.6921388911458297, 0.6612036503631497, 0.419001486359334, 0.37636659893248003, 0.3303186326876166, 0.23049160923515513, 0.1318034180573408, 0.036944502197651205]"
n16_block1_d3_stack_nonlinear_T128_s9401102,16,block,block,1,3,stack_nonlinear,128,9401102,864,48,41472,2,2,4608,288,288,288,16,16,16,"[1.9723300798632533, 1.8588689487959553, 1.765308900162317, 1.6376173344880993, 1.5875732678706564, 1.5871130789860863, 1.504178998160447, 1.4557000770904305, 1.4465254135397214, 1.442073039813986, 1.4325318611369373, 1.379030136535153, 1.3786317094646199, 1.370098294331399, 1.363540900093359, 1.3497302123531456]"
n16_block1_d3_stack_nonlinear_T128_s9401102,16,block,block,1,3,stack_nonlinear,128,9401102,864,48,41472,2,3,4608,0,0,0,0,0,0,"[0.0, 0.0, 0.0, 0.0, 0.0, 0.0, 0.0, 0.0, 0.0, 0.0, 0.0, 0.0, 0.0, 0.0, 0.0, 0.0]"
n16_block1_d3_stack_nonlinear_T128_s9401102,16,block,block,1,3,stack_nonlinear,128,9401102,864,48,41472,3,1,4608,4608,4608,4608,16,16,16,"[1.4302324741003543, 1.2647077185172317, 0.8677909249068794, 0.7171820007901889, 0.6693894630247335, 0.6293604452030889, 0.4807905549663942, 0.4203600768173855, 0.2954181821464354, 0.1867040640955245, 0.15176302206448342, 0.1164982696859414, 0.06356559528128355, 0.060073870241287304, 0.02948704559294602, 0.02002926417503265]"
n16_block1_d3_stack_nonlinear_T128_s9401102,16,block,block,1,3,stack_nonlinear,128,9401102,864,48,41472,3,2,4608,4608,4608,4608,16,16,16,"[1.7058717265738694, 1.5261176689066236, 1.3945954555069398, 1.13787087566853, 1.0698655844142042, 1.0090583079217745, 0.9502844100719653, 0.772233592003268, 0.6665124359351974, 0.5792190160777426, 0.5267675741193653, 0.39592881838229343, 0.2748641962405767, 0.20390208901777962, 0.12962250345102502, 0.023116382719508093]"
n16_block1_d3_stack_nonlinear_T128_s9401102,16,block,block,1,3,stack_nonlinear,128,9401102,864,48,41472,3,3,4608,288,288,288,16,16,16,"[1.9592156733301163, 1.934889425819902, 1.8701912796989428, 1.7441979504749034, 1.7041498851207044, 1.5895815236442528, 1.5489395144656792, 1.506443351477198, 1.4062699135456243, 1.3982699723285723, 1.368212842004333, 1.3617356262561269, 1.3449131683459, 1.3323724056458013, 1.329570103272778, 1.318227418735137]"
n16_block1_d3_stack_nonlinear_T128_s9401103,16,block,block,1,3,stack_nonlinear,128,9401103,864,48,41472,1,1,4608,288,288,288,16,16,16,"[2.076476380631242, 2.0623950600578342, 1.9162780610005499, 1.8438764012728397, 1.7842066435231496, 1.7431243571607489, 1.7425666408504987, 1.6852284886977018, 1.6500610016813264, 1.6137196987796385, 1.5683751936613393, 1.5554192641132132, 1.4849657526101085, 1.4646417992893035, 1.4597251589532045, 1.4394466605841452]"
n16_block1_d3_stack_nonlinear_T128_s9401103,16,block,block,1,3,stack_nonlinear,128,9401103,864,48,41472,1,2,4608,0,0,0,0,0,0,"[0.0, 0.0, 0.0, 0.0, 0.0, 0.0, 0.0, 0.0, 0.0, 0.0, 0.0, 0.0, 0.0, 0.0, 0.0, 0.0]"
n16_block1_d3_stack_nonlinear_T128_s9401103,16,block,block,1,3,stack_nonlinear,128,9401103,864,48,41472,1,3,4608,0,0,0,0,0,0,"[0.0, 0.0, 0.0, 0.0, 0.0, 0.0, 0.0, 0.0, 0.0, 0.0, 0.0, 0.0, 0.0, 0.0, 0.0, 0.0]"
n16_block1_d3_stack_nonlinear_T128_s9401103,16,block,block,1,3,stack_nonlinear,128,9401103,864,48,41472,2,1,4608,4608,4608,4608,16,16,16,"[2.087187414704791, 1.8465670038282096, 1.6286740902731185, 1.45906682149662, 1.3453890763857417, 1.2824879031412124, 1.0801353618879581, 0.8926361286812692, 0.8239667281609525, 0.7695062222555042, 0.5566513462878017, 0.4531421207279404, 0.4131542818849453, 0.299348178026446, 0.04941865874804547, 0.026143761728453566]"
n16_block1_d3_stack_nonlinear_T128_s9401103,16,block,block,1,3,stack_nonlinear,128,9401103,864,48,41472,2,2,4608,288,288,288,16,16,16,"[1.9850925272138178, 1.9420027742985504, 1.9015781103766938, 1.7992261706570993, 1.773090155349618, 1.7605083541799331, 1.7077720159890442, 1.7025994952088457, 1.6994421002322533, 1.6781763563941965, 1.6644576741720958, 1.6034221793561805, 1.5836136286583573, 1.5107731246590492, 1.4924691984302754, 1.3351115893317653]"
n16_block1_d3_stack_nonlinear_T128_s9401103,16,block,block,1,3,stack_nonlinear,128,9401103,864,48,41472,2,3,4608,0,0,0,0,0,0,"[0.0, 0.0, 0.0, 0.0, 0.0, 0.0, 0.0, 0.0, 0.0, 0.0, 0.0, 0.0, 0.0, 0.0, 0.0, 0.0]"
n16_block1_d3_stack_nonlinear_T128_s9401103,16,block,block,1,3,stack_nonlinear,128,9401103,864,48,41472,3,1,4608,4608,4608,4608,16,16,16,"[1.5542346210303604, 1.2531808393998636, 0.9038014937884579, 0.7523736527575855, 0.7314084930372056, 0.6842651299915702, 0.5619461565467596, 0.4710378233497215, 0.3637734535924315, 0.2941896345143884, 0.17603525960589925, 0.15561864852052376, 0.07707127267211263, 0.04791996990777474, 0.017530174932753526, 0.012269694409564623]"
n16_block1_d3_stack_nonlinear_T128_s9401103,16,block,block,1,3,stack_nonlinear,128,9401103,864,48,41472,3,2,4608,4608,4608,4608,16,16,16,"[2.052878878680857, 1.8871894567503218, 1.4964288092127247, 1.3675268624291992, 1.2974850568883944, 1.138675265966972, 1.0335935741201283, 0.9591822063497467, 0.7336671491395874, 0.6828464853356138, 0.5509444267524869, 0.4896958463354728, 0.44470511927869383, 0.24400874321546392, 0.14900428954203374, 0.012417463932247297]"
n16_block1_d3_stack_nonlinear_T128_s9401103,16,block,block,1,3,stack_nonlinear,128,9401103,864,48,41472,3,3,4608,288,288,288,16,16,16,"[2.0681527745086856, 1.9634046511884748, 1.9419926697203818, 1.8961200515851495, 1.8697273742823006, 1.8151679186846295, 1.720531373710504, 1.7147824361205477, 1.6034244016931503, 1.59851768512399, 1.5950212605657426, 1.4976519329342246, 1.4652522904015102, 1.425520131941986, 1.36041673901053, 1.352299641945258]"
n16_block1_d3_stack_nonlinear_T128_s9401104,16,block,block,1,3,stack_nonlinear,128,9401104,864,48,41472,1,1,4608,288,288,288,16,16,16,"[2.170071041696587, 1.9918016742941407, 1.987307739445582, 1.9741742680262213, 1.9159079813356583, 1.912154574776967, 1.8138882111108754, 1.7907587705139918, 1.778672655283477, 1.7509226608363153, 1.7392647404282464, 1.6972444682727508, 1.602889893567341, 1.5916372229214044, 1.5460619926652173, 1.5314388443679796]"
n16_block1_d3_stack_nonlinear_T128_s9401104,16,block,block,1,3,stack_nonlinear,128,9401104,864,48,41472,1,2,4608,0,0,0,0,0,0,"[0.0, 0.0, 0.0, 0.0, 0.0, 0.0, 0.0, 0.0, 0.0, 0.0, 0.0, 0.0, 0.0, 0.0, 0.0, 0.0]"
n16_block1_d3_stack_nonlinear_T128_s9401104,16,block,block,1,3,stack_nonlinear,128,9401104,864,48,41472,1,3,4608,0,0,0,0,0,0,"[0.0, 0.0, 0.0, 0.0, 0.0, 0.0, 0.0, 0.0, 0.0, 0.0, 0.0, 0.0, 0.0, 0.0, 0.0, 0.0]"
n16_block1_d3_stack_nonlinear_T128_s9401104,16,block,block,1,3,stack_nonlinear,128,9401104,864,48,41472,2,1,4608,4608,4608,4608,16,16,16,"[1.9600873433913384, 1.6588931201909567, 1.5963323070601811, 1.4540619879301675, 1.2442111518626, 1.2055534533127419, 0.9829452438050921, 0.8970260779400396, 0.8713709177527321, 0.7925899851012769, 0.6531775206695237, 0.4669859223003712, 0.38577370870269573, 0.27919830854051003, 0.13590119066323952, 0.042775268581183745]"
n16_block1_d3_stack_nonlinear_T128_s9401104,16,block,block,1,3,stack_nonlinear,128,9401104,864,48,41472,2,2,4608,288,288,288,16,16,16,"[2.031611311536524, 1.9364481129449753, 1.897475103243044, 1.7338234165687674, 1.727102926559534, 1.6238169864821368, 1.533045732107423, 1.507020340676662, 1.4403960958294837, 1.4298815949713783, 1.428887130223368, 1.4114504148729474, 1.4004513198612407, 1.3967869153650434, 1.3678554632548579, 1.3475308013335536]"
n16_block1_d3_stack_nonlinear_T128_s9401104,16,block,block,1,3,stack_nonlinear,128,9401104,864,48,41472,2,3,4608,0,0,0,0,0,0,"[0.0, 0.0, 0.0, 0.0, 0.0, 0.0, 0.0, 0.0, 0.0, 0.0, 0.0, 0.0, 0.0, 0.0, 0.0, 0.0]"
n16_block1_d3_stack_nonlinear_T128_s9401104,16,block,block,1,3,stack_nonlinear,128,9401104,864,48,41472,3,1,4608,4608,4608,4608,16,16,16,"[1.2084905066480984, 1.0436571886316266, 0.9300231131096046, 0.8061419657498413, 0.6130961468589013, 0.5505677466887788, 0.45475649209033364, 0.4330563373191028, 0.2587945173808948, 0.233570954726259, 0.19569782616585987, 0.10876242875398598, 0.05256041870407926, 0.03594477112118863, 0.02148666272376782, 0.012868243517221892]"
n16_block1_d3_stack_nonlinear_T128_s9401104,16,block,block,1,3,stack_nonlinear,128,9401104,864,48,41472,3,2,4608,4608,4608,4608,16,16,16,"[1.804092603401346, 1.3755609286473582, 1.2610250746133917, 1.0421452955887152, 1.0108037996556731, 0.8591545502672427, 0.793146597106909, 0.6592230244125373, 0.5645498802626157, 0.5578396027547177, 0.43674268091195234, 0.3607816037729604, 0.19864869913866376, 0.1666789333234478, 0.07112564350518656, 0.058466618338576935]"
n16_block1_d3_stack_nonlinear_T128_s9401104,16,block,block,1,3,stack_nonlinear,128,9401104,864,48,41472,3,3,4608,288,288,288,16,16,16,"[1.919555235709634, 1.8210766796043407, 1.7523484403967131, 1.7371705132721096, 1.6425124838487961, 1.6017742505760697, 1.5332551487269903, 1.4619487173677013, 1.4261089177548483, 1.4189048959949961, 1.3987711316513234, 1.3526503714317013, 1.3451687326297241, 1.3379661543020025, 1.3097655279087448, 1.3066446790854218]"
n16_block4_d1_stack_nonlinear_T32_s9401100,16,block,block,4,1,stack_nonlinear,32,9401100,336,16,5376,1,1,5376,1344,1344,1344,16,16,16,"[1.8034214174116594, 1.8004672977147504, 1.794465642558881, 1.7928573491657331, 1.028837538799294, 1.0275723937079413, 1.0272529044474787, 1.0204162671715025, 1.016010164694886, 1.0089139954977757, 1.0051304331266606, 0.9907135290287429, 0.9898910655483021, 0.976363332331522, 0.9749425435972183, 0.967590599087501]"
n16_block4_d1_stack_nonlinear_T32_s9401101,16,block,block,4,1,stack_nonlinear,32,9401101,336,16,5376,1,1,5376,1344,1344,1344,16,16,16,"[1.883814051498037, 1.8829648848558316, 1.8790396382043786, 1.875747973672771, 1.125696075603366, 1.1188522790166184, 1.1072184222399724, 1.1062447906005781, 1.096550035398299, 1.0907178925363916, 1.052594436180022, 1.052378676367679, 1.0325502066323193, 1.0290603338610282, 1.028778018045872, 1.025217934038764]"
n16_block4_d1_stack_nonlinear_T32_s9401102,16,block,block,4,1,stack_nonlinear,32,9401102,336,16,5376,1,1,5376,1344,1344,1344,16,16,16,"[1.7719332591809376, 1.7716222253378338, 1.7679346171085095, 1.7658393296015595, 1.1216589223924613, 1.1212688998010107, 1.0992173710161801, 1.0956053000011399, 1.085330131179455, 1.0817828160831122, 1.063107415469841, 1.053305393478844, 0.9886277239950495, 0.9702353546371559, 0.9672875339129244, 0.9515395148876875]"
n16_block4_d1_stack_nonlinear_T32_s9401103,16,block,block,4,1,stack_nonlinear,32,9401103,336,16,5376,1,1,5376,1344,1344,1344,16,16,16,"[1.7904110581366584, 1.7888373469392984, 1.7838727691386214, 1.7835310122766437, 1.1647270928276523, 1.1560987151934823, 1.1527413786627427, 1.1500116665514362, 1.042372614823458, 1.0346348454689698, 1.0341330521423817, 1.029639263078246, 0.9976938770810218, 0.9900247591627095, 0.9896687048536962, 0.9876444880747322]"
n16_block4_d1_stack_nonlinear_T32_s9401104,16,block,block,4,1,stack_nonlinear,32,9401104,336,16,5376,1,1,5376,1344,1344,1344,16,16,16,"[1.8528872798312057, 1.828729246957525, 1.8208679553250902, 1.7890210720906248, 1.310277108322363, 1.3050823989193991, 1.2292097137741906, 1.2268085711299899, 1.2256989501576174, 1.2228355261343906, 1.18839471434235, 1.1673523953344083, 1.1594959438780161, 1.154032574714798, 1.1450621481138816, 1.1249568766250146]"
n16_block4_d1_stack_nonlinear_T128_s9401100,16,block,block,4,1,stack_nonlinear,128,9401100,336,16,5376,1,1,5376,1344,1344,1344,16,16,16,"[1.8650742355519858, 1.8541580716752293, 1.8515987950019854, 1.8446030751763003, 1.1728903128684867, 1.1631344898289704, 1.1071701953985307, 1.0904742187819458, 1.072820219070253, 1.066879294202097, 1.0291327007338882, 1.029088944860229, 1.0263787505305528, 1.0208662156043316, 1.0057007934861175, 0.9923245731490602]"
n16_block4_d1_stack_nonlinear_T128_s9401101,16,block,block,4,1,stack_nonlinear,128,9401101,336,16,5376,1,1,5376,1344,1344,1344,16,16,16,"[1.758341000590577, 1.7549109362156756, 1.7539870573952716, 1.7446605004969258, 1.1362473826228394, 1.1155179954066257, 1.110791759650813, 1.109815905975672, 1.1025210264385152, 1.1001965999506405, 1.0711970369186763, 1.0711170238070402, 1.0661392423201754, 1.0635871458636377, 1.063090412724354, 1.0212446797257897]"
n16_block4_d1_stack_nonlinear_T128_s9401102,16,block,block,4,1,stack_nonlinear,128,9401102,336,16,5376,1,1,5376,1344,1344,1344,16,16,16,"[1.843115780410059, 1.8346543204184824, 1.8332107093512389, 1.8093011580536726, 1.1522579370057566, 1.14953452515216, 1.138342194606915, 1.1320246092596824, 1.1287044262778905, 1.1209708955925897, 1.1187402938308757, 1.0998090818352113, 1.0908875791571515, 1.0837210863251472, 1.0792468586473465, 1.0646965825658101]"
n16_block4_d1_stack_nonlinear_T128_s9401103,16,block,block,4,1,stack_nonlinear,128,9401103,336,16,5376,1,1,5376,1344,1344,1344,16,16,16,"[1.845047518064287, 1.8380276906150665, 1.8317462299763076, 1.8294219166787205, 1.2207683198893535, 1.2072059360699618, 1.1875558048356372, 1.186087826445021, 1.0810762338991826, 1.074014598160607, 1.0717640407135982, 1.068764002207798, 1.0427701678148575, 1.0244920601932066, 1.022672095194583, 1.0138127124802148]"
n16_block4_d1_stack_nonlinear_T128_s9401104,16,block,block,4,1,stack_nonlinear,128,9401104,336,16,5376,1,1,5376,1344,1344,1344,16,16,16,"[1.9175805409789581, 1.9142434823244698, 1.912972906926125, 1.8939941882889613, 1.2688472635378831, 1.2551463028256997, 1.1522200047075084, 1.1468960983640377, 1.1444003573865824, 1.1248205413584484, 1.0898921309359832, 1.0865781466034852, 1.0814567629805454, 1.0774341694888772, 1.0757815048861967, 1.0641698373077255]"
n16_block4_d3_stack_nonlinear_T32_s9401100,16,block,block,4,3,stack_nonlinear,32,9401100,1008,48,48384,1,1,5376,1344,1344,1344,16,16,16,"[1.8034214174116594, 1.8004672977147504, 1.794465642558881, 1.7928573491657331, 1.028837538799294, 1.0275723937079413, 1.0272529044474787, 1.0204162671715025, 1.016010164694886, 1.0089139954977757, 1.0051304331266606, 0.9907135290287429, 0.9898910655483021, 0.976363332331522, 0.9749425435972183, 0.967590599087501]"
n16_block4_d3_stack_nonlinear_T32_s9401100,16,block,block,4,3,stack_nonlinear,32,9401100,1008,48,48384,1,2,5376,0,0,0,0,0,0,"[0.0, 0.0, 0.0, 0.0, 0.0, 0.0, 0.0, 0.0, 0.0, 0.0, 0.0, 0.0, 0.0, 0.0, 0.0, 0.0]"
n16_block4_d3_stack_nonlinear_T32_s9401100,16,block,block,4,3,stack_nonlinear,32,9401100,1008,48,48384,1,3,5376,0,0,0,0,0,0,"[0.0, 0.0, 0.0, 0.0, 0.0, 0.0, 0.0, 0.0, 0.0, 0.0, 0.0, 0.0, 0.0, 0.0, 0.0, 0.0]"
n16_block4_d3_stack_nonlinear_T32_s9401100,16,block,block,4,3,stack_nonlinear,32,9401100,1008,48,48384,2,1,5376,5376,5376,5376,16,16,16,"[1.2925755719036462, 1.0898274771047167, 0.8444585977769231, 0.6691090393011151, 0.589769745316355, 0.5270591540057715, 0.4605260187492348, 0.40833077378657495, 0.3406332076524835, 0.31427696748305217, 0.2642928767857122, 0.22641791277448703, 0.2033673444949073, 0.17405984977559402, 0.13004281456348335, 0.11964676257857239]"
n16_block4_d3_stack_nonlinear_T32_s9401100,16,block,block,4,3,stack_nonlinear,32,9401100,1008,48,48384,2,2,5376,1344,1344,1344,16,16,16,"[1.6978202937194748, 1.6942811965423463, 1.6929257022510809, 1.6858080964506443, 0.9102473811097863, 0.9087706802146815, 0.9047790438732808, 0.903837738596327, 0.8558090232667274, 0.8549668247741665, 0.8335530732818812, 0.8308350973318942, 0.827519810879043, 0.8255609242370121, 0.8249804333916013, 0.8243809512262807]"
n16_block4_d3_stack_nonlinear_T32_s9401100,16,block,block,4,3,stack_nonlinear,32,9401100,1008,48,48384,2,3,5376,0,0,0,0,0,0,"[0.0, 0.0, 0.0, 0.0, 0.0, 0.0, 0.0, 0.0, 0.0, 0.0, 0.0, 0.0, 0.0, 0.0, 0.0, 0.0]"
n16_block4_d3_stack_nonlinear_T32_s9401100,16,block,block,4,3,stack_nonlinear,32,9401100,1008,48,48384,3,1,5376,5376,5376,5376,16,16,16,"[0.5138422667239665, 0.4534258234814028, 0.3837083221639144, 0.29619950053941785, 0.24726544696014086, 0.21489974576628548, 0.16391584114774185, 0.13665618317176245, 0.12089683975219191, 0.10344543913107233, 0.08737237510256773, 0.07742318917922342, 0.06865138198900743, 0.05563312206953504, 0.04699996722844246, 0.03693624190817224]"
n16_block4_d3_stack_nonlinear_T32_s9401100,16,block,block,4,3,stack_nonlinear,32,9401100,1008,48,48384,3,2,5376,5376,5376,5376,16,16,16,"[0.9254405929831655, 0.785955896503603, 0.6660115869508838, 0.548562226807728, 0.4673130786766714, 0.407739858596311, 0.39869641108316844, 0.3671043233949605, 0.27863430559328045, 0.2457379790841128, 0.23241838531757297, 0.18123416420067934, 0.15377337202528493, 0.1161227478995347, 0.09716916364727392, 0.08160600636055575]"
n16_block4_d3_stack_nonlinear_T32_s9401100,16,block,block,4,3,stack_nonlinear,32,9401100,1008,48,48384,3,3,5376,1344,1344,1344,16,16,16,"[1.6846263590097381, 1.6841219185140306, 1.68105332648418, 1.6757074499921198, 0.9543548896967521, 0.9527557779236164, 0.8624036963184335, 0.8612572383985668, 0.8199923744244257, 0.8188624292921135, 0.8030445532048072, 0.7971035695381496, 0.7644280515111943, 0.7641370088667637, 0.7625270617142818, 0.7625257175327267]"
n16_block4_d3_stack_nonlinear_T32_s9401101,16,block,block,4,3,stack_nonlinear,32,9401101,1008,48,48384,1,1,5376,1344,1344,1344,16,16,16,"[1.883814051498037, 1.8829648848558316, 1.8790396382043786, 1.875747973672771, 1.125696075603366, 1.1188522790166184, 1.1072184222399724, 1.1062447906005781, 1.096550035398299, 1.0907178925363916, 1.052594436180022, 1.052378676367679, 1.0325502066323193, 1.0290603338610282, 1.028778018045872, 1.025217934038764]"
n16_block4_d3_stack_nonlinear_T32_s9401101,16,block,block,4,3,stack_nonlinear,32,9401101,1008,48,48384,1,2,5376,0,0,0,0,0,0,"[0.0, 0.0, 0.0, 0.0, 0.0, 0.0, 0.0, 0.0, 0.0, 0.0, 0.0, 0.0, 0.0, 0.0, 0.0, 0.0]"
n16_block4_d3_stack_nonlinear_T32_s9401101,16,block,block,4,3,stack_nonlinear,32,9401101,1008,48,48384,1,3,5376,0,0,0,0,0,0,"[0.0, 0.0, 0.0, 0.0, 0.0, 0.0, 0.0, 0.0, 0.0, 0.0, 0.0, 0.0, 0.0, 0.0, 0.0, 0.0]"
n16_block4_d3_stack_nonlinear_T32_s9401101,16,block,block,4,3,stack_nonlinear,32,9401101,1008,48,48384,2,1,5376,5376,5376,5376,16,16,16,"[0.9862843605146826, 0.9497785872164599, 0.7261560540779447, 0.6798333414234916, 0.6243305592694651, 0.5500484620014143, 0.519278304164656, 0.4529411280040257, 0.433791667595354, 0.3736985109228507, 0.3005722810125498, 0.2924779798067512, 0.23243452925153224, 0.19769652292253043, 0.1747405896069481, 0.13130318512316785]"
n16_block4_d3_stack_nonlinear_T32_s9401101,16,block,block,4,3,stack_nonlinear,32,9401101,1008,48,48384,2,2,5376,1344,1344,1344,16,16,16,"[1.69784797035452, 1.6945603321350309, 1.692162756593719, 1.679285861987303, 0.8770638128882229, 0.8761954968127806, 0.8710164351840964, 0.86816102209113, 0.8660192496931267, 0.8639299474674746, 0.856491029540975, 0.8563790629541113, 0.7574787516061139, 0.7559800506074873, 0.7551965848139603, 0.7525083479254787]"
n16_block4_d3_stack_nonlinear_T32_s9401101,16,block,block,4,3,stack_nonlinear,32,9401101,1008,48,48384,2,3,5376,0,0,0,0,0,0,"[0.0, 0.0, 0.0, 0.0, 0.0, 0.0, 0.0, 0.0, 0.0, 0.0, 0.0, 0.0, 0.0, 0.0, 0.0, 0.0]"
n16_block4_d3_stack_nonlinear_T32_s9401101,16,block,block,4,3,stack_nonlinear,32,9401101,1008,48,48384,3,1,5376,5376,5376,5376,16,16,16,"[0.594298057263295, 0.3825599951939511, 0.37474455895659825, 0.2460558334918584, 0.21831803579364797, 0.21513216389593875, 0.18950100479684057, 0.13942167416120277, 0.13611563824376965, 0.11129246569998617, 0.09803189735843913, 0.08450764130528428, 0.0765596757480693, 0.05544109491239855, 0.05070951498624516, 0.0378987434213153]"
n16_block4_d3_stack_nonlinear_T32_s9401101,16,block,block,4,3,stack_nonlinear,32,9401101,1008,48,48384,3,2,5376,5376,5376,5376,16,16,16,"[0.9991329239864378, 0.7889338571442728, 0.6477069494523208, 0.5173111877070588, 0.46942587225428095, 0.39174790708940027, 0.3135224542239556, 0.3036378351911995, 0.2885169563663788, 0.26083176962469967, 0.21504745974268508, 0.15900642767877368, 0.14192494511539525, 0.09377355192959301, 0.07821034542212367, 0.056222877442965453]"
n16_block4_d3_stack_nonlinear_T32_s9401101,16,block,block,4,3,stack_nonlinear,32,9401101,1008,48,48384,3,3,5376,1344,1344,1344,16,16,16,"[1.6888812635370194, 1.6879083541015245, 1.6872581779488613, 1.6872468036609658, 0.9761592541012523, 0.9760040317363222, 0.8189451969409629, 0.8176520615620141, 0.8163503074290474, 0.8161973935354813, 0.7435628588961916, 0.7433240575112116, 0.7332657906478551, 0.7321394398020955, 0.7315409771273172, 0.730550312207528]"
n16_block4_d3_stack_nonlinear_T32_s9401102,16,block,block,4,3,stack_nonlinear,32,9401102,1008,48,48384,1,1,5376,1344,1344,1344,16,16,16,"[1.7719332591809376, 1.7716222253378338, 1.7679346171085095, 1.7658393296015595, 1.1216589223924613, 1.1212688998010107, 1.0992173710161801, 1.0956053000011399, 1.085330131179455, 1.0817828160831122, 1.063107415469841, 1.053305393478844, 0.9886277239950495, 0.9702353546371559, 0.9672875339129244, 0.9515395148876875]"
n16_block4_d3_stack_nonlinear_T32_s9401102,16,block,block,4,3,stack_nonlinear,32,9401102,1008,48,48384,1,2,5376,0,0,0,0,0,0,"[0.0, 0.0, 0.0, 0.0, 0.0, 0.0, 0.0, 0.0, 0.0, 0.0, 0.0, 0.0, 0.0, 0.0, 0.0, 0.0]"
n16_block4_d3_stack_nonlinear_T32_s9401102,16,block,block,4,3,stack_nonlinear,32,9401102,1008,48,48384,1,3,5376,0,0,0,0,0,0,"[0.0, 0.0, 0.0, 0.0, 0.0, 0.0, 0.0, 0.0, 0.0, 0.0, 0.0, 0.0, 0.0, 0.0, 0.0, 0.0]"
n16_block4_d3_stack_nonlinear_T32_s9401102,16,block,block,4,3,stack_nonlinear,32,9401102,1008,48,48384,2,1,5376,5376,5376,5376,16,16,16,"[1.407305800729035, 0.8038584301839021, 0.7390789723383542, 0.731522310256402, 0.5956702418572197, 0.5385087101085413, 0.498011683706537, 0.4624318711563228, 0.4067326316586464, 0.3658722146142531, 0.31271075645986396, 0.28251349651007696, 0.19642627626927603, 0.16513120937696174, 0.11486249362552543, 0.09973484708896142]"
n16_block4_d3_stack_nonlinear_T32_s9401102,16,block,block,4,3,stack_nonlinear,32,9401102,1008,48,48384,2,2,5376,1344,1344,1344,16,16,16,"[1.6912752380772726, 1.6886069854310928, 1.686806921808538, 1.6850231494258288, 1.0038767210205803, 1.0016004659899025, 0.8905686085590304, 0.8899858444751698, 0.8064771918401712, 0.8056875269228619, 0.7938385617998236, 0.7926701937367798, 0.7665376647986738, 0.7640100898947322, 0.7627683623055566, 0.7627119475068923]"
n16_block4_d3_stack_nonlinear_T32_s9401102,16,block,block,4,3,stack_nonlinear,32,9401102,1008,48,48384,2,3,5376,0,0,0,0,0,0,"[0.0, 0.0, 0.0, 0.0, 0.0, 0.0, 0.0, 0.0, 0.0, 0.0, 0.0, 0.0, 0.0, 0.0, 0.0, 0.0]"
n16_block4_d3_stack_nonlinear_T32_s9401102,16,block,block,4,3,stack_nonlinear,32,9401102,1008,48,48384,3,1,5376,5376,5376,5376,16,16,16,"[0.6907914536541887, 0.4191215803271375, 0.3004917208087629, 0.25863727983967283, 0.21495069273560202, 0.16565591780565325, 0.15759313839760383, 0.1459579290156104, 0.1172486353044374, 0.09324185806061594, 0.08355874238796783, 0.061114772901813816, 0.057379570087874615, 0.05136352908509884, 0.036933448603726715, 0.02837036377642025]"
n16_block4_d3_stack_nonlinear_T32_s9401102,16,block,block,4,3,stack_nonlinear,32,9401102,1008,48,48384,3,2,5376,5376,5376,5376,16,16,16,"[1.0015944404034625, 0.9628600161277809, 0.5739952490978254, 0.5326606482659321, 0.4702922557662831, 0.44046972622612646, 0.365927637791337, 0.331588615766713, 0.2526973826317214, 0.21051239985772355, 0.17311467275206902, 0.1386777550332802, 0.11078238152549422, 0.09933371178076128, 0.08938206724423477, 0.0372466381966489]"
n16_block4_d3_stack_nonlinear_T32_s9401102,16,block,block,4,3,stack_nonlinear,32,9401102,1008,48,48384,3,3,5376,1344,1344,1344,16,16,16,"[1.6805521891798385, 1.6787400707327396, 1.678275733205561, 1.6629779425500433, 0.9299501539741535, 0.9260994594045302, 0.85915174272403, 0.8577776656900357, 0.8492974551691473, 0.8492659660870493, 0.8319528265788823, 0.8317010713753212, 0.7363914071538002, 0.7344597992230225, 0.7342561266650008, 0.7332760777564805]"
n16_block4_d3_stack_nonlinear_T32_s9401103,16,block,block,4,3,stack_nonlinear,32,9401103,1008,48,48384,1,1,5376,1344,1344,1344,16,16,16,"[1.7904110581366584, 1.7888373469392984, 1.7838727691386214, 1.7835310122766437, 1.1647270928276523, 1.1560987151934823, 1.1527413786627427, 1.1500116665514362, 1.042372614823458, 1.0346348454689698, 1.0341330521423817, 1.029639263078246, 0.9976938770810218, 0.9900247591627095, 0.9896687048536962, 0.9876444880747322]"
n16_block4_d3_stack_nonlinear_T32_s9401103,16,block,block,4,3,stack_nonlinear,32,9401103,1008,48,48384,1,2,5376,0,0,0,0,0,0,"[0.0, 0.0, 0.0, 0.0, 0.0, 0.0, 0.0, 0.0, 0.0, 0.0, 0.0, 0.0, 0.0, 0.0, 0.0, 0.0]"
n16_block4_d3_stack_nonlinear_T32_s9401103,16,block,block,4,3,stack_nonlinear,32,9401103,1008,48,48384,1,3,5376,0,0,0,0,0,0,"[0.0, 0.0, 0.0, 0.0, 0.0, 0.0, 0.0, 0.0, 0.0, 0.0, 0.0, 0.0, 0.0, 0.0, 0.0, 0.0]"
n16_block4_d3_stack_nonlinear_T32_s9401103,16,block,block,4,3,stack_nonlinear,32,9401103,1008,48,48384,2,1,5376,5376,5376,5376,16,16,16,"[1.1141040304493222, 0.8589784470452518, 0.8012245217532452, 0.6303055971101685, 0.612600147627831, 0.5504524116969673, 0.46866823491946524, 0.406820172688908, 0.36387251755134953, 0.3490172990824599, 0.32233584723004227, 0.2414090097302467, 0.21504916035188984, 0.16194488772566118, 0.13641411211835597, 0.07517773354006205]"
n16_block4_d3_stack_nonlinear_T32_s9401103,16,block,block,4,3,stack_nonlinear,32,9401103,1008,48,48384,2,2,5376,1344,1344,1344,16,16,16,"[1.7017965646327045, 1.7009145395737604, 1.6969331879643736, 1.6867066525502044, 1.0381744875905463, 1.033557782761783, 0.8580984890674289, 0.8570773124882819, 0.8194434229268908, 0.8185039025101226, 0.8007360745238903, 0.8005085113300808, 0.7876168576008085, 0.7869823123877195, 0.7865611818692695, 0.7840457131476786]"
n16_block4_d3_stack_nonlinear_T32_s9401103,16,block,block,4,3,stack_nonlinear,32,9401103,1008,48,48384,2,3,5376,0,0,0,0,0,0,"[0.0, 0.0, 0.0, 0.0, 0.0, 0.0, 0.0, 0.0, 0.0, 0.0, 0.0, 0.0, 0.0, 0.0, 0.0, 0.0]"
n16_block4_d3_stack_nonlinear_T32_s9401103,16,block,block,4,3,stack_nonlinear,32,9401103,1008,48,48384,3,1,5376,5376,5376,5376,16,16,16,"[0.7562365393436775, 0.40473962895265825, 0.35173452797849625, 0.2739203101393068, 0.230114761498547, 0.18836817376041645, 0.16198725422162152, 0.1463415118767255, 0.11025761570806145, 0.10150824559937817, 0.09712766198623027, 0.08832069459040173, 0.0574528177687187, 0.04903728898997299, 0.04641885555055177, 0.04055751466525325]"
n16_block4_d3_stack_nonlinear_T32_s9401103,16,block,block,4,3,stack_nonlinear,32,9401103,1008,48,48384,3,2,5376,5376,5376,5376,16,16,16,"[1.2905089173920692, 1.0534358798824368, 0.7750963007079654, 0.7093011346550039, 0.40238732633336394, 0.3839561074496282, 0.3528299907278491, 0.30699103718875054, 0.2659349049168088, 0.23998475074966671, 0.20207505066927153, 0.1393240191405581, 0.11752911139535602, 0.09668813650443313, 0.07638873990424992, 0.052455872892270924]"
n16_block4_d3_stack_nonlinear_T32_s9401103,16,block,block,4,3,stack_nonlinear,32,9401103,1008,48,48384,3,3,5376,1344,1344,1344,16,16,16,"[1.686093363500807, 1.6854309468149813, 1.6846374205781636, 1.6605734379321402, 0.9676867941690539, 0.9665468143469522, 0.8177818858974618, 0.8173137331417454, 0.7979925311821536, 0.7943922822661159, 0.766962635767157, 0.7664886320670089, 0.7393049064461213, 0.735171431723226, 0.7340404844952613, 0.7334738627531779]"
n16_block4_d3_stack_nonlinear_T32_s9401104,16,block,block,4,3,stack_nonlinear,32,9401104,1008,48,48384,1,1,5376,1344,1344,1344,16,16,16,"[1.8528872798312057, 1.828729246957525, 1.8208679553250902, 1.7890210720906248, 1.310277108322363, 1.3050823989193991, 1.2292097137741906, 1.2268085711299899, 1.2256989501576174, 1.2228355261343906, 1.18839471434235, 1.1673523953344083, 1.1594959438780161, 1.154032574714798, 1.1450621481138816, 1.1249568766250146]"
n16_block4_d3_stack_nonlinear_T32_s9401104,16,block,block,4,3,stack_nonlinear,32,9401104,1008,48,48384,1,2,5376,0,0,0,0,0,0,"[0.0, 0.0, 0.0, 0.0, 0.0, 0.0, 0.0, 0.0, 0.0, 0.0, 0.0, 0.0, 0.0, 0.0, 0.0, 0.0]"
n16_block4_d3_stack_nonlinear_T32_s9401104,16,block,block,4,3,stack_nonlinear,32,9401104,1008,48,48384,1,3,5376,0,0,0,0,0,0,"[0.0, 0.0, 0.0, 0.0, 0.0, 0.0, 0.0, 0.0, 0.0, 0.0, 0.0, 0.0, 0.0, 0.0, 0.0, 0.0]"
n16_block4_d3_stack_nonlinear_T32_s9401104,16,block,block,4,3,stack_nonlinear,32,9401104,1008,48,48384,2,1,5376,5376,5376,5376,16,16,16,"[1.1902724049279694, 1.0509817456679185, 0.9432099215827798, 0.7267524081534501, 0.7171143364856574, 0.6253471273205127, 0.4970622569729555, 0.43597250434117424, 0.41851744766703664, 0.3397488660082864, 0.3091049469756147, 0.27383237001473837, 0.2447515079547531, 0.18764921359490444, 0.14293625000007415, 0.11443574374127874]"
n16_block4_d3_stack_nonlinear_T32_s9401104,16,block,block,4,3,stack_nonlinear,32,9401104,1008,48,48384,2,2,5376,1344,1344,1344,16,16,16,"[1.724291695825449, 1.7233207469993324, 1.7166748008315655, 1.6965887065113539, 0.9941249910853773, 0.9917041315721845, 0.9484535638254327, 0.9478579929125107, 0.9379725480771666, 0.9360435962764609, 0.8869911399773519, 0.8852985313595592, 0.8832720341299353, 0.8767518791847674, 0.8762666122880639, 0.8750038143459371]"
n16_block4_d3_stack_nonlinear_T32_s9401104,16,block,block,4,3,stack_nonlinear,32,9401104,1008,48,48384,2,3,5376,0,0,0,0,0,0,"[0.0, 0.0, 0.0, 0.0, 0.0, 0.0, 0.0, 0.0, 0.0, 0.0, 0.0, 0.0, 0.0, 0.0, 0.0, 0.0]"
n16_block4_d3_stack_nonlinear_T32_s9401104,16,block,block,4,3,stack_nonlinear,32,9401104,1008,48,48384,3,1,5376,5376,5376,5376,16,16,16,"[0.5129943512497028, 0.4552133283887927, 0.3548211998814041, 0.31425743571850945, 0.2574279980310927, 0.24505940592181463, 0.17945868447642646, 0.15917264582788873, 0.12583273673202633, 0.11308677191841368, 0.09530704652111081, 0.08032277647308438, 0.0682552568338898, 0.06271486241060645, 0.05838845616428334, 0.045502767319361724]"
n16_block4_d3_stack_nonlinear_T32_s9401104,16,block,block,4,3,stack_nonlinear,32,9401104,1008,48,48384,3,2,5376,5376,5376,5376,16,16,16,"[1.0899403009536346, 0.8729007196870753, 0.6108063753537275, 0.5803515571759654, 0.546958978268865, 0.47831004290866436, 0.4373711007145645, 0.3330297245093421, 0.2943815284430242, 0.2669006799903273, 0.2101953039729407, 0.1827920336079041, 0.15371463169254868, 0.13082873032215864, 0.1088683566595841, 0.09254886428918693]"
n16_block4_d3_stack_nonlinear_T32_s9401104,16,block,block,4,3,stack_nonlinear,32,9401104,1008,48,48384,3,3,5376,1344,1344,1344,16,16,16,"[1.6994748263129391, 1.6988827596900804, 1.6972938594778662, 1.6969710968785987, 0.8734799534072741, 0.8724886786971721, 0.8723102131951083, 0.8721134816000209, 0.8450060616329971, 0.8446920070758214, 0.7540418172496366, 0.7532475685142561, 0.7449296496235026, 0.7444998603530253, 0.7436574943989761, 0.7433975124673776]"
n16_block4_d3_stack_nonlinear_T128_s9401100,16,block,block,4,3,stack_nonlinear,128,9401100,1008,48,48384,1,1,5376,1344,1344,1344,16,16,16,"[1.8650742355519858, 1.8541580716752293, 1.8515987950019854, 1.8446030751763003, 1.1728903128684867, 1.1631344898289704, 1.1071701953985307, 1.0904742187819458, 1.072820219070253, 1.066879294202097, 1.0291327007338882, 1.029088944860229, 1.0263787505305528, 1.0208662156043316, 1.0057007934861175, 0.9923245731490602]"
n16_block4_d3_stack_nonlinear_T128_s9401100,16,block,block,4,3,stack_nonlinear,128,9401100,1008,48,48384,1,2,5376,0,0,0,0,0,0,"[0.0, 0.0, 0.0, 0.0, 0.0, 0.0, 0.0, 0.0, 0.0, 0.0, 0.0, 0.0, 0.0, 0.0, 0.0, 0.0]"
n16_block4_d3_stack_nonlinear_T128_s9401100,16,block,block,4,3,stack_nonlinear,128,9401100,1008,48,48384,1,3,5376,0,0,0,0,0,0,"[0.0, 0.0, 0.0, 0.0, 0.0, 0.0, 0.0, 0.0, 0.0, 0.0, 0.0, 0.0, 0.0, 0.0, 0.0, 0.0]"
n16_block4_d3_stack_nonlinear_T128_s9401100,16,block,block,4,3,stack_nonlinear,128,9401100,1008,48,48384,2,1,5376,5376,5376,5376,16,16,16,"[1.317441481100951, 1.1067052016092342, 0.8451837889429837, 0.6561905734355608, 0.5723607750800951, 0.5173158966326895, 0.4496171565982473, 0.4153649807859432, 0.34923894063512356, 0.3027583066662952, 0.26792890206592335, 0.21901277811529474, 0.20332061905623433, 0.18102071115629156, 0.1248293397982069, 0.11190463017164386]"
n16_block4_d3_stack_nonlinear_T128_s9401100,16,block,block,4,3,stack_nonlinear,128,9401100,1008,48,48384,2,2,5376,1344,1344,1344,16,16,16,"[1.6971138675092776, 1.696480768152531, 1.6947422548585254, 1.688357075571218, 0.8966174869624791, 0.893812748667349, 0.8917462920117201, 0.8900955885911681, 0.8358858669976933, 0.834813365181538, 0.7869886530765877, 0.7866932840350317, 0.7857973014026548, 0.7800151713011078, 0.7799020017813924, 0.7732559771904518]"
n16_block4_d3_stack_nonlinear_T128_s9401100,16,block,block,4,3,stack_nonlinear,128,9401100,1008,48,48384,2,3,5376,0,0,0,0,0,0,"[0.0, 0.0, 0.0, 0.0, 0.0, 0.0, 0.0, 0.0, 0.0, 0.0, 0.0, 0.0, 0.0, 0.0, 0.0, 0.0]"
n16_block4_d3_stack_nonlinear_T128_s9401100,16,block,block,4,3,stack_nonlinear,128,9401100,1008,48,48384,3,1,5376,5376,5376,5376,16,16,16,"[0.5113339986254588, 0.4240770103022734, 0.356876093429219, 0.29267027491777664, 0.21881753556300276, 0.19484483358550475, 0.179275266223327, 0.13750267835974422, 0.11041912132392034, 0.10417202904332053, 0.09336832822354389, 0.08154399788400844, 0.07026004044546416, 0.055728903625019185, 0.047890491621205386, 0.03645308492754251]"
n16_block4_d3_stack_nonlinear_T128_s9401100,16,block,block,4,3,stack_nonlinear,128,9401100,1008,48,48384,3,2,5376,5376,5376,5376,16,16,16,"[0.9245289732885152, 0.7829029133796934, 0.657472383123678, 0.5184849966534402, 0.44674412529487256, 0.39455927965606, 0.3791155348080623, 0.34849492834778173, 0.25000281135362523, 0.2360708024836851, 0.20689280688652983, 0.1627361364896413, 0.13846068140135612, 0.08836278027455755, 0.07898007153360169, 0.06342258337282035]"
n16_block4_d3_stack_nonlinear_T128_s9401100,16,block,block,4,3,stack_nonlinear,128,9401100,1008,48,48384,3,3,5376,1344,1344,1344,16,16,16,"[1.6855363200589981, 1.6841746681487144, 1.6821454567899417, 1.681765127820314, 0.9447509024220055, 0.94443240718738, 0.8498705197978574, 0.8491577684175359, 0.8016166213225242, 0.8004620116818137, 0.776664240354031, 0.7749610891250999, 0.7342080347790202, 0.7335567705567714, 0.7330912849383407, 0.7303732785286927]"
n16_block4_d3_stack_nonlinear_T128_s9401101,16,block,block,4,3,stack_nonlinear,128,9401101,1008,48,48384,1,1,5376,1344,1344,1344,16,16,16,"[1.758341000590577, 1.7549109362156756, 1.7539870573952716, 1.7446605004969258, 1.1362473826228394, 1.1155179954066257, 1.110791759650813, 1.109815905975672, 1.1025210264385152, 1.1001965999506405, 1.0711970369186763, 1.0711170238070402, 1.0661392423201754, 1.0635871458636377, 1.063090412724354, 1.0212446797257897]"
n16_block4_d3_stack_nonlinear_T128_s9401101,16,block,block,4,3,stack_nonlinear,128,9401101,1008,48,48384,1,2,5376,0,0,0,0,0,0,"[0.0, 0.0, 0.0, 0.0, 0.0, 0.0, 0.0, 0.0, 0.0, 0.0, 0.0, 0.0, 0.0, 0.0, 0.0, 0.0]"
n16_block4_d3_stack_nonlinear_T128_s9401101,16,block,block,4,3,stack_nonlinear,128,9401101,1008,48,48384,1,3,5376,0,0,0,0,0,0,"[0.0, 0.0, 0.0, 0.0, 0.0, 0.0, 0.0, 0.0, 0.0, 0.0, 0.0, 0.0, 0.0, 0.0, 0.0, 0.0]"
n16_block4_d3_stack_nonlinear_T128_s9401101,16,block,block,4,3,stack_nonlinear,128,9401101,1008,48,48384,2,1,5376,5376,5376,5376,16,16,16,"[0.9346392040464809, 0.8967557971879309, 0.7294342630166772, 0.70154127593301, 0.6199045355354177, 0.5594962380036612, 0.5533331023625653, 0.4668165938152489, 0.44179252459185814, 0.375535636354863, 0.3281715899574866, 0.320889436475381, 0.24961533059038757, 0.21494152697119098, 0.19793327204358172, 0.14508115204727584]"
n16_block4_d3_stack_nonlinear_T128_s9401101,16,block,block,4,3,stack_nonlinear,128,9401101,1008,48,48384,2,2,5376,1344,1344,1344,16,16,16,"[1.704285191032725, 1.7037000237558073, 1.7024534142905552, 1.6656697024018732, 0.9279129861564468, 0.9267691318202735, 0.9263049546313368, 0.9250360721551028, 0.9168389442305043, 0.9120161530973618, 0.9101976920550059, 0.9068754798753015, 0.8306301518809465, 0.8304077120769949, 0.8292149927486302, 0.8275677519707417]"
n16_block4_d3_stack_nonlinear_T128_s9401101,16,block,block,4,3,stack_nonlinear,128,9401101,1008,48,48384,2,3,5376,0,0,0,0,0,0,"[0.0, 0.0, 0.0, 0.0, 0.0, 0.0, 0.0, 0.0, 0.0, 0.0, 0.0, 0.0, 0.0, 0.0, 0.0, 0.0]"
n16_block4_d3_stack_nonlinear_T128_s9401101,16,block,block,4,3,stack_nonlinear,128,9401101,1008,48,48384,3,1,5376,5376,5376,5376,16,16,16,"[0.571327647842673, 0.3760712879354677, 0.36412395239027245, 0.2691315752350104, 0.2346173801839401, 0.22805744968659844, 0.19511308040274827, 0.1557014451548343, 0.14365269506124037, 0.1207923729607601, 0.1069611785447254, 0.09162849600843376, 0.08943677519838124, 0.0628544397232923, 0.05570797327534706, 0.043437340325340024]"
n16_block4_d3_stack_nonlinear_T128_s9401101,16,block,block,4,3,stack_nonlinear,128,9401101,1008,48,48384,3,2,5376,5376,5376,5376,16,16,16,"[1.0101987258731624, 0.7989531908330021, 0.6563760942933317, 0.5428199094375032, 0.4919614583385746, 0.4157253833189066, 0.3460676015530719, 0.3376592902310027, 0.31045481543166464, 0.29346564715668866, 0.2350229158124401, 0.1846881339379219, 0.17493859946916343, 0.113595936529265, 0.10552794452495537, 0.07332626574147567]"
n16_block4_d3_stack_nonlinear_T128_s9401101,16,block,block,4,3,stack_nonlinear,128,9401101,1008,48,48384,3,3,5376,1344,1344,1344,16,16,16,"[1.6875676230701182, 1.687353704704831, 1.6859886686168166, 1.6850263817420557, 0.9849638780771487, 0.9841431435135041, 0.8307942234695281, 0.8297718520308237, 0.8273145927828327, 0.8254977197906664, 0.7570731553223353, 0.7565833016980107, 0.7464138526462702, 0.7450207343053568, 0.7447075601352154, 0.7440080432841323]"
n16_block4_d3_stack_nonlinear_T128_s9401102,16,block,block,4,3,stack_nonlinear,128,9401102,1008,48,48384,1,1,5376,1344,1344,1344,16,16,16,"[1.843115780410059, 1.8346543204184824, 1.8332107093512389, 1.8093011580536726, 1.1522579370057566, 1.14953452515216, 1.138342194606915, 1.1320246092596824, 1.1287044262778905, 1.1209708955925897, 1.1187402938308757, 1.0998090818352113, 1.0908875791571515, 1.0837210863251472, 1.0792468586473465, 1.0646965825658101]"
n16_block4_d3_stack_nonlinear_T128_s9401102,16,block,block,4,3,stack_nonlinear,128,9401102,1008,48,48384,1,2,5376,0,0,0,0,0,0,"[0.0, 0.0, 0.0, 0.0, 0.0, 0.0, 0.0, 0.0, 0.0, 0.0, 0.0, 0.0, 0.0, 0.0, 0.0, 0.0]"
n16_block4_d3_stack_nonlinear_T128_s9401102,16,block,block,4,3,stack_nonlinear,128,9401102,1008,48,48384,1,3,5376,0,0,0,0,0,0,"[0.0, 0.0, 0.0, 0.0, 0.0, 0.0, 0.0, 0.0, 0.0, 0.0, 0.0, 0.0, 0.0, 0.0, 0.0, 0.0]"
n16_block4_d3_stack_nonlinear_T128_s9401102,16,block,block,4,3,stack_nonlinear,128,9401102,1008,48,48384,2,1,5376,5376,5376,5376,16,16,16,"[1.4397835125566731, 0.8243011739590478, 0.7729776629755061, 0.7538854764428258, 0.618633805550804, 0.5906134734547978, 0.5487224186992327, 0.49382900136770214, 0.4264525722940924, 0.3908137393416364, 0.34663784696429517, 0.3047168843646347, 0.21506497168868982, 0.18006972265788745, 0.12883220139166504, 0.11620655926982805]"
n16_block4_d3_stack_nonlinear_T128_s9401102,16,block,block,4,3,stack_nonlinear,128,9401102,1008,48,48384,2,2,5376,1344,1344,1344,16,16,16,"[1.7345219284473736, 1.731116887564999, 1.7263893065646547, 1.7246795598817197, 1.051110935311747, 1.0489356935648122, 0.9319295945176918, 0.9299071682721016, 0.8486463160213485, 0.8482189598942331, 0.835178419449321, 0.828867287062524, 0.8066128953207604, 0.8048270756042127, 0.8045261405324806, 0.8007869470243384]"
n16_block4_d3_stack_nonlinear_T128_s9401102,16,block,block,4,3,stack_nonlinear,128,9401102,1008,48,48384,2,3,5376,0,0,0,0,0,0,"[0.0, 0.0, 0.0, 0.0, 0.0, 0.0, 0.0, 0.0, 0.0, 0.0, 0.0, 0.0, 0.0, 0.0, 0.0, 0.0]"
n16_block4_d3_stack_nonlinear_T128_s9401102,16,block,block,4,3,stack_nonlinear,128,9401102,1008,48,48384,3,1,5376,5376,5376,5376,16,16,16,"[0.6998978876742269, 0.43064030405826104, 0.3699210003111459, 0.27408087567284484, 0.21614495263388417, 0.1876001991070539, 0.1727522140243734, 0.1546220520347179, 0.12456826698590476, 0.10334322461310046, 0.0927818548052424, 0.06853804975448263, 0.06502504861879728, 0.05480818334118507, 0.03876990911140818, 0.03207716392543444]"
n16_block4_d3_stack_nonlinear_T128_s9401102,16,block,block,4,3,stack_nonlinear,128,9401102,1008,48,48384,3,2,5376,5376,5376,5376,16,16,16,"[1.0223917423030728, 0.9878304618511637, 0.5931717013003411, 0.5517688137749417, 0.48603064804836293, 0.461104291202609, 0.38467408417493826, 0.3502550238467707, 0.26603358187144344, 0.22414268684592845, 0.1820833967191926, 0.1462241789306482, 0.12169249345052871, 0.1068666843107665, 0.09634401038954926, 0.04030068238948073]"
n16_block4_d3_stack_nonlinear_T128_s9401102,16,block,block,4,3,stack_nonlinear,128,9401102,1008,48,48384,3,3,5376,1344,1344,1344,16,16,16,"[1.6845714307934878, 1.6841058457921168, 1.6839909228131589, 1.674246031411482, 0.933147845591853, 0.9282599395188424, 0.8602537859069189, 0.8586318922600014, 0.8505953990958464, 0.8504596253295901, 0.8325591244244956, 0.8323562546234826, 0.7322864782464741, 0.7320573861970431, 0.7312766979666044, 0.730108464267196]"
n16_block4_d3_stack_nonlinear_T128_s9401103,16,block,block,4,3,stack_nonlinear,128,9401103,1008,48,48384,1,1,5376,1344,1344,1344,16,16,16,"[1.845047518064287, 1.8380276906150665, 1.8317462299763076, 1.8294219166787205, 1.2207683198893535, 1.2072059360699618, 1.1875558048356372, 1.186087826445021, 1.0810762338991826, 1.074014598160607, 1.0717640407135982, 1.068764002207798, 1.0427701678148575, 1.0244920601932066, 1.022672095194583, 1.0138127124802148]"
n16_block4_d3_stack_nonlinear_T128_s9401103,16,block,block,4,3,stack_nonlinear,128,9401103,1008,48,48384,1,2,5376,0,0,0,0,0,0,"[0.0, 0.0, 0.0, 0.0, 0.0, 0.0, 0.0, 0.0, 0.0, 0.0, 0.0, 0.0, 0.0, 0.0, 0.0, 0.0]"
n16_block4_d3_stack_nonlinear_T128_s9401103,16,block,block,4,3,stack_nonlinear,128,9401103,1008,48,48384,1,3,5376,0,0,0,0,0,0,"[0.0, 0.0, 0.0, 0.0, 0.0, 0.0, 0.0, 0.0, 0.0, 0.0, 0.0, 0.0, 0.0, 0.0, 0.0, 0.0]"
n16_block4_d3_stack_nonlinear_T128_s9401103,16,block,block,4,3,stack_nonlinear,128,9401103,1008,48,48384,2,1,5376,5376,5376,5376,16,16,16,"[1.1413221224441195, 0.8896098974852039, 0.8166291099671612, 0.6790609830249357, 0.6395831816421578, 0.6009392745167954, 0.5146277968808624, 0.4421671217509583, 0.3981075556445112, 0.3707701399591408, 0.34664915469477425, 0.26536386901901865, 0.2345477449969861, 0.18034569731916567, 0.14327340140474557, 0.0811901418705587]"
n16_block4_d3_stack_nonlinear_T128_s9401103,16,block,block,4,3,stack_nonlinear,128,9401103,1008,48,48384,2,2,5376,1344,1344,1344,16,16,16,"[1.7032468619830665, 1.699882873652134, 1.6989614728110944, 1.695866036008366, 1.0211277996772785, 1.0206226236632276, 0.8282929871580986, 0.8280890769419786, 0.8065252646990707, 0.8048201841651818, 0.802728246320538, 0.7964044565032922, 0.7958439424088203, 0.7813982062819331, 0.7797625447723043, 0.7752026161158785]"
n16_block4_d3_stack_nonlinear_T128_s9401103,16,block,block,4,3,stack_nonlinear,128,9401103,1008,48,48384,2,3,5376,0,0,0,0,0,0,"[0.0, 0.0, 0.0, 0.0, 0.0, 0.0, 0.0, 0.0, 0.0, 0.0, 0.0, 0.0, 0.0, 0.0, 0.0, 0.0]"
n16_block4_d3_stack_nonlinear_T128_s9401103,16,block,block,4,3,stack_nonlinear,128,9401103,1008,48,48384,3,1,5376,5376,5376,5376,16,16,16,"[0.7803655135969448, 0.4104213617396203, 0.37342894199857507, 0.28979846875918597, 0.24507376438177197, 0.20873165249236372, 0.18680314819098798, 0.16281598390696975, 0.12211776418196567, 0.11206046075130126, 0.10542221112802763, 0.09553428319212198, 0.06557148502742222, 0.05157055602883988, 0.04831444513862181, 0.042350221157437175]"
n16_block4_d3_stack_nonlinear_T128_s9401103,16,block,block,4,3,stack_nonlinear,128,9401103,1008,48,48384,3,2,5376,5376,5376,5376,16,16,16,"[1.3014727407703348, 1.0609295917987318, 0.7744241201735974, 0.7074178996829431, 0.41314355936888153, 0.3789265077458203, 0.35098156498046523, 0.3148746493549904, 0.26456546916891777, 0.24127345541564846, 0.20686266249438703, 0.1430992787494089, 0.13847778237378713, 0.11309521320196268, 0.09702605696152625, 0.06528509160829504]"
n16_block4_d3_stack_nonlinear_T128_s9401103,16,block,block,4,3,stack_nonlinear,128,9401103,1008,48,48384,3,3,5376,1344,1344,1344,16,16,16,"[1.683605860351246, 1.6818391782530138, 1.6814675741699274, 1.6643990553442922, 0.9669077005445281, 0.9668043177420741, 0.8188092036127079, 0.818371225248338, 0.8023492849112649, 0.8020319292404776, 0.7734029931143054, 0.7722081183026474, 0.753012624992474, 0.7462706397816942, 0.7448826452417922, 0.7446555061639946]"
n16_block4_d3_stack_nonlinear_T128_s9401104,16,block,block,4,3,stack_nonlinear,128,9401104,1008,48,48384,1,1,5376,1344,1344,1344,16,16,16,"[1.9175805409789581, 1.9142434823244698, 1.912972906926125, 1.8939941882889613, 1.2688472635378831, 1.2551463028256997, 1.1522200047075084, 1.1468960983640377, 1.1444003573865824, 1.1248205413584484, 1.0898921309359832, 1.0865781466034852, 1.0814567629805454, 1.0774341694888772, 1.0757815048861967, 1.0641698373077255]"
n16_block4_d3_stack_nonlinear_T128_s9401104,16,block,block,4,3,stack_nonlinear,128,9401104,1008,48,48384,1,2,5376,0,0,0,0,0,0,"[0.0, 0.0, 0.0, 0.0, 0.0, 0.0, 0.0, 0.0, 0.0, 0.0, 0.0, 0.0, 0.0, 0.0, 0.0, 0.0]"
n16_block4_d3_stack_nonlinear_T128_s9401104,16,block,block,4,3,stack_nonlinear,128,9401104,1008,48,48384,1,3,5376,0,0,0,0,0,0,"[0.0, 0.0, 0.0, 0.0, 0.0, 0.0, 0.0, 0.0, 0.0, 0.0, 0.0, 0.0, 0.0, 0.0, 0.0, 0.0]"
n16_block4_d3_stack_nonlinear_T128_s9401104,16,block,block,4,3,stack_nonlinear,128,9401104,1008,48,48384,2,1,5376,5376,5376,5376,16,16,16,"[1.223094040798557, 1.0901994772384178, 0.9812166317261984, 0.7142472162471648, 0.6435814769707016, 0.5697139814289288, 0.46820492812102643, 0.38365002952492855, 0.36451948644748444, 0.3084954006645032, 0.27107661654505727, 0.2406467749429802, 0.20587715515909477, 0.1601603865489054, 0.11079637677493545, 0.08781161802475836]"
n16_block4_d3_stack_nonlinear_T128_s9401104,16,block,block,4,3,stack_nonlinear,128,9401104,1008,48,48384,2,2,5376,1344,1344,1344,16,16,16,"[1.708202705879094, 1.7070691472494033, 1.7040929742193358, 1.7025008376132837, 0.9400646472142459, 0.9371146673958669, 0.886530692341184, 0.8847676833595675, 0.8726052643809256, 0.8716177318960568, 0.8020482586379535, 0.8016775902945872, 0.7896996982706825, 0.7891345599203746, 0.7874881172375302, 0.7873519289434525]"
n16_block4_d3_stack_nonlinear_T128_s9401104,16,block,block,4,3,stack_nonlinear,128,9401104,1008,48,48384,2,3,5376,0,0,0,0,0,0,"[0.0, 0.0, 0.0, 0.0, 0.0, 0.0, 0.0, 0.0, 0.0, 0.0, 0.0, 0.0, 0.0, 0.0, 0.0, 0.0]"
n16_block4_d3_stack_nonlinear_T128_s9401104,16,block,block,4,3,stack_nonlinear,128,9401104,1008,48,48384,3,1,5376,5376,5376,5376,16,16,16,"[0.5301859993208249, 0.4677508983220866, 0.32920552891628574, 0.2977275914131633, 0.2539906112817163, 0.23253665282314703, 0.14945584362750977, 0.13642622929317624, 0.10115788134302328, 0.0905247150745145, 0.0715684750436723, 0.06570182271353928, 0.05785013567198187, 0.05362795194225614, 0.04871372475488973, 0.03525969117122514]"
n16_block4_d3_stack_nonlinear_T128_s9401104,16,block,block,4,3,stack_nonlinear,128,9401104,1008,48,48384,3,2,5376,5376,5376,5376,16,16,16,"[1.07363394947921, 0.8543809530885489, 0.5962517351117518, 0.532357497969738, 0.5116591565615809, 0.4505118942331286, 0.404173026847135, 0.3097671867119901, 0.2518970222744002, 0.2280221846455046, 0.1817772131341115, 0.14363700128918688, 0.11422243839769958, 0.10224759988623136, 0.0800652367949181, 0.0671938605368969]"
n16_block4_d3_stack_nonlinear_T128_s9401104,16,block,block,4,3,stack_nonlinear,128,9401104,1008,48,48384,3,3,5376,1344,1344,1344,16,16,16,"[1.6844111909078976, 1.6837859213019413, 1.6811423198867894, 1.6793752551005805, 0.8591085908524284, 0.8580284607404212, 0.8574806460781516, 0.8562837474920397, 0.8293049394686196, 0.8291244488743407, 0.7405523028170522, 0.7397754548286848, 0.7311923535507909, 0.7310754837472876, 0.7306182464522468, 0.7297700196892842]"
n16_block16_d1_stack_nonlinear_T32_s9401100,16,block,block,16,1,stack_nonlinear,32,9401100,528,16,8448,1,1,8448,8448,8448,8448,16,16,16,"[1.8321813994414702, 1.488193936304639, 1.4841196125491225, 1.3548806660079376, 1.3511163917010658, 1.2648740894898436, 1.260037262757943, 1.084365979327672, 1.0824927942702287, 1.0317443664542096, 1.028318885141627, 1.0084701112417291, 1.0051631939943035, 1.0026467554653262, 0.9969983416102732, 0.9966656678279505]"
n16_block16_d1_stack_nonlinear_T32_s9401101,16,block,block,16,1,stack_nonlinear,32,9401101,528,16,8448,1,1,8448,8448,8448,8448,16,16,16,"[1.8814440884645653, 1.6132883496526136, 1.6096738958296215, 1.407696754942334, 1.3851990371774936, 1.2761407498084678, 1.268844466800892, 1.1677605102396176, 1.161293543757928, 1.1556502321172475, 1.1428981486947882, 1.1042392969777657, 1.0984672140954035, 1.064687562715732, 1.0546752210130073, 1.0360580454569592]"
n16_block16_d1_stack_nonlinear_T32_s9401102,16,block,block,16,1,stack_nonlinear,32,9401102,528,16,8448,1,1,8448,8448,8448,8448,16,16,16,"[1.7951540572496727, 1.6002503150012626, 1.585565331932232, 1.5260725110012596, 1.5250939869831903, 1.1654499693456546, 1.1635133803861761, 1.1213656478159693, 1.1201271511837507, 1.0828182980683914, 1.0766859286352757, 1.038098167485531, 1.035662493933681, 1.0110042600034284, 1.0102138306724102, 0.9917162858517968]"
n16_block16_d1_stack_nonlinear_T32_s9401103,16,block,block,16,1,stack_nonlinear,32,9401103,528,16,8448,1,1,8448,8448,8448,8448,16,16,16,"[1.815806910925832, 1.5921511592727764, 1.5852195851759816, 1.3866857797915113, 1.3777175000931685, 1.3318588490852754, 1.3245393544074744, 1.253025891422257, 1.2463829018715245, 1.1558991709885393, 1.1531184763286748, 1.0883189150051837, 1.0868222650141126, 1.0801009962705408, 1.0749170758973474, 1.0726512585560077]"
n16_block16_d1_stack_nonlinear_T32_s9401104,16,block,block,16,1,stack_nonlinear,32,9401104,528,16,8448,1,1,8448,8448,8448,8448,16,16,16,"[1.8599030398770733, 1.5879258529941769, 1.5816649995158438, 1.4521676440756173, 1.4488852276930086, 1.3450180354758006, 1.3402845472544418, 1.3240822955281928, 1.3224101198642189, 1.2729750307633048, 1.2679086628277407, 1.2424807204257096, 1.241155589177837, 1.198627412200805, 1.1942651038230998, 1.185761476028731]"
n16_block16_d1_stack_nonlinear_T128_s9401100,16,block,block,16,1,stack_nonlinear,128,9401100,528,16,8448,1,1,8448,8448,8448,8448,16,16,16,"[1.8554871757247233, 1.5570319910452854, 1.5548751432410761, 1.4461634363888167, 1.4332391428916849, 1.3769532607068506, 1.3609897340639092, 1.2181158745561722, 1.2084261009364454, 1.1428256916215291, 1.1331910681603532, 1.0859483923285131, 1.0800434065928373, 1.0534833176747653, 1.049985147336461, 1.0405619948668068]"
n16_block16_d1_stack_nonlinear_T128_s9401101,16,block,block,16,1,stack_nonlinear,128,9401101,528,16,8448,1,1,8448,8448,8448,8448,16,16,16,"[1.7886251181141686, 1.5194040161015625, 1.5179399350968488, 1.3414201138488526, 1.3294485755176917, 1.2508073276608005, 1.2463701337853335, 1.1647374405384834, 1.159278712365935, 1.150121342560509, 1.1468942912293703, 1.1215359407485916, 1.1129536041808081, 1.1108200310895329, 1.1026897932566004, 1.0954894993753854]"
n16_block16_d1_stack_nonlinear_T128_s9401102,16,block,block,16,1,stack_nonlinear,128,9401102,528,16,8448,1,1,8448,8448,8448,8448,16,16,16,"[1.8551022921622278, 1.6538436384380368, 1.6438179238214237, 1.5788709990836964, 1.570840183453238, 1.2134037651465683, 1.2016818338760757, 1.177651764040005, 1.1671293748463252, 1.1490409178857022, 1.1458631201880918, 1.1293558723581034, 1.1273750268925007, 1.1246419804313008, 1.1189296990814794, 1.1161631325124106]"
n16_block16_d1_stack_nonlinear_T128_s9401103,16,block,block,16,1,stack_nonlinear,128,9401103,528,16,8448,1,1,8448,8448,8448,8448,16,16,16,"[1.8863601997454367, 1.6508581566929623, 1.634796619966688, 1.4415902620239607, 1.4273719086564485, 1.3820198275584152, 1.3719141871989387, 1.292316489762723, 1.2859005709589375, 1.2107859095018636, 1.2084308086741355, 1.1493296591598394, 1.1447513432526162, 1.1321160429306563, 1.1299082817714035, 1.1247855228073385]"
n16_block16_d1_stack_nonlinear_T128_s9401104,16,block,block,16,1,stack_nonlinear,128,9401104,528,16,8448,1,1,8448,8448,8448,8448,16,16,16,"[1.9476399958798598, 1.651545750359763, 1.6425312950391178, 1.4930421671819467, 1.4885943514910105, 1.3407358221533652, 1.33640193493238, 1.29796962471504, 1.295501575776889, 1.1935672440521774, 1.1918866198623486, 1.1578135624759935, 1.1559412835546, 1.1050460625050103, 1.095951786066618, 1.0890565851463787]"
n16_block16_d3_stack_nonlinear_T32_s9401100,16,block,block,16,3,stack_nonlinear,32,9401100,1584,48,76032,1,1,8448,8448,8448,8448,16,16,16,"[1.8321813994414702, 1.488193936304639, 1.4841196125491225, 1.3548806660079376, 1.3511163917010658, 1.2648740894898436, 1.260037262757943, 1.084365979327672, 1.0824927942702287, 1.0317443664542096, 1.028318885141627, 1.0084701112417291, 1.0051631939943035, 1.0026467554653262, 0.9969983416102732, 0.9966656678279505]"
n16_block16_d3_stack_nonlinear_T32_s9401100,16,block,block,16,3,stack_nonlinear,32,9401100,1584,48,76032,1,2,8448,0,0,0,0,0,0,"[0.0, 0.0, 0.0, 0.0, 0.0, 0.0, 0.0, 0.0, 0.0, 0.0, 0.0, 0.0, 0.0, 0.0, 0.0, 0.0]"
n16_block16_d3_stack_nonlinear_T32_s9401100,16,block,block,16,3,stack_nonlinear,32,9401100,1584,48,76032,1,3,8448,0,0,0,0,0,0,"[0.0, 0.0, 0.0, 0.0, 0.0, 0.0, 0.0, 0.0, 0.0, 0.0, 0.0, 0.0, 0.0, 0.0, 0.0, 0.0]"
n16_block16_d3_stack_nonlinear_T32_s9401100,16,block,block,16,3,stack_nonlinear,32,9401100,1584,48,76032,2,1,8448,8448,8448,8448,16,16,16,"[0.8630044626287674, 0.8437712919790021, 0.6916799489914511, 0.5588925473411991, 0.5199758293825785, 0.5060449175905797, 0.4331940505572161, 0.4106134483626124, 0.37871962723239416, 0.33503172908970685, 0.2914415730423817, 0.2276561151736074, 0.21914558754190747, 0.20247646720209972, 0.1547518657827113, 0.11014542726689924]"
n16_block16_d3_stack_nonlinear_T32_s9401100,16,block,block,16,3,stack_nonlinear,32,9401100,1584,48,76032,2,2,8448,8448,8448,8448,16,16,16,"[1.7407731373907436, 1.4062210011414336, 1.4039738524030057, 1.2710915914907643, 1.2680896564297022, 0.9882073460955033, 0.9873075496685179, 0.9144058831885721, 0.9128824511520436, 0.8598335625727891, 0.8589349656882698, 0.8155427105074666, 0.8134925871305864, 0.8064630440945675, 0.8047279749782077, 0.8006384928549037]"
n16_block16_d3_stack_nonlinear_T32_s9401100,16,block,block,16,3,stack_nonlinear,32,9401100,1584,48,76032,2,3,8448,0,0,0,0,0,0,"[0.0, 0.0, 0.0, 0.0, 0.0, 0.0, 0.0, 0.0, 0.0, 0.0, 0.0, 0.0, 0.0, 0.0, 0.0, 0.0]"
n16_block16_d3_stack_nonlinear_T32_s9401100,16,block,block,16,3,stack_nonlinear,32,9401100,1584,48,76032,3,1,8448,8448,8448,8448,16,16,16,"[0.38161163155846395, 0.35719641123401014, 0.29225071613370834, 0.2232335187568109, 0.19989984125630117, 0.17876533561889782, 0.1516325499544334, 0.13177148696773816, 0.11216382780679619, 0.10702893371174921, 0.10144804694539407, 0.07117534198624037, 0.06331839227366931, 0.06139576162099455, 0.05867320416169093, 0.042193499270685275]"
n16_block16_d3_stack_nonlinear_T32_s9401100,16,block,block,16,3,stack_nonlinear,32,9401100,1584,48,76032,3,2,8448,8448,8448,8448,16,16,16,"[0.908549646641433, 0.7513289600070615, 0.6173893106126407, 0.5424581737197501, 0.4973220551609384, 0.4563318851898848, 0.323042651608547, 0.26512369279170117, 0.24899574205270106, 0.1878094633510324, 0.1767507960658152, 0.1624042454717171, 0.13370130051901902, 0.11186146941023076, 0.08586233142994874, 0.06618218090466048]"
n16_block16_d3_stack_nonlinear_T32_s9401100,16,block,block,16,3,stack_nonlinear,32,9401100,1584,48,76032,3,3,8448,8448,8448,8448,16,16,16,"[1.7031589292250338, 1.3217552291361983, 1.3202715859098901, 1.088479290526984, 1.0881720837489421, 0.9949140399328886, 0.9946791208153747, 0.9228244308311978, 0.9224009944979847, 0.8075684470551334, 0.807467134848346, 0.7639979152334763, 0.7638504773284432, 0.743531083601939, 0.7434948251611265, 0.7421249914874788]"
n16_block16_d3_stack_nonlinear_T32_s9401101,16,block,block,16,3,stack_nonlinear,32,9401101,1584,48,76032,1,1,8448,8448,8448,8448,16,16,16,"[1.8814440884645653, 1.6132883496526136, 1.6096738958296215, 1.407696754942334, 1.3851990371774936, 1.2761407498084678, 1.268844466800892, 1.1677605102396176, 1.161293543757928, 1.1556502321172475, 1.1428981486947882, 1.1042392969777657, 1.0984672140954035, 1.064687562715732, 1.0546752210130073, 1.0360580454569592]"
n16_block16_d3_stack_nonlinear_T32_s9401101,16,block,block,16,3,stack_nonlinear,32,9401101,1584,48,76032,1,2,8448,0,0,0,0,0,0,"[0.0, 0.0, 0.0, 0.0, 0.0, 0.0, 0.0, 0.0, 0.0, 0.0, 0.0, 0.0, 0.0, 0.0, 0.0, 0.0]"
n16_block16_d3_stack_nonlinear_T32_s9401101,16,block,block,16,3,stack_nonlinear,32,9401101,1584,48,76032,1,3,8448,0,0,0,0,0,0,"[0.0, 0.0, 0.0, 0.0, 0.0, 0.0, 0.0, 0.0, 0.0, 0.0, 0.0, 0.0, 0.0, 0.0, 0.0, 0.0]"
n16_block16_d3_stack_nonlinear_T32_s9401101,16,block,block,16,3,stack_nonlinear,32,9401101,1584,48,76032,2,1,8448,8448,8448,8448,16,16,16,"[0.9005812659326308, 0.7795821697521047, 0.749892475720056, 0.6839429295311029, 0.6416353664509964, 0.5324699949027599, 0.47757438411441444, 0.4631896688842148, 0.37854207231157777, 0.33264554476938757, 0.31758288104173893, 0.26392194457133006, 0.22670354571665546, 0.18356081268164706, 0.14544715511781342, 0.12288367670854247]"
n16_block16_d3_stack_nonlinear_T32_s9401101,16,block,block,16,3,stack_nonlinear,32,9401101,1584,48,76032,2,2,8448,8448,8448,8448,16,16,16,"[1.7537847270312812, 1.3837039031887268, 1.381820822989188, 1.247632723880635, 1.2463608321508655, 1.0690647575325904, 1.0660061686595108, 1.0089808125715098, 1.0084886149996342, 0.9712902375666378, 0.9709411183815626, 0.8793927067561655, 0.8788354767954946, 0.8403926737913544, 0.8401415475897858, 0.8362574599274907]"
n16_block16_d3_stack_nonlinear_T32_s9401101,16,block,block,16,3,stack_nonlinear,32,9401101,1584,48,76032,2,3,8448,0,0,0,0,0,0,"[0.0, 0.0, 0.0, 0.0, 0.0, 0.0, 0.0, 0.0, 0.0, 0.0, 0.0, 0.0, 0.0, 0.0, 0.0, 0.0]"
n16_block16_d3_stack_nonlinear_T32_s9401101,16,block,block,16,3,stack_nonlinear,32,9401101,1584,48,76032,3,1,8448,8448,8448,8448,16,16,16,"[0.4700391828517567, 0.3672672365037612, 0.29751270681113356, 0.2656747388568562, 0.2559306663419571, 0.2037760839096952, 0.15558668204020426, 0.14476714530130247, 0.12404888017108875, 0.10405682136348958, 0.09757950707923964, 0.0788508944584783, 0.06936209514994054, 0.05718274250849907, 0.04522046673663321, 0.03178404008420602]"
n16_block16_d3_stack_nonlinear_T32_s9401101,16,block,block,16,3,stack_nonlinear,32,9401101,1584,48,76032,3,2,8448,8448,8448,8448,16,16,16,"[0.9088015760828034, 0.8065593436367604, 0.6707046897695146, 0.6580977568330204, 0.5475690584323181, 0.4298857266031221, 0.40182873974875616, 0.3559175953592798, 0.2825892691146435, 0.26356710594323646, 0.25773196644973806, 0.17450754945042365, 0.15290191726036292, 0.12203375796392578, 0.0964831948724705, 0.06695360978906144]"
n16_block16_d3_stack_nonlinear_T32_s9401101,16,block,block,16,3,stack_nonlinear,32,9401101,1584,48,76032,3,3,8448,8448,8448,8448,16,16,16,"[1.6911182232026418, 1.4537557386783428, 1.4510605499702285, 1.348108209619096, 1.3471885827366277, 1.0184652654507633, 1.0178610211807035, 0.8173951693306151, 0.8168252457748463, 0.7835242215772967, 0.783454831575507, 0.7632756209191625, 0.7622628857518989, 0.7444527659907114, 0.7440021675875526, 0.7350145642682094]"
n16_block16_d3_stack_nonlinear_T32_s9401102,16,block,block,16,3,stack_nonlinear,32,9401102,1584,48,76032,1,1,8448,8448,8448,8448,16,16,16,"[1.7951540572496727, 1.6002503150012626, 1.585565331932232, 1.5260725110012596, 1.5250939869831903, 1.1654499693456546, 1.1635133803861761, 1.1213656478159693, 1.1201271511837507, 1.0828182980683914, 1.0766859286352757, 1.038098167485531, 1.035662493933681, 1.0110042600034284, 1.0102138306724102, 0.9917162858517968]"
n16_block16_d3_stack_nonlinear_T32_s9401102,16,block,block,16,3,stack_nonlinear,32,9401102,1584,48,76032,1,2,8448,0,0,0,0,0,0,"[0.0, 0.0, 0.0, 0.0, 0.0, 0.0, 0.0, 0.0, 0.0, 0.0, 0.0, 0.0, 0.0, 0.0, 0.0, 0.0]"
n16_block16_d3_stack_nonlinear_T32_s9401102,16,block,block,16,3,stack_nonlinear,32,9401102,1584,48,76032,1,3,8448,0,0,0,0,0,0,"[0.0, 0.0, 0.0, 0.0, 0.0, 0.0, 0.0, 0.0, 0.0, 0.0, 0.0, 0.0, 0.0, 0.0, 0.0, 0.0]"
n16_block16_d3_stack_nonlinear_T32_s9401102,16,block,block,16,3,stack_nonlinear,32,9401102,1584,48,76032,2,1,8448,8448,8448,8448,16,16,16,"[1.0154916932823292, 0.8309450573477931, 0.8174312164311394, 0.7489421065888179, 0.6944472242998122, 0.5100950129183529, 0.5044102514610451, 0.44024847413498897, 0.3795714964052745, 0.3227364863897779, 0.2598360469869044, 0.233568630713563, 0.2129550152944022, 0.16453901935629056, 0.15251193581024863, 0.12787944446495483]"
n16_block16_d3_stack_nonlinear_T32_s9401102,16,block,block,16,3,stack_nonlinear,32,9401102,1584,48,76032,2,2,8448,8448,8448,8448,16,16,16,"[1.7114504201922744, 1.307602737465859, 1.3060911533212278, 1.1788303458322518, 1.1775494937341353, 1.0522537411903148, 1.0511320834310052, 0.9131582593511234, 0.9124035411637635, 0.8376847351386438, 0.8373156584669953, 0.8037241884301694, 0.8036302310246469, 0.7816018455960002, 0.7810100807624332, 0.7692913212988036]"
n16_block16_d3_stack_nonlinear_T32_s9401102,16,block,block,16,3,stack_nonlinear,32,9401102,1584,48,76032,2,3,8448,0,0,0,0,0,0,"[0.0, 0.0, 0.0, 0.0, 0.0, 0.0, 0.0, 0.0, 0.0, 0.0, 0.0, 0.0, 0.0, 0.0, 0.0, 0.0]"
n16_block16_d3_stack_nonlinear_T32_s9401102,16,block,block,16,3,stack_nonlinear,32,9401102,1584,48,76032,3,1,8448,8448,8448,8448,16,16,16,"[0.523687322928868, 0.3954720471879491, 0.2979050038533701, 0.24805722678146047, 0.21563505019771415, 0.1668505497799313, 0.14217712087364, 0.14064509416750506, 0.11774817457346454, 0.10547602427263024, 0.08988238691378196, 0.08382145390281681, 0.06872506887204347, 0.056839846638102376, 0.04140361102634842, 0.03644430584663124]"
n16_block16_d3_stack_nonlinear_T32_s9401102,16,block,block,16,3,stack_nonlinear,32,9401102,1584,48,76032,3,2,8448,8448,8448,8448,16,16,16,"[0.9784733869553236, 0.7245730447921758, 0.649208823015043, 0.45454695989149413, 0.4251273537275561, 0.40763441641202347, 0.3386937382047773, 0.33166984969928875, 0.2968641354047174, 0.22821355001548335, 0.19817732928030474, 0.15681219365892743, 0.12900508318597986, 0.10284458645228059, 0.08121981890516874, 0.0474725850921491]"
n16_block16_d3_stack_nonlinear_T32_s9401102,16,block,block,16,3,stack_nonlinear,32,9401102,1584,48,76032,3,3,8448,8448,8448,8448,16,16,16,"[1.6777726473686774, 1.39488107449575, 1.394367123639731, 1.236772359398223, 1.2362388062897054, 0.9814418520365737, 0.9812809249952784, 0.877450246632862, 0.8771643177502749, 0.8098406528174149, 0.8090580332238401, 0.7581729704428483, 0.7579983068696986, 0.737653603918247, 0.7369695713366977, 0.7310278589614123]"
n16_block16_d3_stack_nonlinear_T32_s9401103,16,block,block,16,3,stack_nonlinear,32,9401103,1584,48,76032,1,1,8448,8448,8448,8448,16,16,16,"[1.815806910925832, 1.5921511592727764, 1.5852195851759816, 1.3866857797915113, 1.3777175000931685, 1.3318588490852754, 1.3245393544074744, 1.253025891422257, 1.2463829018715245, 1.1558991709885393, 1.1531184763286748, 1.0883189150051837, 1.0868222650141126, 1.0801009962705408, 1.0749170758973474, 1.0726512585560077]"
n16_block16_d3_stack_nonlinear_T32_s9401103,16,block,block,16,3,stack_nonlinear,32,9401103,1584,48,76032,1,2,8448,0,0,0,0,0,0,"[0.0, 0.0, 0.0, 0.0, 0.0, 0.0, 0.0, 0.0, 0.0, 0.0, 0.0, 0.0, 0.0, 0.0, 0.0, 0.0]"
n16_block16_d3_stack_nonlinear_T32_s9401103,16,block,block,16,3,stack_nonlinear,32,9401103,1584,48,76032,1,3,8448,0,0,0,0,0,0,"[0.0, 0.0, 0.0, 0.0, 0.0, 0.0, 0.0, 0.0, 0.0, 0.0, 0.0, 0.0, 0.0, 0.0, 0.0, 0.0]"
n16_block16_d3_stack_nonlinear_T32_s9401103,16,block,block,16,3,stack_nonlinear,32,9401103,1584,48,76032,2,1,8448,8448,8448,8448,16,16,16,"[0.9899330180093208, 0.8489479972564611, 0.7835821886002557, 0.6546971722329559, 0.6234175323229314, 0.5681542941803123, 0.4628866777374012, 0.4395140978598009, 0.40663435060907355, 0.34517632232993267, 0.29931471849140595, 0.25583794622582573, 0.21485829376223475, 0.17910191013288182, 0.15714155972122526, 0.14118286858942733]"
n16_block16_d3_stack_nonlinear_T32_s9401103,16,block,block,16,3,stack_nonlinear,32,9401103,1584,48,76032,2,2,8448,8448,8448,8448,16,16,16,"[1.715983407242453, 1.283461880797469, 1.282566974772571, 1.1222308275296413, 1.1193157762299324, 1.0804277873596007, 1.0782832294132194, 0.9858996851296548, 0.9814207231466155, 0.9209480886566379, 0.917549164488729, 0.8863975153721166, 0.8852621824095354, 0.8567853722657528, 0.8529894162613076, 0.8422692184063449]"
n16_block16_d3_stack_nonlinear_T32_s9401103,16,block,block,16,3,stack_nonlinear,32,9401103,1584,48,76032,2,3,8448,0,0,0,0,0,0,"[0.0, 0.0, 0.0, 0.0, 0.0, 0.0, 0.0, 0.0, 0.0, 0.0, 0.0, 0.0, 0.0, 0.0, 0.0, 0.0]"
n16_block16_d3_stack_nonlinear_T32_s9401103,16,block,block,16,3,stack_nonlinear,32,9401103,1584,48,76032,3,1,8448,8448,8448,8448,16,16,16,"[0.47002191115060105, 0.366201862494737, 0.29279169618173423, 0.2548475128743518, 0.2278999445082072, 0.21048118593747436, 0.15761688175150396, 0.1334795098710075, 0.1254133409244097, 0.10842774910105367, 0.08859253794182051, 0.08639340344208055, 0.06684718105221146, 0.04926229989964402, 0.03952921017914999, 0.027128940226408983]"
n16_block16_d3_stack_nonlinear_T32_s9401103,16,block,block,16,3,stack_nonlinear,32,9401103,1584,48,76032,3,2,8448,8448,8448,8448,16,16,16,"[0.8413523554464577, 0.6808337785161291, 0.623549164919848, 0.5980867362020351, 0.5158889648533018, 0.4086789806916719, 0.31755137435158065, 0.28570110821148015, 0.24951265827509814, 0.23593438905087333, 0.20048855613596578, 0.1732057703684922, 0.14299857439226268, 0.11324926316216115, 0.07528713048674615, 0.05680524375634311]"
n16_block16_d3_stack_nonlinear_T32_s9401103,16,block,block,16,3,stack_nonlinear,32,9401103,1584,48,76032,3,3,8448,8448,8448,8448,16,16,16,"[1.698059481791221, 1.3342590752787706, 1.3334790269503243, 1.0692864894053162, 1.0685904650596452, 1.0268579216738392, 1.0259498410469228, 0.9509869322460435, 0.9497535160649165, 0.8088170849626342, 0.8079302364844769, 0.7765100375781312, 0.7750965246593029, 0.7567916438548224, 0.7562101320460523, 0.7558552258230575]"
n16_block16_d3_stack_nonlinear_T32_s9401104,16,block,block,16,3,stack_nonlinear,32,9401104,1584,48,76032,1,1,8448,8448,8448,8448,16,16,16,"[1.8599030398770733, 1.5879258529941769, 1.5816649995158438, 1.4521676440756173, 1.4488852276930086, 1.3450180354758006, 1.3402845472544418, 1.3240822955281928, 1.3224101198642189, 1.2729750307633048, 1.2679086628277407, 1.2424807204257096, 1.241155589177837, 1.198627412200805, 1.1942651038230998, 1.185761476028731]"
n16_block16_d3_stack_nonlinear_T32_s9401104,16,block,block,16,3,stack_nonlinear,32,9401104,1584,48,76032,1,2,8448,0,0,0,0,0,0,"[0.0, 0.0, 0.0, 0.0, 0.0, 0.0, 0.0, 0.0, 0.0, 0.0, 0.0, 0.0, 0.0, 0.0, 0.0, 0.0]"
n16_block16_d3_stack_nonlinear_T32_s9401104,16,block,block,16,3,stack_nonlinear,32,9401104,1584,48,76032,1,3,8448,0,0,0,0,0,0,"[0.0, 0.0, 0.0, 0.0, 0.0, 0.0, 0.0, 0.0, 0.0, 0.0, 0.0, 0.0, 0.0, 0.0, 0.0, 0.0]"
n16_block16_d3_stack_nonlinear_T32_s9401104,16,block,block,16,3,stack_nonlinear,32,9401104,1584,48,76032,2,1,8448,8448,8448,8448,16,16,16,"[1.041381779198487, 0.9502157327918401, 0.8184946810416917, 0.7980255935914963, 0.6521408942604331, 0.591607381101577, 0.5084281534846385, 0.4601659323547147, 0.4318321738934641, 0.37945068540549143, 0.35539300261711565, 0.2612139253921436, 0.21848847804446547, 0.20494524107057324, 0.15392766490684387, 0.1415732968783423]"
n16_block16_d3_stack_nonlinear_T32_s9401104,16,block,block,16,3,stack_nonlinear,32,9401104,1584,48,76032,2,2,8448,8448,8448,8448,16,16,16,"[1.7227842169026697, 1.4733936260559204, 1.4732156049612561, 1.1637679711174889, 1.16033319997558, 1.0313198309747593, 1.0310114599126339, 0.9416584517177976, 0.9403228866463338, 0.8889717487427627, 0.8878926717732296, 0.8565081849206494, 0.8535180983470367, 0.8295955779113499, 0.8288877168558693, 0.8044574194836609]"
n16_block16_d3_stack_nonlinear_T32_s9401104,16,block,block,16,3,stack_nonlinear,32,9401104,1584,48,76032,2,3,8448,0,0,0,0,0,0,"[0.0, 0.0, 0.0, 0.0, 0.0, 0.0, 0.0, 0.0, 0.0, 0.0, 0.0, 0.0, 0.0, 0.0, 0.0, 0.0]"
n16_block16_d3_stack_nonlinear_T32_s9401104,16,block,block,16,3,stack_nonlinear,32,9401104,1584,48,76032,3,1,8448,8448,8448,8448,16,16,16,"[0.5915152003062464, 0.5110645941944914, 0.3523096420464929, 0.30905220515388554, 0.24080663309161743, 0.22238122846242764, 0.18920412882065646, 0.1674354596263, 0.12578275001574007, 0.10915537499629382, 0.09726319643293768, 0.08454215429771052, 0.0724631800781817, 0.06003000762632172, 0.04923641261978425, 0.0439650011354992]"
n16_block16_d3_stack_nonlinear_T32_s9401104,16,block,block,16,3,stack_nonlinear,32,9401104,1584,48,76032,3,2,8448,8448,8448,8448,16,16,16,"[0.9750358767284824, 0.7613657750588853, 0.6768246832961106, 0.5389537339467168, 0.4676983881876384, 0.42725066585248345, 0.4092353949185202, 0.32523755647537145, 0.2830296558472928, 0.25116723425922205, 0.20795556136837273, 0.15570354179842333, 0.14798579593282127, 0.11635423244674813, 0.09478075597446639, 0.0744279168421741]"
n16_block16_d3_stack_nonlinear_T32_s9401104,16,block,block,16,3,stack_nonlinear,32,9401104,1584,48,76032,3,3,8448,8448,8448,8448,16,16,16,"[1.6968308645823214, 1.4901573168430016, 1.4890882528306346, 1.1622303456428942, 1.1616865618523669, 0.9680146391025869, 0.9674155028280406, 0.9082603330183253, 0.9076294887179132, 0.8098854686682234, 0.8092888981767332, 0.7595154740201245, 0.7592370783615742, 0.7377840721855539, 0.7375461099631772, 0.7366037802485681]"
n16_block16_d3_stack_nonlinear_T128_s9401100,16,block,block,16,3,stack_nonlinear,128,9401100,1584,48,76032,1,1,8448,8448,8448,8448,16,16,16,"[1.8554871757247233, 1.5570319910452854, 1.5548751432410761, 1.4461634363888167, 1.4332391428916849, 1.3769532607068506, 1.3609897340639092, 1.2181158745561722, 1.2084261009364454, 1.1428256916215291, 1.1331910681603532, 1.0859483923285131, 1.0800434065928373, 1.0534833176747653, 1.049985147336461, 1.0405619948668068]"
n16_block16_d3_stack_nonlinear_T128_s9401100,16,block,block,16,3,stack_nonlinear,128,9401100,1584,48,76032,1,2,8448,0,0,0,0,0,0,"[0.0, 0.0, 0.0, 0.0, 0.0, 0.0, 0.0, 0.0, 0.0, 0.0, 0.0, 0.0, 0.0, 0.0, 0.0, 0.0]"
n16_block16_d3_stack_nonlinear_T128_s9401100,16,block,block,16,3,stack_nonlinear,128,9401100,1584,48,76032,1,3,8448,0,0,0,0,0,0,"[0.0, 0.0, 0.0, 0.0, 0.0, 0.0, 0.0, 0.0, 0.0, 0.0, 0.0, 0.0, 0.0, 0.0, 0.0, 0.0]"
n16_block16_d3_stack_nonlinear_T128_s9401100,16,block,block,16,3,stack_nonlinear,128,9401100,1584,48,76032,2,1,8448,8448,8448,8448,16,16,16,"[0.8947700018169954, 0.8614291370751889, 0.7262540929500487, 0.595329876675969, 0.5690214997127976, 0.52965774057412, 0.4681016488584276, 0.4126473784967287, 0.39252174210062013, 0.3258186629881016, 0.30044455014099924, 0.23767469375311087, 0.2225987896832249, 0.19929560337066415, 0.1382748949027892, 0.11964666444432993]"
n16_block16_d3_stack_nonlinear_T128_s9401100,16,block,block,16,3,stack_nonlinear,128,9401100,1584,48,76032,2,2,8448,8448,8448,8448,16,16,16,"[1.7346475651909157, 1.4143339780032496, 1.4131468866695414, 1.289057869031553, 1.28572937185601, 1.0187969657810767, 1.017420272395183, 0.941010382483072, 0.940735115177013, 0.8780564140401929, 0.8770593182424379, 0.8134527366599078, 0.8125387634778064, 0.7977489062518157, 0.7969208478745087, 0.7877190280735203]"
n16_block16_d3_stack_nonlinear_T128_s9401100,16,block,block,16,3,stack_nonlinear,128,9401100,1584,48,76032,2,3,8448,0,0,0,0,0,0,"[0.0, 0.0, 0.0, 0.0, 0.0, 0.0, 0.0, 0.0, 0.0, 0.0, 0.0, 0.0, 0.0, 0.0, 0.0, 0.0]"
n16_block16_d3_stack_nonlinear_T128_s9401100,16,block,block,16,3,stack_nonlinear,128,9401100,1584,48,76032,3,1,8448,8448,8448,8448,16,16,16,"[0.3949861822462666, 0.3666920244859238, 0.31366703756994596, 0.23538653901841636, 0.21298450552142456, 0.17979379730870682, 0.15128964940010783, 0.12999465818315017, 0.10477945828006734, 0.10202072338869117, 0.09242152123657667, 0.07395687085162674, 0.06047958279753538, 0.05931620907536735, 0.056805005550844966, 0.04395090326954782]"
n16_block16_d3_stack_nonlinear_T128_s9401100,16,block,block,16,3,stack_nonlinear,128,9401100,1584,48,76032,3,2,8448,8448,8448,8448,16,16,16,"[0.9094405174693576, 0.7543986360514725, 0.6282986384319905, 0.5552309247472246, 0.505444040643932, 0.46050924196789184, 0.3184990368385089, 0.26673449282790457, 0.252024401619952, 0.18751925755125928, 0.18007660484477087, 0.157524209190535, 0.12564314434366372, 0.10718051662504029, 0.08149600274871487, 0.0586354081082449]"
n16_block16_d3_stack_nonlinear_T128_s9401100,16,block,block,16,3,stack_nonlinear,128,9401100,1584,48,76032,3,3,8448,8448,8448,8448,16,16,16,"[1.703101517930952, 1.3245692732836176, 1.323112292426324, 1.0937638926040865, 1.09352326542554, 1.0009583009206637, 1.0004009050808478, 0.9283234114673977, 0.9281359345321925, 0.810939395143646, 0.8101858261406947, 0.7643931383438808, 0.7641404850618821, 0.7406448209604576, 0.7405716733720635, 0.7387744499623884]"
n16_block16_d3_stack_nonlinear_T128_s9401101,16,block,block,16,3,stack_nonlinear,128,9401101,1584,48,76032,1,1,8448,8448,8448,8448,16,16,16,"[1.7886251181141686, 1.5194040161015625, 1.5179399350968488, 1.3414201138488526, 1.3294485755176917, 1.2508073276608005, 1.2463701337853335, 1.1647374405384834, 1.159278712365935, 1.150121342560509, 1.1468942912293703, 1.1215359407485916, 1.1129536041808081, 1.1108200310895329, 1.1026897932566004, 1.0954894993753854]"
n16_block16_d3_stack_nonlinear_T128_s9401101,16,block,block,16,3,stack_nonlinear,128,9401101,1584,48,76032,1,2,8448,0,0,0,0,0,0,"[0.0, 0.0, 0.0, 0.0, 0.0, 0.0, 0.0, 0.0, 0.0, 0.0, 0.0, 0.0, 0.0, 0.0, 0.0, 0.0]"
n16_block16_d3_stack_nonlinear_T128_s9401101,16,block,block,16,3,stack_nonlinear,128,9401101,1584,48,76032,1,3,8448,0,0,0,0,0,0,"[0.0, 0.0, 0.0, 0.0, 0.0, 0.0, 0.0, 0.0, 0.0, 0.0, 0.0, 0.0, 0.0, 0.0, 0.0, 0.0]"
n16_block16_d3_stack_nonlinear_T128_s9401101,16,block,block,16,3,stack_nonlinear,128,9401101,1584,48,76032,2,1,8448,8448,8448,8448,16,16,16,"[0.8846447054615184, 0.7932241823458261, 0.7430878940988462, 0.6522420847771621, 0.6396834094772486, 0.5416560919931852, 0.4970387960747851, 0.46714815081986666, 0.41293251549982046, 0.36089023993251956, 0.33220864216556334, 0.29233409069431876, 0.2478256847458037, 0.2195364350119645, 0.17571999907965044, 0.1398501978607396]"
n16_block16_d3_stack_nonlinear_T128_s9401101,16,block,block,16,3,stack_nonlinear,128,9401101,1584,48,76032,2,2,8448,8448,8448,8448,16,16,16,"[1.7275286951335636, 1.3592298913159941, 1.358656123980085, 1.2281566993947897, 1.224865320727678, 1.0473577887987426, 1.0461759320751585, 0.9838575498526378, 0.9830536186220651, 0.9458448803340954, 0.9443321166599272, 0.8609299144989114, 0.8604610932340536, 0.840212852717512, 0.8394031565879687, 0.8382504760693749]"
n16_block16_d3_stack_nonlinear_T128_s9401101,16,block,block,16,3,stack_nonlinear,128,9401101,1584,48,76032,2,3,8448,0,0,0,0,0,0,"[0.0, 0.0, 0.0, 0.0, 0.0, 0.0, 0.0, 0.0, 0.0, 0.0, 0.0, 0.0, 0.0, 0.0, 0.0, 0.0]"
n16_block16_d3_stack_nonlinear_T128_s9401101,16,block,block,16,3,stack_nonlinear,128,9401101,1584,48,76032,3,1,8448,8448,8448,8448,16,16,16,"[0.46981632557044434, 0.36948351603591284, 0.30597757794214747, 0.27556639102292146, 0.26068697070637414, 0.20425569503412289, 0.17179459014303583, 0.1542055240914916, 0.1362497900488744, 0.11580960146994229, 0.11027130670178568, 0.0858136482128236, 0.08191109506994991, 0.06466007442125382, 0.04888942154158508, 0.03272435307115457]"
n16_block16_d3_stack_nonlinear_T128_s9401101,16,block,block,16,3,stack_nonlinear,128,9401101,1584,48,76032,3,2,8448,8448,8448,8448,16,16,16,"[0.8998780572407268, 0.7942651025742671, 0.6589593261591931, 0.6444808805396445, 0.5397740140511861, 0.42455501997807454, 0.39110409847430755, 0.3503698904448538, 0.28497868625385675, 0.26512210748859544, 0.2582120552364996, 0.17856085554260712, 0.15386999239116156, 0.12097773658586873, 0.10039413850775347, 0.068679462802338]"
n16_block16_d3_stack_nonlinear_T128_s9401101,16,block,block,16,3,stack_nonlinear,128,9401101,1584,48,76032,3,3,8448,8448,8448,8448,16,16,16,"[1.7022093323413476, 1.4624383161486874, 1.4594613618790182, 1.3568043278195407, 1.354466597273045, 1.023803752414268, 1.0231513938354886, 0.8205763375662782, 0.819411998085676, 0.7875414348552898, 0.7871354263983528, 0.7679500762249275, 0.7675508140476047, 0.7508205670067948, 0.7497854854235763, 0.7419140530759837]"
n16_block16_d3_stack_nonlinear_T128_s9401102,16,block,block,16,3,stack_nonlinear,128,9401102,1584,48,76032,1,1,8448,8448,8448,8448,16,16,16,"[1.8551022921622278, 1.6538436384380368, 1.6438179238214237, 1.5788709990836964, 1.570840183453238, 1.2134037651465683, 1.2016818338760757, 1.177651764040005, 1.1671293748463252, 1.1490409178857022, 1.1458631201880918, 1.1293558723581034, 1.1273750268925007, 1.1246419804313008, 1.1189296990814794, 1.1161631325124106]"
n16_block16_d3_stack_nonlinear_T128_s9401102,16,block,block,16,3,stack_nonlinear,128,9401102,1584,48,76032,1,2,8448,0,0,0,0,0,0,"[0.0, 0.0, 0.0, 0.0, 0.0, 0.0, 0.0, 0.0, 0.0, 0.0, 0.0, 0.0, 0.0, 0.0, 0.0, 0.0]"
n16_block16_d3_stack_nonlinear_T128_s9401102,16,block,block,16,3,stack_nonlinear,128,9401102,1584,48,76032,1,3,8448,0,0,0,0,0,0,"[0.0, 0.0, 0.0, 0.0, 0.0, 0.0, 0.0, 0.0, 0.0, 0.0, 0.0, 0.0, 0.0, 0.0, 0.0, 0.0]"
n16_block16_d3_stack_nonlinear_T128_s9401102,16,block,block,16,3,stack_nonlinear,128,9401102,1584,48,76032,2,1,8448,8448,8448,8448,16,16,16,"[1.0446504667707666, 0.8687014566562336, 0.8432113363279197, 0.7768438577148911, 0.7283488337651238, 0.5467118096095205, 0.5217010309000575, 0.4687330964756181, 0.4086815445460755, 0.36977687996292813, 0.2866704496879797, 0.24653700506492277, 0.22671041969925862, 0.18194419806307188, 0.17814452826886687, 0.1381400496407256]"
n16_block16_d3_stack_nonlinear_T128_s9401102,16,block,block,16,3,stack_nonlinear,128,9401102,1584,48,76032,2,2,8448,8448,8448,8448,16,16,16,"[1.715285194983977, 1.3177669806831873, 1.312414399296386, 1.1928392132050742, 1.1910682508871484, 1.0747275307480941, 1.07384061792545, 0.9499094133724487, 0.9489645698268394, 0.8887785939415322, 0.8872089349446047, 0.865625169307083, 0.8646491264129392, 0.8536296834766303, 0.8524699598420584, 0.847196918532877]"
n16_block16_d3_stack_nonlinear_T128_s9401102,16,block,block,16,3,stack_nonlinear,128,9401102,1584,48,76032,2,3,8448,0,0,0,0,0,0,"[0.0, 0.0, 0.0, 0.0, 0.0, 0.0, 0.0, 0.0, 0.0, 0.0, 0.0, 0.0, 0.0, 0.0, 0.0, 0.0]"
n16_block16_d3_stack_nonlinear_T128_s9401102,16,block,block,16,3,stack_nonlinear,128,9401102,1584,48,76032,3,1,8448,8448,8448,8448,16,16,16,"[0.533538762939271, 0.41141093947722995, 0.3210976812248417, 0.2667960925023572, 0.23906071860145123, 0.17802051701710342, 0.1504219467179369, 0.14760258535738702, 0.13006156400104918, 0.11520384478272247, 0.09453455394028344, 0.08815567153756257, 0.07424445013676033, 0.06378730955233965, 0.04743437719378536, 0.041211209205680714]"
n16_block16_d3_stack_nonlinear_T128_s9401102,16,block,block,16,3,stack_nonlinear,128,9401102,1584,48,76032,3,2,8448,8448,8448,8448,16,16,16,"[0.9800148214059569, 0.7323646568126587, 0.6754904135068489, 0.47477193055642636, 0.4370547455025802, 0.42296829464226393, 0.36873471336141755, 0.3625383754859315, 0.3148895360108073, 0.25865039823414526, 0.22955634976393, 0.1830538445652919, 0.14671365001986264, 0.14003391213813834, 0.10765731907565691, 0.07140866408192972]"
n16_block16_d3_stack_nonlinear_T128_s9401102,16,block,block,16,3,stack_nonlinear,128,9401102,1584,48,76032,3,3,8448,8448,8448,8448,16,16,16,"[1.6823249692973097, 1.3987561819039918, 1.3975537406911571, 1.2408062896216034, 1.2399825561860767, 0.9896892633535735, 0.989292008240029, 0.8884592172766081, 0.8882319059816186, 0.8230265899903145, 0.8227714342284361, 0.7752186422308905, 0.7751092649411578, 0.7573083386625455, 0.7569281416669281, 0.7524162395572499]"
n16_block16_d3_stack_nonlinear_T128_s9401103,16,block,block,16,3,stack_nonlinear,128,9401103,1584,48,76032,1,1,8448,8448,8448,8448,16,16,16,"[1.8863601997454367, 1.6508581566929623, 1.634796619966688, 1.4415902620239607, 1.4273719086564485, 1.3820198275584152, 1.3719141871989387, 1.292316489762723, 1.2859005709589375, 1.2107859095018636, 1.2084308086741355, 1.1493296591598394, 1.1447513432526162, 1.1321160429306563, 1.1299082817714035, 1.1247855228073385]"
n16_block16_d3_stack_nonlinear_T128_s9401103,16,block,block,16,3,stack_nonlinear,128,9401103,1584,48,76032,1,2,8448,0,0,0,0,0,0,"[0.0, 0.0, 0.0, 0.0, 0.0, 0.0, 0.0, 0.0, 0.0, 0.0, 0.0, 0.0, 0.0, 0.0, 0.0, 0.0]"
n16_block16_d3_stack_nonlinear_T128_s9401103,16,block,block,16,3,stack_nonlinear,128,9401103,1584,48,76032,1,3,8448,0,0,0,0,0,0,"[0.0, 0.0, 0.0, 0.0, 0.0, 0.0, 0.0, 0.0, 0.0, 0.0, 0.0, 0.0, 0.0, 0.0, 0.0, 0.0]"
n16_block16_d3_stack_nonlinear_T128_s9401103,16,block,block,16,3,stack_nonlinear,128,9401103,1584,48,76032,2,1,8448,8448,8448,8448,16,16,16,"[1.0240379695227735, 0.8801906261038839, 0.8157843860495234, 0.6795973099370906, 0.6436110687604769, 0.593857785286832, 0.4934046529727795, 0.4595612871217821, 0.4304762379851731, 0.3641018737876807, 0.31930795819642654, 0.2733427644626401, 0.23055515354154796, 0.1810844865429385, 0.15779005246456415, 0.15184166274767258]"
n16_block16_d3_stack_nonlinear_T128_s9401103,16,block,block,16,3,stack_nonlinear,128,9401103,1584,48,76032,2,2,8448,8448,8448,8448,16,16,16,"[1.7440838106238568, 1.3066958611015649, 1.3059763014268213, 1.1349892782066207, 1.1330088722698695, 1.0904309245455335, 1.0884149303389767, 0.9814337188426565, 0.977738658414037, 0.9115788707974255, 0.908740771818653, 0.878664946726688, 0.8779832900731268, 0.8554172642547396, 0.8532701845287161, 0.8453067772028929]"
n16_block16_d3_stack_nonlinear_T128_s9401103,16,block,block,16,3,stack_nonlinear,128,9401103,1584,48,76032,2,3,8448,0,0,0,0,0,0,"[0.0, 0.0, 0.0, 0.0, 0.0, 0.0, 0.0, 0.0, 0.0, 0.0, 0.0, 0.0, 0.0, 0.0, 0.0, 0.0]"
n16_block16_d3_stack_nonlinear_T128_s9401103,16,block,block,16,3,stack_nonlinear,128,9401103,1584,48,76032,3,1,8448,8448,8448,8448,16,16,16,"[0.4773038344005103, 0.38298266052913127, 0.31210717255378445, 0.2709156113550696, 0.23503551067215608, 0.22196322903009685, 0.16798143069312083, 0.14177296441012635, 0.12968539186799116, 0.11092908923856658, 0.09101458335116765, 0.0860582803099571, 0.06738430543117958, 0.0489704470267614, 0.04007135270327589, 0.025819296905447386]"
n16_block16_d3_stack_nonlinear_T128_s9401103,16,block,block,16,3,stack_nonlinear,128,9401103,1584,48,76032,3,2,8448,8448,8448,8448,16,16,16,"[0.8558628362065794, 0.6915525135775095, 0.6365718305394545, 0.6055490609322544, 0.5194448414130501, 0.40955701803822125, 0.3185413989283934, 0.281576411124933, 0.24837898402098618, 0.23146407867703775, 0.19935937321698532, 0.17384741282419547, 0.1410992165571492, 0.11306476042261644, 0.06933756350349508, 0.052115155408501354]"
n16_block16_d3_stack_nonlinear_T128_s9401103,16,block,block,16,3,stack_nonlinear,128,9401103,1584,48,76032,3,3,8448,8448,8448,8448,16,16,16,"[1.6908768917998969, 1.3292430873838779, 1.3265913583319735, 1.0638146142630398, 1.0635367831003537, 1.0207576647030387, 1.0195241386467055, 0.9432376495415381, 0.9425146547006013, 0.7987480281357158, 0.7978769290391083, 0.767011159947236, 0.7667045456423403, 0.7485965408505213, 0.7480103841514016, 0.7479186069483386]"
n16_block16_d3_stack_nonlinear_T128_s9401104,16,block,block,16,3,stack_nonlinear,128,9401104,1584,48,76032,1,1,8448,8448,8448,8448,16,16,16,"[1.9476399958798598, 1.651545750359763, 1.6425312950391178, 1.4930421671819467, 1.4885943514910105, 1.3407358221533652, 1.33640193493238, 1.29796962471504, 1.295501575776889, 1.1935672440521774, 1.1918866198623486, 1.1578135624759935, 1.1559412835546, 1.1050460625050103, 1.095951786066618, 1.0890565851463787]"
n16_block16_d3_stack_nonlinear_T128_s9401104,16,block,block,16,3,stack_nonlinear,128,9401104,1584,48,76032,1,2,8448,0,0,0,0,0,0,"[0.0, 0.0, 0.0, 0.0, 0.0, 0.0, 0.0, 0.0, 0.0, 0.0, 0.0, 0.0, 0.0, 0.0, 0.0, 0.0]"
n16_block16_d3_stack_nonlinear_T128_s9401104,16,block,block,16,3,stack_nonlinear,128,9401104,1584,48,76032,1,3,8448,0,0,0,0,0,0,"[0.0, 0.0, 0.0, 0.0, 0.0, 0.0, 0.0, 0.0, 0.0, 0.0, 0.0, 0.0, 0.0, 0.0, 0.0, 0.0]"
n16_block16_d3_stack_nonlinear_T128_s9401104,16,block,block,16,3,stack_nonlinear,128,9401104,1584,48,76032,2,1,8448,8448,8448,8448,16,16,16,"[1.0514318047383202, 0.9804679518854336, 0.8036230623520341, 0.7644441083013708, 0.6066348355540715, 0.57441933114056, 0.4800088158235412, 0.42836065422262415, 0.38211621768314147, 0.34637207127606645, 0.32909744837439237, 0.23965874147512903, 0.19291509915170746, 0.18495890876377064, 0.1218383195336225, 0.11337397329118883]"
n16_block16_d3_stack_nonlinear_T128_s9401104,16,block,block,16,3,stack_nonlinear,128,9401104,1584,48,76032,2,2,8448,8448,8448,8448,16,16,16,"[1.707025250822104, 1.4653014131858455, 1.4645048765313062, 1.154081070174118, 1.153872648591917, 1.0179354191225647, 1.0159866955722738, 0.92361130825715, 0.9229785999078104, 0.8705507817490281, 0.869927191971078, 0.8407915482197605, 0.8403652022941054, 0.8147366492336491, 0.8143337799288733, 0.788426772475378]"
n16_block16_d3_stack_nonlinear_T128_s9401104,16,block,block,16,3,stack_nonlinear,128,9401104,1584,48,76032,2,3,8448,0,0,0,0,0,0,"[0.0, 0.0, 0.0, 0.0, 0.0, 0.0, 0.0, 0.0, 0.0, 0.0, 0.0, 0.0, 0.0, 0.0, 0.0, 0.0]"
n16_block16_d3_stack_nonlinear_T128_s9401104,16,block,block,16,3,stack_nonlinear,128,9401104,1584,48,76032,3,1,8448,8448,8448,8448,16,16,16,"[0.6108591922157058, 0.5265439760710506, 0.3574464725421901, 0.27763530491568705, 0.22143413528618494, 0.18620263808582646, 0.16577199412756144, 0.14407441834974796, 0.10552749459718865, 0.10136472559104683, 0.08676497627529843, 0.07077321499936334, 0.06023774304713305, 0.04822586562958727, 0.04027273487548383, 0.03649730121103689]"
n16_block16_d3_stack_nonlinear_T128_s9401104,16,block,block,16,3,stack_nonlinear,128,9401104,1584,48,76032,3,2,8448,8448,8448,8448,16,16,16,"[0.9726646761416108, 0.7608083631100481, 0.6726355314494714, 0.5356598306518097, 0.46201803387672147, 0.4227106068487894, 0.4042906269859093, 0.31998289953854686, 0.2784882128574922, 0.24594310397362973, 0.20299472040558234, 0.15065403406635114, 0.14490068323718844, 0.1160597212311711, 0.08862128649529291, 0.06843974150705591]"
n16_block16_d3_stack_nonlinear_T128_s9401104,16,block,block,16,3,stack_nonlinear,128,9401104,1584,48,76032,3,3,8448,8448,8448,8448,16,16,16,"[1.6832373260526137, 1.4779519426422267, 1.4774856844685884, 1.1511180635192684, 1.150092060861117, 0.9553219618652808, 0.9546624852505597, 0.8950731032113403, 0.8947357261465343, 0.797101720905373, 0.7970153417315432, 0.747397497490135, 0.7468791926722478, 0.7259508147871365, 0.7258757056599429, 0.7247423901014869]"
n16_lowrank0_d1_stack_nonlinear_T32_s9401100,16,lowrank,lowrank,0,1,stack_nonlinear,32,9401100,288,16,4608,1,1,4608,288,288,288,16,16,16,"[2.0639261914184095, 2.0404129190971707, 1.959049566015767, 1.933728216331629, 1.8570588597551403, 1.853646483101071, 1.8283426634515134, 1.762353845757488, 1.7368244197674114, 1.5656362457939565, 1.5547979547372297, 1.505634497006142, 1.463674111073848, 1.4427542820487607, 1.4346307754318282, 1.4084258895411201]"
n16_lowrank0_d1_stack_nonlinear_T32_s9401101,16,lowrank,lowrank,0,1,stack_nonlinear,32,9401101,288,16,4608,1,1,4608,288,288,288,16,16,16,"[2.1785288701798162, 2.1389660150580987, 2.010014531258876, 1.9898181625234772, 1.9381275590309341, 1.8971963569227657, 1.8669838394772154, 1.8219412276568472, 1.7995346048720031, 1.744855057329982, 1.7162372652204305, 1.6952685438557413, 1.6602745025300334, 1.5875124772725107, 1.5761772736923396, 1.5172965210259923]"
n16_lowrank0_d1_stack_nonlinear_T32_s9401102,16,lowrank,lowrank,0,1,stack_nonlinear,32,9401102,288,16,4608,1,1,4608,288,288,288,16,16,16,"[1.96466479380244, 1.9551212505998194, 1.9337120439406867, 1.7975907816301364, 1.7348143783809489, 1.7315240694331533, 1.6895662735058539, 1.6282699124985978, 1.6177675529599216, 1.5377939674085255, 1.5065173960643785, 1.4961877778916128, 1.447676797946662, 1.4013951159811793, 1.3820991412127874, 1.377124985555886]"
n16_lowrank0_d1_stack_nonlinear_T32_s9401103,16,lowrank,lowrank,0,1,stack_nonlinear,32,9401103,288,16,4608,1,1,4608,288,288,288,16,16,16,"[2.0064117300405835, 1.9896265548103664, 1.866022897447346, 1.7899282319515704, 1.7232729808020903, 1.696797778228099, 1.695713561549685, 1.6515617109349798, 1.631000132854321, 1.581349678298177, 1.5421917937314193, 1.5021450161407233, 1.478260435389201, 1.4436427093412338, 1.4386630231637234, 1.3428933616816547]"
n16_lowrank0_d1_stack_nonlinear_T32_s9401104,16,lowrank,lowrank,0,1,stack_nonlinear,32,9401104,288,16,4608,1,1,4608,288,288,288,16,16,16,"[2.069216446592637, 1.9359422205126868, 1.9114004180615687, 1.9068637055078403, 1.879768866726413, 1.8065972266382213, 1.7736793470379064, 1.727098537116585, 1.697351146332793, 1.6800071853557887, 1.663294373013303, 1.6418493808842012, 1.5823417495017023, 1.4987215312638584, 1.4911998566625702, 1.4876417845069425]"
n16_lowrank0_d1_stack_nonlinear_T128_s9401100,16,lowrank,lowrank,0,1,stack_nonlinear,128,9401100,288,16,4608,1,1,4608,288,288,288,16,16,16,"[2.081375007210637, 2.0750195295604748, 1.9864654898668423, 1.9703976818919609, 1.9465449248282776, 1.8771709116640016, 1.8546730352365386, 1.820888568920763, 1.75802352189536, 1.6040204113417935, 1.601559536092855, 1.5748769170161308, 1.5311598936598718, 1.5167747418015742, 1.4932303100712894, 1.4868927888888637]"
n16_lowrank0_d1_stack_nonlinear_T128_s9401101,16,lowrank,lowrank,0,1,stack_nonlinear,128,9401101,288,16,4608,1,1,4608,288,288,288,16,16,16,"[2.0565927720272508, 2.042804918376067, 1.883695955850828, 1.8604164389765143, 1.8304973023366364, 1.8155840290000247, 1.7446979433637175, 1.6919949484507923, 1.6730296278900156, 1.619554706894948, 1.591952737746782, 1.510684031690069, 1.4790845936426495, 1.4697556761545973, 1.4550687964831968, 1.3997535938247885]"
n16_lowrank0_d1_stack_nonlinear_T128_s9401102,16,lowrank,lowrank,0,1,stack_nonlinear,128,9401102,288,16,4608,1,1,4608,288,288,288,16,16,16,"[2.0076268421878325, 1.9701638933608205, 1.9445078745754965, 1.8522819495610447, 1.8215047933813882, 1.7905205773124127, 1.7102012896513286, 1.696507365377754, 1.6775368853729868, 1.597388828526479, 1.5574937054948508, 1.557132802755077, 1.5048549445772892, 1.4706524074756042, 1.4538592438596771, 1.4438666120284016]"
n16_lowrank0_d1_stack_nonlinear_T128_s9401103,16,lowrank,lowrank,0,1,stack_nonlinear,128,9401103,288,16,4608,1,1,4608,288,288,288,16,16,16,"[2.076476380631242, 2.0623950600578342, 1.9162780610005499, 1.8438764012728397, 1.7842066435231496, 1.7431243571607489, 1.7425666408504987, 1.6852284886977018, 1.6500610016813264, 1.6137196987796385, 1.5683751936613393, 1.5554192641132132, 1.4849657526101085, 1.4646417992893035, 1.4597251589532045, 1.4394466605841452]"
n16_lowrank0_d1_stack_nonlinear_T128_s9401104,16,lowrank,lowrank,0,1,stack_nonlinear,128,9401104,288,16,4608,1,1,4608,288,288,288,16,16,16,"[2.170071041696587, 1.9918016742941407, 1.987307739445582, 1.9741742680262213, 1.9159079813356583, 1.912154574776967, 1.8138882111108754, 1.7907587705139918, 1.778672655283477, 1.7509226608363153, 1.7392647404282464, 1.6972444682727508, 1.602889893567341, 1.5916372229214044, 1.5460619926652173, 1.5314388443679796]"
n16_lowrank0_d3_stack_nonlinear_T32_s9401100,16,lowrank,lowrank,0,3,stack_nonlinear,32,9401100,864,48,41472,1,1,4608,288,288,288,16,16,16,"[2.0639261914184095, 2.0404129190971707, 1.959049566015767, 1.933728216331629, 1.8570588597551403, 1.853646483101071, 1.8283426634515134, 1.762353845757488, 1.7368244197674114, 1.5656362457939565, 1.5547979547372297, 1.505634497006142, 1.463674111073848, 1.4427542820487607, 1.4346307754318282, 1.4084258895411201]"
n16_lowrank0_d3_stack_nonlinear_T32_s9401100,16,lowrank,lowrank,0,3,stack_nonlinear,32,9401100,864,48,41472,1,2,4608,0,0,0,0,0,0,"[0.0, 0.0, 0.0, 0.0, 0.0, 0.0, 0.0, 0.0, 0.0, 0.0, 0.0, 0.0, 0.0, 0.0, 0.0, 0.0]"
n16_lowrank0_d3_stack_nonlinear_T32_s9401100,16,lowrank,lowrank,0,3,stack_nonlinear,32,9401100,864,48,41472,1,3,4608,0,0,0,0,0,0,"[0.0, 0.0, 0.0, 0.0, 0.0, 0.0, 0.0, 0.0, 0.0, 0.0, 0.0, 0.0, 0.0, 0.0, 0.0, 0.0]"
n16_lowrank0_d3_stack_nonlinear_T32_s9401100,16,lowrank,lowrank,0,3,stack_nonlinear,32,9401100,864,48,41472,2,1,4608,4608,4608,4608,16,16,16,"[2.2096638217724416, 1.8865974582681964, 1.5816064909566754, 1.485206872717319, 1.2069249684120604, 1.1307427647466555, 0.9536015648225439, 0.8747363491088219, 0.7841525263017615, 0.6716888334662869, 0.6143658047499021, 0.5110665862698942, 0.3197116352149152, 0.22927859524332656, 0.1303591604707046, 0.05979287271772323]"
n16_lowrank0_d3_stack_nonlinear_T32_s9401100,16,lowrank,lowrank,0,3,stack_nonlinear,32,9401100,864,48,41472,2,2,4608,288,288,288,16,16,16,"[2.0784832775857645, 2.0379105516936358, 2.0368515900139808, 2.014437508925276, 1.9518910697004923, 1.9185974659252631, 1.9018258200283127, 1.890177191403362, 1.7861065475547446, 1.758381513208029, 1.6985766655795593, 1.6229598062979647, 1.5947244025320464, 1.5896218685668273, 1.3818273255190006, 1.3500725616179556]"
n16_lowrank0_d3_stack_nonlinear_T32_s9401100,16,lowrank,lowrank,0,3,stack_nonlinear,32,9401100,864,48,41472,2,3,4608,0,0,0,0,0,0,"[0.0, 0.0, 0.0, 0.0, 0.0, 0.0, 0.0, 0.0, 0.0, 0.0, 0.0, 0.0, 0.0, 0.0, 0.0, 0.0]"
n16_lowrank0_d3_stack_nonlinear_T32_s9401100,16,lowrank,lowrank,0,3,stack_nonlinear,32,9401100,864,48,41472,3,1,4608,4608,4608,4608,16,16,16,"[1.4320798429072548, 1.3644693086445399, 0.9416790910026325, 0.7257449337402205, 0.6602684406549815, 0.5934475581018521, 0.507834785634467, 0.38276422167551005, 0.35800526433529223, 0.2560838997368861, 0.19065192969824737, 0.13496416891022672, 0.06895174464939911, 0.03332885812397125, 0.02033002807781382, 0.017826084026314446]"
n16_lowrank0_d3_stack_nonlinear_T32_s9401100,16,lowrank,lowrank,0,3,stack_nonlinear,32,9401100,864,48,41472,3,2,4608,4608,4608,4608,16,16,16,"[2.0031580657651133, 1.6675834355345827, 1.5871976158712302, 1.4790981613047394, 1.2323184247496854, 1.0806214439552526, 0.9484148408768853, 0.8456569748050511, 0.7935983697828572, 0.6810720979338091, 0.6208722859046426, 0.5275164717255676, 0.36492970772179184, 0.25371974161106603, 0.1514564265622986, 0.07620965854596679]"
n16_lowrank0_d3_stack_nonlinear_T32_s9401100,16,lowrank,lowrank,0,3,stack_nonlinear,32,9401100,864,48,41472,3,3,4608,288,288,288,16,16,16,"[1.9361248893410792, 1.746708455773607, 1.7266254302372193, 1.7085094807797905, 1.6474887485005474, 1.6406003076806643, 1.634474817295736, 1.6085174591514357, 1.6070958112819114, 1.5882755429545303, 1.4724146539403398, 1.4712679334610457, 1.4510424176108827, 1.421319759591854, 1.4199030447693544, 1.2772006905686426]"
n16_lowrank0_d3_stack_nonlinear_T32_s9401101,16,lowrank,lowrank,0,3,stack_nonlinear,32,9401101,864,48,41472,1,1,4608,288,288,288,16,16,16,"[2.1785288701798162, 2.1389660150580987, 2.010014531258876, 1.9898181625234772, 1.9381275590309341, 1.8971963569227657, 1.8669838394772154, 1.8219412276568472, 1.7995346048720031, 1.744855057329982, 1.7162372652204305, 1.6952685438557413, 1.6602745025300334, 1.5875124772725107, 1.5761772736923396, 1.5172965210259923]"
n16_lowrank0_d3_stack_nonlinear_T32_s9401101,16,lowrank,lowrank,0,3,stack_nonlinear,32,9401101,864,48,41472,1,2,4608,0,0,0,0,0,0,"[0.0, 0.0, 0.0, 0.0, 0.0, 0.0, 0.0, 0.0, 0.0, 0.0, 0.0, 0.0, 0.0, 0.0, 0.0, 0.0]"
n16_lowrank0_d3_stack_nonlinear_T32_s9401101,16,lowrank,lowrank,0,3,stack_nonlinear,32,9401101,864,48,41472,1,3,4608,0,0,0,0,0,0,"[0.0, 0.0, 0.0, 0.0, 0.0, 0.0, 0.0, 0.0, 0.0, 0.0, 0.0, 0.0, 0.0, 0.0, 0.0, 0.0]"
n16_lowrank0_d3_stack_nonlinear_T32_s9401101,16,lowrank,lowrank,0,3,stack_nonlinear,32,9401101,864,48,41472,2,1,4608,4608,4608,4608,16,16,16,"[2.013721115898944, 1.878341557667551, 1.5277760002144511, 1.4188540534412022, 1.3142721769808499, 1.2525140027831538, 1.1353776956842976, 1.0081866200409901, 0.7705140279934045, 0.6929588691003847, 0.6079072588595767, 0.4669320048449169, 0.4275584888314803, 0.23249555385718584, 0.10888738458456572, 0.07862854226692746]"
n16_lowrank0_d3_stack_nonlinear_T32_s9401101,16,lowrank,lowrank,0,3,stack_nonlinear,32,9401101,864,48,41472,2,2,4608,288,288,288,16,16,16,"[1.946536299865056, 1.8778993623655755, 1.8135036663414075, 1.724037150758906, 1.6219616387674993, 1.6206723536834067, 1.6100124520478507, 1.5115735059249091, 1.496827834030491, 1.4778275213025927, 1.4735742256062863, 1.4521614810222525, 1.4435076105585263, 1.332566114377911, 1.3269411533832007, 1.3230035376130571]"
n16_lowrank0_d3_stack_nonlinear_T32_s9401101,16,lowrank,lowrank,0,3,stack_nonlinear,32,9401101,864,48,41472,2,3,4608,0,0,0,0,0,0,"[0.0, 0.0, 0.0, 0.0, 0.0, 0.0, 0.0, 0.0, 0.0, 0.0, 0.0, 0.0, 0.0, 0.0, 0.0, 0.0]"
n16_lowrank0_d3_stack_nonlinear_T32_s9401101,16,lowrank,lowrank,0,3,stack_nonlinear,32,9401101,864,48,41472,3,1,4608,4608,4608,4608,16,16,16,"[1.6331718840032725, 1.0496905556180187, 0.9889687486129236, 0.7799050692421589, 0.6426268732631292, 0.6231162121376481, 0.492225008079301, 0.3511341234415354, 0.26484285665816587, 0.2436305633400503, 0.21552312784323366, 0.1039672089570494, 0.05124232075371135, 0.03807228588231001, 0.019989186008851443, 0.01401784209710695]"
n16_lowrank0_d3_stack_nonlinear_T32_s9401101,16,lowrank,lowrank,0,3,stack_nonlinear,32,9401101,864,48,41472,3,2,4608,4608,4608,4608,16,16,16,"[1.6666233830843977, 1.5780756767388535, 1.4084373627564517, 1.211219562269043, 1.022252597964082, 0.9220487582033615, 0.8444116586975836, 0.736593620216891, 0.6418873404980372, 0.5737929737389753, 0.428688435880615, 0.3617712252199047, 0.22493309788898572, 0.09733295678835079, 0.06253901626118916, 0.04714333917271697]"
n16_lowrank0_d3_stack_nonlinear_T32_s9401101,16,lowrank,lowrank,0,3,stack_nonlinear,32,9401101,864,48,41472,3,3,4608,288,288,288,16,16,16,"[1.8739807178855667, 1.8026341767562064, 1.7869784377546034, 1.674840184550162, 1.663172487639943, 1.6567119188683692, 1.65612395474214, 1.6058101082222755, 1.5080395358829843, 1.475719773333956, 1.4003050580417968, 1.3947032662786982, 1.3635819023467228, 1.3231655577441948, 1.2917051408008493, 1.2778403816095187]"
n16_lowrank0_d3_stack_nonlinear_T32_s9401102,16,lowrank,lowrank,0,3,stack_nonlinear,32,9401102,864,48,41472,1,1,4608,288,288,288,16,16,16,"[1.96466479380244, 1.9551212505998194, 1.9337120439406867, 1.7975907816301364, 1.7348143783809489, 1.7315240694331533, 1.6895662735058539, 1.6282699124985978, 1.6177675529599216, 1.5377939674085255, 1.5065173960643785, 1.4961877778916128, 1.447676797946662, 1.4013951159811793, 1.3820991412127874, 1.377124985555886]"
n16_lowrank0_d3_stack_nonlinear_T32_s9401102,16,lowrank,lowrank,0,3,stack_nonlinear,32,9401102,864,48,41472,1,2,4608,0,0,0,0,0,0,"[0.0, 0.0, 0.0, 0.0, 0.0, 0.0, 0.0, 0.0, 0.0, 0.0, 0.0, 0.0, 0.0, 0.0, 0.0, 0.0]"
n16_lowrank0_d3_stack_nonlinear_T32_s9401102,16,lowrank,lowrank,0,3,stack_nonlinear,32,9401102,864,48,41472,1,3,4608,0,0,0,0,0,0,"[0.0, 0.0, 0.0, 0.0, 0.0, 0.0, 0.0, 0.0, 0.0, 0.0, 0.0, 0.0, 0.0, 0.0, 0.0, 0.0]"
n16_lowrank0_d3_stack_nonlinear_T32_s9401102,16,lowrank,lowrank,0,3,stack_nonlinear,32,9401102,864,48,41472,2,1,4608,4608,4608,4608,16,16,16,"[1.828927292319381, 1.6776526911144842, 1.4930307204414979, 1.4491217338957245, 1.1045295808076143, 1.011835233291102, 0.8717155047230674, 0.808782082756729, 0.6749582588580813, 0.6410393888485449, 0.4112560354136281, 0.36537054948700887, 0.32510899408269717, 0.2259472993158927, 0.1284767050003493, 0.03960211499947326]"
n16_lowrank0_d3_stack_nonlinear_T32_s9401102,16,lowrank,lowrank,0,3,stack_nonlinear,32,9401102,864,48,41472,2,2,4608,288,288,288,16,16,16,"[1.9825060019592415, 1.8708999537103408, 1.7605609092008176, 1.6349022782683347, 1.5836884262169806, 1.5751055633732276, 1.4794541052425219, 1.4401471779005612, 1.433017197787589, 1.4219238316587712, 1.414012785554944, 1.372007893821476, 1.3657927218441288, 1.3611458476256237, 1.3560558912728933, 1.3449410821917394]"
n16_lowrank0_d3_stack_nonlinear_T32_s9401102,16,lowrank,lowrank,0,3,stack_nonlinear,32,9401102,864,48,41472,2,3,4608,0,0,0,0,0,0,"[0.0, 0.0, 0.0, 0.0, 0.0, 0.0, 0.0, 0.0, 0.0, 0.0, 0.0, 0.0, 0.0, 0.0, 0.0, 0.0]"
n16_lowrank0_d3_stack_nonlinear_T32_s9401102,16,lowrank,lowrank,0,3,stack_nonlinear,32,9401102,864,48,41472,3,1,4608,4608,4608,4608,16,16,16,"[1.4187309515469795, 1.279041026494095, 0.8552937635121752, 0.703085051703278, 0.6640492734337566, 0.6093168709640207, 0.47722916260879183, 0.41600361390539586, 0.29331998348833543, 0.18346357813668324, 0.1494120878521005, 0.11272882313801573, 0.06280357031166693, 0.05878709601250948, 0.026102285842308056, 0.019840446728657916]"
n16_lowrank0_d3_stack_nonlinear_T32_s9401102,16,lowrank,lowrank,0,3,stack_nonlinear,32,9401102,864,48,41472,3,2,4608,4608,4608,4608,16,16,16,"[1.7096248197862722, 1.5371482123333782, 1.3878876843078778, 1.1420407175728784, 1.0734688241498929, 1.0096703936900695, 0.9440475859112745, 0.7705423286412241, 0.6679612805487869, 0.5772715274593996, 0.525144678573579, 0.39697467904984185, 0.2721028178608382, 0.20478939213265854, 0.12912879835822536, 0.02114876866312059]"
n16_lowrank0_d3_stack_nonlinear_T32_s9401102,16,lowrank,lowrank,0,3,stack_nonlinear,32,9401102,864,48,41472,3,3,4608,288,288,288,16,16,16,"[1.9676723649095529, 1.9470410282166553, 1.8747224914471436, 1.7609889875567577, 1.723545759435975, 1.605495550772109, 1.5667654205122754, 1.516280116897142, 1.4233601291603923, 1.4139954870972928, 1.3827464545412262, 1.3744612510467817, 1.3625518812039823, 1.3506624204970208, 1.343891101109198, 1.3378053232640053]"
n16_lowrank0_d3_stack_nonlinear_T32_s9401103,16,lowrank,lowrank,0,3,stack_nonlinear,32,9401103,864,48,41472,1,1,4608,288,288,288,16,16,16,"[2.0064117300405835, 1.9896265548103664, 1.866022897447346, 1.7899282319515704, 1.7232729808020903, 1.696797778228099, 1.695713561549685, 1.6515617109349798, 1.631000132854321, 1.581349678298177, 1.5421917937314193, 1.5021450161407233, 1.478260435389201, 1.4436427093412338, 1.4386630231637234, 1.3428933616816547]"
n16_lowrank0_d3_stack_nonlinear_T32_s9401103,16,lowrank,lowrank,0,3,stack_nonlinear,32,9401103,864,48,41472,1,2,4608,0,0,0,0,0,0,"[0.0, 0.0, 0.0, 0.0, 0.0, 0.0, 0.0, 0.0, 0.0, 0.0, 0.0, 0.0, 0.0, 0.0, 0.0, 0.0]"
n16_lowrank0_d3_stack_nonlinear_T32_s9401103,16,lowrank,lowrank,0,3,stack_nonlinear,32,9401103,864,48,41472,1,3,4608,0,0,0,0,0,0,"[0.0, 0.0, 0.0, 0.0, 0.0, 0.0, 0.0, 0.0, 0.0, 0.0, 0.0, 0.0, 0.0, 0.0, 0.0, 0.0]"
n16_lowrank0_d3_stack_nonlinear_T32_s9401103,16,lowrank,lowrank,0,3,stack_nonlinear,32,9401103,864,48,41472,2,1,4608,4608,4608,4608,16,16,16,"[2.006275006167671, 1.7920933024399104, 1.5820947568491748, 1.4177323393966212, 1.3014937642443478, 1.2535689887236101, 1.0488635330588245, 0.8563342786018316, 0.8060400927289773, 0.755246797368218, 0.5439953944719129, 0.4410794560806726, 0.40450075261026375, 0.2880296321410076, 0.05046321489389804, 0.029078375177811963]"
n16_lowrank0_d3_stack_nonlinear_T32_s9401103,16,lowrank,lowrank,0,3,stack_nonlinear,32,9401103,864,48,41472,2,2,4608,288,288,288,16,16,16,"[1.9653103092389566, 1.9451851101890543, 1.88916240027399, 1.8301208396381892, 1.7814862203545072, 1.7667522545758283, 1.7212457797330893, 1.6977420411100321, 1.6952017282596572, 1.689729059952141, 1.67115450401887, 1.60997878211951, 1.5958871942347377, 1.5248950759179938, 1.500352639064869, 1.3434470846509374]"
n16_lowrank0_d3_stack_nonlinear_T32_s9401103,16,lowrank,lowrank,0,3,stack_nonlinear,32,9401103,864,48,41472,2,3,4608,0,0,0,0,0,0,"[0.0, 0.0, 0.0, 0.0, 0.0, 0.0, 0.0, 0.0, 0.0, 0.0, 0.0, 0.0, 0.0, 0.0, 0.0, 0.0]"
n16_lowrank0_d3_stack_nonlinear_T32_s9401103,16,lowrank,lowrank,0,3,stack_nonlinear,32,9401103,864,48,41472,3,1,4608,4608,4608,4608,16,16,16,"[1.4956843552669767, 1.2138977206833992, 0.8878727666593781, 0.7341253173404904, 0.7194355529131901, 0.6722882816178309, 0.5452423302693535, 0.4670484840473775, 0.36006927257942195, 0.2864035480466516, 0.1704151510084643, 0.15222230060802083, 0.07646281376279809, 0.04879931964094424, 0.019468805267030875, 0.013006829704324818]"
n16_lowrank0_d3_stack_nonlinear_T32_s9401103,16,lowrank,lowrank,0,3,stack_nonlinear,32,9401103,864,48,41472,3,2,4608,4608,4608,4608,16,16,16,"[2.067184916517126, 1.8887812760972011, 1.5057296243060627, 1.3728915901454983, 1.2899198222010766, 1.1477844107895792, 1.0425206798915874, 0.9697623912485622, 0.7356400784999451, 0.6859718372640282, 0.5499552675371688, 0.48961078898071997, 0.4489405775420857, 0.2459809896535801, 0.1501030457821998, 0.015660623198608215]"
n16_lowrank0_d3_stack_nonlinear_T32_s9401103,16,lowrank,lowrank,0,3,stack_nonlinear,32,9401103,864,48,41472,3,3,4608,288,288,288,16,16,16,"[2.065838082572344, 1.9649722393325695, 1.9409066584323071, 1.8940081799713133, 1.8767509070389676, 1.8171541394219948, 1.7233616288882034, 1.708841963478737, 1.601455315780136, 1.5908333668456875, 1.5846773783735861, 1.4984734207650348, 1.4654028795988514, 1.428137915927073, 1.3608147695796353, 1.3449919998928122]"
n16_lowrank0_d3_stack_nonlinear_T32_s9401104,16,lowrank,lowrank,0,3,stack_nonlinear,32,9401104,864,48,41472,1,1,4608,288,288,288,16,16,16,"[2.069216446592637, 1.9359422205126868, 1.9114004180615687, 1.9068637055078403, 1.879768866726413, 1.8065972266382213, 1.7736793470379064, 1.727098537116585, 1.697351146332793, 1.6800071853557887, 1.663294373013303, 1.6418493808842012, 1.5823417495017023, 1.4987215312638584, 1.4911998566625702, 1.4876417845069425]"
n16_lowrank0_d3_stack_nonlinear_T32_s9401104,16,lowrank,lowrank,0,3,stack_nonlinear,32,9401104,864,48,41472,1,2,4608,0,0,0,0,0,0,"[0.0, 0.0, 0.0, 0.0, 0.0, 0.0, 0.0, 0.0, 0.0, 0.0, 0.0, 0.0, 0.0, 0.0, 0.0, 0.0]"
n16_lowrank0_d3_stack_nonlinear_T32_s9401104,16,lowrank,lowrank,0,3,stack_nonlinear,32,9401104,864,48,41472,1,3,4608,0,0,0,0,0,0,"[0.0, 0.0, 0.0, 0.0, 0.0, 0.0, 0.0, 0.0, 0.0, 0.0, 0.0, 0.0, 0.0, 0.0, 0.0, 0.0]"
n16_lowrank0_d3_stack_nonlinear_T32_s9401104,16,lowrank,lowrank,0,3,stack_nonlinear,32,9401104,864,48,41472,2,1,4608,4608,4608,4608,16,16,16,"[1.8688448385494685, 1.5757802638738136, 1.5393515390612962, 1.3881322955878614, 1.1980209814235863, 1.1560896472457294, 0.9433861911621039, 0.8668708187096494, 0.8376223683308943, 0.7598800155396747, 0.6214071988163379, 0.45848639318713846, 0.36740545276998915, 0.2676241185345717, 0.1330703353734162, 0.04765433080396216]"
n16_lowrank0_d3_stack_nonlinear_T32_s9401104,16,lowrank,lowrank,0,3,stack_nonlinear,32,9401104,864,48,41472,2,2,4608,288,288,288,16,16,16,"[2.026468686223667, 1.963877644801684, 1.9171698740829661, 1.7475524181214823, 1.7319217699983405, 1.651201615943856, 1.5497529968331247, 1.519057298611708, 1.4629350150508678, 1.4407047936293482, 1.4321798819679006, 1.4271962109180618, 1.4262626621533847, 1.4075022707228242, 1.3799140174149063, 1.3693979474797644]"
n16_lowrank0_d3_stack_nonlinear_T32_s9401104,16,lowrank,lowrank,0,3,stack_nonlinear,32,9401104,864,48,41472,2,3,4608,0,0,0,0,0,0,"[0.0, 0.0, 0.0, 0.0, 0.0, 0.0, 0.0, 0.0, 0.0, 0.0, 0.0, 0.0, 0.0, 0.0, 0.0, 0.0]"
n16_lowrank0_d3_stack_nonlinear_T32_s9401104,16,lowrank,lowrank,0,3,stack_nonlinear,32,9401104,864,48,41472,3,1,4608,4608,4608,4608,16,16,16,"[1.17150507736628, 1.005547565519769, 0.8779649783965383, 0.7685602840170805, 0.5900374475823539, 0.5339451691943804, 0.43092947961571, 0.41721314908138907, 0.24967364457501123, 0.23260648835268938, 0.19127565372420502, 0.10408741274136828, 0.05122833826260087, 0.034983804637704626, 0.021720656669494274, 0.0129740147777115]"
n16_lowrank0_d3_stack_nonlinear_T32_s9401104,16,lowrank,lowrank,0,3,stack_nonlinear,32,9401104,864,48,41472,3,2,4608,4608,4608,4608,16,16,16,"[1.825984643629545, 1.3701334607898248, 1.2537672586203426, 1.0468130896340346, 1.0160489049774206, 0.8628597184003071, 0.7916606523567422, 0.6590102075966541, 0.5728698770195576, 0.5627976473769988, 0.43932086203629234, 0.3643462024583009, 0.20141400300394502, 0.1671118645751183, 0.07155636740263183, 0.059115579653806274]"
n16_lowrank0_d3_stack_nonlinear_T32_s9401104,16,lowrank,lowrank,0,3,stack_nonlinear,32,9401104,864,48,41472,3,3,4608,288,288,288,16,16,16,"[1.9104822414919933, 1.8231304841353628, 1.7468598307127006, 1.734708044242529, 1.6288751052836812, 1.595893494224019, 1.5251915176767437, 1.4571154236197073, 1.4212143815996228, 1.4144307754430467, 1.3938222687886543, 1.346908163063982, 1.3347177840162523, 1.330260941739573, 1.3023084885863832, 1.2997849574551044]"
n16_lowrank0_d3_stack_nonlinear_T128_s9401100,16,lowrank,lowrank,0,3,stack_nonlinear,128,9401100,864,48,41472,1,1,4608,288,288,288,16,16,16,"[2.081375007210637, 2.0750195295604748, 1.9864654898668423, 1.9703976818919609, 1.9465449248282776, 1.8771709116640016, 1.8546730352365386, 1.820888568920763, 1.75802352189536, 1.6040204113417935, 1.601559536092855, 1.5748769170161308, 1.5311598936598718, 1.5167747418015742, 1.4932303100712894, 1.4868927888888637]"
n16_lowrank0_d3_stack_nonlinear_T128_s9401100,16,lowrank,lowrank,0,3,stack_nonlinear,128,9401100,864,48,41472,1,2,4608,0,0,0,0,0,0,"[0.0, 0.0, 0.0, 0.0, 0.0, 0.0, 0.0, 0.0, 0.0, 0.0, 0.0, 0.0, 0.0, 0.0, 0.0, 0.0]"
n16_lowrank0_d3_stack_nonlinear_T128_s9401100,16,lowrank,lowrank,0,3,stack_nonlinear,128,9401100,864,48,41472,1,3,4608,0,0,0,0,0,0,"[0.0, 0.0, 0.0, 0.0, 0.0, 0.0, 0.0, 0.0, 0.0, 0.0, 0.0, 0.0, 0.0, 0.0, 0.0, 0.0]"
n16_lowrank0_d3_stack_nonlinear_T128_s9401100,16,lowrank,lowrank,0,3,stack_nonlinear,128,9401100,864,48,41472,2,1,4608,4608,4608,4608,16,16,16,"[2.1709900145941066, 1.8635891157630715, 1.5644518683177262, 1.4715142976451123, 1.184691521587926, 1.113857596780806, 0.9306893759776353, 0.8696585994941087, 0.7765693405573518, 0.6673660413445797, 0.6054705362580529, 0.5067489426619645, 0.3185723082779408, 0.22729529103599727, 0.13624450603405314, 0.06229705193814395]"
n16_lowrank0_d3_stack_nonlinear_T128_s9401100,16,lowrank,lowrank,0,3,stack_nonlinear,128,9401100,864,48,41472,2,2,4608,288,288,288,16,16,16,"[2.0848688260228667, 2.0505812902728655, 2.0320513640093663, 2.0117569304193648, 1.9901391387702627, 1.9276959169232324, 1.9194934125989873, 1.9069548001966514, 1.7931740584047717, 1.7770240879448251, 1.7137804974100848, 1.6433810732156837, 1.6153211400421388, 1.6114825285201047, 1.4153690932537595, 1.37757357270217]"
n16_lowrank0_d3_stack_nonlinear_T128_s9401100,16,lowrank,lowrank,0,3,stack_nonlinear,128,9401100,864,48,41472,2,3,4608,0,0,0,0,0,0,"[0.0, 0.0, 0.0, 0.0, 0.0, 0.0, 0.0, 0.0, 0.0, 0.0, 0.0, 0.0, 0.0, 0.0, 0.0, 0.0]"
n16_lowrank0_d3_stack_nonlinear_T128_s9401100,16,lowrank,lowrank,0,3,stack_nonlinear,128,9401100,864,48,41472,3,1,4608,4608,4608,4608,16,16,16,"[1.3872859126797439, 1.3385893509107183, 0.9192242421134217, 0.7183714539223093, 0.6517607896013343, 0.5832815631206565, 0.49287573430328013, 0.37542737818132466, 0.350361526842731, 0.24951764902193377, 0.18679216992049485, 0.1327460067831672, 0.0690341076467125, 0.033298890703788615, 0.021647962707494743, 0.019338786611046436]"
n16_lowrank0_d3_stack_nonlinear_T128_s9401100,16,lowrank,lowrank,0,3,stack_nonlinear,128,9401100,864,48,41472,3,2,4608,4608,4608,4608,16,16,16,"[1.9914208628579972, 1.656150746987708, 1.5772962045048322, 1.4783135304272637, 1.227154729522887, 1.0793868857051558, 0.9532270772043602, 0.8480677900858827, 0.7945482277994534, 0.6800480760899257, 0.6183198936791313, 0.5253175091253846, 0.3648274340291648, 0.25264290654953137, 0.15257789043066483, 0.07681197365525806]"
n16_lowrank0_d3_stack_nonlinear_T128_s9401100,16,lowrank,lowrank,0,3,stack_nonlinear,128,9401100,864,48,41472,3,3,4608,288,288,288,16,16,16,"[1.9480780807060047, 1.7429429630113549, 1.7282672072167178, 1.7121297465028156, 1.6499858029548076, 1.6393255765240264, 1.6374570178745094, 1.6157351474868176, 1.613919638219995, 1.5939737703476693, 1.4797029883825874, 1.4746518340114192, 1.4554835933886172, 1.4269943588616798, 1.4263812563314258, 1.2841217859756748]"
n16_lowrank0_d3_stack_nonlinear_T128_s9401101,16,lowrank,lowrank,0,3,stack_nonlinear,128,9401101,864,48,41472,1,1,4608,288,288,288,16,16,16,"[2.0565927720272508, 2.042804918376067, 1.883695955850828, 1.8604164389765143, 1.8304973023366364, 1.8155840290000247, 1.7446979433637175, 1.6919949484507923, 1.6730296278900156, 1.619554706894948, 1.591952737746782, 1.510684031690069, 1.4790845936426495, 1.4697556761545973, 1.4550687964831968, 1.3997535938247885]"
n16_lowrank0_d3_stack_nonlinear_T128_s9401101,16,lowrank,lowrank,0,3,stack_nonlinear,128,9401101,864,48,41472,1,2,4608,0,0,0,0,0,0,"[0.0, 0.0, 0.0, 0.0, 0.0, 0.0, 0.0, 0.0, 0.0, 0.0, 0.0, 0.0, 0.0, 0.0, 0.0, 0.0]"
n16_lowrank0_d3_stack_nonlinear_T128_s9401101,16,lowrank,lowrank,0,3,stack_nonlinear,128,9401101,864,48,41472,1,3,4608,0,0,0,0,0,0,"[0.0, 0.0, 0.0, 0.0, 0.0, 0.0, 0.0, 0.0, 0.0, 0.0, 0.0, 0.0, 0.0, 0.0, 0.0, 0.0]"
n16_lowrank0_d3_stack_nonlinear_T128_s9401101,16,lowrank,lowrank,0,3,stack_nonlinear,128,9401101,864,48,41472,2,1,4608,4608,4608,4608,16,16,16,"[1.9740517560229576, 1.7908316520151506, 1.4688744920473322, 1.350325096968892, 1.2478526433385846, 1.18842679547796, 1.0640855857790528, 0.960517510720897, 0.7302338616029718, 0.65756149034011, 0.574904174729521, 0.4522944519722497, 0.4031470672364049, 0.22307329286470554, 0.09714245465359252, 0.0740374213950245]"
n16_lowrank0_d3_stack_nonlinear_T128_s9401101,16,lowrank,lowrank,0,3,stack_nonlinear,128,9401101,864,48,41472,2,2,4608,288,288,288,16,16,16,"[1.9416459777793527, 1.89473832494422, 1.8075914014919108, 1.713206022106534, 1.6177007353149324, 1.6115806111576676, 1.6094958100811576, 1.4954568851364365, 1.4904237337497297, 1.475801902622067, 1.4697456561621758, 1.4475114942103993, 1.4344476384796854, 1.3346155218535294, 1.3221784726297892, 1.318764798650125]"
n16_lowrank0_d3_stack_nonlinear_T128_s9401101,16,lowrank,lowrank,0,3,stack_nonlinear,128,9401101,864,48,41472,2,3,4608,0,0,0,0,0,0,"[0.0, 0.0, 0.0, 0.0, 0.0, 0.0, 0.0, 0.0, 0.0, 0.0, 0.0, 0.0, 0.0, 0.0, 0.0, 0.0]"
n16_lowrank0_d3_stack_nonlinear_T128_s9401101,16,lowrank,lowrank,0,3,stack_nonlinear,128,9401101,864,48,41472,3,1,4608,4608,4608,4608,16,16,16,"[1.6141054633889618, 1.0215792870871123, 0.9642241896444357, 0.7616092287162437, 0.6239819613158331, 0.6003435757739486, 0.4768527825501367, 0.3378032446952954, 0.25756320942452376, 0.2342959809373905, 0.2105056417707719, 0.10128732303185713, 0.04909809965330034, 0.03623095618520646, 0.016728708674247555, 0.01223180231734392]"
n16_lowrank0_d3_stack_nonlinear_T128_s9401101,16,lowrank,lowrank,0,3,stack_nonlinear,128,9401101,864,48,41472,3,2,4608,4608,4608,4608,16,16,16,"[1.655642312990494, 1.5760992965844625, 1.4029869564646325, 1.2023138587289461, 1.0149372935667773, 0.9170379928129153, 0.8431022029457462, 0.7329867530670587, 0.6404269401265286, 0.570622890446316, 0.4276447870654312, 0.36079948248052723, 0.2225535686638514, 0.09719931665978741, 0.06234038509955763, 0.04697053319557481]"
n16_lowrank0_d3_stack_nonlinear_T128_s9401101,16,lowrank,lowrank,0,3,stack_nonlinear,128,9401101,864,48,41472,3,3,4608,288,288,288,16,16,16,"[1.8480124637720767, 1.7897390221720149, 1.783029449587847, 1.6775177004490363, 1.663764460883603, 1.655567916968562, 1.655541574623044, 1.6074918943887753, 1.508687594632605, 1.4763906175509225, 1.4039681902982803, 1.394841896528148, 1.3677903562632638, 1.3273412518660423, 1.2963877448392984, 1.2797466122425336]"
n16_lowrank0_d3_stack_nonlinear_T128_s9401102,16,lowrank,lowrank,0,3,stack_nonlinear,128,9401102,864,48,41472,1,1,4608,288,288,288,16,16,16,"[2.0076268421878325, 1.9701638933608205, 1.9445078745754965, 1.8522819495610447, 1.8215047933813882, 1.7905205773124127, 1.7102012896513286, 1.696507365377754, 1.6775368853729868, 1.597388828526479, 1.5574937054948508, 1.557132802755077, 1.5048549445772892, 1.4706524074756042, 1.4538592438596771, 1.4438666120284016]"
n16_lowrank0_d3_stack_nonlinear_T128_s9401102,16,lowrank,lowrank,0,3,stack_nonlinear,128,9401102,864,48,41472,1,2,4608,0,0,0,0,0,0,"[0.0, 0.0, 0.0, 0.0, 0.0, 0.0, 0.0, 0.0, 0.0, 0.0, 0.0, 0.0, 0.0, 0.0, 0.0, 0.0]"
n16_lowrank0_d3_stack_nonlinear_T128_s9401102,16,lowrank,lowrank,0,3,stack_nonlinear,128,9401102,864,48,41472,1,3,4608,0,0,0,0,0,0,"[0.0, 0.0, 0.0, 0.0, 0.0, 0.0, 0.0, 0.0, 0.0, 0.0, 0.0, 0.0, 0.0, 0.0, 0.0, 0.0]"
n16_lowrank0_d3_stack_nonlinear_T128_s9401102,16,lowrank,lowrank,0,3,stack_nonlinear,128,9401102,864,48,41472,2,1,4608,4608,4608,4608,16,16,16,"[1.856186146190923, 1.689618506700114, 1.5231358385574374, 1.4710396425686998, 1.1346384353411005, 1.0493983556581803, 0.8919003926132901, 0.822400091277517, 0.6921388911458297, 0.6612036503631497, 0.419001486359334, 0.37636659893248003, 0.3303186326876166, 0.23049160923515513, 0.1318034180573408, 0.036944502197651205]"
n16_lowrank0_d3_stack_nonlinear_T128_s9401102,16,lowrank,lowrank,0,3,stack_nonlinear,128,9401102,864,48,41472,2,2,4608,288,288,288,16,16,16,"[1.9723300798632533, 1.8588689487959553, 1.765308900162317, 1.6376173344880993, 1.5875732678706564, 1.5871130789860863, 1.504178998160447, 1.4557000770904305, 1.4465254135397214, 1.442073039813986, 1.4325318611369373, 1.379030136535153, 1.3786317094646199, 1.370098294331399, 1.363540900093359, 1.3497302123531456]"
n16_lowrank0_d3_stack_nonlinear_T128_s9401102,16,lowrank,lowrank,0,3,stack_nonlinear,128,9401102,864,48,41472,2,3,4608,0,0,0,0,0,0,"[0.0, 0.0, 0.0, 0.0, 0.0, 0.0, 0.0, 0.0, 0.0, 0.0, 0.0, 0.0, 0.0, 0.0, 0.0, 0.0]"
n16_lowrank0_d3_stack_nonlinear_T128_s9401102,16,lowrank,lowrank,0,3,stack_nonlinear,128,9401102,864,48,41472,3,1,4608,4608,4608,4608,16,16,16,"[1.4302324741003543, 1.2647077185172317, 0.8677909249068794, 0.7171820007901889, 0.6693894630247335, 0.6293604452030889, 0.4807905549663942, 0.4203600768173855, 0.2954181821464354, 0.1867040640955245, 0.15176302206448342, 0.1164982696859414, 0.06356559528128355, 0.060073870241287304, 0.02948704559294602, 0.02002926417503265]"
n16_lowrank0_d3_stack_nonlinear_T128_s9401102,16,lowrank,lowrank,0,3,stack_nonlinear,128,9401102,864,48,41472,3,2,4608,4608,4608,4608,16,16,16,"[1.7058717265738694, 1.5261176689066236, 1.3945954555069398, 1.13787087566853, 1.0698655844142042, 1.0090583079217745, 0.9502844100719653, 0.772233592003268, 0.6665124359351974, 0.5792190160777426, 0.5267675741193653, 0.39592881838229343, 0.2748641962405767, 0.20390208901777962, 0.12962250345102502, 0.023116382719508093]"
n16_lowrank0_d3_stack_nonlinear_T128_s9401102,16,lowrank,lowrank,0,3,stack_nonlinear,128,9401102,864,48,41472,3,3,4608,288,288,288,16,16,16,"[1.9592156733301163, 1.934889425819902, 1.8701912796989428, 1.7441979504749034, 1.7041498851207044, 1.5895815236442528, 1.5489395144656792, 1.506443351477198, 1.4062699135456243, 1.3982699723285723, 1.368212842004333, 1.3617356262561269, 1.3449131683459, 1.3323724056458013, 1.329570103272778, 1.318227418735137]"
n16_lowrank0_d3_stack_nonlinear_T128_s9401103,16,lowrank,lowrank,0,3,stack_nonlinear,128,9401103,864,48,41472,1,1,4608,288,288,288,16,16,16,"[2.076476380631242, 2.0623950600578342, 1.9162780610005499, 1.8438764012728397, 1.7842066435231496, 1.7431243571607489, 1.7425666408504987, 1.6852284886977018, 1.6500610016813264, 1.6137196987796385, 1.5683751936613393, 1.5554192641132132, 1.4849657526101085, 1.4646417992893035, 1.4597251589532045, 1.4394466605841452]"
n16_lowrank0_d3_stack_nonlinear_T128_s9401103,16,lowrank,lowrank,0,3,stack_nonlinear,128,9401103,864,48,41472,1,2,4608,0,0,0,0,0,0,"[0.0, 0.0, 0.0, 0.0, 0.0, 0.0, 0.0, 0.0, 0.0, 0.0, 0.0, 0.0, 0.0, 0.0, 0.0, 0.0]"
n16_lowrank0_d3_stack_nonlinear_T128_s9401103,16,lowrank,lowrank,0,3,stack_nonlinear,128,9401103,864,48,41472,1,3,4608,0,0,0,0,0,0,"[0.0, 0.0, 0.0, 0.0, 0.0, 0.0, 0.0, 0.0, 0.0, 0.0, 0.0, 0.0, 0.0, 0.0, 0.0, 0.0]"
n16_lowrank0_d3_stack_nonlinear_T128_s9401103,16,lowrank,lowrank,0,3,stack_nonlinear,128,9401103,864,48,41472,2,1,4608,4608,4608,4608,16,16,16,"[2.087187414704791, 1.8465670038282096, 1.6286740902731185, 1.45906682149662, 1.3453890763857417, 1.2824879031412124, 1.0801353618879581, 0.8926361286812692, 0.8239667281609525, 0.7695062222555042, 0.5566513462878017, 0.4531421207279404, 0.4131542818849453, 0.299348178026446, 0.04941865874804547, 0.026143761728453566]"
n16_lowrank0_d3_stack_nonlinear_T128_s9401103,16,lowrank,lowrank,0,3,stack_nonlinear,128,9401103,864,48,41472,2,2,4608,288,288,288,16,16,16,"[1.9850925272138178, 1.9420027742985504, 1.9015781103766938, 1.7992261706570993, 1.773090155349618, 1.7605083541799331, 1.7077720159890442, 1.7025994952088457, 1.6994421002322533, 1.6781763563941965, 1.6644576741720958, 1.6034221793561805, 1.5836136286583573, 1.5107731246590492, 1.4924691984302754, 1.3351115893317653]"
n16_lowrank0_d3_stack_nonlinear_T128_s9401103,16,lowrank,lowrank,0,3,stack_nonlinear,128,9401103,864,48,41472,2,3,4608,0,0,0,0,0,0,"[0.0, 0.0, 0.0, 0.0, 0.0, 0.0, 0.0, 0.0, 0.0, 0.0, 0.0, 0.0, 0.0, 0.0, 0.0, 0.0]"
n16_lowrank0_d3_stack_nonlinear_T128_s9401103,16,lowrank,lowrank,0,3,stack_nonlinear,128,9401103,864,48,41472,3,1,4608,4608,4608,4608,16,16,16,"[1.5542346210303604, 1.2531808393998636, 0.9038014937884579, 0.7523736527575855, 0.7314084930372056, 0.6842651299915702, 0.5619461565467596, 0.4710378233497215, 0.3637734535924315, 0.2941896345143884, 0.17603525960589925, 0.15561864852052376, 0.07707127267211263, 0.04791996990777474, 0.017530174932753526, 0.012269694409564623]"
n16_lowrank0_d3_stack_nonlinear_T128_s9401103,16,lowrank,lowrank,0,3,stack_nonlinear,128,9401103,864,48,41472,3,2,4608,4608,4608,4608,16,16,16,"[2.052878878680857, 1.8871894567503218, 1.4964288092127247, 1.3675268624291992, 1.2974850568883944, 1.138675265966972, 1.0335935741201283, 0.9591822063497467, 0.7336671491395874, 0.6828464853356138, 0.5509444267524869, 0.4896958463354728, 0.44470511927869383, 0.24400874321546392, 0.14900428954203374, 0.012417463932247297]"
n16_lowrank0_d3_stack_nonlinear_T128_s9401103,16,lowrank,lowrank,0,3,stack_nonlinear,128,9401103,864,48,41472,3,3,4608,288,288,288,16,16,16,"[2.0681527745086856, 1.9634046511884748, 1.9419926697203818, 1.8961200515851495, 1.8697273742823006, 1.8151679186846295, 1.720531373710504, 1.7147824361205477, 1.6034244016931503, 1.59851768512399, 1.5950212605657426, 1.4976519329342246, 1.4652522904015102, 1.425520131941986, 1.36041673901053, 1.352299641945258]"
n16_lowrank0_d3_stack_nonlinear_T128_s9401104,16,lowrank,lowrank,0,3,stack_nonlinear,128,9401104,864,48,41472,1,1,4608,288,288,288,16,16,16,"[2.170071041696587, 1.9918016742941407, 1.987307739445582, 1.9741742680262213, 1.9159079813356583, 1.912154574776967, 1.8138882111108754, 1.7907587705139918, 1.778672655283477, 1.7509226608363153, 1.7392647404282464, 1.6972444682727508, 1.602889893567341, 1.5916372229214044, 1.5460619926652173, 1.5314388443679796]"
n16_lowrank0_d3_stack_nonlinear_T128_s9401104,16,lowrank,lowrank,0,3,stack_nonlinear,128,9401104,864,48,41472,1,2,4608,0,0,0,0,0,0,"[0.0, 0.0, 0.0, 0.0, 0.0, 0.0, 0.0, 0.0, 0.0, 0.0, 0.0, 0.0, 0.0, 0.0, 0.0, 0.0]"
n16_lowrank0_d3_stack_nonlinear_T128_s9401104,16,lowrank,lowrank,0,3,stack_nonlinear,128,9401104,864,48,41472,1,3,4608,0,0,0,0,0,0,"[0.0, 0.0, 0.0, 0.0, 0.0, 0.0, 0.0, 0.0, 0.0, 0.0, 0.0, 0.0, 0.0, 0.0, 0.0, 0.0]"
n16_lowrank0_d3_stack_nonlinear_T128_s9401104,16,lowrank,lowrank,0,3,stack_nonlinear,128,9401104,864,48,41472,2,1,4608,4608,4608,4608,16,16,16,"[1.9600873433913384, 1.6588931201909567, 1.5963323070601811, 1.4540619879301675, 1.2442111518626, 1.2055534533127419, 0.9829452438050921, 0.8970260779400396, 0.8713709177527321, 0.7925899851012769, 0.6531775206695237, 0.4669859223003712, 0.38577370870269573, 0.27919830854051003, 0.13590119066323952, 0.042775268581183745]"
n16_lowrank0_d3_stack_nonlinear_T128_s9401104,16,lowrank,lowrank,0,3,stack_nonlinear,128,9401104,864,48,41472,2,2,4608,288,288,288,16,16,16,"[2.031611311536524, 1.9364481129449753, 1.897475103243044, 1.7338234165687674, 1.727102926559534, 1.6238169864821368, 1.533045732107423, 1.507020340676662, 1.4403960958294837, 1.4298815949713783, 1.428887130223368, 1.4114504148729474, 1.4004513198612407, 1.3967869153650434, 1.3678554632548579, 1.3475308013335536]"
n16_lowrank0_d3_stack_nonlinear_T128_s9401104,16,lowrank,lowrank,0,3,stack_nonlinear,128,9401104,864,48,41472,2,3,4608,0,0,0,0,0,0,"[0.0, 0.0, 0.0, 0.0, 0.0, 0.0, 0.0, 0.0, 0.0, 0.0, 0.0, 0.0, 0.0, 0.0, 0.0, 0.0]"
n16_lowrank0_d3_stack_nonlinear_T128_s9401104,16,lowrank,lowrank,0,3,stack_nonlinear,128,9401104,864,48,41472,3,1,4608,4608,4608,4608,16,16,16,"[1.2084905066480984, 1.0436571886316266, 0.9300231131096046, 0.8061419657498413, 0.6130961468589013, 0.5505677466887788, 0.45475649209033364, 0.4330563373191028, 0.2587945173808948, 0.233570954726259, 0.19569782616585987, 0.10876242875398598, 0.05256041870407926, 0.03594477112118863, 0.02148666272376782, 0.012868243517221892]"
n16_lowrank0_d3_stack_nonlinear_T128_s9401104,16,lowrank,lowrank,0,3,stack_nonlinear,128,9401104,864,48,41472,3,2,4608,4608,4608,4608,16,16,16,"[1.804092603401346, 1.3755609286473582, 1.2610250746133917, 1.0421452955887152, 1.0108037996556731, 0.8591545502672427, 0.793146597106909, 0.6592230244125373, 0.5645498802626157, 0.5578396027547177, 0.43674268091195234, 0.3607816037729604, 0.19864869913866376, 0.1666789333234478, 0.07112564350518656, 0.058466618338576935]"
n16_lowrank0_d3_stack_nonlinear_T128_s9401104,16,lowrank,lowrank,0,3,stack_nonlinear,128,9401104,864,48,41472,3,3,4608,288,288,288,16,16,16,"[1.919555235709634, 1.8210766796043407, 1.7523484403967131, 1.7371705132721096, 1.6425124838487961, 1.6017742505760697, 1.5332551487269903, 1.4619487173677013, 1.4261089177548483, 1.4189048959949961, 1.3987711316513234, 1.3526503714317013, 1.3451687326297241, 1.3379661543020025, 1.3097655279087448, 1.3066446790854218]"
n16_lowrank1_d1_stack_nonlinear_T32_s9401100,16,lowrank,lowrank,1,1,stack_nonlinear,32,9401100,320,16,5120,1,1,5120,5120,5120,5120,16,16,16,"[2.105285085025813, 2.0062728130155985, 1.9889253831720264, 1.9500035042685337, 1.8899326783149548, 1.840743749715891, 1.8064409749928956, 1.7878127193582425, 1.758271836335363, 1.5843673806157672, 1.5410720694092974, 1.4886680786993882, 1.4861258147097647, 1.445961420656398, 1.4093063682819615, 1.389860935313002]"
n16_lowrank1_d1_stack_nonlinear_T32_s9401101,16,lowrank,lowrank,1,1,stack_nonlinear,32,9401101,320,16,5120,1,1,5120,5120,5120,5120,16,16,16,"[2.330391763158174, 2.1526493382277674, 2.0454824775700016, 2.0060186575650025, 1.965995002975651, 1.9184837452039123, 1.8790022550860797, 1.834595888276086, 1.7994711700123407, 1.7359285377778824, 1.711434589429817, 1.6899795953013204, 1.636225630146847, 1.5632885702175947, 1.5459106077648879, 1.4927140819955145]"
n16_lowrank1_d1_stack_nonlinear_T32_s9401102,16,lowrank,lowrank,1,1,stack_nonlinear,32,9401102,320,16,5120,1,1,5120,5120,5120,5120,16,16,16,"[2.1042791835414483, 1.9576513920441443, 1.9431614508483253, 1.7987252035443653, 1.7944881153037298, 1.6919440455759678, 1.666871883409221, 1.6373577887538113, 1.6306997544558746, 1.5174418896553188, 1.5012152399580143, 1.4704876777313491, 1.4186429427030327, 1.4044047039960916, 1.3943522824933199, 1.3806127810424322]"
n16_lowrank1_d1_stack_nonlinear_T32_s9401103,16,lowrank,lowrank,1,1,stack_nonlinear,32,9401103,320,16,5120,1,1,5120,5120,5120,5120,16,16,16,"[2.159297786893505, 2.0098977829936273, 1.8826172628109712, 1.8451958730574156, 1.7340907561667898, 1.6967652487141145, 1.6601310998252874, 1.638955445749885, 1.615903019431104, 1.5920302985894628, 1.5401254155198882, 1.5030960909991686, 1.4737526445464741, 1.449484104718984, 1.4006637045039358, 1.330582527546109]"
n16_lowrank1_d1_stack_nonlinear_T32_s9401104,16,lowrank,lowrank,1,1,stack_nonlinear,32,9401104,320,16,5120,1,1,5120,5120,5120,5120,16,16,16,"[2.2425216288148, 2.015193667433335, 1.9707913186342334, 1.926585201561999, 1.9245564492606122, 1.8204357887474378, 1.7723530024150065, 1.7159048147703226, 1.7020190682996876, 1.6905371707035581, 1.6531333787991112, 1.6071853181625153, 1.5657408465935374, 1.5386117836855109, 1.498324913985605, 1.4779062095081013]"
n16_lowrank1_d1_stack_nonlinear_T128_s9401100,16,lowrank,lowrank,1,1,stack_nonlinear,128,9401100,320,16,5120,1,1,5120,5120,5120,5120,16,16,16,"[2.1204908920620387, 2.0266285323330293, 1.990481186444024, 1.9690066851016308, 1.9176907896647133, 1.866102435956559, 1.855152983667983, 1.8234462325433105, 1.7977172918320525, 1.6493603444561973, 1.6060790669273237, 1.57780302592718, 1.5537614014058385, 1.5219611365363825, 1.492758811930658, 1.47140126151615]"
n16_lowrank1_d1_stack_nonlinear_T128_s9401101,16,lowrank,lowrank,1,1,stack_nonlinear,128,9401101,320,16,5120,1,1,5120,5120,5120,5120,16,16,16,"[2.21389986188883, 2.027369314590435, 1.9180220804925523, 1.873103510508449, 1.8287110831115938, 1.7839969906833977, 1.7484170254322853, 1.6934572955296274, 1.6847824227241839, 1.617610701473912, 1.5876063072271112, 1.565199339422778, 1.5278689382084383, 1.456662844434827, 1.4390134812857263, 1.374737839493215]"
n16_lowrank1_d1_stack_nonlinear_T128_s9401102,16,lowrank,lowrank,1,1,stack_nonlinear,128,9401102,320,16,5120,1,1,5120,5120,5120,5120,16,16,16,"[2.1729065058972497, 2.0311611037105597, 2.004358899784866, 1.848988967737185, 1.8212915523219406, 1.7993255934869476, 1.7404771024299184, 1.6973574587455171, 1.6893749885025668, 1.5763134783349648, 1.5373952467252296, 1.5208576995805787, 1.4855009526162488, 1.4659022779038082, 1.456993265562707, 1.4188643133368595]"
n16_lowrank1_d1_stack_nonlinear_T128_s9401103,16,lowrank,lowrank,1,1,stack_nonlinear,128,9401103,320,16,5120,1,1,5120,5120,5120,5120,16,16,16,"[2.226250211954582, 2.0741553707502853, 1.9302721249639823, 1.8909798358237548, 1.7396197792155357, 1.7324549169200245, 1.7281382520941122, 1.7015585670192206, 1.6731896530969117, 1.6296575877866684, 1.5446939444610914, 1.5312004277397468, 1.50030140178486, 1.4796127176767415, 1.443039978490847, 1.3553561382673263]"
n16_lowrank1_d1_stack_nonlinear_T128_s9401104,16,lowrank,lowrank,1,1,stack_nonlinear,128,9401104,320,16,5120,1,1,5120,5120,5120,5120,16,16,16,"[2.308880501541221, 2.0963295593774434, 2.019928633172835, 1.9766399841070907, 1.905665740596682, 1.8870305196007953, 1.8445503158973324, 1.786104299720544, 1.762954856877812, 1.701406488999059, 1.696178222046622, 1.653576174975914, 1.6141566995760679, 1.5909598744519267, 1.5363047381211812, 1.516800478940925]"
n16_lowrank1_d3_stack_nonlinear_T32_s9401100,16,lowrank,lowrank,1,3,stack_nonlinear,32,9401100,960,48,46080,1,1,5120,5120,5120,5120,16,16,16,"[2.105285085025813, 2.0062728130155985, 1.9889253831720264, 1.9500035042685337, 1.8899326783149548, 1.840743749715891, 1.8064409749928956, 1.7878127193582425, 1.758271836335363, 1.5843673806157672, 1.5410720694092974, 1.4886680786993882, 1.4861258147097647, 1.445961420656398, 1.4093063682819615, 1.389860935313002]"
n16_lowrank1_d3_stack_nonlinear_T32_s9401100,16,lowrank,lowrank,1,3,stack_nonlinear,32,9401100,960,48,46080,1,2,5120,0,0,0,0,0,0,"[0.0, 0.0, 0.0, 0.0, 0.0, 0.0, 0.0, 0.0, 0.0, 0.0, 0.0, 0.0, 0.0, 0.0, 0.0, 0.0]"
n16_lowrank1_d3_stack_nonlinear_T32_s9401100,16,lowrank,lowrank,1,3,stack_nonlinear,32,9401100,960,48,46080,1,3,5120,0,0,0,0,0,0,"[0.0, 0.0, 0.0, 0.0, 0.0, 0.0, 0.0, 0.0, 0.0, 0.0, 0.0, 0.0, 0.0, 0.0, 0.0, 0.0]"
n16_lowrank1_d3_stack_nonlinear_T32_s9401100,16,lowrank,lowrank,1,3,stack_nonlinear,32,9401100,960,48,46080,2,1,5120,5120,5120,5120,16,16,16,"[2.2191974294807606, 1.7552589793904454, 1.704988265554106, 1.4231301248774164, 1.3412776103609299, 1.0594911672848137, 0.8798750400595902, 0.7841816693759247, 0.7125044446149936, 0.6728518261791473, 0.62024048347893, 0.548551891900178, 0.3135063978637604, 0.29002657657301495, 0.17351825075557287, 0.12161315088394212]"
n16_lowrank1_d3_stack_nonlinear_T32_s9401100,16,lowrank,lowrank,1,3,stack_nonlinear,32,9401100,960,48,46080,2,2,5120,5120,5120,5120,16,16,16,"[2.0915067613576728, 1.9080689899639809, 1.8515900786313497, 1.8447647568566872, 1.7780689328218164, 1.761074511706472, 1.6027668606965089, 1.517299710789718, 1.5074664845787982, 1.4997509590711247, 1.468645193482386, 1.4347372302442452, 1.4122107475183887, 1.3457428024147768, 1.3152249153478761, 1.2916895983931755]"
n16_lowrank1_d3_stack_nonlinear_T32_s9401100,16,lowrank,lowrank,1,3,stack_nonlinear,32,9401100,960,48,46080,2,3,5120,0,0,0,0,0,0,"[0.0, 0.0, 0.0, 0.0, 0.0, 0.0, 0.0, 0.0, 0.0, 0.0, 0.0, 0.0, 0.0, 0.0, 0.0, 0.0]"
n16_lowrank1_d3_stack_nonlinear_T32_s9401100,16,lowrank,lowrank,1,3,stack_nonlinear,32,9401100,960,48,46080,3,1,5120,5120,5120,5120,16,16,16,"[1.4084333665932955, 1.1667816190934353, 0.9669902424766126, 0.6236112854153987, 0.5140777690741661, 0.4663434894503063, 0.3817605227244691, 0.33773868964842196, 0.2622704539522536, 0.2163617906968384, 0.12256380783859859, 0.11413849454308238, 0.0789890741241007, 0.040001275219659016, 0.0324303167921619, 0.010326632599022514]"
n16_lowrank1_d3_stack_nonlinear_T32_s9401100,16,lowrank,lowrank,1,3,stack_nonlinear,32,9401100,960,48,46080,3,2,5120,5120,5120,5120,16,16,16,"[1.8939827160384515, 1.4996403661306286, 1.248029879649175, 1.18857179794982, 0.9925657564203406, 0.8927650080307885, 0.8250637515466102, 0.7373008099563227, 0.5634867625184168, 0.501612739604387, 0.38725039581889337, 0.3408484680720848, 0.19242907746294302, 0.1586585104724654, 0.08754747756377346, 0.010282980157249677]"
n16_lowrank1_d3_stack_nonlinear_T32_s9401100,16,lowrank,lowrank,1,3,stack_nonlinear,32,9401100,960,48,46080,3,3,5120,5120,5120,5120,16,16,16,"[1.9244070697247184, 1.7998413252256187, 1.7523437382776839, 1.6474288060086855, 1.5650921477745325, 1.5264294548669097, 1.4796785046760585, 1.4593627261912008, 1.4240384233165468, 1.3429648862061774, 1.3125107890495222, 1.2971667013220802, 1.289366968847994, 1.2846062924458892, 1.2812073393562944, 1.1855782985899304]"
n16_lowrank1_d3_stack_nonlinear_T32_s9401101,16,lowrank,lowrank,1,3,stack_nonlinear,32,9401101,960,48,46080,1,1,5120,5120,5120,5120,16,16,16,"[2.330391763158174, 2.1526493382277674, 2.0454824775700016, 2.0060186575650025, 1.965995002975651, 1.9184837452039123, 1.8790022550860797, 1.834595888276086, 1.7994711700123407, 1.7359285377778824, 1.711434589429817, 1.6899795953013204, 1.636225630146847, 1.5632885702175947, 1.5459106077648879, 1.4927140819955145]"
n16_lowrank1_d3_stack_nonlinear_T32_s9401101,16,lowrank,lowrank,1,3,stack_nonlinear,32,9401101,960,48,46080,1,2,5120,0,0,0,0,0,0,"[0.0, 0.0, 0.0, 0.0, 0.0, 0.0, 0.0, 0.0, 0.0, 0.0, 0.0, 0.0, 0.0, 0.0, 0.0, 0.0]"
n16_lowrank1_d3_stack_nonlinear_T32_s9401101,16,lowrank,lowrank,1,3,stack_nonlinear,32,9401101,960,48,46080,1,3,5120,0,0,0,0,0,0,"[0.0, 0.0, 0.0, 0.0, 0.0, 0.0, 0.0, 0.0, 0.0, 0.0, 0.0, 0.0, 0.0, 0.0, 0.0, 0.0]"
n16_lowrank1_d3_stack_nonlinear_T32_s9401101,16,lowrank,lowrank,1,3,stack_nonlinear,32,9401101,960,48,46080,2,1,5120,5120,5120,5120,16,16,16,"[2.3231408760350534, 1.7881020994860002, 1.6463769018711205, 1.433942393556757, 1.3329817072351196, 1.2974217025368033, 1.1716856607437063, 1.0158233013401323, 0.9288134824994814, 0.7937575642446827, 0.6523560567141056, 0.5927463647353859, 0.33828597861605386, 0.28128417477583256, 0.11104334342244464, 0.06964359855041408]"
n16_lowrank1_d3_stack_nonlinear_T32_s9401101,16,lowrank,lowrank,1,3,stack_nonlinear,32,9401101,960,48,46080,2,2,5120,5120,5120,5120,16,16,16,"[2.0496408080579402, 1.9507806737315998, 1.8607883995112355, 1.7945050354388592, 1.7709577524496252, 1.7237890686543738, 1.652025305572118, 1.6469992662957762, 1.6153629078351428, 1.5907013527998575, 1.5509035365439239, 1.4996811421105056, 1.4428767309889323, 1.3999838475916226, 1.3462339214829937, 1.297998178060207]"
n16_lowrank1_d3_stack_nonlinear_T32_s9401101,16,lowrank,lowrank,1,3,stack_nonlinear,32,9401101,960,48,46080,2,3,5120,0,0,0,0,0,0,"[0.0, 0.0, 0.0, 0.0, 0.0, 0.0, 0.0, 0.0, 0.0, 0.0, 0.0, 0.0, 0.0, 0.0, 0.0, 0.0]"
n16_lowrank1_d3_stack_nonlinear_T32_s9401101,16,lowrank,lowrank,1,3,stack_nonlinear,32,9401101,960,48,46080,3,1,5120,5120,5120,5120,16,16,16,"[1.2647542320359662, 1.1059003990677578, 0.9852550939601427, 0.8626681642315039, 0.7210024323574317, 0.6173188463130806, 0.4812371750241045, 0.46278475615575687, 0.32899010388223726, 0.315427750778046, 0.23538981828406155, 0.1307236529124324, 0.07263227654101055, 0.04420052676109572, 0.022753074292511877, 0.01648999059470794]"
n16_lowrank1_d3_stack_nonlinear_T32_s9401101,16,lowrank,lowrank,1,3,stack_nonlinear,32,9401101,960,48,46080,3,2,5120,5120,5120,5120,16,16,16,"[1.5999115934701038, 1.5138105864002613, 1.267423660561955, 1.2185948227606935, 1.0752880908283566, 0.9705846583274849, 0.8745208956103157, 0.7665971880239696, 0.6531951647904509, 0.5977816319939014, 0.5187087377591191, 0.4394467193127827, 0.334397680388534, 0.25132872871138656, 0.1155694908618734, 0.02204508197110815]"
n16_lowrank1_d3_stack_nonlinear_T32_s9401101,16,lowrank,lowrank,1,3,stack_nonlinear,32,9401101,960,48,46080,3,3,5120,5120,5120,5120,16,16,16,"[1.7333906837347468, 1.6458268831938885, 1.6010064378792646, 1.5657152642500038, 1.5212593180459322, 1.5048012455624038, 1.4837135409787696, 1.47238853524531, 1.4602776223821254, 1.4503772907755932, 1.429711367378122, 1.4015289023441315, 1.3902711688946499, 1.3622117719950773, 1.3076226596188896, 1.2083552552362473]"
n16_lowrank1_d3_stack_nonlinear_T32_s9401102,16,lowrank,lowrank,1,3,stack_nonlinear,32,9401102,960,48,46080,1,1,5120,5120,5120,5120,16,16,16,"[2.1042791835414483, 1.9576513920441443, 1.9431614508483253, 1.7987252035443653, 1.7944881153037298, 1.6919440455759678, 1.666871883409221, 1.6373577887538113, 1.6306997544558746, 1.5174418896553188, 1.5012152399580143, 1.4704876777313491, 1.4186429427030327, 1.4044047039960916, 1.3943522824933199, 1.3806127810424322]"
n16_lowrank1_d3_stack_nonlinear_T32_s9401102,16,lowrank,lowrank,1,3,stack_nonlinear,32,9401102,960,48,46080,1,2,5120,0,0,0,0,0,0,"[0.0, 0.0, 0.0, 0.0, 0.0, 0.0, 0.0, 0.0, 0.0, 0.0, 0.0, 0.0, 0.0, 0.0, 0.0, 0.0]"
n16_lowrank1_d3_stack_nonlinear_T32_s9401102,16,lowrank,lowrank,1,3,stack_nonlinear,32,9401102,960,48,46080,1,3,5120,0,0,0,0,0,0,"[0.0, 0.0, 0.0, 0.0, 0.0, 0.0, 0.0, 0.0, 0.0, 0.0, 0.0, 0.0, 0.0, 0.0, 0.0, 0.0]"
n16_lowrank1_d3_stack_nonlinear_T32_s9401102,16,lowrank,lowrank,1,3,stack_nonlinear,32,9401102,960,48,46080,2,1,5120,5120,5120,5120,16,16,16,"[1.7519926124841947, 1.5922759725210178, 1.420165829557957, 1.263180073494214, 1.1121614275318632, 0.9959713856037984, 0.8880234718254248, 0.8229984617374031, 0.7610181734930389, 0.6597536577033719, 0.5491813962816406, 0.5300684652796516, 0.44675637375472005, 0.2715426845894845, 0.11492193275544484, 0.0456445011118887]"
n16_lowrank1_d3_stack_nonlinear_T32_s9401102,16,lowrank,lowrank,1,3,stack_nonlinear,32,9401102,960,48,46080,2,2,5120,5120,5120,5120,16,16,16,"[1.8759610574173937, 1.8505297934650158, 1.6950908748388602, 1.5570014631363522, 1.5521178419054755, 1.5330545409420229, 1.5168450395625264, 1.482970752286742, 1.4654614487231215, 1.4618257174696234, 1.4309125967266512, 1.4205582817072735, 1.4057557383722405, 1.3611402563429882, 1.306169093481499, 1.227196616951666]"
n16_lowrank1_d3_stack_nonlinear_T32_s9401102,16,lowrank,lowrank,1,3,stack_nonlinear,32,9401102,960,48,46080,2,3,5120,0,0,0,0,0,0,"[0.0, 0.0, 0.0, 0.0, 0.0, 0.0, 0.0, 0.0, 0.0, 0.0, 0.0, 0.0, 0.0, 0.0, 0.0, 0.0]"
n16_lowrank1_d3_stack_nonlinear_T32_s9401102,16,lowrank,lowrank,1,3,stack_nonlinear,32,9401102,960,48,46080,3,1,5120,5120,5120,5120,16,16,16,"[1.4401807932182864, 1.0686314952383997, 0.8787778920618038, 0.7725906259973743, 0.6174605160056857, 0.5853907769848802, 0.526266113869993, 0.43415075072336623, 0.3745407796327724, 0.2963886888841177, 0.23580547997272788, 0.16661849860595143, 0.11440407163935133, 0.048917638935827824, 0.019602812243604967, 0.01740213533944265]"
n16_lowrank1_d3_stack_nonlinear_T32_s9401102,16,lowrank,lowrank,1,3,stack_nonlinear,32,9401102,960,48,46080,3,2,5120,5120,5120,5120,16,16,16,"[1.8669331843182302, 1.7090931132266587, 1.422421852322475, 1.1954417489515745, 1.1669132404690974, 1.1162394545819347, 0.9158059078633698, 0.8679601990408695, 0.8124403307785153, 0.6201291238748744, 0.5067310925866767, 0.41862589683120216, 0.3556000034813386, 0.24947106955823795, 0.1077501883125351, 0.04224877910317812]"
n16_lowrank1_d3_stack_nonlinear_T32_s9401102,16,lowrank,lowrank,1,3,stack_nonlinear,32,9401102,960,48,46080,3,3,5120,5120,5120,5120,16,16,16,"[2.0519493475921977, 1.9375083066106242, 1.7648490883524268, 1.7551762735146987, 1.745449307794125, 1.7130715658540134, 1.6959853369492965, 1.6604976330850536, 1.6575629364282138, 1.637355391629498, 1.5619816056297784, 1.5219519134669655, 1.5083848878979054, 1.4573631993021765, 1.3366105253781388, 1.2815173547031282]"
n16_lowrank1_d3_stack_nonlinear_T32_s9401103,16,lowrank,lowrank,1,3,stack_nonlinear,32,9401103,960,48,46080,1,1,5120,5120,5120,5120,16,16,16,"[2.159297786893505, 2.0098977829936273, 1.8826172628109712, 1.8451958730574156, 1.7340907561667898, 1.6967652487141145, 1.6601310998252874, 1.638955445749885, 1.615903019431104, 1.5920302985894628, 1.5401254155198882, 1.5030960909991686, 1.4737526445464741, 1.449484104718984, 1.4006637045039358, 1.330582527546109]"
n16_lowrank1_d3_stack_nonlinear_T32_s9401103,16,lowrank,lowrank,1,3,stack_nonlinear,32,9401103,960,48,46080,1,2,5120,0,0,0,0,0,0,"[0.0, 0.0, 0.0, 0.0, 0.0, 0.0, 0.0, 0.0, 0.0, 0.0, 0.0, 0.0, 0.0, 0.0, 0.0, 0.0]"
n16_lowrank1_d3_stack_nonlinear_T32_s9401103,16,lowrank,lowrank,1,3,stack_nonlinear,32,9401103,960,48,46080,1,3,5120,0,0,0,0,0,0,"[0.0, 0.0, 0.0, 0.0, 0.0, 0.0, 0.0, 0.0, 0.0, 0.0, 0.0, 0.0, 0.0, 0.0, 0.0, 0.0]"
n16_lowrank1_d3_stack_nonlinear_T32_s9401103,16,lowrank,lowrank,1,3,stack_nonlinear,32,9401103,960,48,46080,2,1,5120,5120,5120,5120,16,16,16,"[1.7505151120426707, 1.6726227279726797, 1.5484737765682142, 1.4220537719119055, 1.2166003226026711, 1.0805139773066557, 1.0060342465552548, 0.8071750365601649, 0.7083297241799003, 0.6775741377158075, 0.5025081921708998, 0.4590403233003334, 0.2767422640035852, 0.14954769986621122, 0.09004545204432438, 0.038751471779805265]"
n16_lowrank1_d3_stack_nonlinear_T32_s9401103,16,lowrank,lowrank,1,3,stack_nonlinear,32,9401103,960,48,46080,2,2,5120,5120,5120,5120,16,16,16,"[2.04907216953296, 1.9267110919217978, 1.8595150450997922, 1.831868946857248, 1.8042658335341397, 1.7602831553534601, 1.68837522098582, 1.6302825856084597, 1.5610141089664247, 1.4836123031083825, 1.4530578492557666, 1.409402937406385, 1.3831963897819946, 1.3371778368754248, 1.3114556828894381, 1.264437301188805]"
n16_lowrank1_d3_stack_nonlinear_T32_s9401103,16,lowrank,lowrank,1,3,stack_nonlinear,32,9401103,960,48,46080,2,3,5120,0,0,0,0,0,0,"[0.0, 0.0, 0.0, 0.0, 0.0, 0.0, 0.0, 0.0, 0.0, 0.0, 0.0, 0.0, 0.0, 0.0, 0.0, 0.0]"
n16_lowrank1_d3_stack_nonlinear_T32_s9401103,16,lowrank,lowrank,1,3,stack_nonlinear,32,9401103,960,48,46080,3,1,5120,5120,5120,5120,16,16,16,"[1.2811597513287798, 1.1751044727393882, 1.0208005571539172, 0.8036357779261649, 0.723325944667718, 0.5801751281859421, 0.42278446962844324, 0.3286845773263629, 0.2550424041529052, 0.23310081846787628, 0.16794936631755658, 0.1623169315954837, 0.08040321007732676, 0.026959429944609745, 0.01946077815581599, 0.013256027986384958]"
n16_lowrank1_d3_stack_nonlinear_T32_s9401103,16,lowrank,lowrank,1,3,stack_nonlinear,32,9401103,960,48,46080,3,2,5120,5120,5120,5120,16,16,16,"[1.9875942657675556, 1.7389074390965258, 1.569245660847433, 1.3755398846141103, 1.1793748012890213, 1.0389912370036607, 0.9758183215119428, 0.9215513514563524, 0.6856974518699528, 0.47882881205727046, 0.4040174208561554, 0.35903780784005496, 0.32101481947501237, 0.24823916521779507, 0.09596533169489317, 0.04368733328944824]"
n16_lowrank1_d3_stack_nonlinear_T32_s9401103,16,lowrank,lowrank,1,3,stack_nonlinear,32,9401103,960,48,46080,3,3,5120,5120,5120,5120,16,16,16,"[2.0204473205806948, 1.9897472559861116, 1.8933912027311752, 1.7592084358640871, 1.7030538672457647, 1.647412244627398, 1.6230523656732827, 1.5446103911668492, 1.519087211963075, 1.4893041374105993, 1.4387552753396389, 1.4022328068511356, 1.3571150292177059, 1.3463405942080673, 1.3161614244251236, 1.243515944274179]"
n16_lowrank1_d3_stack_nonlinear_T32_s9401104,16,lowrank,lowrank,1,3,stack_nonlinear,32,9401104,960,48,46080,1,1,5120,5120,5120,5120,16,16,16,"[2.2425216288148, 2.015193667433335, 1.9707913186342334, 1.926585201561999, 1.9245564492606122, 1.8204357887474378, 1.7723530024150065, 1.7159048147703226, 1.7020190682996876, 1.6905371707035581, 1.6531333787991112, 1.6071853181625153, 1.5657408465935374, 1.5386117836855109, 1.498324913985605, 1.4779062095081013]"
n16_lowrank1_d3_stack_nonlinear_T32_s9401104,16,lowrank,lowrank,1,3,stack_nonlinear,32,9401104,960,48,46080,1,2,5120,0,0,0,0,0,0,"[0.0, 0.0, 0.0, 0.0, 0.0, 0.0, 0.0, 0.0, 0.0, 0.0, 0.0, 0.0, 0.0, 0.0, 0.0, 0.0]"
n16_lowrank1_d3_stack_nonlinear_T32_s9401104,16,lowrank,lowrank,1,3,stack_nonlinear,32,9401104,960,48,46080,1,3,5120,0,0,0,0,0,0,"[0.0, 0.0, 0.0, 0.0, 0.0, 0.0, 0.0, 0.0, 0.0, 0.0, 0.0, 0.0, 0.0, 0.0, 0.0, 0.0]"
n16_lowrank1_d3_stack_nonlinear_T32_s9401104,16,lowrank,lowrank,1,3,stack_nonlinear,32,9401104,960,48,46080,2,1,5120,5120,5120,5120,16,16,16,"[1.971111953434012, 1.801703057777181, 1.568919718783081, 1.4652059935295236, 1.3151972754677763, 1.2138386518207689, 1.017124338233601, 0.8225850294062592, 0.6816597845742901, 0.6544247052848402, 0.5827904167238012, 0.4628514168238073, 0.4015266527389272, 0.3197366398684083, 0.2989595974866099, 0.12355206820813111]"
n16_lowrank1_d3_stack_nonlinear_T32_s9401104,16,lowrank,lowrank,1,3,stack_nonlinear,32,9401104,960,48,46080,2,2,5120,5120,5120,5120,16,16,16,"[1.9964611908135388, 1.9471301955678286, 1.921539951464327, 1.851229897842979, 1.7645579766122317, 1.7551702904725235, 1.73905111380459, 1.6853399798621447, 1.5209500494152797, 1.4873536443045186, 1.472775564149303, 1.4389473760440006, 1.3880306190406957, 1.3706919787861498, 1.3542475952827213, 1.2237699795933905]"
n16_lowrank1_d3_stack_nonlinear_T32_s9401104,16,lowrank,lowrank,1,3,stack_nonlinear,32,9401104,960,48,46080,2,3,5120,0,0,0,0,0,0,"[0.0, 0.0, 0.0, 0.0, 0.0, 0.0, 0.0, 0.0, 0.0, 0.0, 0.0, 0.0, 0.0, 0.0, 0.0, 0.0]"
n16_lowrank1_d3_stack_nonlinear_T32_s9401104,16,lowrank,lowrank,1,3,stack_nonlinear,32,9401104,960,48,46080,3,1,5120,5120,5120,5120,16,16,16,"[1.536807234919255, 1.3028933085520726, 1.1830980832490348, 0.9726208327219288, 0.9144190484742828, 0.6263056040287746, 0.584343039186059, 0.4676419316905723, 0.3058483961932418, 0.2820686337512999, 0.1931507130628498, 0.1673895414413498, 0.11393591549509687, 0.08593474917188744, 0.032761313435127344, 0.011798327034447385]"
n16_lowrank1_d3_stack_nonlinear_T32_s9401104,16,lowrank,lowrank,1,3,stack_nonlinear,32,9401104,960,48,46080,3,2,5120,5120,5120,5120,16,16,16,"[2.0962119217640383, 1.734545858953529, 1.6370930205595269, 1.4503174024218546, 1.3337718505904455, 1.164243190851956, 0.9420349212391083, 0.8700771539118466, 0.7637675962942473, 0.6478372521533821, 0.5291559756872429, 0.4723501516612412, 0.35044371955486964, 0.28070321962326344, 0.16944475437271733, 0.012469819039829669]"
n16_lowrank1_d3_stack_nonlinear_T32_s9401104,16,lowrank,lowrank,1,3,stack_nonlinear,32,9401104,960,48,46080,3,3,5120,5120,5120,5120,16,16,16,"[2.065593481520275, 1.9861889148275744, 1.9221758769082782, 1.80035930049431, 1.7751404930845176, 1.770351602269761, 1.7558928273378498, 1.7269265783449559, 1.6874593785128145, 1.6634468782644465, 1.6527324182118464, 1.6150183172012116, 1.5530897350319284, 1.5142128487963888, 1.496303040366741, 1.332768703985371]"
n16_lowrank1_d3_stack_nonlinear_T128_s9401100,16,lowrank,lowrank,1,3,stack_nonlinear,128,9401100,960,48,46080,1,1,5120,5120,5120,5120,16,16,16,"[2.1204908920620387, 2.0266285323330293, 1.990481186444024, 1.9690066851016308, 1.9176907896647133, 1.866102435956559, 1.855152983667983, 1.8234462325433105, 1.7977172918320525, 1.6493603444561973, 1.6060790669273237, 1.57780302592718, 1.5537614014058385, 1.5219611365363825, 1.492758811930658, 1.47140126151615]"
n16_lowrank1_d3_stack_nonlinear_T128_s9401100,16,lowrank,lowrank,1,3,stack_nonlinear,128,9401100,960,48,46080,1,2,5120,0,0,0,0,0,0,"[0.0, 0.0, 0.0, 0.0, 0.0, 0.0, 0.0, 0.0, 0.0, 0.0, 0.0, 0.0, 0.0, 0.0, 0.0, 0.0]"
n16_lowrank1_d3_stack_nonlinear_T128_s9401100,16,lowrank,lowrank,1,3,stack_nonlinear,128,9401100,960,48,46080,1,3,5120,0,0,0,0,0,0,"[0.0, 0.0, 0.0, 0.0, 0.0, 0.0, 0.0, 0.0, 0.0, 0.0, 0.0, 0.0, 0.0, 0.0, 0.0, 0.0]"
n16_lowrank1_d3_stack_nonlinear_T128_s9401100,16,lowrank,lowrank,1,3,stack_nonlinear,128,9401100,960,48,46080,2,1,5120,5120,5120,5120,16,16,16,"[2.1780484803442386, 1.7228626274029375, 1.6876103823619701, 1.3886220231716233, 1.3250385878242215, 1.0449388359142684, 0.8658948216106283, 0.7863760045803563, 0.705979448689056, 0.6724794550528117, 0.6189277141793331, 0.5457856074020756, 0.3179599300406803, 0.28956012817785176, 0.17739130203615347, 0.12596288604078162]"
n16_lowrank1_d3_stack_nonlinear_T128_s9401100,16,lowrank,lowrank,1,3,stack_nonlinear,128,9401100,960,48,46080,2,2,5120,5120,5120,5120,16,16,16,"[2.113995296269942, 1.9076539055244777, 1.8718597191240536, 1.8607867295133182, 1.79880165648948, 1.7810429203442548, 1.6262848896363722, 1.5453228406777517, 1.5357018274362852, 1.5256125855842657, 1.497920148579729, 1.4608582615892998, 1.4389815103936294, 1.3743817299202756, 1.3426665065516112, 1.3210329431031633]"
n16_lowrank1_d3_stack_nonlinear_T128_s9401100,16,lowrank,lowrank,1,3,stack_nonlinear,128,9401100,960,48,46080,2,3,5120,0,0,0,0,0,0,"[0.0, 0.0, 0.0, 0.0, 0.0, 0.0, 0.0, 0.0, 0.0, 0.0, 0.0, 0.0, 0.0, 0.0, 0.0, 0.0]"
n16_lowrank1_d3_stack_nonlinear_T128_s9401100,16,lowrank,lowrank,1,3,stack_nonlinear,128,9401100,960,48,46080,3,1,5120,5120,5120,5120,16,16,16,"[1.3873649340918994, 1.1319037942529433, 0.9498643469340343, 0.6090756150736742, 0.5059161118068646, 0.4566665587338278, 0.37802352975322323, 0.3311351127939191, 0.2571247011495511, 0.21306274448467505, 0.12071574251122018, 0.11614595639008006, 0.07937448126304754, 0.04313942645681972, 0.03737529547044876, 0.013596705125883565]"
n16_lowrank1_d3_stack_nonlinear_T128_s9401100,16,lowrank,lowrank,1,3,stack_nonlinear,128,9401100,960,48,46080,3,2,5120,5120,5120,5120,16,16,16,"[1.9145007485459116, 1.5045074365226796, 1.2519924761624195, 1.2068438084472766, 1.001765933851994, 0.9001789614074038, 0.8341130139473967, 0.7451661801619137, 0.5709162644451196, 0.5079245609521574, 0.391278529465211, 0.3451849893109346, 0.19495406259308554, 0.16120356080882836, 0.09033541221767741, 0.01741095977217218]"
n16_lowrank1_d3_stack_nonlinear_T128_s9401100,16,lowrank,lowrank,1,3,stack_nonlinear,128,9401100,960,48,46080,3,3,5120,5120,5120,5120,16,16,16,"[1.9207029224872658, 1.800594597771715, 1.751048034409018, 1.6334679467893827, 1.5594915279435084, 1.5222618618269113, 1.4762823425215845, 1.4556237426675644, 1.4203953977067538, 1.3397863365841618, 1.3099013712490266, 1.294589421728069, 1.2868322492888464, 1.2822906338120965, 1.2790396517487033, 1.1839114962121324]"
n16_lowrank1_d3_stack_nonlinear_T128_s9401101,16,lowrank,lowrank,1,3,stack_nonlinear,128,9401101,960,48,46080,1,1,5120,5120,5120,5120,16,16,16,"[2.21389986188883, 2.027369314590435, 1.9180220804925523, 1.873103510508449, 1.8287110831115938, 1.7839969906833977, 1.7484170254322853, 1.6934572955296274, 1.6847824227241839, 1.617610701473912, 1.5876063072271112, 1.565199339422778, 1.5278689382084383, 1.456662844434827, 1.4390134812857263, 1.374737839493215]"
n16_lowrank1_d3_stack_nonlinear_T128_s9401101,16,lowrank,lowrank,1,3,stack_nonlinear,128,9401101,960,48,46080,1,2,5120,0,0,0,0,0,0,"[0.0, 0.0, 0.0, 0.0, 0.0, 0.0, 0.0, 0.0, 0.0, 0.0, 0.0, 0.0, 0.0, 0.0, 0.0, 0.0]"
n16_lowrank1_d3_stack_nonlinear_T128_s9401101,16,lowrank,lowrank,1,3,stack_nonlinear,128,9401101,960,48,46080,1,3,5120,0,0,0,0,0,0,"[0.0, 0.0, 0.0, 0.0, 0.0, 0.0, 0.0, 0.0, 0.0, 0.0, 0.0, 0.0, 0.0, 0.0, 0.0, 0.0]"
n16_lowrank1_d3_stack_nonlinear_T128_s9401101,16,lowrank,lowrank,1,3,stack_nonlinear,128,9401101,960,48,46080,2,1,5120,5120,5120,5120,16,16,16,"[2.2435827998013886, 1.7152325020470987, 1.5676506636424088, 1.377921010225406, 1.2609450504020618, 1.2383367670636074, 1.1145708874905567, 0.9671687312737611, 0.8845654469493608, 0.758736436617995, 0.6218631268247118, 0.5653516496272852, 0.32546143066966743, 0.26818856208264236, 0.106347500604603, 0.06664722361049145]"
n16_lowrank1_d3_stack_nonlinear_T128_s9401101,16,lowrank,lowrank,1,3,stack_nonlinear,128,9401101,960,48,46080,2,2,5120,5120,5120,5120,16,16,16,"[2.0238216684132273, 1.9285516777002256, 1.841304152645586, 1.7723199856282799, 1.7520652119972648, 1.7008232195419202, 1.6355006419179794, 1.6308377481742942, 1.5922842982886443, 1.5643622108629818, 1.532686285126037, 1.4823136840921032, 1.428323966599551, 1.3809025768710204, 1.3260390783188303, 1.280065263903747]"
n16_lowrank1_d3_stack_nonlinear_T128_s9401101,16,lowrank,lowrank,1,3,stack_nonlinear,128,9401101,960,48,46080,2,3,5120,0,0,0,0,0,0,"[0.0, 0.0, 0.0, 0.0, 0.0, 0.0, 0.0, 0.0, 0.0, 0.0, 0.0, 0.0, 0.0, 0.0, 0.0, 0.0]"
n16_lowrank1_d3_stack_nonlinear_T128_s9401101,16,lowrank,lowrank,1,3,stack_nonlinear,128,9401101,960,48,46080,3,1,5120,5120,5120,5120,16,16,16,"[1.2297404801554461, 1.0723627118489425, 0.9557524153095116, 0.8475730619918947, 0.6969385928958293, 0.5989864702676058, 0.4642705697949044, 0.4498694496989911, 0.320370461496523, 0.3089291918594192, 0.22415486367137974, 0.12700272153446443, 0.07110762468297385, 0.0416429729754123, 0.018565358278841922, 0.014937262299637622]"
n16_lowrank1_d3_stack_nonlinear_T128_s9401101,16,lowrank,lowrank,1,3,stack_nonlinear,128,9401101,960,48,46080,3,2,5120,5120,5120,5120,16,16,16,"[1.5812986706094518, 1.4931444238033538, 1.2543115609675926, 1.2046538328634686, 1.0649866967682022, 0.9612354835885406, 0.8622609661173206, 0.7541733884277664, 0.6461579571808834, 0.5915066220023762, 0.5130173723534329, 0.43387116529862074, 0.33089036273506883, 0.24898277588777948, 0.1145249003602192, 0.02363627531718987]"
n16_lowrank1_d3_stack_nonlinear_T128_s9401101,16,lowrank,lowrank,1,3,stack_nonlinear,128,9401101,960,48,46080,3,3,5120,5120,5120,5120,16,16,16,"[1.7400022632884231, 1.6536298745212783, 1.6083187447073937, 1.5731106858097113, 1.5265862473823275, 1.5107769218086378, 1.4888854571079477, 1.4774747178884653, 1.465912855476037, 1.4552172226855364, 1.436423411036342, 1.407651587920545, 1.392711846051835, 1.3679553727112457, 1.313096351603264, 1.2132408614251302]"
n16_lowrank1_d3_stack_nonlinear_T128_s9401102,16,lowrank,lowrank,1,3,stack_nonlinear,128,9401102,960,48,46080,1,1,5120,5120,5120,5120,16,16,16,"[2.1729065058972497, 2.0311611037105597, 2.004358899784866, 1.848988967737185, 1.8212915523219406, 1.7993255934869476, 1.7404771024299184, 1.6973574587455171, 1.6893749885025668, 1.5763134783349648, 1.5373952467252296, 1.5208576995805787, 1.4855009526162488, 1.4659022779038082, 1.456993265562707, 1.4188643133368595]"
n16_lowrank1_d3_stack_nonlinear_T128_s9401102,16,lowrank,lowrank,1,3,stack_nonlinear,128,9401102,960,48,46080,1,2,5120,0,0,0,0,0,0,"[0.0, 0.0, 0.0, 0.0, 0.0, 0.0, 0.0, 0.0, 0.0, 0.0, 0.0, 0.0, 0.0, 0.0, 0.0, 0.0]"
n16_lowrank1_d3_stack_nonlinear_T128_s9401102,16,lowrank,lowrank,1,3,stack_nonlinear,128,9401102,960,48,46080,1,3,5120,0,0,0,0,0,0,"[0.0, 0.0, 0.0, 0.0, 0.0, 0.0, 0.0, 0.0, 0.0, 0.0, 0.0, 0.0, 0.0, 0.0, 0.0, 0.0]"
n16_lowrank1_d3_stack_nonlinear_T128_s9401102,16,lowrank,lowrank,1,3,stack_nonlinear,128,9401102,960,48,46080,2,1,5120,5120,5120,5120,16,16,16,"[1.7829158039645314, 1.639760661902627, 1.461088560799461, 1.2957097596026272, 1.126818447138413, 1.0229638204561662, 0.9048161667860962, 0.8472149630718515, 0.780030002682482, 0.6759660341563128, 0.5548969379766852, 0.5395615393629516, 0.45946015704716386, 0.27409629342030123, 0.11376693034248593, 0.042669645463992024]"
n16_lowrank1_d3_stack_nonlinear_T128_s9401102,16,lowrank,lowrank,1,3,stack_nonlinear,128,9401102,960,48,46080,2,2,5120,5120,5120,5120,16,16,16,"[1.8759934991672822, 1.858966201143539, 1.6981972536225547, 1.5650018268472135, 1.551644985865378, 1.5443399592060023, 1.5243139456037822, 1.4868160861264441, 1.470722987033918, 1.466114735503629, 1.4345342044954086, 1.427830931059584, 1.4136988347439314, 1.3666048286470274, 1.3151475162023738, 1.2356284182657775]"
n16_lowrank1_d3_stack_nonlinear_T128_s9401102,16,lowrank,lowrank,1,3,stack_nonlinear,128,9401102,960,48,46080,2,3,5120,0,0,0,0,0,0,"[0.0, 0.0, 0.0, 0.0, 0.0, 0.0, 0.0, 0.0, 0.0, 0.0, 0.0, 0.0, 0.0, 0.0, 0.0, 0.0]"
n16_lowrank1_d3_stack_nonlinear_T128_s9401102,16,lowrank,lowrank,1,3,stack_nonlinear,128,9401102,960,48,46080,3,1,5120,5120,5120,5120,16,16,16,"[1.4529055442828005, 1.0776866272456511, 0.8828653895999746, 0.7713632811206254, 0.6219113144291453, 0.5882572522309538, 0.5241547649379716, 0.439703061291552, 0.3782197888529397, 0.2989622312369938, 0.23818276300721017, 0.1656223649989406, 0.11532833552538219, 0.04987545654154059, 0.021639009409285554, 0.01842368274589403]"
n16_lowrank1_d3_stack_nonlinear_T128_s9401102,16,lowrank,lowrank,1,3,stack_nonlinear,128,9401102,960,48,46080,3,2,5120,5120,5120,5120,16,16,16,"[1.8738650712414089, 1.715582608629681, 1.4215587892617156, 1.1934685669449823, 1.172399073723718, 1.1146512841424678, 0.9170638241741652, 0.8697393533904426, 0.8147055246368995, 0.619251369413995, 0.5080173675484935, 0.42047755036912027, 0.3561261703512067, 0.25031548634077755, 0.10865156097391084, 0.04462650981603313]"
n16_lowrank1_d3_stack_nonlinear_T128_s9401102,16,lowrank,lowrank,1,3,stack_nonlinear,128,9401102,960,48,46080,3,3,5120,5120,5120,5120,16,16,16,"[2.033386850177339, 1.9253366271680228, 1.7469747846667798, 1.7376675598797557, 1.7335740634714467, 1.694315360984325, 1.6784573098706397, 1.6442391907131377, 1.6397771186464325, 1.6144124620011229, 1.5461173685005565, 1.5062418824393902, 1.4956493729354605, 1.4425818235302992, 1.323032044422098, 1.2688439248285641]"
n16_lowrank1_d3_stack_nonlinear_T128_s9401103,16,lowrank,lowrank,1,3,stack_nonlinear,128,9401103,960,48,46080,1,1,5120,5120,5120,5120,16,16,16,"[2.226250211954582, 2.0741553707502853, 1.9302721249639823, 1.8909798358237548, 1.7396197792155357, 1.7324549169200245, 1.7281382520941122, 1.7015585670192206, 1.6731896530969117, 1.6296575877866684, 1.5446939444610914, 1.5312004277397468, 1.50030140178486, 1.4796127176767415, 1.443039978490847, 1.3553561382673263]"
n16_lowrank1_d3_stack_nonlinear_T128_s9401103,16,lowrank,lowrank,1,3,stack_nonlinear,128,9401103,960,48,46080,1,2,5120,0,0,0,0,0,0,"[0.0, 0.0, 0.0, 0.0, 0.0, 0.0, 0.0, 0.0, 0.0, 0.0, 0.0, 0.0, 0.0, 0.0, 0.0, 0.0]"
n16_lowrank1_d3_stack_nonlinear_T128_s9401103,16,lowrank,lowrank,1,3,stack_nonlinear,128,9401103,960,48,46080,1,3,5120,0,0,0,0,0,0,"[0.0, 0.0, 0.0, 0.0, 0.0, 0.0, 0.0, 0.0, 0.0, 0.0, 0.0, 0.0, 0.0, 0.0, 0.0, 0.0]"
n16_lowrank1_d3_stack_nonlinear_T128_s9401103,16,lowrank,lowrank,1,3,stack_nonlinear,128,9401103,960,48,46080,2,1,5120,5120,5120,5120,16,16,16,"[1.7944730232429469, 1.7171523442471932, 1.5932664453854433, 1.4593454923772142, 1.2047404459576276, 1.109674465906266, 1.031860857347061, 0.8370237894183092, 0.7302198868021992, 0.6958947434687492, 0.5146309429767691, 0.46649710800821576, 0.2824863116260568, 0.14856569947589984, 0.0891227758399291, 0.032526046015718575]"
n16_lowrank1_d3_stack_nonlinear_T128_s9401103,16,lowrank,lowrank,1,3,stack_nonlinear,128,9401103,960,48,46080,2,2,5120,5120,5120,5120,16,16,16,"[2.0585509033346976, 1.9484113790235968, 1.8741259938655856, 1.8374991569193742, 1.8213750299680564, 1.7779777276272177, 1.7019927783298316, 1.6470496049484133, 1.579631622919754, 1.4818452740455217, 1.465142761817565, 1.4255823976550477, 1.3970416603956002, 1.3514132671778123, 1.332430006432642, 1.2759089708143534]"
n16_lowrank1_d3_stack_nonlinear_T128_s9401103,16,lowrank,lowrank,1,3,stack_nonlinear,128,9401103,960,48,46080,2,3,5120,0,0,0,0,0,0,"[0.0, 0.0, 0.0, 0.0, 0.0, 0.0, 0.0, 0.0, 0.0, 0.0, 0.0, 0.0, 0.0, 0.0, 0.0, 0.0]"
n16_lowrank1_d3_stack_nonlinear_T128_s9401103,16,lowrank,lowrank,1,3,stack_nonlinear,128,9401103,960,48,46080,3,1,5120,5120,5120,5120,16,16,16,"[1.2988493749669419, 1.1920117186167525, 1.0314141810443558, 0.8232593793429962, 0.7365359762602359, 0.5841531063922578, 0.4332849394744217, 0.3316243045376547, 0.25968154064965876, 0.23803201522073605, 0.1735086988481633, 0.16418294973550523, 0.07974908581834299, 0.02436470979231786, 0.017232655268115894, 0.012285664005481528]"
n16_lowrank1_d3_stack_nonlinear_T128_s9401103,16,lowrank,lowrank,1,3,stack_nonlinear,128,9401103,960,48,46080,3,2,5120,5120,5120,5120,16,16,16,"[1.9771838510053819, 1.746119701222306, 1.5781051519227016, 1.3829979291865564, 1.1759382076998923, 1.0378312324894239, 0.9832680836362334, 0.9291050240629949, 0.6867853199624346, 0.48397758067115654, 0.4067478478919517, 0.3618698347503322, 0.3224228481490779, 0.2493457835825081, 0.09629316819994321, 0.042065811620837064]"
n16_lowrank1_d3_stack_nonlinear_T128_s9401103,16,lowrank,lowrank,1,3,stack_nonlinear,128,9401103,960,48,46080,3,3,5120,5120,5120,5120,16,16,16,"[2.0124416639002516, 1.9767153406575688, 1.8914381516016023, 1.7576358373726229, 1.6912489602319452, 1.655138671592764, 1.624661241675496, 1.5417274221762685, 1.5174506297363943, 1.4877086237303385, 1.4392081635734433, 1.4021362531730548, 1.3587818906358322, 1.346028204517611, 1.3178502036309494, 1.243534526654918]"
n16_lowrank1_d3_stack_nonlinear_T128_s9401104,16,lowrank,lowrank,1,3,stack_nonlinear,128,9401104,960,48,46080,1,1,5120,5120,5120,5120,16,16,16,"[2.308880501541221, 2.0963295593774434, 2.019928633172835, 1.9766399841070907, 1.905665740596682, 1.8870305196007953, 1.8445503158973324, 1.786104299720544, 1.762954856877812, 1.701406488999059, 1.696178222046622, 1.653576174975914, 1.6141566995760679, 1.5909598744519267, 1.5363047381211812, 1.516800478940925]"
n16_lowrank1_d3_stack_nonlinear_T128_s9401104,16,lowrank,lowrank,1,3,stack_nonlinear,128,9401104,960,48,46080,1,2,5120,0,0,0,0,0,0,"[0.0, 0.0, 0.0, 0.0, 0.0, 0.0, 0.0, 0.0, 0.0, 0.0, 0.0, 0.0, 0.0, 0.0, 0.0, 0.0]"
n16_lowrank1_d3_stack_nonlinear_T128_s9401104,16,lowrank,lowrank,1,3,stack_nonlinear,128,9401104,960,48,46080,1,3,5120,0,0,0,0,0,0,"[0.0, 0.0, 0.0, 0.0, 0.0, 0.0, 0.0, 0.0, 0.0, 0.0, 0.0, 0.0, 0.0, 0.0, 0.0, 0.0]"
n16_lowrank1_d3_stack_nonlinear_T128_s9401104,16,lowrank,lowrank,1,3,stack_nonlinear,128,9401104,960,48,46080,2,1,5120,5120,5120,5120,16,16,16,"[1.9354402077734845, 1.8679867474852474, 1.604837801222293, 1.5018072502822095, 1.3619484958156562, 1.2348403605704195, 1.03010099827133, 0.8588770882215504, 0.6915102570505254, 0.6546691101420326, 0.5913191899282098, 0.47568969302414754, 0.4158798003395343, 0.3267867154601732, 0.308921417117719, 0.1273870089945419]"
n16_lowrank1_d3_stack_nonlinear_T128_s9401104,16,lowrank,lowrank,1,3,stack_nonlinear,128,9401104,960,48,46080,2,2,5120,5120,5120,5120,16,16,16,"[2.056051815708717, 2.0089867410173095, 1.9715401855559265, 1.9020607827852452, 1.8218600908893268, 1.8123667574491125, 1.783420733655554, 1.7277725952916552, 1.5699038235668126, 1.5383574856660345, 1.4887578586471033, 1.4695921051883585, 1.4355702849283383, 1.411955867963086, 1.4010362982017075, 1.2598872318250816]"
n16_lowrank1_d3_stack_nonlinear_T128_s9401104,16,lowrank,lowrank,1,3,stack_nonlinear,128,9401104,960,48,46080,2,3,5120,0,0,0,0,0,0,"[0.0, 0.0, 0.0, 0.0, 0.0, 0.0, 0.0, 0.0, 0.0, 0.0, 0.0, 0.0, 0.0, 0.0, 0.0, 0.0]"
n16_lowrank1_d3_stack_nonlinear_T128_s9401104,16,lowrank,lowrank,1,3,stack_nonlinear,128,9401104,960,48,46080,3,1,5120,5120,5120,5120,16,16,16,"[1.58541773982497, 1.3199360394813182, 1.1691049345454976, 0.9916593483925982, 0.9183698677218042, 0.6319970717009862, 0.5920754657819779, 0.4798910655865217, 0.3145088851456608, 0.28699759666745656, 0.19815430146876617, 0.1731529139634844, 0.11282052610083616, 0.08829778987589781, 0.03423685719451677, 0.012589060799478618]"
n16_lowrank1_d3_stack_nonlinear_T128_s9401104,16,lowrank,lowrank,1,3,stack_nonlinear,128,9401104,960,48,46080,3,2,5120,5120,5120,5120,16,16,16,"[2.127399539435626, 1.7608522690880688, 1.663875869067568, 1.4866201503455199, 1.3558714432002479, 1.1881850275252237, 0.9597130695468925, 0.8789283058907508, 0.7714017236693886, 0.6603725445663853, 0.5417623987998742, 0.48151394039390255, 0.35493846923258654, 0.2836382416634655, 0.17429971775575656, 0.013982693513474129]"
n16_lowrank1_d3_stack_nonlinear_T128_s9401104,16,lowrank,lowrank,1,3,stack_nonlinear,128,9401104,960,48,46080,3,3,5120,5120,5120,5120,16,16,16,"[2.095810279419194, 2.0229069030924807, 1.9413441145048873, 1.8394665917339057, 1.8187328458579142, 1.8103419634078344, 1.795833863521562, 1.7700802716961517, 1.7257673451456716, 1.7105935694434382, 1.6828786673206897, 1.6439883598770901, 1.57977777145851, 1.5455064529876834, 1.526938480340223, 1.3629232743725892]"
n16_lowrank8_d1_stack_nonlinear_T32_s9401100,16,lowrank,lowrank,8,1,stack_nonlinear,32,9401100,544,16,8704,1,1,8704,8704,8704,8704,16,16,16,"[2.2270143632793045, 2.193445498769966, 2.0690055884793113, 2.005918582925442, 1.9630084174044173, 1.9034312165555967, 1.8449615497061107, 1.8001702012592933, 1.6993808381408304, 1.6207911106987258, 1.5305550632651206, 1.5239155156402815, 1.4724863660825003, 1.4282805018077895, 1.3858094627557138, 1.3350028838079326]"
n16_lowrank8_d1_stack_nonlinear_T32_s9401101,16,lowrank,lowrank,8,1,stack_nonlinear,32,9401101,544,16,8704,1,1,8704,8704,8704,8704,16,16,16,"[2.2641648603081825, 2.1381939605870572, 2.0980816604580776, 2.020924975438503, 1.9658200595644133, 1.9306314961500946, 1.8868938659468337, 1.843249888967659, 1.7918903897672915, 1.7321598054250518, 1.6801925243878881, 1.610766179417571, 1.5719842532090087, 1.5120108142596753, 1.4888192974040262, 1.4729047723168973]"
n16_lowrank8_d1_stack_nonlinear_T32_s9401102,16,lowrank,lowrank,8,1,stack_nonlinear,32,9401102,544,16,8704,1,1,8704,8704,8704,8704,16,16,16,"[2.061564744537551, 2.0179561275398057, 1.9237973474871748, 1.8378909959921401, 1.8040940469702398, 1.7559204062870444, 1.7013908058905667, 1.6473587949293338, 1.5785474214892532, 1.5379599601902811, 1.5245854100337046, 1.4888940488990723, 1.4664424425341087, 1.3938181821114826, 1.38085890062604, 1.3143920060378151]"
n16_lowrank8_d1_stack_nonlinear_T32_s9401103,16,lowrank,lowrank,8,1,stack_nonlinear,32,9401103,544,16,8704,1,1,8704,8704,8704,8704,16,16,16,"[2.1049011720206154, 1.9937228858067313, 1.8910814411703787, 1.8543287539467903, 1.755185922560142, 1.737572201751682, 1.6689275412014015, 1.6660634457012626, 1.613741057324374, 1.5823178463896805, 1.5473231413668078, 1.5132817278048916, 1.4703580079748775, 1.4137936673167777, 1.4090341811985265, 1.3343888464702596]"
n16_lowrank8_d1_stack_nonlinear_T32_s9401104,16,lowrank,lowrank,8,1,stack_nonlinear,32,9401104,544,16,8704,1,1,8704,8704,8704,8704,16,16,16,"[2.422472264329729, 2.141561110807927, 2.0326254955103673, 2.0181283325890624, 1.8547292577183965, 1.8418486712700448, 1.8328068533353188, 1.7417709676259927, 1.7186529467936962, 1.6979283227811064, 1.6622006178566038, 1.6230672681171128, 1.5736277997972161, 1.5177054530302883, 1.475525238424166, 1.3933606235418]"
n16_lowrank8_d1_stack_nonlinear_T128_s9401100,16,lowrank,lowrank,8,1,stack_nonlinear,128,9401100,544,16,8704,1,1,8704,8704,8704,8704,16,16,16,"[2.243023868029433, 2.1868089683094465, 2.1515864423315354, 2.0861274238666097, 1.990969741259494, 1.9412915191731073, 1.899975973005982, 1.8571317916199657, 1.7627650214680788, 1.6936572399627894, 1.6101476718183867, 1.5972505748816015, 1.5421831992651038, 1.5153770296278097, 1.4773907410009661, 1.4268639773670775]"
n16_lowrank8_d1_stack_nonlinear_T128_s9401101,16,lowrank,lowrank,8,1,stack_nonlinear,128,9401101,544,16,8704,1,1,8704,8704,8704,8704,16,16,16,"[2.0997712511508086, 2.0053786591647804, 1.9779091003526352, 1.8867585260925526, 1.860259398356343, 1.8048410172591416, 1.7574400689138572, 1.726004526647954, 1.6760250785286566, 1.6219040136232636, 1.5566968466799862, 1.5048014703031396, 1.4416946730778466, 1.4335877830777837, 1.3844140478914506, 1.339450188679731]"
n16_lowrank8_d1_stack_nonlinear_T128_s9401102,16,lowrank,lowrank,8,1,stack_nonlinear,128,9401102,544,16,8704,1,1,8704,8704,8704,8704,16,16,16,"[2.1108600569988694, 2.03684693709542, 1.9874722829817533, 1.9182800820463823, 1.859839747335435, 1.8078465390717775, 1.7647314001869754, 1.6876349868596006, 1.6390280083697895, 1.6126695604166226, 1.584709835609962, 1.5445731485516647, 1.523132777295468, 1.4482011432707276, 1.4366958907902776, 1.3669156516455685]"
n16_lowrank8_d1_stack_nonlinear_T128_s9401103,16,lowrank,lowrank,8,1,stack_nonlinear,128,9401103,544,16,8704,1,1,8704,8704,8704,8704,16,16,16,"[2.131409327622596, 2.0508186008757874, 1.9618513445733847, 1.9180101917274055, 1.8176183130587342, 1.7627349087202138, 1.7268285648434727, 1.694649099684428, 1.6573876195428483, 1.6229068567301446, 1.5894872400649567, 1.550097869992702, 1.5090885061034829, 1.452964924271131, 1.4459095153575678, 1.3692201632225567]"
n16_lowrank8_d1_stack_nonlinear_T128_s9401104,16,lowrank,lowrank,8,1,stack_nonlinear,128,9401104,544,16,8704,1,1,8704,8704,8704,8704,16,16,16,"[2.488753838023943, 2.179483555044667, 2.082603378442693, 2.0345768368358605, 1.9320413732879775, 1.909827282127913, 1.8951695656591656, 1.8036133356330366, 1.779655474459486, 1.7471084977662146, 1.7176016853925826, 1.6781590596142284, 1.6130973042097922, 1.5596981004170751, 1.5058514821959084, 1.4346189096030324]"
n16_lowrank8_d3_stack_nonlinear_T32_s9401100,16,lowrank,lowrank,8,3,stack_nonlinear,32,9401100,1632,48,78336,1,1,8704,8704,8704,8704,16,16,16,"[2.2270143632793045, 2.193445498769966, 2.0690055884793113, 2.005918582925442, 1.9630084174044173, 1.9034312165555967, 1.8449615497061107, 1.8001702012592933, 1.6993808381408304, 1.6207911106987258, 1.5305550632651206, 1.5239155156402815, 1.4724863660825003, 1.4282805018077895, 1.3858094627557138, 1.3350028838079326]"
n16_lowrank8_d3_stack_nonlinear_T32_s9401100,16,lowrank,lowrank,8,3,stack_nonlinear,32,9401100,1632,48,78336,1,2,8704,0,0,0,0,0,0,"[0.0, 0.0, 0.0, 0.0, 0.0, 0.0, 0.0, 0.0, 0.0, 0.0, 0.0, 0.0, 0.0, 0.0, 0.0, 0.0]"
n16_lowrank8_d3_stack_nonlinear_T32_s9401100,16,lowrank,lowrank,8,3,stack_nonlinear,32,9401100,1632,48,78336,1,3,8704,0,0,0,0,0,0,"[0.0, 0.0, 0.0, 0.0, 0.0, 0.0, 0.0, 0.0, 0.0, 0.0, 0.0, 0.0, 0.0, 0.0, 0.0, 0.0]"
n16_lowrank8_d3_stack_nonlinear_T32_s9401100,16,lowrank,lowrank,8,3,stack_nonlinear,32,9401100,1632,48,78336,2,1,8704,8704,8704,8704,16,16,16,"[2.000935713204216, 1.6418712324228777, 1.6061773114647828, 1.3658476108727935, 1.1347251731685233, 1.0872808706639154, 0.9101756565156607, 0.8791842481672693, 0.6888055360324539, 0.6281812963734829, 0.5337705979384462, 0.41978597063708617, 0.3045133637984432, 0.26150103489297893, 0.16714607745157334, 0.03188711266461935]"
n16_lowrank8_d3_stack_nonlinear_T32_s9401100,16,lowrank,lowrank,8,3,stack_nonlinear,32,9401100,1632,48,78336,2,2,8704,8704,8704,8704,16,16,16,"[2.320216638394182, 2.0909544328630405, 1.9232584004060167, 1.8745738290741305, 1.778377500312591, 1.7724022435623366, 1.716236415974524, 1.6729129926404769, 1.666088270958998, 1.5662756212091313, 1.5523849416545694, 1.4902737632017038, 1.4604918054001663, 1.4391806846297903, 1.3257934133410172, 1.297735246407344]"
n16_lowrank8_d3_stack_nonlinear_T32_s9401100,16,lowrank,lowrank,8,3,stack_nonlinear,32,9401100,1632,48,78336,2,3,8704,0,0,0,0,0,0,"[0.0, 0.0, 0.0, 0.0, 0.0, 0.0, 0.0, 0.0, 0.0, 0.0, 0.0, 0.0, 0.0, 0.0, 0.0, 0.0]"
n16_lowrank8_d3_stack_nonlinear_T32_s9401100,16,lowrank,lowrank,8,3,stack_nonlinear,32,9401100,1632,48,78336,3,1,8704,8704,8704,8704,16,16,16,"[1.5191331745161574, 1.2594187116900621, 0.8950451269370999, 0.7854558835409305, 0.5493115129171745, 0.5184409274248948, 0.38404847894445276, 0.31473127610575913, 0.23380861567031155, 0.18678387340180583, 0.16823107438737883, 0.10138823633179263, 0.06126623490860653, 0.04965033257216656, 0.026618835559914067, 0.021764699745712067]"
n16_lowrank8_d3_stack_nonlinear_T32_s9401100,16,lowrank,lowrank,8,3,stack_nonlinear,32,9401100,1632,48,78336,3,2,8704,8704,8704,8704,16,16,16,"[1.9783813415094484, 1.5662185935909518, 1.522834346733195, 1.2929403814952443, 1.201866243273004, 1.0336375161380038, 0.882277109737772, 0.8128062086379434, 0.7079959019872194, 0.5835968543934315, 0.4756257713244638, 0.4478921947522959, 0.3617078024605175, 0.155610507648842, 0.0804594650757643, 0.06079416183768366]"
n16_lowrank8_d3_stack_nonlinear_T32_s9401100,16,lowrank,lowrank,8,3,stack_nonlinear,32,9401100,1632,48,78336,3,3,8704,8704,8704,8704,16,16,16,"[2.1398484860238685, 1.9361885349220624, 1.831450168994501, 1.8206286318701193, 1.7949991301119212, 1.6705897265008944, 1.605330335856286, 1.5830215306520237, 1.4828663916476486, 1.4272246476811947, 1.3999597852691084, 1.3981690113427745, 1.3724969657965913, 1.3483634807675602, 1.3037740081261735, 1.258409723921273]"
n16_lowrank8_d3_stack_nonlinear_T32_s9401101,16,lowrank,lowrank,8,3,stack_nonlinear,32,9401101,1632,48,78336,1,1,8704,8704,8704,8704,16,16,16,"[2.2641648603081825, 2.1381939605870572, 2.0980816604580776, 2.020924975438503, 1.9658200595644133, 1.9306314961500946, 1.8868938659468337, 1.843249888967659, 1.7918903897672915, 1.7321598054250518, 1.6801925243878881, 1.610766179417571, 1.5719842532090087, 1.5120108142596753, 1.4888192974040262, 1.4729047723168973]"
n16_lowrank8_d3_stack_nonlinear_T32_s9401101,16,lowrank,lowrank,8,3,stack_nonlinear,32,9401101,1632,48,78336,1,2,8704,0,0,0,0,0,0,"[0.0, 0.0, 0.0, 0.0, 0.0, 0.0, 0.0, 0.0, 0.0, 0.0, 0.0, 0.0, 0.0, 0.0, 0.0, 0.0]"
n16_lowrank8_d3_stack_nonlinear_T32_s9401101,16,lowrank,lowrank,8,3,stack_nonlinear,32,9401101,1632,48,78336,1,3,8704,0,0,0,0,0,0,"[0.0, 0.0, 0.0, 0.0, 0.0, 0.0, 0.0, 0.0, 0.0, 0.0, 0.0, 0.0, 0.0, 0.0, 0.0, 0.0]"
n16_lowrank8_d3_stack_nonlinear_T32_s9401101,16,lowrank,lowrank,8,3,stack_nonlinear,32,9401101,1632,48,78336,2,1,8704,8704,8704,8704,16,16,16,"[1.7853652191238856, 1.728806027655192, 1.6642073387041523, 1.2584534356927644, 1.2227991134094656, 1.1341924345486267, 0.9830277067824088, 0.856013238534317, 0.7427815087963437, 0.628540536341313, 0.534643436379159, 0.4726394831731146, 0.2549115257750135, 0.16474781722919588, 0.10943908343159638, 0.08125859456427348]"
n16_lowrank8_d3_stack_nonlinear_T32_s9401101,16,lowrank,lowrank,8,3,stack_nonlinear,32,9401101,1632,48,78336,2,2,8704,8704,8704,8704,16,16,16,"[2.043640069419241, 1.9858932961348328, 1.917844230723026, 1.8122823889224704, 1.7275778769050265, 1.6507545034164994, 1.5447692136212912, 1.5264927910958217, 1.4960056911441673, 1.4645540347392254, 1.4377012420125492, 1.4149067987090047, 1.389567862236184, 1.3784941589688648, 1.336326983269335, 1.3037182971371366]"
n16_lowrank8_d3_stack_nonlinear_T32_s9401101,16,lowrank,lowrank,8,3,stack_nonlinear,32,9401101,1632,48,78336,2,3,8704,0,0,0,0,0,0,"[0.0, 0.0, 0.0, 0.0, 0.0, 0.0, 0.0, 0.0, 0.0, 0.0, 0.0, 0.0, 0.0, 0.0, 0.0, 0.0]"
n16_lowrank8_d3_stack_nonlinear_T32_s9401101,16,lowrank,lowrank,8,3,stack_nonlinear,32,9401101,1632,48,78336,3,1,8704,8704,8704,8704,16,16,16,"[1.257480185514192, 1.0908198782915826, 1.0292390109824598, 0.8319030683589107, 0.7025067362581777, 0.6346952661958972, 0.5105189639624461, 0.4267983597820792, 0.40178219345368205, 0.2941461464685199, 0.21111748475663367, 0.1454439353366479, 0.08418292045929968, 0.06759977888621933, 0.03627191423260424, 0.02381956371735776]"
n16_lowrank8_d3_stack_nonlinear_T32_s9401101,16,lowrank,lowrank,8,3,stack_nonlinear,32,9401101,1632,48,78336,3,2,8704,8704,8704,8704,16,16,16,"[1.8212700170021288, 1.636472244481716, 1.5541039853678178, 1.361903637068749, 1.1919212490773683, 1.0850185930012695, 1.0565540423526623, 0.812155985510136, 0.746492905639384, 0.6435909054475426, 0.5869875133067477, 0.45836623217060024, 0.3794297101943383, 0.3131190021276368, 0.22378617501042516, 0.030562274563706353]"
n16_lowrank8_d3_stack_nonlinear_T32_s9401101,16,lowrank,lowrank,8,3,stack_nonlinear,32,9401101,1632,48,78336,3,3,8704,8704,8704,8704,16,16,16,"[2.0699453333245788, 2.050323041600326, 1.9957408570086304, 1.9495072576029695, 1.8835638304965163, 1.82347794096713, 1.8135520033445591, 1.7418923554257473, 1.6819700163327918, 1.5984264157981487, 1.5900683839017515, 1.4847644397309756, 1.4272796787623008, 1.3679590238556878, 1.3184693863410546, 1.2411642873527784]"
n16_lowrank8_d3_stack_nonlinear_T32_s9401102,16,lowrank,lowrank,8,3,stack_nonlinear,32,9401102,1632,48,78336,1,1,8704,8704,8704,8704,16,16,16,"[2.061564744537551, 2.0179561275398057, 1.9237973474871748, 1.8378909959921401, 1.8040940469702398, 1.7559204062870444, 1.7013908058905667, 1.6473587949293338, 1.5785474214892532, 1.5379599601902811, 1.5245854100337046, 1.4888940488990723, 1.4664424425341087, 1.3938181821114826, 1.38085890062604, 1.3143920060378151]"
n16_lowrank8_d3_stack_nonlinear_T32_s9401102,16,lowrank,lowrank,8,3,stack_nonlinear,32,9401102,1632,48,78336,1,2,8704,0,0,0,0,0,0,"[0.0, 0.0, 0.0, 0.0, 0.0, 0.0, 0.0, 0.0, 0.0, 0.0, 0.0, 0.0, 0.0, 0.0, 0.0, 0.0]"
n16_lowrank8_d3_stack_nonlinear_T32_s9401102,16,lowrank,lowrank,8,3,stack_nonlinear,32,9401102,1632,48,78336,1,3,8704,0,0,0,0,0,0,"[0.0, 0.0, 0.0, 0.0, 0.0, 0.0, 0.0, 0.0, 0.0, 0.0, 0.0, 0.0, 0.0, 0.0, 0.0, 0.0]"
n16_lowrank8_d3_stack_nonlinear_T32_s9401102,16,lowrank,lowrank,8,3,stack_nonlinear,32,9401102,1632,48,78336,2,1,8704,8704,8704,8704,16,16,16,"[1.940665817957948, 1.780822708461968, 1.5324588791948044, 1.2510629970549196, 1.1899247858908808, 1.1307112577580636, 0.93126517221539, 0.8034665440492483, 0.6781049614394233, 0.561250253114149, 0.5073538925109321, 0.3929201166519125, 0.26168822507149214, 0.21686059685931877, 0.14434559763832294, 0.09298319320214789]"
n16_lowrank8_d3_stack_nonlinear_T32_s9401102,16,lowrank,lowrank,8,3,stack_nonlinear,32,9401102,1632,48,78336,2,2,8704,8704,8704,8704,16,16,16,"[2.2356496381893938, 2.035490401525901, 1.9893021618399191, 1.8822404909609063, 1.7662845747912566, 1.7121865099914388, 1.6547823803567805, 1.6444420441361927, 1.5999401840547576, 1.5595647617298634, 1.519615920801628, 1.4476604616358573, 1.4292745119867858, 1.3709130282006146, 1.3114684333742914, 1.3023875481848377]"
n16_lowrank8_d3_stack_nonlinear_T32_s9401102,16,lowrank,lowrank,8,3,stack_nonlinear,32,9401102,1632,48,78336,2,3,8704,0,0,0,0,0,0,"[0.0, 0.0, 0.0, 0.0, 0.0, 0.0, 0.0, 0.0, 0.0, 0.0, 0.0, 0.0, 0.0, 0.0, 0.0, 0.0]"
n16_lowrank8_d3_stack_nonlinear_T32_s9401102,16,lowrank,lowrank,8,3,stack_nonlinear,32,9401102,1632,48,78336,3,1,8704,8704,8704,8704,16,16,16,"[1.4488179612057654, 1.0813415049665205, 0.9276006567315189, 0.8274767885255825, 0.6875597513728685, 0.5710969616845442, 0.38589942292800083, 0.33300381754903063, 0.26900716041360173, 0.1754623850144419, 0.13704142312063755, 0.0951991004389574, 0.08484144043827441, 0.051150519185777024, 0.03725878897036562, 0.01022538270934534]"
n16_lowrank8_d3_stack_nonlinear_T32_s9401102,16,lowrank,lowrank,8,3,stack_nonlinear,32,9401102,1632,48,78336,3,2,8704,8704,8704,8704,16,16,16,"[2.0109556188885858, 1.7614492321346893, 1.5057917969139216, 1.357616670585311, 1.0986283200608484, 1.0089898652775626, 0.8797599829530369, 0.7450773462204732, 0.7224208460650664, 0.575214526912065, 0.4829344573347339, 0.3831543113286978, 0.3751606397305851, 0.24734694562739282, 0.17570029327519066, 0.015178510948891236]"
n16_lowrank8_d3_stack_nonlinear_T32_s9401102,16,lowrank,lowrank,8,3,stack_nonlinear,32,9401102,1632,48,78336,3,3,8704,8704,8704,8704,16,16,16,"[1.9891780137969173, 1.7713339630212668, 1.6763327676189284, 1.6427448303336258, 1.5936363523573935, 1.5783516945895435, 1.5411646007656363, 1.4796351351634216, 1.4345430484740032, 1.414888045791983, 1.386048420816326, 1.3804690101865786, 1.3635961191301453, 1.342649122795961, 1.275308077100082, 1.2411780689462995]"
n16_lowrank8_d3_stack_nonlinear_T32_s9401103,16,lowrank,lowrank,8,3,stack_nonlinear,32,9401103,1632,48,78336,1,1,8704,8704,8704,8704,16,16,16,"[2.1049011720206154, 1.9937228858067313, 1.8910814411703787, 1.8543287539467903, 1.755185922560142, 1.737572201751682, 1.6689275412014015, 1.6660634457012626, 1.613741057324374, 1.5823178463896805, 1.5473231413668078, 1.5132817278048916, 1.4703580079748775, 1.4137936673167777, 1.4090341811985265, 1.3343888464702596]"
n16_lowrank8_d3_stack_nonlinear_T32_s9401103,16,lowrank,lowrank,8,3,stack_nonlinear,32,9401103,1632,48,78336,1,2,8704,0,0,0,0,0,0,"[0.0, 0.0, 0.0, 0.0, 0.0, 0.0, 0.0, 0.0, 0.0, 0.0, 0.0, 0.0, 0.0, 0.0, 0.0, 0.0]"
n16_lowrank8_d3_stack_nonlinear_T32_s9401103,16,lowrank,lowrank,8,3,stack_nonlinear,32,9401103,1632,48,78336,1,3,8704,0,0,0,0,0,0,"[0.0, 0.0, 0.0, 0.0, 0.0, 0.0, 0.0, 0.0, 0.0, 0.0, 0.0, 0.0, 0.0, 0.0, 0.0, 0.0]"
n16_lowrank8_d3_stack_nonlinear_T32_s9401103,16,lowrank,lowrank,8,3,stack_nonlinear,32,9401103,1632,48,78336,2,1,8704,8704,8704,8704,16,16,16,"[1.7116610521037299, 1.5275020061586477, 1.402254785987632, 1.303431985006485, 1.2191093001165743, 1.0943219720273791, 0.8669319380554041, 0.7864276576844726, 0.658307237786711, 0.6356741853178407, 0.48908975528953924, 0.39654029412927955, 0.29639590293889323, 0.2219101724170283, 0.15913190669475327, 0.08183555541026989]"
n16_lowrank8_d3_stack_nonlinear_T32_s9401103,16,lowrank,lowrank,8,3,stack_nonlinear,32,9401103,1632,48,78336,2,2,8704,8704,8704,8704,16,16,16,"[2.0672546530981166, 1.974096497330374, 1.9104659049570547, 1.7899143629106788, 1.7126266643353074, 1.637408141536782, 1.592821428730893, 1.5513245162852058, 1.5163663965502694, 1.4158350188544113, 1.3687416634468437, 1.3406691076846002, 1.3315966502027783, 1.3042709440996414, 1.2707214104737183, 1.234799055715775]"
n16_lowrank8_d3_stack_nonlinear_T32_s9401103,16,lowrank,lowrank,8,3,stack_nonlinear,32,9401103,1632,48,78336,2,3,8704,0,0,0,0,0,0,"[0.0, 0.0, 0.0, 0.0, 0.0, 0.0, 0.0, 0.0, 0.0, 0.0, 0.0, 0.0, 0.0, 0.0, 0.0, 0.0]"
n16_lowrank8_d3_stack_nonlinear_T32_s9401103,16,lowrank,lowrank,8,3,stack_nonlinear,32,9401103,1632,48,78336,3,1,8704,8704,8704,8704,16,16,16,"[1.0665406199105352, 0.8644084228690594, 0.7599611636266929, 0.7397184543199232, 0.6643383234592205, 0.5445965360346011, 0.39001938295391203, 0.36905289378831146, 0.26803484386905513, 0.2562534219612342, 0.1679894653360925, 0.12508294621200353, 0.07809905984249207, 0.06060438414278748, 0.028038129658469378, 0.01465223349853789]"
n16_lowrank8_d3_stack_nonlinear_T32_s9401103,16,lowrank,lowrank,8,3,stack_nonlinear,32,9401103,1632,48,78336,3,2,8704,8704,8704,8704,16,16,16,"[1.755817646560954, 1.634230702470763, 1.4305909252922564, 1.200922167649251, 1.0209109428653025, 0.9821304923412358, 0.8109006275328454, 0.7901872778927753, 0.6850178520778388, 0.5669569179330998, 0.4991786565909899, 0.3900680265158748, 0.3338431538943962, 0.2708638456658431, 0.10330380980153217, 0.06995284878835338]"
n16_lowrank8_d3_stack_nonlinear_T32_s9401103,16,lowrank,lowrank,8,3,stack_nonlinear,32,9401103,1632,48,78336,3,3,8704,8704,8704,8704,16,16,16,"[2.1953046388268356, 1.9963193506517953, 1.9756258931014086, 1.8116518438526268, 1.7974328539421276, 1.7794162607505972, 1.667678532207066, 1.6402429316215676, 1.605660287370221, 1.5798196885022602, 1.5182365746614628, 1.5004059497011093, 1.4531951952812818, 1.3822076691173732, 1.3266796703314723, 1.2948182952084009]"
n16_lowrank8_d3_stack_nonlinear_T32_s9401104,16,lowrank,lowrank,8,3,stack_nonlinear,32,9401104,1632,48,78336,1,1,8704,8704,8704,8704,16,16,16,"[2.422472264329729, 2.141561110807927, 2.0326254955103673, 2.0181283325890624, 1.8547292577183965, 1.8418486712700448, 1.8328068533353188, 1.7417709676259927, 1.7186529467936962, 1.6979283227811064, 1.6622006178566038, 1.6230672681171128, 1.5736277997972161, 1.5177054530302883, 1.475525238424166, 1.3933606235418]"
n16_lowrank8_d3_stack_nonlinear_T32_s9401104,16,lowrank,lowrank,8,3,stack_nonlinear,32,9401104,1632,48,78336,1,2,8704,0,0,0,0,0,0,"[0.0, 0.0, 0.0, 0.0, 0.0, 0.0, 0.0, 0.0, 0.0, 0.0, 0.0, 0.0, 0.0, 0.0, 0.0, 0.0]"
n16_lowrank8_d3_stack_nonlinear_T32_s9401104,16,lowrank,lowrank,8,3,stack_nonlinear,32,9401104,1632,48,78336,1,3,8704,0,0,0,0,0,0,"[0.0, 0.0, 0.0, 0.0, 0.0, 0.0, 0.0, 0.0, 0.0, 0.0, 0.0, 0.0, 0.0, 0.0, 0.0, 0.0]"
n16_lowrank8_d3_stack_nonlinear_T32_s9401104,16,lowrank,lowrank,8,3,stack_nonlinear,32,9401104,1632,48,78336,2,1,8704,8704,8704,8704,16,16,16,"[1.871678296255303, 1.7860408389925808, 1.6018002278833239, 1.3367648542051744, 1.3158984065995682, 1.0869138356786918, 1.030649477473893, 0.9361475561402225, 0.8565725636586918, 0.7042471576473278, 0.5560840035927915, 0.40718635922407204, 0.3588333913376857, 0.22484487465537423, 0.15021786466884457, 0.05997747222444008]"
n16_lowrank8_d3_stack_nonlinear_T32_s9401104,16,lowrank,lowrank,8,3,stack_nonlinear,32,9401104,1632,48,78336,2,2,8704,8704,8704,8704,16,16,16,"[2.1487984188581764, 1.9706526859478364, 1.8272657255874556, 1.7859271455600447, 1.7351841834864368, 1.6559996230498457, 1.6460964315638342, 1.5432524312118658, 1.5360392398778675, 1.5048897370732115, 1.4363857469225885, 1.4180070831146172, 1.351345829326926, 1.3241768926592619, 1.255233228253297, 1.203308753839848]"
n16_lowrank8_d3_stack_nonlinear_T32_s9401104,16,lowrank,lowrank,8,3,stack_nonlinear,32,9401104,1632,48,78336,2,3,8704,0,0,0,0,0,0,"[0.0, 0.0, 0.0, 0.0, 0.0, 0.0, 0.0, 0.0, 0.0, 0.0, 0.0, 0.0, 0.0, 0.0, 0.0, 0.0]"
n16_lowrank8_d3_stack_nonlinear_T32_s9401104,16,lowrank,lowrank,8,3,stack_nonlinear,32,9401104,1632,48,78336,3,1,8704,8704,8704,8704,16,16,16,"[1.337664186951186, 1.1863278662032952, 1.0549514518057015, 0.8524127435633837, 0.6322320619705903, 0.501819609427087, 0.42332101575267245, 0.4202561897596325, 0.34240873351108675, 0.31186237563091923, 0.18578221948717755, 0.15550635343350624, 0.10617245284297025, 0.03527402802125052, 0.02395224245812361, 0.017810948051552568]"
n16_lowrank8_d3_stack_nonlinear_T32_s9401104,16,lowrank,lowrank,8,3,stack_nonlinear,32,9401104,1632,48,78336,3,2,8704,8704,8704,8704,16,16,16,"[1.8001452963536646, 1.6124439716316672, 1.4295372900526384, 1.2808613373893845, 1.1025655657384315, 0.9414459221559801, 0.8519205145095963, 0.7832386198786353, 0.7170425745960771, 0.6050306435885211, 0.5876196846304946, 0.4207455874320403, 0.3063370410861535, 0.2805483517819794, 0.11398706753857954, 0.07120543454373077]"
n16_lowrank8_d3_stack_nonlinear_T32_s9401104,16,lowrank,lowrank,8,3,stack_nonlinear,32,9401104,1632,48,78336,3,3,8704,8704,8704,8704,16,16,16,"[2.035582100887823, 1.8449037530518555, 1.7879578306439687, 1.741995018482978, 1.732744446082349, 1.7107089642803714, 1.6689766966629636, 1.5861520455201894, 1.557936034738464, 1.5444338159054123, 1.4759153343943687, 1.4599219372045071, 1.41877186766312, 1.3683486586731193, 1.334374775631934, 1.2835072434616186]"
n16_lowrank8_d3_stack_nonlinear_T128_s9401100,16,lowrank,lowrank,8,3,stack_nonlinear,128,9401100,1632,48,78336,1,1,8704,8704,8704,8704,16,16,16,"[2.243023868029433, 2.1868089683094465, 2.1515864423315354, 2.0861274238666097, 1.990969741259494, 1.9412915191731073, 1.899975973005982, 1.8571317916199657, 1.7627650214680788, 1.6936572399627894, 1.6101476718183867, 1.5972505748816015, 1.5421831992651038, 1.5153770296278097, 1.4773907410009661, 1.4268639773670775]"
n16_lowrank8_d3_stack_nonlinear_T128_s9401100,16,lowrank,lowrank,8,3,stack_nonlinear,128,9401100,1632,48,78336,1,2,8704,0,0,0,0,0,0,"[0.0, 0.0, 0.0, 0.0, 0.0, 0.0, 0.0, 0.0, 0.0, 0.0, 0.0, 0.0, 0.0, 0.0, 0.0, 0.0]"
n16_lowrank8_d3_stack_nonlinear_T128_s9401100,16,lowrank,lowrank,8,3,stack_nonlinear,128,9401100,1632,48,78336,1,3,8704,0,0,0,0,0,0,"[0.0, 0.0, 0.0, 0.0, 0.0, 0.0, 0.0, 0.0, 0.0, 0.0, 0.0, 0.0, 0.0, 0.0, 0.0, 0.0]"
n16_lowrank8_d3_stack_nonlinear_T128_s9401100,16,lowrank,lowrank,8,3,stack_nonlinear,128,9401100,1632,48,78336,2,1,8704,8704,8704,8704,16,16,16,"[2.01707727689089, 1.6309803226449968, 1.6146425607734969, 1.3794745967613122, 1.1422786653807506, 1.087425007085882, 0.9153948032682668, 0.8723629058897344, 0.7001705872840451, 0.6326515210628539, 0.5294471300867111, 0.4232820829607383, 0.30988316236916763, 0.2619710531749043, 0.17667747854648433, 0.04299041975891905]"
n16_lowrank8_d3_stack_nonlinear_T128_s9401100,16,lowrank,lowrank,8,3,stack_nonlinear,128,9401100,1632,48,78336,2,2,8704,8704,8704,8704,16,16,16,"[2.2537291687112457, 2.0337843851776425, 1.8653463654676088, 1.8237604163453056, 1.7351506989264225, 1.7239296291877935, 1.66945712719845, 1.6268456175016506, 1.6202856741235308, 1.5229683644322594, 1.5110266579154559, 1.4499235025224277, 1.420290094011308, 1.4000446727901534, 1.290498030584148, 1.2624015421868195]"
n16_lowrank8_d3_stack_nonlinear_T128_s9401100,16,lowrank,lowrank,8,3,stack_nonlinear,128,9401100,1632,48,78336,2,3,8704,0,0,0,0,0,0,"[0.0, 0.0, 0.0, 0.0, 0.0, 0.0, 0.0, 0.0, 0.0, 0.0, 0.0, 0.0, 0.0, 0.0, 0.0, 0.0]"
n16_lowrank8_d3_stack_nonlinear_T128_s9401100,16,lowrank,lowrank,8,3,stack_nonlinear,128,9401100,1632,48,78336,3,1,8704,8704,8704,8704,16,16,16,"[1.5053997249332736, 1.2365963073014332, 0.8894088543004878, 0.7868710064774467, 0.5456166811292935, 0.5151203478804728, 0.3821430401824296, 0.31235976977661384, 0.23213984059496295, 0.1858511082304224, 0.16822310020722553, 0.10033954660681822, 0.062280295468353876, 0.051114737288520666, 0.03413133254867176, 0.024949101121893986]"
n16_lowrank8_d3_stack_nonlinear_T128_s9401100,16,lowrank,lowrank,8,3,stack_nonlinear,128,9401100,1632,48,78336,3,2,8704,8704,8704,8704,16,16,16,"[1.927650238560434, 1.5434237266170776, 1.4843086282209723, 1.263190915903775, 1.1726149394199599, 1.0065849659642658, 0.8605082024751002, 0.7942661695633363, 0.6913431217644597, 0.5665096729252068, 0.463283995210221, 0.4361900202656606, 0.3526689935336539, 0.1516480945531595, 0.07881108325682246, 0.06067715286990709]"
n16_lowrank8_d3_stack_nonlinear_T128_s9401100,16,lowrank,lowrank,8,3,stack_nonlinear,128,9401100,1632,48,78336,3,3,8704,8704,8704,8704,16,16,16,"[2.1329538008474027, 1.9362132938629601, 1.8234823513927048, 1.816833168260418, 1.7880182952110444, 1.668380808201325, 1.6091302535966627, 1.58060758620659, 1.4797184536011905, 1.424138517147324, 1.3972287242484085, 1.394740305080912, 1.3691412546978081, 1.3449452443860401, 1.3009865942487076, 1.255926434810703]"
n16_lowrank8_d3_stack_nonlinear_T128_s9401101,16,lowrank,lowrank,8,3,stack_nonlinear,128,9401101,1632,48,78336,1,1,8704,8704,8704,8704,16,16,16,"[2.0997712511508086, 2.0053786591647804, 1.9779091003526352, 1.8867585260925526, 1.860259398356343, 1.8048410172591416, 1.7574400689138572, 1.726004526647954, 1.6760250785286566, 1.6219040136232636, 1.5566968466799862, 1.5048014703031396, 1.4416946730778466, 1.4335877830777837, 1.3844140478914506, 1.339450188679731]"
n16_lowrank8_d3_stack_nonlinear_T128_s9401101,16,lowrank,lowrank,8,3,stack_nonlinear,128,9401101,1632,48,78336,1,2,8704,0,0,0,0,0,0,"[0.0, 0.0, 0.0, 0.0, 0.0, 0.0, 0.0, 0.0, 0.0, 0.0, 0.0, 0.0, 0.0, 0.0, 0.0, 0.0]"
n16_lowrank8_d3_stack_nonlinear_T128_s9401101,16,lowrank,lowrank,8,3,stack_nonlinear,128,9401101,1632,48,78336,1,3,8704,0,0,0,0,0,0,"[0.0, 0.0, 0.0, 0.0, 0.0, 0.0, 0.0, 0.0, 0.0, 0.0, 0.0, 0.0, 0.0, 0.0, 0.0, 0.0]"
n16_lowrank8_d3_stack_nonlinear_T128_s9401101,16,lowrank,lowrank,8,3,stack_nonlinear,128,9401101,1632,48,78336,2,1,8704,8704,8704,8704,16,16,16,"[1.7100044804268049, 1.66640291966837, 1.6303891599161402, 1.2130846326901341, 1.167643505418024, 1.0842578088606745, 0.9351356390170713, 0.819826971409753, 0.7003647896570986, 0.6038995901829574, 0.5056277339168421, 0.44651274790141277, 0.24351146237525395, 0.16047526219644787, 0.10539667349504662, 0.07698835862750342]"
n16_lowrank8_d3_stack_nonlinear_T128_s9401101,16,lowrank,lowrank,8,3,stack_nonlinear,128,9401101,1632,48,78336,2,2,8704,8704,8704,8704,16,16,16,"[2.0226154123907514, 1.9623461026544804, 1.8893252022946299, 1.7916589206308804, 1.7046722948868114, 1.6388716745507292, 1.529145544082998, 1.5148818248222227, 1.476315267078558, 1.444657058209563, 1.4188722468174444, 1.3935004861281621, 1.3654907590630438, 1.3583016619739583, 1.3148739636318294, 1.2908293335159844]"
n16_lowrank8_d3_stack_nonlinear_T128_s9401101,16,lowrank,lowrank,8,3,stack_nonlinear,128,9401101,1632,48,78336,2,3,8704,0,0,0,0,0,0,"[0.0, 0.0, 0.0, 0.0, 0.0, 0.0, 0.0, 0.0, 0.0, 0.0, 0.0, 0.0, 0.0, 0.0, 0.0, 0.0]"
n16_lowrank8_d3_stack_nonlinear_T128_s9401101,16,lowrank,lowrank,8,3,stack_nonlinear,128,9401101,1632,48,78336,3,1,8704,8704,8704,8704,16,16,16,"[1.2572243751139265, 1.075404551200364, 1.020511200974577, 0.8141223568469922, 0.6931196517805132, 0.6270499562980725, 0.5128877155749668, 0.4164540452022909, 0.3964794144767429, 0.2889795394874928, 0.20692159352319414, 0.1422583940470331, 0.08042825830015524, 0.06600292913331032, 0.03004801415740756, 0.01878099569421988]"
n16_lowrank8_d3_stack_nonlinear_T128_s9401101,16,lowrank,lowrank,8,3,stack_nonlinear,128,9401101,1632,48,78336,3,2,8704,8704,8704,8704,16,16,16,"[1.8208857118685333, 1.6255416208268667, 1.5430084428769733, 1.3516970137512523, 1.187295340243735, 1.0812618226055508, 1.0494653367462, 0.8116134081609264, 0.7408172975389472, 0.638072133072351, 0.5838426105236016, 0.45241325714594893, 0.3748941768785722, 0.3113490697468188, 0.22190048536342327, 0.02444862773308374]"
n16_lowrank8_d3_stack_nonlinear_T128_s9401101,16,lowrank,lowrank,8,3,stack_nonlinear,128,9401101,1632,48,78336,3,3,8704,8704,8704,8704,16,16,16,"[2.033543358148948, 2.0231614555332222, 1.9612845930112974, 1.923937446927107, 1.8561339203843734, 1.7923158378008786, 1.7835395831034062, 1.713968082942786, 1.6517000357777205, 1.568826978985659, 1.5603774141565458, 1.4570292080772067, 1.4006004547221214, 1.3431463462441768, 1.294369981256454, 1.2184375020607328]"
n16_lowrank8_d3_stack_nonlinear_T128_s9401102,16,lowrank,lowrank,8,3,stack_nonlinear,128,9401102,1632,48,78336,1,1,8704,8704,8704,8704,16,16,16,"[2.1108600569988694, 2.03684693709542, 1.9874722829817533, 1.9182800820463823, 1.859839747335435, 1.8078465390717775, 1.7647314001869754, 1.6876349868596006, 1.6390280083697895, 1.6126695604166226, 1.584709835609962, 1.5445731485516647, 1.523132777295468, 1.4482011432707276, 1.4366958907902776, 1.3669156516455685]"
n16_lowrank8_d3_stack_nonlinear_T128_s9401102,16,lowrank,lowrank,8,3,stack_nonlinear,128,9401102,1632,48,78336,1,2,8704,0,0,0,0,0,0,"[0.0, 0.0, 0.0, 0.0, 0.0, 0.0, 0.0, 0.0, 0.0, 0.0, 0.0, 0.0, 0.0, 0.0, 0.0, 0.0]"
n16_lowrank8_d3_stack_nonlinear_T128_s9401102,16,lowrank,lowrank,8,3,stack_nonlinear,128,9401102,1632,48,78336,1,3,8704,0,0,0,0,0,0,"[0.0, 0.0, 0.0, 0.0, 0.0, 0.0, 0.0, 0.0, 0.0, 0.0, 0.0, 0.0, 0.0, 0.0, 0.0, 0.0]"
n16_lowrank8_d3_stack_nonlinear_T128_s9401102,16,lowrank,lowrank,8,3,stack_nonlinear,128,9401102,1632,48,78336,2,1,8704,8704,8704,8704,16,16,16,"[1.9526277441167967, 1.8109060900534633, 1.5350338181885161, 1.2699264074203949, 1.2221592046014869, 1.1394565353086674, 0.93967929780017, 0.8145980725900434, 0.6862836197425086, 0.5736107490379224, 0.5197418695063529, 0.40249951115791427, 0.2628349487952716, 0.22200065458793042, 0.14569871381728525, 0.09390196801515145]"
n16_lowrank8_d3_stack_nonlinear_T128_s9401102,16,lowrank,lowrank,8,3,stack_nonlinear,128,9401102,1632,48,78336,2,2,8704,8704,8704,8704,16,16,16,"[2.2239561248754716, 2.017174351464389, 1.983743330224838, 1.8698723710468343, 1.7496296133049853, 1.691218146956841, 1.6321689242329909, 1.6269672222503808, 1.5830332639208287, 1.5425451472747151, 1.5022239719662527, 1.4427122606101348, 1.410972093007729, 1.351459699214883, 1.3031087153686787, 1.2957026006672376]"
n16_lowrank8_d3_stack_nonlinear_T128_s9401102,16,lowrank,lowrank,8,3,stack_nonlinear,128,9401102,1632,48,78336,2,3,8704,0,0,0,0,0,0,"[0.0, 0.0, 0.0, 0.0, 0.0, 0.0, 0.0, 0.0, 0.0, 0.0, 0.0, 0.0, 0.0, 0.0, 0.0, 0.0]"
n16_lowrank8_d3_stack_nonlinear_T128_s9401102,16,lowrank,lowrank,8,3,stack_nonlinear,128,9401102,1632,48,78336,3,1,8704,8704,8704,8704,16,16,16,"[1.4483669457291088, 1.0737836005960262, 0.9439316126198203, 0.8176564882620235, 0.6771580213777081, 0.5654079489015382, 0.3887317190352821, 0.3348812123549142, 0.26940123222609363, 0.17174136081652916, 0.13918578356130068, 0.09689510282473113, 0.08678625579903688, 0.049877622103946063, 0.038722395998181065, 0.01058864908457983]"
n16_lowrank8_d3_stack_nonlinear_T128_s9401102,16,lowrank,lowrank,8,3,stack_nonlinear,128,9401102,1632,48,78336,3,2,8704,8704,8704,8704,16,16,16,"[1.9894942782452052, 1.738210842019031, 1.4959857142145998, 1.346785138284726, 1.077287456389513, 1.0015938322657274, 0.872463751234276, 0.7379262395539398, 0.7147549938128903, 0.5714487397329551, 0.4779366488839289, 0.37805575665362395, 0.3708739678807529, 0.24331757051814548, 0.17390702389596902, 0.015077119761564813]"
n16_lowrank8_d3_stack_nonlinear_T128_s9401102,16,lowrank,lowrank,8,3,stack_nonlinear,128,9401102,1632,48,78336,3,3,8704,8704,8704,8704,16,16,16,"[1.999494650729337, 1.7829538034508774, 1.6889742231232823, 1.6562277304674549, 1.606904554774842, 1.591550588386084, 1.555858540451332, 1.4940403018518167, 1.4503315175033102, 1.4296939744052228, 1.4040865423083482, 1.395826598827892, 1.3795338215927526, 1.356127260582201, 1.291966981714062, 1.257605858437992]"
n16_lowrank8_d3_stack_nonlinear_T128_s9401103,16,lowrank,lowrank,8,3,stack_nonlinear,128,9401103,1632,48,78336,1,1,8704,8704,8704,8704,16,16,16,"[2.131409327622596, 2.0508186008757874, 1.9618513445733847, 1.9180101917274055, 1.8176183130587342, 1.7627349087202138, 1.7268285648434727, 1.694649099684428, 1.6573876195428483, 1.6229068567301446, 1.5894872400649567, 1.550097869992702, 1.5090885061034829, 1.452964924271131, 1.4459095153575678, 1.3692201632225567]"
n16_lowrank8_d3_stack_nonlinear_T128_s9401103,16,lowrank,lowrank,8,3,stack_nonlinear,128,9401103,1632,48,78336,1,2,8704,0,0,0,0,0,0,"[0.0, 0.0, 0.0, 0.0, 0.0, 0.0, 0.0, 0.0, 0.0, 0.0, 0.0, 0.0, 0.0, 0.0, 0.0, 0.0]"
n16_lowrank8_d3_stack_nonlinear_T128_s9401103,16,lowrank,lowrank,8,3,stack_nonlinear,128,9401103,1632,48,78336,1,3,8704,0,0,0,0,0,0,"[0.0, 0.0, 0.0, 0.0, 0.0, 0.0, 0.0, 0.0, 0.0, 0.0, 0.0, 0.0, 0.0, 0.0, 0.0, 0.0]"
n16_lowrank8_d3_stack_nonlinear_T128_s9401103,16,lowrank,lowrank,8,3,stack_nonlinear,128,9401103,1632,48,78336,2,1,8704,8704,8704,8704,16,16,16,"[1.7352360344859614, 1.541280283971777, 1.4497336255632522, 1.3556324249937008, 1.2350507325099898, 1.1294930822641465, 0.9020677921560234, 0.8137991923992522, 0.6729532158081234, 0.6462018407408116, 0.4995532292483916, 0.40796944965900467, 0.306375280961828, 0.22716201850168596, 0.1568450242159208, 0.08046602800282747]"
n16_lowrank8_d3_stack_nonlinear_T128_s9401103,16,lowrank,lowrank,8,3,stack_nonlinear,128,9401103,1632,48,78336,2,2,8704,8704,8704,8704,16,16,16,"[2.0659089448619605, 1.974787704884215, 1.8920156144672382, 1.7874665972257708, 1.7232275609641325, 1.6432952971032069, 1.5979493900367643, 1.5623319434771974, 1.530218850532107, 1.4299910512653162, 1.3826214271661823, 1.3520573958786344, 1.3403604331826942, 1.3062004676616148, 1.2802239428731301, 1.243607989558188]"
n16_lowrank8_d3_stack_nonlinear_T128_s9401103,16,lowrank,lowrank,8,3,stack_nonlinear,128,9401103,1632,48,78336,2,3,8704,0,0,0,0,0,0,"[0.0, 0.0, 0.0, 0.0, 0.0, 0.0, 0.0, 0.0, 0.0, 0.0, 0.0, 0.0, 0.0, 0.0, 0.0, 0.0]"
n16_lowrank8_d3_stack_nonlinear_T128_s9401103,16,lowrank,lowrank,8,3,stack_nonlinear,128,9401103,1632,48,78336,3,1,8704,8704,8704,8704,16,16,16,"[1.096354475240523, 0.8778189098347349, 0.7802044024218727, 0.7515451477077641, 0.6735135967190012, 0.5529910002755231, 0.39495561062179224, 0.38369778126578097, 0.27054575769692385, 0.258081138691373, 0.17111641804525493, 0.12801612906240192, 0.07870622236737553, 0.06083520107837527, 0.026605918070174796, 0.01356288376716186]"
n16_lowrank8_d3_stack_nonlinear_T128_s9401103,16,lowrank,lowrank,8,3,stack_nonlinear,128,9401103,1632,48,78336,3,2,8704,8704,8704,8704,16,16,16,"[1.747334115483898, 1.6357300354901567, 1.4285193520304793, 1.1978365290181174, 1.0207470514124455, 0.9810904096511888, 0.8079180608396757, 0.7879379311692075, 0.6842934523504728, 0.5671864486264353, 0.4986584796847132, 0.38857921106706333, 0.33386694104039216, 0.271403444173708, 0.10389147529621409, 0.07104162886982117]"
n16_lowrank8_d3_stack_nonlinear_T128_s9401103,16,lowrank,lowrank,8,3,stack_nonlinear,128,9401103,1632,48,78336,3,3,8704,8704,8704,8704,16,16,16,"[2.197719332973714, 2.001688999240068, 1.9798011250669032, 1.8179042884405565, 1.8033984758473742, 1.7866560045344615, 1.6738673862191236, 1.6505150973093252, 1.6138194471090264, 1.587970661555646, 1.5266075541331317, 1.5097244047798712, 1.4624805547277877, 1.3941660401740736, 1.3380470898029415, 1.3039686902949117]"
n16_lowrank8_d3_stack_nonlinear_T128_s9401104,16,lowrank,lowrank,8,3,stack_nonlinear,128,9401104,1632,48,78336,1,1,8704,8704,8704,8704,16,16,16,"[2.488753838023943, 2.179483555044667, 2.082603378442693, 2.0345768368358605, 1.9320413732879775, 1.909827282127913, 1.8951695656591656, 1.8036133356330366, 1.779655474459486, 1.7471084977662146, 1.7176016853925826, 1.6781590596142284, 1.6130973042097922, 1.5596981004170751, 1.5058514821959084, 1.4346189096030324]"
n16_lowrank8_d3_stack_nonlinear_T128_s9401104,16,lowrank,lowrank,8,3,stack_nonlinear,128,9401104,1632,48,78336,1,2,8704,0,0,0,0,0,0,"[0.0, 0.0, 0.0, 0.0, 0.0, 0.0, 0.0, 0.0, 0.0, 0.0, 0.0, 0.0, 0.0, 0.0, 0.0, 0.0]"
n16_lowrank8_d3_stack_nonlinear_T128_s9401104,16,lowrank,lowrank,8,3,stack_nonlinear,128,9401104,1632,48,78336,1,3,8704,0,0,0,0,0,0,"[0.0, 0.0, 0.0, 0.0, 0.0, 0.0, 0.0, 0.0, 0.0, 0.0, 0.0, 0.0, 0.0, 0.0, 0.0, 0.0]"
n16_lowrank8_d3_stack_nonlinear_T128_s9401104,16,lowrank,lowrank,8,3,stack_nonlinear,128,9401104,1632,48,78336,2,1,8704,8704,8704,8704,16,16,16,"[1.9147633223857472, 1.802378119201545, 1.6369623654603742, 1.3684987903855916, 1.3440714761492127, 1.1191529239097058, 1.0587206061963035, 0.9698335508243335, 0.8638521701832469, 0.7344415300990839, 0.5780675706274108, 0.4166333207991102, 0.3716934254515593, 0.2291665463123415, 0.1528595071318738, 0.05628083481752585]"
n16_lowrank8_d3_stack_nonlinear_T128_s9401104,16,lowrank,lowrank,8,3,stack_nonlinear,128,9401104,1632,48,78336,2,2,8704,8704,8704,8704,16,16,16,"[2.217635184869136, 2.02873439291499, 1.8761704183313928, 1.8470217964878362, 1.7932998997962895, 1.722503182523064, 1.7120781086288699, 1.6047459603547523, 1.5978980167386303, 1.5613509523883546, 1.490772859518315, 1.4758391005272262, 1.396671361135269, 1.3692645099422789, 1.304010780212377, 1.2506041008644362]"
n16_lowrank8_d3_stack_nonlinear_T128_s9401104,16,lowrank,lowrank,8,3,stack_nonlinear,128,9401104,1632,48,78336,2,3,8704,0,0,0,0,0,0,"[0.0, 0.0, 0.0, 0.0, 0.0, 0.0, 0.0, 0.0, 0.0, 0.0, 0.0, 0.0, 0.0, 0.0, 0.0, 0.0]"
n16_lowrank8_d3_stack_nonlinear_T128_s9401104,16,lowrank,lowrank,8,3,stack_nonlinear,128,9401104,1632,48,78336,3,1,8704,8704,8704,8704,16,16,16,"[1.3561440154490023, 1.192214852779241, 1.0680276830703643, 0.8618602030939851, 0.6501382097391045, 0.511380946527119, 0.4289888837914243, 0.4268543989682286, 0.3517993886810612, 0.31741162789528404, 0.1910363216961684, 0.15985229615306285, 0.10810367362974525, 0.03607746882415374, 0.022749261284608517, 0.017821128420904307]"
n16_lowrank8_d3_stack_nonlinear_T128_s9401104,16,lowrank,lowrank,8,3,stack_nonlinear,128,9401104,1632,48,78336,3,2,8704,8704,8704,8704,16,16,16,"[1.8337119910482669, 1.6513833691712043, 1.474008092864962, 1.3174519255551764, 1.1291943460992135, 0.9679729004908885, 0.8746834190546462, 0.804992744597731, 0.7359092527320513, 0.6157108464754891, 0.6058028390108177, 0.4315032872768037, 0.31496728369798355, 0.2881167750687684, 0.11655676892601154, 0.07213329210276355]"
n16_lowrank8_d3_stack_nonlinear_T128_s9401104,16,lowrank,lowrank,8,3,stack_nonlinear,128,9401104,1632,48,78336,3,3,8704,8704,8704,8704,16,16,16,"[2.066688346381809, 1.8675273735861901, 1.8209938392218785, 1.771462077640701, 1.756681333464999, 1.7385710291225573, 1.7002100372818714, 1.6133653546459166, 1.5780152861302261, 1.5702385089778639, 1.4955316814370876, 1.4836769457559578, 1.444283785022788, 1.3919904394525693, 1.3598653534623324, 1.3063330831059543]"
n16_positive1_d1_none_T32_s9401100,16,positive,block,1,1,none,32,9401100,288,16,4608,1,1,4608,288,288,288,16,16,16,"[1.688213010812431, 1.687652704360751, 1.6867927233381848, 1.6867766723172881, 1.686657706353661, 1.6861070234474438, 1.684313675985512, 1.6840882297304893, 1.6836179400124123, 1.682865288080496, 1.681977601433651, 1.6817990737870663, 1.6813521666750408, 1.681059760741107, 1.6810362284329947, 1.6807381086554622]"
n16_positive1_d1_none_T32_s9401101,16,positive,block,1,1,none,32,9401101,288,16,4608,1,1,4608,288,288,288,16,16,16,"[1.7810141462776266, 1.7771575422056338, 1.7769499426934836, 1.775762497755593, 1.7756898982769194, 1.7702448097331014, 1.7676236241027972, 1.7665759914345918, 1.7663469179583875, 1.7661015352136116, 1.7657219649578073, 1.7640019063131336, 1.7639108558750245, 1.7636269571111274, 1.7635593689865587, 1.7631963350521678]"
n16_positive1_d1_none_T32_s9401102,16,positive,block,1,1,none,32,9401102,288,16,4608,1,1,4608,288,288,288,16,16,16,"[1.6583876204317367, 1.6577995963926349, 1.6570936487834735, 1.656444966938777, 1.655582582577295, 1.6541709160776208, 1.654110772029397, 1.6539788490655953, 1.6530042815773878, 1.6521214610204238, 1.6520861536722566, 1.651625330270219, 1.6515960224926183, 1.6515028691412146, 1.6513541016423101, 1.651309897174862]"
n16_positive1_d1_none_T32_s9401103,16,positive,block,1,1,none,32,9401103,288,16,4608,1,1,4608,288,288,288,16,16,16,"[1.6823845789251128, 1.6809259267567394, 1.6799264139613077, 1.678434913445639, 1.6769336982067629, 1.676921541566925, 1.6759088433486662, 1.6751879591399004, 1.6751624574448143, 1.6748638876905533, 1.6747576397421726, 1.6747527432073, 1.6742963570548686, 1.674275859202472, 1.6741773573244085, 1.6741317279974166]"
n16_positive1_d1_none_T32_s9401104,16,positive,block,1,1,none,32,9401104,288,16,4608,1,1,4608,288,288,288,16,16,16,"[1.756214797176399, 1.7483116321343393, 1.7455347055590589, 1.7446677877335413, 1.7424321669984204, 1.7402556688641202, 1.7398595005252737, 1.738710728964149, 1.737173497234481, 1.735996123695515, 1.7352303198926617, 1.7345346308950769, 1.734416666682495, 1.73435278473517, 1.7342963650293075, 1.7338817054008064]"
n16_positive1_d1_none_T128_s9401100,16,positive,block,1,1,none,128,9401100,288,16,4608,1,1,4608,288,288,288,16,16,16,"[1.7482441197746599, 1.744931010017341, 1.743586985056467, 1.742094539063397, 1.742053158556089, 1.7420341943612763, 1.741297149442079, 1.741208716334574, 1.7398548646769378, 1.739826592715644, 1.7398123004482327, 1.7397945862889228, 1.7392836693920173, 1.7390106991320764, 1.7389981552991902, 1.7389918527036827]"
n16_positive1_d1_none_T128_s9401101,16,positive,block,1,1,none,128,9401101,288,16,4608,1,1,4608,288,288,288,16,16,16,"[1.678049104841374, 1.6564719572788087, 1.651977690878287, 1.648197485325858, 1.645019285192951, 1.6430307072279193, 1.6402266052392416, 1.6396999911212213, 1.6387680458353455, 1.6360274283261855, 1.6359968805478948, 1.6358581555082012, 1.6351796534415162, 1.6350799195779553, 1.6350634162007767, 1.634769070362607]"
n16_positive1_d1_none_T128_s9401102,16,positive,block,1,1,none,128,9401102,288,16,4608,1,1,4608,288,288,288,16,16,16,"[1.7257347842602524, 1.7196920265074889, 1.7194881652118055, 1.7189822194989586, 1.7180118168971956, 1.7174716041304103, 1.715275100039568, 1.7152383734461807, 1.7150940605209368, 1.7150789481040885, 1.7146035419005567, 1.7145503666747144, 1.7144128092590452, 1.7143996436486104, 1.7141239674078386, 1.7140525052839743]"
n16_positive1_d1_none_T128_s9401103,16,positive,block,1,1,none,128,9401103,288,16,4608,1,1,4608,288,288,288,16,16,16,"[1.7301186039451784, 1.7233327811098866, 1.7220348648838846, 1.7211791181120906, 1.7203394161817849, 1.7199564891198191, 1.7193842558906922, 1.719106881680469, 1.7190509896003494, 1.7182753825909636, 1.7182693865095373, 1.7181425517913798, 1.7180795492421987, 1.7179390902275038, 1.7179142339939468, 1.7178876837848962]"
n16_positive1_d1_none_T128_s9401104,16,positive,block,1,1,none,128,9401104,288,16,4608,1,1,4608,288,288,288,16,16,16,"[1.834507581866838, 1.8156100151106787, 1.8125455767329268, 1.8105339000944203, 1.8066959002994067, 1.8039802197019297, 1.8010627675566147, 1.799908994102648, 1.799631049369699, 1.7989601634193855, 1.7971562267716765, 1.797075474466277, 1.7963337570091198, 1.7961711861425358, 1.7961359772410774, 1.7958850403384419]"
