id,n,axis,family,interaction,depth,mode,T,seed,P,N,full_capacity,step,exact_nonzero,count_1e-14,count_1e-12,count_1e-10,rank_1e-12,rank_1e-10,rank_1e-08
n8_block1_d1_stack_nonlinear_T32_s9401100,8,block,block,1,1,stack_nonlinear,32,9401100,80,8,640,1,72,72,72,72,8,8,8
n8_block1_d1_stack_nonlinear_T32_s9401100,8,block,block,1,1,stack_nonlinear,32,9401100,80,8,640,2,80,80,80,80,8,8,8
n8_block1_d1_stack_nonlinear_T32_s9401100,8,block,block,1,1,stack_nonlinear,32,9401100,80,8,640,4,80,80,80,80,8,8,8
n8_block1_d1_stack_nonlinear_T32_s9401100,8,block,block,1,1,stack_nonlinear,32,9401100,80,8,640,8,80,80,80,80,8,8,8
n8_block1_d1_stack_nonlinear_T32_s9401100,8,block,block,1,1,stack_nonlinear,32,9401100,80,8,640,16,80,80,80,80,8,8,8
n8_block1_d1_stack_nonlinear_T32_s9401100,8,block,block,1,1,stack_nonlinear,32,9401100,80,8,640,32,80,80,80,80,8,8,8
n8_block1_d1_stack_nonlinear_T32_s9401101,8,block,block,1,1,stack_nonlinear,32,9401101,80,8,640,1,72,72,72,72,8,8,8
n8_block1_d1_stack_nonlinear_T32_s9401101,8,block,block,1,1,stack_nonlinear,32,9401101,80,8,640,2,80,80,80,80,8,8,8
n8_block1_d1_stack_nonlinear_T32_s9401101,8,block,block,1,1,stack_nonlinear,32,9401101,80,8,640,4,80,80,80,80,8,8,8
n8_block1_d1_stack_nonlinear_T32_s9401101,8,block,block,1,1,stack_nonlinear,32,9401101,80,8,640,8,80,80,80,80,8,8,8
n8_block1_d1_stack_nonlinear_T32_s9401101,8,block,block,1,1,stack_nonlinear,32,9401101,80,8,640,16,80,80,80,80,8,8,8
n8_block1_d1_stack_nonlinear_T32_s9401101,8,block,block,1,1,stack_nonlinear,32,9401101,80,8,640,32,80,80,80,80,8,8,8
n8_block1_d1_stack_nonlinear_T32_s9401102,8,block,block,1,1,stack_nonlinear,32,9401102,80,8,640,1,72,72,72,72,8,8,8
n8_block1_d1_stack_nonlinear_T32_s9401102,8,block,block,1,1,stack_nonlinear,32,9401102,80,8,640,2,80,80,80,80,8,8,8
n8_block1_d1_stack_nonlinear_T32_s9401102,8,block,block,1,1,stack_nonlinear,32,9401102,80,8,640,4,80,80,80,80,8,8,8
n8_block1_d1_stack_nonlinear_T32_s9401102,8,block,block,1,1,stack_nonlinear,32,9401102,80,8,640,8,80,80,80,80,8,8,8
n8_block1_d1_stack_nonlinear_T32_s9401102,8,block,block,1,1,stack_nonlinear,32,9401102,80,8,640,16,80,80,80,80,8,8,8
n8_block1_d1_stack_nonlinear_T32_s9401102,8,block,block,1,1,stack_nonlinear,32,9401102,80,8,640,32,80,80,80,80,8,8,8
n8_block1_d1_stack_nonlinear_T32_s9401103,8,block,block,1,1,stack_nonlinear,32,9401103,80,8,640,1,72,72,72,72,8,8,8
n8_block1_d1_stack_nonlinear_T32_s9401103,8,block,block,1,1,stack_nonlinear,32,9401103,80,8,640,2,80,80,80,80,8,8,8
n8_block1_d1_stack_nonlinear_T32_s9401103,8,block,block,1,1,stack_nonlinear,32,9401103,80,8,640,4,80,80,80,80,8,8,8
n8_block1_d1_stack_nonlinear_T32_s9401103,8,block,block,1,1,stack_nonlinear,32,9401103,80,8,640,8,80,80,80,80,8,8,8
n8_block1_d1_stack_nonlinear_T32_s9401103,8,block,block,1,1,stack_nonlinear,32,9401103,80,8,640,16,80,80,80,80,8,8,8
n8_block1_d1_stack_nonlinear_T32_s9401103,8,block,block,1,1,stack_nonlinear,32,9401103,80,8,640,32,80,80,80,80,8,8,8
n8_block1_d1_stack_nonlinear_T32_s9401104,8,block,block,1,1,stack_nonlinear,32,9401104,80,8,640,1,72,72,72,72,8,8,8
n8_block1_d1_stack_nonlinear_T32_s9401104,8,block,block,1,1,stack_nonlinear,32,9401104,80,8,640,2,80,80,80,80,8,8,8
n8_block1_d1_stack_nonlinear_T32_s9401104,8,block,block,1,1,stack_nonlinear,32,9401104,80,8,640,4,80,80,80,80,8,8,8
n8_block1_d1_stack_nonlinear_T32_s9401104,8,block,block,1,1,stack_nonlinear,32,9401104,80,8,640,8,80,80,80,80,8,8,8
n8_block1_d1_stack_nonlinear_T32_s9401104,8,block,block,1,1,stack_nonlinear,32,9401104,80,8,640,16,80,80,80,80,8,8,8
n8_block1_d1_stack_nonlinear_T32_s9401104,8,block,block,1,1,stack_nonlinear,32,9401104,80,8,640,32,80,80,80,80,8,8,8
n8_block1_d1_stack_nonlinear_T128_s9401100,8,block,block,1,1,stack_nonlinear,128,9401100,80,8,640,1,72,72,72,72,8,8,8
n8_block1_d1_stack_nonlinear_T128_s9401100,8,block,block,1,1,stack_nonlinear,128,9401100,80,8,640,2,80,80,80,80,8,8,8
n8_block1_d1_stack_nonlinear_T128_s9401100,8,block,block,1,1,stack_nonlinear,128,9401100,80,8,640,4,80,80,80,80,8,8,8
n8_block1_d1_stack_nonlinear_T128_s9401100,8,block,block,1,1,stack_nonlinear,128,9401100,80,8,640,8,80,80,80,80,8,8,8
n8_block1_d1_stack_nonlinear_T128_s9401100,8,block,block,1,1,stack_nonlinear,128,9401100,80,8,640,16,80,80,80,80,8,8,8
n8_block1_d1_stack_nonlinear_T128_s9401100,8,block,block,1,1,stack_nonlinear,128,9401100,80,8,640,32,80,80,80,80,8,8,8
n8_block1_d1_stack_nonlinear_T128_s9401100,8,block,block,1,1,stack_nonlinear,128,9401100,80,8,640,64,80,80,80,80,8,8,8
n8_block1_d1_stack_nonlinear_T128_s9401100,8,block,block,1,1,stack_nonlinear,128,9401100,80,8,640,128,80,80,80,80,8,8,8
n8_block1_d1_stack_nonlinear_T128_s9401101,8,block,block,1,1,stack_nonlinear,128,9401101,80,8,640,1,72,72,72,72,8,8,8
n8_block1_d1_stack_nonlinear_T128_s9401101,8,block,block,1,1,stack_nonlinear,128,9401101,80,8,640,2,80,80,80,80,8,8,8
n8_block1_d1_stack_nonlinear_T128_s9401101,8,block,block,1,1,stack_nonlinear,128,9401101,80,8,640,4,80,80,80,80,8,8,8
n8_block1_d1_stack_nonlinear_T128_s9401101,8,block,block,1,1,stack_nonlinear,128,9401101,80,8,640,8,80,80,80,80,8,8,8
n8_block1_d1_stack_nonlinear_T128_s9401101,8,block,block,1,1,stack_nonlinear,128,9401101,80,8,640,16,80,80,80,80,8,8,8
n8_block1_d1_stack_nonlinear_T128_s9401101,8,block,block,1,1,stack_nonlinear,128,9401101,80,8,640,32,80,80,80,80,8,8,8
n8_block1_d1_stack_nonlinear_T128_s9401101,8,block,block,1,1,stack_nonlinear,128,9401101,80,8,640,64,80,80,80,80,8,8,8
n8_block1_d1_stack_nonlinear_T128_s9401101,8,block,block,1,1,stack_nonlinear,128,9401101,80,8,640,128,80,80,80,80,8,8,8
n8_block1_d1_stack_nonlinear_T128_s9401102,8,block,block,1,1,stack_nonlinear,128,9401102,80,8,640,1,72,72,72,72,8,8,8
n8_block1_d1_stack_nonlinear_T128_s9401102,8,block,block,1,1,stack_nonlinear,128,9401102,80,8,640,2,80,80,80,80,8,8,8
n8_block1_d1_stack_nonlinear_T128_s9401102,8,block,block,1,1,stack_nonlinear,128,9401102,80,8,640,4,80,80,80,80,8,8,8
n8_block1_d1_stack_nonlinear_T128_s9401102,8,block,block,1,1,stack_nonlinear,128,9401102,80,8,640,8,80,80,80,80,8,8,8
n8_block1_d1_stack_nonlinear_T128_s9401102,8,block,block,1,1,stack_nonlinear,128,9401102,80,8,640,16,80,80,80,80,8,8,8
n8_block1_d1_stack_nonlinear_T128_s9401102,8,block,block,1,1,stack_nonlinear,128,9401102,80,8,640,32,80,80,80,80,8,8,8
n8_block1_d1_stack_nonlinear_T128_s9401102,8,block,block,1,1,stack_nonlinear,128,9401102,80,8,640,64,80,80,80,80,8,8,8
n8_block1_d1_stack_nonlinear_T128_s9401102,8,block,block,1,1,stack_nonlinear,128,9401102,80,8,640,128,80,80,80,80,8,8,8
n8_block1_d1_stack_nonlinear_T128_s9401103,8,block,block,1,1,stack_nonlinear,128,9401103,80,8,640,1,72,72,72,72,8,8,8
n8_block1_d1_stack_nonlinear_T128_s9401103,8,block,block,1,1,stack_nonlinear,128,9401103,80,8,640,2,80,80,80,80,8,8,8
n8_block1_d1_stack_nonlinear_T128_s9401103,8,block,block,1,1,stack_nonlinear,128,9401103,80,8,640,4,80,80,80,80,8,8,8
n8_block1_d1_stack_nonlinear_T128_s9401103,8,block,block,1,1,stack_nonlinear,128,9401103,80,8,640,8,80,80,80,80,8,8,8
n8_block1_d1_stack_nonlinear_T128_s9401103,8,block,block,1,1,stack_nonlinear,128,9401103,80,8,640,16,80,80,80,80,8,8,8
n8_block1_d1_stack_nonlinear_T128_s9401103,8,block,block,1,1,stack_nonlinear,128,9401103,80,8,640,32,80,80,80,80,8,8,8
n8_block1_d1_stack_nonlinear_T128_s9401103,8,block,block,1,1,stack_nonlinear,128,9401103,80,8,640,64,80,80,80,80,8,8,8
n8_block1_d1_stack_nonlinear_T128_s9401103,8,block,block,1,1,stack_nonlinear,128,9401103,80,8,640,128,80,80,80,80,8,8,8
n8_block1_d1_stack_nonlinear_T128_s9401104,8,block,block,1,1,stack_nonlinear,128,9401104,80,8,640,1,72,72,72,72,8,8,8
n8_block1_d1_stack_nonlinear_T128_s9401104,8,block,block,1,1,stack_nonlinear,128,9401104,80,8,640,2,80,80,80,80,8,8,8
n8_block1_d1_stack_nonlinear_T128_s9401104,8,block,block,1,1,stack_nonlinear,128,9401104,80,8,640,4,80,80,80,80,8,8,8
n8_block1_d1_stack_nonlinear_T128_s9401104,8,block,block,1,1,stack_nonlinear,128,9401104,80,8,640,8,80,80,80,80,8,8,8
n8_block1_d1_stack_nonlinear_T128_s9401104,8,block,block,1,1,stack_nonlinear,128,9401104,80,8,640,16,80,80,80,80,8,8,8
n8_block1_d1_stack_nonlinear_T128_s9401104,8,block,block,1,1,stack_nonlinear,128,9401104,80,8,640,32,80,80,80,80,8,8,8
n8_block1_d1_stack_nonlinear_T128_s9401104,8,block,block,1,1,stack_nonlinear,128,9401104,80,8,640,64,80,80,80,80,8,8,8
n8_block1_d1_stack_nonlinear_T128_s9401104,8,block,block,1,1,stack_nonlinear,128,9401104,80,8,640,128,80,80,80,80,8,8,8
n8_block1_d2_stack_nonlinear_T32_s9401100,8,block,block,1,2,stack_nonlinear,32,9401100,160,16,2560,1,720,720,720,720,16,16,16
n8_block1_d2_stack_nonlinear_T32_s9401100,8,block,block,1,2,stack_nonlinear,32,9401100,160,16,2560,2,800,800,800,800,16,16,16
n8_block1_d2_stack_nonlinear_T32_s9401100,8,block,block,1,2,stack_nonlinear,32,9401100,160,16,2560,4,800,800,800,800,16,16,16
n8_block1_d2_stack_nonlinear_T32_s9401100,8,block,block,1,2,stack_nonlinear,32,9401100,160,16,2560,8,800,800,800,800,16,16,16
n8_block1_d2_stack_nonlinear_T32_s9401100,8,block,block,1,2,stack_nonlinear,32,9401100,160,16,2560,16,800,800,800,800,16,16,16
n8_block1_d2_stack_nonlinear_T32_s9401100,8,block,block,1,2,stack_nonlinear,32,9401100,160,16,2560,32,800,800,800,800,16,16,16
n8_block1_d2_stack_nonlinear_T32_s9401101,8,block,block,1,2,stack_nonlinear,32,9401101,160,16,2560,1,720,720,720,720,16,16,16
n8_block1_d2_stack_nonlinear_T32_s9401101,8,block,block,1,2,stack_nonlinear,32,9401101,160,16,2560,2,800,800,800,800,16,16,16
n8_block1_d2_stack_nonlinear_T32_s9401101,8,block,block,1,2,stack_nonlinear,32,9401101,160,16,2560,4,800,800,800,800,16,16,16
n8_block1_d2_stack_nonlinear_T32_s9401101,8,block,block,1,2,stack_nonlinear,32,9401101,160,16,2560,8,800,800,800,800,16,16,16
n8_block1_d2_stack_nonlinear_T32_s9401101,8,block,block,1,2,stack_nonlinear,32,9401101,160,16,2560,16,800,800,800,800,16,16,16
n8_block1_d2_stack_nonlinear_T32_s9401101,8,block,block,1,2,stack_nonlinear,32,9401101,160,16,2560,32,800,800,800,800,16,16,16
n8_block1_d2_stack_nonlinear_T32_s9401102,8,block,block,1,2,stack_nonlinear,32,9401102,160,16,2560,1,720,720,720,720,16,16,16
n8_block1_d2_stack_nonlinear_T32_s9401102,8,block,block,1,2,stack_nonlinear,32,9401102,160,16,2560,2,800,800,800,800,16,16,16
n8_block1_d2_stack_nonlinear_T32_s9401102,8,block,block,1,2,stack_nonlinear,32,9401102,160,16,2560,4,800,800,800,800,16,16,16
n8_block1_d2_stack_nonlinear_T32_s9401102,8,block,block,1,2,stack_nonlinear,32,9401102,160,16,2560,8,800,800,800,800,16,16,16
n8_block1_d2_stack_nonlinear_T32_s9401102,8,block,block,1,2,stack_nonlinear,32,9401102,160,16,2560,16,800,800,800,800,16,16,16
n8_block1_d2_stack_nonlinear_T32_s9401102,8,block,block,1,2,stack_nonlinear,32,9401102,160,16,2560,32,800,800,800,800,16,16,16
n8_block1_d2_stack_nonlinear_T32_s9401103,8,block,block,1,2,stack_nonlinear,32,9401103,160,16,2560,1,720,720,720,720,16,16,16
n8_block1_d2_stack_nonlinear_T32_s9401103,8,block,block,1,2,stack_nonlinear,32,9401103,160,16,2560,2,800,800,800,800,16,16,16
n8_block1_d2_stack_nonlinear_T32_s9401103,8,block,block,1,2,stack_nonlinear,32,9401103,160,16,2560,4,800,800,800,800,16,16,16
n8_block1_d2_stack_nonlinear_T32_s9401103,8,block,block,1,2,stack_nonlinear,32,9401103,160,16,2560,8,800,800,800,800,16,16,16
n8_block1_d2_stack_nonlinear_T32_s9401103,8,block,block,1,2,stack_nonlinear,32,9401103,160,16,2560,16,800,800,800,800,16,16,16
n8_block1_d2_stack_nonlinear_T32_s9401103,8,block,block,1,2,stack_nonlinear,32,9401103,160,16,2560,32,800,800,800,800,16,16,16
n8_block1_d2_stack_nonlinear_T32_s9401104,8,block,block,1,2,stack_nonlinear,32,9401104,160,16,2560,1,720,720,720,720,16,16,16
n8_block1_d2_stack_nonlinear_T32_s9401104,8,block,block,1,2,stack_nonlinear,32,9401104,160,16,2560,2,800,800,800,800,16,16,16
n8_block1_d2_stack_nonlinear_T32_s9401104,8,block,block,1,2,stack_nonlinear,32,9401104,160,16,2560,4,800,800,800,800,16,16,16
n8_block1_d2_stack_nonlinear_T32_s9401104,8,block,block,1,2,stack_nonlinear,32,9401104,160,16,2560,8,800,800,800,800,16,16,16
n8_block1_d2_stack_nonlinear_T32_s9401104,8,block,block,1,2,stack_nonlinear,32,9401104,160,16,2560,16,800,800,800,800,16,16,16
n8_block1_d2_stack_nonlinear_T32_s9401104,8,block,block,1,2,stack_nonlinear,32,9401104,160,16,2560,32,800,800,800,800,16,16,16
n8_block1_d2_stack_nonlinear_T128_s9401100,8,block,block,1,2,stack_nonlinear,128,9401100,160,16,2560,1,720,720,720,720,16,16,16
n8_block1_d2_stack_nonlinear_T128_s9401100,8,block,block,1,2,stack_nonlinear,128,9401100,160,16,2560,2,800,800,800,800,16,16,16
n8_block1_d2_stack_nonlinear_T128_s9401100,8,block,block,1,2,stack_nonlinear,128,9401100,160,16,2560,4,800,800,800,800,16,16,16
n8_block1_d2_stack_nonlinear_T128_s9401100,8,block,block,1,2,stack_nonlinear,128,9401100,160,16,2560,8,800,800,800,800,16,16,16
n8_block1_d2_stack_nonlinear_T128_s9401100,8,block,block,1,2,stack_nonlinear,128,9401100,160,16,2560,16,800,800,800,800,16,16,16
n8_block1_d2_stack_nonlinear_T128_s9401100,8,block,block,1,2,stack_nonlinear,128,9401100,160,16,2560,32,800,800,800,800,16,16,16
n8_block1_d2_stack_nonlinear_T128_s9401100,8,block,block,1,2,stack_nonlinear,128,9401100,160,16,2560,64,800,800,800,800,16,16,16
n8_block1_d2_stack_nonlinear_T128_s9401100,8,block,block,1,2,stack_nonlinear,128,9401100,160,16,2560,128,800,800,800,800,16,16,16
n8_block1_d2_stack_nonlinear_T128_s9401101,8,block,block,1,2,stack_nonlinear,128,9401101,160,16,2560,1,720,720,720,720,16,16,16
n8_block1_d2_stack_nonlinear_T128_s9401101,8,block,block,1,2,stack_nonlinear,128,9401101,160,16,2560,2,800,800,800,800,16,16,16
n8_block1_d2_stack_nonlinear_T128_s9401101,8,block,block,1,2,stack_nonlinear,128,9401101,160,16,2560,4,800,800,800,800,16,16,16
n8_block1_d2_stack_nonlinear_T128_s9401101,8,block,block,1,2,stack_nonlinear,128,9401101,160,16,2560,8,800,800,800,800,16,16,16
n8_block1_d2_stack_nonlinear_T128_s9401101,8,block,block,1,2,stack_nonlinear,128,9401101,160,16,2560,16,800,800,800,800,16,16,16
n8_block1_d2_stack_nonlinear_T128_s9401101,8,block,block,1,2,stack_nonlinear,128,9401101,160,16,2560,32,800,800,800,800,16,16,16
n8_block1_d2_stack_nonlinear_T128_s9401101,8,block,block,1,2,stack_nonlinear,128,9401101,160,16,2560,64,800,800,800,800,16,16,16
n8_block1_d2_stack_nonlinear_T128_s9401101,8,block,block,1,2,stack_nonlinear,128,9401101,160,16,2560,128,800,800,800,800,16,16,16
n8_block1_d2_stack_nonlinear_T128_s9401102,8,block,block,1,2,stack_nonlinear,128,9401102,160,16,2560,1,720,720,720,720,16,16,16
n8_block1_d2_stack_nonlinear_T128_s9401102,8,block,block,1,2,stack_nonlinear,128,9401102,160,16,2560,2,800,800,800,800,16,16,16
n8_block1_d2_stack_nonlinear_T128_s9401102,8,block,block,1,2,stack_nonlinear,128,9401102,160,16,2560,4,800,800,800,800,16,16,16
n8_block1_d2_stack_nonlinear_T128_s9401102,8,block,block,1,2,stack_nonlinear,128,9401102,160,16,2560,8,800,800,800,800,16,16,16
n8_block1_d2_stack_nonlinear_T128_s9401102,8,block,block,1,2,stack_nonlinear,128,9401102,160,16,2560,16,800,800,800,800,16,16,16
n8_block1_d2_stack_nonlinear_T128_s9401102,8,block,block,1,2,stack_nonlinear,128,9401102,160,16,2560,32,800,800,800,800,16,16,16
n8_block1_d2_stack_nonlinear_T128_s9401102,8,block,block,1,2,stack_nonlinear,128,9401102,160,16,2560,64,800,800,800,800,16,16,16
n8_block1_d2_stack_nonlinear_T128_s9401102,8,block,block,1,2,stack_nonlinear,128,9401102,160,16,2560,128,800,800,800,800,16,16,16
n8_block1_d2_stack_nonlinear_T128_s9401103,8,block,block,1,2,stack_nonlinear,128,9401103,160,16,2560,1,720,720,720,720,16,16,16
n8_block1_d2_stack_nonlinear_T128_s9401103,8,block,block,1,2,stack_nonlinear,128,9401103,160,16,2560,2,800,800,800,800,16,16,16
n8_block1_d2_stack_nonlinear_T128_s9401103,8,block,block,1,2,stack_nonlinear,128,9401103,160,16,2560,4,800,800,800,800,16,16,16
n8_block1_d2_stack_nonlinear_T128_s9401103,8,block,block,1,2,stack_nonlinear,128,9401103,160,16,2560,8,800,800,800,800,16,16,16
n8_block1_d2_stack_nonlinear_T128_s9401103,8,block,block,1,2,stack_nonlinear,128,9401103,160,16,2560,16,800,800,800,800,16,16,16
n8_block1_d2_stack_nonlinear_T128_s9401103,8,block,block,1,2,stack_nonlinear,128,9401103,160,16,2560,32,800,800,800,800,16,16,16
n8_block1_d2_stack_nonlinear_T128_s9401103,8,block,block,1,2,stack_nonlinear,128,9401103,160,16,2560,64,800,800,800,800,16,16,16
n8_block1_d2_stack_nonlinear_T128_s9401103,8,block,block,1,2,stack_nonlinear,128,9401103,160,16,2560,128,800,800,800,800,16,16,16
n8_block1_d2_stack_nonlinear_T128_s9401104,8,block,block,1,2,stack_nonlinear,128,9401104,160,16,2560,1,720,720,720,720,16,16,16
n8_block1_d2_stack_nonlinear_T128_s9401104,8,block,block,1,2,stack_nonlinear,128,9401104,160,16,2560,2,800,800,800,800,16,16,16
n8_block1_d2_stack_nonlinear_T128_s9401104,8,block,block,1,2,stack_nonlinear,128,9401104,160,16,2560,4,800,800,800,800,16,16,16
n8_block1_d2_stack_nonlinear_T128_s9401104,8,block,block,1,2,stack_nonlinear,128,9401104,160,16,2560,8,800,800,800,800,16,16,16
n8_block1_d2_stack_nonlinear_T128_s9401104,8,block,block,1,2,stack_nonlinear,128,9401104,160,16,2560,16,800,800,800,800,16,16,16
n8_block1_d2_stack_nonlinear_T128_s9401104,8,block,block,1,2,stack_nonlinear,128,9401104,160,16,2560,32,800,800,800,800,16,16,16
n8_block1_d2_stack_nonlinear_T128_s9401104,8,block,block,1,2,stack_nonlinear,128,9401104,160,16,2560,64,800,800,800,800,16,16,16
n8_block1_d2_stack_nonlinear_T128_s9401104,8,block,block,1,2,stack_nonlinear,128,9401104,160,16,2560,128,800,800,800,800,16,16,16
n8_block1_d3_stack_nonlinear_T32_s9401100,8,block,block,1,3,stack_nonlinear,32,9401100,240,24,5760,1,1944,1944,1944,1944,24,24,24
n8_block1_d3_stack_nonlinear_T32_s9401100,8,block,block,1,3,stack_nonlinear,32,9401100,240,24,5760,2,2160,2160,2160,2160,24,24,24
n8_block1_d3_stack_nonlinear_T32_s9401100,8,block,block,1,3,stack_nonlinear,32,9401100,240,24,5760,4,2160,2160,2160,2160,24,24,24
n8_block1_d3_stack_nonlinear_T32_s9401100,8,block,block,1,3,stack_nonlinear,32,9401100,240,24,5760,8,2160,2160,2160,2160,24,24,24
n8_block1_d3_stack_nonlinear_T32_s9401100,8,block,block,1,3,stack_nonlinear,32,9401100,240,24,5760,16,2160,2160,2160,2160,24,24,24
n8_block1_d3_stack_nonlinear_T32_s9401100,8,block,block,1,3,stack_nonlinear,32,9401100,240,24,5760,32,2160,2160,2160,2160,24,24,24
n8_block1_d3_stack_nonlinear_T32_s9401101,8,block,block,1,3,stack_nonlinear,32,9401101,240,24,5760,1,1944,1944,1944,1944,24,24,24
n8_block1_d3_stack_nonlinear_T32_s9401101,8,block,block,1,3,stack_nonlinear,32,9401101,240,24,5760,2,2160,2160,2160,2160,24,24,24
n8_block1_d3_stack_nonlinear_T32_s9401101,8,block,block,1,3,stack_nonlinear,32,9401101,240,24,5760,4,2160,2160,2160,2160,24,24,24
n8_block1_d3_stack_nonlinear_T32_s9401101,8,block,block,1,3,stack_nonlinear,32,9401101,240,24,5760,8,2160,2160,2160,2160,24,24,24
n8_block1_d3_stack_nonlinear_T32_s9401101,8,block,block,1,3,stack_nonlinear,32,9401101,240,24,5760,16,2160,2160,2160,2160,24,24,24
n8_block1_d3_stack_nonlinear_T32_s9401101,8,block,block,1,3,stack_nonlinear,32,9401101,240,24,5760,32,2160,2160,2160,2160,24,24,24
n8_block1_d3_stack_nonlinear_T32_s9401102,8,block,block,1,3,stack_nonlinear,32,9401102,240,24,5760,1,1944,1944,1944,1944,24,24,24
n8_block1_d3_stack_nonlinear_T32_s9401102,8,block,block,1,3,stack_nonlinear,32,9401102,240,24,5760,2,2160,2160,2160,2160,24,24,24
n8_block1_d3_stack_nonlinear_T32_s9401102,8,block,block,1,3,stack_nonlinear,32,9401102,240,24,5760,4,2160,2160,2160,2160,24,24,24
n8_block1_d3_stack_nonlinear_T32_s9401102,8,block,block,1,3,stack_nonlinear,32,9401102,240,24,5760,8,2160,2160,2160,2160,24,24,24
n8_block1_d3_stack_nonlinear_T32_s9401102,8,block,block,1,3,stack_nonlinear,32,9401102,240,24,5760,16,2160,2160,2160,2160,24,24,24
n8_block1_d3_stack_nonlinear_T32_s9401102,8,block,block,1,3,stack_nonlinear,32,9401102,240,24,5760,32,2160,2160,2160,2160,24,24,24
n8_block1_d3_stack_nonlinear_T32_s9401103,8,block,block,1,3,stack_nonlinear,32,9401103,240,24,5760,1,1944,1944,1944,1944,24,24,24
n8_block1_d3_stack_nonlinear_T32_s9401103,8,block,block,1,3,stack_nonlinear,32,9401103,240,24,5760,2,2160,2160,2160,2160,24,24,24
n8_block1_d3_stack_nonlinear_T32_s9401103,8,block,block,1,3,stack_nonlinear,32,9401103,240,24,5760,4,2160,2160,2160,2160,24,24,24
n8_block1_d3_stack_nonlinear_T32_s9401103,8,block,block,1,3,stack_nonlinear,32,9401103,240,24,5760,8,2160,2160,2160,2160,24,24,24
n8_block1_d3_stack_nonlinear_T32_s9401103,8,block,block,1,3,stack_nonlinear,32,9401103,240,24,5760,16,2160,2160,2160,2160,24,24,24
n8_block1_d3_stack_nonlinear_T32_s9401103,8,block,block,1,3,stack_nonlinear,32,9401103,240,24,5760,32,2160,2160,2160,2160,24,24,24
n8_block1_d3_stack_nonlinear_T32_s9401104,8,block,block,1,3,stack_nonlinear,32,9401104,240,24,5760,1,1944,1944,1944,1944,24,24,24
n8_block1_d3_stack_nonlinear_T32_s9401104,8,block,block,1,3,stack_nonlinear,32,9401104,240,24,5760,2,2160,2160,2160,2160,24,24,24
n8_block1_d3_stack_nonlinear_T32_s9401104,8,block,block,1,3,stack_nonlinear,32,9401104,240,24,5760,4,2160,2160,2160,2160,24,24,24
n8_block1_d3_stack_nonlinear_T32_s9401104,8,block,block,1,3,stack_nonlinear,32,9401104,240,24,5760,8,2160,2160,2160,2160,24,24,24
n8_block1_d3_stack_nonlinear_T32_s9401104,8,block,block,1,3,stack_nonlinear,32,9401104,240,24,5760,16,2160,2160,2160,2160,24,24,24
n8_block1_d3_stack_nonlinear_T32_s9401104,8,block,block,1,3,stack_nonlinear,32,9401104,240,24,5760,32,2160,2160,2160,2160,24,24,24
n8_block1_d3_stack_nonlinear_T128_s9401100,8,block,block,1,3,stack_nonlinear,128,9401100,240,24,5760,1,1944,1944,1944,1944,24,24,24
n8_block1_d3_stack_nonlinear_T128_s9401100,8,block,block,1,3,stack_nonlinear,128,9401100,240,24,5760,2,2160,2160,2160,2160,24,24,24
n8_block1_d3_stack_nonlinear_T128_s9401100,8,block,block,1,3,stack_nonlinear,128,9401100,240,24,5760,4,2160,2160,2160,2160,24,24,24
n8_block1_d3_stack_nonlinear_T128_s9401100,8,block,block,1,3,stack_nonlinear,128,9401100,240,24,5760,8,2160,2160,2160,2160,24,24,24
n8_block1_d3_stack_nonlinear_T128_s9401100,8,block,block,1,3,stack_nonlinear,128,9401100,240,24,5760,16,2160,2160,2160,2160,24,24,24
n8_block1_d3_stack_nonlinear_T128_s9401100,8,block,block,1,3,stack_nonlinear,128,9401100,240,24,5760,32,2160,2160,2160,2160,24,24,24
n8_block1_d3_stack_nonlinear_T128_s9401100,8,block,block,1,3,stack_nonlinear,128,9401100,240,24,5760,64,2160,2160,2160,2160,24,24,24
n8_block1_d3_stack_nonlinear_T128_s9401100,8,block,block,1,3,stack_nonlinear,128,9401100,240,24,5760,128,2160,2160,2160,2160,24,24,24
n8_block1_d3_stack_nonlinear_T128_s9401101,8,block,block,1,3,stack_nonlinear,128,9401101,240,24,5760,1,1944,1944,1944,1944,24,24,24
n8_block1_d3_stack_nonlinear_T128_s9401101,8,block,block,1,3,stack_nonlinear,128,9401101,240,24,5760,2,2160,2160,2160,2160,24,24,24
n8_block1_d3_stack_nonlinear_T128_s9401101,8,block,block,1,3,stack_nonlinear,128,9401101,240,24,5760,4,2160,2160,2160,2160,24,24,24
n8_block1_d3_stack_nonlinear_T128_s9401101,8,block,block,1,3,stack_nonlinear,128,9401101,240,24,5760,8,2160,2160,2160,2160,24,24,24
n8_block1_d3_stack_nonlinear_T128_s9401101,8,block,block,1,3,stack_nonlinear,128,9401101,240,24,5760,16,2160,2160,2160,2160,24,24,24
n8_block1_d3_stack_nonlinear_T128_s9401101,8,block,block,1,3,stack_nonlinear,128,9401101,240,24,5760,32,2160,2160,2160,2160,24,24,24
n8_block1_d3_stack_nonlinear_T128_s9401101,8,block,block,1,3,stack_nonlinear,128,9401101,240,24,5760,64,2160,2160,2160,2160,24,24,24
n8_block1_d3_stack_nonlinear_T128_s9401101,8,block,block,1,3,stack_nonlinear,128,9401101,240,24,5760,128,2160,2160,2160,2160,24,24,24
n8_block1_d3_stack_nonlinear_T128_s9401102,8,block,block,1,3,stack_nonlinear,128,9401102,240,24,5760,1,1944,1944,1944,1944,24,24,24
n8_block1_d3_stack_nonlinear_T128_s9401102,8,block,block,1,3,stack_nonlinear,128,9401102,240,24,5760,2,2160,2160,2160,2160,24,24,24
n8_block1_d3_stack_nonlinear_T128_s9401102,8,block,block,1,3,stack_nonlinear,128,9401102,240,24,5760,4,2160,2160,2160,2160,24,24,24
n8_block1_d3_stack_nonlinear_T128_s9401102,8,block,block,1,3,stack_nonlinear,128,9401102,240,24,5760,8,2160,2160,2160,2160,24,24,24
n8_block1_d3_stack_nonlinear_T128_s9401102,8,block,block,1,3,stack_nonlinear,128,9401102,240,24,5760,16,2160,2160,2160,2160,24,24,24
n8_block1_d3_stack_nonlinear_T128_s9401102,8,block,block,1,3,stack_nonlinear,128,9401102,240,24,5760,32,2160,2160,2160,2160,24,24,24
n8_block1_d3_stack_nonlinear_T128_s9401102,8,block,block,1,3,stack_nonlinear,128,9401102,240,24,5760,64,2160,2160,2160,2160,24,24,24
n8_block1_d3_stack_nonlinear_T128_s9401102,8,block,block,1,3,stack_nonlinear,128,9401102,240,24,5760,128,2160,2160,2160,2160,24,24,24
n8_block1_d3_stack_nonlinear_T128_s9401103,8,block,block,1,3,stack_nonlinear,128,9401103,240,24,5760,1,1944,1944,1944,1944,24,24,24
n8_block1_d3_stack_nonlinear_T128_s9401103,8,block,block,1,3,stack_nonlinear,128,9401103,240,24,5760,2,2160,2160,2160,2160,24,24,24
n8_block1_d3_stack_nonlinear_T128_s9401103,8,block,block,1,3,stack_nonlinear,128,9401103,240,24,5760,4,2160,2160,2160,2160,24,24,24
n8_block1_d3_stack_nonlinear_T128_s9401103,8,block,block,1,3,stack_nonlinear,128,9401103,240,24,5760,8,2160,2160,2160,2160,24,24,24
n8_block1_d3_stack_nonlinear_T128_s9401103,8,block,block,1,3,stack_nonlinear,128,9401103,240,24,5760,16,2160,2160,2160,2160,24,24,24
n8_block1_d3_stack_nonlinear_T128_s9401103,8,block,block,1,3,stack_nonlinear,128,9401103,240,24,5760,32,2160,2160,2160,2160,24,24,24
n8_block1_d3_stack_nonlinear_T128_s9401103,8,block,block,1,3,stack_nonlinear,128,9401103,240,24,5760,64,2160,2160,2160,2160,24,24,24
n8_block1_d3_stack_nonlinear_T128_s9401103,8,block,block,1,3,stack_nonlinear,128,9401103,240,24,5760,128,2160,2160,2160,2160,24,24,24
n8_block1_d3_stack_nonlinear_T128_s9401104,8,block,block,1,3,stack_nonlinear,128,9401104,240,24,5760,1,1944,1944,1944,1944,24,24,24
n8_block1_d3_stack_nonlinear_T128_s9401104,8,block,block,1,3,stack_nonlinear,128,9401104,240,24,5760,2,2160,2160,2160,2160,24,24,24
n8_block1_d3_stack_nonlinear_T128_s9401104,8,block,block,1,3,stack_nonlinear,128,9401104,240,24,5760,4,2160,2160,2160,2160,24,24,24
n8_block1_d3_stack_nonlinear_T128_s9401104,8,block,block,1,3,stack_nonlinear,128,9401104,240,24,5760,8,2160,2160,2160,2160,24,24,24
n8_block1_d3_stack_nonlinear_T128_s9401104,8,block,block,1,3,stack_nonlinear,128,9401104,240,24,5760,16,2160,2160,2160,2160,24,24,24
n8_block1_d3_stack_nonlinear_T128_s9401104,8,block,block,1,3,stack_nonlinear,128,9401104,240,24,5760,32,2160,2160,2160,2160,24,24,24
n8_block1_d3_stack_nonlinear_T128_s9401104,8,block,block,1,3,stack_nonlinear,128,9401104,240,24,5760,64,2160,2160,2160,2160,24,24,24
n8_block1_d3_stack_nonlinear_T128_s9401104,8,block,block,1,3,stack_nonlinear,128,9401104,240,24,5760,128,2160,2160,2160,2160,24,24,24
n8_block2_d1_stack_nonlinear_T32_s9401100,8,block,block,2,1,stack_nonlinear,32,9401100,88,8,704,1,72,72,72,72,8,8,8
n8_block2_d1_stack_nonlinear_T32_s9401100,8,block,block,2,1,stack_nonlinear,32,9401100,88,8,704,2,160,160,160,160,8,8,8
n8_block2_d1_stack_nonlinear_T32_s9401100,8,block,block,2,1,stack_nonlinear,32,9401100,88,8,704,4,176,176,176,176,8,8,8
n8_block2_d1_stack_nonlinear_T32_s9401100,8,block,block,2,1,stack_nonlinear,32,9401100,88,8,704,8,176,176,176,176,8,8,8
n8_block2_d1_stack_nonlinear_T32_s9401100,8,block,block,2,1,stack_nonlinear,32,9401100,88,8,704,16,176,176,176,176,8,8,8
n8_block2_d1_stack_nonlinear_T32_s9401100,8,block,block,2,1,stack_nonlinear,32,9401100,88,8,704,32,176,176,176,176,8,8,8
n8_block2_d1_stack_nonlinear_T32_s9401101,8,block,block,2,1,stack_nonlinear,32,9401101,88,8,704,1,72,72,72,72,8,8,8
n8_block2_d1_stack_nonlinear_T32_s9401101,8,block,block,2,1,stack_nonlinear,32,9401101,88,8,704,2,160,160,160,160,8,8,8
n8_block2_d1_stack_nonlinear_T32_s9401101,8,block,block,2,1,stack_nonlinear,32,9401101,88,8,704,4,176,176,176,176,8,8,8
n8_block2_d1_stack_nonlinear_T32_s9401101,8,block,block,2,1,stack_nonlinear,32,9401101,88,8,704,8,176,176,176,176,8,8,8
n8_block2_d1_stack_nonlinear_T32_s9401101,8,block,block,2,1,stack_nonlinear,32,9401101,88,8,704,16,176,176,176,176,8,8,8
n8_block2_d1_stack_nonlinear_T32_s9401101,8,block,block,2,1,stack_nonlinear,32,9401101,88,8,704,32,176,176,176,176,8,8,8
n8_block2_d1_stack_nonlinear_T32_s9401102,8,block,block,2,1,stack_nonlinear,32,9401102,88,8,704,1,72,72,72,72,8,8,8
n8_block2_d1_stack_nonlinear_T32_s9401102,8,block,block,2,1,stack_nonlinear,32,9401102,88,8,704,2,160,160,160,160,8,8,8
n8_block2_d1_stack_nonlinear_T32_s9401102,8,block,block,2,1,stack_nonlinear,32,9401102,88,8,704,4,176,176,176,176,8,8,8
n8_block2_d1_stack_nonlinear_T32_s9401102,8,block,block,2,1,stack_nonlinear,32,9401102,88,8,704,8,176,176,176,176,8,8,8
n8_block2_d1_stack_nonlinear_T32_s9401102,8,block,block,2,1,stack_nonlinear,32,9401102,88,8,704,16,176,176,176,176,8,8,8
n8_block2_d1_stack_nonlinear_T32_s9401102,8,block,block,2,1,stack_nonlinear,32,9401102,88,8,704,32,176,176,176,176,8,8,8
n8_block2_d1_stack_nonlinear_T32_s9401103,8,block,block,2,1,stack_nonlinear,32,9401103,88,8,704,1,72,72,72,72,8,8,8
n8_block2_d1_stack_nonlinear_T32_s9401103,8,block,block,2,1,stack_nonlinear,32,9401103,88,8,704,2,160,160,160,160,8,8,8
n8_block2_d1_stack_nonlinear_T32_s9401103,8,block,block,2,1,stack_nonlinear,32,9401103,88,8,704,4,176,176,176,176,8,8,8
n8_block2_d1_stack_nonlinear_T32_s9401103,8,block,block,2,1,stack_nonlinear,32,9401103,88,8,704,8,176,176,176,176,8,8,8
n8_block2_d1_stack_nonlinear_T32_s9401103,8,block,block,2,1,stack_nonlinear,32,9401103,88,8,704,16,176,176,176,176,8,8,8
n8_block2_d1_stack_nonlinear_T32_s9401103,8,block,block,2,1,stack_nonlinear,32,9401103,88,8,704,32,176,176,176,176,8,8,8
n8_block2_d1_stack_nonlinear_T32_s9401104,8,block,block,2,1,stack_nonlinear,32,9401104,88,8,704,1,72,72,72,72,8,8,8
n8_block2_d1_stack_nonlinear_T32_s9401104,8,block,block,2,1,stack_nonlinear,32,9401104,88,8,704,2,160,160,160,160,8,8,8
n8_block2_d1_stack_nonlinear_T32_s9401104,8,block,block,2,1,stack_nonlinear,32,9401104,88,8,704,4,176,176,176,176,8,8,8
n8_block2_d1_stack_nonlinear_T32_s9401104,8,block,block,2,1,stack_nonlinear,32,9401104,88,8,704,8,176,176,176,176,8,8,8
n8_block2_d1_stack_nonlinear_T32_s9401104,8,block,block,2,1,stack_nonlinear,32,9401104,88,8,704,16,176,176,176,176,8,8,8
n8_block2_d1_stack_nonlinear_T32_s9401104,8,block,block,2,1,stack_nonlinear,32,9401104,88,8,704,32,176,176,176,176,8,8,8
n8_block2_d1_stack_nonlinear_T128_s9401100,8,block,block,2,1,stack_nonlinear,128,9401100,88,8,704,1,72,72,72,72,8,8,8
n8_block2_d1_stack_nonlinear_T128_s9401100,8,block,block,2,1,stack_nonlinear,128,9401100,88,8,704,2,160,160,160,160,8,8,8
n8_block2_d1_stack_nonlinear_T128_s9401100,8,block,block,2,1,stack_nonlinear,128,9401100,88,8,704,4,176,176,176,176,8,8,8
n8_block2_d1_stack_nonlinear_T128_s9401100,8,block,block,2,1,stack_nonlinear,128,9401100,88,8,704,8,176,176,176,176,8,8,8
n8_block2_d1_stack_nonlinear_T128_s9401100,8,block,block,2,1,stack_nonlinear,128,9401100,88,8,704,16,176,176,176,176,8,8,8
n8_block2_d1_stack_nonlinear_T128_s9401100,8,block,block,2,1,stack_nonlinear,128,9401100,88,8,704,32,176,176,176,176,8,8,8
n8_block2_d1_stack_nonlinear_T128_s9401100,8,block,block,2,1,stack_nonlinear,128,9401100,88,8,704,64,176,176,176,176,8,8,8
n8_block2_d1_stack_nonlinear_T128_s9401100,8,block,block,2,1,stack_nonlinear,128,9401100,88,8,704,128,176,176,176,176,8,8,8
n8_block2_d1_stack_nonlinear_T128_s9401101,8,block,block,2,1,stack_nonlinear,128,9401101,88,8,704,1,72,72,72,72,8,8,8
n8_block2_d1_stack_nonlinear_T128_s9401101,8,block,block,2,1,stack_nonlinear,128,9401101,88,8,704,2,160,160,160,160,8,8,8
n8_block2_d1_stack_nonlinear_T128_s9401101,8,block,block,2,1,stack_nonlinear,128,9401101,88,8,704,4,176,176,176,176,8,8,8
n8_block2_d1_stack_nonlinear_T128_s9401101,8,block,block,2,1,stack_nonlinear,128,9401101,88,8,704,8,176,176,176,176,8,8,8
n8_block2_d1_stack_nonlinear_T128_s9401101,8,block,block,2,1,stack_nonlinear,128,9401101,88,8,704,16,176,176,176,176,8,8,8
n8_block2_d1_stack_nonlinear_T128_s9401101,8,block,block,2,1,stack_nonlinear,128,9401101,88,8,704,32,176,176,176,176,8,8,8
n8_block2_d1_stack_nonlinear_T128_s9401101,8,block,block,2,1,stack_nonlinear,128,9401101,88,8,704,64,176,176,176,176,8,8,8
n8_block2_d1_stack_nonlinear_T128_s9401101,8,block,block,2,1,stack_nonlinear,128,9401101,88,8,704,128,176,176,176,176,8,8,8
n8_block2_d1_stack_nonlinear_T128_s9401102,8,block,block,2,1,stack_nonlinear,128,9401102,88,8,704,1,72,72,72,72,8,8,8
n8_block2_d1_stack_nonlinear_T128_s9401102,8,block,block,2,1,stack_nonlinear,128,9401102,88,8,704,2,160,160,160,160,8,8,8
n8_block2_d1_stack_nonlinear_T128_s9401102,8,block,block,2,1,stack_nonlinear,128,9401102,88,8,704,4,176,176,176,176,8,8,8
n8_block2_d1_stack_nonlinear_T128_s9401102,8,block,block,2,1,stack_nonlinear,128,9401102,88,8,704,8,176,176,176,176,8,8,8
n8_block2_d1_stack_nonlinear_T128_s9401102,8,block,block,2,1,stack_nonlinear,128,9401102,88,8,704,16,176,176,176,176,8,8,8
n8_block2_d1_stack_nonlinear_T128_s9401102,8,block,block,2,1,stack_nonlinear,128,9401102,88,8,704,32,176,176,176,176,8,8,8
n8_block2_d1_stack_nonlinear_T128_s9401102,8,block,block,2,1,stack_nonlinear,128,9401102,88,8,704,64,176,176,176,176,8,8,8
n8_block2_d1_stack_nonlinear_T128_s9401102,8,block,block,2,1,stack_nonlinear,128,9401102,88,8,704,128,176,176,176,176,8,8,8
n8_block2_d1_stack_nonlinear_T128_s9401103,8,block,block,2,1,stack_nonlinear,128,9401103,88,8,704,1,72,72,72,72,8,8,8
n8_block2_d1_stack_nonlinear_T128_s9401103,8,block,block,2,1,stack_nonlinear,128,9401103,88,8,704,2,160,160,160,160,8,8,8
n8_block2_d1_stack_nonlinear_T128_s9401103,8,block,block,2,1,stack_nonlinear,128,9401103,88,8,704,4,176,176,176,176,8,8,8
n8_block2_d1_stack_nonlinear_T128_s9401103,8,block,block,2,1,stack_nonlinear,128,9401103,88,8,704,8,176,176,176,176,8,8,8
n8_block2_d1_stack_nonlinear_T128_s9401103,8,block,block,2,1,stack_nonlinear,128,9401103,88,8,704,16,176,176,176,176,8,8,8
n8_block2_d1_stack_nonlinear_T128_s9401103,8,block,block,2,1,stack_nonlinear,128,9401103,88,8,704,32,176,176,176,176,8,8,8
n8_block2_d1_stack_nonlinear_T128_s9401103,8,block,block,2,1,stack_nonlinear,128,9401103,88,8,704,64,176,176,176,176,8,8,8
n8_block2_d1_stack_nonlinear_T128_s9401103,8,block,block,2,1,stack_nonlinear,128,9401103,88,8,704,128,176,176,176,176,8,8,8
n8_block2_d1_stack_nonlinear_T128_s9401104,8,block,block,2,1,stack_nonlinear,128,9401104,88,8,704,1,72,72,72,72,8,8,8
n8_block2_d1_stack_nonlinear_T128_s9401104,8,block,block,2,1,stack_nonlinear,128,9401104,88,8,704,2,160,160,160,160,8,8,8
n8_block2_d1_stack_nonlinear_T128_s9401104,8,block,block,2,1,stack_nonlinear,128,9401104,88,8,704,4,176,176,176,176,8,8,8
n8_block2_d1_stack_nonlinear_T128_s9401104,8,block,block,2,1,stack_nonlinear,128,9401104,88,8,704,8,176,176,176,176,8,8,8
n8_block2_d1_stack_nonlinear_T128_s9401104,8,block,block,2,1,stack_nonlinear,128,9401104,88,8,704,16,176,176,176,176,8,8,8
n8_block2_d1_stack_nonlinear_T128_s9401104,8,block,block,2,1,stack_nonlinear,128,9401104,88,8,704,32,176,176,176,176,8,8,8
n8_block2_d1_stack_nonlinear_T128_s9401104,8,block,block,2,1,stack_nonlinear,128,9401104,88,8,704,64,176,176,176,176,8,8,8
n8_block2_d1_stack_nonlinear_T128_s9401104,8,block,block,2,1,stack_nonlinear,128,9401104,88,8,704,128,176,176,176,176,8,8,8
n8_block2_d2_stack_nonlinear_T32_s9401100,8,block,block,2,2,stack_nonlinear,32,9401100,176,16,2816,1,720,720,720,720,16,16,16
n8_block2_d2_stack_nonlinear_T32_s9401100,8,block,block,2,2,stack_nonlinear,32,9401100,176,16,2816,2,1024,1024,1024,1024,16,16,16
n8_block2_d2_stack_nonlinear_T32_s9401100,8,block,block,2,2,stack_nonlinear,32,9401100,176,16,2816,4,1056,1056,1056,1056,16,16,16
n8_block2_d2_stack_nonlinear_T32_s9401100,8,block,block,2,2,stack_nonlinear,32,9401100,176,16,2816,8,1056,1056,1056,1056,16,16,16
n8_block2_d2_stack_nonlinear_T32_s9401100,8,block,block,2,2,stack_nonlinear,32,9401100,176,16,2816,16,1056,1056,1056,1056,16,16,16
n8_block2_d2_stack_nonlinear_T32_s9401100,8,block,block,2,2,stack_nonlinear,32,9401100,176,16,2816,32,1056,1056,1056,1056,16,16,16
n8_block2_d2_stack_nonlinear_T32_s9401101,8,block,block,2,2,stack_nonlinear,32,9401101,176,16,2816,1,720,720,720,720,16,16,16
n8_block2_d2_stack_nonlinear_T32_s9401101,8,block,block,2,2,stack_nonlinear,32,9401101,176,16,2816,2,1024,1024,1024,1024,16,16,16
n8_block2_d2_stack_nonlinear_T32_s9401101,8,block,block,2,2,stack_nonlinear,32,9401101,176,16,2816,4,1056,1056,1056,1056,16,16,16
n8_block2_d2_stack_nonlinear_T32_s9401101,8,block,block,2,2,stack_nonlinear,32,9401101,176,16,2816,8,1056,1056,1056,1056,16,16,16
n8_block2_d2_stack_nonlinear_T32_s9401101,8,block,block,2,2,stack_nonlinear,32,9401101,176,16,2816,16,1056,1056,1056,1056,16,16,16
n8_block2_d2_stack_nonlinear_T32_s9401101,8,block,block,2,2,stack_nonlinear,32,9401101,176,16,2816,32,1056,1056,1056,1056,16,16,16
n8_block2_d2_stack_nonlinear_T32_s9401102,8,block,block,2,2,stack_nonlinear,32,9401102,176,16,2816,1,720,720,720,720,16,16,16
n8_block2_d2_stack_nonlinear_T32_s9401102,8,block,block,2,2,stack_nonlinear,32,9401102,176,16,2816,2,1024,1024,1024,1024,16,16,16
n8_block2_d2_stack_nonlinear_T32_s9401102,8,block,block,2,2,stack_nonlinear,32,9401102,176,16,2816,4,1056,1056,1056,1056,16,16,16
n8_block2_d2_stack_nonlinear_T32_s9401102,8,block,block,2,2,stack_nonlinear,32,9401102,176,16,2816,8,1056,1056,1056,1056,16,16,16
n8_block2_d2_stack_nonlinear_T32_s9401102,8,block,block,2,2,stack_nonlinear,32,9401102,176,16,2816,16,1056,1056,1056,1056,16,16,16
n8_block2_d2_stack_nonlinear_T32_s9401102,8,block,block,2,2,stack_nonlinear,32,9401102,176,16,2816,32,1056,1056,1056,1056,16,16,16
n8_block2_d2_stack_nonlinear_T32_s9401103,8,block,block,2,2,stack_nonlinear,32,9401103,176,16,2816,1,720,720,720,720,16,16,16
n8_block2_d2_stack_nonlinear_T32_s9401103,8,block,block,2,2,stack_nonlinear,32,9401103,176,16,2816,2,1024,1024,1024,1024,16,16,16
n8_block2_d2_stack_nonlinear_T32_s9401103,8,block,block,2,2,stack_nonlinear,32,9401103,176,16,2816,4,1056,1056,1056,1056,16,16,16
n8_block2_d2_stack_nonlinear_T32_s9401103,8,block,block,2,2,stack_nonlinear,32,9401103,176,16,2816,8,1056,1056,1056,1056,16,16,16
n8_block2_d2_stack_nonlinear_T32_s9401103,8,block,block,2,2,stack_nonlinear,32,9401103,176,16,2816,16,1056,1056,1056,1056,16,16,16
n8_block2_d2_stack_nonlinear_T32_s9401103,8,block,block,2,2,stack_nonlinear,32,9401103,176,16,2816,32,1056,1056,1056,1056,16,16,16
n8_block2_d2_stack_nonlinear_T32_s9401104,8,block,block,2,2,stack_nonlinear,32,9401104,176,16,2816,1,720,720,720,720,16,16,16
n8_block2_d2_stack_nonlinear_T32_s9401104,8,block,block,2,2,stack_nonlinear,32,9401104,176,16,2816,2,1024,1024,1024,1024,16,16,16
n8_block2_d2_stack_nonlinear_T32_s9401104,8,block,block,2,2,stack_nonlinear,32,9401104,176,16,2816,4,1056,1056,1056,1056,16,16,16
n8_block2_d2_stack_nonlinear_T32_s9401104,8,block,block,2,2,stack_nonlinear,32,9401104,176,16,2816,8,1056,1056,1056,1056,16,16,16
n8_block2_d2_stack_nonlinear_T32_s9401104,8,block,block,2,2,stack_nonlinear,32,9401104,176,16,2816,16,1056,1056,1056,1056,16,16,16
n8_block2_d2_stack_nonlinear_T32_s9401104,8,block,block,2,2,stack_nonlinear,32,9401104,176,16,2816,32,1056,1056,1056,1056,16,16,16
n8_block2_d2_stack_nonlinear_T128_s9401100,8,block,block,2,2,stack_nonlinear,128,9401100,176,16,2816,1,720,720,720,720,16,16,16
n8_block2_d2_stack_nonlinear_T128_s9401100,8,block,block,2,2,stack_nonlinear,128,9401100,176,16,2816,2,1024,1024,1024,1024,16,16,16
n8_block2_d2_stack_nonlinear_T128_s9401100,8,block,block,2,2,stack_nonlinear,128,9401100,176,16,2816,4,1056,1056,1056,1056,16,16,16
n8_block2_d2_stack_nonlinear_T128_s9401100,8,block,block,2,2,stack_nonlinear,128,9401100,176,16,2816,8,1056,1056,1056,1056,16,16,16
n8_block2_d2_stack_nonlinear_T128_s9401100,8,block,block,2,2,stack_nonlinear,128,9401100,176,16,2816,16,1056,1056,1056,1056,16,16,16
n8_block2_d2_stack_nonlinear_T128_s9401100,8,block,block,2,2,stack_nonlinear,128,9401100,176,16,2816,32,1056,1056,1056,1056,16,16,16
n8_block2_d2_stack_nonlinear_T128_s9401100,8,block,block,2,2,stack_nonlinear,128,9401100,176,16,2816,64,1056,1056,1056,1056,16,16,16
n8_block2_d2_stack_nonlinear_T128_s9401100,8,block,block,2,2,stack_nonlinear,128,9401100,176,16,2816,128,1056,1056,1056,1056,16,16,16
n8_block2_d2_stack_nonlinear_T128_s9401101,8,block,block,2,2,stack_nonlinear,128,9401101,176,16,2816,1,720,720,720,720,16,16,16
n8_block2_d2_stack_nonlinear_T128_s9401101,8,block,block,2,2,stack_nonlinear,128,9401101,176,16,2816,2,1024,1024,1024,1024,16,16,16
n8_block2_d2_stack_nonlinear_T128_s9401101,8,block,block,2,2,stack_nonlinear,128,9401101,176,16,2816,4,1056,1056,1056,1056,16,16,16
n8_block2_d2_stack_nonlinear_T128_s9401101,8,block,block,2,2,stack_nonlinear,128,9401101,176,16,2816,8,1056,1056,1056,1056,16,16,16
n8_block2_d2_stack_nonlinear_T128_s9401101,8,block,block,2,2,stack_nonlinear,128,9401101,176,16,2816,16,1056,1056,1056,1056,16,16,16
n8_block2_d2_stack_nonlinear_T128_s9401101,8,block,block,2,2,stack_nonlinear,128,9401101,176,16,2816,32,1056,1056,1056,1056,16,16,16
n8_block2_d2_stack_nonlinear_T128_s9401101,8,block,block,2,2,stack_nonlinear,128,9401101,176,16,2816,64,1056,1056,1056,1056,16,16,16
n8_block2_d2_stack_nonlinear_T128_s9401101,8,block,block,2,2,stack_nonlinear,128,9401101,176,16,2816,128,1056,1056,1056,1056,16,16,16
n8_block2_d2_stack_nonlinear_T128_s9401102,8,block,block,2,2,stack_nonlinear,128,9401102,176,16,2816,1,720,720,720,720,16,16,16
n8_block2_d2_stack_nonlinear_T128_s9401102,8,block,block,2,2,stack_nonlinear,128,9401102,176,16,2816,2,1024,1024,1024,1024,16,16,16
n8_block2_d2_stack_nonlinear_T128_s9401102,8,block,block,2,2,stack_nonlinear,128,9401102,176,16,2816,4,1056,1056,1056,1056,16,16,16
n8_block2_d2_stack_nonlinear_T128_s9401102,8,block,block,2,2,stack_nonlinear,128,9401102,176,16,2816,8,1056,1056,1056,1056,16,16,16
n8_block2_d2_stack_nonlinear_T128_s9401102,8,block,block,2,2,stack_nonlinear,128,9401102,176,16,2816,16,1056,1056,1056,1056,16,16,16
n8_block2_d2_stack_nonlinear_T128_s9401102,8,block,block,2,2,stack_nonlinear,128,9401102,176,16,2816,32,1056,1056,1056,1056,16,16,16
n8_block2_d2_stack_nonlinear_T128_s9401102,8,block,block,2,2,stack_nonlinear,128,9401102,176,16,2816,64,1056,1056,1056,1056,16,16,16
n8_block2_d2_stack_nonlinear_T128_s9401102,8,block,block,2,2,stack_nonlinear,128,9401102,176,16,2816,128,1056,1056,1056,1056,16,16,16
n8_block2_d2_stack_nonlinear_T128_s9401103,8,block,block,2,2,stack_nonlinear,128,9401103,176,16,2816,1,720,720,720,720,16,16,16
n8_block2_d2_stack_nonlinear_T128_s9401103,8,block,block,2,2,stack_nonlinear,128,9401103,176,16,2816,2,1024,1024,1024,1024,16,16,16
n8_block2_d2_stack_nonlinear_T128_s9401103,8,block,block,2,2,stack_nonlinear,128,9401103,176,16,2816,4,1056,1056,1056,1056,16,16,16
n8_block2_d2_stack_nonlinear_T128_s9401103,8,block,block,2,2,stack_nonlinear,128,9401103,176,16,2816,8,1056,1056,1056,1056,16,16,16
n8_block2_d2_stack_nonlinear_T128_s9401103,8,block,block,2,2,stack_nonlinear,128,9401103,176,16,2816,16,1056,1056,1056,1056,16,16,16
n8_block2_d2_stack_nonlinear_T128_s9401103,8,block,block,2,2,stack_nonlinear,128,9401103,176,16,2816,32,1056,1056,1056,1056,16,16,16
n8_block2_d2_stack_nonlinear_T128_s9401103,8,block,block,2,2,stack_nonlinear,128,9401103,176,16,2816,64,1056,1056,1056,1056,16,16,16
n8_block2_d2_stack_nonlinear_T128_s9401103,8,block,block,2,2,stack_nonlinear,128,9401103,176,16,2816,128,1056,1056,1056,1056,16,16,16
n8_block2_d2_stack_nonlinear_T128_s9401104,8,block,block,2,2,stack_nonlinear,128,9401104,176,16,2816,1,720,720,720,720,16,16,16
n8_block2_d2_stack_nonlinear_T128_s9401104,8,block,block,2,2,stack_nonlinear,128,9401104,176,16,2816,2,1024,1024,1024,1024,16,16,16
n8_block2_d2_stack_nonlinear_T128_s9401104,8,block,block,2,2,stack_nonlinear,128,9401104,176,16,2816,4,1056,1056,1056,1056,16,16,16
n8_block2_d2_stack_nonlinear_T128_s9401104,8,block,block,2,2,stack_nonlinear,128,9401104,176,16,2816,8,1056,1056,1056,1056,16,16,16
n8_block2_d2_stack_nonlinear_T128_s9401104,8,block,block,2,2,stack_nonlinear,128,9401104,176,16,2816,16,1056,1056,1056,1056,16,16,16
n8_block2_d2_stack_nonlinear_T128_s9401104,8,block,block,2,2,stack_nonlinear,128,9401104,176,16,2816,32,1056,1056,1056,1056,16,16,16
n8_block2_d2_stack_nonlinear_T128_s9401104,8,block,block,2,2,stack_nonlinear,128,9401104,176,16,2816,64,1056,1056,1056,1056,16,16,16
n8_block2_d2_stack_nonlinear_T128_s9401104,8,block,block,2,2,stack_nonlinear,128,9401104,176,16,2816,128,1056,1056,1056,1056,16,16,16
n8_block2_d3_stack_nonlinear_T32_s9401100,8,block,block,2,3,stack_nonlinear,32,9401100,264,24,6336,1,1944,1944,1944,1944,24,24,24
n8_block2_d3_stack_nonlinear_T32_s9401100,8,block,block,2,3,stack_nonlinear,32,9401100,264,24,6336,2,2592,2592,2592,2592,24,24,24
n8_block2_d3_stack_nonlinear_T32_s9401100,8,block,block,2,3,stack_nonlinear,32,9401100,264,24,6336,4,2640,2640,2640,2640,24,24,24
n8_block2_d3_stack_nonlinear_T32_s9401100,8,block,block,2,3,stack_nonlinear,32,9401100,264,24,6336,8,2640,2640,2640,2640,24,24,24
n8_block2_d3_stack_nonlinear_T32_s9401100,8,block,block,2,3,stack_nonlinear,32,9401100,264,24,6336,16,2640,2640,2640,2640,24,24,24
n8_block2_d3_stack_nonlinear_T32_s9401100,8,block,block,2,3,stack_nonlinear,32,9401100,264,24,6336,32,2640,2640,2640,2640,24,24,24
n8_block2_d3_stack_nonlinear_T32_s9401101,8,block,block,2,3,stack_nonlinear,32,9401101,264,24,6336,1,1944,1944,1944,1944,24,24,24
n8_block2_d3_stack_nonlinear_T32_s9401101,8,block,block,2,3,stack_nonlinear,32,9401101,264,24,6336,2,2592,2592,2592,2592,24,24,24
n8_block2_d3_stack_nonlinear_T32_s9401101,8,block,block,2,3,stack_nonlinear,32,9401101,264,24,6336,4,2640,2640,2640,2640,24,24,24
n8_block2_d3_stack_nonlinear_T32_s9401101,8,block,block,2,3,stack_nonlinear,32,9401101,264,24,6336,8,2640,2640,2640,2640,24,24,24
n8_block2_d3_stack_nonlinear_T32_s9401101,8,block,block,2,3,stack_nonlinear,32,9401101,264,24,6336,16,2640,2640,2640,2640,24,24,24
n8_block2_d3_stack_nonlinear_T32_s9401101,8,block,block,2,3,stack_nonlinear,32,9401101,264,24,6336,32,2640,2640,2640,2640,24,24,24
n8_block2_d3_stack_nonlinear_T32_s9401102,8,block,block,2,3,stack_nonlinear,32,9401102,264,24,6336,1,1944,1944,1944,1944,24,24,24
n8_block2_d3_stack_nonlinear_T32_s9401102,8,block,block,2,3,stack_nonlinear,32,9401102,264,24,6336,2,2592,2592,2592,2592,24,24,24
n8_block2_d3_stack_nonlinear_T32_s9401102,8,block,block,2,3,stack_nonlinear,32,9401102,264,24,6336,4,2640,2640,2640,2640,24,24,24
n8_block2_d3_stack_nonlinear_T32_s9401102,8,block,block,2,3,stack_nonlinear,32,9401102,264,24,6336,8,2640,2640,2640,2640,24,24,24
n8_block2_d3_stack_nonlinear_T32_s9401102,8,block,block,2,3,stack_nonlinear,32,9401102,264,24,6336,16,2640,2640,2640,2640,24,24,24
n8_block2_d3_stack_nonlinear_T32_s9401102,8,block,block,2,3,stack_nonlinear,32,9401102,264,24,6336,32,2640,2640,2640,2640,24,24,24
n8_block2_d3_stack_nonlinear_T32_s9401103,8,block,block,2,3,stack_nonlinear,32,9401103,264,24,6336,1,1944,1944,1944,1944,24,24,24
n8_block2_d3_stack_nonlinear_T32_s9401103,8,block,block,2,3,stack_nonlinear,32,9401103,264,24,6336,2,2592,2592,2592,2592,24,24,24
n8_block2_d3_stack_nonlinear_T32_s9401103,8,block,block,2,3,stack_nonlinear,32,9401103,264,24,6336,4,2640,2640,2640,2640,24,24,24
n8_block2_d3_stack_nonlinear_T32_s9401103,8,block,block,2,3,stack_nonlinear,32,9401103,264,24,6336,8,2640,2640,2640,2640,24,24,24
n8_block2_d3_stack_nonlinear_T32_s9401103,8,block,block,2,3,stack_nonlinear,32,9401103,264,24,6336,16,2640,2640,2640,2640,24,24,24
n8_block2_d3_stack_nonlinear_T32_s9401103,8,block,block,2,3,stack_nonlinear,32,9401103,264,24,6336,32,2640,2640,2640,2640,24,24,24
n8_block2_d3_stack_nonlinear_T32_s9401104,8,block,block,2,3,stack_nonlinear,32,9401104,264,24,6336,1,1944,1944,1944,1944,24,24,24
n8_block2_d3_stack_nonlinear_T32_s9401104,8,block,block,2,3,stack_nonlinear,32,9401104,264,24,6336,2,2592,2592,2592,2592,24,24,24
n8_block2_d3_stack_nonlinear_T32_s9401104,8,block,block,2,3,stack_nonlinear,32,9401104,264,24,6336,4,2640,2640,2640,2640,24,24,24
n8_block2_d3_stack_nonlinear_T32_s9401104,8,block,block,2,3,stack_nonlinear,32,9401104,264,24,6336,8,2640,2640,2640,2640,24,24,24
n8_block2_d3_stack_nonlinear_T32_s9401104,8,block,block,2,3,stack_nonlinear,32,9401104,264,24,6336,16,2640,2640,2640,2640,24,24,24
n8_block2_d3_stack_nonlinear_T32_s9401104,8,block,block,2,3,stack_nonlinear,32,9401104,264,24,6336,32,2640,2640,2640,2640,24,24,24
n8_block2_d3_stack_nonlinear_T128_s9401100,8,block,block,2,3,stack_nonlinear,128,9401100,264,24,6336,1,1944,1944,1944,1944,24,24,24
n8_block2_d3_stack_nonlinear_T128_s9401100,8,block,block,2,3,stack_nonlinear,128,9401100,264,24,6336,2,2592,2592,2592,2592,24,24,24
n8_block2_d3_stack_nonlinear_T128_s9401100,8,block,block,2,3,stack_nonlinear,128,9401100,264,24,6336,4,2640,2640,2640,2640,24,24,24
n8_block2_d3_stack_nonlinear_T128_s9401100,8,block,block,2,3,stack_nonlinear,128,9401100,264,24,6336,8,2640,2640,2640,2640,24,24,24
n8_block2_d3_stack_nonlinear_T128_s9401100,8,block,block,2,3,stack_nonlinear,128,9401100,264,24,6336,16,2640,2640,2640,2640,24,24,24
n8_block2_d3_stack_nonlinear_T128_s9401100,8,block,block,2,3,stack_nonlinear,128,9401100,264,24,6336,32,2640,2640,2640,2640,24,24,24
n8_block2_d3_stack_nonlinear_T128_s9401100,8,block,block,2,3,stack_nonlinear,128,9401100,264,24,6336,64,2640,2640,2640,2640,24,24,24
n8_block2_d3_stack_nonlinear_T128_s9401100,8,block,block,2,3,stack_nonlinear,128,9401100,264,24,6336,128,2640,2640,2640,2640,24,24,24
n8_block2_d3_stack_nonlinear_T128_s9401101,8,block,block,2,3,stack_nonlinear,128,9401101,264,24,6336,1,1944,1944,1944,1944,24,24,24
n8_block2_d3_stack_nonlinear_T128_s9401101,8,block,block,2,3,stack_nonlinear,128,9401101,264,24,6336,2,2592,2592,2592,2592,24,24,24
n8_block2_d3_stack_nonlinear_T128_s9401101,8,block,block,2,3,stack_nonlinear,128,9401101,264,24,6336,4,2640,2640,2640,2640,24,24,24
n8_block2_d3_stack_nonlinear_T128_s9401101,8,block,block,2,3,stack_nonlinear,128,9401101,264,24,6336,8,2640,2640,2640,2640,24,24,24
n8_block2_d3_stack_nonlinear_T128_s9401101,8,block,block,2,3,stack_nonlinear,128,9401101,264,24,6336,16,2640,2640,2640,2640,24,24,24
n8_block2_d3_stack_nonlinear_T128_s9401101,8,block,block,2,3,stack_nonlinear,128,9401101,264,24,6336,32,2640,2640,2640,2640,24,24,24
n8_block2_d3_stack_nonlinear_T128_s9401101,8,block,block,2,3,stack_nonlinear,128,9401101,264,24,6336,64,2640,2640,2640,2640,24,24,24
n8_block2_d3_stack_nonlinear_T128_s9401101,8,block,block,2,3,stack_nonlinear,128,9401101,264,24,6336,128,2640,2640,2640,2640,24,24,24
n8_block2_d3_stack_nonlinear_T128_s9401102,8,block,block,2,3,stack_nonlinear,128,9401102,264,24,6336,1,1944,1944,1944,1944,24,24,24
n8_block2_d3_stack_nonlinear_T128_s9401102,8,block,block,2,3,stack_nonlinear,128,9401102,264,24,6336,2,2592,2592,2592,2592,24,24,24
n8_block2_d3_stack_nonlinear_T128_s9401102,8,block,block,2,3,stack_nonlinear,128,9401102,264,24,6336,4,2640,2640,2640,2640,24,24,24
n8_block2_d3_stack_nonlinear_T128_s9401102,8,block,block,2,3,stack_nonlinear,128,9401102,264,24,6336,8,2640,2640,2640,2640,24,24,24
n8_block2_d3_stack_nonlinear_T128_s9401102,8,block,block,2,3,stack_nonlinear,128,9401102,264,24,6336,16,2640,2640,2640,2640,24,24,24
n8_block2_d3_stack_nonlinear_T128_s9401102,8,block,block,2,3,stack_nonlinear,128,9401102,264,24,6336,32,2640,2640,2640,2640,24,24,24
n8_block2_d3_stack_nonlinear_T128_s9401102,8,block,block,2,3,stack_nonlinear,128,9401102,264,24,6336,64,2640,2640,2640,2640,24,24,24
n8_block2_d3_stack_nonlinear_T128_s9401102,8,block,block,2,3,stack_nonlinear,128,9401102,264,24,6336,128,2640,2640,2640,2640,24,24,24
n8_block2_d3_stack_nonlinear_T128_s9401103,8,block,block,2,3,stack_nonlinear,128,9401103,264,24,6336,1,1944,1944,1944,1944,24,24,24
n8_block2_d3_stack_nonlinear_T128_s9401103,8,block,block,2,3,stack_nonlinear,128,9401103,264,24,6336,2,2592,2592,2592,2592,24,24,24
n8_block2_d3_stack_nonlinear_T128_s9401103,8,block,block,2,3,stack_nonlinear,128,9401103,264,24,6336,4,2640,2640,2640,2640,24,24,24
n8_block2_d3_stack_nonlinear_T128_s9401103,8,block,block,2,3,stack_nonlinear,128,9401103,264,24,6336,8,2640,2640,2640,2640,24,24,24
n8_block2_d3_stack_nonlinear_T128_s9401103,8,block,block,2,3,stack_nonlinear,128,9401103,264,24,6336,16,2640,2640,2640,2640,24,24,24
n8_block2_d3_stack_nonlinear_T128_s9401103,8,block,block,2,3,stack_nonlinear,128,9401103,264,24,6336,32,2640,2640,2640,2640,24,24,24
n8_block2_d3_stack_nonlinear_T128_s9401103,8,block,block,2,3,stack_nonlinear,128,9401103,264,24,6336,64,2640,2640,2640,2640,24,24,24
n8_block2_d3_stack_nonlinear_T128_s9401103,8,block,block,2,3,stack_nonlinear,128,9401103,264,24,6336,128,2640,2640,2640,2640,24,24,24
n8_block2_d3_stack_nonlinear_T128_s9401104,8,block,block,2,3,stack_nonlinear,128,9401104,264,24,6336,1,1944,1944,1944,1944,24,24,24
n8_block2_d3_stack_nonlinear_T128_s9401104,8,block,block,2,3,stack_nonlinear,128,9401104,264,24,6336,2,2592,2592,2592,2592,24,24,24
n8_block2_d3_stack_nonlinear_T128_s9401104,8,block,block,2,3,stack_nonlinear,128,9401104,264,24,6336,4,2640,2640,2640,2640,24,24,24
n8_block2_d3_stack_nonlinear_T128_s9401104,8,block,block,2,3,stack_nonlinear,128,9401104,264,24,6336,8,2640,2640,2640,2640,24,24,24
n8_block2_d3_stack_nonlinear_T128_s9401104,8,block,block,2,3,stack_nonlinear,128,9401104,264,24,6336,16,2640,2640,2640,2640,24,24,24
n8_block2_d3_stack_nonlinear_T128_s9401104,8,block,block,2,3,stack_nonlinear,128,9401104,264,24,6336,32,2640,2640,2640,2640,24,24,24
n8_block2_d3_stack_nonlinear_T128_s9401104,8,block,block,2,3,stack_nonlinear,128,9401104,264,24,6336,64,2640,2640,2640,2640,24,24,24
n8_block2_d3_stack_nonlinear_T128_s9401104,8,block,block,2,3,stack_nonlinear,128,9401104,264,24,6336,128,2640,2640,2640,2640,24,24,24
n8_block4_d1_stack_nonlinear_T32_s9401100,8,block,block,4,1,stack_nonlinear,32,9401100,104,8,832,1,72,72,72,72,8,8,8
n8_block4_d1_stack_nonlinear_T32_s9401100,8,block,block,4,1,stack_nonlinear,32,9401100,104,8,832,2,320,320,320,320,8,8,8
n8_block4_d1_stack_nonlinear_T32_s9401100,8,block,block,4,1,stack_nonlinear,32,9401100,104,8,832,4,416,416,416,416,8,8,8
n8_block4_d1_stack_nonlinear_T32_s9401100,8,block,block,4,1,stack_nonlinear,32,9401100,104,8,832,8,416,416,416,416,8,8,8
n8_block4_d1_stack_nonlinear_T32_s9401100,8,block,block,4,1,stack_nonlinear,32,9401100,104,8,832,16,416,416,416,416,8,8,8
n8_block4_d1_stack_nonlinear_T32_s9401100,8,block,block,4,1,stack_nonlinear,32,9401100,104,8,832,32,416,416,416,416,8,8,8
n8_block4_d1_stack_nonlinear_T32_s9401101,8,block,block,4,1,stack_nonlinear,32,9401101,104,8,832,1,72,72,72,72,8,8,8
n8_block4_d1_stack_nonlinear_T32_s9401101,8,block,block,4,1,stack_nonlinear,32,9401101,104,8,832,2,320,320,320,320,8,8,8
n8_block4_d1_stack_nonlinear_T32_s9401101,8,block,block,4,1,stack_nonlinear,32,9401101,104,8,832,4,416,416,416,416,8,8,8
n8_block4_d1_stack_nonlinear_T32_s9401101,8,block,block,4,1,stack_nonlinear,32,9401101,104,8,832,8,416,416,416,416,8,8,8
n8_block4_d1_stack_nonlinear_T32_s9401101,8,block,block,4,1,stack_nonlinear,32,9401101,104,8,832,16,416,416,416,416,8,8,8
n8_block4_d1_stack_nonlinear_T32_s9401101,8,block,block,4,1,stack_nonlinear,32,9401101,104,8,832,32,416,416,416,416,8,8,8
n8_block4_d1_stack_nonlinear_T32_s9401102,8,block,block,4,1,stack_nonlinear,32,9401102,104,8,832,1,72,72,72,72,8,8,8
n8_block4_d1_stack_nonlinear_T32_s9401102,8,block,block,4,1,stack_nonlinear,32,9401102,104,8,832,2,320,320,320,320,8,8,8
n8_block4_d1_stack_nonlinear_T32_s9401102,8,block,block,4,1,stack_nonlinear,32,9401102,104,8,832,4,416,416,416,416,8,8,8
n8_block4_d1_stack_nonlinear_T32_s9401102,8,block,block,4,1,stack_nonlinear,32,9401102,104,8,832,8,416,416,416,416,8,8,8
n8_block4_d1_stack_nonlinear_T32_s9401102,8,block,block,4,1,stack_nonlinear,32,9401102,104,8,832,16,416,416,416,416,8,8,8
n8_block4_d1_stack_nonlinear_T32_s9401102,8,block,block,4,1,stack_nonlinear,32,9401102,104,8,832,32,416,416,416,416,8,8,8
n8_block4_d1_stack_nonlinear_T32_s9401103,8,block,block,4,1,stack_nonlinear,32,9401103,104,8,832,1,72,72,72,72,8,8,8
n8_block4_d1_stack_nonlinear_T32_s9401103,8,block,block,4,1,stack_nonlinear,32,9401103,104,8,832,2,320,320,320,320,8,8,8
n8_block4_d1_stack_nonlinear_T32_s9401103,8,block,block,4,1,stack_nonlinear,32,9401103,104,8,832,4,416,416,416,416,8,8,8
n8_block4_d1_stack_nonlinear_T32_s9401103,8,block,block,4,1,stack_nonlinear,32,9401103,104,8,832,8,416,416,416,416,8,8,8
n8_block4_d1_stack_nonlinear_T32_s9401103,8,block,block,4,1,stack_nonlinear,32,9401103,104,8,832,16,416,416,416,416,8,8,8
n8_block4_d1_stack_nonlinear_T32_s9401103,8,block,block,4,1,stack_nonlinear,32,9401103,104,8,832,32,416,416,416,416,8,8,8
n8_block4_d1_stack_nonlinear_T32_s9401104,8,block,block,4,1,stack_nonlinear,32,9401104,104,8,832,1,72,72,72,72,8,8,8
n8_block4_d1_stack_nonlinear_T32_s9401104,8,block,block,4,1,stack_nonlinear,32,9401104,104,8,832,2,320,320,320,320,8,8,8
n8_block4_d1_stack_nonlinear_T32_s9401104,8,block,block,4,1,stack_nonlinear,32,9401104,104,8,832,4,416,416,416,416,8,8,8
n8_block4_d1_stack_nonlinear_T32_s9401104,8,block,block,4,1,stack_nonlinear,32,9401104,104,8,832,8,416,416,416,416,8,8,8
n8_block4_d1_stack_nonlinear_T32_s9401104,8,block,block,4,1,stack_nonlinear,32,9401104,104,8,832,16,416,416,416,416,8,8,8
n8_block4_d1_stack_nonlinear_T32_s9401104,8,block,block,4,1,stack_nonlinear,32,9401104,104,8,832,32,416,416,416,416,8,8,8
n8_block4_d1_stack_nonlinear_T128_s9401100,8,block,block,4,1,stack_nonlinear,128,9401100,104,8,832,1,72,72,72,72,8,8,8
n8_block4_d1_stack_nonlinear_T128_s9401100,8,block,block,4,1,stack_nonlinear,128,9401100,104,8,832,2,320,320,320,320,8,8,8
n8_block4_d1_stack_nonlinear_T128_s9401100,8,block,block,4,1,stack_nonlinear,128,9401100,104,8,832,4,416,416,416,416,8,8,8
n8_block4_d1_stack_nonlinear_T128_s9401100,8,block,block,4,1,stack_nonlinear,128,9401100,104,8,832,8,416,416,416,416,8,8,8
n8_block4_d1_stack_nonlinear_T128_s9401100,8,block,block,4,1,stack_nonlinear,128,9401100,104,8,832,16,416,416,416,416,8,8,8
n8_block4_d1_stack_nonlinear_T128_s9401100,8,block,block,4,1,stack_nonlinear,128,9401100,104,8,832,32,416,416,416,416,8,8,8
n8_block4_d1_stack_nonlinear_T128_s9401100,8,block,block,4,1,stack_nonlinear,128,9401100,104,8,832,64,416,416,416,416,8,8,8
n8_block4_d1_stack_nonlinear_T128_s9401100,8,block,block,4,1,stack_nonlinear,128,9401100,104,8,832,128,416,416,416,416,8,8,8
n8_block4_d1_stack_nonlinear_T128_s9401101,8,block,block,4,1,stack_nonlinear,128,9401101,104,8,832,1,72,72,72,72,8,8,8
n8_block4_d1_stack_nonlinear_T128_s9401101,8,block,block,4,1,stack_nonlinear,128,9401101,104,8,832,2,320,320,320,320,8,8,8
n8_block4_d1_stack_nonlinear_T128_s9401101,8,block,block,4,1,stack_nonlinear,128,9401101,104,8,832,4,416,416,416,416,8,8,8
n8_block4_d1_stack_nonlinear_T128_s9401101,8,block,block,4,1,stack_nonlinear,128,9401101,104,8,832,8,416,416,416,416,8,8,8
n8_block4_d1_stack_nonlinear_T128_s9401101,8,block,block,4,1,stack_nonlinear,128,9401101,104,8,832,16,416,416,416,416,8,8,8
n8_block4_d1_stack_nonlinear_T128_s9401101,8,block,block,4,1,stack_nonlinear,128,9401101,104,8,832,32,416,416,416,416,8,8,8
n8_block4_d1_stack_nonlinear_T128_s9401101,8,block,block,4,1,stack_nonlinear,128,9401101,104,8,832,64,416,416,416,416,8,8,8
n8_block4_d1_stack_nonlinear_T128_s9401101,8,block,block,4,1,stack_nonlinear,128,9401101,104,8,832,128,416,416,416,416,8,8,8
n8_block4_d1_stack_nonlinear_T128_s9401102,8,block,block,4,1,stack_nonlinear,128,9401102,104,8,832,1,72,72,72,72,8,8,8
n8_block4_d1_stack_nonlinear_T128_s9401102,8,block,block,4,1,stack_nonlinear,128,9401102,104,8,832,2,320,320,320,320,8,8,8
n8_block4_d1_stack_nonlinear_T128_s9401102,8,block,block,4,1,stack_nonlinear,128,9401102,104,8,832,4,416,416,416,416,8,8,8
n8_block4_d1_stack_nonlinear_T128_s9401102,8,block,block,4,1,stack_nonlinear,128,9401102,104,8,832,8,416,416,416,416,8,8,8
n8_block4_d1_stack_nonlinear_T128_s9401102,8,block,block,4,1,stack_nonlinear,128,9401102,104,8,832,16,416,416,416,416,8,8,8
n8_block4_d1_stack_nonlinear_T128_s9401102,8,block,block,4,1,stack_nonlinear,128,9401102,104,8,832,32,416,416,416,416,8,8,8
n8_block4_d1_stack_nonlinear_T128_s9401102,8,block,block,4,1,stack_nonlinear,128,9401102,104,8,832,64,416,416,416,416,8,8,8
n8_block4_d1_stack_nonlinear_T128_s9401102,8,block,block,4,1,stack_nonlinear,128,9401102,104,8,832,128,416,416,416,416,8,8,8
n8_block4_d1_stack_nonlinear_T128_s9401103,8,block,block,4,1,stack_nonlinear,128,9401103,104,8,832,1,72,72,72,72,8,8,8
n8_block4_d1_stack_nonlinear_T128_s9401103,8,block,block,4,1,stack_nonlinear,128,9401103,104,8,832,2,320,320,320,320,8,8,8
n8_block4_d1_stack_nonlinear_T128_s9401103,8,block,block,4,1,stack_nonlinear,128,9401103,104,8,832,4,416,416,416,416,8,8,8
n8_block4_d1_stack_nonlinear_T128_s9401103,8,block,block,4,1,stack_nonlinear,128,9401103,104,8,832,8,416,416,416,416,8,8,8
n8_block4_d1_stack_nonlinear_T128_s9401103,8,block,block,4,1,stack_nonlinear,128,9401103,104,8,832,16,416,416,416,416,8,8,8
n8_block4_d1_stack_nonlinear_T128_s9401103,8,block,block,4,1,stack_nonlinear,128,9401103,104,8,832,32,416,416,416,416,8,8,8
n8_block4_d1_stack_nonlinear_T128_s9401103,8,block,block,4,1,stack_nonlinear,128,9401103,104,8,832,64,416,416,416,416,8,8,8
n8_block4_d1_stack_nonlinear_T128_s9401103,8,block,block,4,1,stack_nonlinear,128,9401103,104,8,832,128,416,416,416,416,8,8,8
n8_block4_d1_stack_nonlinear_T128_s9401104,8,block,block,4,1,stack_nonlinear,128,9401104,104,8,832,1,72,72,72,72,8,8,8
n8_block4_d1_stack_nonlinear_T128_s9401104,8,block,block,4,1,stack_nonlinear,128,9401104,104,8,832,2,320,320,320,320,8,8,8
n8_block4_d1_stack_nonlinear_T128_s9401104,8,block,block,4,1,stack_nonlinear,128,9401104,104,8,832,4,416,416,416,416,8,8,8
n8_block4_d1_stack_nonlinear_T128_s9401104,8,block,block,4,1,stack_nonlinear,128,9401104,104,8,832,8,416,416,416,416,8,8,8
n8_block4_d1_stack_nonlinear_T128_s9401104,8,block,block,4,1,stack_nonlinear,128,9401104,104,8,832,16,416,416,416,416,8,8,8
n8_block4_d1_stack_nonlinear_T128_s9401104,8,block,block,4,1,stack_nonlinear,128,9401104,104,8,832,32,416,416,416,416,8,8,8
n8_block4_d1_stack_nonlinear_T128_s9401104,8,block,block,4,1,stack_nonlinear,128,9401104,104,8,832,64,416,416,416,416,8,8,8
n8_block4_d1_stack_nonlinear_T128_s9401104,8,block,block,4,1,stack_nonlinear,128,9401104,104,8,832,128,416,416,416,416,8,8,8
n8_block4_d2_stack_nonlinear_T32_s9401100,8,block,block,4,2,stack_nonlinear,32,9401100,208,16,3328,1,720,720,720,720,16,16,16
n8_block4_d2_stack_nonlinear_T32_s9401100,8,block,block,4,2,stack_nonlinear,32,9401100,208,16,3328,2,1472,1472,1472,1472,16,16,16
n8_block4_d2_stack_nonlinear_T32_s9401100,8,block,block,4,2,stack_nonlinear,32,9401100,208,16,3328,4,1664,1664,1664,1664,16,16,16
n8_block4_d2_stack_nonlinear_T32_s9401100,8,block,block,4,2,stack_nonlinear,32,9401100,208,16,3328,8,1664,1664,1664,1664,16,16,16
n8_block4_d2_stack_nonlinear_T32_s9401100,8,block,block,4,2,stack_nonlinear,32,9401100,208,16,3328,16,1664,1664,1664,1664,16,16,16
n8_block4_d2_stack_nonlinear_T32_s9401100,8,block,block,4,2,stack_nonlinear,32,9401100,208,16,3328,32,1664,1664,1664,1664,16,16,16
n8_block4_d2_stack_nonlinear_T32_s9401101,8,block,block,4,2,stack_nonlinear,32,9401101,208,16,3328,1,720,720,720,720,16,16,16
n8_block4_d2_stack_nonlinear_T32_s9401101,8,block,block,4,2,stack_nonlinear,32,9401101,208,16,3328,2,1472,1472,1472,1472,16,16,16
n8_block4_d2_stack_nonlinear_T32_s9401101,8,block,block,4,2,stack_nonlinear,32,9401101,208,16,3328,4,1664,1664,1664,1664,16,16,16
n8_block4_d2_stack_nonlinear_T32_s9401101,8,block,block,4,2,stack_nonlinear,32,9401101,208,16,3328,8,1664,1664,1664,1664,16,16,16
n8_block4_d2_stack_nonlinear_T32_s9401101,8,block,block,4,2,stack_nonlinear,32,9401101,208,16,3328,16,1664,1664,1664,1664,16,16,16
n8_block4_d2_stack_nonlinear_T32_s9401101,8,block,block,4,2,stack_nonlinear,32,9401101,208,16,3328,32,1664,1664,1664,1664,16,16,16
n8_block4_d2_stack_nonlinear_T32_s9401102,8,block,block,4,2,stack_nonlinear,32,9401102,208,16,3328,1,720,720,720,720,16,16,16
n8_block4_d2_stack_nonlinear_T32_s9401102,8,block,block,4,2,stack_nonlinear,32,9401102,208,16,3328,2,1472,1472,1472,1472,16,16,16
n8_block4_d2_stack_nonlinear_T32_s9401102,8,block,block,4,2,stack_nonlinear,32,9401102,208,16,3328,4,1664,1664,1664,1664,16,16,16
n8_block4_d2_stack_nonlinear_T32_s9401102,8,block,block,4,2,stack_nonlinear,32,9401102,208,16,3328,8,1664,1664,1664,1664,16,16,16
n8_block4_d2_stack_nonlinear_T32_s9401102,8,block,block,4,2,stack_nonlinear,32,9401102,208,16,3328,16,1664,1664,1664,1664,16,16,16
n8_block4_d2_stack_nonlinear_T32_s9401102,8,block,block,4,2,stack_nonlinear,32,9401102,208,16,3328,32,1664,1664,1664,1664,16,16,16
n8_block4_d2_stack_nonlinear_T32_s9401103,8,block,block,4,2,stack_nonlinear,32,9401103,208,16,3328,1,720,720,720,720,16,16,16
n8_block4_d2_stack_nonlinear_T32_s9401103,8,block,block,4,2,stack_nonlinear,32,9401103,208,16,3328,2,1472,1472,1472,1472,16,16,16
n8_block4_d2_stack_nonlinear_T32_s9401103,8,block,block,4,2,stack_nonlinear,32,9401103,208,16,3328,4,1664,1664,1664,1664,16,16,16
n8_block4_d2_stack_nonlinear_T32_s9401103,8,block,block,4,2,stack_nonlinear,32,9401103,208,16,3328,8,1664,1664,1664,1664,16,16,16
n8_block4_d2_stack_nonlinear_T32_s9401103,8,block,block,4,2,stack_nonlinear,32,9401103,208,16,3328,16,1664,1664,1664,1664,16,16,16
n8_block4_d2_stack_nonlinear_T32_s9401103,8,block,block,4,2,stack_nonlinear,32,9401103,208,16,3328,32,1664,1664,1664,1664,16,16,16
n8_block4_d2_stack_nonlinear_T32_s9401104,8,block,block,4,2,stack_nonlinear,32,9401104,208,16,3328,1,720,720,720,720,16,16,16
n8_block4_d2_stack_nonlinear_T32_s9401104,8,block,block,4,2,stack_nonlinear,32,9401104,208,16,3328,2,1472,1472,1472,1472,16,16,16
n8_block4_d2_stack_nonlinear_T32_s9401104,8,block,block,4,2,stack_nonlinear,32,9401104,208,16,3328,4,1664,1664,1664,1664,16,16,16
n8_block4_d2_stack_nonlinear_T32_s9401104,8,block,block,4,2,stack_nonlinear,32,9401104,208,16,3328,8,1664,1664,1664,1664,16,16,16
n8_block4_d2_stack_nonlinear_T32_s9401104,8,block,block,4,2,stack_nonlinear,32,9401104,208,16,3328,16,1664,1664,1664,1664,16,16,16
n8_block4_d2_stack_nonlinear_T32_s9401104,8,block,block,4,2,stack_nonlinear,32,9401104,208,16,3328,32,1664,1664,1664,1664,16,16,16
n8_block4_d2_stack_nonlinear_T128_s9401100,8,block,block,4,2,stack_nonlinear,128,9401100,208,16,3328,1,720,720,720,720,16,16,16
n8_block4_d2_stack_nonlinear_T128_s9401100,8,block,block,4,2,stack_nonlinear,128,9401100,208,16,3328,2,1472,1472,1472,1472,16,16,16
n8_block4_d2_stack_nonlinear_T128_s9401100,8,block,block,4,2,stack_nonlinear,128,9401100,208,16,3328,4,1664,1664,1664,1664,16,16,16
n8_block4_d2_stack_nonlinear_T128_s9401100,8,block,block,4,2,stack_nonlinear,128,9401100,208,16,3328,8,1664,1664,1664,1664,16,16,16
n8_block4_d2_stack_nonlinear_T128_s9401100,8,block,block,4,2,stack_nonlinear,128,9401100,208,16,3328,16,1664,1664,1664,1664,16,16,16
n8_block4_d2_stack_nonlinear_T128_s9401100,8,block,block,4,2,stack_nonlinear,128,9401100,208,16,3328,32,1664,1664,1664,1664,16,16,16
n8_block4_d2_stack_nonlinear_T128_s9401100,8,block,block,4,2,stack_nonlinear,128,9401100,208,16,3328,64,1664,1664,1664,1664,16,16,16
n8_block4_d2_stack_nonlinear_T128_s9401100,8,block,block,4,2,stack_nonlinear,128,9401100,208,16,3328,128,1664,1664,1664,1664,16,16,16
n8_block4_d2_stack_nonlinear_T128_s9401101,8,block,block,4,2,stack_nonlinear,128,9401101,208,16,3328,1,720,720,720,720,16,16,16
n8_block4_d2_stack_nonlinear_T128_s9401101,8,block,block,4,2,stack_nonlinear,128,9401101,208,16,3328,2,1472,1472,1472,1472,16,16,16
n8_block4_d2_stack_nonlinear_T128_s9401101,8,block,block,4,2,stack_nonlinear,128,9401101,208,16,3328,4,1664,1664,1664,1664,16,16,16
n8_block4_d2_stack_nonlinear_T128_s9401101,8,block,block,4,2,stack_nonlinear,128,9401101,208,16,3328,8,1664,1664,1664,1664,16,16,16
n8_block4_d2_stack_nonlinear_T128_s9401101,8,block,block,4,2,stack_nonlinear,128,9401101,208,16,3328,16,1664,1664,1664,1664,16,16,16
n8_block4_d2_stack_nonlinear_T128_s9401101,8,block,block,4,2,stack_nonlinear,128,9401101,208,16,3328,32,1664,1664,1664,1664,16,16,16
n8_block4_d2_stack_nonlinear_T128_s9401101,8,block,block,4,2,stack_nonlinear,128,9401101,208,16,3328,64,1664,1664,1664,1664,16,16,16
n8_block4_d2_stack_nonlinear_T128_s9401101,8,block,block,4,2,stack_nonlinear,128,9401101,208,16,3328,128,1664,1664,1664,1664,16,16,16
n8_block4_d2_stack_nonlinear_T128_s9401102,8,block,block,4,2,stack_nonlinear,128,9401102,208,16,3328,1,720,720,720,720,16,16,16
n8_block4_d2_stack_nonlinear_T128_s9401102,8,block,block,4,2,stack_nonlinear,128,9401102,208,16,3328,2,1472,1472,1472,1472,16,16,16
n8_block4_d2_stack_nonlinear_T128_s9401102,8,block,block,4,2,stack_nonlinear,128,9401102,208,16,3328,4,1664,1664,1664,1664,16,16,16
n8_block4_d2_stack_nonlinear_T128_s9401102,8,block,block,4,2,stack_nonlinear,128,9401102,208,16,3328,8,1664,1664,1664,1664,16,16,16
n8_block4_d2_stack_nonlinear_T128_s9401102,8,block,block,4,2,stack_nonlinear,128,9401102,208,16,3328,16,1664,1664,1664,1664,16,16,16
n8_block4_d2_stack_nonlinear_T128_s9401102,8,block,block,4,2,stack_nonlinear,128,9401102,208,16,3328,32,1664,1664,1664,1664,16,16,16
n8_block4_d2_stack_nonlinear_T128_s9401102,8,block,block,4,2,stack_nonlinear,128,9401102,208,16,3328,64,1664,1664,1664,1664,16,16,16
n8_block4_d2_stack_nonlinear_T128_s9401102,8,block,block,4,2,stack_nonlinear,128,9401102,208,16,3328,128,1664,1664,1664,1664,16,16,16
n8_block4_d2_stack_nonlinear_T128_s9401103,8,block,block,4,2,stack_nonlinear,128,9401103,208,16,3328,1,720,720,720,720,16,16,16
n8_block4_d2_stack_nonlinear_T128_s9401103,8,block,block,4,2,stack_nonlinear,128,9401103,208,16,3328,2,1472,1472,1472,1472,16,16,16
n8_block4_d2_stack_nonlinear_T128_s9401103,8,block,block,4,2,stack_nonlinear,128,9401103,208,16,3328,4,1664,1664,1664,1664,16,16,16
n8_block4_d2_stack_nonlinear_T128_s9401103,8,block,block,4,2,stack_nonlinear,128,9401103,208,16,3328,8,1664,1664,1664,1664,16,16,16
n8_block4_d2_stack_nonlinear_T128_s9401103,8,block,block,4,2,stack_nonlinear,128,9401103,208,16,3328,16,1664,1664,1664,1664,16,16,16
n8_block4_d2_stack_nonlinear_T128_s9401103,8,block,block,4,2,stack_nonlinear,128,9401103,208,16,3328,32,1664,1664,1664,1664,16,16,16
n8_block4_d2_stack_nonlinear_T128_s9401103,8,block,block,4,2,stack_nonlinear,128,9401103,208,16,3328,64,1664,1664,1664,1664,16,16,16
n8_block4_d2_stack_nonlinear_T128_s9401103,8,block,block,4,2,stack_nonlinear,128,9401103,208,16,3328,128,1664,1664,1664,1664,16,16,16
n8_block4_d2_stack_nonlinear_T128_s9401104,8,block,block,4,2,stack_nonlinear,128,9401104,208,16,3328,1,720,720,720,720,16,16,16
n8_block4_d2_stack_nonlinear_T128_s9401104,8,block,block,4,2,stack_nonlinear,128,9401104,208,16,3328,2,1472,1472,1472,1472,16,16,16
n8_block4_d2_stack_nonlinear_T128_s9401104,8,block,block,4,2,stack_nonlinear,128,9401104,208,16,3328,4,1664,1664,1664,1664,16,16,16
n8_block4_d2_stack_nonlinear_T128_s9401104,8,block,block,4,2,stack_nonlinear,128,9401104,208,16,3328,8,1664,1664,1664,1664,16,16,16
n8_block4_d2_stack_nonlinear_T128_s9401104,8,block,block,4,2,stack_nonlinear,128,9401104,208,16,3328,16,1664,1664,1664,1664,16,16,16
n8_block4_d2_stack_nonlinear_T128_s9401104,8,block,block,4,2,stack_nonlinear,128,9401104,208,16,3328,32,1664,1664,1664,1664,16,16,16
n8_block4_d2_stack_nonlinear_T128_s9401104,8,block,block,4,2,stack_nonlinear,128,9401104,208,16,3328,64,1664,1664,1664,1664,16,16,16
n8_block4_d2_stack_nonlinear_T128_s9401104,8,block,block,4,2,stack_nonlinear,128,9401104,208,16,3328,128,1664,1664,1664,1664,16,16,16
n8_block4_d3_stack_nonlinear_T32_s9401100,8,block,block,4,3,stack_nonlinear,32,9401100,312,24,7488,1,1944,1944,1944,1944,24,24,24
n8_block4_d3_stack_nonlinear_T32_s9401100,8,block,block,4,3,stack_nonlinear,32,9401100,312,24,7488,2,3456,3456,3456,3456,24,24,24
n8_block4_d3_stack_nonlinear_T32_s9401100,8,block,block,4,3,stack_nonlinear,32,9401100,312,24,7488,4,3744,3744,3744,3744,24,24,24
n8_block4_d3_stack_nonlinear_T32_s9401100,8,block,block,4,3,stack_nonlinear,32,9401100,312,24,7488,8,3744,3744,3744,3744,24,24,24
n8_block4_d3_stack_nonlinear_T32_s9401100,8,block,block,4,3,stack_nonlinear,32,9401100,312,24,7488,16,3744,3744,3744,3744,24,24,24
n8_block4_d3_stack_nonlinear_T32_s9401100,8,block,block,4,3,stack_nonlinear,32,9401100,312,24,7488,32,3744,3744,3744,3744,24,24,24
n8_block4_d3_stack_nonlinear_T32_s9401101,8,block,block,4,3,stack_nonlinear,32,9401101,312,24,7488,1,1944,1944,1944,1944,24,24,24
n8_block4_d3_stack_nonlinear_T32_s9401101,8,block,block,4,3,stack_nonlinear,32,9401101,312,24,7488,2,3456,3456,3456,3456,24,24,24
n8_block4_d3_stack_nonlinear_T32_s9401101,8,block,block,4,3,stack_nonlinear,32,9401101,312,24,7488,4,3744,3744,3744,3744,24,24,24
n8_block4_d3_stack_nonlinear_T32_s9401101,8,block,block,4,3,stack_nonlinear,32,9401101,312,24,7488,8,3744,3744,3744,3744,24,24,24
n8_block4_d3_stack_nonlinear_T32_s9401101,8,block,block,4,3,stack_nonlinear,32,9401101,312,24,7488,16,3744,3744,3744,3744,24,24,24
n8_block4_d3_stack_nonlinear_T32_s9401101,8,block,block,4,3,stack_nonlinear,32,9401101,312,24,7488,32,3744,3744,3744,3744,24,24,24
n8_block4_d3_stack_nonlinear_T32_s9401102,8,block,block,4,3,stack_nonlinear,32,9401102,312,24,7488,1,1944,1944,1944,1944,24,24,24
n8_block4_d3_stack_nonlinear_T32_s9401102,8,block,block,4,3,stack_nonlinear,32,9401102,312,24,7488,2,3456,3456,3456,3456,24,24,24
n8_block4_d3_stack_nonlinear_T32_s9401102,8,block,block,4,3,stack_nonlinear,32,9401102,312,24,7488,4,3744,3744,3744,3744,24,24,24
n8_block4_d3_stack_nonlinear_T32_s9401102,8,block,block,4,3,stack_nonlinear,32,9401102,312,24,7488,8,3744,3744,3744,3744,24,24,24
n8_block4_d3_stack_nonlinear_T32_s9401102,8,block,block,4,3,stack_nonlinear,32,9401102,312,24,7488,16,3744,3744,3744,3744,24,24,24
n8_block4_d3_stack_nonlinear_T32_s9401102,8,block,block,4,3,stack_nonlinear,32,9401102,312,24,7488,32,3744,3744,3744,3744,24,24,24
n8_block4_d3_stack_nonlinear_T32_s9401103,8,block,block,4,3,stack_nonlinear,32,9401103,312,24,7488,1,1944,1944,1944,1944,24,24,24
n8_block4_d3_stack_nonlinear_T32_s9401103,8,block,block,4,3,stack_nonlinear,32,9401103,312,24,7488,2,3456,3456,3456,3456,24,24,24
n8_block4_d3_stack_nonlinear_T32_s9401103,8,block,block,4,3,stack_nonlinear,32,9401103,312,24,7488,4,3744,3744,3744,3744,24,24,24
n8_block4_d3_stack_nonlinear_T32_s9401103,8,block,block,4,3,stack_nonlinear,32,9401103,312,24,7488,8,3744,3744,3744,3744,24,24,24
n8_block4_d3_stack_nonlinear_T32_s9401103,8,block,block,4,3,stack_nonlinear,32,9401103,312,24,7488,16,3744,3744,3744,3744,24,24,24
n8_block4_d3_stack_nonlinear_T32_s9401103,8,block,block,4,3,stack_nonlinear,32,9401103,312,24,7488,32,3744,3744,3744,3744,24,24,24
n8_block4_d3_stack_nonlinear_T32_s9401104,8,block,block,4,3,stack_nonlinear,32,9401104,312,24,7488,1,1944,1944,1944,1944,24,24,24
n8_block4_d3_stack_nonlinear_T32_s9401104,8,block,block,4,3,stack_nonlinear,32,9401104,312,24,7488,2,3456,3456,3456,3456,24,24,24
n8_block4_d3_stack_nonlinear_T32_s9401104,8,block,block,4,3,stack_nonlinear,32,9401104,312,24,7488,4,3744,3744,3744,3744,24,24,24
n8_block4_d3_stack_nonlinear_T32_s9401104,8,block,block,4,3,stack_nonlinear,32,9401104,312,24,7488,8,3744,3744,3744,3744,24,24,24
n8_block4_d3_stack_nonlinear_T32_s9401104,8,block,block,4,3,stack_nonlinear,32,9401104,312,24,7488,16,3744,3744,3744,3744,24,24,24
n8_block4_d3_stack_nonlinear_T32_s9401104,8,block,block,4,3,stack_nonlinear,32,9401104,312,24,7488,32,3744,3744,3744,3744,24,24,24
n8_block4_d3_stack_nonlinear_T128_s9401100,8,block,block,4,3,stack_nonlinear,128,9401100,312,24,7488,1,1944,1944,1944,1944,24,24,24
n8_block4_d3_stack_nonlinear_T128_s9401100,8,block,block,4,3,stack_nonlinear,128,9401100,312,24,7488,2,3456,3456,3456,3456,24,24,24
n8_block4_d3_stack_nonlinear_T128_s9401100,8,block,block,4,3,stack_nonlinear,128,9401100,312,24,7488,4,3744,3744,3744,3744,24,24,24
n8_block4_d3_stack_nonlinear_T128_s9401100,8,block,block,4,3,stack_nonlinear,128,9401100,312,24,7488,8,3744,3744,3744,3744,24,24,24
n8_block4_d3_stack_nonlinear_T128_s9401100,8,block,block,4,3,stack_nonlinear,128,9401100,312,24,7488,16,3744,3744,3744,3744,24,24,24
n8_block4_d3_stack_nonlinear_T128_s9401100,8,block,block,4,3,stack_nonlinear,128,9401100,312,24,7488,32,3744,3744,3744,3744,24,24,24
n8_block4_d3_stack_nonlinear_T128_s9401100,8,block,block,4,3,stack_nonlinear,128,9401100,312,24,7488,64,3744,3744,3744,3744,24,24,24
n8_block4_d3_stack_nonlinear_T128_s9401100,8,block,block,4,3,stack_nonlinear,128,9401100,312,24,7488,128,3744,3744,3744,3744,24,24,24
n8_block4_d3_stack_nonlinear_T128_s9401101,8,block,block,4,3,stack_nonlinear,128,9401101,312,24,7488,1,1944,1944,1944,1944,24,24,24
n8_block4_d3_stack_nonlinear_T128_s9401101,8,block,block,4,3,stack_nonlinear,128,9401101,312,24,7488,2,3456,3456,3456,3456,24,24,24
n8_block4_d3_stack_nonlinear_T128_s9401101,8,block,block,4,3,stack_nonlinear,128,9401101,312,24,7488,4,3744,3744,3744,3744,24,24,24
n8_block4_d3_stack_nonlinear_T128_s9401101,8,block,block,4,3,stack_nonlinear,128,9401101,312,24,7488,8,3744,3744,3744,3744,24,24,24
n8_block4_d3_stack_nonlinear_T128_s9401101,8,block,block,4,3,stack_nonlinear,128,9401101,312,24,7488,16,3744,3744,3744,3744,24,24,24
n8_block4_d3_stack_nonlinear_T128_s9401101,8,block,block,4,3,stack_nonlinear,128,9401101,312,24,7488,32,3744,3744,3744,3744,24,24,24
n8_block4_d3_stack_nonlinear_T128_s9401101,8,block,block,4,3,stack_nonlinear,128,9401101,312,24,7488,64,3744,3744,3744,3744,24,24,24
n8_block4_d3_stack_nonlinear_T128_s9401101,8,block,block,4,3,stack_nonlinear,128,9401101,312,24,7488,128,3744,3744,3744,3744,24,24,24
n8_block4_d3_stack_nonlinear_T128_s9401102,8,block,block,4,3,stack_nonlinear,128,9401102,312,24,7488,1,1944,1944,1944,1944,24,24,24
n8_block4_d3_stack_nonlinear_T128_s9401102,8,block,block,4,3,stack_nonlinear,128,9401102,312,24,7488,2,3456,3456,3456,3456,24,24,24
n8_block4_d3_stack_nonlinear_T128_s9401102,8,block,block,4,3,stack_nonlinear,128,9401102,312,24,7488,4,3744,3744,3744,3744,24,24,24
n8_block4_d3_stack_nonlinear_T128_s9401102,8,block,block,4,3,stack_nonlinear,128,9401102,312,24,7488,8,3744,3744,3744,3744,24,24,24
n8_block4_d3_stack_nonlinear_T128_s9401102,8,block,block,4,3,stack_nonlinear,128,9401102,312,24,7488,16,3744,3744,3744,3744,24,24,24
n8_block4_d3_stack_nonlinear_T128_s9401102,8,block,block,4,3,stack_nonlinear,128,9401102,312,24,7488,32,3744,3744,3744,3744,24,24,24
n8_block4_d3_stack_nonlinear_T128_s9401102,8,block,block,4,3,stack_nonlinear,128,9401102,312,24,7488,64,3744,3744,3744,3744,24,24,24
n8_block4_d3_stack_nonlinear_T128_s9401102,8,block,block,4,3,stack_nonlinear,128,9401102,312,24,7488,128,3744,3744,3744,3744,24,24,24
n8_block4_d3_stack_nonlinear_T128_s9401103,8,block,block,4,3,stack_nonlinear,128,9401103,312,24,7488,1,1944,1944,1944,1944,24,24,24
n8_block4_d3_stack_nonlinear_T128_s9401103,8,block,block,4,3,stack_nonlinear,128,9401103,312,24,7488,2,3456,3456,3456,3456,24,24,24
n8_block4_d3_stack_nonlinear_T128_s9401103,8,block,block,4,3,stack_nonlinear,128,9401103,312,24,7488,4,3744,3744,3744,3744,24,24,24
n8_block4_d3_stack_nonlinear_T128_s9401103,8,block,block,4,3,stack_nonlinear,128,9401103,312,24,7488,8,3744,3744,3744,3744,24,24,24
n8_block4_d3_stack_nonlinear_T128_s9401103,8,block,block,4,3,stack_nonlinear,128,9401103,312,24,7488,16,3744,3744,3744,3744,24,24,24
n8_block4_d3_stack_nonlinear_T128_s9401103,8,block,block,4,3,stack_nonlinear,128,9401103,312,24,7488,32,3744,3744,3744,3744,24,24,24
n8_block4_d3_stack_nonlinear_T128_s9401103,8,block,block,4,3,stack_nonlinear,128,9401103,312,24,7488,64,3744,3744,3744,3744,24,24,24
n8_block4_d3_stack_nonlinear_T128_s9401103,8,block,block,4,3,stack_nonlinear,128,9401103,312,24,7488,128,3744,3744,3744,3744,24,24,24
n8_block4_d3_stack_nonlinear_T128_s9401104,8,block,block,4,3,stack_nonlinear,128,9401104,312,24,7488,1,1944,1944,1944,1944,24,24,24
n8_block4_d3_stack_nonlinear_T128_s9401104,8,block,block,4,3,stack_nonlinear,128,9401104,312,24,7488,2,3456,3456,3456,3456,24,24,24
n8_block4_d3_stack_nonlinear_T128_s9401104,8,block,block,4,3,stack_nonlinear,128,9401104,312,24,7488,4,3744,3744,3744,3744,24,24,24
n8_block4_d3_stack_nonlinear_T128_s9401104,8,block,block,4,3,stack_nonlinear,128,9401104,312,24,7488,8,3744,3744,3744,3744,24,24,24
n8_block4_d3_stack_nonlinear_T128_s9401104,8,block,block,4,3,stack_nonlinear,128,9401104,312,24,7488,16,3744,3744,3744,3744,24,24,24
n8_block4_d3_stack_nonlinear_T128_s9401104,8,block,block,4,3,stack_nonlinear,128,9401104,312,24,7488,32,3744,3744,3744,3744,24,24,24
n8_block4_d3_stack_nonlinear_T128_s9401104,8,block,block,4,3,stack_nonlinear,128,9401104,312,24,7488,64,3744,3744,3744,3744,24,24,24
n8_block4_d3_stack_nonlinear_T128_s9401104,8,block,block,4,3,stack_nonlinear,128,9401104,312,24,7488,128,3744,3744,3744,3744,24,24,24
n8_block8_d1_stack_nonlinear_T32_s9401100,8,block,block,8,1,stack_nonlinear,32,9401100,136,8,1088,1,72,72,72,72,8,8,8
n8_block8_d1_stack_nonlinear_T32_s9401100,8,block,block,8,1,stack_nonlinear,32,9401100,136,8,1088,2,640,640,640,640,8,8,8
n8_block8_d1_stack_nonlinear_T32_s9401100,8,block,block,8,1,stack_nonlinear,32,9401100,136,8,1088,4,1088,1088,1088,1088,8,8,8
n8_block8_d1_stack_nonlinear_T32_s9401100,8,block,block,8,1,stack_nonlinear,32,9401100,136,8,1088,8,1088,1088,1088,1088,8,8,8
n8_block8_d1_stack_nonlinear_T32_s9401100,8,block,block,8,1,stack_nonlinear,32,9401100,136,8,1088,16,1088,1088,1088,1088,8,8,8
n8_block8_d1_stack_nonlinear_T32_s9401100,8,block,block,8,1,stack_nonlinear,32,9401100,136,8,1088,32,1088,1088,1088,1088,8,8,8
n8_block8_d1_stack_nonlinear_T32_s9401101,8,block,block,8,1,stack_nonlinear,32,9401101,136,8,1088,1,72,72,72,72,8,8,8
n8_block8_d1_stack_nonlinear_T32_s9401101,8,block,block,8,1,stack_nonlinear,32,9401101,136,8,1088,2,640,640,640,640,8,8,8
n8_block8_d1_stack_nonlinear_T32_s9401101,8,block,block,8,1,stack_nonlinear,32,9401101,136,8,1088,4,1088,1088,1088,1088,8,8,8
n8_block8_d1_stack_nonlinear_T32_s9401101,8,block,block,8,1,stack_nonlinear,32,9401101,136,8,1088,8,1088,1088,1088,1088,8,8,8
n8_block8_d1_stack_nonlinear_T32_s9401101,8,block,block,8,1,stack_nonlinear,32,9401101,136,8,1088,16,1088,1088,1088,1088,8,8,8
n8_block8_d1_stack_nonlinear_T32_s9401101,8,block,block,8,1,stack_nonlinear,32,9401101,136,8,1088,32,1088,1088,1088,1088,8,8,8
n8_block8_d1_stack_nonlinear_T32_s9401102,8,block,block,8,1,stack_nonlinear,32,9401102,136,8,1088,1,72,72,72,72,8,8,8
n8_block8_d1_stack_nonlinear_T32_s9401102,8,block,block,8,1,stack_nonlinear,32,9401102,136,8,1088,2,640,640,640,640,8,8,8
n8_block8_d1_stack_nonlinear_T32_s9401102,8,block,block,8,1,stack_nonlinear,32,9401102,136,8,1088,4,1088,1088,1088,1088,8,8,8
n8_block8_d1_stack_nonlinear_T32_s9401102,8,block,block,8,1,stack_nonlinear,32,9401102,136,8,1088,8,1088,1088,1088,1088,8,8,8
n8_block8_d1_stack_nonlinear_T32_s9401102,8,block,block,8,1,stack_nonlinear,32,9401102,136,8,1088,16,1088,1088,1088,1088,8,8,8
n8_block8_d1_stack_nonlinear_T32_s9401102,8,block,block,8,1,stack_nonlinear,32,9401102,136,8,1088,32,1088,1088,1088,1088,8,8,8
n8_block8_d1_stack_nonlinear_T32_s9401103,8,block,block,8,1,stack_nonlinear,32,9401103,136,8,1088,1,72,72,72,72,8,8,8
n8_block8_d1_stack_nonlinear_T32_s9401103,8,block,block,8,1,stack_nonlinear,32,9401103,136,8,1088,2,640,640,640,640,8,8,8
n8_block8_d1_stack_nonlinear_T32_s9401103,8,block,block,8,1,stack_nonlinear,32,9401103,136,8,1088,4,1088,1088,1088,1088,8,8,8
n8_block8_d1_stack_nonlinear_T32_s9401103,8,block,block,8,1,stack_nonlinear,32,9401103,136,8,1088,8,1088,1088,1088,1088,8,8,8
n8_block8_d1_stack_nonlinear_T32_s9401103,8,block,block,8,1,stack_nonlinear,32,9401103,136,8,1088,16,1088,1088,1088,1088,8,8,8
n8_block8_d1_stack_nonlinear_T32_s9401103,8,block,block,8,1,stack_nonlinear,32,9401103,136,8,1088,32,1088,1088,1088,1088,8,8,8
n8_block8_d1_stack_nonlinear_T32_s9401104,8,block,block,8,1,stack_nonlinear,32,9401104,136,8,1088,1,72,72,72,72,8,8,8
n8_block8_d1_stack_nonlinear_T32_s9401104,8,block,block,8,1,stack_nonlinear,32,9401104,136,8,1088,2,640,640,640,640,8,8,8
n8_block8_d1_stack_nonlinear_T32_s9401104,8,block,block,8,1,stack_nonlinear,32,9401104,136,8,1088,4,1088,1088,1088,1088,8,8,8
n8_block8_d1_stack_nonlinear_T32_s9401104,8,block,block,8,1,stack_nonlinear,32,9401104,136,8,1088,8,1088,1088,1088,1088,8,8,8
n8_block8_d1_stack_nonlinear_T32_s9401104,8,block,block,8,1,stack_nonlinear,32,9401104,136,8,1088,16,1088,1088,1088,1088,8,8,8
n8_block8_d1_stack_nonlinear_T32_s9401104,8,block,block,8,1,stack_nonlinear,32,9401104,136,8,1088,32,1088,1088,1088,1088,8,8,8
n8_block8_d1_stack_nonlinear_T128_s9401100,8,block,block,8,1,stack_nonlinear,128,9401100,136,8,1088,1,72,72,72,72,8,8,8
n8_block8_d1_stack_nonlinear_T128_s9401100,8,block,block,8,1,stack_nonlinear,128,9401100,136,8,1088,2,640,640,640,640,8,8,8
n8_block8_d1_stack_nonlinear_T128_s9401100,8,block,block,8,1,stack_nonlinear,128,9401100,136,8,1088,4,1088,1088,1088,1088,8,8,8
n8_block8_d1_stack_nonlinear_T128_s9401100,8,block,block,8,1,stack_nonlinear,128,9401100,136,8,1088,8,1088,1088,1088,1088,8,8,8
n8_block8_d1_stack_nonlinear_T128_s9401100,8,block,block,8,1,stack_nonlinear,128,9401100,136,8,1088,16,1088,1088,1088,1088,8,8,8
n8_block8_d1_stack_nonlinear_T128_s9401100,8,block,block,8,1,stack_nonlinear,128,9401100,136,8,1088,32,1088,1088,1088,1088,8,8,8
n8_block8_d1_stack_nonlinear_T128_s9401100,8,block,block,8,1,stack_nonlinear,128,9401100,136,8,1088,64,1088,1088,1088,1088,8,8,8
n8_block8_d1_stack_nonlinear_T128_s9401100,8,block,block,8,1,stack_nonlinear,128,9401100,136,8,1088,128,1088,1088,1088,1088,8,8,8
n8_block8_d1_stack_nonlinear_T128_s9401101,8,block,block,8,1,stack_nonlinear,128,9401101,136,8,1088,1,72,72,72,72,8,8,8
n8_block8_d1_stack_nonlinear_T128_s9401101,8,block,block,8,1,stack_nonlinear,128,9401101,136,8,1088,2,640,640,640,640,8,8,8
n8_block8_d1_stack_nonlinear_T128_s9401101,8,block,block,8,1,stack_nonlinear,128,9401101,136,8,1088,4,1088,1088,1088,1088,8,8,8
n8_block8_d1_stack_nonlinear_T128_s9401101,8,block,block,8,1,stack_nonlinear,128,9401101,136,8,1088,8,1088,1088,1088,1088,8,8,8
n8_block8_d1_stack_nonlinear_T128_s9401101,8,block,block,8,1,stack_nonlinear,128,9401101,136,8,1088,16,1088,1088,1088,1088,8,8,8
n8_block8_d1_stack_nonlinear_T128_s9401101,8,block,block,8,1,stack_nonlinear,128,9401101,136,8,1088,32,1088,1088,1088,1088,8,8,8
n8_block8_d1_stack_nonlinear_T128_s9401101,8,block,block,8,1,stack_nonlinear,128,9401101,136,8,1088,64,1088,1088,1088,1088,8,8,8
n8_block8_d1_stack_nonlinear_T128_s9401101,8,block,block,8,1,stack_nonlinear,128,9401101,136,8,1088,128,1088,1088,1088,1088,8,8,8
n8_block8_d1_stack_nonlinear_T128_s9401102,8,block,block,8,1,stack_nonlinear,128,9401102,136,8,1088,1,72,72,72,72,8,8,8
n8_block8_d1_stack_nonlinear_T128_s9401102,8,block,block,8,1,stack_nonlinear,128,9401102,136,8,1088,2,640,640,640,640,8,8,8
n8_block8_d1_stack_nonlinear_T128_s9401102,8,block,block,8,1,stack_nonlinear,128,9401102,136,8,1088,4,1088,1088,1088,1088,8,8,8
n8_block8_d1_stack_nonlinear_T128_s9401102,8,block,block,8,1,stack_nonlinear,128,9401102,136,8,1088,8,1088,1088,1088,1088,8,8,8
n8_block8_d1_stack_nonlinear_T128_s9401102,8,block,block,8,1,stack_nonlinear,128,9401102,136,8,1088,16,1088,1088,1088,1088,8,8,8
n8_block8_d1_stack_nonlinear_T128_s9401102,8,block,block,8,1,stack_nonlinear,128,9401102,136,8,1088,32,1088,1088,1088,1088,8,8,8
n8_block8_d1_stack_nonlinear_T128_s9401102,8,block,block,8,1,stack_nonlinear,128,9401102,136,8,1088,64,1088,1088,1088,1088,8,8,8
n8_block8_d1_stack_nonlinear_T128_s9401102,8,block,block,8,1,stack_nonlinear,128,9401102,136,8,1088,128,1088,1088,1088,1088,8,8,8
n8_block8_d1_stack_nonlinear_T128_s9401103,8,block,block,8,1,stack_nonlinear,128,9401103,136,8,1088,1,72,72,72,72,8,8,8
n8_block8_d1_stack_nonlinear_T128_s9401103,8,block,block,8,1,stack_nonlinear,128,9401103,136,8,1088,2,640,640,640,640,8,8,8
n8_block8_d1_stack_nonlinear_T128_s9401103,8,block,block,8,1,stack_nonlinear,128,9401103,136,8,1088,4,1088,1088,1088,1088,8,8,8
n8_block8_d1_stack_nonlinear_T128_s9401103,8,block,block,8,1,stack_nonlinear,128,9401103,136,8,1088,8,1088,1088,1088,1088,8,8,8
n8_block8_d1_stack_nonlinear_T128_s9401103,8,block,block,8,1,stack_nonlinear,128,9401103,136,8,1088,16,1088,1088,1088,1088,8,8,8
n8_block8_d1_stack_nonlinear_T128_s9401103,8,block,block,8,1,stack_nonlinear,128,9401103,136,8,1088,32,1088,1088,1088,1088,8,8,8
n8_block8_d1_stack_nonlinear_T128_s9401103,8,block,block,8,1,stack_nonlinear,128,9401103,136,8,1088,64,1088,1088,1088,1088,8,8,8
n8_block8_d1_stack_nonlinear_T128_s9401103,8,block,block,8,1,stack_nonlinear,128,9401103,136,8,1088,128,1088,1088,1088,1088,8,8,8
n8_block8_d1_stack_nonlinear_T128_s9401104,8,block,block,8,1,stack_nonlinear,128,9401104,136,8,1088,1,72,72,72,72,8,8,8
n8_block8_d1_stack_nonlinear_T128_s9401104,8,block,block,8,1,stack_nonlinear,128,9401104,136,8,1088,2,640,640,640,640,8,8,8
n8_block8_d1_stack_nonlinear_T128_s9401104,8,block,block,8,1,stack_nonlinear,128,9401104,136,8,1088,4,1088,1088,1088,1088,8,8,8
n8_block8_d1_stack_nonlinear_T128_s9401104,8,block,block,8,1,stack_nonlinear,128,9401104,136,8,1088,8,1088,1088,1088,1088,8,8,8
n8_block8_d1_stack_nonlinear_T128_s9401104,8,block,block,8,1,stack_nonlinear,128,9401104,136,8,1088,16,1088,1088,1088,1088,8,8,8
n8_block8_d1_stack_nonlinear_T128_s9401104,8,block,block,8,1,stack_nonlinear,128,9401104,136,8,1088,32,1088,1088,1088,1088,8,8,8
n8_block8_d1_stack_nonlinear_T128_s9401104,8,block,block,8,1,stack_nonlinear,128,9401104,136,8,1088,64,1088,1088,1088,1088,8,8,8
n8_block8_d1_stack_nonlinear_T128_s9401104,8,block,block,8,1,stack_nonlinear,128,9401104,136,8,1088,128,1088,1088,1088,1088,8,8,8
n8_block8_d2_stack_nonlinear_T32_s9401100,8,block,block,8,2,stack_nonlinear,32,9401100,272,16,4352,1,720,720,720,720,16,16,16
n8_block8_d2_stack_nonlinear_T32_s9401100,8,block,block,8,2,stack_nonlinear,32,9401100,272,16,4352,2,2368,2368,2368,2368,16,16,16
n8_block8_d2_stack_nonlinear_T32_s9401100,8,block,block,8,2,stack_nonlinear,32,9401100,272,16,4352,4,3264,3264,3264,3264,16,16,16
n8_block8_d2_stack_nonlinear_T32_s9401100,8,block,block,8,2,stack_nonlinear,32,9401100,272,16,4352,8,3264,3264,3264,3264,16,16,16
n8_block8_d2_stack_nonlinear_T32_s9401100,8,block,block,8,2,stack_nonlinear,32,9401100,272,16,4352,16,3264,3264,3264,3264,16,16,16
n8_block8_d2_stack_nonlinear_T32_s9401100,8,block,block,8,2,stack_nonlinear,32,9401100,272,16,4352,32,3264,3264,3264,3264,16,16,16
n8_block8_d2_stack_nonlinear_T32_s9401101,8,block,block,8,2,stack_nonlinear,32,9401101,272,16,4352,1,720,720,720,720,16,16,16
n8_block8_d2_stack_nonlinear_T32_s9401101,8,block,block,8,2,stack_nonlinear,32,9401101,272,16,4352,2,2368,2368,2368,2368,16,16,16
n8_block8_d2_stack_nonlinear_T32_s9401101,8,block,block,8,2,stack_nonlinear,32,9401101,272,16,4352,4,3264,3264,3264,3264,16,16,16
n8_block8_d2_stack_nonlinear_T32_s9401101,8,block,block,8,2,stack_nonlinear,32,9401101,272,16,4352,8,3264,3264,3264,3264,16,16,16
n8_block8_d2_stack_nonlinear_T32_s9401101,8,block,block,8,2,stack_nonlinear,32,9401101,272,16,4352,16,3264,3264,3264,3264,16,16,16
n8_block8_d2_stack_nonlinear_T32_s9401101,8,block,block,8,2,stack_nonlinear,32,9401101,272,16,4352,32,3264,3264,3264,3264,16,16,16
n8_block8_d2_stack_nonlinear_T32_s9401102,8,block,block,8,2,stack_nonlinear,32,9401102,272,16,4352,1,720,720,720,720,16,16,16
n8_block8_d2_stack_nonlinear_T32_s9401102,8,block,block,8,2,stack_nonlinear,32,9401102,272,16,4352,2,2368,2368,2368,2368,16,16,16
n8_block8_d2_stack_nonlinear_T32_s9401102,8,block,block,8,2,stack_nonlinear,32,9401102,272,16,4352,4,3264,3264,3264,3264,16,16,16
n8_block8_d2_stack_nonlinear_T32_s9401102,8,block,block,8,2,stack_nonlinear,32,9401102,272,16,4352,8,3264,3264,3264,3264,16,16,16
n8_block8_d2_stack_nonlinear_T32_s9401102,8,block,block,8,2,stack_nonlinear,32,9401102,272,16,4352,16,3264,3264,3264,3264,16,16,16
n8_block8_d2_stack_nonlinear_T32_s9401102,8,block,block,8,2,stack_nonlinear,32,9401102,272,16,4352,32,3264,3264,3264,3264,16,16,16
n8_block8_d2_stack_nonlinear_T32_s9401103,8,block,block,8,2,stack_nonlinear,32,9401103,272,16,4352,1,720,720,720,720,16,16,16
n8_block8_d2_stack_nonlinear_T32_s9401103,8,block,block,8,2,stack_nonlinear,32,9401103,272,16,4352,2,2368,2368,2368,2368,16,16,16
n8_block8_d2_stack_nonlinear_T32_s9401103,8,block,block,8,2,stack_nonlinear,32,9401103,272,16,4352,4,3264,3264,3264,3264,16,16,16
n8_block8_d2_stack_nonlinear_T32_s9401103,8,block,block,8,2,stack_nonlinear,32,9401103,272,16,4352,8,3264,3264,3264,3264,16,16,16
n8_block8_d2_stack_nonlinear_T32_s9401103,8,block,block,8,2,stack_nonlinear,32,9401103,272,16,4352,16,3264,3264,3264,3264,16,16,16
n8_block8_d2_stack_nonlinear_T32_s9401103,8,block,block,8,2,stack_nonlinear,32,9401103,272,16,4352,32,3264,3264,3264,3264,16,16,16
n8_block8_d2_stack_nonlinear_T32_s9401104,8,block,block,8,2,stack_nonlinear,32,9401104,272,16,4352,1,720,720,720,720,16,16,16
n8_block8_d2_stack_nonlinear_T32_s9401104,8,block,block,8,2,stack_nonlinear,32,9401104,272,16,4352,2,2368,2368,2368,2368,16,16,16
n8_block8_d2_stack_nonlinear_T32_s9401104,8,block,block,8,2,stack_nonlinear,32,9401104,272,16,4352,4,3264,3264,3264,3264,16,16,16
n8_block8_d2_stack_nonlinear_T32_s9401104,8,block,block,8,2,stack_nonlinear,32,9401104,272,16,4352,8,3264,3264,3264,3264,16,16,16
n8_block8_d2_stack_nonlinear_T32_s9401104,8,block,block,8,2,stack_nonlinear,32,9401104,272,16,4352,16,3264,3264,3264,3264,16,16,16
n8_block8_d2_stack_nonlinear_T32_s9401104,8,block,block,8,2,stack_nonlinear,32,9401104,272,16,4352,32,3264,3264,3264,3264,16,16,16
n8_block8_d2_stack_nonlinear_T128_s9401100,8,block,block,8,2,stack_nonlinear,128,9401100,272,16,4352,1,720,720,720,720,16,16,16
n8_block8_d2_stack_nonlinear_T128_s9401100,8,block,block,8,2,stack_nonlinear,128,9401100,272,16,4352,2,2368,2368,2368,2368,16,16,16
n8_block8_d2_stack_nonlinear_T128_s9401100,8,block,block,8,2,stack_nonlinear,128,9401100,272,16,4352,4,3264,3264,3264,3264,16,16,16
n8_block8_d2_stack_nonlinear_T128_s9401100,8,block,block,8,2,stack_nonlinear,128,9401100,272,16,4352,8,3264,3264,3264,3264,16,16,16
n8_block8_d2_stack_nonlinear_T128_s9401100,8,block,block,8,2,stack_nonlinear,128,9401100,272,16,4352,16,3264,3264,3264,3264,16,16,16
n8_block8_d2_stack_nonlinear_T128_s9401100,8,block,block,8,2,stack_nonlinear,128,9401100,272,16,4352,32,3264,3264,3264,3264,16,16,16
n8_block8_d2_stack_nonlinear_T128_s9401100,8,block,block,8,2,stack_nonlinear,128,9401100,272,16,4352,64,3264,3264,3264,3264,16,16,16
n8_block8_d2_stack_nonlinear_T128_s9401100,8,block,block,8,2,stack_nonlinear,128,9401100,272,16,4352,128,3264,3264,3264,3264,16,16,16
n8_block8_d2_stack_nonlinear_T128_s9401101,8,block,block,8,2,stack_nonlinear,128,9401101,272,16,4352,1,720,720,720,720,16,16,16
n8_block8_d2_stack_nonlinear_T128_s9401101,8,block,block,8,2,stack_nonlinear,128,9401101,272,16,4352,2,2368,2368,2368,2368,16,16,16
n8_block8_d2_stack_nonlinear_T128_s9401101,8,block,block,8,2,stack_nonlinear,128,9401101,272,16,4352,4,3264,3264,3264,3264,16,16,16
n8_block8_d2_stack_nonlinear_T128_s9401101,8,block,block,8,2,stack_nonlinear,128,9401101,272,16,4352,8,3264,3264,3264,3264,16,16,16
n8_block8_d2_stack_nonlinear_T128_s9401101,8,block,block,8,2,stack_nonlinear,128,9401101,272,16,4352,16,3264,3264,3264,3264,16,16,16
n8_block8_d2_stack_nonlinear_T128_s9401101,8,block,block,8,2,stack_nonlinear,128,9401101,272,16,4352,32,3264,3264,3264,3264,16,16,16
n8_block8_d2_stack_nonlinear_T128_s9401101,8,block,block,8,2,stack_nonlinear,128,9401101,272,16,4352,64,3264,3264,3264,3264,16,16,16
n8_block8_d2_stack_nonlinear_T128_s9401101,8,block,block,8,2,stack_nonlinear,128,9401101,272,16,4352,128,3264,3264,3264,3264,16,16,16
n8_block8_d2_stack_nonlinear_T128_s9401102,8,block,block,8,2,stack_nonlinear,128,9401102,272,16,4352,1,720,720,720,720,16,16,16
n8_block8_d2_stack_nonlinear_T128_s9401102,8,block,block,8,2,stack_nonlinear,128,9401102,272,16,4352,2,2368,2368,2368,2368,16,16,16
n8_block8_d2_stack_nonlinear_T128_s9401102,8,block,block,8,2,stack_nonlinear,128,9401102,272,16,4352,4,3264,3264,3264,3264,16,16,16
n8_block8_d2_stack_nonlinear_T128_s9401102,8,block,block,8,2,stack_nonlinear,128,9401102,272,16,4352,8,3264,3264,3264,3264,16,16,16
n8_block8_d2_stack_nonlinear_T128_s9401102,8,block,block,8,2,stack_nonlinear,128,9401102,272,16,4352,16,3264,3264,3264,3264,16,16,16
n8_block8_d2_stack_nonlinear_T128_s9401102,8,block,block,8,2,stack_nonlinear,128,9401102,272,16,4352,32,3264,3264,3264,3264,16,16,16
n8_block8_d2_stack_nonlinear_T128_s9401102,8,block,block,8,2,stack_nonlinear,128,9401102,272,16,4352,64,3264,3264,3264,3264,16,16,16
n8_block8_d2_stack_nonlinear_T128_s9401102,8,block,block,8,2,stack_nonlinear,128,9401102,272,16,4352,128,3264,3264,3264,3264,16,16,16
n8_block8_d2_stack_nonlinear_T128_s9401103,8,block,block,8,2,stack_nonlinear,128,9401103,272,16,4352,1,720,720,720,720,16,16,16
n8_block8_d2_stack_nonlinear_T128_s9401103,8,block,block,8,2,stack_nonlinear,128,9401103,272,16,4352,2,2368,2368,2368,2368,16,16,16
n8_block8_d2_stack_nonlinear_T128_s9401103,8,block,block,8,2,stack_nonlinear,128,9401103,272,16,4352,4,3264,3264,3264,3264,16,16,16
n8_block8_d2_stack_nonlinear_T128_s9401103,8,block,block,8,2,stack_nonlinear,128,9401103,272,16,4352,8,3264,3264,3264,3264,16,16,16
n8_block8_d2_stack_nonlinear_T128_s9401103,8,block,block,8,2,stack_nonlinear,128,9401103,272,16,4352,16,3264,3264,3264,3264,16,16,16
n8_block8_d2_stack_nonlinear_T128_s9401103,8,block,block,8,2,stack_nonlinear,128,9401103,272,16,4352,32,3264,3264,3264,3264,16,16,16
n8_block8_d2_stack_nonlinear_T128_s9401103,8,block,block,8,2,stack_nonlinear,128,9401103,272,16,4352,64,3264,3264,3264,3264,16,16,16
n8_block8_d2_stack_nonlinear_T128_s9401103,8,block,block,8,2,stack_nonlinear,128,9401103,272,16,4352,128,3264,3264,3264,3264,16,16,16
n8_block8_d2_stack_nonlinear_T128_s9401104,8,block,block,8,2,stack_nonlinear,128,9401104,272,16,4352,1,720,720,720,720,16,16,16
n8_block8_d2_stack_nonlinear_T128_s9401104,8,block,block,8,2,stack_nonlinear,128,9401104,272,16,4352,2,2368,2368,2368,2368,16,16,16
n8_block8_d2_stack_nonlinear_T128_s9401104,8,block,block,8,2,stack_nonlinear,128,9401104,272,16,4352,4,3264,3264,3264,3264,16,16,16
n8_block8_d2_stack_nonlinear_T128_s9401104,8,block,block,8,2,stack_nonlinear,128,9401104,272,16,4352,8,3264,3264,3264,3264,16,16,16
n8_block8_d2_stack_nonlinear_T128_s9401104,8,block,block,8,2,stack_nonlinear,128,9401104,272,16,4352,16,3264,3264,3264,3264,16,16,16
n8_block8_d2_stack_nonlinear_T128_s9401104,8,block,block,8,2,stack_nonlinear,128,9401104,272,16,4352,32,3264,3264,3264,3264,16,16,16
n8_block8_d2_stack_nonlinear_T128_s9401104,8,block,block,8,2,stack_nonlinear,128,9401104,272,16,4352,64,3264,3264,3264,3264,16,16,16
n8_block8_d2_stack_nonlinear_T128_s9401104,8,block,block,8,2,stack_nonlinear,128,9401104,272,16,4352,128,3264,3264,3264,3264,16,16,16
n8_block8_d3_stack_nonlinear_T32_s9401100,8,block,block,8,3,stack_nonlinear,32,9401100,408,24,9792,1,1944,1944,1944,1944,24,24,24
n8_block8_d3_stack_nonlinear_T32_s9401100,8,block,block,8,3,stack_nonlinear,32,9401100,408,24,9792,2,5184,5184,5184,5184,24,24,24
n8_block8_d3_stack_nonlinear_T32_s9401100,8,block,block,8,3,stack_nonlinear,32,9401100,408,24,9792,4,6528,6528,6528,6528,24,24,24
n8_block8_d3_stack_nonlinear_T32_s9401100,8,block,block,8,3,stack_nonlinear,32,9401100,408,24,9792,8,6528,6528,6528,6528,24,24,24
n8_block8_d3_stack_nonlinear_T32_s9401100,8,block,block,8,3,stack_nonlinear,32,9401100,408,24,9792,16,6528,6528,6528,6528,24,24,24
n8_block8_d3_stack_nonlinear_T32_s9401100,8,block,block,8,3,stack_nonlinear,32,9401100,408,24,9792,32,6528,6528,6528,6528,24,24,24
n8_block8_d3_stack_nonlinear_T32_s9401101,8,block,block,8,3,stack_nonlinear,32,9401101,408,24,9792,1,1944,1944,1944,1944,24,24,24
n8_block8_d3_stack_nonlinear_T32_s9401101,8,block,block,8,3,stack_nonlinear,32,9401101,408,24,9792,2,5184,5184,5184,5184,24,24,24
n8_block8_d3_stack_nonlinear_T32_s9401101,8,block,block,8,3,stack_nonlinear,32,9401101,408,24,9792,4,6528,6528,6528,6528,24,24,24
n8_block8_d3_stack_nonlinear_T32_s9401101,8,block,block,8,3,stack_nonlinear,32,9401101,408,24,9792,8,6528,6528,6528,6528,24,24,24
n8_block8_d3_stack_nonlinear_T32_s9401101,8,block,block,8,3,stack_nonlinear,32,9401101,408,24,9792,16,6528,6528,6528,6528,24,24,24
n8_block8_d3_stack_nonlinear_T32_s9401101,8,block,block,8,3,stack_nonlinear,32,9401101,408,24,9792,32,6528,6528,6528,6528,24,24,24
n8_block8_d3_stack_nonlinear_T32_s9401102,8,block,block,8,3,stack_nonlinear,32,9401102,408,24,9792,1,1944,1944,1944,1944,24,24,24
n8_block8_d3_stack_nonlinear_T32_s9401102,8,block,block,8,3,stack_nonlinear,32,9401102,408,24,9792,2,5184,5184,5184,5184,24,24,24
n8_block8_d3_stack_nonlinear_T32_s9401102,8,block,block,8,3,stack_nonlinear,32,9401102,408,24,9792,4,6528,6528,6528,6528,24,24,24
n8_block8_d3_stack_nonlinear_T32_s9401102,8,block,block,8,3,stack_nonlinear,32,9401102,408,24,9792,8,6528,6528,6528,6528,24,24,24
n8_block8_d3_stack_nonlinear_T32_s9401102,8,block,block,8,3,stack_nonlinear,32,9401102,408,24,9792,16,6528,6528,6528,6528,24,24,24
n8_block8_d3_stack_nonlinear_T32_s9401102,8,block,block,8,3,stack_nonlinear,32,9401102,408,24,9792,32,6528,6528,6528,6528,24,24,24
n8_block8_d3_stack_nonlinear_T32_s9401103,8,block,block,8,3,stack_nonlinear,32,9401103,408,24,9792,1,1944,1944,1944,1944,24,24,24
n8_block8_d3_stack_nonlinear_T32_s9401103,8,block,block,8,3,stack_nonlinear,32,9401103,408,24,9792,2,5184,5184,5184,5184,24,24,24
n8_block8_d3_stack_nonlinear_T32_s9401103,8,block,block,8,3,stack_nonlinear,32,9401103,408,24,9792,4,6528,6528,6528,6528,24,24,24
n8_block8_d3_stack_nonlinear_T32_s9401103,8,block,block,8,3,stack_nonlinear,32,9401103,408,24,9792,8,6528,6528,6528,6528,24,24,24
n8_block8_d3_stack_nonlinear_T32_s9401103,8,block,block,8,3,stack_nonlinear,32,9401103,408,24,9792,16,6528,6528,6528,6528,24,24,24
n8_block8_d3_stack_nonlinear_T32_s9401103,8,block,block,8,3,stack_nonlinear,32,9401103,408,24,9792,32,6528,6528,6528,6528,24,24,24
n8_block8_d3_stack_nonlinear_T32_s9401104,8,block,block,8,3,stack_nonlinear,32,9401104,408,24,9792,1,1944,1944,1944,1944,24,24,24
n8_block8_d3_stack_nonlinear_T32_s9401104,8,block,block,8,3,stack_nonlinear,32,9401104,408,24,9792,2,5184,5184,5184,5184,24,24,24
n8_block8_d3_stack_nonlinear_T32_s9401104,8,block,block,8,3,stack_nonlinear,32,9401104,408,24,9792,4,6528,6528,6528,6528,24,24,24
n8_block8_d3_stack_nonlinear_T32_s9401104,8,block,block,8,3,stack_nonlinear,32,9401104,408,24,9792,8,6528,6528,6528,6528,24,24,24
n8_block8_d3_stack_nonlinear_T32_s9401104,8,block,block,8,3,stack_nonlinear,32,9401104,408,24,9792,16,6528,6528,6528,6528,24,24,24
n8_block8_d3_stack_nonlinear_T32_s9401104,8,block,block,8,3,stack_nonlinear,32,9401104,408,24,9792,32,6528,6528,6528,6528,24,24,24
n8_block8_d3_stack_nonlinear_T128_s9401100,8,block,block,8,3,stack_nonlinear,128,9401100,408,24,9792,1,1944,1944,1944,1944,24,24,24
n8_block8_d3_stack_nonlinear_T128_s9401100,8,block,block,8,3,stack_nonlinear,128,9401100,408,24,9792,2,5184,5184,5184,5184,24,24,24
n8_block8_d3_stack_nonlinear_T128_s9401100,8,block,block,8,3,stack_nonlinear,128,9401100,408,24,9792,4,6528,6528,6528,6528,24,24,24
n8_block8_d3_stack_nonlinear_T128_s9401100,8,block,block,8,3,stack_nonlinear,128,9401100,408,24,9792,8,6528,6528,6528,6528,24,24,24
n8_block8_d3_stack_nonlinear_T128_s9401100,8,block,block,8,3,stack_nonlinear,128,9401100,408,24,9792,16,6528,6528,6528,6528,24,24,24
n8_block8_d3_stack_nonlinear_T128_s9401100,8,block,block,8,3,stack_nonlinear,128,9401100,408,24,9792,32,6528,6528,6528,6528,24,24,24
n8_block8_d3_stack_nonlinear_T128_s9401100,8,block,block,8,3,stack_nonlinear,128,9401100,408,24,9792,64,6528,6528,6528,6528,24,24,24
n8_block8_d3_stack_nonlinear_T128_s9401100,8,block,block,8,3,stack_nonlinear,128,9401100,408,24,9792,128,6528,6528,6528,6528,24,24,24
n8_block8_d3_stack_nonlinear_T128_s9401101,8,block,block,8,3,stack_nonlinear,128,9401101,408,24,9792,1,1944,1944,1944,1944,24,24,24
n8_block8_d3_stack_nonlinear_T128_s9401101,8,block,block,8,3,stack_nonlinear,128,9401101,408,24,9792,2,5184,5184,5184,5184,24,24,24
n8_block8_d3_stack_nonlinear_T128_s9401101,8,block,block,8,3,stack_nonlinear,128,9401101,408,24,9792,4,6528,6528,6528,6528,24,24,24
n8_block8_d3_stack_nonlinear_T128_s9401101,8,block,block,8,3,stack_nonlinear,128,9401101,408,24,9792,8,6528,6528,6528,6528,24,24,24
n8_block8_d3_stack_nonlinear_T128_s9401101,8,block,block,8,3,stack_nonlinear,128,9401101,408,24,9792,16,6528,6528,6528,6528,24,24,24
n8_block8_d3_stack_nonlinear_T128_s9401101,8,block,block,8,3,stack_nonlinear,128,9401101,408,24,9792,32,6528,6528,6528,6528,24,24,24
n8_block8_d3_stack_nonlinear_T128_s9401101,8,block,block,8,3,stack_nonlinear,128,9401101,408,24,9792,64,6528,6528,6528,6528,24,24,24
n8_block8_d3_stack_nonlinear_T128_s9401101,8,block,block,8,3,stack_nonlinear,128,9401101,408,24,9792,128,6528,6528,6528,6528,24,24,24
n8_block8_d3_stack_nonlinear_T128_s9401102,8,block,block,8,3,stack_nonlinear,128,9401102,408,24,9792,1,1944,1944,1944,1944,24,24,24
n8_block8_d3_stack_nonlinear_T128_s9401102,8,block,block,8,3,stack_nonlinear,128,9401102,408,24,9792,2,5184,5184,5184,5184,24,24,24
n8_block8_d3_stack_nonlinear_T128_s9401102,8,block,block,8,3,stack_nonlinear,128,9401102,408,24,9792,4,6528,6528,6528,6528,24,24,24
n8_block8_d3_stack_nonlinear_T128_s9401102,8,block,block,8,3,stack_nonlinear,128,9401102,408,24,9792,8,6528,6528,6528,6528,24,24,24
n8_block8_d3_stack_nonlinear_T128_s9401102,8,block,block,8,3,stack_nonlinear,128,9401102,408,24,9792,16,6528,6528,6528,6528,24,24,24
n8_block8_d3_stack_nonlinear_T128_s9401102,8,block,block,8,3,stack_nonlinear,128,9401102,408,24,9792,32,6528,6528,6528,6528,24,24,24
n8_block8_d3_stack_nonlinear_T128_s9401102,8,block,block,8,3,stack_nonlinear,128,9401102,408,24,9792,64,6528,6528,6528,6528,24,24,24
n8_block8_d3_stack_nonlinear_T128_s9401102,8,block,block,8,3,stack_nonlinear,128,9401102,408,24,9792,128,6528,6528,6528,6528,24,24,24
n8_block8_d3_stack_nonlinear_T128_s9401103,8,block,block,8,3,stack_nonlinear,128,9401103,408,24,9792,1,1944,1944,1944,1944,24,24,24
n8_block8_d3_stack_nonlinear_T128_s9401103,8,block,block,8,3,stack_nonlinear,128,9401103,408,24,9792,2,5184,5184,5184,5184,24,24,24
n8_block8_d3_stack_nonlinear_T128_s9401103,8,block,block,8,3,stack_nonlinear,128,9401103,408,24,9792,4,6528,6528,6528,6528,24,24,24
n8_block8_d3_stack_nonlinear_T128_s9401103,8,block,block,8,3,stack_nonlinear,128,9401103,408,24,9792,8,6528,6528,6528,6528,24,24,24
n8_block8_d3_stack_nonlinear_T128_s9401103,8,block,block,8,3,stack_nonlinear,128,9401103,408,24,9792,16,6528,6528,6528,6528,24,24,24
n8_block8_d3_stack_nonlinear_T128_s9401103,8,block,block,8,3,stack_nonlinear,128,9401103,408,24,9792,32,6528,6528,6528,6528,24,24,24
n8_block8_d3_stack_nonlinear_T128_s9401103,8,block,block,8,3,stack_nonlinear,128,9401103,408,24,9792,64,6528,6528,6528,6528,24,24,24
n8_block8_d3_stack_nonlinear_T128_s9401103,8,block,block,8,3,stack_nonlinear,128,9401103,408,24,9792,128,6528,6528,6528,6528,24,24,24
n8_block8_d3_stack_nonlinear_T128_s9401104,8,block,block,8,3,stack_nonlinear,128,9401104,408,24,9792,1,1944,1944,1944,1944,24,24,24
n8_block8_d3_stack_nonlinear_T128_s9401104,8,block,block,8,3,stack_nonlinear,128,9401104,408,24,9792,2,5184,5184,5184,5184,24,24,24
n8_block8_d3_stack_nonlinear_T128_s9401104,8,block,block,8,3,stack_nonlinear,128,9401104,408,24,9792,4,6528,6528,6528,6528,24,24,24
n8_block8_d3_stack_nonlinear_T128_s9401104,8,block,block,8,3,stack_nonlinear,128,9401104,408,24,9792,8,6528,6528,6528,6528,24,24,24
n8_block8_d3_stack_nonlinear_T128_s9401104,8,block,block,8,3,stack_nonlinear,128,9401104,408,24,9792,16,6528,6528,6528,6528,24,24,24
n8_block8_d3_stack_nonlinear_T128_s9401104,8,block,block,8,3,stack_nonlinear,128,9401104,408,24,9792,32,6528,6528,6528,6528,24,24,24
n8_block8_d3_stack_nonlinear_T128_s9401104,8,block,block,8,3,stack_nonlinear,128,9401104,408,24,9792,64,6528,6528,6528,6528,24,24,24
n8_block8_d3_stack_nonlinear_T128_s9401104,8,block,block,8,3,stack_nonlinear,128,9401104,408,24,9792,128,6528,6528,6528,6528,24,24,24
n8_lowrank0_d1_stack_nonlinear_T32_s9401100,8,lowrank,lowrank,0,1,stack_nonlinear,32,9401100,80,8,640,1,72,72,72,72,8,8,8
n8_lowrank0_d1_stack_nonlinear_T32_s9401100,8,lowrank,lowrank,0,1,stack_nonlinear,32,9401100,80,8,640,2,80,80,80,80,8,8,8
n8_lowrank0_d1_stack_nonlinear_T32_s9401100,8,lowrank,lowrank,0,1,stack_nonlinear,32,9401100,80,8,640,4,80,80,80,80,8,8,8
n8_lowrank0_d1_stack_nonlinear_T32_s9401100,8,lowrank,lowrank,0,1,stack_nonlinear,32,9401100,80,8,640,8,80,80,80,80,8,8,8
n8_lowrank0_d1_stack_nonlinear_T32_s9401100,8,lowrank,lowrank,0,1,stack_nonlinear,32,9401100,80,8,640,16,80,80,80,80,8,8,8
n8_lowrank0_d1_stack_nonlinear_T32_s9401100,8,lowrank,lowrank,0,1,stack_nonlinear,32,9401100,80,8,640,32,80,80,80,80,8,8,8
n8_lowrank0_d1_stack_nonlinear_T32_s9401101,8,lowrank,lowrank,0,1,stack_nonlinear,32,9401101,80,8,640,1,72,72,72,72,8,8,8
n8_lowrank0_d1_stack_nonlinear_T32_s9401101,8,lowrank,lowrank,0,1,stack_nonlinear,32,9401101,80,8,640,2,80,80,80,80,8,8,8
n8_lowrank0_d1_stack_nonlinear_T32_s9401101,8,lowrank,lowrank,0,1,stack_nonlinear,32,9401101,80,8,640,4,80,80,80,80,8,8,8
n8_lowrank0_d1_stack_nonlinear_T32_s9401101,8,lowrank,lowrank,0,1,stack_nonlinear,32,9401101,80,8,640,8,80,80,80,80,8,8,8
n8_lowrank0_d1_stack_nonlinear_T32_s9401101,8,lowrank,lowrank,0,1,stack_nonlinear,32,9401101,80,8,640,16,80,80,80,80,8,8,8
n8_lowrank0_d1_stack_nonlinear_T32_s9401101,8,lowrank,lowrank,0,1,stack_nonlinear,32,9401101,80,8,640,32,80,80,80,80,8,8,8
n8_lowrank0_d1_stack_nonlinear_T32_s9401102,8,lowrank,lowrank,0,1,stack_nonlinear,32,9401102,80,8,640,1,72,72,72,72,8,8,8
n8_lowrank0_d1_stack_nonlinear_T32_s9401102,8,lowrank,lowrank,0,1,stack_nonlinear,32,9401102,80,8,640,2,80,80,80,80,8,8,8
n8_lowrank0_d1_stack_nonlinear_T32_s9401102,8,lowrank,lowrank,0,1,stack_nonlinear,32,9401102,80,8,640,4,80,80,80,80,8,8,8
n8_lowrank0_d1_stack_nonlinear_T32_s9401102,8,lowrank,lowrank,0,1,stack_nonlinear,32,9401102,80,8,640,8,80,80,80,80,8,8,8
n8_lowrank0_d1_stack_nonlinear_T32_s9401102,8,lowrank,lowrank,0,1,stack_nonlinear,32,9401102,80,8,640,16,80,80,80,80,8,8,8
n8_lowrank0_d1_stack_nonlinear_T32_s9401102,8,lowrank,lowrank,0,1,stack_nonlinear,32,9401102,80,8,640,32,80,80,80,80,8,8,8
n8_lowrank0_d1_stack_nonlinear_T32_s9401103,8,lowrank,lowrank,0,1,stack_nonlinear,32,9401103,80,8,640,1,72,72,72,72,8,8,8
n8_lowrank0_d1_stack_nonlinear_T32_s9401103,8,lowrank,lowrank,0,1,stack_nonlinear,32,9401103,80,8,640,2,80,80,80,80,8,8,8
n8_lowrank0_d1_stack_nonlinear_T32_s9401103,8,lowrank,lowrank,0,1,stack_nonlinear,32,9401103,80,8,640,4,80,80,80,80,8,8,8
n8_lowrank0_d1_stack_nonlinear_T32_s9401103,8,lowrank,lowrank,0,1,stack_nonlinear,32,9401103,80,8,640,8,80,80,80,80,8,8,8
n8_lowrank0_d1_stack_nonlinear_T32_s9401103,8,lowrank,lowrank,0,1,stack_nonlinear,32,9401103,80,8,640,16,80,80,80,80,8,8,8
n8_lowrank0_d1_stack_nonlinear_T32_s9401103,8,lowrank,lowrank,0,1,stack_nonlinear,32,9401103,80,8,640,32,80,80,80,80,8,8,8
n8_lowrank0_d1_stack_nonlinear_T32_s9401104,8,lowrank,lowrank,0,1,stack_nonlinear,32,9401104,80,8,640,1,72,72,72,72,8,8,8
n8_lowrank0_d1_stack_nonlinear_T32_s9401104,8,lowrank,lowrank,0,1,stack_nonlinear,32,9401104,80,8,640,2,80,80,80,80,8,8,8
n8_lowrank0_d1_stack_nonlinear_T32_s9401104,8,lowrank,lowrank,0,1,stack_nonlinear,32,9401104,80,8,640,4,80,80,80,80,8,8,8
n8_lowrank0_d1_stack_nonlinear_T32_s9401104,8,lowrank,lowrank,0,1,stack_nonlinear,32,9401104,80,8,640,8,80,80,80,80,8,8,8
n8_lowrank0_d1_stack_nonlinear_T32_s9401104,8,lowrank,lowrank,0,1,stack_nonlinear,32,9401104,80,8,640,16,80,80,80,80,8,8,8
n8_lowrank0_d1_stack_nonlinear_T32_s9401104,8,lowrank,lowrank,0,1,stack_nonlinear,32,9401104,80,8,640,32,80,80,80,80,8,8,8
n8_lowrank0_d1_stack_nonlinear_T128_s9401100,8,lowrank,lowrank,0,1,stack_nonlinear,128,9401100,80,8,640,1,72,72,72,72,8,8,8
n8_lowrank0_d1_stack_nonlinear_T128_s9401100,8,lowrank,lowrank,0,1,stack_nonlinear,128,9401100,80,8,640,2,80,80,80,80,8,8,8
n8_lowrank0_d1_stack_nonlinear_T128_s9401100,8,lowrank,lowrank,0,1,stack_nonlinear,128,9401100,80,8,640,4,80,80,80,80,8,8,8
n8_lowrank0_d1_stack_nonlinear_T128_s9401100,8,lowrank,lowrank,0,1,stack_nonlinear,128,9401100,80,8,640,8,80,80,80,80,8,8,8
n8_lowrank0_d1_stack_nonlinear_T128_s9401100,8,lowrank,lowrank,0,1,stack_nonlinear,128,9401100,80,8,640,16,80,80,80,80,8,8,8
n8_lowrank0_d1_stack_nonlinear_T128_s9401100,8,lowrank,lowrank,0,1,stack_nonlinear,128,9401100,80,8,640,32,80,80,80,80,8,8,8
n8_lowrank0_d1_stack_nonlinear_T128_s9401100,8,lowrank,lowrank,0,1,stack_nonlinear,128,9401100,80,8,640,64,80,80,80,80,8,8,8
n8_lowrank0_d1_stack_nonlinear_T128_s9401100,8,lowrank,lowrank,0,1,stack_nonlinear,128,9401100,80,8,640,128,80,80,80,80,8,8,8
n8_lowrank0_d1_stack_nonlinear_T128_s9401101,8,lowrank,lowrank,0,1,stack_nonlinear,128,9401101,80,8,640,1,72,72,72,72,8,8,8
n8_lowrank0_d1_stack_nonlinear_T128_s9401101,8,lowrank,lowrank,0,1,stack_nonlinear,128,9401101,80,8,640,2,80,80,80,80,8,8,8
n8_lowrank0_d1_stack_nonlinear_T128_s9401101,8,lowrank,lowrank,0,1,stack_nonlinear,128,9401101,80,8,640,4,80,80,80,80,8,8,8
n8_lowrank0_d1_stack_nonlinear_T128_s9401101,8,lowrank,lowrank,0,1,stack_nonlinear,128,9401101,80,8,640,8,80,80,80,80,8,8,8
n8_lowrank0_d1_stack_nonlinear_T128_s9401101,8,lowrank,lowrank,0,1,stack_nonlinear,128,9401101,80,8,640,16,80,80,80,80,8,8,8
n8_lowrank0_d1_stack_nonlinear_T128_s9401101,8,lowrank,lowrank,0,1,stack_nonlinear,128,9401101,80,8,640,32,80,80,80,80,8,8,8
n8_lowrank0_d1_stack_nonlinear_T128_s9401101,8,lowrank,lowrank,0,1,stack_nonlinear,128,9401101,80,8,640,64,80,80,80,80,8,8,8
n8_lowrank0_d1_stack_nonlinear_T128_s9401101,8,lowrank,lowrank,0,1,stack_nonlinear,128,9401101,80,8,640,128,80,80,80,80,8,8,8
n8_lowrank0_d1_stack_nonlinear_T128_s9401102,8,lowrank,lowrank,0,1,stack_nonlinear,128,9401102,80,8,640,1,72,72,72,72,8,8,8
n8_lowrank0_d1_stack_nonlinear_T128_s9401102,8,lowrank,lowrank,0,1,stack_nonlinear,128,9401102,80,8,640,2,80,80,80,80,8,8,8
n8_lowrank0_d1_stack_nonlinear_T128_s9401102,8,lowrank,lowrank,0,1,stack_nonlinear,128,9401102,80,8,640,4,80,80,80,80,8,8,8
n8_lowrank0_d1_stack_nonlinear_T128_s9401102,8,lowrank,lowrank,0,1,stack_nonlinear,128,9401102,80,8,640,8,80,80,80,80,8,8,8
n8_lowrank0_d1_stack_nonlinear_T128_s9401102,8,lowrank,lowrank,0,1,stack_nonlinear,128,9401102,80,8,640,16,80,80,80,80,8,8,8
n8_lowrank0_d1_stack_nonlinear_T128_s9401102,8,lowrank,lowrank,0,1,stack_nonlinear,128,9401102,80,8,640,32,80,80,80,80,8,8,8
n8_lowrank0_d1_stack_nonlinear_T128_s9401102,8,lowrank,lowrank,0,1,stack_nonlinear,128,9401102,80,8,640,64,80,80,80,80,8,8,8
n8_lowrank0_d1_stack_nonlinear_T128_s9401102,8,lowrank,lowrank,0,1,stack_nonlinear,128,9401102,80,8,640,128,80,80,80,80,8,8,8
n8_lowrank0_d1_stack_nonlinear_T128_s9401103,8,lowrank,lowrank,0,1,stack_nonlinear,128,9401103,80,8,640,1,72,72,72,72,8,8,8
n8_lowrank0_d1_stack_nonlinear_T128_s9401103,8,lowrank,lowrank,0,1,stack_nonlinear,128,9401103,80,8,640,2,80,80,80,80,8,8,8
n8_lowrank0_d1_stack_nonlinear_T128_s9401103,8,lowrank,lowrank,0,1,stack_nonlinear,128,9401103,80,8,640,4,80,80,80,80,8,8,8
n8_lowrank0_d1_stack_nonlinear_T128_s9401103,8,lowrank,lowrank,0,1,stack_nonlinear,128,9401103,80,8,640,8,80,80,80,80,8,8,8
n8_lowrank0_d1_stack_nonlinear_T128_s9401103,8,lowrank,lowrank,0,1,stack_nonlinear,128,9401103,80,8,640,16,80,80,80,80,8,8,8
n8_lowrank0_d1_stack_nonlinear_T128_s9401103,8,lowrank,lowrank,0,1,stack_nonlinear,128,9401103,80,8,640,32,80,80,80,80,8,8,8
n8_lowrank0_d1_stack_nonlinear_T128_s9401103,8,lowrank,lowrank,0,1,stack_nonlinear,128,9401103,80,8,640,64,80,80,80,80,8,8,8
n8_lowrank0_d1_stack_nonlinear_T128_s9401103,8,lowrank,lowrank,0,1,stack_nonlinear,128,9401103,80,8,640,128,80,80,80,80,8,8,8
n8_lowrank0_d1_stack_nonlinear_T128_s9401104,8,lowrank,lowrank,0,1,stack_nonlinear,128,9401104,80,8,640,1,72,72,72,72,8,8,8
n8_lowrank0_d1_stack_nonlinear_T128_s9401104,8,lowrank,lowrank,0,1,stack_nonlinear,128,9401104,80,8,640,2,80,80,80,80,8,8,8
n8_lowrank0_d1_stack_nonlinear_T128_s9401104,8,lowrank,lowrank,0,1,stack_nonlinear,128,9401104,80,8,640,4,80,80,80,80,8,8,8
n8_lowrank0_d1_stack_nonlinear_T128_s9401104,8,lowrank,lowrank,0,1,stack_nonlinear,128,9401104,80,8,640,8,80,80,80,80,8,8,8
n8_lowrank0_d1_stack_nonlinear_T128_s9401104,8,lowrank,lowrank,0,1,stack_nonlinear,128,9401104,80,8,640,16,80,80,80,80,8,8,8
n8_lowrank0_d1_stack_nonlinear_T128_s9401104,8,lowrank,lowrank,0,1,stack_nonlinear,128,9401104,80,8,640,32,80,80,80,80,8,8,8
n8_lowrank0_d1_stack_nonlinear_T128_s9401104,8,lowrank,lowrank,0,1,stack_nonlinear,128,9401104,80,8,640,64,80,80,80,80,8,8,8
n8_lowrank0_d1_stack_nonlinear_T128_s9401104,8,lowrank,lowrank,0,1,stack_nonlinear,128,9401104,80,8,640,128,80,80,80,80,8,8,8
n8_lowrank0_d2_stack_nonlinear_T32_s9401100,8,lowrank,lowrank,0,2,stack_nonlinear,32,9401100,160,16,2560,1,720,720,720,720,16,16,16
n8_lowrank0_d2_stack_nonlinear_T32_s9401100,8,lowrank,lowrank,0,2,stack_nonlinear,32,9401100,160,16,2560,2,800,800,800,800,16,16,16
n8_lowrank0_d2_stack_nonlinear_T32_s9401100,8,lowrank,lowrank,0,2,stack_nonlinear,32,9401100,160,16,2560,4,800,800,800,800,16,16,16
n8_lowrank0_d2_stack_nonlinear_T32_s9401100,8,lowrank,lowrank,0,2,stack_nonlinear,32,9401100,160,16,2560,8,800,800,800,800,16,16,16
n8_lowrank0_d2_stack_nonlinear_T32_s9401100,8,lowrank,lowrank,0,2,stack_nonlinear,32,9401100,160,16,2560,16,800,800,800,800,16,16,16
n8_lowrank0_d2_stack_nonlinear_T32_s9401100,8,lowrank,lowrank,0,2,stack_nonlinear,32,9401100,160,16,2560,32,800,800,800,800,16,16,16
n8_lowrank0_d2_stack_nonlinear_T32_s9401101,8,lowrank,lowrank,0,2,stack_nonlinear,32,9401101,160,16,2560,1,720,720,720,720,16,16,16
n8_lowrank0_d2_stack_nonlinear_T32_s9401101,8,lowrank,lowrank,0,2,stack_nonlinear,32,9401101,160,16,2560,2,800,800,800,800,16,16,16
n8_lowrank0_d2_stack_nonlinear_T32_s9401101,8,lowrank,lowrank,0,2,stack_nonlinear,32,9401101,160,16,2560,4,800,800,800,800,16,16,16
n8_lowrank0_d2_stack_nonlinear_T32_s9401101,8,lowrank,lowrank,0,2,stack_nonlinear,32,9401101,160,16,2560,8,800,800,800,800,16,16,16
n8_lowrank0_d2_stack_nonlinear_T32_s9401101,8,lowrank,lowrank,0,2,stack_nonlinear,32,9401101,160,16,2560,16,800,800,800,800,16,16,16
n8_lowrank0_d2_stack_nonlinear_T32_s9401101,8,lowrank,lowrank,0,2,stack_nonlinear,32,9401101,160,16,2560,32,800,800,800,800,16,16,16
n8_lowrank0_d2_stack_nonlinear_T32_s9401102,8,lowrank,lowrank,0,2,stack_nonlinear,32,9401102,160,16,2560,1,720,720,720,720,16,16,16
n8_lowrank0_d2_stack_nonlinear_T32_s9401102,8,lowrank,lowrank,0,2,stack_nonlinear,32,9401102,160,16,2560,2,800,800,800,800,16,16,16
n8_lowrank0_d2_stack_nonlinear_T32_s9401102,8,lowrank,lowrank,0,2,stack_nonlinear,32,9401102,160,16,2560,4,800,800,800,800,16,16,16
n8_lowrank0_d2_stack_nonlinear_T32_s9401102,8,lowrank,lowrank,0,2,stack_nonlinear,32,9401102,160,16,2560,8,800,800,800,800,16,16,16
n8_lowrank0_d2_stack_nonlinear_T32_s9401102,8,lowrank,lowrank,0,2,stack_nonlinear,32,9401102,160,16,2560,16,800,800,800,800,16,16,16
n8_lowrank0_d2_stack_nonlinear_T32_s9401102,8,lowrank,lowrank,0,2,stack_nonlinear,32,9401102,160,16,2560,32,800,800,800,800,16,16,16
n8_lowrank0_d2_stack_nonlinear_T32_s9401103,8,lowrank,lowrank,0,2,stack_nonlinear,32,9401103,160,16,2560,1,720,720,720,720,16,16,16
n8_lowrank0_d2_stack_nonlinear_T32_s9401103,8,lowrank,lowrank,0,2,stack_nonlinear,32,9401103,160,16,2560,2,800,800,800,800,16,16,16
n8_lowrank0_d2_stack_nonlinear_T32_s9401103,8,lowrank,lowrank,0,2,stack_nonlinear,32,9401103,160,16,2560,4,800,800,800,800,16,16,16
n8_lowrank0_d2_stack_nonlinear_T32_s9401103,8,lowrank,lowrank,0,2,stack_nonlinear,32,9401103,160,16,2560,8,800,800,800,800,16,16,16
n8_lowrank0_d2_stack_nonlinear_T32_s9401103,8,lowrank,lowrank,0,2,stack_nonlinear,32,9401103,160,16,2560,16,800,800,800,800,16,16,16
n8_lowrank0_d2_stack_nonlinear_T32_s9401103,8,lowrank,lowrank,0,2,stack_nonlinear,32,9401103,160,16,2560,32,800,800,800,800,16,16,16
n8_lowrank0_d2_stack_nonlinear_T32_s9401104,8,lowrank,lowrank,0,2,stack_nonlinear,32,9401104,160,16,2560,1,720,720,720,720,16,16,16
n8_lowrank0_d2_stack_nonlinear_T32_s9401104,8,lowrank,lowrank,0,2,stack_nonlinear,32,9401104,160,16,2560,2,800,800,800,800,16,16,16
n8_lowrank0_d2_stack_nonlinear_T32_s9401104,8,lowrank,lowrank,0,2,stack_nonlinear,32,9401104,160,16,2560,4,800,800,800,800,16,16,16
n8_lowrank0_d2_stack_nonlinear_T32_s9401104,8,lowrank,lowrank,0,2,stack_nonlinear,32,9401104,160,16,2560,8,800,800,800,800,16,16,16
n8_lowrank0_d2_stack_nonlinear_T32_s9401104,8,lowrank,lowrank,0,2,stack_nonlinear,32,9401104,160,16,2560,16,800,800,800,800,16,16,16
n8_lowrank0_d2_stack_nonlinear_T32_s9401104,8,lowrank,lowrank,0,2,stack_nonlinear,32,9401104,160,16,2560,32,800,800,800,800,16,16,16
n8_lowrank0_d2_stack_nonlinear_T128_s9401100,8,lowrank,lowrank,0,2,stack_nonlinear,128,9401100,160,16,2560,1,720,720,720,720,16,16,16
n8_lowrank0_d2_stack_nonlinear_T128_s9401100,8,lowrank,lowrank,0,2,stack_nonlinear,128,9401100,160,16,2560,2,800,800,800,800,16,16,16
n8_lowrank0_d2_stack_nonlinear_T128_s9401100,8,lowrank,lowrank,0,2,stack_nonlinear,128,9401100,160,16,2560,4,800,800,800,800,16,16,16
n8_lowrank0_d2_stack_nonlinear_T128_s9401100,8,lowrank,lowrank,0,2,stack_nonlinear,128,9401100,160,16,2560,8,800,800,800,800,16,16,16
n8_lowrank0_d2_stack_nonlinear_T128_s9401100,8,lowrank,lowrank,0,2,stack_nonlinear,128,9401100,160,16,2560,16,800,800,800,800,16,16,16
n8_lowrank0_d2_stack_nonlinear_T128_s9401100,8,lowrank,lowrank,0,2,stack_nonlinear,128,9401100,160,16,2560,32,800,800,800,800,16,16,16
n8_lowrank0_d2_stack_nonlinear_T128_s9401100,8,lowrank,lowrank,0,2,stack_nonlinear,128,9401100,160,16,2560,64,800,800,800,800,16,16,16
n8_lowrank0_d2_stack_nonlinear_T128_s9401100,8,lowrank,lowrank,0,2,stack_nonlinear,128,9401100,160,16,2560,128,800,800,800,800,16,16,16
n8_lowrank0_d2_stack_nonlinear_T128_s9401101,8,lowrank,lowrank,0,2,stack_nonlinear,128,9401101,160,16,2560,1,720,720,720,720,16,16,16
n8_lowrank0_d2_stack_nonlinear_T128_s9401101,8,lowrank,lowrank,0,2,stack_nonlinear,128,9401101,160,16,2560,2,800,800,800,800,16,16,16
n8_lowrank0_d2_stack_nonlinear_T128_s9401101,8,lowrank,lowrank,0,2,stack_nonlinear,128,9401101,160,16,2560,4,800,800,800,800,16,16,16
n8_lowrank0_d2_stack_nonlinear_T128_s9401101,8,lowrank,lowrank,0,2,stack_nonlinear,128,9401101,160,16,2560,8,800,800,800,800,16,16,16
n8_lowrank0_d2_stack_nonlinear_T128_s9401101,8,lowrank,lowrank,0,2,stack_nonlinear,128,9401101,160,16,2560,16,800,800,800,800,16,16,16
n8_lowrank0_d2_stack_nonlinear_T128_s9401101,8,lowrank,lowrank,0,2,stack_nonlinear,128,9401101,160,16,2560,32,800,800,800,800,16,16,16
n8_lowrank0_d2_stack_nonlinear_T128_s9401101,8,lowrank,lowrank,0,2,stack_nonlinear,128,9401101,160,16,2560,64,800,800,800,800,16,16,16
n8_lowrank0_d2_stack_nonlinear_T128_s9401101,8,lowrank,lowrank,0,2,stack_nonlinear,128,9401101,160,16,2560,128,800,800,800,800,16,16,16
n8_lowrank0_d2_stack_nonlinear_T128_s9401102,8,lowrank,lowrank,0,2,stack_nonlinear,128,9401102,160,16,2560,1,720,720,720,720,16,16,16
n8_lowrank0_d2_stack_nonlinear_T128_s9401102,8,lowrank,lowrank,0,2,stack_nonlinear,128,9401102,160,16,2560,2,800,800,800,800,16,16,16
n8_lowrank0_d2_stack_nonlinear_T128_s9401102,8,lowrank,lowrank,0,2,stack_nonlinear,128,9401102,160,16,2560,4,800,800,800,800,16,16,16
n8_lowrank0_d2_stack_nonlinear_T128_s9401102,8,lowrank,lowrank,0,2,stack_nonlinear,128,9401102,160,16,2560,8,800,800,800,800,16,16,16
n8_lowrank0_d2_stack_nonlinear_T128_s9401102,8,lowrank,lowrank,0,2,stack_nonlinear,128,9401102,160,16,2560,16,800,800,800,800,16,16,16
n8_lowrank0_d2_stack_nonlinear_T128_s9401102,8,lowrank,lowrank,0,2,stack_nonlinear,128,9401102,160,16,2560,32,800,800,800,800,16,16,16
n8_lowrank0_d2_stack_nonlinear_T128_s9401102,8,lowrank,lowrank,0,2,stack_nonlinear,128,9401102,160,16,2560,64,800,800,800,800,16,16,16
n8_lowrank0_d2_stack_nonlinear_T128_s9401102,8,lowrank,lowrank,0,2,stack_nonlinear,128,9401102,160,16,2560,128,800,800,800,800,16,16,16
n8_lowrank0_d2_stack_nonlinear_T128_s9401103,8,lowrank,lowrank,0,2,stack_nonlinear,128,9401103,160,16,2560,1,720,720,720,720,16,16,16
n8_lowrank0_d2_stack_nonlinear_T128_s9401103,8,lowrank,lowrank,0,2,stack_nonlinear,128,9401103,160,16,2560,2,800,800,800,800,16,16,16
n8_lowrank0_d2_stack_nonlinear_T128_s9401103,8,lowrank,lowrank,0,2,stack_nonlinear,128,9401103,160,16,2560,4,800,800,800,800,16,16,16
n8_lowrank0_d2_stack_nonlinear_T128_s9401103,8,lowrank,lowrank,0,2,stack_nonlinear,128,9401103,160,16,2560,8,800,800,800,800,16,16,16
n8_lowrank0_d2_stack_nonlinear_T128_s9401103,8,lowrank,lowrank,0,2,stack_nonlinear,128,9401103,160,16,2560,16,800,800,800,800,16,16,16
n8_lowrank0_d2_stack_nonlinear_T128_s9401103,8,lowrank,lowrank,0,2,stack_nonlinear,128,9401103,160,16,2560,32,800,800,800,800,16,16,16
n8_lowrank0_d2_stack_nonlinear_T128_s9401103,8,lowrank,lowrank,0,2,stack_nonlinear,128,9401103,160,16,2560,64,800,800,800,800,16,16,16
n8_lowrank0_d2_stack_nonlinear_T128_s9401103,8,lowrank,lowrank,0,2,stack_nonlinear,128,9401103,160,16,2560,128,800,800,800,800,16,16,16
n8_lowrank0_d2_stack_nonlinear_T128_s9401104,8,lowrank,lowrank,0,2,stack_nonlinear,128,9401104,160,16,2560,1,720,720,720,720,16,16,16
n8_lowrank0_d2_stack_nonlinear_T128_s9401104,8,lowrank,lowrank,0,2,stack_nonlinear,128,9401104,160,16,2560,2,800,800,800,800,16,16,16
n8_lowrank0_d2_stack_nonlinear_T128_s9401104,8,lowrank,lowrank,0,2,stack_nonlinear,128,9401104,160,16,2560,4,800,800,800,800,16,16,16
n8_lowrank0_d2_stack_nonlinear_T128_s9401104,8,lowrank,lowrank,0,2,stack_nonlinear,128,9401104,160,16,2560,8,800,800,800,800,16,16,16
n8_lowrank0_d2_stack_nonlinear_T128_s9401104,8,lowrank,lowrank,0,2,stack_nonlinear,128,9401104,160,16,2560,16,800,800,800,800,16,16,16
n8_lowrank0_d2_stack_nonlinear_T128_s9401104,8,lowrank,lowrank,0,2,stack_nonlinear,128,9401104,160,16,2560,32,800,800,800,800,16,16,16
n8_lowrank0_d2_stack_nonlinear_T128_s9401104,8,lowrank,lowrank,0,2,stack_nonlinear,128,9401104,160,16,2560,64,800,800,800,800,16,16,16
n8_lowrank0_d2_stack_nonlinear_T128_s9401104,8,lowrank,lowrank,0,2,stack_nonlinear,128,9401104,160,16,2560,128,800,800,800,800,16,16,16
n8_lowrank0_d3_stack_nonlinear_T32_s9401100,8,lowrank,lowrank,0,3,stack_nonlinear,32,9401100,240,24,5760,1,1944,1944,1944,1944,24,24,24
n8_lowrank0_d3_stack_nonlinear_T32_s9401100,8,lowrank,lowrank,0,3,stack_nonlinear,32,9401100,240,24,5760,2,2160,2160,2160,2160,24,24,24
n8_lowrank0_d3_stack_nonlinear_T32_s9401100,8,lowrank,lowrank,0,3,stack_nonlinear,32,9401100,240,24,5760,4,2160,2160,2160,2160,24,24,24
n8_lowrank0_d3_stack_nonlinear_T32_s9401100,8,lowrank,lowrank,0,3,stack_nonlinear,32,9401100,240,24,5760,8,2160,2160,2160,2160,24,24,24
n8_lowrank0_d3_stack_nonlinear_T32_s9401100,8,lowrank,lowrank,0,3,stack_nonlinear,32,9401100,240,24,5760,16,2160,2160,2160,2160,24,24,24
n8_lowrank0_d3_stack_nonlinear_T32_s9401100,8,lowrank,lowrank,0,3,stack_nonlinear,32,9401100,240,24,5760,32,2160,2160,2160,2160,24,24,24
n8_lowrank0_d3_stack_nonlinear_T32_s9401101,8,lowrank,lowrank,0,3,stack_nonlinear,32,9401101,240,24,5760,1,1944,1944,1944,1944,24,24,24
n8_lowrank0_d3_stack_nonlinear_T32_s9401101,8,lowrank,lowrank,0,3,stack_nonlinear,32,9401101,240,24,5760,2,2160,2160,2160,2160,24,24,24
n8_lowrank0_d3_stack_nonlinear_T32_s9401101,8,lowrank,lowrank,0,3,stack_nonlinear,32,9401101,240,24,5760,4,2160,2160,2160,2160,24,24,24
n8_lowrank0_d3_stack_nonlinear_T32_s9401101,8,lowrank,lowrank,0,3,stack_nonlinear,32,9401101,240,24,5760,8,2160,2160,2160,2160,24,24,24
n8_lowrank0_d3_stack_nonlinear_T32_s9401101,8,lowrank,lowrank,0,3,stack_nonlinear,32,9401101,240,24,5760,16,2160,2160,2160,2160,24,24,24
n8_lowrank0_d3_stack_nonlinear_T32_s9401101,8,lowrank,lowrank,0,3,stack_nonlinear,32,9401101,240,24,5760,32,2160,2160,2160,2160,24,24,24
n8_lowrank0_d3_stack_nonlinear_T32_s9401102,8,lowrank,lowrank,0,3,stack_nonlinear,32,9401102,240,24,5760,1,1944,1944,1944,1944,24,24,24
n8_lowrank0_d3_stack_nonlinear_T32_s9401102,8,lowrank,lowrank,0,3,stack_nonlinear,32,9401102,240,24,5760,2,2160,2160,2160,2160,24,24,24
n8_lowrank0_d3_stack_nonlinear_T32_s9401102,8,lowrank,lowrank,0,3,stack_nonlinear,32,9401102,240,24,5760,4,2160,2160,2160,2160,24,24,24
n8_lowrank0_d3_stack_nonlinear_T32_s9401102,8,lowrank,lowrank,0,3,stack_nonlinear,32,9401102,240,24,5760,8,2160,2160,2160,2160,24,24,24
n8_lowrank0_d3_stack_nonlinear_T32_s9401102,8,lowrank,lowrank,0,3,stack_nonlinear,32,9401102,240,24,5760,16,2160,2160,2160,2160,24,24,24
n8_lowrank0_d3_stack_nonlinear_T32_s9401102,8,lowrank,lowrank,0,3,stack_nonlinear,32,9401102,240,24,5760,32,2160,2160,2160,2160,24,24,24
n8_lowrank0_d3_stack_nonlinear_T32_s9401103,8,lowrank,lowrank,0,3,stack_nonlinear,32,9401103,240,24,5760,1,1944,1944,1944,1944,24,24,24
n8_lowrank0_d3_stack_nonlinear_T32_s9401103,8,lowrank,lowrank,0,3,stack_nonlinear,32,9401103,240,24,5760,2,2160,2160,2160,2160,24,24,24
n8_lowrank0_d3_stack_nonlinear_T32_s9401103,8,lowrank,lowrank,0,3,stack_nonlinear,32,9401103,240,24,5760,4,2160,2160,2160,2160,24,24,24
n8_lowrank0_d3_stack_nonlinear_T32_s9401103,8,lowrank,lowrank,0,3,stack_nonlinear,32,9401103,240,24,5760,8,2160,2160,2160,2160,24,24,24
n8_lowrank0_d3_stack_nonlinear_T32_s9401103,8,lowrank,lowrank,0,3,stack_nonlinear,32,9401103,240,24,5760,16,2160,2160,2160,2160,24,24,24
n8_lowrank0_d3_stack_nonlinear_T32_s9401103,8,lowrank,lowrank,0,3,stack_nonlinear,32,9401103,240,24,5760,32,2160,2160,2160,2160,24,24,24
n8_lowrank0_d3_stack_nonlinear_T32_s9401104,8,lowrank,lowrank,0,3,stack_nonlinear,32,9401104,240,24,5760,1,1944,1944,1944,1944,24,24,24
n8_lowrank0_d3_stack_nonlinear_T32_s9401104,8,lowrank,lowrank,0,3,stack_nonlinear,32,9401104,240,24,5760,2,2160,2160,2160,2160,24,24,24
n8_lowrank0_d3_stack_nonlinear_T32_s9401104,8,lowrank,lowrank,0,3,stack_nonlinear,32,9401104,240,24,5760,4,2160,2160,2160,2160,24,24,24
n8_lowrank0_d3_stack_nonlinear_T32_s9401104,8,lowrank,lowrank,0,3,stack_nonlinear,32,9401104,240,24,5760,8,2160,2160,2160,2160,24,24,24
n8_lowrank0_d3_stack_nonlinear_T32_s9401104,8,lowrank,lowrank,0,3,stack_nonlinear,32,9401104,240,24,5760,16,2160,2160,2160,2160,24,24,24
n8_lowrank0_d3_stack_nonlinear_T32_s9401104,8,lowrank,lowrank,0,3,stack_nonlinear,32,9401104,240,24,5760,32,2160,2160,2160,2160,24,24,24
n8_lowrank0_d3_stack_nonlinear_T128_s9401100,8,lowrank,lowrank,0,3,stack_nonlinear,128,9401100,240,24,5760,1,1944,1944,1944,1944,24,24,24
n8_lowrank0_d3_stack_nonlinear_T128_s9401100,8,lowrank,lowrank,0,3,stack_nonlinear,128,9401100,240,24,5760,2,2160,2160,2160,2160,24,24,24
n8_lowrank0_d3_stack_nonlinear_T128_s9401100,8,lowrank,lowrank,0,3,stack_nonlinear,128,9401100,240,24,5760,4,2160,2160,2160,2160,24,24,24
n8_lowrank0_d3_stack_nonlinear_T128_s9401100,8,lowrank,lowrank,0,3,stack_nonlinear,128,9401100,240,24,5760,8,2160,2160,2160,2160,24,24,24
n8_lowrank0_d3_stack_nonlinear_T128_s9401100,8,lowrank,lowrank,0,3,stack_nonlinear,128,9401100,240,24,5760,16,2160,2160,2160,2160,24,24,24
n8_lowrank0_d3_stack_nonlinear_T128_s9401100,8,lowrank,lowrank,0,3,stack_nonlinear,128,9401100,240,24,5760,32,2160,2160,2160,2160,24,24,24
n8_lowrank0_d3_stack_nonlinear_T128_s9401100,8,lowrank,lowrank,0,3,stack_nonlinear,128,9401100,240,24,5760,64,2160,2160,2160,2160,24,24,24
n8_lowrank0_d3_stack_nonlinear_T128_s9401100,8,lowrank,lowrank,0,3,stack_nonlinear,128,9401100,240,24,5760,128,2160,2160,2160,2160,24,24,24
n8_lowrank0_d3_stack_nonlinear_T128_s9401101,8,lowrank,lowrank,0,3,stack_nonlinear,128,9401101,240,24,5760,1,1944,1944,1944,1944,24,24,24
n8_lowrank0_d3_stack_nonlinear_T128_s9401101,8,lowrank,lowrank,0,3,stack_nonlinear,128,9401101,240,24,5760,2,2160,2160,2160,2160,24,24,24
n8_lowrank0_d3_stack_nonlinear_T128_s9401101,8,lowrank,lowrank,0,3,stack_nonlinear,128,9401101,240,24,5760,4,2160,2160,2160,2160,24,24,24
n8_lowrank0_d3_stack_nonlinear_T128_s9401101,8,lowrank,lowrank,0,3,stack_nonlinear,128,9401101,240,24,5760,8,2160,2160,2160,2160,24,24,24
n8_lowrank0_d3_stack_nonlinear_T128_s9401101,8,lowrank,lowrank,0,3,stack_nonlinear,128,9401101,240,24,5760,16,2160,2160,2160,2160,24,24,24
n8_lowrank0_d3_stack_nonlinear_T128_s9401101,8,lowrank,lowrank,0,3,stack_nonlinear,128,9401101,240,24,5760,32,2160,2160,2160,2160,24,24,24
n8_lowrank0_d3_stack_nonlinear_T128_s9401101,8,lowrank,lowrank,0,3,stack_nonlinear,128,9401101,240,24,5760,64,2160,2160,2160,2160,24,24,24
n8_lowrank0_d3_stack_nonlinear_T128_s9401101,8,lowrank,lowrank,0,3,stack_nonlinear,128,9401101,240,24,5760,128,2160,2160,2160,2160,24,24,24
n8_lowrank0_d3_stack_nonlinear_T128_s9401102,8,lowrank,lowrank,0,3,stack_nonlinear,128,9401102,240,24,5760,1,1944,1944,1944,1944,24,24,24
n8_lowrank0_d3_stack_nonlinear_T128_s9401102,8,lowrank,lowrank,0,3,stack_nonlinear,128,9401102,240,24,5760,2,2160,2160,2160,2160,24,24,24
n8_lowrank0_d3_stack_nonlinear_T128_s9401102,8,lowrank,lowrank,0,3,stack_nonlinear,128,9401102,240,24,5760,4,2160,2160,2160,2160,24,24,24
n8_lowrank0_d3_stack_nonlinear_T128_s9401102,8,lowrank,lowrank,0,3,stack_nonlinear,128,9401102,240,24,5760,8,2160,2160,2160,2160,24,24,24
n8_lowrank0_d3_stack_nonlinear_T128_s9401102,8,lowrank,lowrank,0,3,stack_nonlinear,128,9401102,240,24,5760,16,2160,2160,2160,2160,24,24,24
n8_lowrank0_d3_stack_nonlinear_T128_s9401102,8,lowrank,lowrank,0,3,stack_nonlinear,128,9401102,240,24,5760,32,2160,2160,2160,2160,24,24,24
n8_lowrank0_d3_stack_nonlinear_T128_s9401102,8,lowrank,lowrank,0,3,stack_nonlinear,128,9401102,240,24,5760,64,2160,2160,2160,2160,24,24,24
n8_lowrank0_d3_stack_nonlinear_T128_s9401102,8,lowrank,lowrank,0,3,stack_nonlinear,128,9401102,240,24,5760,128,2160,2160,2160,2160,24,24,24
n8_lowrank0_d3_stack_nonlinear_T128_s9401103,8,lowrank,lowrank,0,3,stack_nonlinear,128,9401103,240,24,5760,1,1944,1944,1944,1944,24,24,24
n8_lowrank0_d3_stack_nonlinear_T128_s9401103,8,lowrank,lowrank,0,3,stack_nonlinear,128,9401103,240,24,5760,2,2160,2160,2160,2160,24,24,24
n8_lowrank0_d3_stack_nonlinear_T128_s9401103,8,lowrank,lowrank,0,3,stack_nonlinear,128,9401103,240,24,5760,4,2160,2160,2160,2160,24,24,24
n8_lowrank0_d3_stack_nonlinear_T128_s9401103,8,lowrank,lowrank,0,3,stack_nonlinear,128,9401103,240,24,5760,8,2160,2160,2160,2160,24,24,24
n8_lowrank0_d3_stack_nonlinear_T128_s9401103,8,lowrank,lowrank,0,3,stack_nonlinear,128,9401103,240,24,5760,16,2160,2160,2160,2160,24,24,24
n8_lowrank0_d3_stack_nonlinear_T128_s9401103,8,lowrank,lowrank,0,3,stack_nonlinear,128,9401103,240,24,5760,32,2160,2160,2160,2160,24,24,24
n8_lowrank0_d3_stack_nonlinear_T128_s9401103,8,lowrank,lowrank,0,3,stack_nonlinear,128,9401103,240,24,5760,64,2160,2160,2160,2160,24,24,24
n8_lowrank0_d3_stack_nonlinear_T128_s9401103,8,lowrank,lowrank,0,3,stack_nonlinear,128,9401103,240,24,5760,128,2160,2160,2160,2160,24,24,24
n8_lowrank0_d3_stack_nonlinear_T128_s9401104,8,lowrank,lowrank,0,3,stack_nonlinear,128,9401104,240,24,5760,1,1944,1944,1944,1944,24,24,24
n8_lowrank0_d3_stack_nonlinear_T128_s9401104,8,lowrank,lowrank,0,3,stack_nonlinear,128,9401104,240,24,5760,2,2160,2160,2160,2160,24,24,24
n8_lowrank0_d3_stack_nonlinear_T128_s9401104,8,lowrank,lowrank,0,3,stack_nonlinear,128,9401104,240,24,5760,4,2160,2160,2160,2160,24,24,24
n8_lowrank0_d3_stack_nonlinear_T128_s9401104,8,lowrank,lowrank,0,3,stack_nonlinear,128,9401104,240,24,5760,8,2160,2160,2160,2160,24,24,24
n8_lowrank0_d3_stack_nonlinear_T128_s9401104,8,lowrank,lowrank,0,3,stack_nonlinear,128,9401104,240,24,5760,16,2160,2160,2160,2160,24,24,24
n8_lowrank0_d3_stack_nonlinear_T128_s9401104,8,lowrank,lowrank,0,3,stack_nonlinear,128,9401104,240,24,5760,32,2160,2160,2160,2160,24,24,24
n8_lowrank0_d3_stack_nonlinear_T128_s9401104,8,lowrank,lowrank,0,3,stack_nonlinear,128,9401104,240,24,5760,64,2160,2160,2160,2160,24,24,24
n8_lowrank0_d3_stack_nonlinear_T128_s9401104,8,lowrank,lowrank,0,3,stack_nonlinear,128,9401104,240,24,5760,128,2160,2160,2160,2160,24,24,24
n8_lowrank1_d1_stack_nonlinear_T32_s9401100,8,lowrank,lowrank,1,1,stack_nonlinear,32,9401100,96,8,768,1,72,72,72,72,8,8,8
n8_lowrank1_d1_stack_nonlinear_T32_s9401100,8,lowrank,lowrank,1,1,stack_nonlinear,32,9401100,96,8,768,2,656,656,656,656,8,8,8
n8_lowrank1_d1_stack_nonlinear_T32_s9401100,8,lowrank,lowrank,1,1,stack_nonlinear,32,9401100,96,8,768,4,768,768,768,768,8,8,8
n8_lowrank1_d1_stack_nonlinear_T32_s9401100,8,lowrank,lowrank,1,1,stack_nonlinear,32,9401100,96,8,768,8,768,768,768,768,8,8,8
n8_lowrank1_d1_stack_nonlinear_T32_s9401100,8,lowrank,lowrank,1,1,stack_nonlinear,32,9401100,96,8,768,16,768,768,768,768,8,8,8
n8_lowrank1_d1_stack_nonlinear_T32_s9401100,8,lowrank,lowrank,1,1,stack_nonlinear,32,9401100,96,8,768,32,768,768,768,768,8,8,8
n8_lowrank1_d1_stack_nonlinear_T32_s9401101,8,lowrank,lowrank,1,1,stack_nonlinear,32,9401101,96,8,768,1,72,72,72,72,8,8,8
n8_lowrank1_d1_stack_nonlinear_T32_s9401101,8,lowrank,lowrank,1,1,stack_nonlinear,32,9401101,96,8,768,2,656,656,656,656,8,8,8
n8_lowrank1_d1_stack_nonlinear_T32_s9401101,8,lowrank,lowrank,1,1,stack_nonlinear,32,9401101,96,8,768,4,768,768,768,768,8,8,8
n8_lowrank1_d1_stack_nonlinear_T32_s9401101,8,lowrank,lowrank,1,1,stack_nonlinear,32,9401101,96,8,768,8,768,768,768,768,8,8,8
n8_lowrank1_d1_stack_nonlinear_T32_s9401101,8,lowrank,lowrank,1,1,stack_nonlinear,32,9401101,96,8,768,16,768,768,768,768,8,8,8
n8_lowrank1_d1_stack_nonlinear_T32_s9401101,8,lowrank,lowrank,1,1,stack_nonlinear,32,9401101,96,8,768,32,768,768,768,768,8,8,8
n8_lowrank1_d1_stack_nonlinear_T32_s9401102,8,lowrank,lowrank,1,1,stack_nonlinear,32,9401102,96,8,768,1,72,72,72,72,8,8,8
n8_lowrank1_d1_stack_nonlinear_T32_s9401102,8,lowrank,lowrank,1,1,stack_nonlinear,32,9401102,96,8,768,2,656,656,656,656,8,8,8
n8_lowrank1_d1_stack_nonlinear_T32_s9401102,8,lowrank,lowrank,1,1,stack_nonlinear,32,9401102,96,8,768,4,768,768,768,768,8,8,8
n8_lowrank1_d1_stack_nonlinear_T32_s9401102,8,lowrank,lowrank,1,1,stack_nonlinear,32,9401102,96,8,768,8,768,768,768,768,8,8,8
n8_lowrank1_d1_stack_nonlinear_T32_s9401102,8,lowrank,lowrank,1,1,stack_nonlinear,32,9401102,96,8,768,16,768,768,768,768,8,8,8
n8_lowrank1_d1_stack_nonlinear_T32_s9401102,8,lowrank,lowrank,1,1,stack_nonlinear,32,9401102,96,8,768,32,768,768,768,768,8,8,8
n8_lowrank1_d1_stack_nonlinear_T32_s9401103,8,lowrank,lowrank,1,1,stack_nonlinear,32,9401103,96,8,768,1,72,72,72,72,8,8,8
n8_lowrank1_d1_stack_nonlinear_T32_s9401103,8,lowrank,lowrank,1,1,stack_nonlinear,32,9401103,96,8,768,2,656,656,656,656,8,8,8
n8_lowrank1_d1_stack_nonlinear_T32_s9401103,8,lowrank,lowrank,1,1,stack_nonlinear,32,9401103,96,8,768,4,768,768,768,768,8,8,8
n8_lowrank1_d1_stack_nonlinear_T32_s9401103,8,lowrank,lowrank,1,1,stack_nonlinear,32,9401103,96,8,768,8,768,768,768,768,8,8,8
n8_lowrank1_d1_stack_nonlinear_T32_s9401103,8,lowrank,lowrank,1,1,stack_nonlinear,32,9401103,96,8,768,16,768,768,768,768,8,8,8
n8_lowrank1_d1_stack_nonlinear_T32_s9401103,8,lowrank,lowrank,1,1,stack_nonlinear,32,9401103,96,8,768,32,768,768,768,768,8,8,8
n8_lowrank1_d1_stack_nonlinear_T32_s9401104,8,lowrank,lowrank,1,1,stack_nonlinear,32,9401104,96,8,768,1,72,72,72,72,8,8,8
n8_lowrank1_d1_stack_nonlinear_T32_s9401104,8,lowrank,lowrank,1,1,stack_nonlinear,32,9401104,96,8,768,2,656,656,656,656,8,8,8
n8_lowrank1_d1_stack_nonlinear_T32_s9401104,8,lowrank,lowrank,1,1,stack_nonlinear,32,9401104,96,8,768,4,768,768,768,768,8,8,8
n8_lowrank1_d1_stack_nonlinear_T32_s9401104,8,lowrank,lowrank,1,1,stack_nonlinear,32,9401104,96,8,768,8,768,768,768,768,8,8,8
n8_lowrank1_d1_stack_nonlinear_T32_s9401104,8,lowrank,lowrank,1,1,stack_nonlinear,32,9401104,96,8,768,16,768,768,768,768,8,8,8
n8_lowrank1_d1_stack_nonlinear_T32_s9401104,8,lowrank,lowrank,1,1,stack_nonlinear,32,9401104,96,8,768,32,768,768,768,768,8,8,8
n8_lowrank1_d1_stack_nonlinear_T128_s9401100,8,lowrank,lowrank,1,1,stack_nonlinear,128,9401100,96,8,768,1,72,72,72,72,8,8,8
n8_lowrank1_d1_stack_nonlinear_T128_s9401100,8,lowrank,lowrank,1,1,stack_nonlinear,128,9401100,96,8,768,2,656,656,656,656,8,8,8
n8_lowrank1_d1_stack_nonlinear_T128_s9401100,8,lowrank,lowrank,1,1,stack_nonlinear,128,9401100,96,8,768,4,768,768,768,768,8,8,8
n8_lowrank1_d1_stack_nonlinear_T128_s9401100,8,lowrank,lowrank,1,1,stack_nonlinear,128,9401100,96,8,768,8,768,768,768,768,8,8,8
n8_lowrank1_d1_stack_nonlinear_T128_s9401100,8,lowrank,lowrank,1,1,stack_nonlinear,128,9401100,96,8,768,16,768,768,768,768,8,8,8
n8_lowrank1_d1_stack_nonlinear_T128_s9401100,8,lowrank,lowrank,1,1,stack_nonlinear,128,9401100,96,8,768,32,768,768,768,768,8,8,8
n8_lowrank1_d1_stack_nonlinear_T128_s9401100,8,lowrank,lowrank,1,1,stack_nonlinear,128,9401100,96,8,768,64,768,768,768,768,8,8,8
n8_lowrank1_d1_stack_nonlinear_T128_s9401100,8,lowrank,lowrank,1,1,stack_nonlinear,128,9401100,96,8,768,128,768,768,768,768,8,8,8
n8_lowrank1_d1_stack_nonlinear_T128_s9401101,8,lowrank,lowrank,1,1,stack_nonlinear,128,9401101,96,8,768,1,72,72,72,72,8,8,8
n8_lowrank1_d1_stack_nonlinear_T128_s9401101,8,lowrank,lowrank,1,1,stack_nonlinear,128,9401101,96,8,768,2,656,656,656,656,8,8,8
n8_lowrank1_d1_stack_nonlinear_T128_s9401101,8,lowrank,lowrank,1,1,stack_nonlinear,128,9401101,96,8,768,4,768,768,768,768,8,8,8
n8_lowrank1_d1_stack_nonlinear_T128_s9401101,8,lowrank,lowrank,1,1,stack_nonlinear,128,9401101,96,8,768,8,768,768,768,768,8,8,8
n8_lowrank1_d1_stack_nonlinear_T128_s9401101,8,lowrank,lowrank,1,1,stack_nonlinear,128,9401101,96,8,768,16,768,768,768,768,8,8,8
n8_lowrank1_d1_stack_nonlinear_T128_s9401101,8,lowrank,lowrank,1,1,stack_nonlinear,128,9401101,96,8,768,32,768,768,768,768,8,8,8
n8_lowrank1_d1_stack_nonlinear_T128_s9401101,8,lowrank,lowrank,1,1,stack_nonlinear,128,9401101,96,8,768,64,768,768,768,768,8,8,8
n8_lowrank1_d1_stack_nonlinear_T128_s9401101,8,lowrank,lowrank,1,1,stack_nonlinear,128,9401101,96,8,768,128,768,768,768,768,8,8,8
n8_lowrank1_d1_stack_nonlinear_T128_s9401102,8,lowrank,lowrank,1,1,stack_nonlinear,128,9401102,96,8,768,1,72,72,72,72,8,8,8
n8_lowrank1_d1_stack_nonlinear_T128_s9401102,8,lowrank,lowrank,1,1,stack_nonlinear,128,9401102,96,8,768,2,656,656,656,656,8,8,8
n8_lowrank1_d1_stack_nonlinear_T128_s9401102,8,lowrank,lowrank,1,1,stack_nonlinear,128,9401102,96,8,768,4,768,768,768,768,8,8,8
n8_lowrank1_d1_stack_nonlinear_T128_s9401102,8,lowrank,lowrank,1,1,stack_nonlinear,128,9401102,96,8,768,8,768,768,768,768,8,8,8
n8_lowrank1_d1_stack_nonlinear_T128_s9401102,8,lowrank,lowrank,1,1,stack_nonlinear,128,9401102,96,8,768,16,768,768,768,768,8,8,8
n8_lowrank1_d1_stack_nonlinear_T128_s9401102,8,lowrank,lowrank,1,1,stack_nonlinear,128,9401102,96,8,768,32,768,768,768,768,8,8,8
n8_lowrank1_d1_stack_nonlinear_T128_s9401102,8,lowrank,lowrank,1,1,stack_nonlinear,128,9401102,96,8,768,64,768,768,768,768,8,8,8
n8_lowrank1_d1_stack_nonlinear_T128_s9401102,8,lowrank,lowrank,1,1,stack_nonlinear,128,9401102,96,8,768,128,768,768,768,768,8,8,8
n8_lowrank1_d1_stack_nonlinear_T128_s9401103,8,lowrank,lowrank,1,1,stack_nonlinear,128,9401103,96,8,768,1,72,72,72,72,8,8,8
n8_lowrank1_d1_stack_nonlinear_T128_s9401103,8,lowrank,lowrank,1,1,stack_nonlinear,128,9401103,96,8,768,2,656,656,656,656,8,8,8
n8_lowrank1_d1_stack_nonlinear_T128_s9401103,8,lowrank,lowrank,1,1,stack_nonlinear,128,9401103,96,8,768,4,768,768,768,768,8,8,8
n8_lowrank1_d1_stack_nonlinear_T128_s9401103,8,lowrank,lowrank,1,1,stack_nonlinear,128,9401103,96,8,768,8,768,768,768,768,8,8,8
n8_lowrank1_d1_stack_nonlinear_T128_s9401103,8,lowrank,lowrank,1,1,stack_nonlinear,128,9401103,96,8,768,16,768,768,768,768,8,8,8
n8_lowrank1_d1_stack_nonlinear_T128_s9401103,8,lowrank,lowrank,1,1,stack_nonlinear,128,9401103,96,8,768,32,768,768,768,768,8,8,8
n8_lowrank1_d1_stack_nonlinear_T128_s9401103,8,lowrank,lowrank,1,1,stack_nonlinear,128,9401103,96,8,768,64,768,768,768,768,8,8,8
n8_lowrank1_d1_stack_nonlinear_T128_s9401103,8,lowrank,lowrank,1,1,stack_nonlinear,128,9401103,96,8,768,128,768,768,768,768,8,8,8
n8_lowrank1_d1_stack_nonlinear_T128_s9401104,8,lowrank,lowrank,1,1,stack_nonlinear,128,9401104,96,8,768,1,72,72,72,72,8,8,8
n8_lowrank1_d1_stack_nonlinear_T128_s9401104,8,lowrank,lowrank,1,1,stack_nonlinear,128,9401104,96,8,768,2,656,656,656,656,8,8,8
n8_lowrank1_d1_stack_nonlinear_T128_s9401104,8,lowrank,lowrank,1,1,stack_nonlinear,128,9401104,96,8,768,4,768,768,768,768,8,8,8
n8_lowrank1_d1_stack_nonlinear_T128_s9401104,8,lowrank,lowrank,1,1,stack_nonlinear,128,9401104,96,8,768,8,768,768,768,768,8,8,8
n8_lowrank1_d1_stack_nonlinear_T128_s9401104,8,lowrank,lowrank,1,1,stack_nonlinear,128,9401104,96,8,768,16,768,768,768,768,8,8,8
n8_lowrank1_d1_stack_nonlinear_T128_s9401104,8,lowrank,lowrank,1,1,stack_nonlinear,128,9401104,96,8,768,32,768,768,768,768,8,8,8
n8_lowrank1_d1_stack_nonlinear_T128_s9401104,8,lowrank,lowrank,1,1,stack_nonlinear,128,9401104,96,8,768,64,768,768,768,768,8,8,8
n8_lowrank1_d1_stack_nonlinear_T128_s9401104,8,lowrank,lowrank,1,1,stack_nonlinear,128,9401104,96,8,768,128,768,768,768,768,8,8,8
n8_lowrank1_d2_stack_nonlinear_T32_s9401100,8,lowrank,lowrank,1,2,stack_nonlinear,32,9401100,192,16,3072,1,720,720,720,720,16,16,16
n8_lowrank1_d2_stack_nonlinear_T32_s9401100,8,lowrank,lowrank,1,2,stack_nonlinear,32,9401100,192,16,3072,2,2080,2080,2080,2080,16,16,16
n8_lowrank1_d2_stack_nonlinear_T32_s9401100,8,lowrank,lowrank,1,2,stack_nonlinear,32,9401100,192,16,3072,4,2304,2304,2304,2304,16,16,16
n8_lowrank1_d2_stack_nonlinear_T32_s9401100,8,lowrank,lowrank,1,2,stack_nonlinear,32,9401100,192,16,3072,8,2304,2304,2304,2304,16,16,16
n8_lowrank1_d2_stack_nonlinear_T32_s9401100,8,lowrank,lowrank,1,2,stack_nonlinear,32,9401100,192,16,3072,16,2304,2304,2304,2304,16,16,16
n8_lowrank1_d2_stack_nonlinear_T32_s9401100,8,lowrank,lowrank,1,2,stack_nonlinear,32,9401100,192,16,3072,32,2304,2304,2304,2304,16,16,16
n8_lowrank1_d2_stack_nonlinear_T32_s9401101,8,lowrank,lowrank,1,2,stack_nonlinear,32,9401101,192,16,3072,1,720,720,720,720,16,16,16
n8_lowrank1_d2_stack_nonlinear_T32_s9401101,8,lowrank,lowrank,1,2,stack_nonlinear,32,9401101,192,16,3072,2,2080,2080,2080,2080,16,16,16
n8_lowrank1_d2_stack_nonlinear_T32_s9401101,8,lowrank,lowrank,1,2,stack_nonlinear,32,9401101,192,16,3072,4,2304,2304,2304,2304,16,16,16
n8_lowrank1_d2_stack_nonlinear_T32_s9401101,8,lowrank,lowrank,1,2,stack_nonlinear,32,9401101,192,16,3072,8,2304,2304,2304,2304,16,16,16
n8_lowrank1_d2_stack_nonlinear_T32_s9401101,8,lowrank,lowrank,1,2,stack_nonlinear,32,9401101,192,16,3072,16,2304,2304,2304,2304,16,16,16
n8_lowrank1_d2_stack_nonlinear_T32_s9401101,8,lowrank,lowrank,1,2,stack_nonlinear,32,9401101,192,16,3072,32,2304,2304,2304,2304,16,16,16
n8_lowrank1_d2_stack_nonlinear_T32_s9401102,8,lowrank,lowrank,1,2,stack_nonlinear,32,9401102,192,16,3072,1,720,720,720,720,16,16,16
n8_lowrank1_d2_stack_nonlinear_T32_s9401102,8,lowrank,lowrank,1,2,stack_nonlinear,32,9401102,192,16,3072,2,2080,2080,2080,2080,16,16,16
n8_lowrank1_d2_stack_nonlinear_T32_s9401102,8,lowrank,lowrank,1,2,stack_nonlinear,32,9401102,192,16,3072,4,2304,2304,2304,2304,16,16,16
n8_lowrank1_d2_stack_nonlinear_T32_s9401102,8,lowrank,lowrank,1,2,stack_nonlinear,32,9401102,192,16,3072,8,2304,2304,2304,2304,16,16,16
n8_lowrank1_d2_stack_nonlinear_T32_s9401102,8,lowrank,lowrank,1,2,stack_nonlinear,32,9401102,192,16,3072,16,2304,2304,2304,2304,16,16,16
n8_lowrank1_d2_stack_nonlinear_T32_s9401102,8,lowrank,lowrank,1,2,stack_nonlinear,32,9401102,192,16,3072,32,2304,2304,2304,2304,16,16,16
n8_lowrank1_d2_stack_nonlinear_T32_s9401103,8,lowrank,lowrank,1,2,stack_nonlinear,32,9401103,192,16,3072,1,720,720,720,720,16,16,16
n8_lowrank1_d2_stack_nonlinear_T32_s9401103,8,lowrank,lowrank,1,2,stack_nonlinear,32,9401103,192,16,3072,2,2080,2080,2080,2080,16,16,16
n8_lowrank1_d2_stack_nonlinear_T32_s9401103,8,lowrank,lowrank,1,2,stack_nonlinear,32,9401103,192,16,3072,4,2304,2304,2304,2304,16,16,16
n8_lowrank1_d2_stack_nonlinear_T32_s9401103,8,lowrank,lowrank,1,2,stack_nonlinear,32,9401103,192,16,3072,8,2304,2304,2304,2304,16,16,16
n8_lowrank1_d2_stack_nonlinear_T32_s9401103,8,lowrank,lowrank,1,2,stack_nonlinear,32,9401103,192,16,3072,16,2304,2304,2304,2304,16,16,16
n8_lowrank1_d2_stack_nonlinear_T32_s9401103,8,lowrank,lowrank,1,2,stack_nonlinear,32,9401103,192,16,3072,32,2304,2304,2304,2304,16,16,16
n8_lowrank1_d2_stack_nonlinear_T32_s9401104,8,lowrank,lowrank,1,2,stack_nonlinear,32,9401104,192,16,3072,1,720,720,720,720,16,16,16
n8_lowrank1_d2_stack_nonlinear_T32_s9401104,8,lowrank,lowrank,1,2,stack_nonlinear,32,9401104,192,16,3072,2,2080,2080,2080,2080,16,16,16
n8_lowrank1_d2_stack_nonlinear_T32_s9401104,8,lowrank,lowrank,1,2,stack_nonlinear,32,9401104,192,16,3072,4,2304,2304,2304,2304,16,16,16
n8_lowrank1_d2_stack_nonlinear_T32_s9401104,8,lowrank,lowrank,1,2,stack_nonlinear,32,9401104,192,16,3072,8,2304,2304,2304,2304,16,16,16
n8_lowrank1_d2_stack_nonlinear_T32_s9401104,8,lowrank,lowrank,1,2,stack_nonlinear,32,9401104,192,16,3072,16,2304,2304,2304,2304,16,16,16
n8_lowrank1_d2_stack_nonlinear_T32_s9401104,8,lowrank,lowrank,1,2,stack_nonlinear,32,9401104,192,16,3072,32,2304,2304,2304,2304,16,16,16
n8_lowrank1_d2_stack_nonlinear_T128_s9401100,8,lowrank,lowrank,1,2,stack_nonlinear,128,9401100,192,16,3072,1,720,720,720,720,16,16,16
n8_lowrank1_d2_stack_nonlinear_T128_s9401100,8,lowrank,lowrank,1,2,stack_nonlinear,128,9401100,192,16,3072,2,2080,2080,2080,2080,16,16,16
n8_lowrank1_d2_stack_nonlinear_T128_s9401100,8,lowrank,lowrank,1,2,stack_nonlinear,128,9401100,192,16,3072,4,2304,2304,2304,2304,16,16,16
n8_lowrank1_d2_stack_nonlinear_T128_s9401100,8,lowrank,lowrank,1,2,stack_nonlinear,128,9401100,192,16,3072,8,2304,2304,2304,2304,16,16,16
n8_lowrank1_d2_stack_nonlinear_T128_s9401100,8,lowrank,lowrank,1,2,stack_nonlinear,128,9401100,192,16,3072,16,2304,2304,2304,2304,16,16,16
n8_lowrank1_d2_stack_nonlinear_T128_s9401100,8,lowrank,lowrank,1,2,stack_nonlinear,128,9401100,192,16,3072,32,2304,2304,2304,2304,16,16,16
n8_lowrank1_d2_stack_nonlinear_T128_s9401100,8,lowrank,lowrank,1,2,stack_nonlinear,128,9401100,192,16,3072,64,2304,2304,2304,2304,16,16,16
n8_lowrank1_d2_stack_nonlinear_T128_s9401100,8,lowrank,lowrank,1,2,stack_nonlinear,128,9401100,192,16,3072,128,2304,2304,2304,2304,16,16,16
n8_lowrank1_d2_stack_nonlinear_T128_s9401101,8,lowrank,lowrank,1,2,stack_nonlinear,128,9401101,192,16,3072,1,720,720,720,720,16,16,16
n8_lowrank1_d2_stack_nonlinear_T128_s9401101,8,lowrank,lowrank,1,2,stack_nonlinear,128,9401101,192,16,3072,2,2080,2080,2080,2080,16,16,16
n8_lowrank1_d2_stack_nonlinear_T128_s9401101,8,lowrank,lowrank,1,2,stack_nonlinear,128,9401101,192,16,3072,4,2304,2304,2304,2304,16,16,16
n8_lowrank1_d2_stack_nonlinear_T128_s9401101,8,lowrank,lowrank,1,2,stack_nonlinear,128,9401101,192,16,3072,8,2304,2304,2304,2304,16,16,16
n8_lowrank1_d2_stack_nonlinear_T128_s9401101,8,lowrank,lowrank,1,2,stack_nonlinear,128,9401101,192,16,3072,16,2304,2304,2304,2304,16,16,16
n8_lowrank1_d2_stack_nonlinear_T128_s9401101,8,lowrank,lowrank,1,2,stack_nonlinear,128,9401101,192,16,3072,32,2304,2304,2304,2304,16,16,16
n8_lowrank1_d2_stack_nonlinear_T128_s9401101,8,lowrank,lowrank,1,2,stack_nonlinear,128,9401101,192,16,3072,64,2304,2304,2304,2304,16,16,16
n8_lowrank1_d2_stack_nonlinear_T128_s9401101,8,lowrank,lowrank,1,2,stack_nonlinear,128,9401101,192,16,3072,128,2304,2304,2304,2304,16,16,16
n8_lowrank1_d2_stack_nonlinear_T128_s9401102,8,lowrank,lowrank,1,2,stack_nonlinear,128,9401102,192,16,3072,1,720,720,720,720,16,16,16
n8_lowrank1_d2_stack_nonlinear_T128_s9401102,8,lowrank,lowrank,1,2,stack_nonlinear,128,9401102,192,16,3072,2,2080,2080,2080,2080,16,16,16
n8_lowrank1_d2_stack_nonlinear_T128_s9401102,8,lowrank,lowrank,1,2,stack_nonlinear,128,9401102,192,16,3072,4,2304,2304,2304,2304,16,16,16
n8_lowrank1_d2_stack_nonlinear_T128_s9401102,8,lowrank,lowrank,1,2,stack_nonlinear,128,9401102,192,16,3072,8,2304,2304,2304,2304,16,16,16
n8_lowrank1_d2_stack_nonlinear_T128_s9401102,8,lowrank,lowrank,1,2,stack_nonlinear,128,9401102,192,16,3072,16,2304,2304,2304,2304,16,16,16
n8_lowrank1_d2_stack_nonlinear_T128_s9401102,8,lowrank,lowrank,1,2,stack_nonlinear,128,9401102,192,16,3072,32,2304,2304,2304,2304,16,16,16
n8_lowrank1_d2_stack_nonlinear_T128_s9401102,8,lowrank,lowrank,1,2,stack_nonlinear,128,9401102,192,16,3072,64,2304,2304,2304,2304,16,16,16
n8_lowrank1_d2_stack_nonlinear_T128_s9401102,8,lowrank,lowrank,1,2,stack_nonlinear,128,9401102,192,16,3072,128,2304,2304,2304,2304,16,16,16
n8_lowrank1_d2_stack_nonlinear_T128_s9401103,8,lowrank,lowrank,1,2,stack_nonlinear,128,9401103,192,16,3072,1,720,720,720,720,16,16,16
n8_lowrank1_d2_stack_nonlinear_T128_s9401103,8,lowrank,lowrank,1,2,stack_nonlinear,128,9401103,192,16,3072,2,2080,2080,2080,2080,16,16,16
n8_lowrank1_d2_stack_nonlinear_T128_s9401103,8,lowrank,lowrank,1,2,stack_nonlinear,128,9401103,192,16,3072,4,2304,2304,2304,2304,16,16,16
n8_lowrank1_d2_stack_nonlinear_T128_s9401103,8,lowrank,lowrank,1,2,stack_nonlinear,128,9401103,192,16,3072,8,2304,2304,2304,2304,16,16,16
n8_lowrank1_d2_stack_nonlinear_T128_s9401103,8,lowrank,lowrank,1,2,stack_nonlinear,128,9401103,192,16,3072,16,2304,2304,2304,2304,16,16,16
n8_lowrank1_d2_stack_nonlinear_T128_s9401103,8,lowrank,lowrank,1,2,stack_nonlinear,128,9401103,192,16,3072,32,2304,2304,2304,2304,16,16,16
n8_lowrank1_d2_stack_nonlinear_T128_s9401103,8,lowrank,lowrank,1,2,stack_nonlinear,128,9401103,192,16,3072,64,2304,2304,2304,2304,16,16,16
n8_lowrank1_d2_stack_nonlinear_T128_s9401103,8,lowrank,lowrank,1,2,stack_nonlinear,128,9401103,192,16,3072,128,2304,2304,2304,2304,16,16,16
n8_lowrank1_d2_stack_nonlinear_T128_s9401104,8,lowrank,lowrank,1,2,stack_nonlinear,128,9401104,192,16,3072,1,720,720,720,720,16,16,16
n8_lowrank1_d2_stack_nonlinear_T128_s9401104,8,lowrank,lowrank,1,2,stack_nonlinear,128,9401104,192,16,3072,2,2080,2080,2080,2080,16,16,16
n8_lowrank1_d2_stack_nonlinear_T128_s9401104,8,lowrank,lowrank,1,2,stack_nonlinear,128,9401104,192,16,3072,4,2304,2304,2304,2304,16,16,16
n8_lowrank1_d2_stack_nonlinear_T128_s9401104,8,lowrank,lowrank,1,2,stack_nonlinear,128,9401104,192,16,3072,8,2304,2304,2304,2304,16,16,16
n8_lowrank1_d2_stack_nonlinear_T128_s9401104,8,lowrank,lowrank,1,2,stack_nonlinear,128,9401104,192,16,3072,16,2304,2304,2304,2304,16,16,16
n8_lowrank1_d2_stack_nonlinear_T128_s9401104,8,lowrank,lowrank,1,2,stack_nonlinear,128,9401104,192,16,3072,32,2304,2304,2304,2304,16,16,16
n8_lowrank1_d2_stack_nonlinear_T128_s9401104,8,lowrank,lowrank,1,2,stack_nonlinear,128,9401104,192,16,3072,64,2304,2304,2304,2304,16,16,16
n8_lowrank1_d2_stack_nonlinear_T128_s9401104,8,lowrank,lowrank,1,2,stack_nonlinear,128,9401104,192,16,3072,128,2304,2304,2304,2304,16,16,16
n8_lowrank1_d3_stack_nonlinear_T32_s9401100,8,lowrank,lowrank,1,3,stack_nonlinear,32,9401100,288,24,6912,1,1944,1944,1944,1944,24,24,24
n8_lowrank1_d3_stack_nonlinear_T32_s9401100,8,lowrank,lowrank,1,3,stack_nonlinear,32,9401100,288,24,6912,2,4272,4272,4272,4272,24,24,24
n8_lowrank1_d3_stack_nonlinear_T32_s9401100,8,lowrank,lowrank,1,3,stack_nonlinear,32,9401100,288,24,6912,4,4608,4608,4608,4608,24,24,24
n8_lowrank1_d3_stack_nonlinear_T32_s9401100,8,lowrank,lowrank,1,3,stack_nonlinear,32,9401100,288,24,6912,8,4608,4608,4608,4608,24,24,24
n8_lowrank1_d3_stack_nonlinear_T32_s9401100,8,lowrank,lowrank,1,3,stack_nonlinear,32,9401100,288,24,6912,16,4608,4608,4608,4608,24,24,24
n8_lowrank1_d3_stack_nonlinear_T32_s9401100,8,lowrank,lowrank,1,3,stack_nonlinear,32,9401100,288,24,6912,32,4608,4608,4608,4608,24,24,24
n8_lowrank1_d3_stack_nonlinear_T32_s9401101,8,lowrank,lowrank,1,3,stack_nonlinear,32,9401101,288,24,6912,1,1944,1944,1944,1944,24,24,24
n8_lowrank1_d3_stack_nonlinear_T32_s9401101,8,lowrank,lowrank,1,3,stack_nonlinear,32,9401101,288,24,6912,2,4272,4272,4272,4272,24,24,24
n8_lowrank1_d3_stack_nonlinear_T32_s9401101,8,lowrank,lowrank,1,3,stack_nonlinear,32,9401101,288,24,6912,4,4608,4608,4608,4608,24,24,24
n8_lowrank1_d3_stack_nonlinear_T32_s9401101,8,lowrank,lowrank,1,3,stack_nonlinear,32,9401101,288,24,6912,8,4608,4608,4608,4608,24,24,24
n8_lowrank1_d3_stack_nonlinear_T32_s9401101,8,lowrank,lowrank,1,3,stack_nonlinear,32,9401101,288,24,6912,16,4608,4608,4608,4608,24,24,24
n8_lowrank1_d3_stack_nonlinear_T32_s9401101,8,lowrank,lowrank,1,3,stack_nonlinear,32,9401101,288,24,6912,32,4608,4608,4608,4608,24,24,24
n8_lowrank1_d3_stack_nonlinear_T32_s9401102,8,lowrank,lowrank,1,3,stack_nonlinear,32,9401102,288,24,6912,1,1944,1944,1944,1944,24,24,24
n8_lowrank1_d3_stack_nonlinear_T32_s9401102,8,lowrank,lowrank,1,3,stack_nonlinear,32,9401102,288,24,6912,2,4272,4272,4272,4272,24,24,24
n8_lowrank1_d3_stack_nonlinear_T32_s9401102,8,lowrank,lowrank,1,3,stack_nonlinear,32,9401102,288,24,6912,4,4608,4608,4608,4608,24,24,24
n8_lowrank1_d3_stack_nonlinear_T32_s9401102,8,lowrank,lowrank,1,3,stack_nonlinear,32,9401102,288,24,6912,8,4608,4608,4608,4608,24,24,24
n8_lowrank1_d3_stack_nonlinear_T32_s9401102,8,lowrank,lowrank,1,3,stack_nonlinear,32,9401102,288,24,6912,16,4608,4608,4608,4608,24,24,24
n8_lowrank1_d3_stack_nonlinear_T32_s9401102,8,lowrank,lowrank,1,3,stack_nonlinear,32,9401102,288,24,6912,32,4608,4608,4608,4608,24,24,24
n8_lowrank1_d3_stack_nonlinear_T32_s9401103,8,lowrank,lowrank,1,3,stack_nonlinear,32,9401103,288,24,6912,1,1944,1944,1944,1944,24,24,24
n8_lowrank1_d3_stack_nonlinear_T32_s9401103,8,lowrank,lowrank,1,3,stack_nonlinear,32,9401103,288,24,6912,2,4272,4272,4272,4272,24,24,24
n8_lowrank1_d3_stack_nonlinear_T32_s9401103,8,lowrank,lowrank,1,3,stack_nonlinear,32,9401103,288,24,6912,4,4608,4608,4608,4608,24,24,24
n8_lowrank1_d3_stack_nonlinear_T32_s9401103,8,lowrank,lowrank,1,3,stack_nonlinear,32,9401103,288,24,6912,8,4608,4608,4608,4608,24,24,24
n8_lowrank1_d3_stack_nonlinear_T32_s9401103,8,lowrank,lowrank,1,3,stack_nonlinear,32,9401103,288,24,6912,16,4608,4608,4608,4608,24,24,24
n8_lowrank1_d3_stack_nonlinear_T32_s9401103,8,lowrank,lowrank,1,3,stack_nonlinear,32,9401103,288,24,6912,32,4608,4608,4608,4608,24,24,24
n8_lowrank1_d3_stack_nonlinear_T32_s9401104,8,lowrank,lowrank,1,3,stack_nonlinear,32,9401104,288,24,6912,1,1944,1944,1944,1944,24,24,24
n8_lowrank1_d3_stack_nonlinear_T32_s9401104,8,lowrank,lowrank,1,3,stack_nonlinear,32,9401104,288,24,6912,2,4272,4272,4272,4272,24,24,24
n8_lowrank1_d3_stack_nonlinear_T32_s9401104,8,lowrank,lowrank,1,3,stack_nonlinear,32,9401104,288,24,6912,4,4608,4608,4608,4608,24,24,24
n8_lowrank1_d3_stack_nonlinear_T32_s9401104,8,lowrank,lowrank,1,3,stack_nonlinear,32,9401104,288,24,6912,8,4608,4608,4608,4608,24,24,24
n8_lowrank1_d3_stack_nonlinear_T32_s9401104,8,lowrank,lowrank,1,3,stack_nonlinear,32,9401104,288,24,6912,16,4608,4608,4608,4608,24,24,24
n8_lowrank1_d3_stack_nonlinear_T32_s9401104,8,lowrank,lowrank,1,3,stack_nonlinear,32,9401104,288,24,6912,32,4608,4608,4608,4608,24,24,24
n8_lowrank1_d3_stack_nonlinear_T128_s9401100,8,lowrank,lowrank,1,3,stack_nonlinear,128,9401100,288,24,6912,1,1944,1944,1944,1944,24,24,24
n8_lowrank1_d3_stack_nonlinear_T128_s9401100,8,lowrank,lowrank,1,3,stack_nonlinear,128,9401100,288,24,6912,2,4272,4272,4272,4272,24,24,24
n8_lowrank1_d3_stack_nonlinear_T128_s9401100,8,lowrank,lowrank,1,3,stack_nonlinear,128,9401100,288,24,6912,4,4608,4608,4608,4608,24,24,24
n8_lowrank1_d3_stack_nonlinear_T128_s9401100,8,lowrank,lowrank,1,3,stack_nonlinear,128,9401100,288,24,6912,8,4608,4608,4608,4608,24,24,24
n8_lowrank1_d3_stack_nonlinear_T128_s9401100,8,lowrank,lowrank,1,3,stack_nonlinear,128,9401100,288,24,6912,16,4608,4608,4608,4608,24,24,24
n8_lowrank1_d3_stack_nonlinear_T128_s9401100,8,lowrank,lowrank,1,3,stack_nonlinear,128,9401100,288,24,6912,32,4608,4608,4608,4608,24,24,24
n8_lowrank1_d3_stack_nonlinear_T128_s9401100,8,lowrank,lowrank,1,3,stack_nonlinear,128,9401100,288,24,6912,64,4608,4608,4608,4608,24,24,24
n8_lowrank1_d3_stack_nonlinear_T128_s9401100,8,lowrank,lowrank,1,3,stack_nonlinear,128,9401100,288,24,6912,128,4608,4608,4608,4608,24,24,24
n8_lowrank1_d3_stack_nonlinear_T128_s9401101,8,lowrank,lowrank,1,3,stack_nonlinear,128,9401101,288,24,6912,1,1944,1944,1944,1944,24,24,24
n8_lowrank1_d3_stack_nonlinear_T128_s9401101,8,lowrank,lowrank,1,3,stack_nonlinear,128,9401101,288,24,6912,2,4272,4272,4272,4272,24,24,24
n8_lowrank1_d3_stack_nonlinear_T128_s9401101,8,lowrank,lowrank,1,3,stack_nonlinear,128,9401101,288,24,6912,4,4608,4608,4608,4608,24,24,24
n8_lowrank1_d3_stack_nonlinear_T128_s9401101,8,lowrank,lowrank,1,3,stack_nonlinear,128,9401101,288,24,6912,8,4608,4608,4608,4608,24,24,24
n8_lowrank1_d3_stack_nonlinear_T128_s9401101,8,lowrank,lowrank,1,3,stack_nonlinear,128,9401101,288,24,6912,16,4608,4608,4608,4608,24,24,24
n8_lowrank1_d3_stack_nonlinear_T128_s9401101,8,lowrank,lowrank,1,3,stack_nonlinear,128,9401101,288,24,6912,32,4608,4608,4608,4608,24,24,24
n8_lowrank1_d3_stack_nonlinear_T128_s9401101,8,lowrank,lowrank,1,3,stack_nonlinear,128,9401101,288,24,6912,64,4608,4608,4608,4608,24,24,24
n8_lowrank1_d3_stack_nonlinear_T128_s9401101,8,lowrank,lowrank,1,3,stack_nonlinear,128,9401101,288,24,6912,128,4608,4608,4608,4608,24,24,24
n8_lowrank1_d3_stack_nonlinear_T128_s9401102,8,lowrank,lowrank,1,3,stack_nonlinear,128,9401102,288,24,6912,1,1944,1944,1944,1944,24,24,24
n8_lowrank1_d3_stack_nonlinear_T128_s9401102,8,lowrank,lowrank,1,3,stack_nonlinear,128,9401102,288,24,6912,2,4272,4272,4272,4272,24,24,24
n8_lowrank1_d3_stack_nonlinear_T128_s9401102,8,lowrank,lowrank,1,3,stack_nonlinear,128,9401102,288,24,6912,4,4608,4608,4608,4608,24,24,24
n8_lowrank1_d3_stack_nonlinear_T128_s9401102,8,lowrank,lowrank,1,3,stack_nonlinear,128,9401102,288,24,6912,8,4608,4608,4608,4608,24,24,24
n8_lowrank1_d3_stack_nonlinear_T128_s9401102,8,lowrank,lowrank,1,3,stack_nonlinear,128,9401102,288,24,6912,16,4608,4608,4608,4608,24,24,24
n8_lowrank1_d3_stack_nonlinear_T128_s9401102,8,lowrank,lowrank,1,3,stack_nonlinear,128,9401102,288,24,6912,32,4608,4608,4608,4608,24,24,24
n8_lowrank1_d3_stack_nonlinear_T128_s9401102,8,lowrank,lowrank,1,3,stack_nonlinear,128,9401102,288,24,6912,64,4608,4608,4608,4608,24,24,24
n8_lowrank1_d3_stack_nonlinear_T128_s9401102,8,lowrank,lowrank,1,3,stack_nonlinear,128,9401102,288,24,6912,128,4608,4608,4608,4608,24,24,24
n8_lowrank1_d3_stack_nonlinear_T128_s9401103,8,lowrank,lowrank,1,3,stack_nonlinear,128,9401103,288,24,6912,1,1944,1944,1944,1944,24,24,24
n8_lowrank1_d3_stack_nonlinear_T128_s9401103,8,lowrank,lowrank,1,3,stack_nonlinear,128,9401103,288,24,6912,2,4272,4272,4272,4272,24,24,24
n8_lowrank1_d3_stack_nonlinear_T128_s9401103,8,lowrank,lowrank,1,3,stack_nonlinear,128,9401103,288,24,6912,4,4608,4608,4608,4608,24,24,24
n8_lowrank1_d3_stack_nonlinear_T128_s9401103,8,lowrank,lowrank,1,3,stack_nonlinear,128,9401103,288,24,6912,8,4608,4608,4608,4608,24,24,24
n8_lowrank1_d3_stack_nonlinear_T128_s9401103,8,lowrank,lowrank,1,3,stack_nonlinear,128,9401103,288,24,6912,16,4608,4608,4608,4608,24,24,24
n8_lowrank1_d3_stack_nonlinear_T128_s9401103,8,lowrank,lowrank,1,3,stack_nonlinear,128,9401103,288,24,6912,32,4608,4608,4608,4608,24,24,24
n8_lowrank1_d3_stack_nonlinear_T128_s9401103,8,lowrank,lowrank,1,3,stack_nonlinear,128,9401103,288,24,6912,64,4608,4608,4608,4608,24,24,24
n8_lowrank1_d3_stack_nonlinear_T128_s9401103,8,lowrank,lowrank,1,3,stack_nonlinear,128,9401103,288,24,6912,128,4608,4608,4608,4608,24,24,24
n8_lowrank1_d3_stack_nonlinear_T128_s9401104,8,lowrank,lowrank,1,3,stack_nonlinear,128,9401104,288,24,6912,1,1944,1944,1944,1944,24,24,24
n8_lowrank1_d3_stack_nonlinear_T128_s9401104,8,lowrank,lowrank,1,3,stack_nonlinear,128,9401104,288,24,6912,2,4272,4272,4272,4272,24,24,24
n8_lowrank1_d3_stack_nonlinear_T128_s9401104,8,lowrank,lowrank,1,3,stack_nonlinear,128,9401104,288,24,6912,4,4608,4608,4608,4608,24,24,24
n8_lowrank1_d3_stack_nonlinear_T128_s9401104,8,lowrank,lowrank,1,3,stack_nonlinear,128,9401104,288,24,6912,8,4608,4608,4608,4608,24,24,24
n8_lowrank1_d3_stack_nonlinear_T128_s9401104,8,lowrank,lowrank,1,3,stack_nonlinear,128,9401104,288,24,6912,16,4608,4608,4608,4608,24,24,24
n8_lowrank1_d3_stack_nonlinear_T128_s9401104,8,lowrank,lowrank,1,3,stack_nonlinear,128,9401104,288,24,6912,32,4608,4608,4608,4608,24,24,24
n8_lowrank1_d3_stack_nonlinear_T128_s9401104,8,lowrank,lowrank,1,3,stack_nonlinear,128,9401104,288,24,6912,64,4608,4608,4608,4608,24,24,24
n8_lowrank1_d3_stack_nonlinear_T128_s9401104,8,lowrank,lowrank,1,3,stack_nonlinear,128,9401104,288,24,6912,128,4608,4608,4608,4608,24,24,24
n8_lowrank2_d1_stack_nonlinear_T32_s9401100,8,lowrank,lowrank,2,1,stack_nonlinear,32,9401100,112,8,896,1,72,72,72,72,8,8,8
n8_lowrank2_d1_stack_nonlinear_T32_s9401100,8,lowrank,lowrank,2,1,stack_nonlinear,32,9401100,112,8,896,2,728,728,728,728,8,8,8
n8_lowrank2_d1_stack_nonlinear_T32_s9401100,8,lowrank,lowrank,2,1,stack_nonlinear,32,9401100,112,8,896,4,896,896,896,896,8,8,8
n8_lowrank2_d1_stack_nonlinear_T32_s9401100,8,lowrank,lowrank,2,1,stack_nonlinear,32,9401100,112,8,896,8,896,896,896,896,8,8,8
n8_lowrank2_d1_stack_nonlinear_T32_s9401100,8,lowrank,lowrank,2,1,stack_nonlinear,32,9401100,112,8,896,16,896,896,896,896,8,8,8
n8_lowrank2_d1_stack_nonlinear_T32_s9401100,8,lowrank,lowrank,2,1,stack_nonlinear,32,9401100,112,8,896,32,896,896,896,896,8,8,8
n8_lowrank2_d1_stack_nonlinear_T32_s9401101,8,lowrank,lowrank,2,1,stack_nonlinear,32,9401101,112,8,896,1,72,72,72,72,8,8,8
n8_lowrank2_d1_stack_nonlinear_T32_s9401101,8,lowrank,lowrank,2,1,stack_nonlinear,32,9401101,112,8,896,2,728,728,728,728,8,8,8
n8_lowrank2_d1_stack_nonlinear_T32_s9401101,8,lowrank,lowrank,2,1,stack_nonlinear,32,9401101,112,8,896,4,896,896,896,896,8,8,8
n8_lowrank2_d1_stack_nonlinear_T32_s9401101,8,lowrank,lowrank,2,1,stack_nonlinear,32,9401101,112,8,896,8,896,896,896,896,8,8,8
n8_lowrank2_d1_stack_nonlinear_T32_s9401101,8,lowrank,lowrank,2,1,stack_nonlinear,32,9401101,112,8,896,16,896,896,896,896,8,8,8
n8_lowrank2_d1_stack_nonlinear_T32_s9401101,8,lowrank,lowrank,2,1,stack_nonlinear,32,9401101,112,8,896,32,896,896,896,896,8,8,8
n8_lowrank2_d1_stack_nonlinear_T32_s9401102,8,lowrank,lowrank,2,1,stack_nonlinear,32,9401102,112,8,896,1,72,72,72,72,8,8,8
n8_lowrank2_d1_stack_nonlinear_T32_s9401102,8,lowrank,lowrank,2,1,stack_nonlinear,32,9401102,112,8,896,2,728,728,728,728,8,8,8
n8_lowrank2_d1_stack_nonlinear_T32_s9401102,8,lowrank,lowrank,2,1,stack_nonlinear,32,9401102,112,8,896,4,896,896,896,896,8,8,8
n8_lowrank2_d1_stack_nonlinear_T32_s9401102,8,lowrank,lowrank,2,1,stack_nonlinear,32,9401102,112,8,896,8,896,896,896,896,8,8,8
n8_lowrank2_d1_stack_nonlinear_T32_s9401102,8,lowrank,lowrank,2,1,stack_nonlinear,32,9401102,112,8,896,16,896,896,896,896,8,8,8
n8_lowrank2_d1_stack_nonlinear_T32_s9401102,8,lowrank,lowrank,2,1,stack_nonlinear,32,9401102,112,8,896,32,896,896,896,896,8,8,8
n8_lowrank2_d1_stack_nonlinear_T32_s9401103,8,lowrank,lowrank,2,1,stack_nonlinear,32,9401103,112,8,896,1,72,72,72,72,8,8,8
n8_lowrank2_d1_stack_nonlinear_T32_s9401103,8,lowrank,lowrank,2,1,stack_nonlinear,32,9401103,112,8,896,2,728,728,728,728,8,8,8
n8_lowrank2_d1_stack_nonlinear_T32_s9401103,8,lowrank,lowrank,2,1,stack_nonlinear,32,9401103,112,8,896,4,896,896,896,896,8,8,8
n8_lowrank2_d1_stack_nonlinear_T32_s9401103,8,lowrank,lowrank,2,1,stack_nonlinear,32,9401103,112,8,896,8,896,896,896,896,8,8,8
n8_lowrank2_d1_stack_nonlinear_T32_s9401103,8,lowrank,lowrank,2,1,stack_nonlinear,32,9401103,112,8,896,16,896,896,896,896,8,8,8
n8_lowrank2_d1_stack_nonlinear_T32_s9401103,8,lowrank,lowrank,2,1,stack_nonlinear,32,9401103,112,8,896,32,896,896,896,896,8,8,8
n8_lowrank2_d1_stack_nonlinear_T32_s9401104,8,lowrank,lowrank,2,1,stack_nonlinear,32,9401104,112,8,896,1,72,72,72,72,8,8,8
n8_lowrank2_d1_stack_nonlinear_T32_s9401104,8,lowrank,lowrank,2,1,stack_nonlinear,32,9401104,112,8,896,2,728,728,728,728,8,8,8
n8_lowrank2_d1_stack_nonlinear_T32_s9401104,8,lowrank,lowrank,2,1,stack_nonlinear,32,9401104,112,8,896,4,896,896,896,896,8,8,8
n8_lowrank2_d1_stack_nonlinear_T32_s9401104,8,lowrank,lowrank,2,1,stack_nonlinear,32,9401104,112,8,896,8,896,896,896,896,8,8,8
n8_lowrank2_d1_stack_nonlinear_T32_s9401104,8,lowrank,lowrank,2,1,stack_nonlinear,32,9401104,112,8,896,16,896,896,896,896,8,8,8
n8_lowrank2_d1_stack_nonlinear_T32_s9401104,8,lowrank,lowrank,2,1,stack_nonlinear,32,9401104,112,8,896,32,896,896,896,896,8,8,8
n8_lowrank2_d1_stack_nonlinear_T128_s9401100,8,lowrank,lowrank,2,1,stack_nonlinear,128,9401100,112,8,896,1,72,72,72,72,8,8,8
n8_lowrank2_d1_stack_nonlinear_T128_s9401100,8,lowrank,lowrank,2,1,stack_nonlinear,128,9401100,112,8,896,2,728,728,728,728,8,8,8
n8_lowrank2_d1_stack_nonlinear_T128_s9401100,8,lowrank,lowrank,2,1,stack_nonlinear,128,9401100,112,8,896,4,896,896,896,896,8,8,8
n8_lowrank2_d1_stack_nonlinear_T128_s9401100,8,lowrank,lowrank,2,1,stack_nonlinear,128,9401100,112,8,896,8,896,896,896,896,8,8,8
n8_lowrank2_d1_stack_nonlinear_T128_s9401100,8,lowrank,lowrank,2,1,stack_nonlinear,128,9401100,112,8,896,16,896,896,896,896,8,8,8
n8_lowrank2_d1_stack_nonlinear_T128_s9401100,8,lowrank,lowrank,2,1,stack_nonlinear,128,9401100,112,8,896,32,896,896,896,896,8,8,8
n8_lowrank2_d1_stack_nonlinear_T128_s9401100,8,lowrank,lowrank,2,1,stack_nonlinear,128,9401100,112,8,896,64,896,896,896,896,8,8,8
n8_lowrank2_d1_stack_nonlinear_T128_s9401100,8,lowrank,lowrank,2,1,stack_nonlinear,128,9401100,112,8,896,128,896,896,896,896,8,8,8
n8_lowrank2_d1_stack_nonlinear_T128_s9401101,8,lowrank,lowrank,2,1,stack_nonlinear,128,9401101,112,8,896,1,72,72,72,72,8,8,8
n8_lowrank2_d1_stack_nonlinear_T128_s9401101,8,lowrank,lowrank,2,1,stack_nonlinear,128,9401101,112,8,896,2,728,728,728,728,8,8,8
n8_lowrank2_d1_stack_nonlinear_T128_s9401101,8,lowrank,lowrank,2,1,stack_nonlinear,128,9401101,112,8,896,4,896,896,896,896,8,8,8
n8_lowrank2_d1_stack_nonlinear_T128_s9401101,8,lowrank,lowrank,2,1,stack_nonlinear,128,9401101,112,8,896,8,896,896,896,896,8,8,8
n8_lowrank2_d1_stack_nonlinear_T128_s9401101,8,lowrank,lowrank,2,1,stack_nonlinear,128,9401101,112,8,896,16,896,896,896,896,8,8,8
n8_lowrank2_d1_stack_nonlinear_T128_s9401101,8,lowrank,lowrank,2,1,stack_nonlinear,128,9401101,112,8,896,32,896,896,896,896,8,8,8
n8_lowrank2_d1_stack_nonlinear_T128_s9401101,8,lowrank,lowrank,2,1,stack_nonlinear,128,9401101,112,8,896,64,896,896,896,896,8,8,8
n8_lowrank2_d1_stack_nonlinear_T128_s9401101,8,lowrank,lowrank,2,1,stack_nonlinear,128,9401101,112,8,896,128,896,896,896,896,8,8,8
n8_lowrank2_d1_stack_nonlinear_T128_s9401102,8,lowrank,lowrank,2,1,stack_nonlinear,128,9401102,112,8,896,1,72,72,72,72,8,8,8
n8_lowrank2_d1_stack_nonlinear_T128_s9401102,8,lowrank,lowrank,2,1,stack_nonlinear,128,9401102,112,8,896,2,728,728,728,728,8,8,8
n8_lowrank2_d1_stack_nonlinear_T128_s9401102,8,lowrank,lowrank,2,1,stack_nonlinear,128,9401102,112,8,896,4,896,896,896,896,8,8,8
n8_lowrank2_d1_stack_nonlinear_T128_s9401102,8,lowrank,lowrank,2,1,stack_nonlinear,128,9401102,112,8,896,8,896,896,896,896,8,8,8
n8_lowrank2_d1_stack_nonlinear_T128_s9401102,8,lowrank,lowrank,2,1,stack_nonlinear,128,9401102,112,8,896,16,896,896,896,896,8,8,8
n8_lowrank2_d1_stack_nonlinear_T128_s9401102,8,lowrank,lowrank,2,1,stack_nonlinear,128,9401102,112,8,896,32,896,896,896,896,8,8,8
n8_lowrank2_d1_stack_nonlinear_T128_s9401102,8,lowrank,lowrank,2,1,stack_nonlinear,128,9401102,112,8,896,64,896,896,896,896,8,8,8
n8_lowrank2_d1_stack_nonlinear_T128_s9401102,8,lowrank,lowrank,2,1,stack_nonlinear,128,9401102,112,8,896,128,896,896,896,896,8,8,8
n8_lowrank2_d1_stack_nonlinear_T128_s9401103,8,lowrank,lowrank,2,1,stack_nonlinear,128,9401103,112,8,896,1,72,72,72,72,8,8,8
n8_lowrank2_d1_stack_nonlinear_T128_s9401103,8,lowrank,lowrank,2,1,stack_nonlinear,128,9401103,112,8,896,2,728,728,728,728,8,8,8
n8_lowrank2_d1_stack_nonlinear_T128_s9401103,8,lowrank,lowrank,2,1,stack_nonlinear,128,9401103,112,8,896,4,896,896,896,896,8,8,8
n8_lowrank2_d1_stack_nonlinear_T128_s9401103,8,lowrank,lowrank,2,1,stack_nonlinear,128,9401103,112,8,896,8,896,896,896,896,8,8,8
n8_lowrank2_d1_stack_nonlinear_T128_s9401103,8,lowrank,lowrank,2,1,stack_nonlinear,128,9401103,112,8,896,16,896,896,896,896,8,8,8
n8_lowrank2_d1_stack_nonlinear_T128_s9401103,8,lowrank,lowrank,2,1,stack_nonlinear,128,9401103,112,8,896,32,896,896,896,896,8,8,8
n8_lowrank2_d1_stack_nonlinear_T128_s9401103,8,lowrank,lowrank,2,1,stack_nonlinear,128,9401103,112,8,896,64,896,896,896,896,8,8,8
n8_lowrank2_d1_stack_nonlinear_T128_s9401103,8,lowrank,lowrank,2,1,stack_nonlinear,128,9401103,112,8,896,128,896,896,896,896,8,8,8
n8_lowrank2_d1_stack_nonlinear_T128_s9401104,8,lowrank,lowrank,2,1,stack_nonlinear,128,9401104,112,8,896,1,72,72,72,72,8,8,8
n8_lowrank2_d1_stack_nonlinear_T128_s9401104,8,lowrank,lowrank,2,1,stack_nonlinear,128,9401104,112,8,896,2,728,728,728,728,8,8,8
n8_lowrank2_d1_stack_nonlinear_T128_s9401104,8,lowrank,lowrank,2,1,stack_nonlinear,128,9401104,112,8,896,4,896,896,896,896,8,8,8
n8_lowrank2_d1_stack_nonlinear_T128_s9401104,8,lowrank,lowrank,2,1,stack_nonlinear,128,9401104,112,8,896,8,896,896,896,896,8,8,8
n8_lowrank2_d1_stack_nonlinear_T128_s9401104,8,lowrank,lowrank,2,1,stack_nonlinear,128,9401104,112,8,896,16,896,896,896,896,8,8,8
n8_lowrank2_d1_stack_nonlinear_T128_s9401104,8,lowrank,lowrank,2,1,stack_nonlinear,128,9401104,112,8,896,32,896,896,896,896,8,8,8
n8_lowrank2_d1_stack_nonlinear_T128_s9401104,8,lowrank,lowrank,2,1,stack_nonlinear,128,9401104,112,8,896,64,896,896,896,896,8,8,8
n8_lowrank2_d1_stack_nonlinear_T128_s9401104,8,lowrank,lowrank,2,1,stack_nonlinear,128,9401104,112,8,896,128,896,896,896,896,8,8,8
n8_lowrank2_d2_stack_nonlinear_T32_s9401100,8,lowrank,lowrank,2,2,stack_nonlinear,32,9401100,224,16,3584,1,720,720,720,720,16,16,16
n8_lowrank2_d2_stack_nonlinear_T32_s9401100,8,lowrank,lowrank,2,2,stack_nonlinear,32,9401100,224,16,3584,2,2352,2352,2352,2352,16,16,16
n8_lowrank2_d2_stack_nonlinear_T32_s9401100,8,lowrank,lowrank,2,2,stack_nonlinear,32,9401100,224,16,3584,4,2688,2688,2688,2688,16,16,16
n8_lowrank2_d2_stack_nonlinear_T32_s9401100,8,lowrank,lowrank,2,2,stack_nonlinear,32,9401100,224,16,3584,8,2688,2688,2688,2688,16,16,16
n8_lowrank2_d2_stack_nonlinear_T32_s9401100,8,lowrank,lowrank,2,2,stack_nonlinear,32,9401100,224,16,3584,16,2688,2688,2688,2688,16,16,16
n8_lowrank2_d2_stack_nonlinear_T32_s9401100,8,lowrank,lowrank,2,2,stack_nonlinear,32,9401100,224,16,3584,32,2688,2688,2688,2688,16,16,16
n8_lowrank2_d2_stack_nonlinear_T32_s9401101,8,lowrank,lowrank,2,2,stack_nonlinear,32,9401101,224,16,3584,1,720,720,720,720,16,16,16
n8_lowrank2_d2_stack_nonlinear_T32_s9401101,8,lowrank,lowrank,2,2,stack_nonlinear,32,9401101,224,16,3584,2,2352,2352,2352,2352,16,16,16
n8_lowrank2_d2_stack_nonlinear_T32_s9401101,8,lowrank,lowrank,2,2,stack_nonlinear,32,9401101,224,16,3584,4,2688,2688,2688,2688,16,16,16
n8_lowrank2_d2_stack_nonlinear_T32_s9401101,8,lowrank,lowrank,2,2,stack_nonlinear,32,9401101,224,16,3584,8,2688,2688,2688,2688,16,16,16
n8_lowrank2_d2_stack_nonlinear_T32_s9401101,8,lowrank,lowrank,2,2,stack_nonlinear,32,9401101,224,16,3584,16,2688,2688,2688,2688,16,16,16
n8_lowrank2_d2_stack_nonlinear_T32_s9401101,8,lowrank,lowrank,2,2,stack_nonlinear,32,9401101,224,16,3584,32,2688,2688,2688,2688,16,16,16
n8_lowrank2_d2_stack_nonlinear_T32_s9401102,8,lowrank,lowrank,2,2,stack_nonlinear,32,9401102,224,16,3584,1,720,720,720,720,16,16,16
n8_lowrank2_d2_stack_nonlinear_T32_s9401102,8,lowrank,lowrank,2,2,stack_nonlinear,32,9401102,224,16,3584,2,2352,2352,2352,2352,16,16,16
n8_lowrank2_d2_stack_nonlinear_T32_s9401102,8,lowrank,lowrank,2,2,stack_nonlinear,32,9401102,224,16,3584,4,2688,2688,2688,2688,16,16,16
n8_lowrank2_d2_stack_nonlinear_T32_s9401102,8,lowrank,lowrank,2,2,stack_nonlinear,32,9401102,224,16,3584,8,2688,2688,2688,2688,16,16,16
n8_lowrank2_d2_stack_nonlinear_T32_s9401102,8,lowrank,lowrank,2,2,stack_nonlinear,32,9401102,224,16,3584,16,2688,2688,2688,2688,16,16,16
n8_lowrank2_d2_stack_nonlinear_T32_s9401102,8,lowrank,lowrank,2,2,stack_nonlinear,32,9401102,224,16,3584,32,2688,2688,2688,2688,16,16,16
n8_lowrank2_d2_stack_nonlinear_T32_s9401103,8,lowrank,lowrank,2,2,stack_nonlinear,32,9401103,224,16,3584,1,720,720,720,720,16,16,16
n8_lowrank2_d2_stack_nonlinear_T32_s9401103,8,lowrank,lowrank,2,2,stack_nonlinear,32,9401103,224,16,3584,2,2352,2352,2352,2352,16,16,16
n8_lowrank2_d2_stack_nonlinear_T32_s9401103,8,lowrank,lowrank,2,2,stack_nonlinear,32,9401103,224,16,3584,4,2688,2688,2688,2688,16,16,16
n8_lowrank2_d2_stack_nonlinear_T32_s9401103,8,lowrank,lowrank,2,2,stack_nonlinear,32,9401103,224,16,3584,8,2688,2688,2688,2688,16,16,16
n8_lowrank2_d2_stack_nonlinear_T32_s9401103,8,lowrank,lowrank,2,2,stack_nonlinear,32,9401103,224,16,3584,16,2688,2688,2688,2688,16,16,16
n8_lowrank2_d2_stack_nonlinear_T32_s9401103,8,lowrank,lowrank,2,2,stack_nonlinear,32,9401103,224,16,3584,32,2688,2688,2688,2688,16,16,16
n8_lowrank2_d2_stack_nonlinear_T32_s9401104,8,lowrank,lowrank,2,2,stack_nonlinear,32,9401104,224,16,3584,1,720,720,720,720,16,16,16
n8_lowrank2_d2_stack_nonlinear_T32_s9401104,8,lowrank,lowrank,2,2,stack_nonlinear,32,9401104,224,16,3584,2,2352,2352,2352,2352,16,16,16
n8_lowrank2_d2_stack_nonlinear_T32_s9401104,8,lowrank,lowrank,2,2,stack_nonlinear,32,9401104,224,16,3584,4,2688,2688,2688,2688,16,16,16
n8_lowrank2_d2_stack_nonlinear_T32_s9401104,8,lowrank,lowrank,2,2,stack_nonlinear,32,9401104,224,16,3584,8,2688,2688,2688,2688,16,16,16
n8_lowrank2_d2_stack_nonlinear_T32_s9401104,8,lowrank,lowrank,2,2,stack_nonlinear,32,9401104,224,16,3584,16,2688,2688,2688,2688,16,16,16
n8_lowrank2_d2_stack_nonlinear_T32_s9401104,8,lowrank,lowrank,2,2,stack_nonlinear,32,9401104,224,16,3584,32,2688,2688,2688,2688,16,16,16
n8_lowrank2_d2_stack_nonlinear_T128_s9401100,8,lowrank,lowrank,2,2,stack_nonlinear,128,9401100,224,16,3584,1,720,720,720,720,16,16,16
n8_lowrank2_d2_stack_nonlinear_T128_s9401100,8,lowrank,lowrank,2,2,stack_nonlinear,128,9401100,224,16,3584,2,2352,2352,2352,2352,16,16,16
n8_lowrank2_d2_stack_nonlinear_T128_s9401100,8,lowrank,lowrank,2,2,stack_nonlinear,128,9401100,224,16,3584,4,2688,2688,2688,2688,16,16,16
n8_lowrank2_d2_stack_nonlinear_T128_s9401100,8,lowrank,lowrank,2,2,stack_nonlinear,128,9401100,224,16,3584,8,2688,2688,2688,2688,16,16,16
n8_lowrank2_d2_stack_nonlinear_T128_s9401100,8,lowrank,lowrank,2,2,stack_nonlinear,128,9401100,224,16,3584,16,2688,2688,2688,2688,16,16,16
n8_lowrank2_d2_stack_nonlinear_T128_s9401100,8,lowrank,lowrank,2,2,stack_nonlinear,128,9401100,224,16,3584,32,2688,2688,2688,2688,16,16,16
n8_lowrank2_d2_stack_nonlinear_T128_s9401100,8,lowrank,lowrank,2,2,stack_nonlinear,128,9401100,224,16,3584,64,2688,2688,2688,2688,16,16,16
n8_lowrank2_d2_stack_nonlinear_T128_s9401100,8,lowrank,lowrank,2,2,stack_nonlinear,128,9401100,224,16,3584,128,2688,2688,2688,2688,16,16,16
n8_lowrank2_d2_stack_nonlinear_T128_s9401101,8,lowrank,lowrank,2,2,stack_nonlinear,128,9401101,224,16,3584,1,720,720,720,720,16,16,16
n8_lowrank2_d2_stack_nonlinear_T128_s9401101,8,lowrank,lowrank,2,2,stack_nonlinear,128,9401101,224,16,3584,2,2352,2352,2352,2352,16,16,16
n8_lowrank2_d2_stack_nonlinear_T128_s9401101,8,lowrank,lowrank,2,2,stack_nonlinear,128,9401101,224,16,3584,4,2688,2688,2688,2688,16,16,16
n8_lowrank2_d2_stack_nonlinear_T128_s9401101,8,lowrank,lowrank,2,2,stack_nonlinear,128,9401101,224,16,3584,8,2688,2688,2688,2688,16,16,16
n8_lowrank2_d2_stack_nonlinear_T128_s9401101,8,lowrank,lowrank,2,2,stack_nonlinear,128,9401101,224,16,3584,16,2688,2688,2688,2688,16,16,16
n8_lowrank2_d2_stack_nonlinear_T128_s9401101,8,lowrank,lowrank,2,2,stack_nonlinear,128,9401101,224,16,3584,32,2688,2688,2688,2688,16,16,16
n8_lowrank2_d2_stack_nonlinear_T128_s9401101,8,lowrank,lowrank,2,2,stack_nonlinear,128,9401101,224,16,3584,64,2688,2688,2688,2688,16,16,16
n8_lowrank2_d2_stack_nonlinear_T128_s9401101,8,lowrank,lowrank,2,2,stack_nonlinear,128,9401101,224,16,3584,128,2688,2688,2688,2688,16,16,16
n8_lowrank2_d2_stack_nonlinear_T128_s9401102,8,lowrank,lowrank,2,2,stack_nonlinear,128,9401102,224,16,3584,1,720,720,720,720,16,16,16
n8_lowrank2_d2_stack_nonlinear_T128_s9401102,8,lowrank,lowrank,2,2,stack_nonlinear,128,9401102,224,16,3584,2,2352,2352,2352,2352,16,16,16
n8_lowrank2_d2_stack_nonlinear_T128_s9401102,8,lowrank,lowrank,2,2,stack_nonlinear,128,9401102,224,16,3584,4,2688,2688,2688,2688,16,16,16
n8_lowrank2_d2_stack_nonlinear_T128_s9401102,8,lowrank,lowrank,2,2,stack_nonlinear,128,9401102,224,16,3584,8,2688,2688,2688,2688,16,16,16
n8_lowrank2_d2_stack_nonlinear_T128_s9401102,8,lowrank,lowrank,2,2,stack_nonlinear,128,9401102,224,16,3584,16,2688,2688,2688,2688,16,16,16
n8_lowrank2_d2_stack_nonlinear_T128_s9401102,8,lowrank,lowrank,2,2,stack_nonlinear,128,9401102,224,16,3584,32,2688,2688,2688,2688,16,16,16
n8_lowrank2_d2_stack_nonlinear_T128_s9401102,8,lowrank,lowrank,2,2,stack_nonlinear,128,9401102,224,16,3584,64,2688,2688,2688,2688,16,16,16
n8_lowrank2_d2_stack_nonlinear_T128_s9401102,8,lowrank,lowrank,2,2,stack_nonlinear,128,9401102,224,16,3584,128,2688,2688,2688,2688,16,16,16
n8_lowrank2_d2_stack_nonlinear_T128_s9401103,8,lowrank,lowrank,2,2,stack_nonlinear,128,9401103,224,16,3584,1,720,720,720,720,16,16,16
n8_lowrank2_d2_stack_nonlinear_T128_s9401103,8,lowrank,lowrank,2,2,stack_nonlinear,128,9401103,224,16,3584,2,2352,2352,2352,2352,16,16,16
n8_lowrank2_d2_stack_nonlinear_T128_s9401103,8,lowrank,lowrank,2,2,stack_nonlinear,128,9401103,224,16,3584,4,2688,2688,2688,2688,16,16,16
n8_lowrank2_d2_stack_nonlinear_T128_s9401103,8,lowrank,lowrank,2,2,stack_nonlinear,128,9401103,224,16,3584,8,2688,2688,2688,2688,16,16,16
n8_lowrank2_d2_stack_nonlinear_T128_s9401103,8,lowrank,lowrank,2,2,stack_nonlinear,128,9401103,224,16,3584,16,2688,2688,2688,2688,16,16,16
n8_lowrank2_d2_stack_nonlinear_T128_s9401103,8,lowrank,lowrank,2,2,stack_nonlinear,128,9401103,224,16,3584,32,2688,2688,2688,2688,16,16,16
n8_lowrank2_d2_stack_nonlinear_T128_s9401103,8,lowrank,lowrank,2,2,stack_nonlinear,128,9401103,224,16,3584,64,2688,2688,2688,2688,16,16,16
n8_lowrank2_d2_stack_nonlinear_T128_s9401103,8,lowrank,lowrank,2,2,stack_nonlinear,128,9401103,224,16,3584,128,2688,2688,2688,2688,16,16,16
n8_lowrank2_d2_stack_nonlinear_T128_s9401104,8,lowrank,lowrank,2,2,stack_nonlinear,128,9401104,224,16,3584,1,720,720,720,720,16,16,16
n8_lowrank2_d2_stack_nonlinear_T128_s9401104,8,lowrank,lowrank,2,2,stack_nonlinear,128,9401104,224,16,3584,2,2352,2352,2352,2352,16,16,16
n8_lowrank2_d2_stack_nonlinear_T128_s9401104,8,lowrank,lowrank,2,2,stack_nonlinear,128,9401104,224,16,3584,4,2688,2688,2688,2688,16,16,16
n8_lowrank2_d2_stack_nonlinear_T128_s9401104,8,lowrank,lowrank,2,2,stack_nonlinear,128,9401104,224,16,3584,8,2688,2688,2688,2688,16,16,16
n8_lowrank2_d2_stack_nonlinear_T128_s9401104,8,lowrank,lowrank,2,2,stack_nonlinear,128,9401104,224,16,3584,16,2688,2688,2688,2688,16,16,16
n8_lowrank2_d2_stack_nonlinear_T128_s9401104,8,lowrank,lowrank,2,2,stack_nonlinear,128,9401104,224,16,3584,32,2688,2688,2688,2688,16,16,16
n8_lowrank2_d2_stack_nonlinear_T128_s9401104,8,lowrank,lowrank,2,2,stack_nonlinear,128,9401104,224,16,3584,64,2688,2688,2688,2688,16,16,16
n8_lowrank2_d2_stack_nonlinear_T128_s9401104,8,lowrank,lowrank,2,2,stack_nonlinear,128,9401104,224,16,3584,128,2688,2688,2688,2688,16,16,16
n8_lowrank2_d3_stack_nonlinear_T32_s9401100,8,lowrank,lowrank,2,3,stack_nonlinear,32,9401100,336,24,8064,1,1944,1944,1944,1944,24,24,24
n8_lowrank2_d3_stack_nonlinear_T32_s9401100,8,lowrank,lowrank,2,3,stack_nonlinear,32,9401100,336,24,8064,2,4872,4872,4872,4872,24,24,24
n8_lowrank2_d3_stack_nonlinear_T32_s9401100,8,lowrank,lowrank,2,3,stack_nonlinear,32,9401100,336,24,8064,4,5376,5376,5376,5376,24,24,24
n8_lowrank2_d3_stack_nonlinear_T32_s9401100,8,lowrank,lowrank,2,3,stack_nonlinear,32,9401100,336,24,8064,8,5376,5376,5376,5376,24,24,24
n8_lowrank2_d3_stack_nonlinear_T32_s9401100,8,lowrank,lowrank,2,3,stack_nonlinear,32,9401100,336,24,8064,16,5376,5376,5376,5376,24,24,24
n8_lowrank2_d3_stack_nonlinear_T32_s9401100,8,lowrank,lowrank,2,3,stack_nonlinear,32,9401100,336,24,8064,32,5376,5376,5376,5376,24,24,24
n8_lowrank2_d3_stack_nonlinear_T32_s9401101,8,lowrank,lowrank,2,3,stack_nonlinear,32,9401101,336,24,8064,1,1944,1944,1944,1944,24,24,24
n8_lowrank2_d3_stack_nonlinear_T32_s9401101,8,lowrank,lowrank,2,3,stack_nonlinear,32,9401101,336,24,8064,2,4872,4872,4872,4872,24,24,24
n8_lowrank2_d3_stack_nonlinear_T32_s9401101,8,lowrank,lowrank,2,3,stack_nonlinear,32,9401101,336,24,8064,4,5376,5376,5376,5376,24,24,24
n8_lowrank2_d3_stack_nonlinear_T32_s9401101,8,lowrank,lowrank,2,3,stack_nonlinear,32,9401101,336,24,8064,8,5376,5376,5376,5376,24,24,24
n8_lowrank2_d3_stack_nonlinear_T32_s9401101,8,lowrank,lowrank,2,3,stack_nonlinear,32,9401101,336,24,8064,16,5376,5376,5376,5376,24,24,24
n8_lowrank2_d3_stack_nonlinear_T32_s9401101,8,lowrank,lowrank,2,3,stack_nonlinear,32,9401101,336,24,8064,32,5376,5376,5376,5376,24,24,24
n8_lowrank2_d3_stack_nonlinear_T32_s9401102,8,lowrank,lowrank,2,3,stack_nonlinear,32,9401102,336,24,8064,1,1944,1944,1944,1944,24,24,24
n8_lowrank2_d3_stack_nonlinear_T32_s9401102,8,lowrank,lowrank,2,3,stack_nonlinear,32,9401102,336,24,8064,2,4872,4872,4872,4872,24,24,24
n8_lowrank2_d3_stack_nonlinear_T32_s9401102,8,lowrank,lowrank,2,3,stack_nonlinear,32,9401102,336,24,8064,4,5376,5376,5376,5376,24,24,24
n8_lowrank2_d3_stack_nonlinear_T32_s9401102,8,lowrank,lowrank,2,3,stack_nonlinear,32,9401102,336,24,8064,8,5376,5376,5376,5376,24,24,24
n8_lowrank2_d3_stack_nonlinear_T32_s9401102,8,lowrank,lowrank,2,3,stack_nonlinear,32,9401102,336,24,8064,16,5376,5376,5376,5376,24,24,24
n8_lowrank2_d3_stack_nonlinear_T32_s9401102,8,lowrank,lowrank,2,3,stack_nonlinear,32,9401102,336,24,8064,32,5376,5376,5376,5376,24,24,24
n8_lowrank2_d3_stack_nonlinear_T32_s9401103,8,lowrank,lowrank,2,3,stack_nonlinear,32,9401103,336,24,8064,1,1944,1944,1944,1944,24,24,24
n8_lowrank2_d3_stack_nonlinear_T32_s9401103,8,lowrank,lowrank,2,3,stack_nonlinear,32,9401103,336,24,8064,2,4872,4872,4872,4872,24,24,24
n8_lowrank2_d3_stack_nonlinear_T32_s9401103,8,lowrank,lowrank,2,3,stack_nonlinear,32,9401103,336,24,8064,4,5376,5376,5376,5376,24,24,24
n8_lowrank2_d3_stack_nonlinear_T32_s9401103,8,lowrank,lowrank,2,3,stack_nonlinear,32,9401103,336,24,8064,8,5376,5376,5376,5376,24,24,24
n8_lowrank2_d3_stack_nonlinear_T32_s9401103,8,lowrank,lowrank,2,3,stack_nonlinear,32,9401103,336,24,8064,16,5376,5376,5376,5376,24,24,24
n8_lowrank2_d3_stack_nonlinear_T32_s9401103,8,lowrank,lowrank,2,3,stack_nonlinear,32,9401103,336,24,8064,32,5376,5376,5376,5376,24,24,24
n8_lowrank2_d3_stack_nonlinear_T32_s9401104,8,lowrank,lowrank,2,3,stack_nonlinear,32,9401104,336,24,8064,1,1944,1944,1944,1944,24,24,24
n8_lowrank2_d3_stack_nonlinear_T32_s9401104,8,lowrank,lowrank,2,3,stack_nonlinear,32,9401104,336,24,8064,2,4872,4872,4872,4872,24,24,24
n8_lowrank2_d3_stack_nonlinear_T32_s9401104,8,lowrank,lowrank,2,3,stack_nonlinear,32,9401104,336,24,8064,4,5376,5376,5376,5376,24,24,24
n8_lowrank2_d3_stack_nonlinear_T32_s9401104,8,lowrank,lowrank,2,3,stack_nonlinear,32,9401104,336,24,8064,8,5376,5376,5376,5376,24,24,24
n8_lowrank2_d3_stack_nonlinear_T32_s9401104,8,lowrank,lowrank,2,3,stack_nonlinear,32,9401104,336,24,8064,16,5376,5376,5376,5376,24,24,24
n8_lowrank2_d3_stack_nonlinear_T32_s9401104,8,lowrank,lowrank,2,3,stack_nonlinear,32,9401104,336,24,8064,32,5376,5376,5376,5376,24,24,24
n8_lowrank2_d3_stack_nonlinear_T128_s9401100,8,lowrank,lowrank,2,3,stack_nonlinear,128,9401100,336,24,8064,1,1944,1944,1944,1944,24,24,24
n8_lowrank2_d3_stack_nonlinear_T128_s9401100,8,lowrank,lowrank,2,3,stack_nonlinear,128,9401100,336,24,8064,2,4872,4872,4872,4872,24,24,24
n8_lowrank2_d3_stack_nonlinear_T128_s9401100,8,lowrank,lowrank,2,3,stack_nonlinear,128,9401100,336,24,8064,4,5376,5376,5376,5376,24,24,24
n8_lowrank2_d3_stack_nonlinear_T128_s9401100,8,lowrank,lowrank,2,3,stack_nonlinear,128,9401100,336,24,8064,8,5376,5376,5376,5376,24,24,24
n8_lowrank2_d3_stack_nonlinear_T128_s9401100,8,lowrank,lowrank,2,3,stack_nonlinear,128,9401100,336,24,8064,16,5376,5376,5376,5376,24,24,24
n8_lowrank2_d3_stack_nonlinear_T128_s9401100,8,lowrank,lowrank,2,3,stack_nonlinear,128,9401100,336,24,8064,32,5376,5376,5376,5376,24,24,24
n8_lowrank2_d3_stack_nonlinear_T128_s9401100,8,lowrank,lowrank,2,3,stack_nonlinear,128,9401100,336,24,8064,64,5376,5376,5376,5376,24,24,24
n8_lowrank2_d3_stack_nonlinear_T128_s9401100,8,lowrank,lowrank,2,3,stack_nonlinear,128,9401100,336,24,8064,128,5376,5376,5376,5376,24,24,24
n8_lowrank2_d3_stack_nonlinear_T128_s9401101,8,lowrank,lowrank,2,3,stack_nonlinear,128,9401101,336,24,8064,1,1944,1944,1944,1944,24,24,24
n8_lowrank2_d3_stack_nonlinear_T128_s9401101,8,lowrank,lowrank,2,3,stack_nonlinear,128,9401101,336,24,8064,2,4872,4872,4872,4872,24,24,24
n8_lowrank2_d3_stack_nonlinear_T128_s9401101,8,lowrank,lowrank,2,3,stack_nonlinear,128,9401101,336,24,8064,4,5376,5376,5376,5376,24,24,24
n8_lowrank2_d3_stack_nonlinear_T128_s9401101,8,lowrank,lowrank,2,3,stack_nonlinear,128,9401101,336,24,8064,8,5376,5376,5376,5376,24,24,24
n8_lowrank2_d3_stack_nonlinear_T128_s9401101,8,lowrank,lowrank,2,3,stack_nonlinear,128,9401101,336,24,8064,16,5376,5376,5376,5376,24,24,24
n8_lowrank2_d3_stack_nonlinear_T128_s9401101,8,lowrank,lowrank,2,3,stack_nonlinear,128,9401101,336,24,8064,32,5376,5376,5376,5376,24,24,24
n8_lowrank2_d3_stack_nonlinear_T128_s9401101,8,lowrank,lowrank,2,3,stack_nonlinear,128,9401101,336,24,8064,64,5376,5376,5376,5376,24,24,24
n8_lowrank2_d3_stack_nonlinear_T128_s9401101,8,lowrank,lowrank,2,3,stack_nonlinear,128,9401101,336,24,8064,128,5376,5376,5376,5376,24,24,24
n8_lowrank2_d3_stack_nonlinear_T128_s9401102,8,lowrank,lowrank,2,3,stack_nonlinear,128,9401102,336,24,8064,1,1944,1944,1944,1944,24,24,24
n8_lowrank2_d3_stack_nonlinear_T128_s9401102,8,lowrank,lowrank,2,3,stack_nonlinear,128,9401102,336,24,8064,2,4872,4872,4872,4872,24,24,24
n8_lowrank2_d3_stack_nonlinear_T128_s9401102,8,lowrank,lowrank,2,3,stack_nonlinear,128,9401102,336,24,8064,4,5376,5376,5376,5376,24,24,24
n8_lowrank2_d3_stack_nonlinear_T128_s9401102,8,lowrank,lowrank,2,3,stack_nonlinear,128,9401102,336,24,8064,8,5376,5376,5376,5376,24,24,24
n8_lowrank2_d3_stack_nonlinear_T128_s9401102,8,lowrank,lowrank,2,3,stack_nonlinear,128,9401102,336,24,8064,16,5376,5376,5376,5376,24,24,24
n8_lowrank2_d3_stack_nonlinear_T128_s9401102,8,lowrank,lowrank,2,3,stack_nonlinear,128,9401102,336,24,8064,32,5376,5376,5376,5376,24,24,24
n8_lowrank2_d3_stack_nonlinear_T128_s9401102,8,lowrank,lowrank,2,3,stack_nonlinear,128,9401102,336,24,8064,64,5376,5376,5376,5376,24,24,24
n8_lowrank2_d3_stack_nonlinear_T128_s9401102,8,lowrank,lowrank,2,3,stack_nonlinear,128,9401102,336,24,8064,128,5376,5376,5376,5376,24,24,24
n8_lowrank2_d3_stack_nonlinear_T128_s9401103,8,lowrank,lowrank,2,3,stack_nonlinear,128,9401103,336,24,8064,1,1944,1944,1944,1944,24,24,24
n8_lowrank2_d3_stack_nonlinear_T128_s9401103,8,lowrank,lowrank,2,3,stack_nonlinear,128,9401103,336,24,8064,2,4872,4872,4872,4872,24,24,24
n8_lowrank2_d3_stack_nonlinear_T128_s9401103,8,lowrank,lowrank,2,3,stack_nonlinear,128,9401103,336,24,8064,4,5376,5376,5376,5376,24,24,24
n8_lowrank2_d3_stack_nonlinear_T128_s9401103,8,lowrank,lowrank,2,3,stack_nonlinear,128,9401103,336,24,8064,8,5376,5376,5376,5376,24,24,24
n8_lowrank2_d3_stack_nonlinear_T128_s9401103,8,lowrank,lowrank,2,3,stack_nonlinear,128,9401103,336,24,8064,16,5376,5376,5376,5376,24,24,24
n8_lowrank2_d3_stack_nonlinear_T128_s9401103,8,lowrank,lowrank,2,3,stack_nonlinear,128,9401103,336,24,8064,32,5376,5376,5376,5376,24,24,24
n8_lowrank2_d3_stack_nonlinear_T128_s9401103,8,lowrank,lowrank,2,3,stack_nonlinear,128,9401103,336,24,8064,64,5376,5376,5376,5376,24,24,24
n8_lowrank2_d3_stack_nonlinear_T128_s9401103,8,lowrank,lowrank,2,3,stack_nonlinear,128,9401103,336,24,8064,128,5376,5376,5376,5376,24,24,24
n8_lowrank2_d3_stack_nonlinear_T128_s9401104,8,lowrank,lowrank,2,3,stack_nonlinear,128,9401104,336,24,8064,1,1944,1944,1944,1944,24,24,24
n8_lowrank2_d3_stack_nonlinear_T128_s9401104,8,lowrank,lowrank,2,3,stack_nonlinear,128,9401104,336,24,8064,2,4872,4872,4872,4872,24,24,24
n8_lowrank2_d3_stack_nonlinear_T128_s9401104,8,lowrank,lowrank,2,3,stack_nonlinear,128,9401104,336,24,8064,4,5376,5376,5376,5376,24,24,24
n8_lowrank2_d3_stack_nonlinear_T128_s9401104,8,lowrank,lowrank,2,3,stack_nonlinear,128,9401104,336,24,8064,8,5376,5376,5376,5376,24,24,24
n8_lowrank2_d3_stack_nonlinear_T128_s9401104,8,lowrank,lowrank,2,3,stack_nonlinear,128,9401104,336,24,8064,16,5376,5376,5376,5376,24,24,24
n8_lowrank2_d3_stack_nonlinear_T128_s9401104,8,lowrank,lowrank,2,3,stack_nonlinear,128,9401104,336,24,8064,32,5376,5376,5376,5376,24,24,24
n8_lowrank2_d3_stack_nonlinear_T128_s9401104,8,lowrank,lowrank,2,3,stack_nonlinear,128,9401104,336,24,8064,64,5376,5376,5376,5376,24,24,24
n8_lowrank2_d3_stack_nonlinear_T128_s9401104,8,lowrank,lowrank,2,3,stack_nonlinear,128,9401104,336,24,8064,128,5376,5376,5376,5376,24,24,24
n8_lowrank4_d1_stack_nonlinear_T32_s9401100,8,lowrank,lowrank,4,1,stack_nonlinear,32,9401100,144,8,1152,1,72,72,72,72,8,8,8
n8_lowrank4_d1_stack_nonlinear_T32_s9401100,8,lowrank,lowrank,4,1,stack_nonlinear,32,9401100,144,8,1152,2,872,872,872,872,8,8,8
n8_lowrank4_d1_stack_nonlinear_T32_s9401100,8,lowrank,lowrank,4,1,stack_nonlinear,32,9401100,144,8,1152,4,1152,1152,1152,1152,8,8,8
n8_lowrank4_d1_stack_nonlinear_T32_s9401100,8,lowrank,lowrank,4,1,stack_nonlinear,32,9401100,144,8,1152,8,1152,1152,1152,1152,8,8,8
n8_lowrank4_d1_stack_nonlinear_T32_s9401100,8,lowrank,lowrank,4,1,stack_nonlinear,32,9401100,144,8,1152,16,1152,1152,1152,1152,8,8,8
n8_lowrank4_d1_stack_nonlinear_T32_s9401100,8,lowrank,lowrank,4,1,stack_nonlinear,32,9401100,144,8,1152,32,1152,1152,1152,1152,8,8,8
n8_lowrank4_d1_stack_nonlinear_T32_s9401101,8,lowrank,lowrank,4,1,stack_nonlinear,32,9401101,144,8,1152,1,72,72,72,72,8,8,8
n8_lowrank4_d1_stack_nonlinear_T32_s9401101,8,lowrank,lowrank,4,1,stack_nonlinear,32,9401101,144,8,1152,2,872,872,872,872,8,8,8
n8_lowrank4_d1_stack_nonlinear_T32_s9401101,8,lowrank,lowrank,4,1,stack_nonlinear,32,9401101,144,8,1152,4,1152,1152,1152,1152,8,8,8
n8_lowrank4_d1_stack_nonlinear_T32_s9401101,8,lowrank,lowrank,4,1,stack_nonlinear,32,9401101,144,8,1152,8,1152,1152,1152,1152,8,8,8
n8_lowrank4_d1_stack_nonlinear_T32_s9401101,8,lowrank,lowrank,4,1,stack_nonlinear,32,9401101,144,8,1152,16,1152,1152,1152,1152,8,8,8
n8_lowrank4_d1_stack_nonlinear_T32_s9401101,8,lowrank,lowrank,4,1,stack_nonlinear,32,9401101,144,8,1152,32,1152,1152,1152,1152,8,8,8
n8_lowrank4_d1_stack_nonlinear_T32_s9401102,8,lowrank,lowrank,4,1,stack_nonlinear,32,9401102,144,8,1152,1,72,72,72,72,8,8,8
n8_lowrank4_d1_stack_nonlinear_T32_s9401102,8,lowrank,lowrank,4,1,stack_nonlinear,32,9401102,144,8,1152,2,872,872,872,872,8,8,8
n8_lowrank4_d1_stack_nonlinear_T32_s9401102,8,lowrank,lowrank,4,1,stack_nonlinear,32,9401102,144,8,1152,4,1152,1152,1152,1152,8,8,8
n8_lowrank4_d1_stack_nonlinear_T32_s9401102,8,lowrank,lowrank,4,1,stack_nonlinear,32,9401102,144,8,1152,8,1152,1152,1152,1152,8,8,8
n8_lowrank4_d1_stack_nonlinear_T32_s9401102,8,lowrank,lowrank,4,1,stack_nonlinear,32,9401102,144,8,1152,16,1152,1152,1152,1152,8,8,8
n8_lowrank4_d1_stack_nonlinear_T32_s9401102,8,lowrank,lowrank,4,1,stack_nonlinear,32,9401102,144,8,1152,32,1152,1152,1152,1152,8,8,8
n8_lowrank4_d1_stack_nonlinear_T32_s9401103,8,lowrank,lowrank,4,1,stack_nonlinear,32,9401103,144,8,1152,1,72,72,72,72,8,8,8
n8_lowrank4_d1_stack_nonlinear_T32_s9401103,8,lowrank,lowrank,4,1,stack_nonlinear,32,9401103,144,8,1152,2,872,872,872,872,8,8,8
n8_lowrank4_d1_stack_nonlinear_T32_s9401103,8,lowrank,lowrank,4,1,stack_nonlinear,32,9401103,144,8,1152,4,1152,1152,1152,1152,8,8,8
n8_lowrank4_d1_stack_nonlinear_T32_s9401103,8,lowrank,lowrank,4,1,stack_nonlinear,32,9401103,144,8,1152,8,1152,1152,1152,1152,8,8,8
n8_lowrank4_d1_stack_nonlinear_T32_s9401103,8,lowrank,lowrank,4,1,stack_nonlinear,32,9401103,144,8,1152,16,1152,1152,1152,1152,8,8,8
n8_lowrank4_d1_stack_nonlinear_T32_s9401103,8,lowrank,lowrank,4,1,stack_nonlinear,32,9401103,144,8,1152,32,1152,1152,1152,1152,8,8,8
n8_lowrank4_d1_stack_nonlinear_T32_s9401104,8,lowrank,lowrank,4,1,stack_nonlinear,32,9401104,144,8,1152,1,72,72,72,72,8,8,8
n8_lowrank4_d1_stack_nonlinear_T32_s9401104,8,lowrank,lowrank,4,1,stack_nonlinear,32,9401104,144,8,1152,2,872,872,872,872,8,8,8
n8_lowrank4_d1_stack_nonlinear_T32_s9401104,8,lowrank,lowrank,4,1,stack_nonlinear,32,9401104,144,8,1152,4,1152,1152,1152,1152,8,8,8
n8_lowrank4_d1_stack_nonlinear_T32_s9401104,8,lowrank,lowrank,4,1,stack_nonlinear,32,9401104,144,8,1152,8,1152,1152,1152,1152,8,8,8
n8_lowrank4_d1_stack_nonlinear_T32_s9401104,8,lowrank,lowrank,4,1,stack_nonlinear,32,9401104,144,8,1152,16,1152,1152,1152,1152,8,8,8
n8_lowrank4_d1_stack_nonlinear_T32_s9401104,8,lowrank,lowrank,4,1,stack_nonlinear,32,9401104,144,8,1152,32,1152,1152,1152,1152,8,8,8
n8_lowrank4_d1_stack_nonlinear_T128_s9401100,8,lowrank,lowrank,4,1,stack_nonlinear,128,9401100,144,8,1152,1,72,72,72,72,8,8,8
n8_lowrank4_d1_stack_nonlinear_T128_s9401100,8,lowrank,lowrank,4,1,stack_nonlinear,128,9401100,144,8,1152,2,872,872,872,872,8,8,8
n8_lowrank4_d1_stack_nonlinear_T128_s9401100,8,lowrank,lowrank,4,1,stack_nonlinear,128,9401100,144,8,1152,4,1152,1152,1152,1152,8,8,8
n8_lowrank4_d1_stack_nonlinear_T128_s9401100,8,lowrank,lowrank,4,1,stack_nonlinear,128,9401100,144,8,1152,8,1152,1152,1152,1152,8,8,8
n8_lowrank4_d1_stack_nonlinear_T128_s9401100,8,lowrank,lowrank,4,1,stack_nonlinear,128,9401100,144,8,1152,16,1152,1152,1152,1152,8,8,8
n8_lowrank4_d1_stack_nonlinear_T128_s9401100,8,lowrank,lowrank,4,1,stack_nonlinear,128,9401100,144,8,1152,32,1152,1152,1152,1152,8,8,8
n8_lowrank4_d1_stack_nonlinear_T128_s9401100,8,lowrank,lowrank,4,1,stack_nonlinear,128,9401100,144,8,1152,64,1152,1152,1152,1152,8,8,8
n8_lowrank4_d1_stack_nonlinear_T128_s9401100,8,lowrank,lowrank,4,1,stack_nonlinear,128,9401100,144,8,1152,128,1152,1152,1152,1152,8,8,8
n8_lowrank4_d1_stack_nonlinear_T128_s9401101,8,lowrank,lowrank,4,1,stack_nonlinear,128,9401101,144,8,1152,1,72,72,72,72,8,8,8
n8_lowrank4_d1_stack_nonlinear_T128_s9401101,8,lowrank,lowrank,4,1,stack_nonlinear,128,9401101,144,8,1152,2,872,872,872,872,8,8,8
n8_lowrank4_d1_stack_nonlinear_T128_s9401101,8,lowrank,lowrank,4,1,stack_nonlinear,128,9401101,144,8,1152,4,1152,1152,1152,1152,8,8,8
n8_lowrank4_d1_stack_nonlinear_T128_s9401101,8,lowrank,lowrank,4,1,stack_nonlinear,128,9401101,144,8,1152,8,1152,1152,1152,1152,8,8,8
n8_lowrank4_d1_stack_nonlinear_T128_s9401101,8,lowrank,lowrank,4,1,stack_nonlinear,128,9401101,144,8,1152,16,1152,1152,1152,1152,8,8,8
n8_lowrank4_d1_stack_nonlinear_T128_s9401101,8,lowrank,lowrank,4,1,stack_nonlinear,128,9401101,144,8,1152,32,1152,1152,1152,1152,8,8,8
n8_lowrank4_d1_stack_nonlinear_T128_s9401101,8,lowrank,lowrank,4,1,stack_nonlinear,128,9401101,144,8,1152,64,1152,1152,1152,1152,8,8,8
n8_lowrank4_d1_stack_nonlinear_T128_s9401101,8,lowrank,lowrank,4,1,stack_nonlinear,128,9401101,144,8,1152,128,1152,1152,1152,1152,8,8,8
n8_lowrank4_d1_stack_nonlinear_T128_s9401102,8,lowrank,lowrank,4,1,stack_nonlinear,128,9401102,144,8,1152,1,72,72,72,72,8,8,8
n8_lowrank4_d1_stack_nonlinear_T128_s9401102,8,lowrank,lowrank,4,1,stack_nonlinear,128,9401102,144,8,1152,2,872,872,872,872,8,8,8
n8_lowrank4_d1_stack_nonlinear_T128_s9401102,8,lowrank,lowrank,4,1,stack_nonlinear,128,9401102,144,8,1152,4,1152,1152,1152,1152,8,8,8
n8_lowrank4_d1_stack_nonlinear_T128_s9401102,8,lowrank,lowrank,4,1,stack_nonlinear,128,9401102,144,8,1152,8,1152,1152,1152,1152,8,8,8
n8_lowrank4_d1_stack_nonlinear_T128_s9401102,8,lowrank,lowrank,4,1,stack_nonlinear,128,9401102,144,8,1152,16,1152,1152,1152,1152,8,8,8
n8_lowrank4_d1_stack_nonlinear_T128_s9401102,8,lowrank,lowrank,4,1,stack_nonlinear,128,9401102,144,8,1152,32,1152,1152,1152,1152,8,8,8
n8_lowrank4_d1_stack_nonlinear_T128_s9401102,8,lowrank,lowrank,4,1,stack_nonlinear,128,9401102,144,8,1152,64,1152,1152,1152,1152,8,8,8
n8_lowrank4_d1_stack_nonlinear_T128_s9401102,8,lowrank,lowrank,4,1,stack_nonlinear,128,9401102,144,8,1152,128,1152,1152,1152,1152,8,8,8
n8_lowrank4_d1_stack_nonlinear_T128_s9401103,8,lowrank,lowrank,4,1,stack_nonlinear,128,9401103,144,8,1152,1,72,72,72,72,8,8,8
n8_lowrank4_d1_stack_nonlinear_T128_s9401103,8,lowrank,lowrank,4,1,stack_nonlinear,128,9401103,144,8,1152,2,872,872,872,872,8,8,8
n8_lowrank4_d1_stack_nonlinear_T128_s9401103,8,lowrank,lowrank,4,1,stack_nonlinear,128,9401103,144,8,1152,4,1152,1152,1152,1152,8,8,8
n8_lowrank4_d1_stack_nonlinear_T128_s9401103,8,lowrank,lowrank,4,1,stack_nonlinear,128,9401103,144,8,1152,8,1152,1152,1152,1152,8,8,8
n8_lowrank4_d1_stack_nonlinear_T128_s9401103,8,lowrank,lowrank,4,1,stack_nonlinear,128,9401103,144,8,1152,16,1152,1152,1152,1152,8,8,8
n8_lowrank4_d1_stack_nonlinear_T128_s9401103,8,lowrank,lowrank,4,1,stack_nonlinear,128,9401103,144,8,1152,32,1152,1152,1152,1152,8,8,8
n8_lowrank4_d1_stack_nonlinear_T128_s9401103,8,lowrank,lowrank,4,1,stack_nonlinear,128,9401103,144,8,1152,64,1152,1152,1152,1152,8,8,8
n8_lowrank4_d1_stack_nonlinear_T128_s9401103,8,lowrank,lowrank,4,1,stack_nonlinear,128,9401103,144,8,1152,128,1152,1152,1152,1152,8,8,8
n8_lowrank4_d1_stack_nonlinear_T128_s9401104,8,lowrank,lowrank,4,1,stack_nonlinear,128,9401104,144,8,1152,1,72,72,72,72,8,8,8
n8_lowrank4_d1_stack_nonlinear_T128_s9401104,8,lowrank,lowrank,4,1,stack_nonlinear,128,9401104,144,8,1152,2,872,872,872,872,8,8,8
n8_lowrank4_d1_stack_nonlinear_T128_s9401104,8,lowrank,lowrank,4,1,stack_nonlinear,128,9401104,144,8,1152,4,1152,1152,1152,1152,8,8,8
n8_lowrank4_d1_stack_nonlinear_T128_s9401104,8,lowrank,lowrank,4,1,stack_nonlinear,128,9401104,144,8,1152,8,1152,1152,1152,1152,8,8,8
n8_lowrank4_d1_stack_nonlinear_T128_s9401104,8,lowrank,lowrank,4,1,stack_nonlinear,128,9401104,144,8,1152,16,1152,1152,1152,1152,8,8,8
n8_lowrank4_d1_stack_nonlinear_T128_s9401104,8,lowrank,lowrank,4,1,stack_nonlinear,128,9401104,144,8,1152,32,1152,1152,1152,1152,8,8,8
n8_lowrank4_d1_stack_nonlinear_T128_s9401104,8,lowrank,lowrank,4,1,stack_nonlinear,128,9401104,144,8,1152,64,1152,1152,1152,1152,8,8,8
n8_lowrank4_d1_stack_nonlinear_T128_s9401104,8,lowrank,lowrank,4,1,stack_nonlinear,128,9401104,144,8,1152,128,1152,1152,1152,1152,8,8,8
n8_lowrank4_d2_stack_nonlinear_T32_s9401100,8,lowrank,lowrank,4,2,stack_nonlinear,32,9401100,288,16,4608,1,720,720,720,720,16,16,16
n8_lowrank4_d2_stack_nonlinear_T32_s9401100,8,lowrank,lowrank,4,2,stack_nonlinear,32,9401100,288,16,4608,2,2896,2896,2896,2896,16,16,16
n8_lowrank4_d2_stack_nonlinear_T32_s9401100,8,lowrank,lowrank,4,2,stack_nonlinear,32,9401100,288,16,4608,4,3456,3456,3456,3456,16,16,16
n8_lowrank4_d2_stack_nonlinear_T32_s9401100,8,lowrank,lowrank,4,2,stack_nonlinear,32,9401100,288,16,4608,8,3456,3456,3456,3456,16,16,16
n8_lowrank4_d2_stack_nonlinear_T32_s9401100,8,lowrank,lowrank,4,2,stack_nonlinear,32,9401100,288,16,4608,16,3456,3456,3456,3456,16,16,16
n8_lowrank4_d2_stack_nonlinear_T32_s9401100,8,lowrank,lowrank,4,2,stack_nonlinear,32,9401100,288,16,4608,32,3456,3456,3456,3456,16,16,16
n8_lowrank4_d2_stack_nonlinear_T32_s9401101,8,lowrank,lowrank,4,2,stack_nonlinear,32,9401101,288,16,4608,1,720,720,720,720,16,16,16
n8_lowrank4_d2_stack_nonlinear_T32_s9401101,8,lowrank,lowrank,4,2,stack_nonlinear,32,9401101,288,16,4608,2,2896,2896,2896,2896,16,16,16
n8_lowrank4_d2_stack_nonlinear_T32_s9401101,8,lowrank,lowrank,4,2,stack_nonlinear,32,9401101,288,16,4608,4,3456,3456,3456,3456,16,16,16
n8_lowrank4_d2_stack_nonlinear_T32_s9401101,8,lowrank,lowrank,4,2,stack_nonlinear,32,9401101,288,16,4608,8,3456,3456,3456,3456,16,16,16
n8_lowrank4_d2_stack_nonlinear_T32_s9401101,8,lowrank,lowrank,4,2,stack_nonlinear,32,9401101,288,16,4608,16,3456,3456,3456,3456,16,16,16
n8_lowrank4_d2_stack_nonlinear_T32_s9401101,8,lowrank,lowrank,4,2,stack_nonlinear,32,9401101,288,16,4608,32,3456,3456,3456,3456,16,16,16
n8_lowrank4_d2_stack_nonlinear_T32_s9401102,8,lowrank,lowrank,4,2,stack_nonlinear,32,9401102,288,16,4608,1,720,720,720,720,16,16,16
n8_lowrank4_d2_stack_nonlinear_T32_s9401102,8,lowrank,lowrank,4,2,stack_nonlinear,32,9401102,288,16,4608,2,2896,2896,2896,2896,16,16,16
n8_lowrank4_d2_stack_nonlinear_T32_s9401102,8,lowrank,lowrank,4,2,stack_nonlinear,32,9401102,288,16,4608,4,3456,3456,3456,3456,16,16,16
n8_lowrank4_d2_stack_nonlinear_T32_s9401102,8,lowrank,lowrank,4,2,stack_nonlinear,32,9401102,288,16,4608,8,3456,3456,3456,3456,16,16,16
n8_lowrank4_d2_stack_nonlinear_T32_s9401102,8,lowrank,lowrank,4,2,stack_nonlinear,32,9401102,288,16,4608,16,3456,3456,3456,3456,16,16,16
n8_lowrank4_d2_stack_nonlinear_T32_s9401102,8,lowrank,lowrank,4,2,stack_nonlinear,32,9401102,288,16,4608,32,3456,3456,3456,3456,16,16,16
n8_lowrank4_d2_stack_nonlinear_T32_s9401103,8,lowrank,lowrank,4,2,stack_nonlinear,32,9401103,288,16,4608,1,720,720,720,720,16,16,16
n8_lowrank4_d2_stack_nonlinear_T32_s9401103,8,lowrank,lowrank,4,2,stack_nonlinear,32,9401103,288,16,4608,2,2896,2896,2896,2896,16,16,16
n8_lowrank4_d2_stack_nonlinear_T32_s9401103,8,lowrank,lowrank,4,2,stack_nonlinear,32,9401103,288,16,4608,4,3456,3456,3456,3456,16,16,16
n8_lowrank4_d2_stack_nonlinear_T32_s9401103,8,lowrank,lowrank,4,2,stack_nonlinear,32,9401103,288,16,4608,8,3456,3456,3456,3456,16,16,16
n8_lowrank4_d2_stack_nonlinear_T32_s9401103,8,lowrank,lowrank,4,2,stack_nonlinear,32,9401103,288,16,4608,16,3456,3456,3456,3456,16,16,16
n8_lowrank4_d2_stack_nonlinear_T32_s9401103,8,lowrank,lowrank,4,2,stack_nonlinear,32,9401103,288,16,4608,32,3456,3456,3456,3456,16,16,16
n8_lowrank4_d2_stack_nonlinear_T32_s9401104,8,lowrank,lowrank,4,2,stack_nonlinear,32,9401104,288,16,4608,1,720,720,720,720,16,16,16
n8_lowrank4_d2_stack_nonlinear_T32_s9401104,8,lowrank,lowrank,4,2,stack_nonlinear,32,9401104,288,16,4608,2,2896,2896,2896,2896,16,16,16
n8_lowrank4_d2_stack_nonlinear_T32_s9401104,8,lowrank,lowrank,4,2,stack_nonlinear,32,9401104,288,16,4608,4,3456,3456,3456,3456,16,16,16
n8_lowrank4_d2_stack_nonlinear_T32_s9401104,8,lowrank,lowrank,4,2,stack_nonlinear,32,9401104,288,16,4608,8,3456,3456,3456,3456,16,16,16
n8_lowrank4_d2_stack_nonlinear_T32_s9401104,8,lowrank,lowrank,4,2,stack_nonlinear,32,9401104,288,16,4608,16,3456,3456,3456,3456,16,16,16
n8_lowrank4_d2_stack_nonlinear_T32_s9401104,8,lowrank,lowrank,4,2,stack_nonlinear,32,9401104,288,16,4608,32,3456,3456,3456,3456,16,16,16
n8_lowrank4_d2_stack_nonlinear_T128_s9401100,8,lowrank,lowrank,4,2,stack_nonlinear,128,9401100,288,16,4608,1,720,720,720,720,16,16,16
n8_lowrank4_d2_stack_nonlinear_T128_s9401100,8,lowrank,lowrank,4,2,stack_nonlinear,128,9401100,288,16,4608,2,2896,2896,2896,2896,16,16,16
n8_lowrank4_d2_stack_nonlinear_T128_s9401100,8,lowrank,lowrank,4,2,stack_nonlinear,128,9401100,288,16,4608,4,3456,3456,3456,3456,16,16,16
n8_lowrank4_d2_stack_nonlinear_T128_s9401100,8,lowrank,lowrank,4,2,stack_nonlinear,128,9401100,288,16,4608,8,3456,3456,3456,3456,16,16,16
n8_lowrank4_d2_stack_nonlinear_T128_s9401100,8,lowrank,lowrank,4,2,stack_nonlinear,128,9401100,288,16,4608,16,3456,3456,3456,3456,16,16,16
n8_lowrank4_d2_stack_nonlinear_T128_s9401100,8,lowrank,lowrank,4,2,stack_nonlinear,128,9401100,288,16,4608,32,3456,3456,3456,3456,16,16,16
n8_lowrank4_d2_stack_nonlinear_T128_s9401100,8,lowrank,lowrank,4,2,stack_nonlinear,128,9401100,288,16,4608,64,3456,3456,3456,3456,16,16,16
n8_lowrank4_d2_stack_nonlinear_T128_s9401100,8,lowrank,lowrank,4,2,stack_nonlinear,128,9401100,288,16,4608,128,3456,3456,3456,3456,16,16,16
n8_lowrank4_d2_stack_nonlinear_T128_s9401101,8,lowrank,lowrank,4,2,stack_nonlinear,128,9401101,288,16,4608,1,720,720,720,720,16,16,16
n8_lowrank4_d2_stack_nonlinear_T128_s9401101,8,lowrank,lowrank,4,2,stack_nonlinear,128,9401101,288,16,4608,2,2896,2896,2896,2896,16,16,16
n8_lowrank4_d2_stack_nonlinear_T128_s9401101,8,lowrank,lowrank,4,2,stack_nonlinear,128,9401101,288,16,4608,4,3456,3456,3456,3456,16,16,16
n8_lowrank4_d2_stack_nonlinear_T128_s9401101,8,lowrank,lowrank,4,2,stack_nonlinear,128,9401101,288,16,4608,8,3456,3456,3456,3456,16,16,16
n8_lowrank4_d2_stack_nonlinear_T128_s9401101,8,lowrank,lowrank,4,2,stack_nonlinear,128,9401101,288,16,4608,16,3456,3456,3456,3456,16,16,16
n8_lowrank4_d2_stack_nonlinear_T128_s9401101,8,lowrank,lowrank,4,2,stack_nonlinear,128,9401101,288,16,4608,32,3456,3456,3456,3456,16,16,16
n8_lowrank4_d2_stack_nonlinear_T128_s9401101,8,lowrank,lowrank,4,2,stack_nonlinear,128,9401101,288,16,4608,64,3456,3456,3456,3456,16,16,16
n8_lowrank4_d2_stack_nonlinear_T128_s9401101,8,lowrank,lowrank,4,2,stack_nonlinear,128,9401101,288,16,4608,128,3456,3456,3456,3456,16,16,16
n8_lowrank4_d2_stack_nonlinear_T128_s9401102,8,lowrank,lowrank,4,2,stack_nonlinear,128,9401102,288,16,4608,1,720,720,720,720,16,16,16
n8_lowrank4_d2_stack_nonlinear_T128_s9401102,8,lowrank,lowrank,4,2,stack_nonlinear,128,9401102,288,16,4608,2,2896,2896,2896,2896,16,16,16
n8_lowrank4_d2_stack_nonlinear_T128_s9401102,8,lowrank,lowrank,4,2,stack_nonlinear,128,9401102,288,16,4608,4,3456,3456,3456,3456,16,16,16
n8_lowrank4_d2_stack_nonlinear_T128_s9401102,8,lowrank,lowrank,4,2,stack_nonlinear,128,9401102,288,16,4608,8,3456,3456,3456,3456,16,16,16
n8_lowrank4_d2_stack_nonlinear_T128_s9401102,8,lowrank,lowrank,4,2,stack_nonlinear,128,9401102,288,16,4608,16,3456,3456,3456,3456,16,16,16
n8_lowrank4_d2_stack_nonlinear_T128_s9401102,8,lowrank,lowrank,4,2,stack_nonlinear,128,9401102,288,16,4608,32,3456,3456,3456,3456,16,16,16
n8_lowrank4_d2_stack_nonlinear_T128_s9401102,8,lowrank,lowrank,4,2,stack_nonlinear,128,9401102,288,16,4608,64,3456,3456,3456,3456,16,16,16
n8_lowrank4_d2_stack_nonlinear_T128_s9401102,8,lowrank,lowrank,4,2,stack_nonlinear,128,9401102,288,16,4608,128,3456,3456,3456,3456,16,16,16
n8_lowrank4_d2_stack_nonlinear_T128_s9401103,8,lowrank,lowrank,4,2,stack_nonlinear,128,9401103,288,16,4608,1,720,720,720,720,16,16,16
n8_lowrank4_d2_stack_nonlinear_T128_s9401103,8,lowrank,lowrank,4,2,stack_nonlinear,128,9401103,288,16,4608,2,2896,2896,2896,2896,16,16,16
n8_lowrank4_d2_stack_nonlinear_T128_s9401103,8,lowrank,lowrank,4,2,stack_nonlinear,128,9401103,288,16,4608,4,3456,3456,3456,3456,16,16,16
n8_lowrank4_d2_stack_nonlinear_T128_s9401103,8,lowrank,lowrank,4,2,stack_nonlinear,128,9401103,288,16,4608,8,3456,3456,3456,3456,16,16,16
n8_lowrank4_d2_stack_nonlinear_T128_s9401103,8,lowrank,lowrank,4,2,stack_nonlinear,128,9401103,288,16,4608,16,3456,3456,3456,3456,16,16,16
n8_lowrank4_d2_stack_nonlinear_T128_s9401103,8,lowrank,lowrank,4,2,stack_nonlinear,128,9401103,288,16,4608,32,3456,3456,3456,3456,16,16,16
n8_lowrank4_d2_stack_nonlinear_T128_s9401103,8,lowrank,lowrank,4,2,stack_nonlinear,128,9401103,288,16,4608,64,3456,3456,3456,3456,16,16,16
n8_lowrank4_d2_stack_nonlinear_T128_s9401103,8,lowrank,lowrank,4,2,stack_nonlinear,128,9401103,288,16,4608,128,3456,3456,3456,3456,16,16,16
n8_lowrank4_d2_stack_nonlinear_T128_s9401104,8,lowrank,lowrank,4,2,stack_nonlinear,128,9401104,288,16,4608,1,720,720,720,720,16,16,16
n8_lowrank4_d2_stack_nonlinear_T128_s9401104,8,lowrank,lowrank,4,2,stack_nonlinear,128,9401104,288,16,4608,2,2896,2896,2896,2896,16,16,16
n8_lowrank4_d2_stack_nonlinear_T128_s9401104,8,lowrank,lowrank,4,2,stack_nonlinear,128,9401104,288,16,4608,4,3456,3456,3456,3456,16,16,16
n8_lowrank4_d2_stack_nonlinear_T128_s9401104,8,lowrank,lowrank,4,2,stack_nonlinear,128,9401104,288,16,4608,8,3456,3456,3456,3456,16,16,16
n8_lowrank4_d2_stack_nonlinear_T128_s9401104,8,lowrank,lowrank,4,2,stack_nonlinear,128,9401104,288,16,4608,16,3456,3456,3456,3456,16,16,16
n8_lowrank4_d2_stack_nonlinear_T128_s9401104,8,lowrank,lowrank,4,2,stack_nonlinear,128,9401104,288,16,4608,32,3456,3456,3456,3456,16,16,16
n8_lowrank4_d2_stack_nonlinear_T128_s9401104,8,lowrank,lowrank,4,2,stack_nonlinear,128,9401104,288,16,4608,64,3456,3456,3456,3456,16,16,16
n8_lowrank4_d2_stack_nonlinear_T128_s9401104,8,lowrank,lowrank,4,2,stack_nonlinear,128,9401104,288,16,4608,128,3456,3456,3456,3456,16,16,16
n8_lowrank4_d3_stack_nonlinear_T32_s9401100,8,lowrank,lowrank,4,3,stack_nonlinear,32,9401100,432,24,10368,1,1944,1944,1944,1944,24,24,24
n8_lowrank4_d3_stack_nonlinear_T32_s9401100,8,lowrank,lowrank,4,3,stack_nonlinear,32,9401100,432,24,10368,2,6072,6072,6072,6072,24,24,24
n8_lowrank4_d3_stack_nonlinear_T32_s9401100,8,lowrank,lowrank,4,3,stack_nonlinear,32,9401100,432,24,10368,4,6912,6912,6912,6912,24,24,24
n8_lowrank4_d3_stack_nonlinear_T32_s9401100,8,lowrank,lowrank,4,3,stack_nonlinear,32,9401100,432,24,10368,8,6912,6912,6912,6912,24,24,24
n8_lowrank4_d3_stack_nonlinear_T32_s9401100,8,lowrank,lowrank,4,3,stack_nonlinear,32,9401100,432,24,10368,16,6912,6912,6912,6912,24,24,24
n8_lowrank4_d3_stack_nonlinear_T32_s9401100,8,lowrank,lowrank,4,3,stack_nonlinear,32,9401100,432,24,10368,32,6912,6912,6912,6912,24,24,24
n8_lowrank4_d3_stack_nonlinear_T32_s9401101,8,lowrank,lowrank,4,3,stack_nonlinear,32,9401101,432,24,10368,1,1944,1944,1944,1944,24,24,24
n8_lowrank4_d3_stack_nonlinear_T32_s9401101,8,lowrank,lowrank,4,3,stack_nonlinear,32,9401101,432,24,10368,2,6072,6072,6072,6072,24,24,24
n8_lowrank4_d3_stack_nonlinear_T32_s9401101,8,lowrank,lowrank,4,3,stack_nonlinear,32,9401101,432,24,10368,4,6912,6912,6912,6912,24,24,24
n8_lowrank4_d3_stack_nonlinear_T32_s9401101,8,lowrank,lowrank,4,3,stack_nonlinear,32,9401101,432,24,10368,8,6912,6912,6912,6912,24,24,24
n8_lowrank4_d3_stack_nonlinear_T32_s9401101,8,lowrank,lowrank,4,3,stack_nonlinear,32,9401101,432,24,10368,16,6912,6912,6912,6912,24,24,24
n8_lowrank4_d3_stack_nonlinear_T32_s9401101,8,lowrank,lowrank,4,3,stack_nonlinear,32,9401101,432,24,10368,32,6912,6912,6912,6912,24,24,24
n8_lowrank4_d3_stack_nonlinear_T32_s9401102,8,lowrank,lowrank,4,3,stack_nonlinear,32,9401102,432,24,10368,1,1944,1944,1944,1944,24,24,24
n8_lowrank4_d3_stack_nonlinear_T32_s9401102,8,lowrank,lowrank,4,3,stack_nonlinear,32,9401102,432,24,10368,2,6072,6072,6072,6072,24,24,24
n8_lowrank4_d3_stack_nonlinear_T32_s9401102,8,lowrank,lowrank,4,3,stack_nonlinear,32,9401102,432,24,10368,4,6912,6912,6912,6912,24,24,24
n8_lowrank4_d3_stack_nonlinear_T32_s9401102,8,lowrank,lowrank,4,3,stack_nonlinear,32,9401102,432,24,10368,8,6912,6912,6912,6912,24,24,24
n8_lowrank4_d3_stack_nonlinear_T32_s9401102,8,lowrank,lowrank,4,3,stack_nonlinear,32,9401102,432,24,10368,16,6912,6912,6912,6912,24,24,24
n8_lowrank4_d3_stack_nonlinear_T32_s9401102,8,lowrank,lowrank,4,3,stack_nonlinear,32,9401102,432,24,10368,32,6912,6912,6912,6912,24,24,24
n8_lowrank4_d3_stack_nonlinear_T32_s9401103,8,lowrank,lowrank,4,3,stack_nonlinear,32,9401103,432,24,10368,1,1944,1944,1944,1944,24,24,24
n8_lowrank4_d3_stack_nonlinear_T32_s9401103,8,lowrank,lowrank,4,3,stack_nonlinear,32,9401103,432,24,10368,2,6072,6072,6072,6072,24,24,24
n8_lowrank4_d3_stack_nonlinear_T32_s9401103,8,lowrank,lowrank,4,3,stack_nonlinear,32,9401103,432,24,10368,4,6912,6912,6912,6912,24,24,24
n8_lowrank4_d3_stack_nonlinear_T32_s9401103,8,lowrank,lowrank,4,3,stack_nonlinear,32,9401103,432,24,10368,8,6912,6912,6912,6912,24,24,24
n8_lowrank4_d3_stack_nonlinear_T32_s9401103,8,lowrank,lowrank,4,3,stack_nonlinear,32,9401103,432,24,10368,16,6912,6912,6912,6912,24,24,24
n8_lowrank4_d3_stack_nonlinear_T32_s9401103,8,lowrank,lowrank,4,3,stack_nonlinear,32,9401103,432,24,10368,32,6912,6912,6912,6912,24,24,24
n8_lowrank4_d3_stack_nonlinear_T32_s9401104,8,lowrank,lowrank,4,3,stack_nonlinear,32,9401104,432,24,10368,1,1944,1944,1944,1944,24,24,24
n8_lowrank4_d3_stack_nonlinear_T32_s9401104,8,lowrank,lowrank,4,3,stack_nonlinear,32,9401104,432,24,10368,2,6072,6072,6072,6072,24,24,24
n8_lowrank4_d3_stack_nonlinear_T32_s9401104,8,lowrank,lowrank,4,3,stack_nonlinear,32,9401104,432,24,10368,4,6912,6912,6912,6912,24,24,24
n8_lowrank4_d3_stack_nonlinear_T32_s9401104,8,lowrank,lowrank,4,3,stack_nonlinear,32,9401104,432,24,10368,8,6912,6912,6912,6912,24,24,24
n8_lowrank4_d3_stack_nonlinear_T32_s9401104,8,lowrank,lowrank,4,3,stack_nonlinear,32,9401104,432,24,10368,16,6912,6912,6912,6912,24,24,24
n8_lowrank4_d3_stack_nonlinear_T32_s9401104,8,lowrank,lowrank,4,3,stack_nonlinear,32,9401104,432,24,10368,32,6912,6912,6912,6912,24,24,24
n8_lowrank4_d3_stack_nonlinear_T128_s9401100,8,lowrank,lowrank,4,3,stack_nonlinear,128,9401100,432,24,10368,1,1944,1944,1944,1944,24,24,24
n8_lowrank4_d3_stack_nonlinear_T128_s9401100,8,lowrank,lowrank,4,3,stack_nonlinear,128,9401100,432,24,10368,2,6072,6072,6072,6072,24,24,24
n8_lowrank4_d3_stack_nonlinear_T128_s9401100,8,lowrank,lowrank,4,3,stack_nonlinear,128,9401100,432,24,10368,4,6912,6912,6912,6912,24,24,24
n8_lowrank4_d3_stack_nonlinear_T128_s9401100,8,lowrank,lowrank,4,3,stack_nonlinear,128,9401100,432,24,10368,8,6912,6912,6912,6912,24,24,24
n8_lowrank4_d3_stack_nonlinear_T128_s9401100,8,lowrank,lowrank,4,3,stack_nonlinear,128,9401100,432,24,10368,16,6912,6912,6912,6912,24,24,24
n8_lowrank4_d3_stack_nonlinear_T128_s9401100,8,lowrank,lowrank,4,3,stack_nonlinear,128,9401100,432,24,10368,32,6912,6912,6912,6912,24,24,24
n8_lowrank4_d3_stack_nonlinear_T128_s9401100,8,lowrank,lowrank,4,3,stack_nonlinear,128,9401100,432,24,10368,64,6912,6912,6912,6912,24,24,24
n8_lowrank4_d3_stack_nonlinear_T128_s9401100,8,lowrank,lowrank,4,3,stack_nonlinear,128,9401100,432,24,10368,128,6912,6912,6912,6912,24,24,24
n8_lowrank4_d3_stack_nonlinear_T128_s9401101,8,lowrank,lowrank,4,3,stack_nonlinear,128,9401101,432,24,10368,1,1944,1944,1944,1944,24,24,24
n8_lowrank4_d3_stack_nonlinear_T128_s9401101,8,lowrank,lowrank,4,3,stack_nonlinear,128,9401101,432,24,10368,2,6072,6072,6072,6072,24,24,24
n8_lowrank4_d3_stack_nonlinear_T128_s9401101,8,lowrank,lowrank,4,3,stack_nonlinear,128,9401101,432,24,10368,4,6912,6912,6912,6912,24,24,24
n8_lowrank4_d3_stack_nonlinear_T128_s9401101,8,lowrank,lowrank,4,3,stack_nonlinear,128,9401101,432,24,10368,8,6912,6912,6912,6912,24,24,24
n8_lowrank4_d3_stack_nonlinear_T128_s9401101,8,lowrank,lowrank,4,3,stack_nonlinear,128,9401101,432,24,10368,16,6912,6912,6912,6912,24,24,24
n8_lowrank4_d3_stack_nonlinear_T128_s9401101,8,lowrank,lowrank,4,3,stack_nonlinear,128,9401101,432,24,10368,32,6912,6912,6912,6912,24,24,24
n8_lowrank4_d3_stack_nonlinear_T128_s9401101,8,lowrank,lowrank,4,3,stack_nonlinear,128,9401101,432,24,10368,64,6912,6912,6912,6912,24,24,24
n8_lowrank4_d3_stack_nonlinear_T128_s9401101,8,lowrank,lowrank,4,3,stack_nonlinear,128,9401101,432,24,10368,128,6912,6912,6912,6912,24,24,24
n8_lowrank4_d3_stack_nonlinear_T128_s9401102,8,lowrank,lowrank,4,3,stack_nonlinear,128,9401102,432,24,10368,1,1944,1944,1944,1944,24,24,24
n8_lowrank4_d3_stack_nonlinear_T128_s9401102,8,lowrank,lowrank,4,3,stack_nonlinear,128,9401102,432,24,10368,2,6072,6072,6072,6072,24,24,24
n8_lowrank4_d3_stack_nonlinear_T128_s9401102,8,lowrank,lowrank,4,3,stack_nonlinear,128,9401102,432,24,10368,4,6912,6912,6912,6912,24,24,24
n8_lowrank4_d3_stack_nonlinear_T128_s9401102,8,lowrank,lowrank,4,3,stack_nonlinear,128,9401102,432,24,10368,8,6912,6912,6912,6912,24,24,24
n8_lowrank4_d3_stack_nonlinear_T128_s9401102,8,lowrank,lowrank,4,3,stack_nonlinear,128,9401102,432,24,10368,16,6912,6912,6912,6912,24,24,24
n8_lowrank4_d3_stack_nonlinear_T128_s9401102,8,lowrank,lowrank,4,3,stack_nonlinear,128,9401102,432,24,10368,32,6912,6912,6912,6912,24,24,24
n8_lowrank4_d3_stack_nonlinear_T128_s9401102,8,lowrank,lowrank,4,3,stack_nonlinear,128,9401102,432,24,10368,64,6912,6912,6912,6912,24,24,24
n8_lowrank4_d3_stack_nonlinear_T128_s9401102,8,lowrank,lowrank,4,3,stack_nonlinear,128,9401102,432,24,10368,128,6912,6912,6912,6912,24,24,24
n8_lowrank4_d3_stack_nonlinear_T128_s9401103,8,lowrank,lowrank,4,3,stack_nonlinear,128,9401103,432,24,10368,1,1944,1944,1944,1944,24,24,24
n8_lowrank4_d3_stack_nonlinear_T128_s9401103,8,lowrank,lowrank,4,3,stack_nonlinear,128,9401103,432,24,10368,2,6072,6072,6072,6072,24,24,24
n8_lowrank4_d3_stack_nonlinear_T128_s9401103,8,lowrank,lowrank,4,3,stack_nonlinear,128,9401103,432,24,10368,4,6912,6912,6912,6912,24,24,24
n8_lowrank4_d3_stack_nonlinear_T128_s9401103,8,lowrank,lowrank,4,3,stack_nonlinear,128,9401103,432,24,10368,8,6912,6912,6912,6912,24,24,24
n8_lowrank4_d3_stack_nonlinear_T128_s9401103,8,lowrank,lowrank,4,3,stack_nonlinear,128,9401103,432,24,10368,16,6912,6912,6912,6912,24,24,24
n8_lowrank4_d3_stack_nonlinear_T128_s9401103,8,lowrank,lowrank,4,3,stack_nonlinear,128,9401103,432,24,10368,32,6912,6912,6912,6912,24,24,24
n8_lowrank4_d3_stack_nonlinear_T128_s9401103,8,lowrank,lowrank,4,3,stack_nonlinear,128,9401103,432,24,10368,64,6912,6912,6912,6912,24,24,24
n8_lowrank4_d3_stack_nonlinear_T128_s9401103,8,lowrank,lowrank,4,3,stack_nonlinear,128,9401103,432,24,10368,128,6912,6912,6912,6912,24,24,24
n8_lowrank4_d3_stack_nonlinear_T128_s9401104,8,lowrank,lowrank,4,3,stack_nonlinear,128,9401104,432,24,10368,1,1944,1944,1944,1944,24,24,24
n8_lowrank4_d3_stack_nonlinear_T128_s9401104,8,lowrank,lowrank,4,3,stack_nonlinear,128,9401104,432,24,10368,2,6072,6072,6072,6072,24,24,24
n8_lowrank4_d3_stack_nonlinear_T128_s9401104,8,lowrank,lowrank,4,3,stack_nonlinear,128,9401104,432,24,10368,4,6912,6912,6912,6912,24,24,24
n8_lowrank4_d3_stack_nonlinear_T128_s9401104,8,lowrank,lowrank,4,3,stack_nonlinear,128,9401104,432,24,10368,8,6912,6912,6912,6912,24,24,24
n8_lowrank4_d3_stack_nonlinear_T128_s9401104,8,lowrank,lowrank,4,3,stack_nonlinear,128,9401104,432,24,10368,16,6912,6912,6912,6912,24,24,24
n8_lowrank4_d3_stack_nonlinear_T128_s9401104,8,lowrank,lowrank,4,3,stack_nonlinear,128,9401104,432,24,10368,32,6912,6912,6912,6912,24,24,24
n8_lowrank4_d3_stack_nonlinear_T128_s9401104,8,lowrank,lowrank,4,3,stack_nonlinear,128,9401104,432,24,10368,64,6912,6912,6912,6912,24,24,24
n8_lowrank4_d3_stack_nonlinear_T128_s9401104,8,lowrank,lowrank,4,3,stack_nonlinear,128,9401104,432,24,10368,128,6912,6912,6912,6912,24,24,24
n8_lowrank8_d1_stack_nonlinear_T32_s9401100,8,lowrank,lowrank,8,1,stack_nonlinear,32,9401100,208,8,1664,1,72,72,72,72,8,8,8
n8_lowrank8_d1_stack_nonlinear_T32_s9401100,8,lowrank,lowrank,8,1,stack_nonlinear,32,9401100,208,8,1664,2,1160,1160,1160,1160,8,8,8
n8_lowrank8_d1_stack_nonlinear_T32_s9401100,8,lowrank,lowrank,8,1,stack_nonlinear,32,9401100,208,8,1664,4,1664,1664,1664,1664,8,8,8
n8_lowrank8_d1_stack_nonlinear_T32_s9401100,8,lowrank,lowrank,8,1,stack_nonlinear,32,9401100,208,8,1664,8,1664,1664,1664,1664,8,8,8
n8_lowrank8_d1_stack_nonlinear_T32_s9401100,8,lowrank,lowrank,8,1,stack_nonlinear,32,9401100,208,8,1664,16,1664,1664,1664,1664,8,8,8
n8_lowrank8_d1_stack_nonlinear_T32_s9401100,8,lowrank,lowrank,8,1,stack_nonlinear,32,9401100,208,8,1664,32,1664,1664,1664,1664,8,8,8
n8_lowrank8_d1_stack_nonlinear_T32_s9401101,8,lowrank,lowrank,8,1,stack_nonlinear,32,9401101,208,8,1664,1,72,72,72,72,8,8,8
n8_lowrank8_d1_stack_nonlinear_T32_s9401101,8,lowrank,lowrank,8,1,stack_nonlinear,32,9401101,208,8,1664,2,1160,1160,1160,1160,8,8,8
n8_lowrank8_d1_stack_nonlinear_T32_s9401101,8,lowrank,lowrank,8,1,stack_nonlinear,32,9401101,208,8,1664,4,1664,1664,1664,1664,8,8,8
n8_lowrank8_d1_stack_nonlinear_T32_s9401101,8,lowrank,lowrank,8,1,stack_nonlinear,32,9401101,208,8,1664,8,1664,1664,1664,1664,8,8,8
n8_lowrank8_d1_stack_nonlinear_T32_s9401101,8,lowrank,lowrank,8,1,stack_nonlinear,32,9401101,208,8,1664,16,1664,1664,1664,1664,8,8,8
n8_lowrank8_d1_stack_nonlinear_T32_s9401101,8,lowrank,lowrank,8,1,stack_nonlinear,32,9401101,208,8,1664,32,1664,1664,1664,1664,8,8,8
n8_lowrank8_d1_stack_nonlinear_T32_s9401102,8,lowrank,lowrank,8,1,stack_nonlinear,32,9401102,208,8,1664,1,72,72,72,72,8,8,8
n8_lowrank8_d1_stack_nonlinear_T32_s9401102,8,lowrank,lowrank,8,1,stack_nonlinear,32,9401102,208,8,1664,2,1160,1160,1160,1160,8,8,8
n8_lowrank8_d1_stack_nonlinear_T32_s9401102,8,lowrank,lowrank,8,1,stack_nonlinear,32,9401102,208,8,1664,4,1664,1664,1664,1664,8,8,8
n8_lowrank8_d1_stack_nonlinear_T32_s9401102,8,lowrank,lowrank,8,1,stack_nonlinear,32,9401102,208,8,1664,8,1664,1664,1664,1664,8,8,8
n8_lowrank8_d1_stack_nonlinear_T32_s9401102,8,lowrank,lowrank,8,1,stack_nonlinear,32,9401102,208,8,1664,16,1664,1664,1664,1664,8,8,8
n8_lowrank8_d1_stack_nonlinear_T32_s9401102,8,lowrank,lowrank,8,1,stack_nonlinear,32,9401102,208,8,1664,32,1664,1664,1664,1664,8,8,8
n8_lowrank8_d1_stack_nonlinear_T32_s9401103,8,lowrank,lowrank,8,1,stack_nonlinear,32,9401103,208,8,1664,1,72,72,72,72,8,8,8
n8_lowrank8_d1_stack_nonlinear_T32_s9401103,8,lowrank,lowrank,8,1,stack_nonlinear,32,9401103,208,8,1664,2,1160,1160,1160,1160,8,8,8
n8_lowrank8_d1_stack_nonlinear_T32_s9401103,8,lowrank,lowrank,8,1,stack_nonlinear,32,9401103,208,8,1664,4,1664,1664,1664,1664,8,8,8
n8_lowrank8_d1_stack_nonlinear_T32_s9401103,8,lowrank,lowrank,8,1,stack_nonlinear,32,9401103,208,8,1664,8,1664,1664,1664,1664,8,8,8
n8_lowrank8_d1_stack_nonlinear_T32_s9401103,8,lowrank,lowrank,8,1,stack_nonlinear,32,9401103,208,8,1664,16,1664,1664,1664,1664,8,8,8
n8_lowrank8_d1_stack_nonlinear_T32_s9401103,8,lowrank,lowrank,8,1,stack_nonlinear,32,9401103,208,8,1664,32,1664,1664,1664,1664,8,8,8
n8_lowrank8_d1_stack_nonlinear_T32_s9401104,8,lowrank,lowrank,8,1,stack_nonlinear,32,9401104,208,8,1664,1,72,72,72,72,8,8,8
n8_lowrank8_d1_stack_nonlinear_T32_s9401104,8,lowrank,lowrank,8,1,stack_nonlinear,32,9401104,208,8,1664,2,1160,1160,1160,1160,8,8,8
n8_lowrank8_d1_stack_nonlinear_T32_s9401104,8,lowrank,lowrank,8,1,stack_nonlinear,32,9401104,208,8,1664,4,1664,1664,1664,1664,8,8,8
n8_lowrank8_d1_stack_nonlinear_T32_s9401104,8,lowrank,lowrank,8,1,stack_nonlinear,32,9401104,208,8,1664,8,1664,1664,1664,1664,8,8,8
n8_lowrank8_d1_stack_nonlinear_T32_s9401104,8,lowrank,lowrank,8,1,stack_nonlinear,32,9401104,208,8,1664,16,1664,1664,1664,1664,8,8,8
n8_lowrank8_d1_stack_nonlinear_T32_s9401104,8,lowrank,lowrank,8,1,stack_nonlinear,32,9401104,208,8,1664,32,1664,1664,1664,1664,8,8,8
n8_lowrank8_d1_stack_nonlinear_T128_s9401100,8,lowrank,lowrank,8,1,stack_nonlinear,128,9401100,208,8,1664,1,72,72,72,72,8,8,8
n8_lowrank8_d1_stack_nonlinear_T128_s9401100,8,lowrank,lowrank,8,1,stack_nonlinear,128,9401100,208,8,1664,2,1160,1160,1160,1160,8,8,8
n8_lowrank8_d1_stack_nonlinear_T128_s9401100,8,lowrank,lowrank,8,1,stack_nonlinear,128,9401100,208,8,1664,4,1664,1664,1664,1664,8,8,8
n8_lowrank8_d1_stack_nonlinear_T128_s9401100,8,lowrank,lowrank,8,1,stack_nonlinear,128,9401100,208,8,1664,8,1664,1664,1664,1664,8,8,8
n8_lowrank8_d1_stack_nonlinear_T128_s9401100,8,lowrank,lowrank,8,1,stack_nonlinear,128,9401100,208,8,1664,16,1664,1664,1664,1664,8,8,8
n8_lowrank8_d1_stack_nonlinear_T128_s9401100,8,lowrank,lowrank,8,1,stack_nonlinear,128,9401100,208,8,1664,32,1664,1664,1664,1664,8,8,8
n8_lowrank8_d1_stack_nonlinear_T128_s9401100,8,lowrank,lowrank,8,1,stack_nonlinear,128,9401100,208,8,1664,64,1664,1664,1664,1664,8,8,8
n8_lowrank8_d1_stack_nonlinear_T128_s9401100,8,lowrank,lowrank,8,1,stack_nonlinear,128,9401100,208,8,1664,128,1664,1664,1664,1664,8,8,8
n8_lowrank8_d1_stack_nonlinear_T128_s9401101,8,lowrank,lowrank,8,1,stack_nonlinear,128,9401101,208,8,1664,1,72,72,72,72,8,8,8
n8_lowrank8_d1_stack_nonlinear_T128_s9401101,8,lowrank,lowrank,8,1,stack_nonlinear,128,9401101,208,8,1664,2,1160,1160,1160,1160,8,8,8
n8_lowrank8_d1_stack_nonlinear_T128_s9401101,8,lowrank,lowrank,8,1,stack_nonlinear,128,9401101,208,8,1664,4,1664,1664,1664,1664,8,8,8
n8_lowrank8_d1_stack_nonlinear_T128_s9401101,8,lowrank,lowrank,8,1,stack_nonlinear,128,9401101,208,8,1664,8,1664,1664,1664,1664,8,8,8
n8_lowrank8_d1_stack_nonlinear_T128_s9401101,8,lowrank,lowrank,8,1,stack_nonlinear,128,9401101,208,8,1664,16,1664,1664,1664,1664,8,8,8
n8_lowrank8_d1_stack_nonlinear_T128_s9401101,8,lowrank,lowrank,8,1,stack_nonlinear,128,9401101,208,8,1664,32,1664,1664,1664,1664,8,8,8
n8_lowrank8_d1_stack_nonlinear_T128_s9401101,8,lowrank,lowrank,8,1,stack_nonlinear,128,9401101,208,8,1664,64,1664,1664,1664,1664,8,8,8
n8_lowrank8_d1_stack_nonlinear_T128_s9401101,8,lowrank,lowrank,8,1,stack_nonlinear,128,9401101,208,8,1664,128,1664,1664,1664,1664,8,8,8
n8_lowrank8_d1_stack_nonlinear_T128_s9401102,8,lowrank,lowrank,8,1,stack_nonlinear,128,9401102,208,8,1664,1,72,72,72,72,8,8,8
n8_lowrank8_d1_stack_nonlinear_T128_s9401102,8,lowrank,lowrank,8,1,stack_nonlinear,128,9401102,208,8,1664,2,1160,1160,1160,1160,8,8,8
n8_lowrank8_d1_stack_nonlinear_T128_s9401102,8,lowrank,lowrank,8,1,stack_nonlinear,128,9401102,208,8,1664,4,1664,1664,1664,1664,8,8,8
n8_lowrank8_d1_stack_nonlinear_T128_s9401102,8,lowrank,lowrank,8,1,stack_nonlinear,128,9401102,208,8,1664,8,1664,1664,1664,1664,8,8,8
n8_lowrank8_d1_stack_nonlinear_T128_s9401102,8,lowrank,lowrank,8,1,stack_nonlinear,128,9401102,208,8,1664,16,1664,1664,1664,1664,8,8,8
n8_lowrank8_d1_stack_nonlinear_T128_s9401102,8,lowrank,lowrank,8,1,stack_nonlinear,128,9401102,208,8,1664,32,1664,1664,1664,1664,8,8,8
n8_lowrank8_d1_stack_nonlinear_T128_s9401102,8,lowrank,lowrank,8,1,stack_nonlinear,128,9401102,208,8,1664,64,1664,1664,1664,1664,8,8,8
n8_lowrank8_d1_stack_nonlinear_T128_s9401102,8,lowrank,lowrank,8,1,stack_nonlinear,128,9401102,208,8,1664,128,1664,1664,1664,1664,8,8,8
n8_lowrank8_d1_stack_nonlinear_T128_s9401103,8,lowrank,lowrank,8,1,stack_nonlinear,128,9401103,208,8,1664,1,72,72,72,72,8,8,8
n8_lowrank8_d1_stack_nonlinear_T128_s9401103,8,lowrank,lowrank,8,1,stack_nonlinear,128,9401103,208,8,1664,2,1160,1160,1160,1160,8,8,8
n8_lowrank8_d1_stack_nonlinear_T128_s9401103,8,lowrank,lowrank,8,1,stack_nonlinear,128,9401103,208,8,1664,4,1664,1664,1664,1664,8,8,8
n8_lowrank8_d1_stack_nonlinear_T128_s9401103,8,lowrank,lowrank,8,1,stack_nonlinear,128,9401103,208,8,1664,8,1664,1664,1664,1664,8,8,8
n8_lowrank8_d1_stack_nonlinear_T128_s9401103,8,lowrank,lowrank,8,1,stack_nonlinear,128,9401103,208,8,1664,16,1664,1664,1664,1664,8,8,8
n8_lowrank8_d1_stack_nonlinear_T128_s9401103,8,lowrank,lowrank,8,1,stack_nonlinear,128,9401103,208,8,1664,32,1664,1664,1664,1664,8,8,8
n8_lowrank8_d1_stack_nonlinear_T128_s9401103,8,lowrank,lowrank,8,1,stack_nonlinear,128,9401103,208,8,1664,64,1664,1664,1664,1664,8,8,8
n8_lowrank8_d1_stack_nonlinear_T128_s9401103,8,lowrank,lowrank,8,1,stack_nonlinear,128,9401103,208,8,1664,128,1664,1664,1664,1664,8,8,8
n8_lowrank8_d1_stack_nonlinear_T128_s9401104,8,lowrank,lowrank,8,1,stack_nonlinear,128,9401104,208,8,1664,1,72,72,72,72,8,8,8
n8_lowrank8_d1_stack_nonlinear_T128_s9401104,8,lowrank,lowrank,8,1,stack_nonlinear,128,9401104,208,8,1664,2,1160,1160,1160,1160,8,8,8
n8_lowrank8_d1_stack_nonlinear_T128_s9401104,8,lowrank,lowrank,8,1,stack_nonlinear,128,9401104,208,8,1664,4,1664,1664,1664,1664,8,8,8
n8_lowrank8_d1_stack_nonlinear_T128_s9401104,8,lowrank,lowrank,8,1,stack_nonlinear,128,9401104,208,8,1664,8,1664,1664,1664,1664,8,8,8
n8_lowrank8_d1_stack_nonlinear_T128_s9401104,8,lowrank,lowrank,8,1,stack_nonlinear,128,9401104,208,8,1664,16,1664,1664,1664,1664,8,8,8
n8_lowrank8_d1_stack_nonlinear_T128_s9401104,8,lowrank,lowrank,8,1,stack_nonlinear,128,9401104,208,8,1664,32,1664,1664,1664,1664,8,8,8
n8_lowrank8_d1_stack_nonlinear_T128_s9401104,8,lowrank,lowrank,8,1,stack_nonlinear,128,9401104,208,8,1664,64,1664,1664,1664,1664,8,8,8
n8_lowrank8_d1_stack_nonlinear_T128_s9401104,8,lowrank,lowrank,8,1,stack_nonlinear,128,9401104,208,8,1664,128,1664,1664,1664,1664,8,8,8
n8_lowrank8_d2_stack_nonlinear_T32_s9401100,8,lowrank,lowrank,8,2,stack_nonlinear,32,9401100,416,16,6656,1,720,720,720,720,16,16,16
n8_lowrank8_d2_stack_nonlinear_T32_s9401100,8,lowrank,lowrank,8,2,stack_nonlinear,32,9401100,416,16,6656,2,3984,3984,3984,3984,16,16,16
n8_lowrank8_d2_stack_nonlinear_T32_s9401100,8,lowrank,lowrank,8,2,stack_nonlinear,32,9401100,416,16,6656,4,4992,4992,4992,4992,16,16,16
n8_lowrank8_d2_stack_nonlinear_T32_s9401100,8,lowrank,lowrank,8,2,stack_nonlinear,32,9401100,416,16,6656,8,4992,4992,4992,4992,16,16,16
n8_lowrank8_d2_stack_nonlinear_T32_s9401100,8,lowrank,lowrank,8,2,stack_nonlinear,32,9401100,416,16,6656,16,4992,4992,4992,4992,16,16,16
n8_lowrank8_d2_stack_nonlinear_T32_s9401100,8,lowrank,lowrank,8,2,stack_nonlinear,32,9401100,416,16,6656,32,4992,4992,4992,4992,16,16,16
n8_lowrank8_d2_stack_nonlinear_T32_s9401101,8,lowrank,lowrank,8,2,stack_nonlinear,32,9401101,416,16,6656,1,720,720,720,720,16,16,16
n8_lowrank8_d2_stack_nonlinear_T32_s9401101,8,lowrank,lowrank,8,2,stack_nonlinear,32,9401101,416,16,6656,2,3984,3984,3984,3984,16,16,16
n8_lowrank8_d2_stack_nonlinear_T32_s9401101,8,lowrank,lowrank,8,2,stack_nonlinear,32,9401101,416,16,6656,4,4992,4992,4992,4992,16,16,16
n8_lowrank8_d2_stack_nonlinear_T32_s9401101,8,lowrank,lowrank,8,2,stack_nonlinear,32,9401101,416,16,6656,8,4992,4992,4992,4992,16,16,16
n8_lowrank8_d2_stack_nonlinear_T32_s9401101,8,lowrank,lowrank,8,2,stack_nonlinear,32,9401101,416,16,6656,16,4992,4992,4992,4992,16,16,16
n8_lowrank8_d2_stack_nonlinear_T32_s9401101,8,lowrank,lowrank,8,2,stack_nonlinear,32,9401101,416,16,6656,32,4992,4992,4992,4992,16,16,16
n8_lowrank8_d2_stack_nonlinear_T32_s9401102,8,lowrank,lowrank,8,2,stack_nonlinear,32,9401102,416,16,6656,1,720,720,720,720,16,16,16
n8_lowrank8_d2_stack_nonlinear_T32_s9401102,8,lowrank,lowrank,8,2,stack_nonlinear,32,9401102,416,16,6656,2,3984,3984,3984,3984,16,16,16
n8_lowrank8_d2_stack_nonlinear_T32_s9401102,8,lowrank,lowrank,8,2,stack_nonlinear,32,9401102,416,16,6656,4,4992,4992,4992,4992,16,16,16
n8_lowrank8_d2_stack_nonlinear_T32_s9401102,8,lowrank,lowrank,8,2,stack_nonlinear,32,9401102,416,16,6656,8,4992,4992,4992,4992,16,16,16
n8_lowrank8_d2_stack_nonlinear_T32_s9401102,8,lowrank,lowrank,8,2,stack_nonlinear,32,9401102,416,16,6656,16,4992,4992,4992,4992,16,16,16
n8_lowrank8_d2_stack_nonlinear_T32_s9401102,8,lowrank,lowrank,8,2,stack_nonlinear,32,9401102,416,16,6656,32,4992,4992,4992,4992,16,16,16
n8_lowrank8_d2_stack_nonlinear_T32_s9401103,8,lowrank,lowrank,8,2,stack_nonlinear,32,9401103,416,16,6656,1,720,720,720,720,16,16,16
n8_lowrank8_d2_stack_nonlinear_T32_s9401103,8,lowrank,lowrank,8,2,stack_nonlinear,32,9401103,416,16,6656,2,3984,3984,3984,3984,16,16,16
n8_lowrank8_d2_stack_nonlinear_T32_s9401103,8,lowrank,lowrank,8,2,stack_nonlinear,32,9401103,416,16,6656,4,4992,4992,4992,4992,16,16,16
n8_lowrank8_d2_stack_nonlinear_T32_s9401103,8,lowrank,lowrank,8,2,stack_nonlinear,32,9401103,416,16,6656,8,4992,4992,4992,4992,16,16,16
n8_lowrank8_d2_stack_nonlinear_T32_s9401103,8,lowrank,lowrank,8,2,stack_nonlinear,32,9401103,416,16,6656,16,4992,4992,4992,4992,16,16,16
n8_lowrank8_d2_stack_nonlinear_T32_s9401103,8,lowrank,lowrank,8,2,stack_nonlinear,32,9401103,416,16,6656,32,4992,4992,4992,4992,16,16,16
n8_lowrank8_d2_stack_nonlinear_T32_s9401104,8,lowrank,lowrank,8,2,stack_nonlinear,32,9401104,416,16,6656,1,720,720,720,720,16,16,16
n8_lowrank8_d2_stack_nonlinear_T32_s9401104,8,lowrank,lowrank,8,2,stack_nonlinear,32,9401104,416,16,6656,2,3984,3984,3984,3984,16,16,16
n8_lowrank8_d2_stack_nonlinear_T32_s9401104,8,lowrank,lowrank,8,2,stack_nonlinear,32,9401104,416,16,6656,4,4992,4992,4992,4992,16,16,16
n8_lowrank8_d2_stack_nonlinear_T32_s9401104,8,lowrank,lowrank,8,2,stack_nonlinear,32,9401104,416,16,6656,8,4992,4992,4992,4992,16,16,16
n8_lowrank8_d2_stack_nonlinear_T32_s9401104,8,lowrank,lowrank,8,2,stack_nonlinear,32,9401104,416,16,6656,16,4992,4992,4992,4992,16,16,16
n8_lowrank8_d2_stack_nonlinear_T32_s9401104,8,lowrank,lowrank,8,2,stack_nonlinear,32,9401104,416,16,6656,32,4992,4992,4992,4992,16,16,16
n8_lowrank8_d2_stack_nonlinear_T128_s9401100,8,lowrank,lowrank,8,2,stack_nonlinear,128,9401100,416,16,6656,1,720,720,720,720,16,16,16
n8_lowrank8_d2_stack_nonlinear_T128_s9401100,8,lowrank,lowrank,8,2,stack_nonlinear,128,9401100,416,16,6656,2,3984,3984,3984,3984,16,16,16
n8_lowrank8_d2_stack_nonlinear_T128_s9401100,8,lowrank,lowrank,8,2,stack_nonlinear,128,9401100,416,16,6656,4,4992,4992,4992,4992,16,16,16
n8_lowrank8_d2_stack_nonlinear_T128_s9401100,8,lowrank,lowrank,8,2,stack_nonlinear,128,9401100,416,16,6656,8,4992,4992,4992,4992,16,16,16
n8_lowrank8_d2_stack_nonlinear_T128_s9401100,8,lowrank,lowrank,8,2,stack_nonlinear,128,9401100,416,16,6656,16,4992,4992,4992,4992,16,16,16
n8_lowrank8_d2_stack_nonlinear_T128_s9401100,8,lowrank,lowrank,8,2,stack_nonlinear,128,9401100,416,16,6656,32,4992,4992,4992,4992,16,16,16
n8_lowrank8_d2_stack_nonlinear_T128_s9401100,8,lowrank,lowrank,8,2,stack_nonlinear,128,9401100,416,16,6656,64,4992,4992,4992,4992,16,16,16
n8_lowrank8_d2_stack_nonlinear_T128_s9401100,8,lowrank,lowrank,8,2,stack_nonlinear,128,9401100,416,16,6656,128,4992,4992,4992,4992,16,16,16
n8_lowrank8_d2_stack_nonlinear_T128_s9401101,8,lowrank,lowrank,8,2,stack_nonlinear,128,9401101,416,16,6656,1,720,720,720,720,16,16,16
n8_lowrank8_d2_stack_nonlinear_T128_s9401101,8,lowrank,lowrank,8,2,stack_nonlinear,128,9401101,416,16,6656,2,3984,3984,3984,3984,16,16,16
n8_lowrank8_d2_stack_nonlinear_T128_s9401101,8,lowrank,lowrank,8,2,stack_nonlinear,128,9401101,416,16,6656,4,4992,4992,4992,4992,16,16,16
n8_lowrank8_d2_stack_nonlinear_T128_s9401101,8,lowrank,lowrank,8,2,stack_nonlinear,128,9401101,416,16,6656,8,4992,4992,4992,4992,16,16,16
n8_lowrank8_d2_stack_nonlinear_T128_s9401101,8,lowrank,lowrank,8,2,stack_nonlinear,128,9401101,416,16,6656,16,4992,4992,4992,4992,16,16,16
n8_lowrank8_d2_stack_nonlinear_T128_s9401101,8,lowrank,lowrank,8,2,stack_nonlinear,128,9401101,416,16,6656,32,4992,4992,4992,4992,16,16,16
n8_lowrank8_d2_stack_nonlinear_T128_s9401101,8,lowrank,lowrank,8,2,stack_nonlinear,128,9401101,416,16,6656,64,4992,4992,4992,4992,16,16,16
n8_lowrank8_d2_stack_nonlinear_T128_s9401101,8,lowrank,lowrank,8,2,stack_nonlinear,128,9401101,416,16,6656,128,4992,4992,4992,4992,16,16,16
n8_lowrank8_d2_stack_nonlinear_T128_s9401102,8,lowrank,lowrank,8,2,stack_nonlinear,128,9401102,416,16,6656,1,720,720,720,720,16,16,16
n8_lowrank8_d2_stack_nonlinear_T128_s9401102,8,lowrank,lowrank,8,2,stack_nonlinear,128,9401102,416,16,6656,2,3984,3984,3984,3984,16,16,16
n8_lowrank8_d2_stack_nonlinear_T128_s9401102,8,lowrank,lowrank,8,2,stack_nonlinear,128,9401102,416,16,6656,4,4992,4992,4992,4992,16,16,16
n8_lowrank8_d2_stack_nonlinear_T128_s9401102,8,lowrank,lowrank,8,2,stack_nonlinear,128,9401102,416,16,6656,8,4992,4992,4992,4992,16,16,16
n8_lowrank8_d2_stack_nonlinear_T128_s9401102,8,lowrank,lowrank,8,2,stack_nonlinear,128,9401102,416,16,6656,16,4992,4992,4992,4992,16,16,16
n8_lowrank8_d2_stack_nonlinear_T128_s9401102,8,lowrank,lowrank,8,2,stack_nonlinear,128,9401102,416,16,6656,32,4992,4992,4992,4992,16,16,16
n8_lowrank8_d2_stack_nonlinear_T128_s9401102,8,lowrank,lowrank,8,2,stack_nonlinear,128,9401102,416,16,6656,64,4992,4992,4992,4992,16,16,16
n8_lowrank8_d2_stack_nonlinear_T128_s9401102,8,lowrank,lowrank,8,2,stack_nonlinear,128,9401102,416,16,6656,128,4992,4992,4992,4992,16,16,16
n8_lowrank8_d2_stack_nonlinear_T128_s9401103,8,lowrank,lowrank,8,2,stack_nonlinear,128,9401103,416,16,6656,1,720,720,720,720,16,16,16
n8_lowrank8_d2_stack_nonlinear_T128_s9401103,8,lowrank,lowrank,8,2,stack_nonlinear,128,9401103,416,16,6656,2,3984,3984,3984,3984,16,16,16
n8_lowrank8_d2_stack_nonlinear_T128_s9401103,8,lowrank,lowrank,8,2,stack_nonlinear,128,9401103,416,16,6656,4,4992,4992,4992,4992,16,16,16
n8_lowrank8_d2_stack_nonlinear_T128_s9401103,8,lowrank,lowrank,8,2,stack_nonlinear,128,9401103,416,16,6656,8,4992,4992,4992,4992,16,16,16
n8_lowrank8_d2_stack_nonlinear_T128_s9401103,8,lowrank,lowrank,8,2,stack_nonlinear,128,9401103,416,16,6656,16,4992,4992,4992,4992,16,16,16
n8_lowrank8_d2_stack_nonlinear_T128_s9401103,8,lowrank,lowrank,8,2,stack_nonlinear,128,9401103,416,16,6656,32,4992,4992,4992,4992,16,16,16
n8_lowrank8_d2_stack_nonlinear_T128_s9401103,8,lowrank,lowrank,8,2,stack_nonlinear,128,9401103,416,16,6656,64,4992,4992,4992,4992,16,16,16
n8_lowrank8_d2_stack_nonlinear_T128_s9401103,8,lowrank,lowrank,8,2,stack_nonlinear,128,9401103,416,16,6656,128,4992,4992,4992,4992,16,16,16
n8_lowrank8_d2_stack_nonlinear_T128_s9401104,8,lowrank,lowrank,8,2,stack_nonlinear,128,9401104,416,16,6656,1,720,720,720,720,16,16,16
n8_lowrank8_d2_stack_nonlinear_T128_s9401104,8,lowrank,lowrank,8,2,stack_nonlinear,128,9401104,416,16,6656,2,3984,3984,3984,3984,16,16,16
n8_lowrank8_d2_stack_nonlinear_T128_s9401104,8,lowrank,lowrank,8,2,stack_nonlinear,128,9401104,416,16,6656,4,4992,4992,4992,4992,16,16,16
n8_lowrank8_d2_stack_nonlinear_T128_s9401104,8,lowrank,lowrank,8,2,stack_nonlinear,128,9401104,416,16,6656,8,4992,4992,4992,4992,16,16,16
n8_lowrank8_d2_stack_nonlinear_T128_s9401104,8,lowrank,lowrank,8,2,stack_nonlinear,128,9401104,416,16,6656,16,4992,4992,4992,4992,16,16,16
n8_lowrank8_d2_stack_nonlinear_T128_s9401104,8,lowrank,lowrank,8,2,stack_nonlinear,128,9401104,416,16,6656,32,4992,4992,4992,4992,16,16,16
n8_lowrank8_d2_stack_nonlinear_T128_s9401104,8,lowrank,lowrank,8,2,stack_nonlinear,128,9401104,416,16,6656,64,4992,4992,4992,4992,16,16,16
n8_lowrank8_d2_stack_nonlinear_T128_s9401104,8,lowrank,lowrank,8,2,stack_nonlinear,128,9401104,416,16,6656,128,4992,4992,4992,4992,16,16,16
n8_lowrank8_d3_stack_nonlinear_T32_s9401100,8,lowrank,lowrank,8,3,stack_nonlinear,32,9401100,624,24,14976,1,1944,1944,1944,1944,24,24,24
n8_lowrank8_d3_stack_nonlinear_T32_s9401100,8,lowrank,lowrank,8,3,stack_nonlinear,32,9401100,624,24,14976,2,8472,8472,8472,8472,24,24,24
n8_lowrank8_d3_stack_nonlinear_T32_s9401100,8,lowrank,lowrank,8,3,stack_nonlinear,32,9401100,624,24,14976,4,9984,9984,9984,9984,24,24,24
n8_lowrank8_d3_stack_nonlinear_T32_s9401100,8,lowrank,lowrank,8,3,stack_nonlinear,32,9401100,624,24,14976,8,9984,9984,9984,9984,24,24,24
n8_lowrank8_d3_stack_nonlinear_T32_s9401100,8,lowrank,lowrank,8,3,stack_nonlinear,32,9401100,624,24,14976,16,9984,9984,9984,9984,24,24,24
n8_lowrank8_d3_stack_nonlinear_T32_s9401100,8,lowrank,lowrank,8,3,stack_nonlinear,32,9401100,624,24,14976,32,9984,9984,9984,9984,24,24,24
n8_lowrank8_d3_stack_nonlinear_T32_s9401101,8,lowrank,lowrank,8,3,stack_nonlinear,32,9401101,624,24,14976,1,1944,1944,1944,1944,24,24,24
n8_lowrank8_d3_stack_nonlinear_T32_s9401101,8,lowrank,lowrank,8,3,stack_nonlinear,32,9401101,624,24,14976,2,8472,8472,8472,8472,24,24,24
n8_lowrank8_d3_stack_nonlinear_T32_s9401101,8,lowrank,lowrank,8,3,stack_nonlinear,32,9401101,624,24,14976,4,9984,9984,9984,9984,24,24,24
n8_lowrank8_d3_stack_nonlinear_T32_s9401101,8,lowrank,lowrank,8,3,stack_nonlinear,32,9401101,624,24,14976,8,9984,9984,9984,9984,24,24,24
n8_lowrank8_d3_stack_nonlinear_T32_s9401101,8,lowrank,lowrank,8,3,stack_nonlinear,32,9401101,624,24,14976,16,9984,9984,9984,9984,24,24,24
n8_lowrank8_d3_stack_nonlinear_T32_s9401101,8,lowrank,lowrank,8,3,stack_nonlinear,32,9401101,624,24,14976,32,9984,9984,9984,9984,24,24,24
n8_lowrank8_d3_stack_nonlinear_T32_s9401102,8,lowrank,lowrank,8,3,stack_nonlinear,32,9401102,624,24,14976,1,1944,1944,1944,1944,24,24,24
n8_lowrank8_d3_stack_nonlinear_T32_s9401102,8,lowrank,lowrank,8,3,stack_nonlinear,32,9401102,624,24,14976,2,8472,8472,8472,8472,24,24,24
n8_lowrank8_d3_stack_nonlinear_T32_s9401102,8,lowrank,lowrank,8,3,stack_nonlinear,32,9401102,624,24,14976,4,9984,9984,9984,9984,24,24,24
n8_lowrank8_d3_stack_nonlinear_T32_s9401102,8,lowrank,lowrank,8,3,stack_nonlinear,32,9401102,624,24,14976,8,9984,9984,9984,9984,24,24,24
n8_lowrank8_d3_stack_nonlinear_T32_s9401102,8,lowrank,lowrank,8,3,stack_nonlinear,32,9401102,624,24,14976,16,9984,9984,9984,9984,24,24,24
n8_lowrank8_d3_stack_nonlinear_T32_s9401102,8,lowrank,lowrank,8,3,stack_nonlinear,32,9401102,624,24,14976,32,9984,9984,9984,9984,24,24,24
n8_lowrank8_d3_stack_nonlinear_T32_s9401103,8,lowrank,lowrank,8,3,stack_nonlinear,32,9401103,624,24,14976,1,1944,1944,1944,1944,24,24,24
n8_lowrank8_d3_stack_nonlinear_T32_s9401103,8,lowrank,lowrank,8,3,stack_nonlinear,32,9401103,624,24,14976,2,8472,8472,8472,8472,24,24,24
n8_lowrank8_d3_stack_nonlinear_T32_s9401103,8,lowrank,lowrank,8,3,stack_nonlinear,32,9401103,624,24,14976,4,9984,9984,9984,9984,24,24,24
n8_lowrank8_d3_stack_nonlinear_T32_s9401103,8,lowrank,lowrank,8,3,stack_nonlinear,32,9401103,624,24,14976,8,9984,9984,9984,9984,24,24,24
n8_lowrank8_d3_stack_nonlinear_T32_s9401103,8,lowrank,lowrank,8,3,stack_nonlinear,32,9401103,624,24,14976,16,9984,9984,9984,9984,24,24,24
n8_lowrank8_d3_stack_nonlinear_T32_s9401103,8,lowrank,lowrank,8,3,stack_nonlinear,32,9401103,624,24,14976,32,9984,9984,9984,9984,24,24,24
n8_lowrank8_d3_stack_nonlinear_T32_s9401104,8,lowrank,lowrank,8,3,stack_nonlinear,32,9401104,624,24,14976,1,1944,1944,1944,1944,24,24,24
n8_lowrank8_d3_stack_nonlinear_T32_s9401104,8,lowrank,lowrank,8,3,stack_nonlinear,32,9401104,624,24,14976,2,8472,8472,8472,8472,24,24,24
n8_lowrank8_d3_stack_nonlinear_T32_s9401104,8,lowrank,lowrank,8,3,stack_nonlinear,32,9401104,624,24,14976,4,9984,9984,9984,9984,24,24,24
n8_lowrank8_d3_stack_nonlinear_T32_s9401104,8,lowrank,lowrank,8,3,stack_nonlinear,32,9401104,624,24,14976,8,9984,9984,9984,9984,24,24,24
n8_lowrank8_d3_stack_nonlinear_T32_s9401104,8,lowrank,lowrank,8,3,stack_nonlinear,32,9401104,624,24,14976,16,9984,9984,9984,9984,24,24,24
n8_lowrank8_d3_stack_nonlinear_T32_s9401104,8,lowrank,lowrank,8,3,stack_nonlinear,32,9401104,624,24,14976,32,9984,9984,9984,9984,24,24,24
n8_lowrank8_d3_stack_nonlinear_T128_s9401100,8,lowrank,lowrank,8,3,stack_nonlinear,128,9401100,624,24,14976,1,1944,1944,1944,1944,24,24,24
n8_lowrank8_d3_stack_nonlinear_T128_s9401100,8,lowrank,lowrank,8,3,stack_nonlinear,128,9401100,624,24,14976,2,8472,8472,8472,8472,24,24,24
n8_lowrank8_d3_stack_nonlinear_T128_s9401100,8,lowrank,lowrank,8,3,stack_nonlinear,128,9401100,624,24,14976,4,9984,9984,9984,9984,24,24,24
n8_lowrank8_d3_stack_nonlinear_T128_s9401100,8,lowrank,lowrank,8,3,stack_nonlinear,128,9401100,624,24,14976,8,9984,9984,9984,9984,24,24,24
n8_lowrank8_d3_stack_nonlinear_T128_s9401100,8,lowrank,lowrank,8,3,stack_nonlinear,128,9401100,624,24,14976,16,9984,9984,9984,9984,24,24,24
n8_lowrank8_d3_stack_nonlinear_T128_s9401100,8,lowrank,lowrank,8,3,stack_nonlinear,128,9401100,624,24,14976,32,9984,9984,9984,9984,24,24,24
n8_lowrank8_d3_stack_nonlinear_T128_s9401100,8,lowrank,lowrank,8,3,stack_nonlinear,128,9401100,624,24,14976,64,9984,9984,9984,9984,24,24,24
n8_lowrank8_d3_stack_nonlinear_T128_s9401100,8,lowrank,lowrank,8,3,stack_nonlinear,128,9401100,624,24,14976,128,9984,9984,9984,9984,24,24,24
n8_lowrank8_d3_stack_nonlinear_T128_s9401101,8,lowrank,lowrank,8,3,stack_nonlinear,128,9401101,624,24,14976,1,1944,1944,1944,1944,24,24,24
n8_lowrank8_d3_stack_nonlinear_T128_s9401101,8,lowrank,lowrank,8,3,stack_nonlinear,128,9401101,624,24,14976,2,8472,8472,8472,8472,24,24,24
n8_lowrank8_d3_stack_nonlinear_T128_s9401101,8,lowrank,lowrank,8,3,stack_nonlinear,128,9401101,624,24,14976,4,9984,9984,9984,9984,24,24,24
n8_lowrank8_d3_stack_nonlinear_T128_s9401101,8,lowrank,lowrank,8,3,stack_nonlinear,128,9401101,624,24,14976,8,9984,9984,9984,9984,24,24,24
n8_lowrank8_d3_stack_nonlinear_T128_s9401101,8,lowrank,lowrank,8,3,stack_nonlinear,128,9401101,624,24,14976,16,9984,9984,9984,9984,24,24,24
n8_lowrank8_d3_stack_nonlinear_T128_s9401101,8,lowrank,lowrank,8,3,stack_nonlinear,128,9401101,624,24,14976,32,9984,9984,9984,9984,24,24,24
n8_lowrank8_d3_stack_nonlinear_T128_s9401101,8,lowrank,lowrank,8,3,stack_nonlinear,128,9401101,624,24,14976,64,9984,9984,9984,9984,24,24,24
n8_lowrank8_d3_stack_nonlinear_T128_s9401101,8,lowrank,lowrank,8,3,stack_nonlinear,128,9401101,624,24,14976,128,9984,9984,9984,9984,24,24,24
n8_lowrank8_d3_stack_nonlinear_T128_s9401102,8,lowrank,lowrank,8,3,stack_nonlinear,128,9401102,624,24,14976,1,1944,1944,1944,1944,24,24,24
n8_lowrank8_d3_stack_nonlinear_T128_s9401102,8,lowrank,lowrank,8,3,stack_nonlinear,128,9401102,624,24,14976,2,8472,8472,8472,8472,24,24,24
n8_lowrank8_d3_stack_nonlinear_T128_s9401102,8,lowrank,lowrank,8,3,stack_nonlinear,128,9401102,624,24,14976,4,9984,9984,9984,9984,24,24,24
n8_lowrank8_d3_stack_nonlinear_T128_s9401102,8,lowrank,lowrank,8,3,stack_nonlinear,128,9401102,624,24,14976,8,9984,9984,9984,9984,24,24,24
n8_lowrank8_d3_stack_nonlinear_T128_s9401102,8,lowrank,lowrank,8,3,stack_nonlinear,128,9401102,624,24,14976,16,9984,9984,9984,9984,24,24,24
n8_lowrank8_d3_stack_nonlinear_T128_s9401102,8,lowrank,lowrank,8,3,stack_nonlinear,128,9401102,624,24,14976,32,9984,9984,9984,9984,24,24,24
n8_lowrank8_d3_stack_nonlinear_T128_s9401102,8,lowrank,lowrank,8,3,stack_nonlinear,128,9401102,624,24,14976,64,9984,9984,9984,9984,24,24,24
n8_lowrank8_d3_stack_nonlinear_T128_s9401102,8,lowrank,lowrank,8,3,stack_nonlinear,128,9401102,624,24,14976,128,9984,9984,9984,9984,24,24,24
n8_lowrank8_d3_stack_nonlinear_T128_s9401103,8,lowrank,lowrank,8,3,stack_nonlinear,128,9401103,624,24,14976,1,1944,1944,1944,1944,24,24,24
n8_lowrank8_d3_stack_nonlinear_T128_s9401103,8,lowrank,lowrank,8,3,stack_nonlinear,128,9401103,624,24,14976,2,8472,8472,8472,8472,24,24,24
n8_lowrank8_d3_stack_nonlinear_T128_s9401103,8,lowrank,lowrank,8,3,stack_nonlinear,128,9401103,624,24,14976,4,9984,9984,9984,9984,24,24,24
n8_lowrank8_d3_stack_nonlinear_T128_s9401103,8,lowrank,lowrank,8,3,stack_nonlinear,128,9401103,624,24,14976,8,9984,9984,9984,9984,24,24,24
n8_lowrank8_d3_stack_nonlinear_T128_s9401103,8,lowrank,lowrank,8,3,stack_nonlinear,128,9401103,624,24,14976,16,9984,9984,9984,9984,24,24,24
n8_lowrank8_d3_stack_nonlinear_T128_s9401103,8,lowrank,lowrank,8,3,stack_nonlinear,128,9401103,624,24,14976,32,9984,9984,9984,9984,24,24,24
n8_lowrank8_d3_stack_nonlinear_T128_s9401103,8,lowrank,lowrank,8,3,stack_nonlinear,128,9401103,624,24,14976,64,9984,9984,9984,9984,24,24,24
n8_lowrank8_d3_stack_nonlinear_T128_s9401103,8,lowrank,lowrank,8,3,stack_nonlinear,128,9401103,624,24,14976,128,9984,9984,9984,9984,24,24,24
n8_lowrank8_d3_stack_nonlinear_T128_s9401104,8,lowrank,lowrank,8,3,stack_nonlinear,128,9401104,624,24,14976,1,1944,1944,1944,1944,24,24,24
n8_lowrank8_d3_stack_nonlinear_T128_s9401104,8,lowrank,lowrank,8,3,stack_nonlinear,128,9401104,624,24,14976,2,8472,8472,8472,8472,24,24,24
n8_lowrank8_d3_stack_nonlinear_T128_s9401104,8,lowrank,lowrank,8,3,stack_nonlinear,128,9401104,624,24,14976,4,9984,9984,9984,9984,24,24,24
n8_lowrank8_d3_stack_nonlinear_T128_s9401104,8,lowrank,lowrank,8,3,stack_nonlinear,128,9401104,624,24,14976,8,9984,9984,9984,9984,24,24,24
n8_lowrank8_d3_stack_nonlinear_T128_s9401104,8,lowrank,lowrank,8,3,stack_nonlinear,128,9401104,624,24,14976,16,9984,9984,9984,9984,24,24,24
n8_lowrank8_d3_stack_nonlinear_T128_s9401104,8,lowrank,lowrank,8,3,stack_nonlinear,128,9401104,624,24,14976,32,9984,9984,9984,9984,24,24,24
n8_lowrank8_d3_stack_nonlinear_T128_s9401104,8,lowrank,lowrank,8,3,stack_nonlinear,128,9401104,624,24,14976,64,9984,9984,9984,9984,24,24,24
n8_lowrank8_d3_stack_nonlinear_T128_s9401104,8,lowrank,lowrank,8,3,stack_nonlinear,128,9401104,624,24,14976,128,9984,9984,9984,9984,24,24,24
n8_mix1_d1_none_T32_s9401100,8,mix,block,1,1,none,32,9401100,80,8,640,1,72,72,72,72,8,8,8
n8_mix1_d1_none_T32_s9401100,8,mix,block,1,1,none,32,9401100,80,8,640,2,80,80,80,80,8,8,8
n8_mix1_d1_none_T32_s9401100,8,mix,block,1,1,none,32,9401100,80,8,640,4,80,80,80,80,8,8,8
n8_mix1_d1_none_T32_s9401100,8,mix,block,1,1,none,32,9401100,80,8,640,8,80,80,80,80,8,8,8
n8_mix1_d1_none_T32_s9401100,8,mix,block,1,1,none,32,9401100,80,8,640,16,80,80,80,80,8,8,8
n8_mix1_d1_none_T32_s9401100,8,mix,block,1,1,none,32,9401100,80,8,640,32,80,80,80,80,8,8,8
n8_mix1_d1_none_T32_s9401101,8,mix,block,1,1,none,32,9401101,80,8,640,1,72,72,72,72,8,8,8
n8_mix1_d1_none_T32_s9401101,8,mix,block,1,1,none,32,9401101,80,8,640,2,80,80,80,80,8,8,8
n8_mix1_d1_none_T32_s9401101,8,mix,block,1,1,none,32,9401101,80,8,640,4,80,80,80,80,8,8,8
n8_mix1_d1_none_T32_s9401101,8,mix,block,1,1,none,32,9401101,80,8,640,8,80,80,80,80,8,8,8
n8_mix1_d1_none_T32_s9401101,8,mix,block,1,1,none,32,9401101,80,8,640,16,80,80,80,80,8,8,8
n8_mix1_d1_none_T32_s9401101,8,mix,block,1,1,none,32,9401101,80,8,640,32,80,80,80,80,8,8,8
n8_mix1_d1_none_T32_s9401102,8,mix,block,1,1,none,32,9401102,80,8,640,1,72,72,72,72,8,8,8
n8_mix1_d1_none_T32_s9401102,8,mix,block,1,1,none,32,9401102,80,8,640,2,80,80,80,80,8,8,8
n8_mix1_d1_none_T32_s9401102,8,mix,block,1,1,none,32,9401102,80,8,640,4,80,80,80,80,8,8,8
n8_mix1_d1_none_T32_s9401102,8,mix,block,1,1,none,32,9401102,80,8,640,8,80,80,80,80,8,8,8
n8_mix1_d1_none_T32_s9401102,8,mix,block,1,1,none,32,9401102,80,8,640,16,80,80,80,80,8,8,8
n8_mix1_d1_none_T32_s9401102,8,mix,block,1,1,none,32,9401102,80,8,640,32,80,80,80,80,8,8,8
n8_mix1_d1_none_T32_s9401103,8,mix,block,1,1,none,32,9401103,80,8,640,1,72,72,72,72,8,8,8
n8_mix1_d1_none_T32_s9401103,8,mix,block,1,1,none,32,9401103,80,8,640,2,80,80,80,80,8,8,8
n8_mix1_d1_none_T32_s9401103,8,mix,block,1,1,none,32,9401103,80,8,640,4,80,80,80,80,8,8,8
n8_mix1_d1_none_T32_s9401103,8,mix,block,1,1,none,32,9401103,80,8,640,8,80,80,80,80,8,8,8
n8_mix1_d1_none_T32_s9401103,8,mix,block,1,1,none,32,9401103,80,8,640,16,80,80,80,80,8,8,8
n8_mix1_d1_none_T32_s9401103,8,mix,block,1,1,none,32,9401103,80,8,640,32,80,80,80,80,8,8,8
n8_mix1_d1_none_T32_s9401104,8,mix,block,1,1,none,32,9401104,80,8,640,1,72,72,72,72,8,8,8
n8_mix1_d1_none_T32_s9401104,8,mix,block,1,1,none,32,9401104,80,8,640,2,80,80,80,80,8,8,8
n8_mix1_d1_none_T32_s9401104,8,mix,block,1,1,none,32,9401104,80,8,640,4,80,80,80,80,8,8,8
n8_mix1_d1_none_T32_s9401104,8,mix,block,1,1,none,32,9401104,80,8,640,8,80,80,80,80,8,8,8
n8_mix1_d1_none_T32_s9401104,8,mix,block,1,1,none,32,9401104,80,8,640,16,80,80,80,80,8,8,8
n8_mix1_d1_none_T32_s9401104,8,mix,block,1,1,none,32,9401104,80,8,640,32,80,80,80,80,8,8,8
n8_mix1_d1_none_T128_s9401100,8,mix,block,1,1,none,128,9401100,80,8,640,1,72,72,72,72,8,8,8
n8_mix1_d1_none_T128_s9401100,8,mix,block,1,1,none,128,9401100,80,8,640,2,80,80,80,80,8,8,8
n8_mix1_d1_none_T128_s9401100,8,mix,block,1,1,none,128,9401100,80,8,640,4,80,80,80,80,8,8,8
n8_mix1_d1_none_T128_s9401100,8,mix,block,1,1,none,128,9401100,80,8,640,8,80,80,80,80,8,8,8
n8_mix1_d1_none_T128_s9401100,8,mix,block,1,1,none,128,9401100,80,8,640,16,80,80,80,80,8,8,8
n8_mix1_d1_none_T128_s9401100,8,mix,block,1,1,none,128,9401100,80,8,640,32,80,80,80,80,8,8,8
n8_mix1_d1_none_T128_s9401100,8,mix,block,1,1,none,128,9401100,80,8,640,64,80,80,80,80,8,8,8
n8_mix1_d1_none_T128_s9401100,8,mix,block,1,1,none,128,9401100,80,8,640,128,80,80,80,80,8,8,8
n8_mix1_d1_none_T128_s9401101,8,mix,block,1,1,none,128,9401101,80,8,640,1,72,72,72,72,8,8,8
n8_mix1_d1_none_T128_s9401101,8,mix,block,1,1,none,128,9401101,80,8,640,2,80,80,80,80,8,8,8
n8_mix1_d1_none_T128_s9401101,8,mix,block,1,1,none,128,9401101,80,8,640,4,80,80,80,80,8,8,8
n8_mix1_d1_none_T128_s9401101,8,mix,block,1,1,none,128,9401101,80,8,640,8,80,80,80,80,8,8,8
n8_mix1_d1_none_T128_s9401101,8,mix,block,1,1,none,128,9401101,80,8,640,16,80,80,80,80,8,8,8
n8_mix1_d1_none_T128_s9401101,8,mix,block,1,1,none,128,9401101,80,8,640,32,80,80,80,80,8,8,8
n8_mix1_d1_none_T128_s9401101,8,mix,block,1,1,none,128,9401101,80,8,640,64,80,80,80,80,8,8,8
n8_mix1_d1_none_T128_s9401101,8,mix,block,1,1,none,128,9401101,80,8,640,128,80,80,80,80,8,8,8
n8_mix1_d1_none_T128_s9401102,8,mix,block,1,1,none,128,9401102,80,8,640,1,72,72,72,72,8,8,8
n8_mix1_d1_none_T128_s9401102,8,mix,block,1,1,none,128,9401102,80,8,640,2,80,80,80,80,8,8,8
n8_mix1_d1_none_T128_s9401102,8,mix,block,1,1,none,128,9401102,80,8,640,4,80,80,80,80,8,8,8
n8_mix1_d1_none_T128_s9401102,8,mix,block,1,1,none,128,9401102,80,8,640,8,80,80,80,80,8,8,8
n8_mix1_d1_none_T128_s9401102,8,mix,block,1,1,none,128,9401102,80,8,640,16,80,80,80,80,8,8,8
n8_mix1_d1_none_T128_s9401102,8,mix,block,1,1,none,128,9401102,80,8,640,32,80,80,80,80,8,8,8
n8_mix1_d1_none_T128_s9401102,8,mix,block,1,1,none,128,9401102,80,8,640,64,80,80,80,80,8,8,8
n8_mix1_d1_none_T128_s9401102,8,mix,block,1,1,none,128,9401102,80,8,640,128,80,80,80,80,8,8,8
n8_mix1_d1_none_T128_s9401103,8,mix,block,1,1,none,128,9401103,80,8,640,1,72,72,72,72,8,8,8
n8_mix1_d1_none_T128_s9401103,8,mix,block,1,1,none,128,9401103,80,8,640,2,80,80,80,80,8,8,8
n8_mix1_d1_none_T128_s9401103,8,mix,block,1,1,none,128,9401103,80,8,640,4,80,80,80,80,8,8,8
n8_mix1_d1_none_T128_s9401103,8,mix,block,1,1,none,128,9401103,80,8,640,8,80,80,80,80,8,8,8
n8_mix1_d1_none_T128_s9401103,8,mix,block,1,1,none,128,9401103,80,8,640,16,80,80,80,80,8,8,8
n8_mix1_d1_none_T128_s9401103,8,mix,block,1,1,none,128,9401103,80,8,640,32,80,80,80,80,8,8,8
n8_mix1_d1_none_T128_s9401103,8,mix,block,1,1,none,128,9401103,80,8,640,64,80,80,80,80,8,8,8
n8_mix1_d1_none_T128_s9401103,8,mix,block,1,1,none,128,9401103,80,8,640,128,80,80,80,80,8,8,8
n8_mix1_d1_none_T128_s9401104,8,mix,block,1,1,none,128,9401104,80,8,640,1,72,72,72,72,8,8,8
n8_mix1_d1_none_T128_s9401104,8,mix,block,1,1,none,128,9401104,80,8,640,2,80,80,80,80,8,8,8
n8_mix1_d1_none_T128_s9401104,8,mix,block,1,1,none,128,9401104,80,8,640,4,80,80,80,80,8,8,8
n8_mix1_d1_none_T128_s9401104,8,mix,block,1,1,none,128,9401104,80,8,640,8,80,80,80,80,8,8,8
n8_mix1_d1_none_T128_s9401104,8,mix,block,1,1,none,128,9401104,80,8,640,16,80,80,80,80,8,8,8
n8_mix1_d1_none_T128_s9401104,8,mix,block,1,1,none,128,9401104,80,8,640,32,80,80,80,80,8,8,8
n8_mix1_d1_none_T128_s9401104,8,mix,block,1,1,none,128,9401104,80,8,640,64,80,80,80,80,8,8,8
n8_mix1_d1_none_T128_s9401104,8,mix,block,1,1,none,128,9401104,80,8,640,128,80,80,80,80,8,8,8
n8_mix1_d1_fixed_linear_T32_s9401100,8,mix,block,1,1,fixed_linear,32,9401100,80,8,640,1,72,72,72,72,8,8,8
n8_mix1_d1_fixed_linear_T32_s9401100,8,mix,block,1,1,fixed_linear,32,9401100,80,8,640,2,80,80,80,80,8,8,8
n8_mix1_d1_fixed_linear_T32_s9401100,8,mix,block,1,1,fixed_linear,32,9401100,80,8,640,4,80,80,80,80,8,8,8
n8_mix1_d1_fixed_linear_T32_s9401100,8,mix,block,1,1,fixed_linear,32,9401100,80,8,640,8,80,80,80,80,8,8,8
n8_mix1_d1_fixed_linear_T32_s9401100,8,mix,block,1,1,fixed_linear,32,9401100,80,8,640,16,80,80,80,80,8,8,8
n8_mix1_d1_fixed_linear_T32_s9401100,8,mix,block,1,1,fixed_linear,32,9401100,80,8,640,32,80,80,80,80,8,8,8
n8_mix1_d1_fixed_linear_T32_s9401101,8,mix,block,1,1,fixed_linear,32,9401101,80,8,640,1,72,72,72,72,8,8,8
n8_mix1_d1_fixed_linear_T32_s9401101,8,mix,block,1,1,fixed_linear,32,9401101,80,8,640,2,80,80,80,80,8,8,8
n8_mix1_d1_fixed_linear_T32_s9401101,8,mix,block,1,1,fixed_linear,32,9401101,80,8,640,4,80,80,80,80,8,8,8
n8_mix1_d1_fixed_linear_T32_s9401101,8,mix,block,1,1,fixed_linear,32,9401101,80,8,640,8,80,80,80,80,8,8,8
n8_mix1_d1_fixed_linear_T32_s9401101,8,mix,block,1,1,fixed_linear,32,9401101,80,8,640,16,80,80,80,80,8,8,8
n8_mix1_d1_fixed_linear_T32_s9401101,8,mix,block,1,1,fixed_linear,32,9401101,80,8,640,32,80,80,80,80,8,8,8
n8_mix1_d1_fixed_linear_T32_s9401102,8,mix,block,1,1,fixed_linear,32,9401102,80,8,640,1,72,72,72,72,8,8,8
n8_mix1_d1_fixed_linear_T32_s9401102,8,mix,block,1,1,fixed_linear,32,9401102,80,8,640,2,80,80,80,80,8,8,8
n8_mix1_d1_fixed_linear_T32_s9401102,8,mix,block,1,1,fixed_linear,32,9401102,80,8,640,4,80,80,80,80,8,8,8
n8_mix1_d1_fixed_linear_T32_s9401102,8,mix,block,1,1,fixed_linear,32,9401102,80,8,640,8,80,80,80,80,8,8,8
n8_mix1_d1_fixed_linear_T32_s9401102,8,mix,block,1,1,fixed_linear,32,9401102,80,8,640,16,80,80,80,80,8,8,8
n8_mix1_d1_fixed_linear_T32_s9401102,8,mix,block,1,1,fixed_linear,32,9401102,80,8,640,32,80,80,80,80,8,8,8
n8_mix1_d1_fixed_linear_T32_s9401103,8,mix,block,1,1,fixed_linear,32,9401103,80,8,640,1,72,72,72,72,8,8,8
n8_mix1_d1_fixed_linear_T32_s9401103,8,mix,block,1,1,fixed_linear,32,9401103,80,8,640,2,80,80,80,80,8,8,8
n8_mix1_d1_fixed_linear_T32_s9401103,8,mix,block,1,1,fixed_linear,32,9401103,80,8,640,4,80,80,80,80,8,8,8
n8_mix1_d1_fixed_linear_T32_s9401103,8,mix,block,1,1,fixed_linear,32,9401103,80,8,640,8,80,80,80,80,8,8,8
n8_mix1_d1_fixed_linear_T32_s9401103,8,mix,block,1,1,fixed_linear,32,9401103,80,8,640,16,80,80,80,80,8,8,8
n8_mix1_d1_fixed_linear_T32_s9401103,8,mix,block,1,1,fixed_linear,32,9401103,80,8,640,32,80,80,80,80,8,8,8
n8_mix1_d1_fixed_linear_T32_s9401104,8,mix,block,1,1,fixed_linear,32,9401104,80,8,640,1,72,72,72,72,8,8,8
n8_mix1_d1_fixed_linear_T32_s9401104,8,mix,block,1,1,fixed_linear,32,9401104,80,8,640,2,80,80,80,80,8,8,8
n8_mix1_d1_fixed_linear_T32_s9401104,8,mix,block,1,1,fixed_linear,32,9401104,80,8,640,4,80,80,80,80,8,8,8
n8_mix1_d1_fixed_linear_T32_s9401104,8,mix,block,1,1,fixed_linear,32,9401104,80,8,640,8,80,80,80,80,8,8,8
n8_mix1_d1_fixed_linear_T32_s9401104,8,mix,block,1,1,fixed_linear,32,9401104,80,8,640,16,80,80,80,80,8,8,8
n8_mix1_d1_fixed_linear_T32_s9401104,8,mix,block,1,1,fixed_linear,32,9401104,80,8,640,32,80,80,80,80,8,8,8
n8_mix1_d1_fixed_linear_T128_s9401100,8,mix,block,1,1,fixed_linear,128,9401100,80,8,640,1,72,72,72,72,8,8,8
n8_mix1_d1_fixed_linear_T128_s9401100,8,mix,block,1,1,fixed_linear,128,9401100,80,8,640,2,80,80,80,80,8,8,8
n8_mix1_d1_fixed_linear_T128_s9401100,8,mix,block,1,1,fixed_linear,128,9401100,80,8,640,4,80,80,80,80,8,8,8
n8_mix1_d1_fixed_linear_T128_s9401100,8,mix,block,1,1,fixed_linear,128,9401100,80,8,640,8,80,80,80,80,8,8,8
n8_mix1_d1_fixed_linear_T128_s9401100,8,mix,block,1,1,fixed_linear,128,9401100,80,8,640,16,80,80,80,80,8,8,8
n8_mix1_d1_fixed_linear_T128_s9401100,8,mix,block,1,1,fixed_linear,128,9401100,80,8,640,32,80,80,80,80,8,8,8
n8_mix1_d1_fixed_linear_T128_s9401100,8,mix,block,1,1,fixed_linear,128,9401100,80,8,640,64,80,80,80,80,8,8,8
n8_mix1_d1_fixed_linear_T128_s9401100,8,mix,block,1,1,fixed_linear,128,9401100,80,8,640,128,80,80,80,80,8,8,8
n8_mix1_d1_fixed_linear_T128_s9401101,8,mix,block,1,1,fixed_linear,128,9401101,80,8,640,1,72,72,72,72,8,8,8
n8_mix1_d1_fixed_linear_T128_s9401101,8,mix,block,1,1,fixed_linear,128,9401101,80,8,640,2,80,80,80,80,8,8,8
n8_mix1_d1_fixed_linear_T128_s9401101,8,mix,block,1,1,fixed_linear,128,9401101,80,8,640,4,80,80,80,80,8,8,8
n8_mix1_d1_fixed_linear_T128_s9401101,8,mix,block,1,1,fixed_linear,128,9401101,80,8,640,8,80,80,80,80,8,8,8
n8_mix1_d1_fixed_linear_T128_s9401101,8,mix,block,1,1,fixed_linear,128,9401101,80,8,640,16,80,80,80,80,8,8,8
n8_mix1_d1_fixed_linear_T128_s9401101,8,mix,block,1,1,fixed_linear,128,9401101,80,8,640,32,80,80,80,80,8,8,8
n8_mix1_d1_fixed_linear_T128_s9401101,8,mix,block,1,1,fixed_linear,128,9401101,80,8,640,64,80,80,80,80,8,8,8
n8_mix1_d1_fixed_linear_T128_s9401101,8,mix,block,1,1,fixed_linear,128,9401101,80,8,640,128,80,80,80,80,8,8,8
n8_mix1_d1_fixed_linear_T128_s9401102,8,mix,block,1,1,fixed_linear,128,9401102,80,8,640,1,72,72,72,72,8,8,8
n8_mix1_d1_fixed_linear_T128_s9401102,8,mix,block,1,1,fixed_linear,128,9401102,80,8,640,2,80,80,80,80,8,8,8
n8_mix1_d1_fixed_linear_T128_s9401102,8,mix,block,1,1,fixed_linear,128,9401102,80,8,640,4,80,80,80,80,8,8,8
n8_mix1_d1_fixed_linear_T128_s9401102,8,mix,block,1,1,fixed_linear,128,9401102,80,8,640,8,80,80,80,80,8,8,8
n8_mix1_d1_fixed_linear_T128_s9401102,8,mix,block,1,1,fixed_linear,128,9401102,80,8,640,16,80,80,80,80,8,8,8
n8_mix1_d1_fixed_linear_T128_s9401102,8,mix,block,1,1,fixed_linear,128,9401102,80,8,640,32,80,80,80,80,8,8,8
n8_mix1_d1_fixed_linear_T128_s9401102,8,mix,block,1,1,fixed_linear,128,9401102,80,8,640,64,80,80,80,80,8,8,8
n8_mix1_d1_fixed_linear_T128_s9401102,8,mix,block,1,1,fixed_linear,128,9401102,80,8,640,128,80,80,80,80,8,8,8
n8_mix1_d1_fixed_linear_T128_s9401103,8,mix,block,1,1,fixed_linear,128,9401103,80,8,640,1,72,72,72,72,8,8,8
n8_mix1_d1_fixed_linear_T128_s9401103,8,mix,block,1,1,fixed_linear,128,9401103,80,8,640,2,80,80,80,80,8,8,8
n8_mix1_d1_fixed_linear_T128_s9401103,8,mix,block,1,1,fixed_linear,128,9401103,80,8,640,4,80,80,80,80,8,8,8
n8_mix1_d1_fixed_linear_T128_s9401103,8,mix,block,1,1,fixed_linear,128,9401103,80,8,640,8,80,80,80,80,8,8,8
n8_mix1_d1_fixed_linear_T128_s9401103,8,mix,block,1,1,fixed_linear,128,9401103,80,8,640,16,80,80,80,80,8,8,8
n8_mix1_d1_fixed_linear_T128_s9401103,8,mix,block,1,1,fixed_linear,128,9401103,80,8,640,32,80,80,80,80,8,8,8
n8_mix1_d1_fixed_linear_T128_s9401103,8,mix,block,1,1,fixed_linear,128,9401103,80,8,640,64,80,80,80,80,8,8,8
n8_mix1_d1_fixed_linear_T128_s9401103,8,mix,block,1,1,fixed_linear,128,9401103,80,8,640,128,80,80,80,80,8,8,8
n8_mix1_d1_fixed_linear_T128_s9401104,8,mix,block,1,1,fixed_linear,128,9401104,80,8,640,1,72,72,72,72,8,8,8
n8_mix1_d1_fixed_linear_T128_s9401104,8,mix,block,1,1,fixed_linear,128,9401104,80,8,640,2,80,80,80,80,8,8,8
n8_mix1_d1_fixed_linear_T128_s9401104,8,mix,block,1,1,fixed_linear,128,9401104,80,8,640,4,80,80,80,80,8,8,8
n8_mix1_d1_fixed_linear_T128_s9401104,8,mix,block,1,1,fixed_linear,128,9401104,80,8,640,8,80,80,80,80,8,8,8
n8_mix1_d1_fixed_linear_T128_s9401104,8,mix,block,1,1,fixed_linear,128,9401104,80,8,640,16,80,80,80,80,8,8,8
n8_mix1_d1_fixed_linear_T128_s9401104,8,mix,block,1,1,fixed_linear,128,9401104,80,8,640,32,80,80,80,80,8,8,8
n8_mix1_d1_fixed_linear_T128_s9401104,8,mix,block,1,1,fixed_linear,128,9401104,80,8,640,64,80,80,80,80,8,8,8
n8_mix1_d1_fixed_linear_T128_s9401104,8,mix,block,1,1,fixed_linear,128,9401104,80,8,640,128,80,80,80,80,8,8,8
n8_mix1_d1_trainable_linear_T32_s9401100,8,mix,block,1,1,trainable_linear,32,9401100,144,8,1152,1,72,72,72,72,8,8,8
n8_mix1_d1_trainable_linear_T32_s9401100,8,mix,block,1,1,trainable_linear,32,9401100,144,8,1152,2,80,80,80,80,8,8,8
n8_mix1_d1_trainable_linear_T32_s9401100,8,mix,block,1,1,trainable_linear,32,9401100,144,8,1152,4,80,80,80,80,8,8,8
n8_mix1_d1_trainable_linear_T32_s9401100,8,mix,block,1,1,trainable_linear,32,9401100,144,8,1152,8,80,80,80,80,8,8,8
n8_mix1_d1_trainable_linear_T32_s9401100,8,mix,block,1,1,trainable_linear,32,9401100,144,8,1152,16,80,80,80,80,8,8,8
n8_mix1_d1_trainable_linear_T32_s9401100,8,mix,block,1,1,trainable_linear,32,9401100,144,8,1152,32,80,80,80,80,8,8,8
n8_mix1_d1_trainable_linear_T32_s9401101,8,mix,block,1,1,trainable_linear,32,9401101,144,8,1152,1,72,72,72,72,8,8,8
n8_mix1_d1_trainable_linear_T32_s9401101,8,mix,block,1,1,trainable_linear,32,9401101,144,8,1152,2,80,80,80,80,8,8,8
n8_mix1_d1_trainable_linear_T32_s9401101,8,mix,block,1,1,trainable_linear,32,9401101,144,8,1152,4,80,80,80,80,8,8,8
n8_mix1_d1_trainable_linear_T32_s9401101,8,mix,block,1,1,trainable_linear,32,9401101,144,8,1152,8,80,80,80,80,8,8,8
n8_mix1_d1_trainable_linear_T32_s9401101,8,mix,block,1,1,trainable_linear,32,9401101,144,8,1152,16,80,80,80,80,8,8,8
n8_mix1_d1_trainable_linear_T32_s9401101,8,mix,block,1,1,trainable_linear,32,9401101,144,8,1152,32,80,80,80,80,8,8,8
n8_mix1_d1_trainable_linear_T32_s9401102,8,mix,block,1,1,trainable_linear,32,9401102,144,8,1152,1,72,72,72,72,8,8,8
n8_mix1_d1_trainable_linear_T32_s9401102,8,mix,block,1,1,trainable_linear,32,9401102,144,8,1152,2,80,80,80,80,8,8,8
n8_mix1_d1_trainable_linear_T32_s9401102,8,mix,block,1,1,trainable_linear,32,9401102,144,8,1152,4,80,80,80,80,8,8,8
n8_mix1_d1_trainable_linear_T32_s9401102,8,mix,block,1,1,trainable_linear,32,9401102,144,8,1152,8,80,80,80,80,8,8,8
n8_mix1_d1_trainable_linear_T32_s9401102,8,mix,block,1,1,trainable_linear,32,9401102,144,8,1152,16,80,80,80,80,8,8,8
n8_mix1_d1_trainable_linear_T32_s9401102,8,mix,block,1,1,trainable_linear,32,9401102,144,8,1152,32,80,80,80,80,8,8,8
n8_mix1_d1_trainable_linear_T32_s9401103,8,mix,block,1,1,trainable_linear,32,9401103,144,8,1152,1,72,72,72,72,8,8,8
n8_mix1_d1_trainable_linear_T32_s9401103,8,mix,block,1,1,trainable_linear,32,9401103,144,8,1152,2,80,80,80,80,8,8,8
n8_mix1_d1_trainable_linear_T32_s9401103,8,mix,block,1,1,trainable_linear,32,9401103,144,8,1152,4,80,80,80,80,8,8,8
n8_mix1_d1_trainable_linear_T32_s9401103,8,mix,block,1,1,trainable_linear,32,9401103,144,8,1152,8,80,80,80,80,8,8,8
n8_mix1_d1_trainable_linear_T32_s9401103,8,mix,block,1,1,trainable_linear,32,9401103,144,8,1152,16,80,80,80,80,8,8,8
n8_mix1_d1_trainable_linear_T32_s9401103,8,mix,block,1,1,trainable_linear,32,9401103,144,8,1152,32,80,80,80,80,8,8,8
n8_mix1_d1_trainable_linear_T32_s9401104,8,mix,block,1,1,trainable_linear,32,9401104,144,8,1152,1,72,72,72,72,8,8,8
n8_mix1_d1_trainable_linear_T32_s9401104,8,mix,block,1,1,trainable_linear,32,9401104,144,8,1152,2,80,80,80,80,8,8,8
n8_mix1_d1_trainable_linear_T32_s9401104,8,mix,block,1,1,trainable_linear,32,9401104,144,8,1152,4,80,80,80,80,8,8,8
n8_mix1_d1_trainable_linear_T32_s9401104,8,mix,block,1,1,trainable_linear,32,9401104,144,8,1152,8,80,80,80,80,8,8,8
n8_mix1_d1_trainable_linear_T32_s9401104,8,mix,block,1,1,trainable_linear,32,9401104,144,8,1152,16,80,80,80,80,8,8,8
n8_mix1_d1_trainable_linear_T32_s9401104,8,mix,block,1,1,trainable_linear,32,9401104,144,8,1152,32,80,80,80,80,8,8,8
n8_mix1_d1_trainable_linear_T128_s9401100,8,mix,block,1,1,trainable_linear,128,9401100,144,8,1152,1,72,72,72,72,8,8,8
n8_mix1_d1_trainable_linear_T128_s9401100,8,mix,block,1,1,trainable_linear,128,9401100,144,8,1152,2,80,80,80,80,8,8,8
n8_mix1_d1_trainable_linear_T128_s9401100,8,mix,block,1,1,trainable_linear,128,9401100,144,8,1152,4,80,80,80,80,8,8,8
n8_mix1_d1_trainable_linear_T128_s9401100,8,mix,block,1,1,trainable_linear,128,9401100,144,8,1152,8,80,80,80,80,8,8,8
n8_mix1_d1_trainable_linear_T128_s9401100,8,mix,block,1,1,trainable_linear,128,9401100,144,8,1152,16,80,80,80,80,8,8,8
n8_mix1_d1_trainable_linear_T128_s9401100,8,mix,block,1,1,trainable_linear,128,9401100,144,8,1152,32,80,80,80,80,8,8,8
n8_mix1_d1_trainable_linear_T128_s9401100,8,mix,block,1,1,trainable_linear,128,9401100,144,8,1152,64,80,80,80,80,8,8,8
n8_mix1_d1_trainable_linear_T128_s9401100,8,mix,block,1,1,trainable_linear,128,9401100,144,8,1152,128,80,80,80,80,8,8,8
n8_mix1_d1_trainable_linear_T128_s9401101,8,mix,block,1,1,trainable_linear,128,9401101,144,8,1152,1,72,72,72,72,8,8,8
n8_mix1_d1_trainable_linear_T128_s9401101,8,mix,block,1,1,trainable_linear,128,9401101,144,8,1152,2,80,80,80,80,8,8,8
n8_mix1_d1_trainable_linear_T128_s9401101,8,mix,block,1,1,trainable_linear,128,9401101,144,8,1152,4,80,80,80,80,8,8,8
n8_mix1_d1_trainable_linear_T128_s9401101,8,mix,block,1,1,trainable_linear,128,9401101,144,8,1152,8,80,80,80,80,8,8,8
n8_mix1_d1_trainable_linear_T128_s9401101,8,mix,block,1,1,trainable_linear,128,9401101,144,8,1152,16,80,80,80,80,8,8,8
n8_mix1_d1_trainable_linear_T128_s9401101,8,mix,block,1,1,trainable_linear,128,9401101,144,8,1152,32,80,80,80,80,8,8,8
n8_mix1_d1_trainable_linear_T128_s9401101,8,mix,block,1,1,trainable_linear,128,9401101,144,8,1152,64,80,80,80,80,8,8,8
n8_mix1_d1_trainable_linear_T128_s9401101,8,mix,block,1,1,trainable_linear,128,9401101,144,8,1152,128,80,80,80,80,8,8,8
n8_mix1_d1_trainable_linear_T128_s9401102,8,mix,block,1,1,trainable_linear,128,9401102,144,8,1152,1,72,72,72,72,8,8,8
n8_mix1_d1_trainable_linear_T128_s9401102,8,mix,block,1,1,trainable_linear,128,9401102,144,8,1152,2,80,80,80,80,8,8,8
n8_mix1_d1_trainable_linear_T128_s9401102,8,mix,block,1,1,trainable_linear,128,9401102,144,8,1152,4,80,80,80,80,8,8,8
n8_mix1_d1_trainable_linear_T128_s9401102,8,mix,block,1,1,trainable_linear,128,9401102,144,8,1152,8,80,80,80,80,8,8,8
n8_mix1_d1_trainable_linear_T128_s9401102,8,mix,block,1,1,trainable_linear,128,9401102,144,8,1152,16,80,80,80,80,8,8,8
n8_mix1_d1_trainable_linear_T128_s9401102,8,mix,block,1,1,trainable_linear,128,9401102,144,8,1152,32,80,80,80,80,8,8,8
n8_mix1_d1_trainable_linear_T128_s9401102,8,mix,block,1,1,trainable_linear,128,9401102,144,8,1152,64,80,80,80,80,8,8,8
n8_mix1_d1_trainable_linear_T128_s9401102,8,mix,block,1,1,trainable_linear,128,9401102,144,8,1152,128,80,80,80,80,8,8,8
n8_mix1_d1_trainable_linear_T128_s9401103,8,mix,block,1,1,trainable_linear,128,9401103,144,8,1152,1,72,72,72,72,8,8,8
n8_mix1_d1_trainable_linear_T128_s9401103,8,mix,block,1,1,trainable_linear,128,9401103,144,8,1152,2,80,80,80,80,8,8,8
n8_mix1_d1_trainable_linear_T128_s9401103,8,mix,block,1,1,trainable_linear,128,9401103,144,8,1152,4,80,80,80,80,8,8,8
n8_mix1_d1_trainable_linear_T128_s9401103,8,mix,block,1,1,trainable_linear,128,9401103,144,8,1152,8,80,80,80,80,8,8,8
n8_mix1_d1_trainable_linear_T128_s9401103,8,mix,block,1,1,trainable_linear,128,9401103,144,8,1152,16,80,80,80,80,8,8,8
n8_mix1_d1_trainable_linear_T128_s9401103,8,mix,block,1,1,trainable_linear,128,9401103,144,8,1152,32,80,80,80,80,8,8,8
n8_mix1_d1_trainable_linear_T128_s9401103,8,mix,block,1,1,trainable_linear,128,9401103,144,8,1152,64,80,80,80,80,8,8,8
n8_mix1_d1_trainable_linear_T128_s9401103,8,mix,block,1,1,trainable_linear,128,9401103,144,8,1152,128,80,80,80,80,8,8,8
n8_mix1_d1_trainable_linear_T128_s9401104,8,mix,block,1,1,trainable_linear,128,9401104,144,8,1152,1,72,72,72,72,8,8,8
n8_mix1_d1_trainable_linear_T128_s9401104,8,mix,block,1,1,trainable_linear,128,9401104,144,8,1152,2,80,80,80,80,8,8,8
n8_mix1_d1_trainable_linear_T128_s9401104,8,mix,block,1,1,trainable_linear,128,9401104,144,8,1152,4,80,80,80,80,8,8,8
n8_mix1_d1_trainable_linear_T128_s9401104,8,mix,block,1,1,trainable_linear,128,9401104,144,8,1152,8,80,80,80,80,8,8,8
n8_mix1_d1_trainable_linear_T128_s9401104,8,mix,block,1,1,trainable_linear,128,9401104,144,8,1152,16,80,80,80,80,8,8,8
n8_mix1_d1_trainable_linear_T128_s9401104,8,mix,block,1,1,trainable_linear,128,9401104,144,8,1152,32,80,80,80,80,8,8,8
n8_mix1_d1_trainable_linear_T128_s9401104,8,mix,block,1,1,trainable_linear,128,9401104,144,8,1152,64,80,80,80,80,8,8,8
n8_mix1_d1_trainable_linear_T128_s9401104,8,mix,block,1,1,trainable_linear,128,9401104,144,8,1152,128,80,80,80,80,8,8,8
n8_mix1_d1_nonlinear_trainable_T32_s9401100,8,mix,block,1,1,nonlinear_trainable,32,9401100,144,8,1152,1,72,72,72,72,8,8,8
n8_mix1_d1_nonlinear_trainable_T32_s9401100,8,mix,block,1,1,nonlinear_trainable,32,9401100,144,8,1152,2,80,80,80,80,8,8,8
n8_mix1_d1_nonlinear_trainable_T32_s9401100,8,mix,block,1,1,nonlinear_trainable,32,9401100,144,8,1152,4,80,80,80,80,8,8,8
n8_mix1_d1_nonlinear_trainable_T32_s9401100,8,mix,block,1,1,nonlinear_trainable,32,9401100,144,8,1152,8,80,80,80,80,8,8,8
n8_mix1_d1_nonlinear_trainable_T32_s9401100,8,mix,block,1,1,nonlinear_trainable,32,9401100,144,8,1152,16,80,80,80,80,8,8,8
n8_mix1_d1_nonlinear_trainable_T32_s9401100,8,mix,block,1,1,nonlinear_trainable,32,9401100,144,8,1152,32,80,80,80,80,8,8,8
n8_mix1_d1_nonlinear_trainable_T32_s9401101,8,mix,block,1,1,nonlinear_trainable,32,9401101,144,8,1152,1,72,72,72,72,8,8,8
n8_mix1_d1_nonlinear_trainable_T32_s9401101,8,mix,block,1,1,nonlinear_trainable,32,9401101,144,8,1152,2,80,80,80,80,8,8,8
n8_mix1_d1_nonlinear_trainable_T32_s9401101,8,mix,block,1,1,nonlinear_trainable,32,9401101,144,8,1152,4,80,80,80,80,8,8,8
n8_mix1_d1_nonlinear_trainable_T32_s9401101,8,mix,block,1,1,nonlinear_trainable,32,9401101,144,8,1152,8,80,80,80,80,8,8,8
n8_mix1_d1_nonlinear_trainable_T32_s9401101,8,mix,block,1,1,nonlinear_trainable,32,9401101,144,8,1152,16,80,80,80,80,8,8,8
n8_mix1_d1_nonlinear_trainable_T32_s9401101,8,mix,block,1,1,nonlinear_trainable,32,9401101,144,8,1152,32,80,80,80,80,8,8,8
n8_mix1_d1_nonlinear_trainable_T32_s9401102,8,mix,block,1,1,nonlinear_trainable,32,9401102,144,8,1152,1,72,72,72,72,8,8,8
n8_mix1_d1_nonlinear_trainable_T32_s9401102,8,mix,block,1,1,nonlinear_trainable,32,9401102,144,8,1152,2,80,80,80,80,8,8,8
n8_mix1_d1_nonlinear_trainable_T32_s9401102,8,mix,block,1,1,nonlinear_trainable,32,9401102,144,8,1152,4,80,80,80,80,8,8,8
n8_mix1_d1_nonlinear_trainable_T32_s9401102,8,mix,block,1,1,nonlinear_trainable,32,9401102,144,8,1152,8,80,80,80,80,8,8,8
n8_mix1_d1_nonlinear_trainable_T32_s9401102,8,mix,block,1,1,nonlinear_trainable,32,9401102,144,8,1152,16,80,80,80,80,8,8,8
n8_mix1_d1_nonlinear_trainable_T32_s9401102,8,mix,block,1,1,nonlinear_trainable,32,9401102,144,8,1152,32,80,80,80,80,8,8,8
n8_mix1_d1_nonlinear_trainable_T32_s9401103,8,mix,block,1,1,nonlinear_trainable,32,9401103,144,8,1152,1,72,72,72,72,8,8,8
n8_mix1_d1_nonlinear_trainable_T32_s9401103,8,mix,block,1,1,nonlinear_trainable,32,9401103,144,8,1152,2,80,80,80,80,8,8,8
n8_mix1_d1_nonlinear_trainable_T32_s9401103,8,mix,block,1,1,nonlinear_trainable,32,9401103,144,8,1152,4,80,80,80,80,8,8,8
n8_mix1_d1_nonlinear_trainable_T32_s9401103,8,mix,block,1,1,nonlinear_trainable,32,9401103,144,8,1152,8,80,80,80,80,8,8,8
n8_mix1_d1_nonlinear_trainable_T32_s9401103,8,mix,block,1,1,nonlinear_trainable,32,9401103,144,8,1152,16,80,80,80,80,8,8,8
n8_mix1_d1_nonlinear_trainable_T32_s9401103,8,mix,block,1,1,nonlinear_trainable,32,9401103,144,8,1152,32,80,80,80,80,8,8,8
n8_mix1_d1_nonlinear_trainable_T32_s9401104,8,mix,block,1,1,nonlinear_trainable,32,9401104,144,8,1152,1,72,72,72,72,8,8,8
n8_mix1_d1_nonlinear_trainable_T32_s9401104,8,mix,block,1,1,nonlinear_trainable,32,9401104,144,8,1152,2,80,80,80,80,8,8,8
n8_mix1_d1_nonlinear_trainable_T32_s9401104,8,mix,block,1,1,nonlinear_trainable,32,9401104,144,8,1152,4,80,80,80,80,8,8,8
n8_mix1_d1_nonlinear_trainable_T32_s9401104,8,mix,block,1,1,nonlinear_trainable,32,9401104,144,8,1152,8,80,80,80,80,8,8,8
n8_mix1_d1_nonlinear_trainable_T32_s9401104,8,mix,block,1,1,nonlinear_trainable,32,9401104,144,8,1152,16,80,80,80,80,8,8,8
n8_mix1_d1_nonlinear_trainable_T32_s9401104,8,mix,block,1,1,nonlinear_trainable,32,9401104,144,8,1152,32,80,80,80,80,8,8,8
n8_mix1_d1_nonlinear_trainable_T128_s9401100,8,mix,block,1,1,nonlinear_trainable,128,9401100,144,8,1152,1,72,72,72,72,8,8,8
n8_mix1_d1_nonlinear_trainable_T128_s9401100,8,mix,block,1,1,nonlinear_trainable,128,9401100,144,8,1152,2,80,80,80,80,8,8,8
n8_mix1_d1_nonlinear_trainable_T128_s9401100,8,mix,block,1,1,nonlinear_trainable,128,9401100,144,8,1152,4,80,80,80,80,8,8,8
n8_mix1_d1_nonlinear_trainable_T128_s9401100,8,mix,block,1,1,nonlinear_trainable,128,9401100,144,8,1152,8,80,80,80,80,8,8,8
n8_mix1_d1_nonlinear_trainable_T128_s9401100,8,mix,block,1,1,nonlinear_trainable,128,9401100,144,8,1152,16,80,80,80,80,8,8,8
n8_mix1_d1_nonlinear_trainable_T128_s9401100,8,mix,block,1,1,nonlinear_trainable,128,9401100,144,8,1152,32,80,80,80,80,8,8,8
n8_mix1_d1_nonlinear_trainable_T128_s9401100,8,mix,block,1,1,nonlinear_trainable,128,9401100,144,8,1152,64,80,80,80,80,8,8,8
n8_mix1_d1_nonlinear_trainable_T128_s9401100,8,mix,block,1,1,nonlinear_trainable,128,9401100,144,8,1152,128,80,80,80,80,8,8,8
n8_mix1_d1_nonlinear_trainable_T128_s9401101,8,mix,block,1,1,nonlinear_trainable,128,9401101,144,8,1152,1,72,72,72,72,8,8,8
n8_mix1_d1_nonlinear_trainable_T128_s9401101,8,mix,block,1,1,nonlinear_trainable,128,9401101,144,8,1152,2,80,80,80,80,8,8,8
n8_mix1_d1_nonlinear_trainable_T128_s9401101,8,mix,block,1,1,nonlinear_trainable,128,9401101,144,8,1152,4,80,80,80,80,8,8,8
n8_mix1_d1_nonlinear_trainable_T128_s9401101,8,mix,block,1,1,nonlinear_trainable,128,9401101,144,8,1152,8,80,80,80,80,8,8,8
n8_mix1_d1_nonlinear_trainable_T128_s9401101,8,mix,block,1,1,nonlinear_trainable,128,9401101,144,8,1152,16,80,80,80,80,8,8,8
n8_mix1_d1_nonlinear_trainable_T128_s9401101,8,mix,block,1,1,nonlinear_trainable,128,9401101,144,8,1152,32,80,80,80,80,8,8,8
n8_mix1_d1_nonlinear_trainable_T128_s9401101,8,mix,block,1,1,nonlinear_trainable,128,9401101,144,8,1152,64,80,80,80,80,8,8,8
n8_mix1_d1_nonlinear_trainable_T128_s9401101,8,mix,block,1,1,nonlinear_trainable,128,9401101,144,8,1152,128,80,80,80,80,8,8,8
n8_mix1_d1_nonlinear_trainable_T128_s9401102,8,mix,block,1,1,nonlinear_trainable,128,9401102,144,8,1152,1,72,72,72,72,8,8,8
n8_mix1_d1_nonlinear_trainable_T128_s9401102,8,mix,block,1,1,nonlinear_trainable,128,9401102,144,8,1152,2,80,80,80,80,8,8,8
n8_mix1_d1_nonlinear_trainable_T128_s9401102,8,mix,block,1,1,nonlinear_trainable,128,9401102,144,8,1152,4,80,80,80,80,8,8,8
n8_mix1_d1_nonlinear_trainable_T128_s9401102,8,mix,block,1,1,nonlinear_trainable,128,9401102,144,8,1152,8,80,80,80,80,8,8,8
n8_mix1_d1_nonlinear_trainable_T128_s9401102,8,mix,block,1,1,nonlinear_trainable,128,9401102,144,8,1152,16,80,80,80,80,8,8,8
n8_mix1_d1_nonlinear_trainable_T128_s9401102,8,mix,block,1,1,nonlinear_trainable,128,9401102,144,8,1152,32,80,80,80,80,8,8,8
n8_mix1_d1_nonlinear_trainable_T128_s9401102,8,mix,block,1,1,nonlinear_trainable,128,9401102,144,8,1152,64,80,80,80,80,8,8,8
n8_mix1_d1_nonlinear_trainable_T128_s9401102,8,mix,block,1,1,nonlinear_trainable,128,9401102,144,8,1152,128,80,80,80,80,8,8,8
n8_mix1_d1_nonlinear_trainable_T128_s9401103,8,mix,block,1,1,nonlinear_trainable,128,9401103,144,8,1152,1,72,72,72,72,8,8,8
n8_mix1_d1_nonlinear_trainable_T128_s9401103,8,mix,block,1,1,nonlinear_trainable,128,9401103,144,8,1152,2,80,80,80,80,8,8,8
n8_mix1_d1_nonlinear_trainable_T128_s9401103,8,mix,block,1,1,nonlinear_trainable,128,9401103,144,8,1152,4,80,80,80,80,8,8,8
n8_mix1_d1_nonlinear_trainable_T128_s9401103,8,mix,block,1,1,nonlinear_trainable,128,9401103,144,8,1152,8,80,80,80,80,8,8,8
n8_mix1_d1_nonlinear_trainable_T128_s9401103,8,mix,block,1,1,nonlinear_trainable,128,9401103,144,8,1152,16,80,80,80,80,8,8,8
n8_mix1_d1_nonlinear_trainable_T128_s9401103,8,mix,block,1,1,nonlinear_trainable,128,9401103,144,8,1152,32,80,80,80,80,8,8,8
n8_mix1_d1_nonlinear_trainable_T128_s9401103,8,mix,block,1,1,nonlinear_trainable,128,9401103,144,8,1152,64,80,80,80,80,8,8,8
n8_mix1_d1_nonlinear_trainable_T128_s9401103,8,mix,block,1,1,nonlinear_trainable,128,9401103,144,8,1152,128,80,80,80,80,8,8,8
n8_mix1_d1_nonlinear_trainable_T128_s9401104,8,mix,block,1,1,nonlinear_trainable,128,9401104,144,8,1152,1,72,72,72,72,8,8,8
n8_mix1_d1_nonlinear_trainable_T128_s9401104,8,mix,block,1,1,nonlinear_trainable,128,9401104,144,8,1152,2,80,80,80,80,8,8,8
n8_mix1_d1_nonlinear_trainable_T128_s9401104,8,mix,block,1,1,nonlinear_trainable,128,9401104,144,8,1152,4,80,80,80,80,8,8,8
n8_mix1_d1_nonlinear_trainable_T128_s9401104,8,mix,block,1,1,nonlinear_trainable,128,9401104,144,8,1152,8,80,80,80,80,8,8,8
n8_mix1_d1_nonlinear_trainable_T128_s9401104,8,mix,block,1,1,nonlinear_trainable,128,9401104,144,8,1152,16,80,80,80,80,8,8,8
n8_mix1_d1_nonlinear_trainable_T128_s9401104,8,mix,block,1,1,nonlinear_trainable,128,9401104,144,8,1152,32,80,80,80,80,8,8,8
n8_mix1_d1_nonlinear_trainable_T128_s9401104,8,mix,block,1,1,nonlinear_trainable,128,9401104,144,8,1152,64,80,80,80,80,8,8,8
n8_mix1_d1_nonlinear_trainable_T128_s9401104,8,mix,block,1,1,nonlinear_trainable,128,9401104,144,8,1152,128,80,80,80,80,8,8,8
n8_mix1_d1_feedback_T32_s9401100,8,mix,block,1,1,feedback,32,9401100,144,8,1152,1,72,72,72,72,8,8,8
n8_mix1_d1_feedback_T32_s9401100,8,mix,block,1,1,feedback,32,9401100,144,8,1152,2,648,648,648,648,8,8,8
n8_mix1_d1_feedback_T32_s9401100,8,mix,block,1,1,feedback,32,9401100,144,8,1152,4,1152,1152,1152,1152,8,8,8
n8_mix1_d1_feedback_T32_s9401100,8,mix,block,1,1,feedback,32,9401100,144,8,1152,8,1152,1152,1152,1152,8,8,8
n8_mix1_d1_feedback_T32_s9401100,8,mix,block,1,1,feedback,32,9401100,144,8,1152,16,1152,1152,1152,1152,8,8,8
n8_mix1_d1_feedback_T32_s9401100,8,mix,block,1,1,feedback,32,9401100,144,8,1152,32,1152,1152,1152,1152,8,8,8
n8_mix1_d1_feedback_T32_s9401101,8,mix,block,1,1,feedback,32,9401101,144,8,1152,1,72,72,72,72,8,8,8
n8_mix1_d1_feedback_T32_s9401101,8,mix,block,1,1,feedback,32,9401101,144,8,1152,2,648,648,648,648,8,8,8
n8_mix1_d1_feedback_T32_s9401101,8,mix,block,1,1,feedback,32,9401101,144,8,1152,4,1152,1152,1152,1152,8,8,8
n8_mix1_d1_feedback_T32_s9401101,8,mix,block,1,1,feedback,32,9401101,144,8,1152,8,1152,1152,1152,1152,8,8,8
n8_mix1_d1_feedback_T32_s9401101,8,mix,block,1,1,feedback,32,9401101,144,8,1152,16,1152,1152,1152,1152,8,8,8
n8_mix1_d1_feedback_T32_s9401101,8,mix,block,1,1,feedback,32,9401101,144,8,1152,32,1152,1152,1152,1152,8,8,8
n8_mix1_d1_feedback_T32_s9401102,8,mix,block,1,1,feedback,32,9401102,144,8,1152,1,72,72,72,72,8,8,8
n8_mix1_d1_feedback_T32_s9401102,8,mix,block,1,1,feedback,32,9401102,144,8,1152,2,648,648,648,648,8,8,8
n8_mix1_d1_feedback_T32_s9401102,8,mix,block,1,1,feedback,32,9401102,144,8,1152,4,1152,1152,1152,1152,8,8,8
n8_mix1_d1_feedback_T32_s9401102,8,mix,block,1,1,feedback,32,9401102,144,8,1152,8,1152,1152,1152,1152,8,8,8
n8_mix1_d1_feedback_T32_s9401102,8,mix,block,1,1,feedback,32,9401102,144,8,1152,16,1152,1152,1152,1152,8,8,8
n8_mix1_d1_feedback_T32_s9401102,8,mix,block,1,1,feedback,32,9401102,144,8,1152,32,1152,1152,1152,1152,8,8,8
n8_mix1_d1_feedback_T32_s9401103,8,mix,block,1,1,feedback,32,9401103,144,8,1152,1,72,72,72,72,8,8,8
n8_mix1_d1_feedback_T32_s9401103,8,mix,block,1,1,feedback,32,9401103,144,8,1152,2,648,648,648,648,8,8,8
n8_mix1_d1_feedback_T32_s9401103,8,mix,block,1,1,feedback,32,9401103,144,8,1152,4,1152,1152,1152,1152,8,8,8
n8_mix1_d1_feedback_T32_s9401103,8,mix,block,1,1,feedback,32,9401103,144,8,1152,8,1152,1152,1152,1152,8,8,8
n8_mix1_d1_feedback_T32_s9401103,8,mix,block,1,1,feedback,32,9401103,144,8,1152,16,1152,1152,1152,1152,8,8,8
n8_mix1_d1_feedback_T32_s9401103,8,mix,block,1,1,feedback,32,9401103,144,8,1152,32,1152,1152,1152,1152,8,8,8
n8_mix1_d1_feedback_T32_s9401104,8,mix,block,1,1,feedback,32,9401104,144,8,1152,1,72,72,72,72,8,8,8
n8_mix1_d1_feedback_T32_s9401104,8,mix,block,1,1,feedback,32,9401104,144,8,1152,2,648,648,648,648,8,8,8
n8_mix1_d1_feedback_T32_s9401104,8,mix,block,1,1,feedback,32,9401104,144,8,1152,4,1152,1152,1152,1152,8,8,8
n8_mix1_d1_feedback_T32_s9401104,8,mix,block,1,1,feedback,32,9401104,144,8,1152,8,1152,1152,1152,1152,8,8,8
n8_mix1_d1_feedback_T32_s9401104,8,mix,block,1,1,feedback,32,9401104,144,8,1152,16,1152,1152,1152,1152,8,8,8
n8_mix1_d1_feedback_T32_s9401104,8,mix,block,1,1,feedback,32,9401104,144,8,1152,32,1152,1152,1152,1152,8,8,8
n8_mix1_d1_feedback_T128_s9401100,8,mix,block,1,1,feedback,128,9401100,144,8,1152,1,72,72,72,72,8,8,8
n8_mix1_d1_feedback_T128_s9401100,8,mix,block,1,1,feedback,128,9401100,144,8,1152,2,648,648,648,648,8,8,8
n8_mix1_d1_feedback_T128_s9401100,8,mix,block,1,1,feedback,128,9401100,144,8,1152,4,1152,1152,1152,1152,8,8,8
n8_mix1_d1_feedback_T128_s9401100,8,mix,block,1,1,feedback,128,9401100,144,8,1152,8,1152,1152,1152,1152,8,8,8
n8_mix1_d1_feedback_T128_s9401100,8,mix,block,1,1,feedback,128,9401100,144,8,1152,16,1152,1152,1152,1152,8,8,8
n8_mix1_d1_feedback_T128_s9401100,8,mix,block,1,1,feedback,128,9401100,144,8,1152,32,1152,1152,1152,1152,8,8,8
n8_mix1_d1_feedback_T128_s9401100,8,mix,block,1,1,feedback,128,9401100,144,8,1152,64,1152,1152,1152,1152,8,8,8
n8_mix1_d1_feedback_T128_s9401100,8,mix,block,1,1,feedback,128,9401100,144,8,1152,128,1152,1152,1152,1152,8,8,8
n8_mix1_d1_feedback_T128_s9401101,8,mix,block,1,1,feedback,128,9401101,144,8,1152,1,72,72,72,72,8,8,8
n8_mix1_d1_feedback_T128_s9401101,8,mix,block,1,1,feedback,128,9401101,144,8,1152,2,648,648,648,648,8,8,8
n8_mix1_d1_feedback_T128_s9401101,8,mix,block,1,1,feedback,128,9401101,144,8,1152,4,1152,1152,1152,1152,8,8,8
n8_mix1_d1_feedback_T128_s9401101,8,mix,block,1,1,feedback,128,9401101,144,8,1152,8,1152,1152,1152,1152,8,8,8
n8_mix1_d1_feedback_T128_s9401101,8,mix,block,1,1,feedback,128,9401101,144,8,1152,16,1152,1152,1152,1152,8,8,8
n8_mix1_d1_feedback_T128_s9401101,8,mix,block,1,1,feedback,128,9401101,144,8,1152,32,1152,1152,1152,1152,8,8,8
n8_mix1_d1_feedback_T128_s9401101,8,mix,block,1,1,feedback,128,9401101,144,8,1152,64,1152,1152,1152,1152,8,8,8
n8_mix1_d1_feedback_T128_s9401101,8,mix,block,1,1,feedback,128,9401101,144,8,1152,128,1152,1152,1152,1152,8,8,8
n8_mix1_d1_feedback_T128_s9401102,8,mix,block,1,1,feedback,128,9401102,144,8,1152,1,72,72,72,72,8,8,8
n8_mix1_d1_feedback_T128_s9401102,8,mix,block,1,1,feedback,128,9401102,144,8,1152,2,648,648,648,648,8,8,8
n8_mix1_d1_feedback_T128_s9401102,8,mix,block,1,1,feedback,128,9401102,144,8,1152,4,1152,1152,1152,1152,8,8,8
n8_mix1_d1_feedback_T128_s9401102,8,mix,block,1,1,feedback,128,9401102,144,8,1152,8,1152,1152,1152,1152,8,8,8
n8_mix1_d1_feedback_T128_s9401102,8,mix,block,1,1,feedback,128,9401102,144,8,1152,16,1152,1152,1152,1152,8,8,8
n8_mix1_d1_feedback_T128_s9401102,8,mix,block,1,1,feedback,128,9401102,144,8,1152,32,1152,1152,1152,1152,8,8,8
n8_mix1_d1_feedback_T128_s9401102,8,mix,block,1,1,feedback,128,9401102,144,8,1152,64,1152,1152,1152,1152,8,8,8
n8_mix1_d1_feedback_T128_s9401102,8,mix,block,1,1,feedback,128,9401102,144,8,1152,128,1152,1152,1152,1152,8,8,8
n8_mix1_d1_feedback_T128_s9401103,8,mix,block,1,1,feedback,128,9401103,144,8,1152,1,72,72,72,72,8,8,8
n8_mix1_d1_feedback_T128_s9401103,8,mix,block,1,1,feedback,128,9401103,144,8,1152,2,648,648,648,648,8,8,8
n8_mix1_d1_feedback_T128_s9401103,8,mix,block,1,1,feedback,128,9401103,144,8,1152,4,1152,1152,1152,1152,8,8,8
n8_mix1_d1_feedback_T128_s9401103,8,mix,block,1,1,feedback,128,9401103,144,8,1152,8,1152,1152,1152,1152,8,8,8
n8_mix1_d1_feedback_T128_s9401103,8,mix,block,1,1,feedback,128,9401103,144,8,1152,16,1152,1152,1152,1152,8,8,8
n8_mix1_d1_feedback_T128_s9401103,8,mix,block,1,1,feedback,128,9401103,144,8,1152,32,1152,1152,1152,1152,8,8,8
n8_mix1_d1_feedback_T128_s9401103,8,mix,block,1,1,feedback,128,9401103,144,8,1152,64,1152,1152,1152,1152,8,8,8
n8_mix1_d1_feedback_T128_s9401103,8,mix,block,1,1,feedback,128,9401103,144,8,1152,128,1152,1152,1152,1152,8,8,8
n8_mix1_d1_feedback_T128_s9401104,8,mix,block,1,1,feedback,128,9401104,144,8,1152,1,72,72,72,72,8,8,8
n8_mix1_d1_feedback_T128_s9401104,8,mix,block,1,1,feedback,128,9401104,144,8,1152,2,648,648,648,648,8,8,8
n8_mix1_d1_feedback_T128_s9401104,8,mix,block,1,1,feedback,128,9401104,144,8,1152,4,1152,1152,1152,1152,8,8,8
n8_mix1_d1_feedback_T128_s9401104,8,mix,block,1,1,feedback,128,9401104,144,8,1152,8,1152,1152,1152,1152,8,8,8
n8_mix1_d1_feedback_T128_s9401104,8,mix,block,1,1,feedback,128,9401104,144,8,1152,16,1152,1152,1152,1152,8,8,8
n8_mix1_d1_feedback_T128_s9401104,8,mix,block,1,1,feedback,128,9401104,144,8,1152,32,1152,1152,1152,1152,8,8,8
n8_mix1_d1_feedback_T128_s9401104,8,mix,block,1,1,feedback,128,9401104,144,8,1152,64,1152,1152,1152,1152,8,8,8
n8_mix1_d1_feedback_T128_s9401104,8,mix,block,1,1,feedback,128,9401104,144,8,1152,128,1152,1152,1152,1152,8,8,8
n8_positive1_d1_none_T32_s9401100,8,positive,block,1,1,none,32,9401100,80,8,640,1,72,72,72,72,8,8,8
n8_positive1_d1_none_T32_s9401100,8,positive,block,1,1,none,32,9401100,80,8,640,2,80,80,80,80,8,8,8
n8_positive1_d1_none_T32_s9401100,8,positive,block,1,1,none,32,9401100,80,8,640,4,80,80,80,80,8,8,8
n8_positive1_d1_none_T32_s9401100,8,positive,block,1,1,none,32,9401100,80,8,640,8,80,80,80,80,8,8,8
n8_positive1_d1_none_T32_s9401100,8,positive,block,1,1,none,32,9401100,80,8,640,16,80,80,80,80,8,8,8
n8_positive1_d1_none_T32_s9401100,8,positive,block,1,1,none,32,9401100,80,8,640,32,80,80,80,80,8,8,8
n8_positive1_d1_none_T32_s9401101,8,positive,block,1,1,none,32,9401101,80,8,640,1,72,72,72,72,8,8,8
n8_positive1_d1_none_T32_s9401101,8,positive,block,1,1,none,32,9401101,80,8,640,2,80,80,80,80,8,8,8
n8_positive1_d1_none_T32_s9401101,8,positive,block,1,1,none,32,9401101,80,8,640,4,80,80,80,80,8,8,8
n8_positive1_d1_none_T32_s9401101,8,positive,block,1,1,none,32,9401101,80,8,640,8,80,80,80,80,8,8,8
n8_positive1_d1_none_T32_s9401101,8,positive,block,1,1,none,32,9401101,80,8,640,16,80,80,80,80,8,8,8
n8_positive1_d1_none_T32_s9401101,8,positive,block,1,1,none,32,9401101,80,8,640,32,80,80,80,80,8,8,8
n8_positive1_d1_none_T32_s9401102,8,positive,block,1,1,none,32,9401102,80,8,640,1,72,72,72,72,8,8,8
n8_positive1_d1_none_T32_s9401102,8,positive,block,1,1,none,32,9401102,80,8,640,2,80,80,80,80,8,8,8
n8_positive1_d1_none_T32_s9401102,8,positive,block,1,1,none,32,9401102,80,8,640,4,80,80,80,80,8,8,8
n8_positive1_d1_none_T32_s9401102,8,positive,block,1,1,none,32,9401102,80,8,640,8,80,80,80,80,8,8,8
n8_positive1_d1_none_T32_s9401102,8,positive,block,1,1,none,32,9401102,80,8,640,16,80,80,80,80,8,8,8
n8_positive1_d1_none_T32_s9401102,8,positive,block,1,1,none,32,9401102,80,8,640,32,80,80,80,80,8,8,8
n8_positive1_d1_none_T32_s9401103,8,positive,block,1,1,none,32,9401103,80,8,640,1,72,72,72,72,8,8,8
n8_positive1_d1_none_T32_s9401103,8,positive,block,1,1,none,32,9401103,80,8,640,2,80,80,80,80,8,8,8
n8_positive1_d1_none_T32_s9401103,8,positive,block,1,1,none,32,9401103,80,8,640,4,80,80,80,80,8,8,8
n8_positive1_d1_none_T32_s9401103,8,positive,block,1,1,none,32,9401103,80,8,640,8,80,80,80,80,8,8,8
n8_positive1_d1_none_T32_s9401103,8,positive,block,1,1,none,32,9401103,80,8,640,16,80,80,80,80,8,8,8
n8_positive1_d1_none_T32_s9401103,8,positive,block,1,1,none,32,9401103,80,8,640,32,80,80,80,80,8,8,8
n8_positive1_d1_none_T32_s9401104,8,positive,block,1,1,none,32,9401104,80,8,640,1,72,72,72,72,8,8,8
n8_positive1_d1_none_T32_s9401104,8,positive,block,1,1,none,32,9401104,80,8,640,2,80,80,80,80,8,8,8
n8_positive1_d1_none_T32_s9401104,8,positive,block,1,1,none,32,9401104,80,8,640,4,80,80,80,80,8,8,8
n8_positive1_d1_none_T32_s9401104,8,positive,block,1,1,none,32,9401104,80,8,640,8,80,80,80,80,8,8,8
n8_positive1_d1_none_T32_s9401104,8,positive,block,1,1,none,32,9401104,80,8,640,16,80,80,80,80,8,8,8
n8_positive1_d1_none_T32_s9401104,8,positive,block,1,1,none,32,9401104,80,8,640,32,80,80,80,80,8,8,8
n8_positive1_d1_none_T128_s9401100,8,positive,block,1,1,none,128,9401100,80,8,640,1,72,72,72,72,8,8,8
n8_positive1_d1_none_T128_s9401100,8,positive,block,1,1,none,128,9401100,80,8,640,2,80,80,80,80,8,8,8
n8_positive1_d1_none_T128_s9401100,8,positive,block,1,1,none,128,9401100,80,8,640,4,80,80,80,80,8,8,8
n8_positive1_d1_none_T128_s9401100,8,positive,block,1,1,none,128,9401100,80,8,640,8,80,80,80,80,8,8,8
n8_positive1_d1_none_T128_s9401100,8,positive,block,1,1,none,128,9401100,80,8,640,16,80,80,80,80,8,8,8
n8_positive1_d1_none_T128_s9401100,8,positive,block,1,1,none,128,9401100,80,8,640,32,80,80,80,80,8,8,8
n8_positive1_d1_none_T128_s9401100,8,positive,block,1,1,none,128,9401100,80,8,640,64,80,80,80,80,8,8,8
n8_positive1_d1_none_T128_s9401100,8,positive,block,1,1,none,128,9401100,80,8,640,128,80,80,80,80,8,8,8
n8_positive1_d1_none_T128_s9401101,8,positive,block,1,1,none,128,9401101,80,8,640,1,72,72,72,72,8,8,8
n8_positive1_d1_none_T128_s9401101,8,positive,block,1,1,none,128,9401101,80,8,640,2,80,80,80,80,8,8,8
n8_positive1_d1_none_T128_s9401101,8,positive,block,1,1,none,128,9401101,80,8,640,4,80,80,80,80,8,8,8
n8_positive1_d1_none_T128_s9401101,8,positive,block,1,1,none,128,9401101,80,8,640,8,80,80,80,80,8,8,8
n8_positive1_d1_none_T128_s9401101,8,positive,block,1,1,none,128,9401101,80,8,640,16,80,80,80,80,8,8,8
n8_positive1_d1_none_T128_s9401101,8,positive,block,1,1,none,128,9401101,80,8,640,32,80,80,80,80,8,8,8
n8_positive1_d1_none_T128_s9401101,8,positive,block,1,1,none,128,9401101,80,8,640,64,80,80,80,80,8,8,8
n8_positive1_d1_none_T128_s9401101,8,positive,block,1,1,none,128,9401101,80,8,640,128,80,80,80,80,8,8,8
n8_positive1_d1_none_T128_s9401102,8,positive,block,1,1,none,128,9401102,80,8,640,1,72,72,72,72,8,8,8
n8_positive1_d1_none_T128_s9401102,8,positive,block,1,1,none,128,9401102,80,8,640,2,80,80,80,80,8,8,8
n8_positive1_d1_none_T128_s9401102,8,positive,block,1,1,none,128,9401102,80,8,640,4,80,80,80,80,8,8,8
n8_positive1_d1_none_T128_s9401102,8,positive,block,1,1,none,128,9401102,80,8,640,8,80,80,80,80,8,8,8
n8_positive1_d1_none_T128_s9401102,8,positive,block,1,1,none,128,9401102,80,8,640,16,80,80,80,80,8,8,8
n8_positive1_d1_none_T128_s9401102,8,positive,block,1,1,none,128,9401102,80,8,640,32,80,80,80,80,8,8,8
n8_positive1_d1_none_T128_s9401102,8,positive,block,1,1,none,128,9401102,80,8,640,64,80,80,80,80,8,8,8
n8_positive1_d1_none_T128_s9401102,8,positive,block,1,1,none,128,9401102,80,8,640,128,80,80,80,80,8,8,8
n8_positive1_d1_none_T128_s9401103,8,positive,block,1,1,none,128,9401103,80,8,640,1,72,72,72,72,8,8,8
n8_positive1_d1_none_T128_s9401103,8,positive,block,1,1,none,128,9401103,80,8,640,2,80,80,80,80,8,8,8
n8_positive1_d1_none_T128_s9401103,8,positive,block,1,1,none,128,9401103,80,8,640,4,80,80,80,80,8,8,8
n8_positive1_d1_none_T128_s9401103,8,positive,block,1,1,none,128,9401103,80,8,640,8,80,80,80,80,8,8,8
n8_positive1_d1_none_T128_s9401103,8,positive,block,1,1,none,128,9401103,80,8,640,16,80,80,80,80,8,8,8
n8_positive1_d1_none_T128_s9401103,8,positive,block,1,1,none,128,9401103,80,8,640,32,80,80,80,80,8,8,8
n8_positive1_d1_none_T128_s9401103,8,positive,block,1,1,none,128,9401103,80,8,640,64,80,80,80,80,8,8,8
n8_positive1_d1_none_T128_s9401103,8,positive,block,1,1,none,128,9401103,80,8,640,128,80,80,80,80,8,8,8
n8_positive1_d1_none_T128_s9401104,8,positive,block,1,1,none,128,9401104,80,8,640,1,72,72,72,72,8,8,8
n8_positive1_d1_none_T128_s9401104,8,positive,block,1,1,none,128,9401104,80,8,640,2,80,80,80,80,8,8,8
n8_positive1_d1_none_T128_s9401104,8,positive,block,1,1,none,128,9401104,80,8,640,4,80,80,80,80,8,8,8
n8_positive1_d1_none_T128_s9401104,8,positive,block,1,1,none,128,9401104,80,8,640,8,80,80,80,80,8,8,8
n8_positive1_d1_none_T128_s9401104,8,positive,block,1,1,none,128,9401104,80,8,640,16,80,80,80,80,8,8,8
n8_positive1_d1_none_T128_s9401104,8,positive,block,1,1,none,128,9401104,80,8,640,32,80,80,80,80,8,8,8
n8_positive1_d1_none_T128_s9401104,8,positive,block,1,1,none,128,9401104,80,8,640,64,80,80,80,80,8,8,8
n8_positive1_d1_none_T128_s9401104,8,positive,block,1,1,none,128,9401104,80,8,640,128,80,80,80,80,8,8,8
n16_block1_d1_stack_nonlinear_T32_s9401100,16,block,block,1,1,stack_nonlinear,32,9401100,288,16,4608,1,272,272,272,272,16,16,16
n16_block1_d1_stack_nonlinear_T32_s9401100,16,block,block,1,1,stack_nonlinear,32,9401100,288,16,4608,2,288,288,288,288,16,16,16
n16_block1_d1_stack_nonlinear_T32_s9401100,16,block,block,1,1,stack_nonlinear,32,9401100,288,16,4608,4,288,288,288,288,16,16,16
n16_block1_d1_stack_nonlinear_T32_s9401100,16,block,block,1,1,stack_nonlinear,32,9401100,288,16,4608,8,288,288,288,288,16,16,16
n16_block1_d1_stack_nonlinear_T32_s9401100,16,block,block,1,1,stack_nonlinear,32,9401100,288,16,4608,16,288,288,288,288,16,16,16
n16_block1_d1_stack_nonlinear_T32_s9401100,16,block,block,1,1,stack_nonlinear,32,9401100,288,16,4608,32,288,288,288,288,16,16,16
n16_block1_d1_stack_nonlinear_T32_s9401101,16,block,block,1,1,stack_nonlinear,32,9401101,288,16,4608,1,272,272,272,272,16,16,16
n16_block1_d1_stack_nonlinear_T32_s9401101,16,block,block,1,1,stack_nonlinear,32,9401101,288,16,4608,2,288,288,288,288,16,16,16
n16_block1_d1_stack_nonlinear_T32_s9401101,16,block,block,1,1,stack_nonlinear,32,9401101,288,16,4608,4,288,288,288,288,16,16,16
n16_block1_d1_stack_nonlinear_T32_s9401101,16,block,block,1,1,stack_nonlinear,32,9401101,288,16,4608,8,288,288,288,288,16,16,16
n16_block1_d1_stack_nonlinear_T32_s9401101,16,block,block,1,1,stack_nonlinear,32,9401101,288,16,4608,16,288,288,288,288,16,16,16
n16_block1_d1_stack_nonlinear_T32_s9401101,16,block,block,1,1,stack_nonlinear,32,9401101,288,16,4608,32,288,288,288,288,16,16,16
n16_block1_d1_stack_nonlinear_T32_s9401102,16,block,block,1,1,stack_nonlinear,32,9401102,288,16,4608,1,272,272,272,272,16,16,16
n16_block1_d1_stack_nonlinear_T32_s9401102,16,block,block,1,1,stack_nonlinear,32,9401102,288,16,4608,2,288,288,288,288,16,16,16
n16_block1_d1_stack_nonlinear_T32_s9401102,16,block,block,1,1,stack_nonlinear,32,9401102,288,16,4608,4,288,288,288,288,16,16,16
n16_block1_d1_stack_nonlinear_T32_s9401102,16,block,block,1,1,stack_nonlinear,32,9401102,288,16,4608,8,288,288,288,288,16,16,16
n16_block1_d1_stack_nonlinear_T32_s9401102,16,block,block,1,1,stack_nonlinear,32,9401102,288,16,4608,16,288,288,288,288,16,16,16
n16_block1_d1_stack_nonlinear_T32_s9401102,16,block,block,1,1,stack_nonlinear,32,9401102,288,16,4608,32,288,288,288,288,16,16,16
n16_block1_d1_stack_nonlinear_T32_s9401103,16,block,block,1,1,stack_nonlinear,32,9401103,288,16,4608,1,272,272,272,272,16,16,16
n16_block1_d1_stack_nonlinear_T32_s9401103,16,block,block,1,1,stack_nonlinear,32,9401103,288,16,4608,2,288,288,288,288,16,16,16
n16_block1_d1_stack_nonlinear_T32_s9401103,16,block,block,1,1,stack_nonlinear,32,9401103,288,16,4608,4,288,288,288,288,16,16,16
n16_block1_d1_stack_nonlinear_T32_s9401103,16,block,block,1,1,stack_nonlinear,32,9401103,288,16,4608,8,288,288,288,288,16,16,16
n16_block1_d1_stack_nonlinear_T32_s9401103,16,block,block,1,1,stack_nonlinear,32,9401103,288,16,4608,16,288,288,288,288,16,16,16
n16_block1_d1_stack_nonlinear_T32_s9401103,16,block,block,1,1,stack_nonlinear,32,9401103,288,16,4608,32,288,288,288,288,16,16,16
n16_block1_d1_stack_nonlinear_T32_s9401104,16,block,block,1,1,stack_nonlinear,32,9401104,288,16,4608,1,272,272,272,272,16,16,16
n16_block1_d1_stack_nonlinear_T32_s9401104,16,block,block,1,1,stack_nonlinear,32,9401104,288,16,4608,2,288,288,288,288,16,16,16
n16_block1_d1_stack_nonlinear_T32_s9401104,16,block,block,1,1,stack_nonlinear,32,9401104,288,16,4608,4,288,288,288,288,16,16,16
n16_block1_d1_stack_nonlinear_T32_s9401104,16,block,block,1,1,stack_nonlinear,32,9401104,288,16,4608,8,288,288,288,288,16,16,16
n16_block1_d1_stack_nonlinear_T32_s9401104,16,block,block,1,1,stack_nonlinear,32,9401104,288,16,4608,16,288,288,288,288,16,16,16
n16_block1_d1_stack_nonlinear_T32_s9401104,16,block,block,1,1,stack_nonlinear,32,9401104,288,16,4608,32,288,288,288,288,16,16,16
n16_block1_d1_stack_nonlinear_T128_s9401100,16,block,block,1,1,stack_nonlinear,128,9401100,288,16,4608,1,272,272,272,272,16,16,16
n16_block1_d1_stack_nonlinear_T128_s9401100,16,block,block,1,1,stack_nonlinear,128,9401100,288,16,4608,2,288,288,288,288,16,16,16
n16_block1_d1_stack_nonlinear_T128_s9401100,16,block,block,1,1,stack_nonlinear,128,9401100,288,16,4608,4,288,288,288,288,16,16,16
n16_block1_d1_stack_nonlinear_T128_s9401100,16,block,block,1,1,stack_nonlinear,128,9401100,288,16,4608,8,288,288,288,288,16,16,16
n16_block1_d1_stack_nonlinear_T128_s9401100,16,block,block,1,1,stack_nonlinear,128,9401100,288,16,4608,16,288,288,288,288,16,16,16
n16_block1_d1_stack_nonlinear_T128_s9401100,16,block,block,1,1,stack_nonlinear,128,9401100,288,16,4608,32,288,288,288,288,16,16,16
n16_block1_d1_stack_nonlinear_T128_s9401100,16,block,block,1,1,stack_nonlinear,128,9401100,288,16,4608,64,288,288,288,288,16,16,16
n16_block1_d1_stack_nonlinear_T128_s9401100,16,block,block,1,1,stack_nonlinear,128,9401100,288,16,4608,128,288,288,288,288,16,16,16
n16_block1_d1_stack_nonlinear_T128_s9401101,16,block,block,1,1,stack_nonlinear,128,9401101,288,16,4608,1,272,272,272,272,16,16,16
n16_block1_d1_stack_nonlinear_T128_s9401101,16,block,block,1,1,stack_nonlinear,128,9401101,288,16,4608,2,288,288,288,288,16,16,16
n16_block1_d1_stack_nonlinear_T128_s9401101,16,block,block,1,1,stack_nonlinear,128,9401101,288,16,4608,4,288,288,288,288,16,16,16
n16_block1_d1_stack_nonlinear_T128_s9401101,16,block,block,1,1,stack_nonlinear,128,9401101,288,16,4608,8,288,288,288,288,16,16,16
n16_block1_d1_stack_nonlinear_T128_s9401101,16,block,block,1,1,stack_nonlinear,128,9401101,288,16,4608,16,288,288,288,288,16,16,16
n16_block1_d1_stack_nonlinear_T128_s9401101,16,block,block,1,1,stack_nonlinear,128,9401101,288,16,4608,32,288,288,288,288,16,16,16
n16_block1_d1_stack_nonlinear_T128_s9401101,16,block,block,1,1,stack_nonlinear,128,9401101,288,16,4608,64,288,288,288,288,16,16,16
n16_block1_d1_stack_nonlinear_T128_s9401101,16,block,block,1,1,stack_nonlinear,128,9401101,288,16,4608,128,288,288,288,288,16,16,16
n16_block1_d1_stack_nonlinear_T128_s9401102,16,block,block,1,1,stack_nonlinear,128,9401102,288,16,4608,1,272,272,272,272,16,16,16
n16_block1_d1_stack_nonlinear_T128_s9401102,16,block,block,1,1,stack_nonlinear,128,9401102,288,16,4608,2,288,288,288,288,16,16,16
n16_block1_d1_stack_nonlinear_T128_s9401102,16,block,block,1,1,stack_nonlinear,128,9401102,288,16,4608,4,288,288,288,288,16,16,16
n16_block1_d1_stack_nonlinear_T128_s9401102,16,block,block,1,1,stack_nonlinear,128,9401102,288,16,4608,8,288,288,288,288,16,16,16
n16_block1_d1_stack_nonlinear_T128_s9401102,16,block,block,1,1,stack_nonlinear,128,9401102,288,16,4608,16,288,288,288,288,16,16,16
n16_block1_d1_stack_nonlinear_T128_s9401102,16,block,block,1,1,stack_nonlinear,128,9401102,288,16,4608,32,288,288,288,288,16,16,16
n16_block1_d1_stack_nonlinear_T128_s9401102,16,block,block,1,1,stack_nonlinear,128,9401102,288,16,4608,64,288,288,288,288,16,16,16
n16_block1_d1_stack_nonlinear_T128_s9401102,16,block,block,1,1,stack_nonlinear,128,9401102,288,16,4608,128,288,288,288,288,16,16,16
n16_block1_d1_stack_nonlinear_T128_s9401103,16,block,block,1,1,stack_nonlinear,128,9401103,288,16,4608,1,272,272,272,272,16,16,16
n16_block1_d1_stack_nonlinear_T128_s9401103,16,block,block,1,1,stack_nonlinear,128,9401103,288,16,4608,2,288,288,288,288,16,16,16
n16_block1_d1_stack_nonlinear_T128_s9401103,16,block,block,1,1,stack_nonlinear,128,9401103,288,16,4608,4,288,288,288,288,16,16,16
n16_block1_d1_stack_nonlinear_T128_s9401103,16,block,block,1,1,stack_nonlinear,128,9401103,288,16,4608,8,288,288,288,288,16,16,16
n16_block1_d1_stack_nonlinear_T128_s9401103,16,block,block,1,1,stack_nonlinear,128,9401103,288,16,4608,16,288,288,288,288,16,16,16
n16_block1_d1_stack_nonlinear_T128_s9401103,16,block,block,1,1,stack_nonlinear,128,9401103,288,16,4608,32,288,288,288,288,16,16,16
n16_block1_d1_stack_nonlinear_T128_s9401103,16,block,block,1,1,stack_nonlinear,128,9401103,288,16,4608,64,288,288,288,288,16,16,16
n16_block1_d1_stack_nonlinear_T128_s9401103,16,block,block,1,1,stack_nonlinear,128,9401103,288,16,4608,128,288,288,288,288,16,16,16
n16_block1_d1_stack_nonlinear_T128_s9401104,16,block,block,1,1,stack_nonlinear,128,9401104,288,16,4608,1,272,272,272,272,16,16,16
n16_block1_d1_stack_nonlinear_T128_s9401104,16,block,block,1,1,stack_nonlinear,128,9401104,288,16,4608,2,288,288,288,288,16,16,16
n16_block1_d1_stack_nonlinear_T128_s9401104,16,block,block,1,1,stack_nonlinear,128,9401104,288,16,4608,4,288,288,288,288,16,16,16
n16_block1_d1_stack_nonlinear_T128_s9401104,16,block,block,1,1,stack_nonlinear,128,9401104,288,16,4608,8,288,288,288,288,16,16,16
n16_block1_d1_stack_nonlinear_T128_s9401104,16,block,block,1,1,stack_nonlinear,128,9401104,288,16,4608,16,288,288,288,288,16,16,16
n16_block1_d1_stack_nonlinear_T128_s9401104,16,block,block,1,1,stack_nonlinear,128,9401104,288,16,4608,32,288,288,288,288,16,16,16
n16_block1_d1_stack_nonlinear_T128_s9401104,16,block,block,1,1,stack_nonlinear,128,9401104,288,16,4608,64,288,288,288,288,16,16,16
n16_block1_d1_stack_nonlinear_T128_s9401104,16,block,block,1,1,stack_nonlinear,128,9401104,288,16,4608,128,288,288,288,288,16,16,16
n16_block1_d3_stack_nonlinear_T32_s9401100,16,block,block,1,3,stack_nonlinear,32,9401100,864,48,41472,1,13872,13872,13872,13872,48,48,48
n16_block1_d3_stack_nonlinear_T32_s9401100,16,block,block,1,3,stack_nonlinear,32,9401100,864,48,41472,2,14688,14688,14688,14688,48,48,48
n16_block1_d3_stack_nonlinear_T32_s9401100,16,block,block,1,3,stack_nonlinear,32,9401100,864,48,41472,4,14688,14688,14688,14688,48,48,48
n16_block1_d3_stack_nonlinear_T32_s9401100,16,block,block,1,3,stack_nonlinear,32,9401100,864,48,41472,8,14688,14688,14688,14688,48,48,48
n16_block1_d3_stack_nonlinear_T32_s9401100,16,block,block,1,3,stack_nonlinear,32,9401100,864,48,41472,16,14688,14688,14688,14688,48,48,48
n16_block1_d3_stack_nonlinear_T32_s9401100,16,block,block,1,3,stack_nonlinear,32,9401100,864,48,41472,32,14688,14688,14688,14688,48,48,48
n16_block1_d3_stack_nonlinear_T32_s9401101,16,block,block,1,3,stack_nonlinear,32,9401101,864,48,41472,1,13872,13872,13872,13872,48,48,48
n16_block1_d3_stack_nonlinear_T32_s9401101,16,block,block,1,3,stack_nonlinear,32,9401101,864,48,41472,2,14688,14688,14688,14688,48,48,48
n16_block1_d3_stack_nonlinear_T32_s9401101,16,block,block,1,3,stack_nonlinear,32,9401101,864,48,41472,4,14688,14688,14688,14688,48,48,48
n16_block1_d3_stack_nonlinear_T32_s9401101,16,block,block,1,3,stack_nonlinear,32,9401101,864,48,41472,8,14688,14688,14688,14688,48,48,48
n16_block1_d3_stack_nonlinear_T32_s9401101,16,block,block,1,3,stack_nonlinear,32,9401101,864,48,41472,16,14688,14688,14688,14688,48,48,48
n16_block1_d3_stack_nonlinear_T32_s9401101,16,block,block,1,3,stack_nonlinear,32,9401101,864,48,41472,32,14688,14688,14688,14688,48,48,48
n16_block1_d3_stack_nonlinear_T32_s9401102,16,block,block,1,3,stack_nonlinear,32,9401102,864,48,41472,1,13872,13872,13872,13872,48,48,48
n16_block1_d3_stack_nonlinear_T32_s9401102,16,block,block,1,3,stack_nonlinear,32,9401102,864,48,41472,2,14688,14688,14688,14688,48,48,48
n16_block1_d3_stack_nonlinear_T32_s9401102,16,block,block,1,3,stack_nonlinear,32,9401102,864,48,41472,4,14688,14688,14688,14688,48,48,48
n16_block1_d3_stack_nonlinear_T32_s9401102,16,block,block,1,3,stack_nonlinear,32,9401102,864,48,41472,8,14688,14688,14688,14688,48,48,48
n16_block1_d3_stack_nonlinear_T32_s9401102,16,block,block,1,3,stack_nonlinear,32,9401102,864,48,41472,16,14688,14688,14688,14688,48,48,48
n16_block1_d3_stack_nonlinear_T32_s9401102,16,block,block,1,3,stack_nonlinear,32,9401102,864,48,41472,32,14688,14688,14688,14688,48,48,48
n16_block1_d3_stack_nonlinear_T32_s9401103,16,block,block,1,3,stack_nonlinear,32,9401103,864,48,41472,1,13872,13872,13872,13872,48,48,48
n16_block1_d3_stack_nonlinear_T32_s9401103,16,block,block,1,3,stack_nonlinear,32,9401103,864,48,41472,2,14688,14688,14688,14688,48,48,48
n16_block1_d3_stack_nonlinear_T32_s9401103,16,block,block,1,3,stack_nonlinear,32,9401103,864,48,41472,4,14688,14688,14688,14688,48,48,48
n16_block1_d3_stack_nonlinear_T32_s9401103,16,block,block,1,3,stack_nonlinear,32,9401103,864,48,41472,8,14688,14688,14688,14688,48,48,48
n16_block1_d3_stack_nonlinear_T32_s9401103,16,block,block,1,3,stack_nonlinear,32,9401103,864,48,41472,16,14688,14688,14688,14688,48,48,48
n16_block1_d3_stack_nonlinear_T32_s9401103,16,block,block,1,3,stack_nonlinear,32,9401103,864,48,41472,32,14688,14688,14688,14688,48,48,48
n16_block1_d3_stack_nonlinear_T32_s9401104,16,block,block,1,3,stack_nonlinear,32,9401104,864,48,41472,1,13872,13872,13872,13872,48,48,48
n16_block1_d3_stack_nonlinear_T32_s9401104,16,block,block,1,3,stack_nonlinear,32,9401104,864,48,41472,2,14688,14688,14688,14688,48,48,48
n16_block1_d3_stack_nonlinear_T32_s9401104,16,block,block,1,3,stack_nonlinear,32,9401104,864,48,41472,4,14688,14688,14688,14688,48,48,48
n16_block1_d3_stack_nonlinear_T32_s9401104,16,block,block,1,3,stack_nonlinear,32,9401104,864,48,41472,8,14688,14688,14688,14688,48,48,48
n16_block1_d3_stack_nonlinear_T32_s9401104,16,block,block,1,3,stack_nonlinear,32,9401104,864,48,41472,16,14688,14688,14688,14688,48,48,48
n16_block1_d3_stack_nonlinear_T32_s9401104,16,block,block,1,3,stack_nonlinear,32,9401104,864,48,41472,32,14688,14688,14688,14688,48,48,48
n16_block1_d3_stack_nonlinear_T128_s9401100,16,block,block,1,3,stack_nonlinear,128,9401100,864,48,41472,1,13872,13872,13872,13872,48,48,48
n16_block1_d3_stack_nonlinear_T128_s9401100,16,block,block,1,3,stack_nonlinear,128,9401100,864,48,41472,2,14688,14688,14688,14688,48,48,48
n16_block1_d3_stack_nonlinear_T128_s9401100,16,block,block,1,3,stack_nonlinear,128,9401100,864,48,41472,4,14688,14688,14688,14688,48,48,48
n16_block1_d3_stack_nonlinear_T128_s9401100,16,block,block,1,3,stack_nonlinear,128,9401100,864,48,41472,8,14688,14688,14688,14688,48,48,48
n16_block1_d3_stack_nonlinear_T128_s9401100,16,block,block,1,3,stack_nonlinear,128,9401100,864,48,41472,16,14688,14688,14688,14688,48,48,48
n16_block1_d3_stack_nonlinear_T128_s9401100,16,block,block,1,3,stack_nonlinear,128,9401100,864,48,41472,32,14688,14688,14688,14688,48,48,48
n16_block1_d3_stack_nonlinear_T128_s9401100,16,block,block,1,3,stack_nonlinear,128,9401100,864,48,41472,64,14688,14688,14688,14688,48,48,48
n16_block1_d3_stack_nonlinear_T128_s9401100,16,block,block,1,3,stack_nonlinear,128,9401100,864,48,41472,128,14688,14688,14688,14688,48,48,48
n16_block1_d3_stack_nonlinear_T128_s9401101,16,block,block,1,3,stack_nonlinear,128,9401101,864,48,41472,1,13872,13872,13872,13872,48,48,48
n16_block1_d3_stack_nonlinear_T128_s9401101,16,block,block,1,3,stack_nonlinear,128,9401101,864,48,41472,2,14688,14688,14688,14688,48,48,48
n16_block1_d3_stack_nonlinear_T128_s9401101,16,block,block,1,3,stack_nonlinear,128,9401101,864,48,41472,4,14688,14688,14688,14688,48,48,48
n16_block1_d3_stack_nonlinear_T128_s9401101,16,block,block,1,3,stack_nonlinear,128,9401101,864,48,41472,8,14688,14688,14688,14688,48,48,48
n16_block1_d3_stack_nonlinear_T128_s9401101,16,block,block,1,3,stack_nonlinear,128,9401101,864,48,41472,16,14688,14688,14688,14688,48,48,48
n16_block1_d3_stack_nonlinear_T128_s9401101,16,block,block,1,3,stack_nonlinear,128,9401101,864,48,41472,32,14688,14688,14688,14688,48,48,48
n16_block1_d3_stack_nonlinear_T128_s9401101,16,block,block,1,3,stack_nonlinear,128,9401101,864,48,41472,64,14688,14688,14688,14688,48,48,48
n16_block1_d3_stack_nonlinear_T128_s9401101,16,block,block,1,3,stack_nonlinear,128,9401101,864,48,41472,128,14688,14688,14688,14688,48,48,48
n16_block1_d3_stack_nonlinear_T128_s9401102,16,block,block,1,3,stack_nonlinear,128,9401102,864,48,41472,1,13872,13872,13872,13872,48,48,48
n16_block1_d3_stack_nonlinear_T128_s9401102,16,block,block,1,3,stack_nonlinear,128,9401102,864,48,41472,2,14688,14688,14688,14688,48,48,48
n16_block1_d3_stack_nonlinear_T128_s9401102,16,block,block,1,3,stack_nonlinear,128,9401102,864,48,41472,4,14688,14688,14688,14688,48,48,48
n16_block1_d3_stack_nonlinear_T128_s9401102,16,block,block,1,3,stack_nonlinear,128,9401102,864,48,41472,8,14688,14688,14688,14688,48,48,48
n16_block1_d3_stack_nonlinear_T128_s9401102,16,block,block,1,3,stack_nonlinear,128,9401102,864,48,41472,16,14688,14688,14688,14688,48,48,48
n16_block1_d3_stack_nonlinear_T128_s9401102,16,block,block,1,3,stack_nonlinear,128,9401102,864,48,41472,32,14688,14688,14688,14688,48,48,48
n16_block1_d3_stack_nonlinear_T128_s9401102,16,block,block,1,3,stack_nonlinear,128,9401102,864,48,41472,64,14688,14688,14688,14688,48,48,48
n16_block1_d3_stack_nonlinear_T128_s9401102,16,block,block,1,3,stack_nonlinear,128,9401102,864,48,41472,128,14688,14688,14688,14688,48,48,48
n16_block1_d3_stack_nonlinear_T128_s9401103,16,block,block,1,3,stack_nonlinear,128,9401103,864,48,41472,1,13872,13872,13872,13872,48,48,48
n16_block1_d3_stack_nonlinear_T128_s9401103,16,block,block,1,3,stack_nonlinear,128,9401103,864,48,41472,2,14688,14688,14688,14688,48,48,48
n16_block1_d3_stack_nonlinear_T128_s9401103,16,block,block,1,3,stack_nonlinear,128,9401103,864,48,41472,4,14688,14688,14688,14688,48,48,48
n16_block1_d3_stack_nonlinear_T128_s9401103,16,block,block,1,3,stack_nonlinear,128,9401103,864,48,41472,8,14688,14688,14688,14688,48,48,48
n16_block1_d3_stack_nonlinear_T128_s9401103,16,block,block,1,3,stack_nonlinear,128,9401103,864,48,41472,16,14688,14688,14688,14688,48,48,48
n16_block1_d3_stack_nonlinear_T128_s9401103,16,block,block,1,3,stack_nonlinear,128,9401103,864,48,41472,32,14688,14688,14688,14688,48,48,48
n16_block1_d3_stack_nonlinear_T128_s9401103,16,block,block,1,3,stack_nonlinear,128,9401103,864,48,41472,64,14688,14688,14688,14688,48,48,48
n16_block1_d3_stack_nonlinear_T128_s9401103,16,block,block,1,3,stack_nonlinear,128,9401103,864,48,41472,128,14688,14688,14688,14688,48,48,48
n16_block1_d3_stack_nonlinear_T128_s9401104,16,block,block,1,3,stack_nonlinear,128,9401104,864,48,41472,1,13872,13872,13872,13872,48,48,48
n16_block1_d3_stack_nonlinear_T128_s9401104,16,block,block,1,3,stack_nonlinear,128,9401104,864,48,41472,2,14688,14688,14688,14688,48,48,48
n16_block1_d3_stack_nonlinear_T128_s9401104,16,block,block,1,3,stack_nonlinear,128,9401104,864,48,41472,4,14688,14688,14688,14688,48,48,48
n16_block1_d3_stack_nonlinear_T128_s9401104,16,block,block,1,3,stack_nonlinear,128,9401104,864,48,41472,8,14688,14688,14688,14688,48,48,48
n16_block1_d3_stack_nonlinear_T128_s9401104,16,block,block,1,3,stack_nonlinear,128,9401104,864,48,41472,16,14688,14688,14688,14688,48,48,48
n16_block1_d3_stack_nonlinear_T128_s9401104,16,block,block,1,3,stack_nonlinear,128,9401104,864,48,41472,32,14688,14688,14688,14688,48,48,48
n16_block1_d3_stack_nonlinear_T128_s9401104,16,block,block,1,3,stack_nonlinear,128,9401104,864,48,41472,64,14688,14688,14688,14688,48,48,48
n16_block1_d3_stack_nonlinear_T128_s9401104,16,block,block,1,3,stack_nonlinear,128,9401104,864,48,41472,128,14688,14688,14688,14688,48,48,48
n16_block4_d1_stack_nonlinear_T32_s9401100,16,block,block,4,1,stack_nonlinear,32,9401100,336,16,5376,1,272,272,272,272,16,16,16
n16_block4_d1_stack_nonlinear_T32_s9401100,16,block,block,4,1,stack_nonlinear,32,9401100,336,16,5376,2,1152,1152,1152,1152,16,16,16
n16_block4_d1_stack_nonlinear_T32_s9401100,16,block,block,4,1,stack_nonlinear,32,9401100,336,16,5376,4,1344,1344,1344,1344,16,16,16
n16_block4_d1_stack_nonlinear_T32_s9401100,16,block,block,4,1,stack_nonlinear,32,9401100,336,16,5376,8,1344,1344,1344,1344,16,16,16
n16_block4_d1_stack_nonlinear_T32_s9401100,16,block,block,4,1,stack_nonlinear,32,9401100,336,16,5376,16,1344,1344,1344,1344,16,16,16
n16_block4_d1_stack_nonlinear_T32_s9401100,16,block,block,4,1,stack_nonlinear,32,9401100,336,16,5376,32,1344,1344,1344,1344,16,16,16
n16_block4_d1_stack_nonlinear_T32_s9401101,16,block,block,4,1,stack_nonlinear,32,9401101,336,16,5376,1,272,272,272,272,16,16,16
n16_block4_d1_stack_nonlinear_T32_s9401101,16,block,block,4,1,stack_nonlinear,32,9401101,336,16,5376,2,1152,1152,1152,1152,16,16,16
n16_block4_d1_stack_nonlinear_T32_s9401101,16,block,block,4,1,stack_nonlinear,32,9401101,336,16,5376,4,1344,1344,1344,1344,16,16,16
n16_block4_d1_stack_nonlinear_T32_s9401101,16,block,block,4,1,stack_nonlinear,32,9401101,336,16,5376,8,1344,1344,1344,1344,16,16,16
n16_block4_d1_stack_nonlinear_T32_s9401101,16,block,block,4,1,stack_nonlinear,32,9401101,336,16,5376,16,1344,1344,1344,1344,16,16,16
n16_block4_d1_stack_nonlinear_T32_s9401101,16,block,block,4,1,stack_nonlinear,32,9401101,336,16,5376,32,1344,1344,1344,1344,16,16,16
n16_block4_d1_stack_nonlinear_T32_s9401102,16,block,block,4,1,stack_nonlinear,32,9401102,336,16,5376,1,272,272,272,272,16,16,16
n16_block4_d1_stack_nonlinear_T32_s9401102,16,block,block,4,1,stack_nonlinear,32,9401102,336,16,5376,2,1152,1152,1152,1152,16,16,16
n16_block4_d1_stack_nonlinear_T32_s9401102,16,block,block,4,1,stack_nonlinear,32,9401102,336,16,5376,4,1344,1344,1344,1344,16,16,16
n16_block4_d1_stack_nonlinear_T32_s9401102,16,block,block,4,1,stack_nonlinear,32,9401102,336,16,5376,8,1344,1344,1344,1344,16,16,16
n16_block4_d1_stack_nonlinear_T32_s9401102,16,block,block,4,1,stack_nonlinear,32,9401102,336,16,5376,16,1344,1344,1344,1344,16,16,16
n16_block4_d1_stack_nonlinear_T32_s9401102,16,block,block,4,1,stack_nonlinear,32,9401102,336,16,5376,32,1344,1344,1344,1344,16,16,16
n16_block4_d1_stack_nonlinear_T32_s9401103,16,block,block,4,1,stack_nonlinear,32,9401103,336,16,5376,1,272,272,272,272,16,16,16
n16_block4_d1_stack_nonlinear_T32_s9401103,16,block,block,4,1,stack_nonlinear,32,9401103,336,16,5376,2,1152,1152,1152,1152,16,16,16
n16_block4_d1_stack_nonlinear_T32_s9401103,16,block,block,4,1,stack_nonlinear,32,9401103,336,16,5376,4,1344,1344,1344,1344,16,16,16
n16_block4_d1_stack_nonlinear_T32_s9401103,16,block,block,4,1,stack_nonlinear,32,9401103,336,16,5376,8,1344,1344,1344,1344,16,16,16
n16_block4_d1_stack_nonlinear_T32_s9401103,16,block,block,4,1,stack_nonlinear,32,9401103,336,16,5376,16,1344,1344,1344,1344,16,16,16
n16_block4_d1_stack_nonlinear_T32_s9401103,16,block,block,4,1,stack_nonlinear,32,9401103,336,16,5376,32,1344,1344,1344,1344,16,16,16
n16_block4_d1_stack_nonlinear_T32_s9401104,16,block,block,4,1,stack_nonlinear,32,9401104,336,16,5376,1,272,272,272,272,16,16,16
n16_block4_d1_stack_nonlinear_T32_s9401104,16,block,block,4,1,stack_nonlinear,32,9401104,336,16,5376,2,1152,1152,1152,1152,16,16,16
n16_block4_d1_stack_nonlinear_T32_s9401104,16,block,block,4,1,stack_nonlinear,32,9401104,336,16,5376,4,1344,1344,1344,1344,16,16,16
n16_block4_d1_stack_nonlinear_T32_s9401104,16,block,block,4,1,stack_nonlinear,32,9401104,336,16,5376,8,1344,1344,1344,1344,16,16,16
n16_block4_d1_stack_nonlinear_T32_s9401104,16,block,block,4,1,stack_nonlinear,32,9401104,336,16,5376,16,1344,1344,1344,1344,16,16,16
n16_block4_d1_stack_nonlinear_T32_s9401104,16,block,block,4,1,stack_nonlinear,32,9401104,336,16,5376,32,1344,1344,1344,1344,16,16,16
n16_block4_d1_stack_nonlinear_T128_s9401100,16,block,block,4,1,stack_nonlinear,128,9401100,336,16,5376,1,272,272,272,272,16,16,16
n16_block4_d1_stack_nonlinear_T128_s9401100,16,block,block,4,1,stack_nonlinear,128,9401100,336,16,5376,2,1152,1152,1152,1152,16,16,16
n16_block4_d1_stack_nonlinear_T128_s9401100,16,block,block,4,1,stack_nonlinear,128,9401100,336,16,5376,4,1344,1344,1344,1344,16,16,16
n16_block4_d1_stack_nonlinear_T128_s9401100,16,block,block,4,1,stack_nonlinear,128,9401100,336,16,5376,8,1344,1344,1344,1344,16,16,16
n16_block4_d1_stack_nonlinear_T128_s9401100,16,block,block,4,1,stack_nonlinear,128,9401100,336,16,5376,16,1344,1344,1344,1344,16,16,16
n16_block4_d1_stack_nonlinear_T128_s9401100,16,block,block,4,1,stack_nonlinear,128,9401100,336,16,5376,32,1344,1344,1344,1344,16,16,16
n16_block4_d1_stack_nonlinear_T128_s9401100,16,block,block,4,1,stack_nonlinear,128,9401100,336,16,5376,64,1344,1344,1344,1344,16,16,16
n16_block4_d1_stack_nonlinear_T128_s9401100,16,block,block,4,1,stack_nonlinear,128,9401100,336,16,5376,128,1344,1344,1344,1344,16,16,16
n16_block4_d1_stack_nonlinear_T128_s9401101,16,block,block,4,1,stack_nonlinear,128,9401101,336,16,5376,1,272,272,272,272,16,16,16
n16_block4_d1_stack_nonlinear_T128_s9401101,16,block,block,4,1,stack_nonlinear,128,9401101,336,16,5376,2,1152,1152,1152,1152,16,16,16
n16_block4_d1_stack_nonlinear_T128_s9401101,16,block,block,4,1,stack_nonlinear,128,9401101,336,16,5376,4,1344,1344,1344,1344,16,16,16
n16_block4_d1_stack_nonlinear_T128_s9401101,16,block,block,4,1,stack_nonlinear,128,9401101,336,16,5376,8,1344,1344,1344,1344,16,16,16
n16_block4_d1_stack_nonlinear_T128_s9401101,16,block,block,4,1,stack_nonlinear,128,9401101,336,16,5376,16,1344,1344,1344,1344,16,16,16
n16_block4_d1_stack_nonlinear_T128_s9401101,16,block,block,4,1,stack_nonlinear,128,9401101,336,16,5376,32,1344,1344,1344,1344,16,16,16
n16_block4_d1_stack_nonlinear_T128_s9401101,16,block,block,4,1,stack_nonlinear,128,9401101,336,16,5376,64,1344,1344,1344,1344,16,16,16
n16_block4_d1_stack_nonlinear_T128_s9401101,16,block,block,4,1,stack_nonlinear,128,9401101,336,16,5376,128,1344,1344,1344,1344,16,16,16
n16_block4_d1_stack_nonlinear_T128_s9401102,16,block,block,4,1,stack_nonlinear,128,9401102,336,16,5376,1,272,272,272,272,16,16,16
n16_block4_d1_stack_nonlinear_T128_s9401102,16,block,block,4,1,stack_nonlinear,128,9401102,336,16,5376,2,1152,1152,1152,1152,16,16,16
n16_block4_d1_stack_nonlinear_T128_s9401102,16,block,block,4,1,stack_nonlinear,128,9401102,336,16,5376,4,1344,1344,1344,1344,16,16,16
n16_block4_d1_stack_nonlinear_T128_s9401102,16,block,block,4,1,stack_nonlinear,128,9401102,336,16,5376,8,1344,1344,1344,1344,16,16,16
n16_block4_d1_stack_nonlinear_T128_s9401102,16,block,block,4,1,stack_nonlinear,128,9401102,336,16,5376,16,1344,1344,1344,1344,16,16,16
n16_block4_d1_stack_nonlinear_T128_s9401102,16,block,block,4,1,stack_nonlinear,128,9401102,336,16,5376,32,1344,1344,1344,1344,16,16,16
n16_block4_d1_stack_nonlinear_T128_s9401102,16,block,block,4,1,stack_nonlinear,128,9401102,336,16,5376,64,1344,1344,1344,1344,16,16,16
n16_block4_d1_stack_nonlinear_T128_s9401102,16,block,block,4,1,stack_nonlinear,128,9401102,336,16,5376,128,1344,1344,1344,1344,16,16,16
n16_block4_d1_stack_nonlinear_T128_s9401103,16,block,block,4,1,stack_nonlinear,128,9401103,336,16,5376,1,272,272,272,272,16,16,16
n16_block4_d1_stack_nonlinear_T128_s9401103,16,block,block,4,1,stack_nonlinear,128,9401103,336,16,5376,2,1152,1152,1152,1152,16,16,16
n16_block4_d1_stack_nonlinear_T128_s9401103,16,block,block,4,1,stack_nonlinear,128,9401103,336,16,5376,4,1344,1344,1344,1344,16,16,16
n16_block4_d1_stack_nonlinear_T128_s9401103,16,block,block,4,1,stack_nonlinear,128,9401103,336,16,5376,8,1344,1344,1344,1344,16,16,16
n16_block4_d1_stack_nonlinear_T128_s9401103,16,block,block,4,1,stack_nonlinear,128,9401103,336,16,5376,16,1344,1344,1344,1344,16,16,16
n16_block4_d1_stack_nonlinear_T128_s9401103,16,block,block,4,1,stack_nonlinear,128,9401103,336,16,5376,32,1344,1344,1344,1344,16,16,16
n16_block4_d1_stack_nonlinear_T128_s9401103,16,block,block,4,1,stack_nonlinear,128,9401103,336,16,5376,64,1344,1344,1344,1344,16,16,16
n16_block4_d1_stack_nonlinear_T128_s9401103,16,block,block,4,1,stack_nonlinear,128,9401103,336,16,5376,128,1344,1344,1344,1344,16,16,16
n16_block4_d1_stack_nonlinear_T128_s9401104,16,block,block,4,1,stack_nonlinear,128,9401104,336,16,5376,1,272,272,272,272,16,16,16
n16_block4_d1_stack_nonlinear_T128_s9401104,16,block,block,4,1,stack_nonlinear,128,9401104,336,16,5376,2,1152,1152,1152,1152,16,16,16
n16_block4_d1_stack_nonlinear_T128_s9401104,16,block,block,4,1,stack_nonlinear,128,9401104,336,16,5376,4,1344,1344,1344,1344,16,16,16
n16_block4_d1_stack_nonlinear_T128_s9401104,16,block,block,4,1,stack_nonlinear,128,9401104,336,16,5376,8,1344,1344,1344,1344,16,16,16
n16_block4_d1_stack_nonlinear_T128_s9401104,16,block,block,4,1,stack_nonlinear,128,9401104,336,16,5376,16,1344,1344,1344,1344,16,16,16
n16_block4_d1_stack_nonlinear_T128_s9401104,16,block,block,4,1,stack_nonlinear,128,9401104,336,16,5376,32,1344,1344,1344,1344,16,16,16
n16_block4_d1_stack_nonlinear_T128_s9401104,16,block,block,4,1,stack_nonlinear,128,9401104,336,16,5376,64,1344,1344,1344,1344,16,16,16
n16_block4_d1_stack_nonlinear_T128_s9401104,16,block,block,4,1,stack_nonlinear,128,9401104,336,16,5376,128,1344,1344,1344,1344,16,16,16
n16_block4_d3_stack_nonlinear_T32_s9401100,16,block,block,4,3,stack_nonlinear,32,9401100,1008,48,48384,1,13872,13872,13872,13872,48,48,48
n16_block4_d3_stack_nonlinear_T32_s9401100,16,block,block,4,3,stack_nonlinear,32,9401100,1008,48,48384,2,19584,19584,19584,19584,48,48,48
n16_block4_d3_stack_nonlinear_T32_s9401100,16,block,block,4,3,stack_nonlinear,32,9401100,1008,48,48384,4,20160,20160,20160,20160,48,48,48
n16_block4_d3_stack_nonlinear_T32_s9401100,16,block,block,4,3,stack_nonlinear,32,9401100,1008,48,48384,8,20160,20160,20160,20160,48,48,48
n16_block4_d3_stack_nonlinear_T32_s9401100,16,block,block,4,3,stack_nonlinear,32,9401100,1008,48,48384,16,20160,20160,20160,20160,48,48,48
n16_block4_d3_stack_nonlinear_T32_s9401100,16,block,block,4,3,stack_nonlinear,32,9401100,1008,48,48384,32,20160,20160,20160,20160,48,48,48
n16_block4_d3_stack_nonlinear_T32_s9401101,16,block,block,4,3,stack_nonlinear,32,9401101,1008,48,48384,1,13872,13872,13872,13872,48,48,48
n16_block4_d3_stack_nonlinear_T32_s9401101,16,block,block,4,3,stack_nonlinear,32,9401101,1008,48,48384,2,19584,19584,19584,19584,48,48,48
n16_block4_d3_stack_nonlinear_T32_s9401101,16,block,block,4,3,stack_nonlinear,32,9401101,1008,48,48384,4,20160,20160,20160,20160,48,48,48
n16_block4_d3_stack_nonlinear_T32_s9401101,16,block,block,4,3,stack_nonlinear,32,9401101,1008,48,48384,8,20160,20160,20160,20160,48,48,48
n16_block4_d3_stack_nonlinear_T32_s9401101,16,block,block,4,3,stack_nonlinear,32,9401101,1008,48,48384,16,20160,20160,20160,20160,48,48,48
n16_block4_d3_stack_nonlinear_T32_s9401101,16,block,block,4,3,stack_nonlinear,32,9401101,1008,48,48384,32,20160,20160,20160,20160,48,48,48
n16_block4_d3_stack_nonlinear_T32_s9401102,16,block,block,4,3,stack_nonlinear,32,9401102,1008,48,48384,1,13872,13872,13872,13872,48,48,48
n16_block4_d3_stack_nonlinear_T32_s9401102,16,block,block,4,3,stack_nonlinear,32,9401102,1008,48,48384,2,19584,19584,19584,19584,48,48,48
n16_block4_d3_stack_nonlinear_T32_s9401102,16,block,block,4,3,stack_nonlinear,32,9401102,1008,48,48384,4,20160,20160,20160,20160,48,48,48
n16_block4_d3_stack_nonlinear_T32_s9401102,16,block,block,4,3,stack_nonlinear,32,9401102,1008,48,48384,8,20160,20160,20160,20160,48,48,48
n16_block4_d3_stack_nonlinear_T32_s9401102,16,block,block,4,3,stack_nonlinear,32,9401102,1008,48,48384,16,20160,20160,20160,20160,48,48,48
n16_block4_d3_stack_nonlinear_T32_s9401102,16,block,block,4,3,stack_nonlinear,32,9401102,1008,48,48384,32,20160,20160,20160,20160,48,48,48
n16_block4_d3_stack_nonlinear_T32_s9401103,16,block,block,4,3,stack_nonlinear,32,9401103,1008,48,48384,1,13872,13872,13872,13872,48,48,48
n16_block4_d3_stack_nonlinear_T32_s9401103,16,block,block,4,3,stack_nonlinear,32,9401103,1008,48,48384,2,19584,19584,19584,19584,48,48,48
n16_block4_d3_stack_nonlinear_T32_s9401103,16,block,block,4,3,stack_nonlinear,32,9401103,1008,48,48384,4,20160,20160,20160,20160,48,48,48
n16_block4_d3_stack_nonlinear_T32_s9401103,16,block,block,4,3,stack_nonlinear,32,9401103,1008,48,48384,8,20160,20160,20160,20160,48,48,48
n16_block4_d3_stack_nonlinear_T32_s9401103,16,block,block,4,3,stack_nonlinear,32,9401103,1008,48,48384,16,20160,20160,20160,20160,48,48,48
n16_block4_d3_stack_nonlinear_T32_s9401103,16,block,block,4,3,stack_nonlinear,32,9401103,1008,48,48384,32,20160,20160,20160,20160,48,48,48
n16_block4_d3_stack_nonlinear_T32_s9401104,16,block,block,4,3,stack_nonlinear,32,9401104,1008,48,48384,1,13872,13872,13872,13872,48,48,48
n16_block4_d3_stack_nonlinear_T32_s9401104,16,block,block,4,3,stack_nonlinear,32,9401104,1008,48,48384,2,19584,19584,19584,19584,48,48,48
n16_block4_d3_stack_nonlinear_T32_s9401104,16,block,block,4,3,stack_nonlinear,32,9401104,1008,48,48384,4,20160,20160,20160,20160,48,48,48
n16_block4_d3_stack_nonlinear_T32_s9401104,16,block,block,4,3,stack_nonlinear,32,9401104,1008,48,48384,8,20160,20160,20160,20160,48,48,48
n16_block4_d3_stack_nonlinear_T32_s9401104,16,block,block,4,3,stack_nonlinear,32,9401104,1008,48,48384,16,20160,20160,20160,20160,48,48,48
n16_block4_d3_stack_nonlinear_T32_s9401104,16,block,block,4,3,stack_nonlinear,32,9401104,1008,48,48384,32,20160,20160,20160,20160,48,48,48
n16_block4_d3_stack_nonlinear_T128_s9401100,16,block,block,4,3,stack_nonlinear,128,9401100,1008,48,48384,1,13872,13872,13872,13872,48,48,48
n16_block4_d3_stack_nonlinear_T128_s9401100,16,block,block,4,3,stack_nonlinear,128,9401100,1008,48,48384,2,19584,19584,19584,19584,48,48,48
n16_block4_d3_stack_nonlinear_T128_s9401100,16,block,block,4,3,stack_nonlinear,128,9401100,1008,48,48384,4,20160,20160,20160,20160,48,48,48
n16_block4_d3_stack_nonlinear_T128_s9401100,16,block,block,4,3,stack_nonlinear,128,9401100,1008,48,48384,8,20160,20160,20160,20160,48,48,48
n16_block4_d3_stack_nonlinear_T128_s9401100,16,block,block,4,3,stack_nonlinear,128,9401100,1008,48,48384,16,20160,20160,20160,20160,48,48,48
n16_block4_d3_stack_nonlinear_T128_s9401100,16,block,block,4,3,stack_nonlinear,128,9401100,1008,48,48384,32,20160,20160,20160,20160,48,48,48
n16_block4_d3_stack_nonlinear_T128_s9401100,16,block,block,4,3,stack_nonlinear,128,9401100,1008,48,48384,64,20160,20160,20160,20160,48,48,48
n16_block4_d3_stack_nonlinear_T128_s9401100,16,block,block,4,3,stack_nonlinear,128,9401100,1008,48,48384,128,20160,20160,20160,20160,48,48,48
n16_block4_d3_stack_nonlinear_T128_s9401101,16,block,block,4,3,stack_nonlinear,128,9401101,1008,48,48384,1,13872,13872,13872,13872,48,48,48
n16_block4_d3_stack_nonlinear_T128_s9401101,16,block,block,4,3,stack_nonlinear,128,9401101,1008,48,48384,2,19584,19584,19584,19584,48,48,48
n16_block4_d3_stack_nonlinear_T128_s9401101,16,block,block,4,3,stack_nonlinear,128,9401101,1008,48,48384,4,20160,20160,20160,20160,48,48,48
n16_block4_d3_stack_nonlinear_T128_s9401101,16,block,block,4,3,stack_nonlinear,128,9401101,1008,48,48384,8,20160,20160,20160,20160,48,48,48
n16_block4_d3_stack_nonlinear_T128_s9401101,16,block,block,4,3,stack_nonlinear,128,9401101,1008,48,48384,16,20160,20160,20160,20160,48,48,48
n16_block4_d3_stack_nonlinear_T128_s9401101,16,block,block,4,3,stack_nonlinear,128,9401101,1008,48,48384,32,20160,20160,20160,20160,48,48,48
n16_block4_d3_stack_nonlinear_T128_s9401101,16,block,block,4,3,stack_nonlinear,128,9401101,1008,48,48384,64,20160,20160,20160,20160,48,48,48
n16_block4_d3_stack_nonlinear_T128_s9401101,16,block,block,4,3,stack_nonlinear,128,9401101,1008,48,48384,128,20160,20160,20160,20160,48,48,48
n16_block4_d3_stack_nonlinear_T128_s9401102,16,block,block,4,3,stack_nonlinear,128,9401102,1008,48,48384,1,13872,13872,13872,13872,48,48,48
n16_block4_d3_stack_nonlinear_T128_s9401102,16,block,block,4,3,stack_nonlinear,128,9401102,1008,48,48384,2,19584,19584,19584,19584,48,48,48
n16_block4_d3_stack_nonlinear_T128_s9401102,16,block,block,4,3,stack_nonlinear,128,9401102,1008,48,48384,4,20160,20160,20160,20160,48,48,48
n16_block4_d3_stack_nonlinear_T128_s9401102,16,block,block,4,3,stack_nonlinear,128,9401102,1008,48,48384,8,20160,20160,20160,20160,48,48,48
n16_block4_d3_stack_nonlinear_T128_s9401102,16,block,block,4,3,stack_nonlinear,128,9401102,1008,48,48384,16,20160,20160,20160,20160,48,48,48
n16_block4_d3_stack_nonlinear_T128_s9401102,16,block,block,4,3,stack_nonlinear,128,9401102,1008,48,48384,32,20160,20160,20160,20160,48,48,48
n16_block4_d3_stack_nonlinear_T128_s9401102,16,block,block,4,3,stack_nonlinear,128,9401102,1008,48,48384,64,20160,20160,20160,20160,48,48,48
n16_block4_d3_stack_nonlinear_T128_s9401102,16,block,block,4,3,stack_nonlinear,128,9401102,1008,48,48384,128,20160,20160,20160,20160,48,48,48
n16_block4_d3_stack_nonlinear_T128_s9401103,16,block,block,4,3,stack_nonlinear,128,9401103,1008,48,48384,1,13872,13872,13872,13872,48,48,48
n16_block4_d3_stack_nonlinear_T128_s9401103,16,block,block,4,3,stack_nonlinear,128,9401103,1008,48,48384,2,19584,19584,19584,19584,48,48,48
n16_block4_d3_stack_nonlinear_T128_s9401103,16,block,block,4,3,stack_nonlinear,128,9401103,1008,48,48384,4,20160,20160,20160,20160,48,48,48
n16_block4_d3_stack_nonlinear_T128_s9401103,16,block,block,4,3,stack_nonlinear,128,9401103,1008,48,48384,8,20160,20160,20160,20160,48,48,48
n16_block4_d3_stack_nonlinear_T128_s9401103,16,block,block,4,3,stack_nonlinear,128,9401103,1008,48,48384,16,20160,20160,20160,20160,48,48,48
n16_block4_d3_stack_nonlinear_T128_s9401103,16,block,block,4,3,stack_nonlinear,128,9401103,1008,48,48384,32,20160,20160,20160,20160,48,48,48
n16_block4_d3_stack_nonlinear_T128_s9401103,16,block,block,4,3,stack_nonlinear,128,9401103,1008,48,48384,64,20160,20160,20160,20160,48,48,48
n16_block4_d3_stack_nonlinear_T128_s9401103,16,block,block,4,3,stack_nonlinear,128,9401103,1008,48,48384,128,20160,20160,20160,20160,48,48,48
n16_block4_d3_stack_nonlinear_T128_s9401104,16,block,block,4,3,stack_nonlinear,128,9401104,1008,48,48384,1,13872,13872,13872,13872,48,48,48
n16_block4_d3_stack_nonlinear_T128_s9401104,16,block,block,4,3,stack_nonlinear,128,9401104,1008,48,48384,2,19584,19584,19584,19584,48,48,48
n16_block4_d3_stack_nonlinear_T128_s9401104,16,block,block,4,3,stack_nonlinear,128,9401104,1008,48,48384,4,20160,20160,20160,20160,48,48,48
n16_block4_d3_stack_nonlinear_T128_s9401104,16,block,block,4,3,stack_nonlinear,128,9401104,1008,48,48384,8,20160,20160,20160,20160,48,48,48
n16_block4_d3_stack_nonlinear_T128_s9401104,16,block,block,4,3,stack_nonlinear,128,9401104,1008,48,48384,16,20160,20160,20160,20160,48,48,48
n16_block4_d3_stack_nonlinear_T128_s9401104,16,block,block,4,3,stack_nonlinear,128,9401104,1008,48,48384,32,20160,20160,20160,20160,48,48,48
n16_block4_d3_stack_nonlinear_T128_s9401104,16,block,block,4,3,stack_nonlinear,128,9401104,1008,48,48384,64,20160,20160,20160,20160,48,48,48
n16_block4_d3_stack_nonlinear_T128_s9401104,16,block,block,4,3,stack_nonlinear,128,9401104,1008,48,48384,128,20160,20160,20160,20160,48,48,48
n16_block16_d1_stack_nonlinear_T32_s9401100,16,block,block,16,1,stack_nonlinear,32,9401100,528,16,8448,1,272,272,272,272,16,16,16
n16_block16_d1_stack_nonlinear_T32_s9401100,16,block,block,16,1,stack_nonlinear,32,9401100,528,16,8448,2,4608,4608,4608,4608,16,16,16
n16_block16_d1_stack_nonlinear_T32_s9401100,16,block,block,16,1,stack_nonlinear,32,9401100,528,16,8448,4,8448,8448,8448,8448,16,16,16
n16_block16_d1_stack_nonlinear_T32_s9401100,16,block,block,16,1,stack_nonlinear,32,9401100,528,16,8448,8,8448,8448,8448,8448,16,16,16
n16_block16_d1_stack_nonlinear_T32_s9401100,16,block,block,16,1,stack_nonlinear,32,9401100,528,16,8448,16,8448,8448,8448,8448,16,16,16
n16_block16_d1_stack_nonlinear_T32_s9401100,16,block,block,16,1,stack_nonlinear,32,9401100,528,16,8448,32,8448,8448,8448,8448,16,16,16
n16_block16_d1_stack_nonlinear_T32_s9401101,16,block,block,16,1,stack_nonlinear,32,9401101,528,16,8448,1,272,272,272,272,16,16,16
n16_block16_d1_stack_nonlinear_T32_s9401101,16,block,block,16,1,stack_nonlinear,32,9401101,528,16,8448,2,4608,4608,4608,4608,16,16,16
n16_block16_d1_stack_nonlinear_T32_s9401101,16,block,block,16,1,stack_nonlinear,32,9401101,528,16,8448,4,8448,8448,8448,8448,16,16,16
n16_block16_d1_stack_nonlinear_T32_s9401101,16,block,block,16,1,stack_nonlinear,32,9401101,528,16,8448,8,8448,8448,8448,8448,16,16,16
n16_block16_d1_stack_nonlinear_T32_s9401101,16,block,block,16,1,stack_nonlinear,32,9401101,528,16,8448,16,8448,8448,8448,8448,16,16,16
n16_block16_d1_stack_nonlinear_T32_s9401101,16,block,block,16,1,stack_nonlinear,32,9401101,528,16,8448,32,8448,8448,8448,8448,16,16,16
n16_block16_d1_stack_nonlinear_T32_s9401102,16,block,block,16,1,stack_nonlinear,32,9401102,528,16,8448,1,272,272,272,272,16,16,16
n16_block16_d1_stack_nonlinear_T32_s9401102,16,block,block,16,1,stack_nonlinear,32,9401102,528,16,8448,2,4608,4608,4608,4608,16,16,16
n16_block16_d1_stack_nonlinear_T32_s9401102,16,block,block,16,1,stack_nonlinear,32,9401102,528,16,8448,4,8448,8448,8448,8448,16,16,16
n16_block16_d1_stack_nonlinear_T32_s9401102,16,block,block,16,1,stack_nonlinear,32,9401102,528,16,8448,8,8448,8448,8448,8448,16,16,16
n16_block16_d1_stack_nonlinear_T32_s9401102,16,block,block,16,1,stack_nonlinear,32,9401102,528,16,8448,16,8448,8448,8448,8448,16,16,16
n16_block16_d1_stack_nonlinear_T32_s9401102,16,block,block,16,1,stack_nonlinear,32,9401102,528,16,8448,32,8448,8448,8448,8448,16,16,16
n16_block16_d1_stack_nonlinear_T32_s9401103,16,block,block,16,1,stack_nonlinear,32,9401103,528,16,8448,1,272,272,272,272,16,16,16
n16_block16_d1_stack_nonlinear_T32_s9401103,16,block,block,16,1,stack_nonlinear,32,9401103,528,16,8448,2,4608,4608,4608,4608,16,16,16
n16_block16_d1_stack_nonlinear_T32_s9401103,16,block,block,16,1,stack_nonlinear,32,9401103,528,16,8448,4,8448,8448,8448,8448,16,16,16
n16_block16_d1_stack_nonlinear_T32_s9401103,16,block,block,16,1,stack_nonlinear,32,9401103,528,16,8448,8,8448,8448,8448,8448,16,16,16
n16_block16_d1_stack_nonlinear_T32_s9401103,16,block,block,16,1,stack_nonlinear,32,9401103,528,16,8448,16,8448,8448,8448,8448,16,16,16
n16_block16_d1_stack_nonlinear_T32_s9401103,16,block,block,16,1,stack_nonlinear,32,9401103,528,16,8448,32,8448,8448,8448,8448,16,16,16
n16_block16_d1_stack_nonlinear_T32_s9401104,16,block,block,16,1,stack_nonlinear,32,9401104,528,16,8448,1,272,272,272,272,16,16,16
n16_block16_d1_stack_nonlinear_T32_s9401104,16,block,block,16,1,stack_nonlinear,32,9401104,528,16,8448,2,4608,4608,4608,4608,16,16,16
n16_block16_d1_stack_nonlinear_T32_s9401104,16,block,block,16,1,stack_nonlinear,32,9401104,528,16,8448,4,8448,8448,8448,8448,16,16,16
n16_block16_d1_stack_nonlinear_T32_s9401104,16,block,block,16,1,stack_nonlinear,32,9401104,528,16,8448,8,8448,8448,8448,8448,16,16,16
n16_block16_d1_stack_nonlinear_T32_s9401104,16,block,block,16,1,stack_nonlinear,32,9401104,528,16,8448,16,8448,8448,8448,8448,16,16,16
n16_block16_d1_stack_nonlinear_T32_s9401104,16,block,block,16,1,stack_nonlinear,32,9401104,528,16,8448,32,8448,8448,8448,8448,16,16,16
n16_block16_d1_stack_nonlinear_T128_s9401100,16,block,block,16,1,stack_nonlinear,128,9401100,528,16,8448,1,272,272,272,272,16,16,16
n16_block16_d1_stack_nonlinear_T128_s9401100,16,block,block,16,1,stack_nonlinear,128,9401100,528,16,8448,2,4608,4608,4608,4608,16,16,16
n16_block16_d1_stack_nonlinear_T128_s9401100,16,block,block,16,1,stack_nonlinear,128,9401100,528,16,8448,4,8448,8448,8448,8448,16,16,16
n16_block16_d1_stack_nonlinear_T128_s9401100,16,block,block,16,1,stack_nonlinear,128,9401100,528,16,8448,8,8448,8448,8448,8448,16,16,16
n16_block16_d1_stack_nonlinear_T128_s9401100,16,block,block,16,1,stack_nonlinear,128,9401100,528,16,8448,16,8448,8448,8448,8448,16,16,16
n16_block16_d1_stack_nonlinear_T128_s9401100,16,block,block,16,1,stack_nonlinear,128,9401100,528,16,8448,32,8448,8448,8448,8448,16,16,16
n16_block16_d1_stack_nonlinear_T128_s9401100,16,block,block,16,1,stack_nonlinear,128,9401100,528,16,8448,64,8448,8448,8448,8448,16,16,16
n16_block16_d1_stack_nonlinear_T128_s9401100,16,block,block,16,1,stack_nonlinear,128,9401100,528,16,8448,128,8448,8448,8448,8448,16,16,16
n16_block16_d1_stack_nonlinear_T128_s9401101,16,block,block,16,1,stack_nonlinear,128,9401101,528,16,8448,1,272,272,272,272,16,16,16
n16_block16_d1_stack_nonlinear_T128_s9401101,16,block,block,16,1,stack_nonlinear,128,9401101,528,16,8448,2,4608,4608,4608,4608,16,16,16
n16_block16_d1_stack_nonlinear_T128_s9401101,16,block,block,16,1,stack_nonlinear,128,9401101,528,16,8448,4,8448,8448,8448,8448,16,16,16
n16_block16_d1_stack_nonlinear_T128_s9401101,16,block,block,16,1,stack_nonlinear,128,9401101,528,16,8448,8,8448,8448,8448,8448,16,16,16
n16_block16_d1_stack_nonlinear_T128_s9401101,16,block,block,16,1,stack_nonlinear,128,9401101,528,16,8448,16,8448,8448,8448,8448,16,16,16
n16_block16_d1_stack_nonlinear_T128_s9401101,16,block,block,16,1,stack_nonlinear,128,9401101,528,16,8448,32,8448,8448,8448,8448,16,16,16
n16_block16_d1_stack_nonlinear_T128_s9401101,16,block,block,16,1,stack_nonlinear,128,9401101,528,16,8448,64,8448,8448,8448,8448,16,16,16
n16_block16_d1_stack_nonlinear_T128_s9401101,16,block,block,16,1,stack_nonlinear,128,9401101,528,16,8448,128,8448,8448,8448,8448,16,16,16
n16_block16_d1_stack_nonlinear_T128_s9401102,16,block,block,16,1,stack_nonlinear,128,9401102,528,16,8448,1,272,272,272,272,16,16,16
n16_block16_d1_stack_nonlinear_T128_s9401102,16,block,block,16,1,stack_nonlinear,128,9401102,528,16,8448,2,4608,4608,4608,4608,16,16,16
n16_block16_d1_stack_nonlinear_T128_s9401102,16,block,block,16,1,stack_nonlinear,128,9401102,528,16,8448,4,8448,8448,8448,8448,16,16,16
n16_block16_d1_stack_nonlinear_T128_s9401102,16,block,block,16,1,stack_nonlinear,128,9401102,528,16,8448,8,8448,8448,8448,8448,16,16,16
n16_block16_d1_stack_nonlinear_T128_s9401102,16,block,block,16,1,stack_nonlinear,128,9401102,528,16,8448,16,8448,8448,8448,8448,16,16,16
n16_block16_d1_stack_nonlinear_T128_s9401102,16,block,block,16,1,stack_nonlinear,128,9401102,528,16,8448,32,8448,8448,8448,8448,16,16,16
n16_block16_d1_stack_nonlinear_T128_s9401102,16,block,block,16,1,stack_nonlinear,128,9401102,528,16,8448,64,8448,8448,8448,8448,16,16,16
n16_block16_d1_stack_nonlinear_T128_s9401102,16,block,block,16,1,stack_nonlinear,128,9401102,528,16,8448,128,8448,8448,8448,8448,16,16,16
n16_block16_d1_stack_nonlinear_T128_s9401103,16,block,block,16,1,stack_nonlinear,128,9401103,528,16,8448,1,272,272,272,272,16,16,16
n16_block16_d1_stack_nonlinear_T128_s9401103,16,block,block,16,1,stack_nonlinear,128,9401103,528,16,8448,2,4608,4608,4608,4608,16,16,16
n16_block16_d1_stack_nonlinear_T128_s9401103,16,block,block,16,1,stack_nonlinear,128,9401103,528,16,8448,4,8448,8448,8448,8448,16,16,16
n16_block16_d1_stack_nonlinear_T128_s9401103,16,block,block,16,1,stack_nonlinear,128,9401103,528,16,8448,8,8448,8448,8448,8448,16,16,16
n16_block16_d1_stack_nonlinear_T128_s9401103,16,block,block,16,1,stack_nonlinear,128,9401103,528,16,8448,16,8448,8448,8448,8448,16,16,16
n16_block16_d1_stack_nonlinear_T128_s9401103,16,block,block,16,1,stack_nonlinear,128,9401103,528,16,8448,32,8448,8448,8448,8448,16,16,16
n16_block16_d1_stack_nonlinear_T128_s9401103,16,block,block,16,1,stack_nonlinear,128,9401103,528,16,8448,64,8448,8448,8448,8448,16,16,16
n16_block16_d1_stack_nonlinear_T128_s9401103,16,block,block,16,1,stack_nonlinear,128,9401103,528,16,8448,128,8448,8448,8448,8448,16,16,16
n16_block16_d1_stack_nonlinear_T128_s9401104,16,block,block,16,1,stack_nonlinear,128,9401104,528,16,8448,1,272,272,272,272,16,16,16
n16_block16_d1_stack_nonlinear_T128_s9401104,16,block,block,16,1,stack_nonlinear,128,9401104,528,16,8448,2,4608,4608,4608,4608,16,16,16
n16_block16_d1_stack_nonlinear_T128_s9401104,16,block,block,16,1,stack_nonlinear,128,9401104,528,16,8448,4,8448,8448,8448,8448,16,16,16
n16_block16_d1_stack_nonlinear_T128_s9401104,16,block,block,16,1,stack_nonlinear,128,9401104,528,16,8448,8,8448,8448,8448,8448,16,16,16
n16_block16_d1_stack_nonlinear_T128_s9401104,16,block,block,16,1,stack_nonlinear,128,9401104,528,16,8448,16,8448,8448,8448,8448,16,16,16
n16_block16_d1_stack_nonlinear_T128_s9401104,16,block,block,16,1,stack_nonlinear,128,9401104,528,16,8448,32,8448,8448,8448,8448,16,16,16
n16_block16_d1_stack_nonlinear_T128_s9401104,16,block,block,16,1,stack_nonlinear,128,9401104,528,16,8448,64,8448,8448,8448,8448,16,16,16
n16_block16_d1_stack_nonlinear_T128_s9401104,16,block,block,16,1,stack_nonlinear,128,9401104,528,16,8448,128,8448,8448,8448,8448,16,16,16
n16_block16_d3_stack_nonlinear_T32_s9401100,16,block,block,16,3,stack_nonlinear,32,9401100,1584,48,76032,1,13872,13872,13872,13872,48,48,48
n16_block16_d3_stack_nonlinear_T32_s9401100,16,block,block,16,3,stack_nonlinear,32,9401100,1584,48,76032,2,39168,39168,39168,39168,48,48,48
n16_block16_d3_stack_nonlinear_T32_s9401100,16,block,block,16,3,stack_nonlinear,32,9401100,1584,48,76032,4,50688,50688,50688,50688,48,48,48
n16_block16_d3_stack_nonlinear_T32_s9401100,16,block,block,16,3,stack_nonlinear,32,9401100,1584,48,76032,8,50688,50688,50688,50688,48,48,48
n16_block16_d3_stack_nonlinear_T32_s9401100,16,block,block,16,3,stack_nonlinear,32,9401100,1584,48,76032,16,50688,50688,50688,50688,48,48,48
n16_block16_d3_stack_nonlinear_T32_s9401100,16,block,block,16,3,stack_nonlinear,32,9401100,1584,48,76032,32,50688,50688,50688,50688,48,48,48
n16_block16_d3_stack_nonlinear_T32_s9401101,16,block,block,16,3,stack_nonlinear,32,9401101,1584,48,76032,1,13872,13872,13872,13872,48,48,48
n16_block16_d3_stack_nonlinear_T32_s9401101,16,block,block,16,3,stack_nonlinear,32,9401101,1584,48,76032,2,39168,39168,39168,39168,48,48,48
n16_block16_d3_stack_nonlinear_T32_s9401101,16,block,block,16,3,stack_nonlinear,32,9401101,1584,48,76032,4,50688,50688,50688,50688,48,48,48
n16_block16_d3_stack_nonlinear_T32_s9401101,16,block,block,16,3,stack_nonlinear,32,9401101,1584,48,76032,8,50688,50688,50688,50688,48,48,48
n16_block16_d3_stack_nonlinear_T32_s9401101,16,block,block,16,3,stack_nonlinear,32,9401101,1584,48,76032,16,50688,50688,50688,50688,48,48,48
n16_block16_d3_stack_nonlinear_T32_s9401101,16,block,block,16,3,stack_nonlinear,32,9401101,1584,48,76032,32,50688,50688,50688,50688,48,48,48
n16_block16_d3_stack_nonlinear_T32_s9401102,16,block,block,16,3,stack_nonlinear,32,9401102,1584,48,76032,1,13872,13872,13872,13872,48,48,48
n16_block16_d3_stack_nonlinear_T32_s9401102,16,block,block,16,3,stack_nonlinear,32,9401102,1584,48,76032,2,39168,39168,39168,39168,48,48,48
n16_block16_d3_stack_nonlinear_T32_s9401102,16,block,block,16,3,stack_nonlinear,32,9401102,1584,48,76032,4,50688,50688,50688,50688,48,48,48
n16_block16_d3_stack_nonlinear_T32_s9401102,16,block,block,16,3,stack_nonlinear,32,9401102,1584,48,76032,8,50688,50688,50688,50688,48,48,48
n16_block16_d3_stack_nonlinear_T32_s9401102,16,block,block,16,3,stack_nonlinear,32,9401102,1584,48,76032,16,50688,50688,50688,50688,48,48,48
n16_block16_d3_stack_nonlinear_T32_s9401102,16,block,block,16,3,stack_nonlinear,32,9401102,1584,48,76032,32,50688,50688,50688,50688,48,48,48
n16_block16_d3_stack_nonlinear_T32_s9401103,16,block,block,16,3,stack_nonlinear,32,9401103,1584,48,76032,1,13872,13872,13872,13872,48,48,48
n16_block16_d3_stack_nonlinear_T32_s9401103,16,block,block,16,3,stack_nonlinear,32,9401103,1584,48,76032,2,39168,39168,39168,39168,48,48,48
n16_block16_d3_stack_nonlinear_T32_s9401103,16,block,block,16,3,stack_nonlinear,32,9401103,1584,48,76032,4,50688,50688,50688,50688,48,48,48
n16_block16_d3_stack_nonlinear_T32_s9401103,16,block,block,16,3,stack_nonlinear,32,9401103,1584,48,76032,8,50688,50688,50688,50688,48,48,48
n16_block16_d3_stack_nonlinear_T32_s9401103,16,block,block,16,3,stack_nonlinear,32,9401103,1584,48,76032,16,50688,50688,50688,50688,48,48,48
n16_block16_d3_stack_nonlinear_T32_s9401103,16,block,block,16,3,stack_nonlinear,32,9401103,1584,48,76032,32,50688,50688,50688,50688,48,48,48
n16_block16_d3_stack_nonlinear_T32_s9401104,16,block,block,16,3,stack_nonlinear,32,9401104,1584,48,76032,1,13872,13872,13872,13872,48,48,48
n16_block16_d3_stack_nonlinear_T32_s9401104,16,block,block,16,3,stack_nonlinear,32,9401104,1584,48,76032,2,39168,39168,39168,39168,48,48,48
n16_block16_d3_stack_nonlinear_T32_s9401104,16,block,block,16,3,stack_nonlinear,32,9401104,1584,48,76032,4,50688,50688,50688,50688,48,48,48
n16_block16_d3_stack_nonlinear_T32_s9401104,16,block,block,16,3,stack_nonlinear,32,9401104,1584,48,76032,8,50688,50688,50688,50688,48,48,48
n16_block16_d3_stack_nonlinear_T32_s9401104,16,block,block,16,3,stack_nonlinear,32,9401104,1584,48,76032,16,50688,50688,50688,50688,48,48,48
n16_block16_d3_stack_nonlinear_T32_s9401104,16,block,block,16,3,stack_nonlinear,32,9401104,1584,48,76032,32,50688,50688,50688,50688,48,48,48
n16_block16_d3_stack_nonlinear_T128_s9401100,16,block,block,16,3,stack_nonlinear,128,9401100,1584,48,76032,1,13872,13872,13872,13872,48,48,48
n16_block16_d3_stack_nonlinear_T128_s9401100,16,block,block,16,3,stack_nonlinear,128,9401100,1584,48,76032,2,39168,39168,39168,39168,48,48,48
n16_block16_d3_stack_nonlinear_T128_s9401100,16,block,block,16,3,stack_nonlinear,128,9401100,1584,48,76032,4,50688,50688,50688,50688,48,48,48
n16_block16_d3_stack_nonlinear_T128_s9401100,16,block,block,16,3,stack_nonlinear,128,9401100,1584,48,76032,8,50688,50688,50688,50688,48,48,48
n16_block16_d3_stack_nonlinear_T128_s9401100,16,block,block,16,3,stack_nonlinear,128,9401100,1584,48,76032,16,50688,50688,50688,50688,48,48,48
n16_block16_d3_stack_nonlinear_T128_s9401100,16,block,block,16,3,stack_nonlinear,128,9401100,1584,48,76032,32,50688,50688,50688,50688,48,48,48
n16_block16_d3_stack_nonlinear_T128_s9401100,16,block,block,16,3,stack_nonlinear,128,9401100,1584,48,76032,64,50688,50688,50688,50688,48,48,48
n16_block16_d3_stack_nonlinear_T128_s9401100,16,block,block,16,3,stack_nonlinear,128,9401100,1584,48,76032,128,50688,50688,50688,50688,48,48,48
n16_block16_d3_stack_nonlinear_T128_s9401101,16,block,block,16,3,stack_nonlinear,128,9401101,1584,48,76032,1,13872,13872,13872,13872,48,48,48
n16_block16_d3_stack_nonlinear_T128_s9401101,16,block,block,16,3,stack_nonlinear,128,9401101,1584,48,76032,2,39168,39168,39168,39168,48,48,48
n16_block16_d3_stack_nonlinear_T128_s9401101,16,block,block,16,3,stack_nonlinear,128,9401101,1584,48,76032,4,50688,50688,50688,50688,48,48,48
n16_block16_d3_stack_nonlinear_T128_s9401101,16,block,block,16,3,stack_nonlinear,128,9401101,1584,48,76032,8,50688,50688,50688,50688,48,48,48
n16_block16_d3_stack_nonlinear_T128_s9401101,16,block,block,16,3,stack_nonlinear,128,9401101,1584,48,76032,16,50688,50688,50688,50688,48,48,48
n16_block16_d3_stack_nonlinear_T128_s9401101,16,block,block,16,3,stack_nonlinear,128,9401101,1584,48,76032,32,50688,50688,50688,50688,48,48,48
n16_block16_d3_stack_nonlinear_T128_s9401101,16,block,block,16,3,stack_nonlinear,128,9401101,1584,48,76032,64,50688,50688,50688,50688,48,48,48
n16_block16_d3_stack_nonlinear_T128_s9401101,16,block,block,16,3,stack_nonlinear,128,9401101,1584,48,76032,128,50688,50688,50688,50688,48,48,48
n16_block16_d3_stack_nonlinear_T128_s9401102,16,block,block,16,3,stack_nonlinear,128,9401102,1584,48,76032,1,13872,13872,13872,13872,48,48,48
n16_block16_d3_stack_nonlinear_T128_s9401102,16,block,block,16,3,stack_nonlinear,128,9401102,1584,48,76032,2,39168,39168,39168,39168,48,48,48
n16_block16_d3_stack_nonlinear_T128_s9401102,16,block,block,16,3,stack_nonlinear,128,9401102,1584,48,76032,4,50688,50688,50688,50688,48,48,48
n16_block16_d3_stack_nonlinear_T128_s9401102,16,block,block,16,3,stack_nonlinear,128,9401102,1584,48,76032,8,50688,50688,50688,50688,48,48,48
n16_block16_d3_stack_nonlinear_T128_s9401102,16,block,block,16,3,stack_nonlinear,128,9401102,1584,48,76032,16,50688,50688,50688,50688,48,48,48
n16_block16_d3_stack_nonlinear_T128_s9401102,16,block,block,16,3,stack_nonlinear,128,9401102,1584,48,76032,32,50688,50688,50688,50688,48,48,48
n16_block16_d3_stack_nonlinear_T128_s9401102,16,block,block,16,3,stack_nonlinear,128,9401102,1584,48,76032,64,50688,50688,50688,50688,48,48,48
n16_block16_d3_stack_nonlinear_T128_s9401102,16,block,block,16,3,stack_nonlinear,128,9401102,1584,48,76032,128,50688,50688,50688,50688,48,48,48
n16_block16_d3_stack_nonlinear_T128_s9401103,16,block,block,16,3,stack_nonlinear,128,9401103,1584,48,76032,1,13872,13872,13872,13872,48,48,48
n16_block16_d3_stack_nonlinear_T128_s9401103,16,block,block,16,3,stack_nonlinear,128,9401103,1584,48,76032,2,39168,39168,39168,39168,48,48,48
n16_block16_d3_stack_nonlinear_T128_s9401103,16,block,block,16,3,stack_nonlinear,128,9401103,1584,48,76032,4,50688,50688,50688,50688,48,48,48
n16_block16_d3_stack_nonlinear_T128_s9401103,16,block,block,16,3,stack_nonlinear,128,9401103,1584,48,76032,8,50688,50688,50688,50688,48,48,48
n16_block16_d3_stack_nonlinear_T128_s9401103,16,block,block,16,3,stack_nonlinear,128,9401103,1584,48,76032,16,50688,50688,50688,50688,48,48,48
n16_block16_d3_stack_nonlinear_T128_s9401103,16,block,block,16,3,stack_nonlinear,128,9401103,1584,48,76032,32,50688,50688,50688,50688,48,48,48
n16_block16_d3_stack_nonlinear_T128_s9401103,16,block,block,16,3,stack_nonlinear,128,9401103,1584,48,76032,64,50688,50688,50688,50688,48,48,48
n16_block16_d3_stack_nonlinear_T128_s9401103,16,block,block,16,3,stack_nonlinear,128,9401103,1584,48,76032,128,50688,50688,50688,50688,48,48,48
n16_block16_d3_stack_nonlinear_T128_s9401104,16,block,block,16,3,stack_nonlinear,128,9401104,1584,48,76032,1,13872,13872,13872,13872,48,48,48
n16_block16_d3_stack_nonlinear_T128_s9401104,16,block,block,16,3,stack_nonlinear,128,9401104,1584,48,76032,2,39168,39168,39168,39168,48,48,48
n16_block16_d3_stack_nonlinear_T128_s9401104,16,block,block,16,3,stack_nonlinear,128,9401104,1584,48,76032,4,50688,50688,50688,50688,48,48,48
n16_block16_d3_stack_nonlinear_T128_s9401104,16,block,block,16,3,stack_nonlinear,128,9401104,1584,48,76032,8,50688,50688,50688,50688,48,48,48
n16_block16_d3_stack_nonlinear_T128_s9401104,16,block,block,16,3,stack_nonlinear,128,9401104,1584,48,76032,16,50688,50688,50688,50688,48,48,48
n16_block16_d3_stack_nonlinear_T128_s9401104,16,block,block,16,3,stack_nonlinear,128,9401104,1584,48,76032,32,50688,50688,50688,50688,48,48,48
n16_block16_d3_stack_nonlinear_T128_s9401104,16,block,block,16,3,stack_nonlinear,128,9401104,1584,48,76032,64,50688,50688,50688,50688,48,48,48
n16_block16_d3_stack_nonlinear_T128_s9401104,16,block,block,16,3,stack_nonlinear,128,9401104,1584,48,76032,128,50688,50688,50688,50688,48,48,48
n16_lowrank0_d1_stack_nonlinear_T32_s9401100,16,lowrank,lowrank,0,1,stack_nonlinear,32,9401100,288,16,4608,1,272,272,272,272,16,16,16
n16_lowrank0_d1_stack_nonlinear_T32_s9401100,16,lowrank,lowrank,0,1,stack_nonlinear,32,9401100,288,16,4608,2,288,288,288,288,16,16,16
n16_lowrank0_d1_stack_nonlinear_T32_s9401100,16,lowrank,lowrank,0,1,stack_nonlinear,32,9401100,288,16,4608,4,288,288,288,288,16,16,16
n16_lowrank0_d1_stack_nonlinear_T32_s9401100,16,lowrank,lowrank,0,1,stack_nonlinear,32,9401100,288,16,4608,8,288,288,288,288,16,16,16
n16_lowrank0_d1_stack_nonlinear_T32_s9401100,16,lowrank,lowrank,0,1,stack_nonlinear,32,9401100,288,16,4608,16,288,288,288,288,16,16,16
n16_lowrank0_d1_stack_nonlinear_T32_s9401100,16,lowrank,lowrank,0,1,stack_nonlinear,32,9401100,288,16,4608,32,288,288,288,288,16,16,16
n16_lowrank0_d1_stack_nonlinear_T32_s9401101,16,lowrank,lowrank,0,1,stack_nonlinear,32,9401101,288,16,4608,1,272,272,272,272,16,16,16
n16_lowrank0_d1_stack_nonlinear_T32_s9401101,16,lowrank,lowrank,0,1,stack_nonlinear,32,9401101,288,16,4608,2,288,288,288,288,16,16,16
n16_lowrank0_d1_stack_nonlinear_T32_s9401101,16,lowrank,lowrank,0,1,stack_nonlinear,32,9401101,288,16,4608,4,288,288,288,288,16,16,16
n16_lowrank0_d1_stack_nonlinear_T32_s9401101,16,lowrank,lowrank,0,1,stack_nonlinear,32,9401101,288,16,4608,8,288,288,288,288,16,16,16
n16_lowrank0_d1_stack_nonlinear_T32_s9401101,16,lowrank,lowrank,0,1,stack_nonlinear,32,9401101,288,16,4608,16,288,288,288,288,16,16,16
n16_lowrank0_d1_stack_nonlinear_T32_s9401101,16,lowrank,lowrank,0,1,stack_nonlinear,32,9401101,288,16,4608,32,288,288,288,288,16,16,16
n16_lowrank0_d1_stack_nonlinear_T32_s9401102,16,lowrank,lowrank,0,1,stack_nonlinear,32,9401102,288,16,4608,1,272,272,272,272,16,16,16
n16_lowrank0_d1_stack_nonlinear_T32_s9401102,16,lowrank,lowrank,0,1,stack_nonlinear,32,9401102,288,16,4608,2,288,288,288,288,16,16,16
n16_lowrank0_d1_stack_nonlinear_T32_s9401102,16,lowrank,lowrank,0,1,stack_nonlinear,32,9401102,288,16,4608,4,288,288,288,288,16,16,16
n16_lowrank0_d1_stack_nonlinear_T32_s9401102,16,lowrank,lowrank,0,1,stack_nonlinear,32,9401102,288,16,4608,8,288,288,288,288,16,16,16
n16_lowrank0_d1_stack_nonlinear_T32_s9401102,16,lowrank,lowrank,0,1,stack_nonlinear,32,9401102,288,16,4608,16,288,288,288,288,16,16,16
n16_lowrank0_d1_stack_nonlinear_T32_s9401102,16,lowrank,lowrank,0,1,stack_nonlinear,32,9401102,288,16,4608,32,288,288,288,288,16,16,16
n16_lowrank0_d1_stack_nonlinear_T32_s9401103,16,lowrank,lowrank,0,1,stack_nonlinear,32,9401103,288,16,4608,1,272,272,272,272,16,16,16
n16_lowrank0_d1_stack_nonlinear_T32_s9401103,16,lowrank,lowrank,0,1,stack_nonlinear,32,9401103,288,16,4608,2,288,288,288,288,16,16,16
n16_lowrank0_d1_stack_nonlinear_T32_s9401103,16,lowrank,lowrank,0,1,stack_nonlinear,32,9401103,288,16,4608,4,288,288,288,288,16,16,16
n16_lowrank0_d1_stack_nonlinear_T32_s9401103,16,lowrank,lowrank,0,1,stack_nonlinear,32,9401103,288,16,4608,8,288,288,288,288,16,16,16
n16_lowrank0_d1_stack_nonlinear_T32_s9401103,16,lowrank,lowrank,0,1,stack_nonlinear,32,9401103,288,16,4608,16,288,288,288,288,16,16,16
n16_lowrank0_d1_stack_nonlinear_T32_s9401103,16,lowrank,lowrank,0,1,stack_nonlinear,32,9401103,288,16,4608,32,288,288,288,288,16,16,16
n16_lowrank0_d1_stack_nonlinear_T32_s9401104,16,lowrank,lowrank,0,1,stack_nonlinear,32,9401104,288,16,4608,1,272,272,272,272,16,16,16
n16_lowrank0_d1_stack_nonlinear_T32_s9401104,16,lowrank,lowrank,0,1,stack_nonlinear,32,9401104,288,16,4608,2,288,288,288,288,16,16,16
n16_lowrank0_d1_stack_nonlinear_T32_s9401104,16,lowrank,lowrank,0,1,stack_nonlinear,32,9401104,288,16,4608,4,288,288,288,288,16,16,16
n16_lowrank0_d1_stack_nonlinear_T32_s9401104,16,lowrank,lowrank,0,1,stack_nonlinear,32,9401104,288,16,4608,8,288,288,288,288,16,16,16
n16_lowrank0_d1_stack_nonlinear_T32_s9401104,16,lowrank,lowrank,0,1,stack_nonlinear,32,9401104,288,16,4608,16,288,288,288,288,16,16,16
n16_lowrank0_d1_stack_nonlinear_T32_s9401104,16,lowrank,lowrank,0,1,stack_nonlinear,32,9401104,288,16,4608,32,288,288,288,288,16,16,16
n16_lowrank0_d1_stack_nonlinear_T128_s9401100,16,lowrank,lowrank,0,1,stack_nonlinear,128,9401100,288,16,4608,1,272,272,272,272,16,16,16
n16_lowrank0_d1_stack_nonlinear_T128_s9401100,16,lowrank,lowrank,0,1,stack_nonlinear,128,9401100,288,16,4608,2,288,288,288,288,16,16,16
n16_lowrank0_d1_stack_nonlinear_T128_s9401100,16,lowrank,lowrank,0,1,stack_nonlinear,128,9401100,288,16,4608,4,288,288,288,288,16,16,16
n16_lowrank0_d1_stack_nonlinear_T128_s9401100,16,lowrank,lowrank,0,1,stack_nonlinear,128,9401100,288,16,4608,8,288,288,288,288,16,16,16
n16_lowrank0_d1_stack_nonlinear_T128_s9401100,16,lowrank,lowrank,0,1,stack_nonlinear,128,9401100,288,16,4608,16,288,288,288,288,16,16,16
n16_lowrank0_d1_stack_nonlinear_T128_s9401100,16,lowrank,lowrank,0,1,stack_nonlinear,128,9401100,288,16,4608,32,288,288,288,288,16,16,16
n16_lowrank0_d1_stack_nonlinear_T128_s9401100,16,lowrank,lowrank,0,1,stack_nonlinear,128,9401100,288,16,4608,64,288,288,288,288,16,16,16
n16_lowrank0_d1_stack_nonlinear_T128_s9401100,16,lowrank,lowrank,0,1,stack_nonlinear,128,9401100,288,16,4608,128,288,288,288,288,16,16,16
n16_lowrank0_d1_stack_nonlinear_T128_s9401101,16,lowrank,lowrank,0,1,stack_nonlinear,128,9401101,288,16,4608,1,272,272,272,272,16,16,16
n16_lowrank0_d1_stack_nonlinear_T128_s9401101,16,lowrank,lowrank,0,1,stack_nonlinear,128,9401101,288,16,4608,2,288,288,288,288,16,16,16
n16_lowrank0_d1_stack_nonlinear_T128_s9401101,16,lowrank,lowrank,0,1,stack_nonlinear,128,9401101,288,16,4608,4,288,288,288,288,16,16,16
n16_lowrank0_d1_stack_nonlinear_T128_s9401101,16,lowrank,lowrank,0,1,stack_nonlinear,128,9401101,288,16,4608,8,288,288,288,288,16,16,16
n16_lowrank0_d1_stack_nonlinear_T128_s9401101,16,lowrank,lowrank,0,1,stack_nonlinear,128,9401101,288,16,4608,16,288,288,288,288,16,16,16
n16_lowrank0_d1_stack_nonlinear_T128_s9401101,16,lowrank,lowrank,0,1,stack_nonlinear,128,9401101,288,16,4608,32,288,288,288,288,16,16,16
n16_lowrank0_d1_stack_nonlinear_T128_s9401101,16,lowrank,lowrank,0,1,stack_nonlinear,128,9401101,288,16,4608,64,288,288,288,288,16,16,16
n16_lowrank0_d1_stack_nonlinear_T128_s9401101,16,lowrank,lowrank,0,1,stack_nonlinear,128,9401101,288,16,4608,128,288,288,288,288,16,16,16
n16_lowrank0_d1_stack_nonlinear_T128_s9401102,16,lowrank,lowrank,0,1,stack_nonlinear,128,9401102,288,16,4608,1,272,272,272,272,16,16,16
n16_lowrank0_d1_stack_nonlinear_T128_s9401102,16,lowrank,lowrank,0,1,stack_nonlinear,128,9401102,288,16,4608,2,288,288,288,288,16,16,16
n16_lowrank0_d1_stack_nonlinear_T128_s9401102,16,lowrank,lowrank,0,1,stack_nonlinear,128,9401102,288,16,4608,4,288,288,288,288,16,16,16
n16_lowrank0_d1_stack_nonlinear_T128_s9401102,16,lowrank,lowrank,0,1,stack_nonlinear,128,9401102,288,16,4608,8,288,288,288,288,16,16,16
n16_lowrank0_d1_stack_nonlinear_T128_s9401102,16,lowrank,lowrank,0,1,stack_nonlinear,128,9401102,288,16,4608,16,288,288,288,288,16,16,16
n16_lowrank0_d1_stack_nonlinear_T128_s9401102,16,lowrank,lowrank,0,1,stack_nonlinear,128,9401102,288,16,4608,32,288,288,288,288,16,16,16
n16_lowrank0_d1_stack_nonlinear_T128_s9401102,16,lowrank,lowrank,0,1,stack_nonlinear,128,9401102,288,16,4608,64,288,288,288,288,16,16,16
n16_lowrank0_d1_stack_nonlinear_T128_s9401102,16,lowrank,lowrank,0,1,stack_nonlinear,128,9401102,288,16,4608,128,288,288,288,288,16,16,16
n16_lowrank0_d1_stack_nonlinear_T128_s9401103,16,lowrank,lowrank,0,1,stack_nonlinear,128,9401103,288,16,4608,1,272,272,272,272,16,16,16
n16_lowrank0_d1_stack_nonlinear_T128_s9401103,16,lowrank,lowrank,0,1,stack_nonlinear,128,9401103,288,16,4608,2,288,288,288,288,16,16,16
n16_lowrank0_d1_stack_nonlinear_T128_s9401103,16,lowrank,lowrank,0,1,stack_nonlinear,128,9401103,288,16,4608,4,288,288,288,288,16,16,16
n16_lowrank0_d1_stack_nonlinear_T128_s9401103,16,lowrank,lowrank,0,1,stack_nonlinear,128,9401103,288,16,4608,8,288,288,288,288,16,16,16
n16_lowrank0_d1_stack_nonlinear_T128_s9401103,16,lowrank,lowrank,0,1,stack_nonlinear,128,9401103,288,16,4608,16,288,288,288,288,16,16,16
n16_lowrank0_d1_stack_nonlinear_T128_s9401103,16,lowrank,lowrank,0,1,stack_nonlinear,128,9401103,288,16,4608,32,288,288,288,288,16,16,16
n16_lowrank0_d1_stack_nonlinear_T128_s9401103,16,lowrank,lowrank,0,1,stack_nonlinear,128,9401103,288,16,4608,64,288,288,288,288,16,16,16
n16_lowrank0_d1_stack_nonlinear_T128_s9401103,16,lowrank,lowrank,0,1,stack_nonlinear,128,9401103,288,16,4608,128,288,288,288,288,16,16,16
n16_lowrank0_d1_stack_nonlinear_T128_s9401104,16,lowrank,lowrank,0,1,stack_nonlinear,128,9401104,288,16,4608,1,272,272,272,272,16,16,16
n16_lowrank0_d1_stack_nonlinear_T128_s9401104,16,lowrank,lowrank,0,1,stack_nonlinear,128,9401104,288,16,4608,2,288,288,288,288,16,16,16
n16_lowrank0_d1_stack_nonlinear_T128_s9401104,16,lowrank,lowrank,0,1,stack_nonlinear,128,9401104,288,16,4608,4,288,288,288,288,16,16,16
n16_lowrank0_d1_stack_nonlinear_T128_s9401104,16,lowrank,lowrank,0,1,stack_nonlinear,128,9401104,288,16,4608,8,288,288,288,288,16,16,16
n16_lowrank0_d1_stack_nonlinear_T128_s9401104,16,lowrank,lowrank,0,1,stack_nonlinear,128,9401104,288,16,4608,16,288,288,288,288,16,16,16
n16_lowrank0_d1_stack_nonlinear_T128_s9401104,16,lowrank,lowrank,0,1,stack_nonlinear,128,9401104,288,16,4608,32,288,288,288,288,16,16,16
n16_lowrank0_d1_stack_nonlinear_T128_s9401104,16,lowrank,lowrank,0,1,stack_nonlinear,128,9401104,288,16,4608,64,288,288,288,288,16,16,16
n16_lowrank0_d1_stack_nonlinear_T128_s9401104,16,lowrank,lowrank,0,1,stack_nonlinear,128,9401104,288,16,4608,128,288,288,288,288,16,16,16
n16_lowrank0_d3_stack_nonlinear_T32_s9401100,16,lowrank,lowrank,0,3,stack_nonlinear,32,9401100,864,48,41472,1,13872,13872,13872,13872,48,48,48
n16_lowrank0_d3_stack_nonlinear_T32_s9401100,16,lowrank,lowrank,0,3,stack_nonlinear,32,9401100,864,48,41472,2,14688,14688,14688,14688,48,48,48
n16_lowrank0_d3_stack_nonlinear_T32_s9401100,16,lowrank,lowrank,0,3,stack_nonlinear,32,9401100,864,48,41472,4,14688,14688,14688,14688,48,48,48
n16_lowrank0_d3_stack_nonlinear_T32_s9401100,16,lowrank,lowrank,0,3,stack_nonlinear,32,9401100,864,48,41472,8,14688,14688,14688,14688,48,48,48
n16_lowrank0_d3_stack_nonlinear_T32_s9401100,16,lowrank,lowrank,0,3,stack_nonlinear,32,9401100,864,48,41472,16,14688,14688,14688,14688,48,48,48
n16_lowrank0_d3_stack_nonlinear_T32_s9401100,16,lowrank,lowrank,0,3,stack_nonlinear,32,9401100,864,48,41472,32,14688,14688,14688,14688,48,48,48
n16_lowrank0_d3_stack_nonlinear_T32_s9401101,16,lowrank,lowrank,0,3,stack_nonlinear,32,9401101,864,48,41472,1,13872,13872,13872,13872,48,48,48
n16_lowrank0_d3_stack_nonlinear_T32_s9401101,16,lowrank,lowrank,0,3,stack_nonlinear,32,9401101,864,48,41472,2,14688,14688,14688,14688,48,48,48
n16_lowrank0_d3_stack_nonlinear_T32_s9401101,16,lowrank,lowrank,0,3,stack_nonlinear,32,9401101,864,48,41472,4,14688,14688,14688,14688,48,48,48
n16_lowrank0_d3_stack_nonlinear_T32_s9401101,16,lowrank,lowrank,0,3,stack_nonlinear,32,9401101,864,48,41472,8,14688,14688,14688,14688,48,48,48
n16_lowrank0_d3_stack_nonlinear_T32_s9401101,16,lowrank,lowrank,0,3,stack_nonlinear,32,9401101,864,48,41472,16,14688,14688,14688,14688,48,48,48
n16_lowrank0_d3_stack_nonlinear_T32_s9401101,16,lowrank,lowrank,0,3,stack_nonlinear,32,9401101,864,48,41472,32,14688,14688,14688,14688,48,48,48
n16_lowrank0_d3_stack_nonlinear_T32_s9401102,16,lowrank,lowrank,0,3,stack_nonlinear,32,9401102,864,48,41472,1,13872,13872,13872,13872,48,48,48
n16_lowrank0_d3_stack_nonlinear_T32_s9401102,16,lowrank,lowrank,0,3,stack_nonlinear,32,9401102,864,48,41472,2,14688,14688,14688,14688,48,48,48
n16_lowrank0_d3_stack_nonlinear_T32_s9401102,16,lowrank,lowrank,0,3,stack_nonlinear,32,9401102,864,48,41472,4,14688,14688,14688,14688,48,48,48
n16_lowrank0_d3_stack_nonlinear_T32_s9401102,16,lowrank,lowrank,0,3,stack_nonlinear,32,9401102,864,48,41472,8,14688,14688,14688,14688,48,48,48
n16_lowrank0_d3_stack_nonlinear_T32_s9401102,16,lowrank,lowrank,0,3,stack_nonlinear,32,9401102,864,48,41472,16,14688,14688,14688,14688,48,48,48
n16_lowrank0_d3_stack_nonlinear_T32_s9401102,16,lowrank,lowrank,0,3,stack_nonlinear,32,9401102,864,48,41472,32,14688,14688,14688,14688,48,48,48
n16_lowrank0_d3_stack_nonlinear_T32_s9401103,16,lowrank,lowrank,0,3,stack_nonlinear,32,9401103,864,48,41472,1,13872,13872,13872,13872,48,48,48
n16_lowrank0_d3_stack_nonlinear_T32_s9401103,16,lowrank,lowrank,0,3,stack_nonlinear,32,9401103,864,48,41472,2,14688,14688,14688,14688,48,48,48
n16_lowrank0_d3_stack_nonlinear_T32_s9401103,16,lowrank,lowrank,0,3,stack_nonlinear,32,9401103,864,48,41472,4,14688,14688,14688,14688,48,48,48
n16_lowrank0_d3_stack_nonlinear_T32_s9401103,16,lowrank,lowrank,0,3,stack_nonlinear,32,9401103,864,48,41472,8,14688,14688,14688,14688,48,48,48
n16_lowrank0_d3_stack_nonlinear_T32_s9401103,16,lowrank,lowrank,0,3,stack_nonlinear,32,9401103,864,48,41472,16,14688,14688,14688,14688,48,48,48
n16_lowrank0_d3_stack_nonlinear_T32_s9401103,16,lowrank,lowrank,0,3,stack_nonlinear,32,9401103,864,48,41472,32,14688,14688,14688,14688,48,48,48
n16_lowrank0_d3_stack_nonlinear_T32_s9401104,16,lowrank,lowrank,0,3,stack_nonlinear,32,9401104,864,48,41472,1,13872,13872,13872,13872,48,48,48
n16_lowrank0_d3_stack_nonlinear_T32_s9401104,16,lowrank,lowrank,0,3,stack_nonlinear,32,9401104,864,48,41472,2,14688,14688,14688,14688,48,48,48
n16_lowrank0_d3_stack_nonlinear_T32_s9401104,16,lowrank,lowrank,0,3,stack_nonlinear,32,9401104,864,48,41472,4,14688,14688,14688,14688,48,48,48
n16_lowrank0_d3_stack_nonlinear_T32_s9401104,16,lowrank,lowrank,0,3,stack_nonlinear,32,9401104,864,48,41472,8,14688,14688,14688,14688,48,48,48
n16_lowrank0_d3_stack_nonlinear_T32_s9401104,16,lowrank,lowrank,0,3,stack_nonlinear,32,9401104,864,48,41472,16,14688,14688,14688,14688,48,48,48
n16_lowrank0_d3_stack_nonlinear_T32_s9401104,16,lowrank,lowrank,0,3,stack_nonlinear,32,9401104,864,48,41472,32,14688,14688,14688,14688,48,48,48
n16_lowrank0_d3_stack_nonlinear_T128_s9401100,16,lowrank,lowrank,0,3,stack_nonlinear,128,9401100,864,48,41472,1,13872,13872,13872,13872,48,48,48
n16_lowrank0_d3_stack_nonlinear_T128_s9401100,16,lowrank,lowrank,0,3,stack_nonlinear,128,9401100,864,48,41472,2,14688,14688,14688,14688,48,48,48
n16_lowrank0_d3_stack_nonlinear_T128_s9401100,16,lowrank,lowrank,0,3,stack_nonlinear,128,9401100,864,48,41472,4,14688,14688,14688,14688,48,48,48
n16_lowrank0_d3_stack_nonlinear_T128_s9401100,16,lowrank,lowrank,0,3,stack_nonlinear,128,9401100,864,48,41472,8,14688,14688,14688,14688,48,48,48
n16_lowrank0_d3_stack_nonlinear_T128_s9401100,16,lowrank,lowrank,0,3,stack_nonlinear,128,9401100,864,48,41472,16,14688,14688,14688,14688,48,48,48
n16_lowrank0_d3_stack_nonlinear_T128_s9401100,16,lowrank,lowrank,0,3,stack_nonlinear,128,9401100,864,48,41472,32,14688,14688,14688,14688,48,48,48
n16_lowrank0_d3_stack_nonlinear_T128_s9401100,16,lowrank,lowrank,0,3,stack_nonlinear,128,9401100,864,48,41472,64,14688,14688,14688,14688,48,48,48
n16_lowrank0_d3_stack_nonlinear_T128_s9401100,16,lowrank,lowrank,0,3,stack_nonlinear,128,9401100,864,48,41472,128,14688,14688,14688,14688,48,48,48
n16_lowrank0_d3_stack_nonlinear_T128_s9401101,16,lowrank,lowrank,0,3,stack_nonlinear,128,9401101,864,48,41472,1,13872,13872,13872,13872,48,48,48
n16_lowrank0_d3_stack_nonlinear_T128_s9401101,16,lowrank,lowrank,0,3,stack_nonlinear,128,9401101,864,48,41472,2,14688,14688,14688,14688,48,48,48
n16_lowrank0_d3_stack_nonlinear_T128_s9401101,16,lowrank,lowrank,0,3,stack_nonlinear,128,9401101,864,48,41472,4,14688,14688,14688,14688,48,48,48
n16_lowrank0_d3_stack_nonlinear_T128_s9401101,16,lowrank,lowrank,0,3,stack_nonlinear,128,9401101,864,48,41472,8,14688,14688,14688,14688,48,48,48
n16_lowrank0_d3_stack_nonlinear_T128_s9401101,16,lowrank,lowrank,0,3,stack_nonlinear,128,9401101,864,48,41472,16,14688,14688,14688,14688,48,48,48
n16_lowrank0_d3_stack_nonlinear_T128_s9401101,16,lowrank,lowrank,0,3,stack_nonlinear,128,9401101,864,48,41472,32,14688,14688,14688,14688,48,48,48
n16_lowrank0_d3_stack_nonlinear_T128_s9401101,16,lowrank,lowrank,0,3,stack_nonlinear,128,9401101,864,48,41472,64,14688,14688,14688,14688,48,48,48
n16_lowrank0_d3_stack_nonlinear_T128_s9401101,16,lowrank,lowrank,0,3,stack_nonlinear,128,9401101,864,48,41472,128,14688,14688,14688,14688,48,48,48
n16_lowrank0_d3_stack_nonlinear_T128_s9401102,16,lowrank,lowrank,0,3,stack_nonlinear,128,9401102,864,48,41472,1,13872,13872,13872,13872,48,48,48
n16_lowrank0_d3_stack_nonlinear_T128_s9401102,16,lowrank,lowrank,0,3,stack_nonlinear,128,9401102,864,48,41472,2,14688,14688,14688,14688,48,48,48
n16_lowrank0_d3_stack_nonlinear_T128_s9401102,16,lowrank,lowrank,0,3,stack_nonlinear,128,9401102,864,48,41472,4,14688,14688,14688,14688,48,48,48
n16_lowrank0_d3_stack_nonlinear_T128_s9401102,16,lowrank,lowrank,0,3,stack_nonlinear,128,9401102,864,48,41472,8,14688,14688,14688,14688,48,48,48
n16_lowrank0_d3_stack_nonlinear_T128_s9401102,16,lowrank,lowrank,0,3,stack_nonlinear,128,9401102,864,48,41472,16,14688,14688,14688,14688,48,48,48
n16_lowrank0_d3_stack_nonlinear_T128_s9401102,16,lowrank,lowrank,0,3,stack_nonlinear,128,9401102,864,48,41472,32,14688,14688,14688,14688,48,48,48
n16_lowrank0_d3_stack_nonlinear_T128_s9401102,16,lowrank,lowrank,0,3,stack_nonlinear,128,9401102,864,48,41472,64,14688,14688,14688,14688,48,48,48
n16_lowrank0_d3_stack_nonlinear_T128_s9401102,16,lowrank,lowrank,0,3,stack_nonlinear,128,9401102,864,48,41472,128,14688,14688,14688,14688,48,48,48
n16_lowrank0_d3_stack_nonlinear_T128_s9401103,16,lowrank,lowrank,0,3,stack_nonlinear,128,9401103,864,48,41472,1,13872,13872,13872,13872,48,48,48
n16_lowrank0_d3_stack_nonlinear_T128_s9401103,16,lowrank,lowrank,0,3,stack_nonlinear,128,9401103,864,48,41472,2,14688,14688,14688,14688,48,48,48
n16_lowrank0_d3_stack_nonlinear_T128_s9401103,16,lowrank,lowrank,0,3,stack_nonlinear,128,9401103,864,48,41472,4,14688,14688,14688,14688,48,48,48
n16_lowrank0_d3_stack_nonlinear_T128_s9401103,16,lowrank,lowrank,0,3,stack_nonlinear,128,9401103,864,48,41472,8,14688,14688,14688,14688,48,48,48
n16_lowrank0_d3_stack_nonlinear_T128_s9401103,16,lowrank,lowrank,0,3,stack_nonlinear,128,9401103,864,48,41472,16,14688,14688,14688,14688,48,48,48
n16_lowrank0_d3_stack_nonlinear_T128_s9401103,16,lowrank,lowrank,0,3,stack_nonlinear,128,9401103,864,48,41472,32,14688,14688,14688,14688,48,48,48
n16_lowrank0_d3_stack_nonlinear_T128_s9401103,16,lowrank,lowrank,0,3,stack_nonlinear,128,9401103,864,48,41472,64,14688,14688,14688,14688,48,48,48
n16_lowrank0_d3_stack_nonlinear_T128_s9401103,16,lowrank,lowrank,0,3,stack_nonlinear,128,9401103,864,48,41472,128,14688,14688,14688,14688,48,48,48
n16_lowrank0_d3_stack_nonlinear_T128_s9401104,16,lowrank,lowrank,0,3,stack_nonlinear,128,9401104,864,48,41472,1,13872,13872,13872,13872,48,48,48
n16_lowrank0_d3_stack_nonlinear_T128_s9401104,16,lowrank,lowrank,0,3,stack_nonlinear,128,9401104,864,48,41472,2,14688,14688,14688,14688,48,48,48
n16_lowrank0_d3_stack_nonlinear_T128_s9401104,16,lowrank,lowrank,0,3,stack_nonlinear,128,9401104,864,48,41472,4,14688,14688,14688,14688,48,48,48
n16_lowrank0_d3_stack_nonlinear_T128_s9401104,16,lowrank,lowrank,0,3,stack_nonlinear,128,9401104,864,48,41472,8,14688,14688,14688,14688,48,48,48
n16_lowrank0_d3_stack_nonlinear_T128_s9401104,16,lowrank,lowrank,0,3,stack_nonlinear,128,9401104,864,48,41472,16,14688,14688,14688,14688,48,48,48
n16_lowrank0_d3_stack_nonlinear_T128_s9401104,16,lowrank,lowrank,0,3,stack_nonlinear,128,9401104,864,48,41472,32,14688,14688,14688,14688,48,48,48
n16_lowrank0_d3_stack_nonlinear_T128_s9401104,16,lowrank,lowrank,0,3,stack_nonlinear,128,9401104,864,48,41472,64,14688,14688,14688,14688,48,48,48
n16_lowrank0_d3_stack_nonlinear_T128_s9401104,16,lowrank,lowrank,0,3,stack_nonlinear,128,9401104,864,48,41472,128,14688,14688,14688,14688,48,48,48
n16_lowrank1_d1_stack_nonlinear_T32_s9401100,16,lowrank,lowrank,1,1,stack_nonlinear,32,9401100,320,16,5120,1,272,272,272,272,16,16,16
n16_lowrank1_d1_stack_nonlinear_T32_s9401100,16,lowrank,lowrank,1,1,stack_nonlinear,32,9401100,320,16,5120,2,4640,4640,4640,4640,16,16,16
n16_lowrank1_d1_stack_nonlinear_T32_s9401100,16,lowrank,lowrank,1,1,stack_nonlinear,32,9401100,320,16,5120,4,5120,5120,5120,5120,16,16,16
n16_lowrank1_d1_stack_nonlinear_T32_s9401100,16,lowrank,lowrank,1,1,stack_nonlinear,32,9401100,320,16,5120,8,5120,5120,5120,5120,16,16,16
n16_lowrank1_d1_stack_nonlinear_T32_s9401100,16,lowrank,lowrank,1,1,stack_nonlinear,32,9401100,320,16,5120,16,5120,5120,5120,5120,16,16,16
n16_lowrank1_d1_stack_nonlinear_T32_s9401100,16,lowrank,lowrank,1,1,stack_nonlinear,32,9401100,320,16,5120,32,5120,5120,5120,5120,16,16,16
n16_lowrank1_d1_stack_nonlinear_T32_s9401101,16,lowrank,lowrank,1,1,stack_nonlinear,32,9401101,320,16,5120,1,272,272,272,272,16,16,16
n16_lowrank1_d1_stack_nonlinear_T32_s9401101,16,lowrank,lowrank,1,1,stack_nonlinear,32,9401101,320,16,5120,2,4640,4640,4640,4640,16,16,16
n16_lowrank1_d1_stack_nonlinear_T32_s9401101,16,lowrank,lowrank,1,1,stack_nonlinear,32,9401101,320,16,5120,4,5120,5120,5120,5120,16,16,16
n16_lowrank1_d1_stack_nonlinear_T32_s9401101,16,lowrank,lowrank,1,1,stack_nonlinear,32,9401101,320,16,5120,8,5120,5120,5120,5120,16,16,16
n16_lowrank1_d1_stack_nonlinear_T32_s9401101,16,lowrank,lowrank,1,1,stack_nonlinear,32,9401101,320,16,5120,16,5120,5120,5120,5120,16,16,16
n16_lowrank1_d1_stack_nonlinear_T32_s9401101,16,lowrank,lowrank,1,1,stack_nonlinear,32,9401101,320,16,5120,32,5120,5120,5120,5120,16,16,16
n16_lowrank1_d1_stack_nonlinear_T32_s9401102,16,lowrank,lowrank,1,1,stack_nonlinear,32,9401102,320,16,5120,1,272,272,272,272,16,16,16
n16_lowrank1_d1_stack_nonlinear_T32_s9401102,16,lowrank,lowrank,1,1,stack_nonlinear,32,9401102,320,16,5120,2,4640,4640,4640,4640,16,16,16
n16_lowrank1_d1_stack_nonlinear_T32_s9401102,16,lowrank,lowrank,1,1,stack_nonlinear,32,9401102,320,16,5120,4,5120,5120,5120,5120,16,16,16
n16_lowrank1_d1_stack_nonlinear_T32_s9401102,16,lowrank,lowrank,1,1,stack_nonlinear,32,9401102,320,16,5120,8,5120,5120,5120,5120,16,16,16
n16_lowrank1_d1_stack_nonlinear_T32_s9401102,16,lowrank,lowrank,1,1,stack_nonlinear,32,9401102,320,16,5120,16,5120,5120,5120,5120,16,16,16
n16_lowrank1_d1_stack_nonlinear_T32_s9401102,16,lowrank,lowrank,1,1,stack_nonlinear,32,9401102,320,16,5120,32,5120,5120,5120,5120,16,16,16
n16_lowrank1_d1_stack_nonlinear_T32_s9401103,16,lowrank,lowrank,1,1,stack_nonlinear,32,9401103,320,16,5120,1,272,272,272,272,16,16,16
n16_lowrank1_d1_stack_nonlinear_T32_s9401103,16,lowrank,lowrank,1,1,stack_nonlinear,32,9401103,320,16,5120,2,4640,4640,4640,4640,16,16,16
n16_lowrank1_d1_stack_nonlinear_T32_s9401103,16,lowrank,lowrank,1,1,stack_nonlinear,32,9401103,320,16,5120,4,5120,5120,5120,5120,16,16,16
n16_lowrank1_d1_stack_nonlinear_T32_s9401103,16,lowrank,lowrank,1,1,stack_nonlinear,32,9401103,320,16,5120,8,5120,5120,5120,5120,16,16,16
n16_lowrank1_d1_stack_nonlinear_T32_s9401103,16,lowrank,lowrank,1,1,stack_nonlinear,32,9401103,320,16,5120,16,5120,5120,5120,5120,16,16,16
n16_lowrank1_d1_stack_nonlinear_T32_s9401103,16,lowrank,lowrank,1,1,stack_nonlinear,32,9401103,320,16,5120,32,5120,5120,5120,5120,16,16,16
n16_lowrank1_d1_stack_nonlinear_T32_s9401104,16,lowrank,lowrank,1,1,stack_nonlinear,32,9401104,320,16,5120,1,272,272,272,272,16,16,16
n16_lowrank1_d1_stack_nonlinear_T32_s9401104,16,lowrank,lowrank,1,1,stack_nonlinear,32,9401104,320,16,5120,2,4640,4640,4640,4640,16,16,16
n16_lowrank1_d1_stack_nonlinear_T32_s9401104,16,lowrank,lowrank,1,1,stack_nonlinear,32,9401104,320,16,5120,4,5120,5120,5120,5120,16,16,16
n16_lowrank1_d1_stack_nonlinear_T32_s9401104,16,lowrank,lowrank,1,1,stack_nonlinear,32,9401104,320,16,5120,8,5120,5120,5120,5120,16,16,16
n16_lowrank1_d1_stack_nonlinear_T32_s9401104,16,lowrank,lowrank,1,1,stack_nonlinear,32,9401104,320,16,5120,16,5120,5120,5120,5120,16,16,16
n16_lowrank1_d1_stack_nonlinear_T32_s9401104,16,lowrank,lowrank,1,1,stack_nonlinear,32,9401104,320,16,5120,32,5120,5120,5120,5120,16,16,16
n16_lowrank1_d1_stack_nonlinear_T128_s9401100,16,lowrank,lowrank,1,1,stack_nonlinear,128,9401100,320,16,5120,1,272,272,272,272,16,16,16
n16_lowrank1_d1_stack_nonlinear_T128_s9401100,16,lowrank,lowrank,1,1,stack_nonlinear,128,9401100,320,16,5120,2,4640,4640,4640,4640,16,16,16
n16_lowrank1_d1_stack_nonlinear_T128_s9401100,16,lowrank,lowrank,1,1,stack_nonlinear,128,9401100,320,16,5120,4,5120,5120,5120,5120,16,16,16
n16_lowrank1_d1_stack_nonlinear_T128_s9401100,16,lowrank,lowrank,1,1,stack_nonlinear,128,9401100,320,16,5120,8,5120,5120,5120,5120,16,16,16
n16_lowrank1_d1_stack_nonlinear_T128_s9401100,16,lowrank,lowrank,1,1,stack_nonlinear,128,9401100,320,16,5120,16,5120,5120,5120,5120,16,16,16
n16_lowrank1_d1_stack_nonlinear_T128_s9401100,16,lowrank,lowrank,1,1,stack_nonlinear,128,9401100,320,16,5120,32,5120,5120,5120,5120,16,16,16
n16_lowrank1_d1_stack_nonlinear_T128_s9401100,16,lowrank,lowrank,1,1,stack_nonlinear,128,9401100,320,16,5120,64,5120,5120,5120,5120,16,16,16
n16_lowrank1_d1_stack_nonlinear_T128_s9401100,16,lowrank,lowrank,1,1,stack_nonlinear,128,9401100,320,16,5120,128,5120,5120,5120,5120,16,16,16
n16_lowrank1_d1_stack_nonlinear_T128_s9401101,16,lowrank,lowrank,1,1,stack_nonlinear,128,9401101,320,16,5120,1,272,272,272,272,16,16,16
n16_lowrank1_d1_stack_nonlinear_T128_s9401101,16,lowrank,lowrank,1,1,stack_nonlinear,128,9401101,320,16,5120,2,4640,4640,4640,4640,16,16,16
n16_lowrank1_d1_stack_nonlinear_T128_s9401101,16,lowrank,lowrank,1,1,stack_nonlinear,128,9401101,320,16,5120,4,5120,5120,5120,5120,16,16,16
n16_lowrank1_d1_stack_nonlinear_T128_s9401101,16,lowrank,lowrank,1,1,stack_nonlinear,128,9401101,320,16,5120,8,5120,5120,5120,5120,16,16,16
n16_lowrank1_d1_stack_nonlinear_T128_s9401101,16,lowrank,lowrank,1,1,stack_nonlinear,128,9401101,320,16,5120,16,5120,5120,5120,5120,16,16,16
n16_lowrank1_d1_stack_nonlinear_T128_s9401101,16,lowrank,lowrank,1,1,stack_nonlinear,128,9401101,320,16,5120,32,5120,5120,5120,5120,16,16,16
n16_lowrank1_d1_stack_nonlinear_T128_s9401101,16,lowrank,lowrank,1,1,stack_nonlinear,128,9401101,320,16,5120,64,5120,5120,5120,5120,16,16,16
n16_lowrank1_d1_stack_nonlinear_T128_s9401101,16,lowrank,lowrank,1,1,stack_nonlinear,128,9401101,320,16,5120,128,5120,5120,5120,5120,16,16,16
n16_lowrank1_d1_stack_nonlinear_T128_s9401102,16,lowrank,lowrank,1,1,stack_nonlinear,128,9401102,320,16,5120,1,272,272,272,272,16,16,16
n16_lowrank1_d1_stack_nonlinear_T128_s9401102,16,lowrank,lowrank,1,1,stack_nonlinear,128,9401102,320,16,5120,2,4640,4640,4640,4640,16,16,16
n16_lowrank1_d1_stack_nonlinear_T128_s9401102,16,lowrank,lowrank,1,1,stack_nonlinear,128,9401102,320,16,5120,4,5120,5120,5120,5120,16,16,16
n16_lowrank1_d1_stack_nonlinear_T128_s9401102,16,lowrank,lowrank,1,1,stack_nonlinear,128,9401102,320,16,5120,8,5120,5120,5120,5120,16,16,16
n16_lowrank1_d1_stack_nonlinear_T128_s9401102,16,lowrank,lowrank,1,1,stack_nonlinear,128,9401102,320,16,5120,16,5120,5120,5120,5120,16,16,16
n16_lowrank1_d1_stack_nonlinear_T128_s9401102,16,lowrank,lowrank,1,1,stack_nonlinear,128,9401102,320,16,5120,32,5120,5120,5120,5120,16,16,16
n16_lowrank1_d1_stack_nonlinear_T128_s9401102,16,lowrank,lowrank,1,1,stack_nonlinear,128,9401102,320,16,5120,64,5120,5120,5120,5120,16,16,16
n16_lowrank1_d1_stack_nonlinear_T128_s9401102,16,lowrank,lowrank,1,1,stack_nonlinear,128,9401102,320,16,5120,128,5120,5120,5120,5120,16,16,16
n16_lowrank1_d1_stack_nonlinear_T128_s9401103,16,lowrank,lowrank,1,1,stack_nonlinear,128,9401103,320,16,5120,1,272,272,272,272,16,16,16
n16_lowrank1_d1_stack_nonlinear_T128_s9401103,16,lowrank,lowrank,1,1,stack_nonlinear,128,9401103,320,16,5120,2,4640,4640,4640,4640,16,16,16
n16_lowrank1_d1_stack_nonlinear_T128_s9401103,16,lowrank,lowrank,1,1,stack_nonlinear,128,9401103,320,16,5120,4,5120,5120,5120,5120,16,16,16
n16_lowrank1_d1_stack_nonlinear_T128_s9401103,16,lowrank,lowrank,1,1,stack_nonlinear,128,9401103,320,16,5120,8,5120,5120,5120,5120,16,16,16
n16_lowrank1_d1_stack_nonlinear_T128_s9401103,16,lowrank,lowrank,1,1,stack_nonlinear,128,9401103,320,16,5120,16,5120,5120,5120,5120,16,16,16
n16_lowrank1_d1_stack_nonlinear_T128_s9401103,16,lowrank,lowrank,1,1,stack_nonlinear,128,9401103,320,16,5120,32,5120,5120,5120,5120,16,16,16
n16_lowrank1_d1_stack_nonlinear_T128_s9401103,16,lowrank,lowrank,1,1,stack_nonlinear,128,9401103,320,16,5120,64,5120,5120,5120,5120,16,16,16
n16_lowrank1_d1_stack_nonlinear_T128_s9401103,16,lowrank,lowrank,1,1,stack_nonlinear,128,9401103,320,16,5120,128,5120,5120,5120,5120,16,16,16
n16_lowrank1_d1_stack_nonlinear_T128_s9401104,16,lowrank,lowrank,1,1,stack_nonlinear,128,9401104,320,16,5120,1,272,272,272,272,16,16,16
n16_lowrank1_d1_stack_nonlinear_T128_s9401104,16,lowrank,lowrank,1,1,stack_nonlinear,128,9401104,320,16,5120,2,4640,4640,4640,4640,16,16,16
n16_lowrank1_d1_stack_nonlinear_T128_s9401104,16,lowrank,lowrank,1,1,stack_nonlinear,128,9401104,320,16,5120,4,5120,5120,5120,5120,16,16,16
n16_lowrank1_d1_stack_nonlinear_T128_s9401104,16,lowrank,lowrank,1,1,stack_nonlinear,128,9401104,320,16,5120,8,5120,5120,5120,5120,16,16,16
n16_lowrank1_d1_stack_nonlinear_T128_s9401104,16,lowrank,lowrank,1,1,stack_nonlinear,128,9401104,320,16,5120,16,5120,5120,5120,5120,16,16,16
n16_lowrank1_d1_stack_nonlinear_T128_s9401104,16,lowrank,lowrank,1,1,stack_nonlinear,128,9401104,320,16,5120,32,5120,5120,5120,5120,16,16,16
n16_lowrank1_d1_stack_nonlinear_T128_s9401104,16,lowrank,lowrank,1,1,stack_nonlinear,128,9401104,320,16,5120,64,5120,5120,5120,5120,16,16,16
n16_lowrank1_d1_stack_nonlinear_T128_s9401104,16,lowrank,lowrank,1,1,stack_nonlinear,128,9401104,320,16,5120,128,5120,5120,5120,5120,16,16,16
n16_lowrank1_d3_stack_nonlinear_T32_s9401100,16,lowrank,lowrank,1,3,stack_nonlinear,32,9401100,960,48,46080,1,13872,13872,13872,13872,48,48,48
n16_lowrank1_d3_stack_nonlinear_T32_s9401100,16,lowrank,lowrank,1,3,stack_nonlinear,32,9401100,960,48,46080,2,29280,29280,29280,29280,48,48,48
n16_lowrank1_d3_stack_nonlinear_T32_s9401100,16,lowrank,lowrank,1,3,stack_nonlinear,32,9401100,960,48,46080,4,30720,30720,30720,30720,48,48,48
n16_lowrank1_d3_stack_nonlinear_T32_s9401100,16,lowrank,lowrank,1,3,stack_nonlinear,32,9401100,960,48,46080,8,30720,30720,30720,30720,48,48,48
n16_lowrank1_d3_stack_nonlinear_T32_s9401100,16,lowrank,lowrank,1,3,stack_nonlinear,32,9401100,960,48,46080,16,30720,30720,30720,30720,48,48,48
n16_lowrank1_d3_stack_nonlinear_T32_s9401100,16,lowrank,lowrank,1,3,stack_nonlinear,32,9401100,960,48,46080,32,30720,30720,30720,30720,48,48,48
n16_lowrank1_d3_stack_nonlinear_T32_s9401101,16,lowrank,lowrank,1,3,stack_nonlinear,32,9401101,960,48,46080,1,13872,13872,13872,13872,48,48,48
n16_lowrank1_d3_stack_nonlinear_T32_s9401101,16,lowrank,lowrank,1,3,stack_nonlinear,32,9401101,960,48,46080,2,29280,29280,29280,29280,48,48,48
n16_lowrank1_d3_stack_nonlinear_T32_s9401101,16,lowrank,lowrank,1,3,stack_nonlinear,32,9401101,960,48,46080,4,30720,30720,30720,30720,48,48,48
n16_lowrank1_d3_stack_nonlinear_T32_s9401101,16,lowrank,lowrank,1,3,stack_nonlinear,32,9401101,960,48,46080,8,30720,30720,30720,30720,48,48,48
n16_lowrank1_d3_stack_nonlinear_T32_s9401101,16,lowrank,lowrank,1,3,stack_nonlinear,32,9401101,960,48,46080,16,30720,30720,30720,30720,48,48,48
n16_lowrank1_d3_stack_nonlinear_T32_s9401101,16,lowrank,lowrank,1,3,stack_nonlinear,32,9401101,960,48,46080,32,30720,30720,30720,30720,48,48,48
n16_lowrank1_d3_stack_nonlinear_T32_s9401102,16,lowrank,lowrank,1,3,stack_nonlinear,32,9401102,960,48,46080,1,13872,13872,13872,13872,48,48,48
n16_lowrank1_d3_stack_nonlinear_T32_s9401102,16,lowrank,lowrank,1,3,stack_nonlinear,32,9401102,960,48,46080,2,29280,29280,29280,29280,48,48,48
n16_lowrank1_d3_stack_nonlinear_T32_s9401102,16,lowrank,lowrank,1,3,stack_nonlinear,32,9401102,960,48,46080,4,30720,30720,30720,30720,48,48,48
n16_lowrank1_d3_stack_nonlinear_T32_s9401102,16,lowrank,lowrank,1,3,stack_nonlinear,32,9401102,960,48,46080,8,30720,30720,30720,30720,48,48,48
n16_lowrank1_d3_stack_nonlinear_T32_s9401102,16,lowrank,lowrank,1,3,stack_nonlinear,32,9401102,960,48,46080,16,30720,30720,30720,30720,48,48,48
n16_lowrank1_d3_stack_nonlinear_T32_s9401102,16,lowrank,lowrank,1,3,stack_nonlinear,32,9401102,960,48,46080,32,30720,30720,30720,30720,48,48,48
n16_lowrank1_d3_stack_nonlinear_T32_s9401103,16,lowrank,lowrank,1,3,stack_nonlinear,32,9401103,960,48,46080,1,13872,13872,13872,13872,48,48,48
n16_lowrank1_d3_stack_nonlinear_T32_s9401103,16,lowrank,lowrank,1,3,stack_nonlinear,32,9401103,960,48,46080,2,29280,29280,29280,29280,48,48,48
n16_lowrank1_d3_stack_nonlinear_T32_s9401103,16,lowrank,lowrank,1,3,stack_nonlinear,32,9401103,960,48,46080,4,30720,30720,30720,30720,48,48,48
n16_lowrank1_d3_stack_nonlinear_T32_s9401103,16,lowrank,lowrank,1,3,stack_nonlinear,32,9401103,960,48,46080,8,30720,30720,30720,30720,48,48,48
n16_lowrank1_d3_stack_nonlinear_T32_s9401103,16,lowrank,lowrank,1,3,stack_nonlinear,32,9401103,960,48,46080,16,30720,30720,30720,30720,48,48,48
n16_lowrank1_d3_stack_nonlinear_T32_s9401103,16,lowrank,lowrank,1,3,stack_nonlinear,32,9401103,960,48,46080,32,30720,30720,30720,30720,48,48,48
n16_lowrank1_d3_stack_nonlinear_T32_s9401104,16,lowrank,lowrank,1,3,stack_nonlinear,32,9401104,960,48,46080,1,13872,13872,13872,13872,48,48,48
n16_lowrank1_d3_stack_nonlinear_T32_s9401104,16,lowrank,lowrank,1,3,stack_nonlinear,32,9401104,960,48,46080,2,29280,29280,29280,29280,48,48,48
n16_lowrank1_d3_stack_nonlinear_T32_s9401104,16,lowrank,lowrank,1,3,stack_nonlinear,32,9401104,960,48,46080,4,30720,30720,30720,30720,48,48,48
n16_lowrank1_d3_stack_nonlinear_T32_s9401104,16,lowrank,lowrank,1,3,stack_nonlinear,32,9401104,960,48,46080,8,30720,30720,30720,30720,48,48,48
n16_lowrank1_d3_stack_nonlinear_T32_s9401104,16,lowrank,lowrank,1,3,stack_nonlinear,32,9401104,960,48,46080,16,30720,30720,30720,30720,48,48,48
n16_lowrank1_d3_stack_nonlinear_T32_s9401104,16,lowrank,lowrank,1,3,stack_nonlinear,32,9401104,960,48,46080,32,30720,30720,30720,30720,48,48,48
n16_lowrank1_d3_stack_nonlinear_T128_s9401100,16,lowrank,lowrank,1,3,stack_nonlinear,128,9401100,960,48,46080,1,13872,13872,13872,13872,48,48,48
n16_lowrank1_d3_stack_nonlinear_T128_s9401100,16,lowrank,lowrank,1,3,stack_nonlinear,128,9401100,960,48,46080,2,29280,29280,29280,29280,48,48,48
n16_lowrank1_d3_stack_nonlinear_T128_s9401100,16,lowrank,lowrank,1,3,stack_nonlinear,128,9401100,960,48,46080,4,30720,30720,30720,30720,48,48,48
n16_lowrank1_d3_stack_nonlinear_T128_s9401100,16,lowrank,lowrank,1,3,stack_nonlinear,128,9401100,960,48,46080,8,30720,30720,30720,30720,48,48,48
n16_lowrank1_d3_stack_nonlinear_T128_s9401100,16,lowrank,lowrank,1,3,stack_nonlinear,128,9401100,960,48,46080,16,30720,30720,30720,30720,48,48,48
n16_lowrank1_d3_stack_nonlinear_T128_s9401100,16,lowrank,lowrank,1,3,stack_nonlinear,128,9401100,960,48,46080,32,30720,30720,30720,30720,48,48,48
n16_lowrank1_d3_stack_nonlinear_T128_s9401100,16,lowrank,lowrank,1,3,stack_nonlinear,128,9401100,960,48,46080,64,30720,30720,30720,30720,48,48,48
n16_lowrank1_d3_stack_nonlinear_T128_s9401100,16,lowrank,lowrank,1,3,stack_nonlinear,128,9401100,960,48,46080,128,30720,30720,30720,30720,48,48,48
n16_lowrank1_d3_stack_nonlinear_T128_s9401101,16,lowrank,lowrank,1,3,stack_nonlinear,128,9401101,960,48,46080,1,13872,13872,13872,13872,48,48,48
n16_lowrank1_d3_stack_nonlinear_T128_s9401101,16,lowrank,lowrank,1,3,stack_nonlinear,128,9401101,960,48,46080,2,29280,29280,29280,29280,48,48,48
n16_lowrank1_d3_stack_nonlinear_T128_s9401101,16,lowrank,lowrank,1,3,stack_nonlinear,128,9401101,960,48,46080,4,30720,30720,30720,30720,48,48,48
n16_lowrank1_d3_stack_nonlinear_T128_s9401101,16,lowrank,lowrank,1,3,stack_nonlinear,128,9401101,960,48,46080,8,30720,30720,30720,30720,48,48,48
n16_lowrank1_d3_stack_nonlinear_T128_s9401101,16,lowrank,lowrank,1,3,stack_nonlinear,128,9401101,960,48,46080,16,30720,30720,30720,30720,48,48,48
n16_lowrank1_d3_stack_nonlinear_T128_s9401101,16,lowrank,lowrank,1,3,stack_nonlinear,128,9401101,960,48,46080,32,30720,30720,30720,30720,48,48,48
n16_lowrank1_d3_stack_nonlinear_T128_s9401101,16,lowrank,lowrank,1,3,stack_nonlinear,128,9401101,960,48,46080,64,30720,30720,30720,30720,48,48,48
n16_lowrank1_d3_stack_nonlinear_T128_s9401101,16,lowrank,lowrank,1,3,stack_nonlinear,128,9401101,960,48,46080,128,30720,30720,30720,30720,48,48,48
n16_lowrank1_d3_stack_nonlinear_T128_s9401102,16,lowrank,lowrank,1,3,stack_nonlinear,128,9401102,960,48,46080,1,13872,13872,13872,13872,48,48,48
n16_lowrank1_d3_stack_nonlinear_T128_s9401102,16,lowrank,lowrank,1,3,stack_nonlinear,128,9401102,960,48,46080,2,29280,29280,29280,29280,48,48,48
n16_lowrank1_d3_stack_nonlinear_T128_s9401102,16,lowrank,lowrank,1,3,stack_nonlinear,128,9401102,960,48,46080,4,30720,30720,30720,30720,48,48,48
n16_lowrank1_d3_stack_nonlinear_T128_s9401102,16,lowrank,lowrank,1,3,stack_nonlinear,128,9401102,960,48,46080,8,30720,30720,30720,30720,48,48,48
n16_lowrank1_d3_stack_nonlinear_T128_s9401102,16,lowrank,lowrank,1,3,stack_nonlinear,128,9401102,960,48,46080,16,30720,30720,30720,30720,48,48,48
n16_lowrank1_d3_stack_nonlinear_T128_s9401102,16,lowrank,lowrank,1,3,stack_nonlinear,128,9401102,960,48,46080,32,30720,30720,30720,30720,48,48,48
n16_lowrank1_d3_stack_nonlinear_T128_s9401102,16,lowrank,lowrank,1,3,stack_nonlinear,128,9401102,960,48,46080,64,30720,30720,30720,30720,48,48,48
n16_lowrank1_d3_stack_nonlinear_T128_s9401102,16,lowrank,lowrank,1,3,stack_nonlinear,128,9401102,960,48,46080,128,30720,30720,30720,30720,48,48,48
n16_lowrank1_d3_stack_nonlinear_T128_s9401103,16,lowrank,lowrank,1,3,stack_nonlinear,128,9401103,960,48,46080,1,13872,13872,13872,13872,48,48,48
n16_lowrank1_d3_stack_nonlinear_T128_s9401103,16,lowrank,lowrank,1,3,stack_nonlinear,128,9401103,960,48,46080,2,29280,29280,29280,29280,48,48,48
n16_lowrank1_d3_stack_nonlinear_T128_s9401103,16,lowrank,lowrank,1,3,stack_nonlinear,128,9401103,960,48,46080,4,30720,30720,30720,30720,48,48,48
n16_lowrank1_d3_stack_nonlinear_T128_s9401103,16,lowrank,lowrank,1,3,stack_nonlinear,128,9401103,960,48,46080,8,30720,30720,30720,30720,48,48,48
n16_lowrank1_d3_stack_nonlinear_T128_s9401103,16,lowrank,lowrank,1,3,stack_nonlinear,128,9401103,960,48,46080,16,30720,30720,30720,30720,48,48,48
n16_lowrank1_d3_stack_nonlinear_T128_s9401103,16,lowrank,lowrank,1,3,stack_nonlinear,128,9401103,960,48,46080,32,30720,30720,30720,30720,48,48,48
n16_lowrank1_d3_stack_nonlinear_T128_s9401103,16,lowrank,lowrank,1,3,stack_nonlinear,128,9401103,960,48,46080,64,30720,30720,30720,30720,48,48,48
n16_lowrank1_d3_stack_nonlinear_T128_s9401103,16,lowrank,lowrank,1,3,stack_nonlinear,128,9401103,960,48,46080,128,30720,30720,30720,30720,48,48,48
n16_lowrank1_d3_stack_nonlinear_T128_s9401104,16,lowrank,lowrank,1,3,stack_nonlinear,128,9401104,960,48,46080,1,13872,13872,13872,13872,48,48,48
n16_lowrank1_d3_stack_nonlinear_T128_s9401104,16,lowrank,lowrank,1,3,stack_nonlinear,128,9401104,960,48,46080,2,29280,29280,29280,29280,48,48,48
n16_lowrank1_d3_stack_nonlinear_T128_s9401104,16,lowrank,lowrank,1,3,stack_nonlinear,128,9401104,960,48,46080,4,30720,30720,30720,30720,48,48,48
n16_lowrank1_d3_stack_nonlinear_T128_s9401104,16,lowrank,lowrank,1,3,stack_nonlinear,128,9401104,960,48,46080,8,30720,30720,30720,30720,48,48,48
n16_lowrank1_d3_stack_nonlinear_T128_s9401104,16,lowrank,lowrank,1,3,stack_nonlinear,128,9401104,960,48,46080,16,30720,30720,30720,30720,48,48,48
n16_lowrank1_d3_stack_nonlinear_T128_s9401104,16,lowrank,lowrank,1,3,stack_nonlinear,128,9401104,960,48,46080,32,30720,30720,30720,30720,48,48,48
n16_lowrank1_d3_stack_nonlinear_T128_s9401104,16,lowrank,lowrank,1,3,stack_nonlinear,128,9401104,960,48,46080,64,30720,30720,30720,30720,48,48,48
n16_lowrank1_d3_stack_nonlinear_T128_s9401104,16,lowrank,lowrank,1,3,stack_nonlinear,128,9401104,960,48,46080,128,30720,30720,30720,30720,48,48,48
n16_lowrank8_d1_stack_nonlinear_T32_s9401100,16,lowrank,lowrank,8,1,stack_nonlinear,32,9401100,544,16,8704,1,272,272,272,272,16,16,16
n16_lowrank8_d1_stack_nonlinear_T32_s9401100,16,lowrank,lowrank,8,1,stack_nonlinear,32,9401100,544,16,8704,2,6544,6544,6544,6544,16,16,16
n16_lowrank8_d1_stack_nonlinear_T32_s9401100,16,lowrank,lowrank,8,1,stack_nonlinear,32,9401100,544,16,8704,4,8704,8704,8704,8704,16,16,16
n16_lowrank8_d1_stack_nonlinear_T32_s9401100,16,lowrank,lowrank,8,1,stack_nonlinear,32,9401100,544,16,8704,8,8704,8704,8704,8704,16,16,16
n16_lowrank8_d1_stack_nonlinear_T32_s9401100,16,lowrank,lowrank,8,1,stack_nonlinear,32,9401100,544,16,8704,16,8704,8704,8704,8704,16,16,16
n16_lowrank8_d1_stack_nonlinear_T32_s9401100,16,lowrank,lowrank,8,1,stack_nonlinear,32,9401100,544,16,8704,32,8704,8704,8704,8704,16,16,16
n16_lowrank8_d1_stack_nonlinear_T32_s9401101,16,lowrank,lowrank,8,1,stack_nonlinear,32,9401101,544,16,8704,1,272,272,272,272,16,16,16
n16_lowrank8_d1_stack_nonlinear_T32_s9401101,16,lowrank,lowrank,8,1,stack_nonlinear,32,9401101,544,16,8704,2,6544,6544,6544,6544,16,16,16
n16_lowrank8_d1_stack_nonlinear_T32_s9401101,16,lowrank,lowrank,8,1,stack_nonlinear,32,9401101,544,16,8704,4,8704,8704,8704,8704,16,16,16
n16_lowrank8_d1_stack_nonlinear_T32_s9401101,16,lowrank,lowrank,8,1,stack_nonlinear,32,9401101,544,16,8704,8,8704,8704,8704,8704,16,16,16
n16_lowrank8_d1_stack_nonlinear_T32_s9401101,16,lowrank,lowrank,8,1,stack_nonlinear,32,9401101,544,16,8704,16,8704,8704,8704,8704,16,16,16
n16_lowrank8_d1_stack_nonlinear_T32_s9401101,16,lowrank,lowrank,8,1,stack_nonlinear,32,9401101,544,16,8704,32,8704,8704,8704,8704,16,16,16
n16_lowrank8_d1_stack_nonlinear_T32_s9401102,16,lowrank,lowrank,8,1,stack_nonlinear,32,9401102,544,16,8704,1,272,272,272,272,16,16,16
n16_lowrank8_d1_stack_nonlinear_T32_s9401102,16,lowrank,lowrank,8,1,stack_nonlinear,32,9401102,544,16,8704,2,6544,6544,6544,6544,16,16,16
n16_lowrank8_d1_stack_nonlinear_T32_s9401102,16,lowrank,lowrank,8,1,stack_nonlinear,32,9401102,544,16,8704,4,8704,8704,8704,8704,16,16,16
n16_lowrank8_d1_stack_nonlinear_T32_s9401102,16,lowrank,lowrank,8,1,stack_nonlinear,32,9401102,544,16,8704,8,8704,8704,8704,8704,16,16,16
n16_lowrank8_d1_stack_nonlinear_T32_s9401102,16,lowrank,lowrank,8,1,stack_nonlinear,32,9401102,544,16,8704,16,8704,8704,8704,8704,16,16,16
n16_lowrank8_d1_stack_nonlinear_T32_s9401102,16,lowrank,lowrank,8,1,stack_nonlinear,32,9401102,544,16,8704,32,8704,8704,8704,8704,16,16,16
n16_lowrank8_d1_stack_nonlinear_T32_s9401103,16,lowrank,lowrank,8,1,stack_nonlinear,32,9401103,544,16,8704,1,272,272,272,272,16,16,16
n16_lowrank8_d1_stack_nonlinear_T32_s9401103,16,lowrank,lowrank,8,1,stack_nonlinear,32,9401103,544,16,8704,2,6544,6544,6544,6544,16,16,16
n16_lowrank8_d1_stack_nonlinear_T32_s9401103,16,lowrank,lowrank,8,1,stack_nonlinear,32,9401103,544,16,8704,4,8704,8704,8704,8704,16,16,16
n16_lowrank8_d1_stack_nonlinear_T32_s9401103,16,lowrank,lowrank,8,1,stack_nonlinear,32,9401103,544,16,8704,8,8704,8704,8704,8704,16,16,16
n16_lowrank8_d1_stack_nonlinear_T32_s9401103,16,lowrank,lowrank,8,1,stack_nonlinear,32,9401103,544,16,8704,16,8704,8704,8704,8704,16,16,16
n16_lowrank8_d1_stack_nonlinear_T32_s9401103,16,lowrank,lowrank,8,1,stack_nonlinear,32,9401103,544,16,8704,32,8704,8704,8704,8704,16,16,16
n16_lowrank8_d1_stack_nonlinear_T32_s9401104,16,lowrank,lowrank,8,1,stack_nonlinear,32,9401104,544,16,8704,1,272,272,272,272,16,16,16
n16_lowrank8_d1_stack_nonlinear_T32_s9401104,16,lowrank,lowrank,8,1,stack_nonlinear,32,9401104,544,16,8704,2,6544,6544,6544,6544,16,16,16
n16_lowrank8_d1_stack_nonlinear_T32_s9401104,16,lowrank,lowrank,8,1,stack_nonlinear,32,9401104,544,16,8704,4,8704,8704,8704,8704,16,16,16
n16_lowrank8_d1_stack_nonlinear_T32_s9401104,16,lowrank,lowrank,8,1,stack_nonlinear,32,9401104,544,16,8704,8,8704,8704,8704,8704,16,16,16
n16_lowrank8_d1_stack_nonlinear_T32_s9401104,16,lowrank,lowrank,8,1,stack_nonlinear,32,9401104,544,16,8704,16,8704,8704,8704,8704,16,16,16
n16_lowrank8_d1_stack_nonlinear_T32_s9401104,16,lowrank,lowrank,8,1,stack_nonlinear,32,9401104,544,16,8704,32,8704,8704,8704,8704,16,16,16
n16_lowrank8_d1_stack_nonlinear_T128_s9401100,16,lowrank,lowrank,8,1,stack_nonlinear,128,9401100,544,16,8704,1,272,272,272,272,16,16,16
n16_lowrank8_d1_stack_nonlinear_T128_s9401100,16,lowrank,lowrank,8,1,stack_nonlinear,128,9401100,544,16,8704,2,6544,6544,6544,6544,16,16,16
n16_lowrank8_d1_stack_nonlinear_T128_s9401100,16,lowrank,lowrank,8,1,stack_nonlinear,128,9401100,544,16,8704,4,8704,8704,8704,8704,16,16,16
n16_lowrank8_d1_stack_nonlinear_T128_s9401100,16,lowrank,lowrank,8,1,stack_nonlinear,128,9401100,544,16,8704,8,8704,8704,8704,8704,16,16,16
n16_lowrank8_d1_stack_nonlinear_T128_s9401100,16,lowrank,lowrank,8,1,stack_nonlinear,128,9401100,544,16,8704,16,8704,8704,8704,8704,16,16,16
n16_lowrank8_d1_stack_nonlinear_T128_s9401100,16,lowrank,lowrank,8,1,stack_nonlinear,128,9401100,544,16,8704,32,8704,8704,8704,8704,16,16,16
n16_lowrank8_d1_stack_nonlinear_T128_s9401100,16,lowrank,lowrank,8,1,stack_nonlinear,128,9401100,544,16,8704,64,8704,8704,8704,8704,16,16,16
n16_lowrank8_d1_stack_nonlinear_T128_s9401100,16,lowrank,lowrank,8,1,stack_nonlinear,128,9401100,544,16,8704,128,8704,8704,8704,8704,16,16,16
n16_lowrank8_d1_stack_nonlinear_T128_s9401101,16,lowrank,lowrank,8,1,stack_nonlinear,128,9401101,544,16,8704,1,272,272,272,272,16,16,16
n16_lowrank8_d1_stack_nonlinear_T128_s9401101,16,lowrank,lowrank,8,1,stack_nonlinear,128,9401101,544,16,8704,2,6544,6544,6544,6544,16,16,16
n16_lowrank8_d1_stack_nonlinear_T128_s9401101,16,lowrank,lowrank,8,1,stack_nonlinear,128,9401101,544,16,8704,4,8704,8704,8704,8704,16,16,16
n16_lowrank8_d1_stack_nonlinear_T128_s9401101,16,lowrank,lowrank,8,1,stack_nonlinear,128,9401101,544,16,8704,8,8704,8704,8704,8704,16,16,16
n16_lowrank8_d1_stack_nonlinear_T128_s9401101,16,lowrank,lowrank,8,1,stack_nonlinear,128,9401101,544,16,8704,16,8704,8704,8704,8704,16,16,16
n16_lowrank8_d1_stack_nonlinear_T128_s9401101,16,lowrank,lowrank,8,1,stack_nonlinear,128,9401101,544,16,8704,32,8704,8704,8704,8704,16,16,16
n16_lowrank8_d1_stack_nonlinear_T128_s9401101,16,lowrank,lowrank,8,1,stack_nonlinear,128,9401101,544,16,8704,64,8704,8704,8704,8704,16,16,16
n16_lowrank8_d1_stack_nonlinear_T128_s9401101,16,lowrank,lowrank,8,1,stack_nonlinear,128,9401101,544,16,8704,128,8704,8704,8704,8704,16,16,16
n16_lowrank8_d1_stack_nonlinear_T128_s9401102,16,lowrank,lowrank,8,1,stack_nonlinear,128,9401102,544,16,8704,1,272,272,272,272,16,16,16
n16_lowrank8_d1_stack_nonlinear_T128_s9401102,16,lowrank,lowrank,8,1,stack_nonlinear,128,9401102,544,16,8704,2,6544,6544,6544,6544,16,16,16
n16_lowrank8_d1_stack_nonlinear_T128_s9401102,16,lowrank,lowrank,8,1,stack_nonlinear,128,9401102,544,16,8704,4,8704,8704,8704,8704,16,16,16
n16_lowrank8_d1_stack_nonlinear_T128_s9401102,16,lowrank,lowrank,8,1,stack_nonlinear,128,9401102,544,16,8704,8,8704,8704,8704,8704,16,16,16
n16_lowrank8_d1_stack_nonlinear_T128_s9401102,16,lowrank,lowrank,8,1,stack_nonlinear,128,9401102,544,16,8704,16,8704,8704,8704,8704,16,16,16
n16_lowrank8_d1_stack_nonlinear_T128_s9401102,16,lowrank,lowrank,8,1,stack_nonlinear,128,9401102,544,16,8704,32,8704,8704,8704,8704,16,16,16
n16_lowrank8_d1_stack_nonlinear_T128_s9401102,16,lowrank,lowrank,8,1,stack_nonlinear,128,9401102,544,16,8704,64,8704,8704,8704,8704,16,16,16
n16_lowrank8_d1_stack_nonlinear_T128_s9401102,16,lowrank,lowrank,8,1,stack_nonlinear,128,9401102,544,16,8704,128,8704,8704,8704,8704,16,16,16
n16_lowrank8_d1_stack_nonlinear_T128_s9401103,16,lowrank,lowrank,8,1,stack_nonlinear,128,9401103,544,16,8704,1,272,272,272,272,16,16,16
n16_lowrank8_d1_stack_nonlinear_T128_s9401103,16,lowrank,lowrank,8,1,stack_nonlinear,128,9401103,544,16,8704,2,6544,6544,6544,6544,16,16,16
n16_lowrank8_d1_stack_nonlinear_T128_s9401103,16,lowrank,lowrank,8,1,stack_nonlinear,128,9401103,544,16,8704,4,8704,8704,8704,8704,16,16,16
n16_lowrank8_d1_stack_nonlinear_T128_s9401103,16,lowrank,lowrank,8,1,stack_nonlinear,128,9401103,544,16,8704,8,8704,8704,8704,8704,16,16,16
n16_lowrank8_d1_stack_nonlinear_T128_s9401103,16,lowrank,lowrank,8,1,stack_nonlinear,128,9401103,544,16,8704,16,8704,8704,8704,8704,16,16,16
n16_lowrank8_d1_stack_nonlinear_T128_s9401103,16,lowrank,lowrank,8,1,stack_nonlinear,128,9401103,544,16,8704,32,8704,8704,8704,8704,16,16,16
n16_lowrank8_d1_stack_nonlinear_T128_s9401103,16,lowrank,lowrank,8,1,stack_nonlinear,128,9401103,544,16,8704,64,8704,8704,8704,8704,16,16,16
n16_lowrank8_d1_stack_nonlinear_T128_s9401103,16,lowrank,lowrank,8,1,stack_nonlinear,128,9401103,544,16,8704,128,8704,8704,8704,8704,16,16,16
n16_lowrank8_d1_stack_nonlinear_T128_s9401104,16,lowrank,lowrank,8,1,stack_nonlinear,128,9401104,544,16,8704,1,272,272,272,272,16,16,16
n16_lowrank8_d1_stack_nonlinear_T128_s9401104,16,lowrank,lowrank,8,1,stack_nonlinear,128,9401104,544,16,8704,2,6544,6544,6544,6544,16,16,16
n16_lowrank8_d1_stack_nonlinear_T128_s9401104,16,lowrank,lowrank,8,1,stack_nonlinear,128,9401104,544,16,8704,4,8704,8704,8704,8704,16,16,16
n16_lowrank8_d1_stack_nonlinear_T128_s9401104,16,lowrank,lowrank,8,1,stack_nonlinear,128,9401104,544,16,8704,8,8704,8704,8704,8704,16,16,16
n16_lowrank8_d1_stack_nonlinear_T128_s9401104,16,lowrank,lowrank,8,1,stack_nonlinear,128,9401104,544,16,8704,16,8704,8704,8704,8704,16,16,16
n16_lowrank8_d1_stack_nonlinear_T128_s9401104,16,lowrank,lowrank,8,1,stack_nonlinear,128,9401104,544,16,8704,32,8704,8704,8704,8704,16,16,16
n16_lowrank8_d1_stack_nonlinear_T128_s9401104,16,lowrank,lowrank,8,1,stack_nonlinear,128,9401104,544,16,8704,64,8704,8704,8704,8704,16,16,16
n16_lowrank8_d1_stack_nonlinear_T128_s9401104,16,lowrank,lowrank,8,1,stack_nonlinear,128,9401104,544,16,8704,128,8704,8704,8704,8704,16,16,16
n16_lowrank8_d3_stack_nonlinear_T32_s9401100,16,lowrank,lowrank,8,3,stack_nonlinear,32,9401100,1632,48,78336,1,13872,13872,13872,13872,48,48,48
n16_lowrank8_d3_stack_nonlinear_T32_s9401100,16,lowrank,lowrank,8,3,stack_nonlinear,32,9401100,1632,48,78336,2,45744,45744,45744,45744,48,48,48
n16_lowrank8_d3_stack_nonlinear_T32_s9401100,16,lowrank,lowrank,8,3,stack_nonlinear,32,9401100,1632,48,78336,4,52224,52224,52224,52224,48,48,48
n16_lowrank8_d3_stack_nonlinear_T32_s9401100,16,lowrank,lowrank,8,3,stack_nonlinear,32,9401100,1632,48,78336,8,52224,52224,52224,52224,48,48,48
n16_lowrank8_d3_stack_nonlinear_T32_s9401100,16,lowrank,lowrank,8,3,stack_nonlinear,32,9401100,1632,48,78336,16,52224,52224,52224,52224,48,48,48
n16_lowrank8_d3_stack_nonlinear_T32_s9401100,16,lowrank,lowrank,8,3,stack_nonlinear,32,9401100,1632,48,78336,32,52224,52224,52224,52224,48,48,48
n16_lowrank8_d3_stack_nonlinear_T32_s9401101,16,lowrank,lowrank,8,3,stack_nonlinear,32,9401101,1632,48,78336,1,13872,13872,13872,13872,48,48,48
n16_lowrank8_d3_stack_nonlinear_T32_s9401101,16,lowrank,lowrank,8,3,stack_nonlinear,32,9401101,1632,48,78336,2,45744,45744,45744,45744,48,48,48
n16_lowrank8_d3_stack_nonlinear_T32_s9401101,16,lowrank,lowrank,8,3,stack_nonlinear,32,9401101,1632,48,78336,4,52224,52224,52224,52224,48,48,48
n16_lowrank8_d3_stack_nonlinear_T32_s9401101,16,lowrank,lowrank,8,3,stack_nonlinear,32,9401101,1632,48,78336,8,52224,52224,52224,52224,48,48,48
n16_lowrank8_d3_stack_nonlinear_T32_s9401101,16,lowrank,lowrank,8,3,stack_nonlinear,32,9401101,1632,48,78336,16,52224,52224,52224,52224,48,48,48
n16_lowrank8_d3_stack_nonlinear_T32_s9401101,16,lowrank,lowrank,8,3,stack_nonlinear,32,9401101,1632,48,78336,32,52224,52224,52224,52224,48,48,48
n16_lowrank8_d3_stack_nonlinear_T32_s9401102,16,lowrank,lowrank,8,3,stack_nonlinear,32,9401102,1632,48,78336,1,13872,13872,13872,13872,48,48,48
n16_lowrank8_d3_stack_nonlinear_T32_s9401102,16,lowrank,lowrank,8,3,stack_nonlinear,32,9401102,1632,48,78336,2,45744,45744,45744,45744,48,48,48
n16_lowrank8_d3_stack_nonlinear_T32_s9401102,16,lowrank,lowrank,8,3,stack_nonlinear,32,9401102,1632,48,78336,4,52224,52224,52224,52224,48,48,48
n16_lowrank8_d3_stack_nonlinear_T32_s9401102,16,lowrank,lowrank,8,3,stack_nonlinear,32,9401102,1632,48,78336,8,52224,52224,52224,52224,48,48,48
n16_lowrank8_d3_stack_nonlinear_T32_s9401102,16,lowrank,lowrank,8,3,stack_nonlinear,32,9401102,1632,48,78336,16,52224,52224,52224,52224,48,48,48
n16_lowrank8_d3_stack_nonlinear_T32_s9401102,16,lowrank,lowrank,8,3,stack_nonlinear,32,9401102,1632,48,78336,32,52224,52224,52224,52224,48,48,48
n16_lowrank8_d3_stack_nonlinear_T32_s9401103,16,lowrank,lowrank,8,3,stack_nonlinear,32,9401103,1632,48,78336,1,13872,13872,13872,13872,48,48,48
n16_lowrank8_d3_stack_nonlinear_T32_s9401103,16,lowrank,lowrank,8,3,stack_nonlinear,32,9401103,1632,48,78336,2,45744,45744,45744,45744,48,48,48
n16_lowrank8_d3_stack_nonlinear_T32_s9401103,16,lowrank,lowrank,8,3,stack_nonlinear,32,9401103,1632,48,78336,4,52224,52224,52224,52224,48,48,48
n16_lowrank8_d3_stack_nonlinear_T32_s9401103,16,lowrank,lowrank,8,3,stack_nonlinear,32,9401103,1632,48,78336,8,52224,52224,52224,52224,48,48,48
n16_lowrank8_d3_stack_nonlinear_T32_s9401103,16,lowrank,lowrank,8,3,stack_nonlinear,32,9401103,1632,48,78336,16,52224,52224,52224,52224,48,48,48
n16_lowrank8_d3_stack_nonlinear_T32_s9401103,16,lowrank,lowrank,8,3,stack_nonlinear,32,9401103,1632,48,78336,32,52224,52224,52224,52224,48,48,48
n16_lowrank8_d3_stack_nonlinear_T32_s9401104,16,lowrank,lowrank,8,3,stack_nonlinear,32,9401104,1632,48,78336,1,13872,13872,13872,13872,48,48,48
n16_lowrank8_d3_stack_nonlinear_T32_s9401104,16,lowrank,lowrank,8,3,stack_nonlinear,32,9401104,1632,48,78336,2,45744,45744,45744,45744,48,48,48
n16_lowrank8_d3_stack_nonlinear_T32_s9401104,16,lowrank,lowrank,8,3,stack_nonlinear,32,9401104,1632,48,78336,4,52224,52224,52224,52224,48,48,48
n16_lowrank8_d3_stack_nonlinear_T32_s9401104,16,lowrank,lowrank,8,3,stack_nonlinear,32,9401104,1632,48,78336,8,52224,52224,52224,52224,48,48,48
n16_lowrank8_d3_stack_nonlinear_T32_s9401104,16,lowrank,lowrank,8,3,stack_nonlinear,32,9401104,1632,48,78336,16,52224,52224,52224,52224,48,48,48
n16_lowrank8_d3_stack_nonlinear_T32_s9401104,16,lowrank,lowrank,8,3,stack_nonlinear,32,9401104,1632,48,78336,32,52224,52224,52224,52224,48,48,48
n16_lowrank8_d3_stack_nonlinear_T128_s9401100,16,lowrank,lowrank,8,3,stack_nonlinear,128,9401100,1632,48,78336,1,13872,13872,13872,13872,48,48,48
n16_lowrank8_d3_stack_nonlinear_T128_s9401100,16,lowrank,lowrank,8,3,stack_nonlinear,128,9401100,1632,48,78336,2,45744,45744,45744,45744,48,48,48
n16_lowrank8_d3_stack_nonlinear_T128_s9401100,16,lowrank,lowrank,8,3,stack_nonlinear,128,9401100,1632,48,78336,4,52224,52224,52224,52224,48,48,48
n16_lowrank8_d3_stack_nonlinear_T128_s9401100,16,lowrank,lowrank,8,3,stack_nonlinear,128,9401100,1632,48,78336,8,52224,52224,52224,52224,48,48,48
n16_lowrank8_d3_stack_nonlinear_T128_s9401100,16,lowrank,lowrank,8,3,stack_nonlinear,128,9401100,1632,48,78336,16,52224,52224,52224,52224,48,48,48
n16_lowrank8_d3_stack_nonlinear_T128_s9401100,16,lowrank,lowrank,8,3,stack_nonlinear,128,9401100,1632,48,78336,32,52224,52224,52224,52224,48,48,48
n16_lowrank8_d3_stack_nonlinear_T128_s9401100,16,lowrank,lowrank,8,3,stack_nonlinear,128,9401100,1632,48,78336,64,52224,52224,52224,52224,48,48,48
n16_lowrank8_d3_stack_nonlinear_T128_s9401100,16,lowrank,lowrank,8,3,stack_nonlinear,128,9401100,1632,48,78336,128,52224,52224,52224,52224,48,48,48
n16_lowrank8_d3_stack_nonlinear_T128_s9401101,16,lowrank,lowrank,8,3,stack_nonlinear,128,9401101,1632,48,78336,1,13872,13872,13872,13872,48,48,48
n16_lowrank8_d3_stack_nonlinear_T128_s9401101,16,lowrank,lowrank,8,3,stack_nonlinear,128,9401101,1632,48,78336,2,45744,45744,45744,45744,48,48,48
n16_lowrank8_d3_stack_nonlinear_T128_s9401101,16,lowrank,lowrank,8,3,stack_nonlinear,128,9401101,1632,48,78336,4,52224,52224,52224,52224,48,48,48
n16_lowrank8_d3_stack_nonlinear_T128_s9401101,16,lowrank,lowrank,8,3,stack_nonlinear,128,9401101,1632,48,78336,8,52224,52224,52224,52224,48,48,48
n16_lowrank8_d3_stack_nonlinear_T128_s9401101,16,lowrank,lowrank,8,3,stack_nonlinear,128,9401101,1632,48,78336,16,52224,52224,52224,52224,48,48,48
n16_lowrank8_d3_stack_nonlinear_T128_s9401101,16,lowrank,lowrank,8,3,stack_nonlinear,128,9401101,1632,48,78336,32,52224,52224,52224,52224,48,48,48
n16_lowrank8_d3_stack_nonlinear_T128_s9401101,16,lowrank,lowrank,8,3,stack_nonlinear,128,9401101,1632,48,78336,64,52224,52224,52224,52224,48,48,48
n16_lowrank8_d3_stack_nonlinear_T128_s9401101,16,lowrank,lowrank,8,3,stack_nonlinear,128,9401101,1632,48,78336,128,52224,52224,52224,52224,48,48,48
n16_lowrank8_d3_stack_nonlinear_T128_s9401102,16,lowrank,lowrank,8,3,stack_nonlinear,128,9401102,1632,48,78336,1,13872,13872,13872,13872,48,48,48
n16_lowrank8_d3_stack_nonlinear_T128_s9401102,16,lowrank,lowrank,8,3,stack_nonlinear,128,9401102,1632,48,78336,2,45744,45744,45744,45744,48,48,48
n16_lowrank8_d3_stack_nonlinear_T128_s9401102,16,lowrank,lowrank,8,3,stack_nonlinear,128,9401102,1632,48,78336,4,52224,52224,52224,52224,48,48,48
n16_lowrank8_d3_stack_nonlinear_T128_s9401102,16,lowrank,lowrank,8,3,stack_nonlinear,128,9401102,1632,48,78336,8,52224,52224,52224,52224,48,48,48
n16_lowrank8_d3_stack_nonlinear_T128_s9401102,16,lowrank,lowrank,8,3,stack_nonlinear,128,9401102,1632,48,78336,16,52224,52224,52224,52224,48,48,48
n16_lowrank8_d3_stack_nonlinear_T128_s9401102,16,lowrank,lowrank,8,3,stack_nonlinear,128,9401102,1632,48,78336,32,52224,52224,52224,52224,48,48,48
n16_lowrank8_d3_stack_nonlinear_T128_s9401102,16,lowrank,lowrank,8,3,stack_nonlinear,128,9401102,1632,48,78336,64,52224,52224,52224,52224,48,48,48
n16_lowrank8_d3_stack_nonlinear_T128_s9401102,16,lowrank,lowrank,8,3,stack_nonlinear,128,9401102,1632,48,78336,128,52224,52224,52224,52224,48,48,48
n16_lowrank8_d3_stack_nonlinear_T128_s9401103,16,lowrank,lowrank,8,3,stack_nonlinear,128,9401103,1632,48,78336,1,13872,13872,13872,13872,48,48,48
n16_lowrank8_d3_stack_nonlinear_T128_s9401103,16,lowrank,lowrank,8,3,stack_nonlinear,128,9401103,1632,48,78336,2,45744,45744,45744,45744,48,48,48
n16_lowrank8_d3_stack_nonlinear_T128_s9401103,16,lowrank,lowrank,8,3,stack_nonlinear,128,9401103,1632,48,78336,4,52224,52224,52224,52224,48,48,48
n16_lowrank8_d3_stack_nonlinear_T128_s9401103,16,lowrank,lowrank,8,3,stack_nonlinear,128,9401103,1632,48,78336,8,52224,52224,52224,52224,48,48,48
n16_lowrank8_d3_stack_nonlinear_T128_s9401103,16,lowrank,lowrank,8,3,stack_nonlinear,128,9401103,1632,48,78336,16,52224,52224,52224,52224,48,48,48
n16_lowrank8_d3_stack_nonlinear_T128_s9401103,16,lowrank,lowrank,8,3,stack_nonlinear,128,9401103,1632,48,78336,32,52224,52224,52224,52224,48,48,48
n16_lowrank8_d3_stack_nonlinear_T128_s9401103,16,lowrank,lowrank,8,3,stack_nonlinear,128,9401103,1632,48,78336,64,52224,52224,52224,52224,48,48,48
n16_lowrank8_d3_stack_nonlinear_T128_s9401103,16,lowrank,lowrank,8,3,stack_nonlinear,128,9401103,1632,48,78336,128,52224,52224,52224,52224,48,48,48
n16_lowrank8_d3_stack_nonlinear_T128_s9401104,16,lowrank,lowrank,8,3,stack_nonlinear,128,9401104,1632,48,78336,1,13872,13872,13872,13872,48,48,48
n16_lowrank8_d3_stack_nonlinear_T128_s9401104,16,lowrank,lowrank,8,3,stack_nonlinear,128,9401104,1632,48,78336,2,45744,45744,45744,45744,48,48,48
n16_lowrank8_d3_stack_nonlinear_T128_s9401104,16,lowrank,lowrank,8,3,stack_nonlinear,128,9401104,1632,48,78336,4,52224,52224,52224,52224,48,48,48
n16_lowrank8_d3_stack_nonlinear_T128_s9401104,16,lowrank,lowrank,8,3,stack_nonlinear,128,9401104,1632,48,78336,8,52224,52224,52224,52224,48,48,48
n16_lowrank8_d3_stack_nonlinear_T128_s9401104,16,lowrank,lowrank,8,3,stack_nonlinear,128,9401104,1632,48,78336,16,52224,52224,52224,52224,48,48,48
n16_lowrank8_d3_stack_nonlinear_T128_s9401104,16,lowrank,lowrank,8,3,stack_nonlinear,128,9401104,1632,48,78336,32,52224,52224,52224,52224,48,48,48
n16_lowrank8_d3_stack_nonlinear_T128_s9401104,16,lowrank,lowrank,8,3,stack_nonlinear,128,9401104,1632,48,78336,64,52224,52224,52224,52224,48,48,48
n16_lowrank8_d3_stack_nonlinear_T128_s9401104,16,lowrank,lowrank,8,3,stack_nonlinear,128,9401104,1632,48,78336,128,52224,52224,52224,52224,48,48,48
n16_positive1_d1_none_T32_s9401100,16,positive,block,1,1,none,32,9401100,288,16,4608,1,272,272,272,272,16,16,16
n16_positive1_d1_none_T32_s9401100,16,positive,block,1,1,none,32,9401100,288,16,4608,2,288,288,288,288,16,16,16
n16_positive1_d1_none_T32_s9401100,16,positive,block,1,1,none,32,9401100,288,16,4608,4,288,288,288,288,16,16,16
n16_positive1_d1_none_T32_s9401100,16,positive,block,1,1,none,32,9401100,288,16,4608,8,288,288,288,288,16,16,16
n16_positive1_d1_none_T32_s9401100,16,positive,block,1,1,none,32,9401100,288,16,4608,16,288,288,288,288,16,16,16
n16_positive1_d1_none_T32_s9401100,16,positive,block,1,1,none,32,9401100,288,16,4608,32,288,288,288,288,16,16,16
n16_positive1_d1_none_T32_s9401101,16,positive,block,1,1,none,32,9401101,288,16,4608,1,272,272,272,272,16,16,16
n16_positive1_d1_none_T32_s9401101,16,positive,block,1,1,none,32,9401101,288,16,4608,2,288,288,288,288,16,16,16
n16_positive1_d1_none_T32_s9401101,16,positive,block,1,1,none,32,9401101,288,16,4608,4,288,288,288,288,16,16,16
n16_positive1_d1_none_T32_s9401101,16,positive,block,1,1,none,32,9401101,288,16,4608,8,288,288,288,288,16,16,16
n16_positive1_d1_none_T32_s9401101,16,positive,block,1,1,none,32,9401101,288,16,4608,16,288,288,288,288,16,16,16
n16_positive1_d1_none_T32_s9401101,16,positive,block,1,1,none,32,9401101,288,16,4608,32,288,288,288,288,16,16,16
n16_positive1_d1_none_T32_s9401102,16,positive,block,1,1,none,32,9401102,288,16,4608,1,272,272,272,272,16,16,16
n16_positive1_d1_none_T32_s9401102,16,positive,block,1,1,none,32,9401102,288,16,4608,2,288,288,288,288,16,16,16
n16_positive1_d1_none_T32_s9401102,16,positive,block,1,1,none,32,9401102,288,16,4608,4,288,288,288,288,16,16,16
n16_positive1_d1_none_T32_s9401102,16,positive,block,1,1,none,32,9401102,288,16,4608,8,288,288,288,288,16,16,16
n16_positive1_d1_none_T32_s9401102,16,positive,block,1,1,none,32,9401102,288,16,4608,16,288,288,288,288,16,16,16
n16_positive1_d1_none_T32_s9401102,16,positive,block,1,1,none,32,9401102,288,16,4608,32,288,288,288,288,16,16,16
n16_positive1_d1_none_T32_s9401103,16,positive,block,1,1,none,32,9401103,288,16,4608,1,272,272,272,272,16,16,16
n16_positive1_d1_none_T32_s9401103,16,positive,block,1,1,none,32,9401103,288,16,4608,2,288,288,288,288,16,16,16
n16_positive1_d1_none_T32_s9401103,16,positive,block,1,1,none,32,9401103,288,16,4608,4,288,288,288,288,16,16,16
n16_positive1_d1_none_T32_s9401103,16,positive,block,1,1,none,32,9401103,288,16,4608,8,288,288,288,288,16,16,16
n16_positive1_d1_none_T32_s9401103,16,positive,block,1,1,none,32,9401103,288,16,4608,16,288,288,288,288,16,16,16
n16_positive1_d1_none_T32_s9401103,16,positive,block,1,1,none,32,9401103,288,16,4608,32,288,288,288,288,16,16,16
n16_positive1_d1_none_T32_s9401104,16,positive,block,1,1,none,32,9401104,288,16,4608,1,272,272,272,272,16,16,16
n16_positive1_d1_none_T32_s9401104,16,positive,block,1,1,none,32,9401104,288,16,4608,2,288,288,288,288,16,16,16
n16_positive1_d1_none_T32_s9401104,16,positive,block,1,1,none,32,9401104,288,16,4608,4,288,288,288,288,16,16,16
n16_positive1_d1_none_T32_s9401104,16,positive,block,1,1,none,32,9401104,288,16,4608,8,288,288,288,288,16,16,16
n16_positive1_d1_none_T32_s9401104,16,positive,block,1,1,none,32,9401104,288,16,4608,16,288,288,288,288,16,16,16
n16_positive1_d1_none_T32_s9401104,16,positive,block,1,1,none,32,9401104,288,16,4608,32,288,288,288,288,16,16,16
n16_positive1_d1_none_T128_s9401100,16,positive,block,1,1,none,128,9401100,288,16,4608,1,272,272,272,272,16,16,16
n16_positive1_d1_none_T128_s9401100,16,positive,block,1,1,none,128,9401100,288,16,4608,2,288,288,288,288,16,16,16
n16_positive1_d1_none_T128_s9401100,16,positive,block,1,1,none,128,9401100,288,16,4608,4,288,288,288,288,16,16,16
n16_positive1_d1_none_T128_s9401100,16,positive,block,1,1,none,128,9401100,288,16,4608,8,288,288,288,288,16,16,16
n16_positive1_d1_none_T128_s9401100,16,positive,block,1,1,none,128,9401100,288,16,4608,16,288,288,288,288,16,16,16
n16_positive1_d1_none_T128_s9401100,16,positive,block,1,1,none,128,9401100,288,16,4608,32,288,288,288,288,16,16,16
n16_positive1_d1_none_T128_s9401100,16,positive,block,1,1,none,128,9401100,288,16,4608,64,288,288,288,288,16,16,16
n16_positive1_d1_none_T128_s9401100,16,positive,block,1,1,none,128,9401100,288,16,4608,128,288,288,288,288,16,16,16
n16_positive1_d1_none_T128_s9401101,16,positive,block,1,1,none,128,9401101,288,16,4608,1,272,272,272,272,16,16,16
n16_positive1_d1_none_T128_s9401101,16,positive,block,1,1,none,128,9401101,288,16,4608,2,288,288,288,288,16,16,16
n16_positive1_d1_none_T128_s9401101,16,positive,block,1,1,none,128,9401101,288,16,4608,4,288,288,288,288,16,16,16
n16_positive1_d1_none_T128_s9401101,16,positive,block,1,1,none,128,9401101,288,16,4608,8,288,288,288,288,16,16,16
n16_positive1_d1_none_T128_s9401101,16,positive,block,1,1,none,128,9401101,288,16,4608,16,288,288,288,288,16,16,16
n16_positive1_d1_none_T128_s9401101,16,positive,block,1,1,none,128,9401101,288,16,4608,32,288,288,288,288,16,16,16
n16_positive1_d1_none_T128_s9401101,16,positive,block,1,1,none,128,9401101,288,16,4608,64,288,288,288,288,16,16,16
n16_positive1_d1_none_T128_s9401101,16,positive,block,1,1,none,128,9401101,288,16,4608,128,288,288,288,288,16,16,16
n16_positive1_d1_none_T128_s9401102,16,positive,block,1,1,none,128,9401102,288,16,4608,1,272,272,272,272,16,16,16
n16_positive1_d1_none_T128_s9401102,16,positive,block,1,1,none,128,9401102,288,16,4608,2,288,288,288,288,16,16,16
n16_positive1_d1_none_T128_s9401102,16,positive,block,1,1,none,128,9401102,288,16,4608,4,288,288,288,288,16,16,16
n16_positive1_d1_none_T128_s9401102,16,positive,block,1,1,none,128,9401102,288,16,4608,8,288,288,288,288,16,16,16
n16_positive1_d1_none_T128_s9401102,16,positive,block,1,1,none,128,9401102,288,16,4608,16,288,288,288,288,16,16,16
n16_positive1_d1_none_T128_s9401102,16,positive,block,1,1,none,128,9401102,288,16,4608,32,288,288,288,288,16,16,16
n16_positive1_d1_none_T128_s9401102,16,positive,block,1,1,none,128,9401102,288,16,4608,64,288,288,288,288,16,16,16
n16_positive1_d1_none_T128_s9401102,16,positive,block,1,1,none,128,9401102,288,16,4608,128,288,288,288,288,16,16,16
n16_positive1_d1_none_T128_s9401103,16,positive,block,1,1,none,128,9401103,288,16,4608,1,272,272,272,272,16,16,16
n16_positive1_d1_none_T128_s9401103,16,positive,block,1,1,none,128,9401103,288,16,4608,2,288,288,288,288,16,16,16
n16_positive1_d1_none_T128_s9401103,16,positive,block,1,1,none,128,9401103,288,16,4608,4,288,288,288,288,16,16,16
n16_positive1_d1_none_T128_s9401103,16,positive,block,1,1,none,128,9401103,288,16,4608,8,288,288,288,288,16,16,16
n16_positive1_d1_none_T128_s9401103,16,positive,block,1,1,none,128,9401103,288,16,4608,16,288,288,288,288,16,16,16
n16_positive1_d1_none_T128_s9401103,16,positive,block,1,1,none,128,9401103,288,16,4608,32,288,288,288,288,16,16,16
n16_positive1_d1_none_T128_s9401103,16,positive,block,1,1,none,128,9401103,288,16,4608,64,288,288,288,288,16,16,16
n16_positive1_d1_none_T128_s9401103,16,positive,block,1,1,none,128,9401103,288,16,4608,128,288,288,288,288,16,16,16
n16_positive1_d1_none_T128_s9401104,16,positive,block,1,1,none,128,9401104,288,16,4608,1,272,272,272,272,16,16,16
n16_positive1_d1_none_T128_s9401104,16,positive,block,1,1,none,128,9401104,288,16,4608,2,288,288,288,288,16,16,16
n16_positive1_d1_none_T128_s9401104,16,positive,block,1,1,none,128,9401104,288,16,4608,4,288,288,288,288,16,16,16
n16_positive1_d1_none_T128_s9401104,16,positive,block,1,1,none,128,9401104,288,16,4608,8,288,288,288,288,16,16,16
n16_positive1_d1_none_T128_s9401104,16,positive,block,1,1,none,128,9401104,288,16,4608,16,288,288,288,288,16,16,16
n16_positive1_d1_none_T128_s9401104,16,positive,block,1,1,none,128,9401104,288,16,4608,32,288,288,288,288,16,16,16
n16_positive1_d1_none_T128_s9401104,16,positive,block,1,1,none,128,9401104,288,16,4608,64,288,288,288,288,16,16,16
n16_positive1_d1_none_T128_s9401104,16,positive,block,1,1,none,128,9401104,288,16,4608,128,288,288,288,288,16,16,16
