id,n,axis,family,interaction,depth,mode,T,seed,P,N,full_capacity,method,exact_gate_passed,stored_derivative_scalars,all_stored_numbers,derivative_bytes,index_bytes,seconds,cpu_seconds,derivative_seconds_per_step,derivative_to_inference_ratio,total_to_inference_ratio,estimated_contraction_operations_per_step,inference_seconds_per_step,peak_process_rss
n8_block1_d1_stack_nonlinear_T32_s9401100,8,block,block,1,1,stack_nonlinear,32,9401100,80,8,640,BPTT,True,2505,2505,20040,0,0.004597599967382848,0.0078125,8.800937575870194e-05,1.5518514369110015,2.533392058451935,,5.671250073646661e-05,292847616
n8_block1_d1_stack_nonlinear_T32_s9401100,8,block,block,1,1,stack_nonlinear,32,9401100,80,8,640,RTRL,True,640,640,5120,0,0.005671300052199513,0.0,0.00017552969075040892,3.0950793647077153,3.125027539427046,10880,5.671250073646661e-05,292847616
n8_block1_d1_stack_nonlinear_T32_s9401100,8,block,block,1,1,stack_nonlinear,32,9401100,80,8,640,packed_exact,True,80,168,1344,704,0.010592449980322272,0.015625,0.00032357968666474335,5.705614854974627,5.836703682372204,240,5.671250073646661e-05,292847616
n8_block1_d1_stack_nonlinear_T32_s9401100,8,block,block,1,1,stack_nonlinear,32,9401100,80,8,640,SnAp1,True,80,168,1344,704,0.01037944998824969,0.0,0.0003160562482662499,5.572955594656455,5.719335383217161,240,5.671250073646661e-05,292847616
n8_block1_d1_stack_nonlinear_T32_s9401100,8,block,block,1,1,stack_nonlinear,32,9401100,80,8,640,SnAp2,True,80,168,1344,704,0.010646949987858534,0.015625,0.0003256156251154607,5.74151414391937,5.866734543529646,240,5.671250073646661e-05,292847616
n8_block1_d1_stack_nonlinear_T32_s9401100,8,block,block,1,1,stack_nonlinear,32,9401100,80,8,640,local_block,True,80,168,1344,704,0.010728450026363134,0.0078125,0.00032774843930383213,5.779121623058444,5.911643094029009,240,5.671250073646661e-05,292847616
n8_block1_d1_stack_nonlinear_T32_s9401100,8,block,block,1,1,stack_nonlinear,32,9401100,80,8,640,online_kronecker_sum,True,2432,2448,19584,128,0.008018799999263138,0.0078125,0.0002483109401509864,4.378416344305559,4.418558461059772,,5.671250073646661e-05,292847616
n8_block1_d1_stack_nonlinear_T32_s9401101,8,block,block,1,1,stack_nonlinear,32,9401101,80,8,640,BPTT,True,2505,2505,20040,0,0.004658999969251454,0.0078125,8.393906318815425e-05,1.9413485901681056,3.3673025251757798,,4.323750181356445e-05,293117952
n8_block1_d1_stack_nonlinear_T32_s9401101,8,block,block,1,1,stack_nonlinear,32,9401101,80,8,640,RTRL,True,640,640,5120,0,0.005451450007967651,0.0078125,0.00016890312144823838,3.9064033388545627,3.940047542144179,10880,4.323750181356445e-05,293117952
n8_block1_d1_stack_nonlinear_T32_s9401101,8,block,block,1,1,stack_nonlinear,32,9401101,80,8,640,packed_exact,True,80,168,1344,704,0.010416749981231987,0.0078125,0.0003181171869073296,7.357436798245592,7.528729072209638,240,4.323750181356445e-05,293117952
n8_block1_d1_stack_nonlinear_T32_s9401101,8,block,block,1,1,stack_nonlinear,32,9401101,80,8,640,SnAp1,True,80,168,1344,704,0.010550800012424588,0.015625,0.00032280312370858155,7.465813476006884,7.6256140285337,240,4.323750181356445e-05,293117952
n8_block1_d1_stack_nonlinear_T32_s9401101,8,block,block,1,1,stack_nonlinear,32,9401101,80,8,640,SnAp2,True,80,168,1344,704,0.010589550016447902,0.0078125,0.0003243281207687687,7.501083715873257,7.653620679587454,240,4.323750181356445e-05,293117952
n8_block1_d1_stack_nonlinear_T32_s9401101,8,block,block,1,1,stack_nonlinear,32,9401101,80,8,640,local_block,True,80,168,1344,704,0.01086224993923679,0.015625,0.0003324109347886406,7.688023610197497,7.850715151509032,240,4.323750181356445e-05,293117952
n8_block1_d1_stack_nonlinear_T32_s9401101,8,block,block,1,1,stack_nonlinear,32,9401101,80,8,640,online_kronecker_sum,True,2432,2448,19584,128,0.007454849954228848,0.0078125,0.00023091718685464002,5.340669029638451,5.388009281252372,,4.323750181356445e-05,293117952
n8_block1_d1_stack_nonlinear_T32_s9401102,8,block,block,1,1,stack_nonlinear,32,9401102,80,8,640,BPTT,True,2505,2505,20040,0,0.004457299946807325,0.0,8.478437484882306e-05,2.2074774435532944,3.626622354234213,,3.8407810279750265e-05,293232640
n8_block1_d1_stack_nonlinear_T32_s9401102,8,block,block,1,1,stack_nonlinear,32,9401102,80,8,640,RTRL,True,640,640,5120,0,0.005705800023861229,0.0078125,0.00017614687385503203,4.5862253685392185,4.642447706519519,10880,3.8407810279750265e-05,293232640
n8_block1_d1_stack_nonlinear_T32_s9401102,8,block,block,1,1,stack_nonlinear,32,9401102,80,8,640,packed_exact,True,80,168,1344,704,0.010612949961796403,0.0078125,0.0003244531235395698,8.447581915666541,8.635084476060218,240,3.8407810279750265e-05,293232640
n8_block1_d1_stack_nonlinear_T32_s9401102,8,block,block,1,1,stack_nonlinear,32,9401102,80,8,640,SnAp1,True,80,168,1344,704,0.010374500008765608,0.0078125,0.0003169312494719634,8.251739611384691,8.44107286805816,240,3.8407810279750265e-05,293232640
n8_block1_d1_stack_nonlinear_T32_s9401102,8,block,block,1,1,stack_nonlinear,32,9401102,80,8,640,SnAp2,True,80,168,1344,704,0.010540350049268454,0.0078125,0.00032267031201627105,8.40116397331801,8.576014530391003,240,3.8407810279750265e-05,293232640
n8_block1_d1_stack_nonlinear_T32_s9401102,8,block,block,1,1,stack_nonlinear,32,9401102,80,8,640,local_block,True,80,168,1344,704,0.010340050037484616,0.0078125,0.00031563905940856785,8.218095671415616,8.413043110706994,240,3.8407810279750265e-05,293232640
n8_block1_d1_stack_nonlinear_T32_s9401102,8,block,block,1,1,stack_nonlinear,32,9401102,80,8,640,online_kronecker_sum,True,2432,2448,19584,128,0.0074573500314727426,0.0078125,0.0002311109365109587,6.0172900987486715,6.067572891714422,,3.8407810279750265e-05,293232640
n8_block1_d1_stack_nonlinear_T32_s9401103,8,block,block,1,1,stack_nonlinear,32,9401103,80,8,640,BPTT,True,2505,2505,20040,0,0.004767249978613108,0.0078125,8.608124880993273e-05,2.0756536881402687,3.5922312267461027,,4.1471874283161014e-05,293244928
n8_block1_d1_stack_nonlinear_T32_s9401103,8,block,block,1,1,stack_nonlinear,32,9401103,80,8,640,RTRL,True,640,640,5120,0,0.005629100021906197,0.0078125,0.0001739515682857018,4.194446749572927,4.241654825713865,10880,4.1471874283161014e-05,293244928
n8_block1_d1_stack_nonlinear_T32_s9401103,8,block,block,1,1,stack_nonlinear,32,9401103,80,8,640,packed_exact,True,80,168,1344,704,0.010475500021129847,0.0078125,0.0003202046864316799,7.721008321094709,7.89352739220727,240,4.1471874283161014e-05,293244928
n8_block1_d1_stack_nonlinear_T32_s9401103,8,block,block,1,1,stack_nonlinear,32,9401103,80,8,640,SnAp1,True,80,168,1344,704,0.011343150050379336,0.0078125,0.00034719374889391474,8.371788227446647,8.547321412436922,240,4.1471874283161014e-05,293244928
n8_block1_d1_stack_nonlinear_T32_s9401103,8,block,block,1,1,stack_nonlinear,32,9401103,80,8,640,SnAp2,True,80,168,1344,704,0.010756749950814992,0.0078125,0.0003260812536609592,7.862708384833217,8.105455607523776,240,4.1471874283161014e-05,293244928
n8_block1_d1_stack_nonlinear_T32_s9401103,8,block,block,1,1,stack_nonlinear,32,9401103,80,8,640,local_block,True,80,168,1344,704,0.010250049992464483,0.0078125,0.00031328906334238127,7.554253786634072,7.723645670737708,240,4.1471874283161014e-05,293244928
n8_block1_d1_stack_nonlinear_T32_s9401103,8,block,block,1,1,stack_nonlinear,32,9401103,80,8,640,online_kronecker_sum,True,2432,2448,19584,128,0.007262649945914745,0.0078125,0.00022512343821290415,5.428340100469293,5.47257182687758,,4.1471874283161014e-05,293244928
n8_block1_d1_stack_nonlinear_T32_s9401104,8,block,block,1,1,stack_nonlinear,32,9401104,80,8,640,BPTT,True,2505,2505,20040,0,0.004871199955232441,0.0,9.173906073556282e-05,1.8815254231597294,3.122063847305473,,4.875781087321229e-05,293257216
n8_block1_d1_stack_nonlinear_T32_s9401104,8,block,block,1,1,stack_nonlinear,32,9401104,80,8,640,RTRL,True,640,640,5120,0,0.006115050055086613,0.0078125,0.00018926562552223913,3.8817498598203537,3.919275923161781,10880,4.875781087321229e-05,293257216
n8_block1_d1_stack_nonlinear_T32_s9401104,8,block,block,1,1,stack_nonlinear,32,9401104,80,8,640,packed_exact,True,80,168,1344,704,0.01103210001019761,0.015625,0.0003364515650901012,6.900464952476955,7.0707260876653475,240,4.875781087321229e-05,293257216
n8_block1_d1_stack_nonlinear_T32_s9401104,8,block,block,1,1,stack_nonlinear,32,9401104,80,8,640,SnAp1,True,80,168,1344,704,0.011845750035718083,0.0078125,0.00036235312654753216,7.4316939185350135,7.59221306261656,240,4.875781087321229e-05,293257216
n8_block1_d1_stack_nonlinear_T32_s9401104,8,block,block,1,1,stack_nonlinear,32,9401104,80,8,640,SnAp2,True,80,168,1344,704,0.011237749946303666,0.015625,0.0003438671883486677,7.052555932891349,7.202531851464416,240,4.875781087321229e-05,293257216
n8_block1_d1_stack_nonlinear_T32_s9401104,8,block,block,1,1,stack_nonlinear,32,9401104,80,8,640,local_block,True,80,168,1344,704,0.010631299985107034,0.0078125,0.000324542188536725,6.656209184219745,6.813844153063116,240,4.875781087321229e-05,293257216
n8_block1_d1_stack_nonlinear_T32_s9401104,8,block,block,1,1,stack_nonlinear,32,9401104,80,8,640,online_kronecker_sum,True,2432,2448,19584,128,0.008063149987719953,0.0078125,0.0002495734388503479,5.118635032637702,5.167857879663002,,4.875781087321229e-05,293257216
n8_block1_d1_stack_nonlinear_T128_s9401100,8,block,block,1,1,stack_nonlinear,128,9401100,80,8,640,BPTT,True,10185,10185,81480,0,0.01728245004778728,0.015625,8.16753904473444e-05,1.9947814353356854,3.297611121333958,,4.0944531065179035e-05,295079936
n8_block1_d1_stack_nonlinear_T128_s9401100,8,block,block,1,1,stack_nonlinear,128,9401100,80,8,640,RTRL,True,640,640,5120,0,0.02266205003252253,0.0234375,0.00017584648230695166,4.294748962371167,4.324076043202037,10880,4.0944531065179035e-05,295079936
n8_block1_d1_stack_nonlinear_T128_s9401100,8,block,block,1,1,stack_nonlinear,128,9401100,80,8,640,packed_exact,True,80,168,1344,704,0.04243435000535101,0.046875,0.00032867968820937676,8.027438089012573,8.096767768302566,240,4.0944531065179035e-05,295079936
n8_block1_d1_stack_nonlinear_T128_s9401100,8,block,block,1,1,stack_nonlinear,128,9401100,80,8,640,SnAp1,True,80,168,1344,704,0.042811700026504695,0.0390625,0.00033181250273628393,8.103951714774219,8.168768764859841,240,4.0944531065179035e-05,295079936
n8_block1_d1_stack_nonlinear_T128_s9401100,8,block,block,1,1,stack_nonlinear,128,9401100,80,8,640,SnAp2,True,80,168,1344,704,0.04406995000317693,0.046875,0.0003404789044907375,8.315613725035313,8.408851571696815,240,4.0944531065179035e-05,295079936
n8_block1_d1_stack_nonlinear_T128_s9401100,8,block,block,1,1,stack_nonlinear,128,9401100,80,8,640,local_block,True,80,168,1344,704,0.04145945003256202,0.0390625,0.0003213851564396464,7.849281651999818,7.910750103933922,240,4.0944531065179035e-05,295079936
n8_block1_d1_stack_nonlinear_T128_s9401101,8,block,block,1,1,stack_nonlinear,128,9401101,80,8,640,BPTT,True,10185,10185,81480,0,0.017827500007115304,0.0234375,8.425039050052874e-05,2.148623751026684,3.551967024754837,,3.9211327930388507e-05,295137280
n8_block1_d1_stack_nonlinear_T128_s9401101,8,block,block,1,1,stack_nonlinear,128,9401101,80,8,640,RTRL,True,640,640,5120,0,0.022586500039324164,0.0234375,0.00017526484316476854,4.469750258800582,4.500154441861355,10880,3.9211327930388507e-05,295137280
n8_block1_d1_stack_nonlinear_T128_s9401101,8,block,block,1,1,stack_nonlinear,128,9401101,80,8,640,packed_exact,True,80,168,1344,704,0.04063965001842007,0.0390625,0.0003144335937577125,8.018947848844178,8.09708016858181,240,3.9211327930388507e-05,295137280
n8_block1_d1_stack_nonlinear_T128_s9401101,8,block,block,1,1,stack_nonlinear,128,9401101,80,8,640,SnAp1,True,80,168,1344,704,0.040167649975046515,0.0390625,0.0003113152361038374,7.93942089022112,8.003038458354544,240,3.9211327930388507e-05,295137280
n8_block1_d1_stack_nonlinear_T128_s9401101,8,block,block,1,1,stack_nonlinear,128,9401101,80,8,640,SnAp2,True,80,168,1344,704,0.040370100003201514,0.0390625,0.00031275859464585665,7.976230623994525,8.043374782790401,240,3.9211327930388507e-05,295137280
n8_block1_d1_stack_nonlinear_T128_s9401101,8,block,block,1,1,stack_nonlinear,128,9401101,80,8,640,local_block,True,80,168,1344,704,0.04075464996276423,0.0390625,0.0003158410167998227,8.054841125516896,8.119992860209692,240,3.9211327930388507e-05,295137280
n8_block1_d1_stack_nonlinear_T128_s9401102,8,block,block,1,1,stack_nonlinear,128,9401102,80,8,640,BPTT,True,10185,10185,81480,0,0.019824250019155443,0.015625,9.103124966713949e-05,2.4453818660309303,4.160475599190514,,3.722578094311757e-05,295219200
n8_block1_d1_stack_nonlinear_T128_s9401102,8,block,block,1,1,stack_nonlinear,128,9401102,80,8,640,RTRL,True,640,640,5120,0,0.023832150036469102,0.0078125,0.00018472226520316326,4.962213297430241,5.0016055390327026,10880,3.722578094311757e-05,295219200
n8_block1_d1_stack_nonlinear_T128_s9401102,8,block,block,1,1,stack_nonlinear,128,9401102,80,8,640,packed_exact,True,80,168,1344,704,0.04388725006720051,0.046875,0.00033984335868808557,9.12924726031616,9.210529167243564,240,3.722578094311757e-05,295219200
n8_block1_d1_stack_nonlinear_T128_s9401102,8,block,block,1,1,stack_nonlinear,128,9401102,80,8,640,SnAp1,True,80,168,1344,704,0.04296630003955215,0.0390625,0.0003329773458062846,8.944804846809978,9.017251231664538,240,3.722578094311757e-05,295219200
n8_block1_d1_stack_nonlinear_T128_s9401102,8,block,block,1,1,stack_nonlinear,128,9401102,80,8,640,SnAp2,True,80,168,1344,704,0.044109400012530386,0.046875,0.0003418371084080718,9.182805565057508,9.257151330806543,240,3.722578094311757e-05,295219200
n8_block1_d1_stack_nonlinear_T128_s9401102,8,block,block,1,1,stack_nonlinear,128,9401102,80,8,640,local_block,True,80,168,1344,704,0.04489409999223426,0.046875,0.0003479749980215274,9.347688327969443,9.421834742037165,240,3.722578094311757e-05,295219200
n8_block1_d1_stack_nonlinear_T128_s9401103,8,block,block,1,1,stack_nonlinear,128,9401103,80,8,640,BPTT,True,10185,10185,81480,0,0.0200685000163503,0.015625,9.309257848144625e-05,2.3353193034898334,3.9331105461062577,,3.9862890844233334e-05,295317504
n8_block1_d1_stack_nonlinear_T128_s9401103,8,block,block,1,1,stack_nonlinear,128,9401103,80,8,640,RTRL,True,640,640,5120,0,0.02412789996014908,0.03125,0.00018719335912464885,4.69593035427657,4.728689125312984,10880,3.9862890844233334e-05,295317504
n8_block1_d1_stack_nonlinear_T128_s9401103,8,block,block,1,1,stack_nonlinear,128,9401103,80,8,640,packed_exact,True,80,168,1344,704,0.04260240006260574,0.0390625,0.0003297667963124695,8.27252588381142,8.349400744408268,240,3.9862890844233334e-05,295317504
n8_block1_d1_stack_nonlinear_T128_s9401103,8,block,block,1,1,stack_nonlinear,128,9401103,80,8,640,SnAp1,True,80,168,1344,704,0.04153885005507618,0.046875,0.00032181367078010226,8.073013872416045,8.140961660893414,240,3.9862890844233334e-05,295317504
n8_block1_d1_stack_nonlinear_T128_s9401103,8,block,block,1,1,stack_nonlinear,128,9401103,80,8,640,SnAp2,True,80,168,1344,704,0.0422149000223726,0.0390625,0.000327107421526307,8.205812839929225,8.273456827642399,240,3.9862890844233334e-05,295317504
n8_block1_d1_stack_nonlinear_T128_s9401103,8,block,block,1,1,stack_nonlinear,128,9401103,80,8,640,local_block,True,80,168,1344,704,0.044329750002361834,0.046875,0.0003434832010498212,8.616615447986517,8.687934180356923,240,3.9862890844233334e-05,295317504
n8_block1_d1_stack_nonlinear_T128_s9401104,8,block,block,1,1,stack_nonlinear,128,9401104,80,8,640,BPTT,True,10185,10185,81480,0,0.01803325000219047,0.015625,8.448710923403269e-05,1.9695937551273526,3.284356123874943,,4.289570324544911e-05,295354368
n8_block1_d1_stack_nonlinear_T128_s9401104,8,block,block,1,1,stack_nonlinear,128,9401104,80,8,640,RTRL,True,640,640,5120,0,0.021986700012348592,0.0234375,0.00017053242299880367,3.97551293244961,4.004389270962632,10880,4.289570324544911e-05,295354368
n8_block1_d1_stack_nonlinear_T128_s9401104,8,block,block,1,1,stack_nonlinear,128,9401104,80,8,640,packed_exact,True,80,168,1344,704,0.040968699962832034,0.03125,0.00031737109429741395,7.398668637775147,7.461539134309026,240,4.289570324544911e-05,295354368
n8_block1_d1_stack_nonlinear_T128_s9401104,8,block,block,1,1,stack_nonlinear,128,9401104,80,8,640,SnAp1,True,80,168,1344,704,0.041724200011231005,0.0390625,0.0003232273429603083,7.535191604408539,7.599136694939838,240,4.289570324544911e-05,295354368
n8_block1_d1_stack_nonlinear_T128_s9401104,8,block,block,1,1,stack_nonlinear,128,9401104,80,8,640,SnAp2,True,80,168,1344,704,0.040908650029450655,0.0390625,0.0003171249995830294,7.392931589638265,7.450602372138288,240,4.289570324544911e-05,295354368
n8_block1_d1_stack_nonlinear_T128_s9401104,8,block,block,1,1,stack_nonlinear,128,9401104,80,8,640,local_block,True,80,168,1344,704,0.042471749940887094,0.046875,0.00032932656358752865,7.677378820510829,7.7352863179456754,240,4.289570324544911e-05,295354368
n8_block1_d2_stack_nonlinear_T32_s9401100,8,block,block,1,2,stack_nonlinear,32,9401100,160,16,2560,BPTT,True,5257,5257,42056,0,0.010072600038256496,0.015625,0.00018837343668565154,1.8329836584370303,3.062883956886258,,0.0001027687485475326,296046592
n8_block1_d2_stack_nonlinear_T32_s9401100,8,block,block,1,2,stack_nonlinear,32,9401100,160,16,2560,RTRL,True,2560,2560,20480,0,0.014422900043427944,0.015625,0.00044866875214211177,4.365809241460146,4.38572652413548,84480,0.0001027687485475326,296046592
n8_block1_d2_stack_nonlinear_T32_s9401100,8,block,block,1,2,stack_nonlinear,32,9401100,160,16,2560,packed_exact,True,800,1040,8320,1920,0.023903699999209493,0.0234375,0.0007333453104365617,7.135878570102222,7.2686554573523745,13920,0.0001027687485475326,296046592
n8_block1_d2_stack_nonlinear_T32_s9401100,8,block,block,1,2,stack_nonlinear,32,9401100,160,16,2560,SnAp1,True,800,1040,8320,1920,0.02230065001640469,0.0234375,0.0006843937480880413,6.659551252309894,6.781198787200552,13920,0.0001027687485475326,296046592
n8_block1_d2_stack_nonlinear_T32_s9401100,8,block,block,1,2,stack_nonlinear,32,9401100,160,16,2560,SnAp2,True,800,1040,8320,1920,0.023002399946562946,0.0234375,0.0007067265651130583,6.876862617298324,6.994587445011273,13920,0.0001027687485475326,296046592
n8_block1_d2_stack_nonlinear_T32_s9401100,8,block,block,1,2,stack_nonlinear,32,9401100,160,16,2560,local_block,False,160,336,2688,1408,0.022739849984645844,0.0234375,0.000698984373229905,6.801526564338874,6.914751050914146,480,0.0001027687485475326,296046592
n8_block1_d2_stack_nonlinear_T32_s9401101,8,block,block,1,2,stack_nonlinear,32,9401101,160,16,2560,BPTT,True,5257,5257,42056,0,0.01203884999267757,0.0078125,0.00024249218586192,2.765709014397044,4.290854237912632,,8.767812687437981e-05,296210432
n8_block1_d2_stack_nonlinear_T32_s9401101,8,block,block,1,2,stack_nonlinear,32,9401101,160,16,2560,RTRL,True,2560,2560,20480,0,0.017385900020599365,0.015625,0.0005405359370342921,6.165003248857506,6.196635295621138,84480,8.767812687437981e-05,296210432
n8_block1_d2_stack_nonlinear_T32_s9401101,8,block,block,1,2,stack_nonlinear,32,9401101,160,16,2560,packed_exact,True,800,1040,8320,1920,0.029458300035912544,0.0234375,0.0008943046850617975,10.199860751394768,10.499447341538323,13920,8.767812687437981e-05,296210432
n8_block1_d2_stack_nonlinear_T32_s9401101,8,block,block,1,2,stack_nonlinear,32,9401101,160,16,2560,SnAp1,True,800,1040,8320,1920,0.027494699985254556,0.03125,0.000844007809064351,9.626207118607779,9.799586341188958,13920,8.767812687437981e-05,296210432
n8_block1_d2_stack_nonlinear_T32_s9401101,8,block,block,1,2,stack_nonlinear,32,9401101,160,16,2560,SnAp2,True,800,1040,8320,1920,0.024521750048734248,0.0234375,0.000751757816033205,8.57406337056311,8.739975594150895,13920,8.767812687437981e-05,296210432
n8_block1_d2_stack_nonlinear_T32_s9401101,8,block,block,1,2,stack_nonlinear,32,9401101,160,16,2560,local_block,False,160,336,2688,1408,0.022226949979085475,0.0234375,0.0006816968761995668,7.774993610165314,7.92206918199328,480,8.767812687437981e-05,296210432
n8_block1_d2_stack_nonlinear_T32_s9401102,8,block,block,1,2,stack_nonlinear,32,9401102,160,16,2560,BPTT,True,5257,5257,42056,0,0.009416699991561472,0.0078125,0.00018219843877886888,2.308044012466177,3.727762120654772,,7.894062582636252e-05,296304640
n8_block1_d2_stack_nonlinear_T32_s9401102,8,block,block,1,2,stack_nonlinear,32,9401102,160,16,2560,RTRL,True,2560,2560,20480,0,0.01277279999339953,0.015625,0.0003972749982494861,5.03257979134002,5.056331839472669,84480,7.894062582636252e-05,296304640
n8_block1_d2_stack_nonlinear_T32_s9401102,8,block,block,1,2,stack_nonlinear,32,9401102,160,16,2560,packed_exact,True,800,1040,8320,1920,0.02351794997230172,0.0234375,0.0007206968766695354,9.12960682950218,9.309983661023804,13920,7.894062582636252e-05,296304640
n8_block1_d2_stack_nonlinear_T32_s9401102,8,block,block,1,2,stack_nonlinear,32,9401102,160,16,2560,SnAp1,True,800,1040,8320,1920,0.023834349995013326,0.015625,0.0007318343723454745,9.270693824434765,9.435236034009625,13920,7.894062582636252e-05,296304640
n8_block1_d2_stack_nonlinear_T32_s9401102,8,block,block,1,2,stack_nonlinear,32,9401102,160,16,2560,SnAp2,True,800,1040,8320,1920,0.022936400026082993,0.0234375,0.0007037906270852545,8.915442710491167,9.079767145394584,13920,7.894062582636252e-05,296304640
n8_block1_d2_stack_nonlinear_T32_s9401102,8,block,block,1,2,stack_nonlinear,32,9401102,160,16,2560,local_block,False,160,336,2688,1408,0.022763749992009252,0.0234375,0.0006990625006437767,8.855547993518973,9.011420669694328,480,7.894062582636252e-05,296304640
n8_block1_d2_stack_nonlinear_T32_s9401103,8,block,block,1,2,stack_nonlinear,32,9401103,160,16,2560,BPTT,True,5257,5257,42056,0,0.009278849989641458,0.015625,0.00017824218775785994,2.183044698114718,3.551373087036488,,8.164843711711e-05,296308736
n8_block1_d2_stack_nonlinear_T32_s9401103,8,block,block,1,2,stack_nonlinear,32,9401103,160,16,2560,RTRL,True,2560,2560,20480,0,0.01226619997760281,0.0078125,0.000381615625883569,4.673887698991837,4.694746927614621,84480,8.164843711711e-05,296308736
n8_block1_d2_stack_nonlinear_T32_s9401103,8,block,block,1,2,stack_nonlinear,32,9401103,160,16,2560,packed_exact,True,800,1040,8320,1920,0.022573299997020513,0.0234375,0.000692320312737138,8.479284321684307,8.63967088427056,13920,8.164843711711e-05,296308736
n8_block1_d2_stack_nonlinear_T32_s9401103,8,block,block,1,2,stack_nonlinear,32,9401103,160,16,2560,SnAp1,True,800,1040,8320,1920,0.021843750029802322,0.0234375,0.0006705140585836489,8.21220934850127,8.360444027265714,13920,8.164843711711e-05,296308736
n8_block1_d2_stack_nonlinear_T32_s9401103,8,block,block,1,2,stack_nonlinear,32,9401103,160,16,2560,SnAp2,True,800,1040,8320,1920,0.02308469999115914,0.0234375,0.000707431250702939,8.66435752699413,8.83540334873782,13920,8.164843711711e-05,296308736
n8_block1_d2_stack_nonlinear_T32_s9401103,8,block,block,1,2,stack_nonlinear,32,9401103,160,16,2560,local_block,False,160,336,2688,1408,0.022651250008493662,0.0234375,0.0006943640619283542,8.504315409398636,8.669505354403062,480,8.164843711711e-05,296308736
n8_block1_d2_stack_nonlinear_T32_s9401104,8,block,block,1,2,stack_nonlinear,32,9401104,160,16,2560,BPTT,True,5257,5257,42056,0,0.009670250001363456,0.0078125,0.0001837625004554866,2.194138193877763,3.60823495336133,,8.375156176043674e-05,296443904
n8_block1_d2_stack_nonlinear_T32_s9401104,8,block,block,1,2,stack_nonlinear,32,9401104,160,16,2560,RTRL,True,2560,2560,20480,0,0.01274920004652813,0.015625,0.00039666406155447476,4.736198982045183,4.757075487065239,84480,8.375156176043674e-05,296443904
n8_block1_d2_stack_nonlinear_T32_s9401104,8,block,block,1,2,stack_nonlinear,32,9401104,160,16,2560,packed_exact,True,800,1040,8320,1920,0.022034650028217584,0.0234375,0.0006757812498108251,8.068879380946138,8.221731020985903,13920,8.375156176043674e-05,296443904
n8_block1_d2_stack_nonlinear_T32_s9401104,8,block,block,1,2,stack_nonlinear,32,9401104,160,16,2560,SnAp1,True,800,1040,8320,1920,0.02291075000539422,0.0234375,0.0007035156231722794,8.400029902542212,8.548627901608647,13920,8.375156176043674e-05,296443904
n8_block1_d2_stack_nonlinear_T32_s9401104,8,block,block,1,2,stack_nonlinear,32,9401104,160,16,2560,SnAp2,True,800,1040,8320,1920,0.023899200023151934,0.0234375,0.0007303890652110567,8.720900838843628,8.917445657428935,13920,8.375156176043674e-05,296443904
n8_block1_d2_stack_nonlinear_T32_s9401104,8,block,block,1,2,stack_nonlinear,32,9401104,160,16,2560,local_block,False,160,336,2688,1408,0.023430550005286932,0.0234375,0.0007173046833486296,8.564672326952069,8.74257950866179,480,8.375156176043674e-05,296443904
n8_block1_d2_stack_nonlinear_T128_s9401100,8,block,block,1,2,stack_nonlinear,128,9401100,160,16,2560,BPTT,True,21385,21385,171080,0,0.04487790004350245,0.046875,0.00021809726604260504,2.7505653014037157,4.421751133226621,,7.929179719212698e-05,299364352
n8_block1_d2_stack_nonlinear_T128_s9401100,8,block,block,1,2,stack_nonlinear,128,9401100,160,16,2560,RTRL,True,2560,2560,20480,0,0.053404350008349866,0.0546875,0.00041572851387172705,5.243020445915753,5.261849260766408,84480,7.929179719212698e-05,299364352
n8_block1_d2_stack_nonlinear_T128_s9401100,8,block,block,1,2,stack_nonlinear,128,9401100,160,16,2560,packed_exact,True,800,1040,8320,1920,0.08737694995943457,0.0859375,0.0006782238292544207,8.553518185633491,8.609117786850495,13920,7.929179719212698e-05,299364352
n8_block1_d2_stack_nonlinear_T128_s9401100,8,block,block,1,2,stack_nonlinear,128,9401100,160,16,2560,SnAp1,True,800,1040,8320,1920,0.08669989998452365,0.0859375,0.0006732457068210351,8.490735872586363,8.542409084105683,13920,7.929179719212698e-05,299364352
n8_block1_d2_stack_nonlinear_T128_s9401100,8,block,block,1,2,stack_nonlinear,128,9401100,160,16,2560,SnAp2,True,800,1040,8320,1920,0.08807399997022003,0.0859375,0.0006839687475803657,8.625971056288256,8.677797062665954,13920,7.929179719212698e-05,299364352
n8_block1_d2_stack_nonlinear_T128_s9401100,8,block,block,1,2,stack_nonlinear,128,9401100,160,16,2560,local_block,False,160,336,2688,1408,0.08750480000162497,0.078125,0.0006796035163461056,8.570918309486679,8.621714656766212,480,7.929179719212698e-05,299364352
n8_block1_d2_stack_nonlinear_T128_s9401101,8,block,block,1,2,stack_nonlinear,128,9401101,160,16,2560,BPTT,True,21385,21385,171080,0,0.03852985001867637,0.0390625,0.000185914062512893,2.3693931420589855,3.836297112765559,,7.846484368201345e-05,299364352
n8_block1_d2_stack_nonlinear_T128_s9401101,8,block,block,1,2,stack_nonlinear,128,9401101,160,16,2560,RTRL,True,2560,2560,20480,0,0.053893799951765686,0.0546875,0.0004195601527499093,5.3471100312162525,5.366037735695967,84480,7.846484368201345e-05,299364352
n8_block1_d2_stack_nonlinear_T128_s9401101,8,block,block,1,2,stack_nonlinear,128,9401101,160,16,2560,packed_exact,True,800,1040,8320,1920,0.09703025000635535,0.1015625,0.0007531683586421423,9.59880021802416,9.660999660519545,13920,7.846484368201345e-05,299364352
n8_block1_d2_stack_nonlinear_T128_s9401101,8,block,block,1,2,stack_nonlinear,128,9401101,160,16,2560,SnAp1,True,800,1040,8320,1920,0.09019764995900914,0.0859375,0.0007004820295151148,8.927336073641944,8.980698963226134,13920,7.846484368201345e-05,299364352
n8_block1_d2_stack_nonlinear_T128_s9401101,8,block,block,1,2,stack_nonlinear,128,9401101,160,16,2560,SnAp2,True,800,1040,8320,1920,0.08802754996577278,0.09375,0.0006832558583482751,8.707796081481243,8.764628868625978,13920,7.846484368201345e-05,299364352
n8_block1_d2_stack_nonlinear_T128_s9401101,8,block,block,1,2,stack_nonlinear,128,9401101,160,16,2560,local_block,False,160,336,2688,1408,0.08726025000214577,0.078125,0.0006778335941817204,8.638691704130682,8.688231202046415,480,7.846484368201345e-05,299364352
n8_block1_d2_stack_nonlinear_T128_s9401102,8,block,block,1,2,stack_nonlinear,128,9401102,160,16,2560,BPTT,True,21385,21385,171080,0,0.037980199966114014,0.0390625,0.0001841921875893604,2.2659567309086865,3.6502926508793205,,8.128671879603644e-05,299364352
n8_block1_d2_stack_nonlinear_T128_s9401102,8,block,block,1,2,stack_nonlinear,128,9401102,160,16,2560,RTRL,True,2560,2560,20480,0,0.050927700009197,0.0546875,0.0003963417980230588,4.875849387125029,4.894682209035751,84480,8.128671879603644e-05,299364352
n8_block1_d2_stack_nonlinear_T128_s9401102,8,block,block,1,2,stack_nonlinear,128,9401102,160,16,2560,packed_exact,True,800,1040,8320,1920,0.09709154994925484,0.09375,0.0007537351561950345,9.272549899403577,9.331508827190346,13920,8.128671879603644e-05,299364352
n8_block1_d2_stack_nonlinear_T128_s9401102,8,block,block,1,2,stack_nonlinear,128,9401102,160,16,2560,SnAp1,True,800,1040,8320,1920,0.08965040009934455,0.09375,0.0006959679690226039,8.561890298080767,8.616336852438934,13920,8.128671879603644e-05,299364352
n8_block1_d2_stack_nonlinear_T128_s9401102,8,block,block,1,2,stack_nonlinear,128,9401102,160,16,2560,SnAp2,True,800,1040,8320,1920,0.08693585003493354,0.0859375,0.0006752406238774711,8.306899747937617,8.355440328476336,13920,8.128671879603644e-05,299364352
n8_block1_d2_stack_nonlinear_T128_s9401102,8,block,block,1,2,stack_nonlinear,128,9401102,160,16,2560,local_block,False,160,336,2688,1408,0.08513004996348172,0.0859375,0.0006612257811866584,8.134487293622927,8.181884140366241,480,8.128671879603644e-05,299364352
n8_block1_d2_stack_nonlinear_T128_s9401103,8,block,block,1,2,stack_nonlinear,128,9401103,160,16,2560,BPTT,True,21385,21385,171080,0,0.03777669998817146,0.0390625,0.0001808312495086284,2.287193671543464,3.7328754959528534,,7.90624999353895e-05,299364352
n8_block1_d2_stack_nonlinear_T128_s9401103,8,block,block,1,2,stack_nonlinear,128,9401103,160,16,2560,RTRL,True,2560,2560,20480,0,0.05027830001199618,0.046875,0.0003914125009032432,4.950671952229042,4.968211467696048,84480,7.90624999353895e-05,299364352
n8_block1_d2_stack_nonlinear_T128_s9401103,8,block,block,1,2,stack_nonlinear,128,9401103,160,16,2560,packed_exact,True,800,1040,8320,1920,0.08858145005069673,0.0859375,0.0006872351568745216,8.692302386544009,8.753107719672549,13920,7.90624999353895e-05,299364352
n8_block1_d2_stack_nonlinear_T128_s9401103,8,block,block,1,2,stack_nonlinear,128,9401103,160,16,2560,SnAp1,True,800,1040,8320,1920,0.08961425005691126,0.0859375,0.0006961101557863003,8.804555337298556,8.855163056338412,13920,7.90624999353895e-05,299364352
n8_block1_d2_stack_nonlinear_T128_s9401103,8,block,block,1,2,stack_nonlinear,128,9401103,160,16,2560,SnAp2,True,800,1040,8320,1920,0.08822419994976372,0.0859375,0.0006852351557427028,8.667005929520094,8.717806326270873,13920,7.90624999353895e-05,299364352
n8_block1_d2_stack_nonlinear_T128_s9401103,8,block,block,1,2,stack_nonlinear,128,9401103,160,16,2560,local_block,False,160,336,2688,1408,0.08465234999312088,0.0859375,0.0006575941397386487,8.317396240645563,8.364856725523662,480,7.90624999353895e-05,299364352
n8_block1_d2_stack_nonlinear_T128_s9401104,8,block,block,1,2,stack_nonlinear,128,9401104,160,16,2560,BPTT,True,21385,21385,171080,0,0.03769169998122379,0.0390625,0.00018110703149432084,2.137842955971996,3.475971787865635,,8.471484352412517e-05,299364352
n8_block1_d2_stack_nonlinear_T128_s9401104,8,block,block,1,2,stack_nonlinear,128,9401104,160,16,2560,RTRL,True,2560,2560,20480,0,0.05166975001338869,0.0546875,0.0004022718758278643,4.7485406227930405,4.765043588431367,84480,8.471484352412517e-05,299364352
n8_block1_d2_stack_nonlinear_T128_s9401104,8,block,block,1,2,stack_nonlinear,128,9401104,160,16,2560,packed_exact,True,800,1040,8320,1920,0.0918928500614129,0.0859375,0.0007129761711439642,8.416189436045197,8.474463992846076,13920,8.471484352412517e-05,299364352
n8_block1_d2_stack_nonlinear_T128_s9401104,8,block,block,1,2,stack_nonlinear,128,9401104,160,16,2560,SnAp1,True,800,1040,8320,1920,0.08928780001588166,0.09375,0.0006933714830665849,8.184769684065177,8.234223290814713,13920,8.471484352412517e-05,299364352
n8_block1_d2_stack_nonlinear_T128_s9401104,8,block,block,1,2,stack_nonlinear,128,9401104,160,16,2560,SnAp2,True,800,1040,8320,1920,0.08837199996924028,0.0859375,0.0006863105459160579,8.101420215934292,8.149767160498563,13920,8.471484352412517e-05,299364352
n8_block1_d2_stack_nonlinear_T128_s9401104,8,block,block,1,2,stack_nonlinear,128,9401104,160,16,2560,local_block,False,160,336,2688,1408,0.08585729997139424,0.0859375,0.000667033202262246,7.873864537945912,7.917858643456006,480,8.471484352412517e-05,299364352
n8_block1_d3_stack_nonlinear_T32_s9401100,8,block,block,1,3,stack_nonlinear,32,9401100,240,24,5760,BPTT,True,8009,8009,64072,0,0.01418115000706166,0.015625,0.0002718999985518167,2.1345894179326748,3.479097657734642,,0.0001273781253985362,300490752
n8_block1_d3_stack_nonlinear_T32_s9401100,8,block,block,1,3,stack_nonlinear,32,9401100,240,24,5760,RTRL,True,5760,5760,46080,0,0.020081650058273226,0.0234375,0.0006255312509892974,4.910821611105966,4.926682366831644,282240,0.0001273781253985362,300490752
n8_block1_d3_stack_nonlinear_T32_s9401100,8,block,block,1,3,stack_nonlinear,32,9401100,240,24,5760,packed_exact,True,2160,2616,20928,3648,0.03780205000657588,0.0390625,0.0011600828111113515,9.107394283608155,9.274073228895796,61520,0.0001273781253985362,300490752
n8_block1_d3_stack_nonlinear_T32_s9401100,8,block,block,1,3,stack_nonlinear,32,9401100,240,24,5760,SnAp1,True,2160,2616,20928,3648,0.03680845000781119,0.0390625,0.001129326557929744,8.86593796537943,9.030310810001277,61520,0.0001273781253985362,300490752
n8_block1_d3_stack_nonlinear_T32_s9401100,8,block,block,1,3,stack_nonlinear,32,9401100,240,24,5760,SnAp2,True,2160,2616,20928,3648,0.03774125000927597,0.0390625,0.0011599437493714504,9.106302559739037,9.259157010670119,61520,0.0001273781253985362,300490752
n8_block1_d3_stack_nonlinear_T32_s9401100,8,block,block,1,3,stack_nonlinear,32,9401100,240,24,5760,local_block,False,240,504,4032,2112,0.03602355002658442,0.03125,0.0011080046897404827,8.698547621687762,8.83774929807296,720,0.0001273781253985362,300490752
n8_block1_d3_stack_nonlinear_T32_s9401101,8,block,block,1,3,stack_nonlinear,32,9401101,240,24,5760,BPTT,True,8009,8009,64072,0,0.015098750009201467,0.015625,0.00029431718758132774,2.307267394015626,3.6989062158701356,,0.00012756093565258197,300490752
n8_block1_d3_stack_nonlinear_T32_s9401101,8,block,block,1,3,stack_nonlinear,32,9401101,240,24,5760,RTRL,True,5760,5760,46080,0,0.02135065000038594,0.0234375,0.0006649890619883081,5.213109002268815,5.230502654270517,282240,0.00012756093565258197,300490752
n8_block1_d3_stack_nonlinear_T32_s9401101,8,block,block,1,3,stack_nonlinear,32,9401101,240,24,5760,packed_exact,True,2160,2616,20928,3648,0.036504949966911227,0.0390625,0.0011168374949193094,8.75532536043062,8.943017551807094,61520,0.00012756093565258197,300490752
n8_block1_d3_stack_nonlinear_T32_s9401101,8,block,block,1,3,stack_nonlinear,32,9401101,240,24,5760,SnAp1,True,2160,2616,20928,3648,0.034809299977496266,0.0390625,0.001068467190634692,8.376131651657929,8.52761559588592,61520,0.00012756093565258197,300490752
n8_block1_d3_stack_nonlinear_T32_s9401101,8,block,block,1,3,stack_nonlinear,32,9401101,240,24,5760,SnAp2,True,2160,2616,20928,3648,0.035306649922858924,0.03125,0.001082103124645073,8.483029064573735,8.649456861106119,61520,0.00012756093565258197,300490752
n8_block1_d3_stack_nonlinear_T32_s9401101,8,block,block,1,3,stack_nonlinear,32,9401101,240,24,5760,local_block,False,240,504,4032,2112,0.034020000020973384,0.0390625,0.0010467968750162981,8.206249583080021,8.334252137746056,720,0.00012756093565258197,300490752
n8_block1_d3_stack_nonlinear_T32_s9401102,8,block,block,1,3,stack_nonlinear,32,9401102,240,24,5760,BPTT,True,8009,8009,64072,0,0.014758899982552975,0.015625,0.0002877750011975877,2.4431061917274794,3.9155546629752758,,0.00011779062333516777,300490752
n8_block1_d3_stack_nonlinear_T32_s9401102,8,block,block,1,3,stack_nonlinear,32,9401102,240,24,5760,RTRL,True,5760,5760,46080,0,0.02046380005776882,0.015625,0.0006372187490342185,5.409757848220584,5.4290718029874565,282240,0.00011779062333516777,300490752
n8_block1_d3_stack_nonlinear_T32_s9401102,8,block,block,1,3,stack_nonlinear,32,9401102,240,24,5760,packed_exact,True,2160,2616,20928,3648,0.03535174997523427,0.0390625,0.0010837218724191189,9.200408672050562,9.378863575435696,61520,0.00011779062333516777,300490752
n8_block1_d3_stack_nonlinear_T32_s9401102,8,block,block,1,3,stack_nonlinear,32,9401102,240,24,5760,SnAp1,True,2160,2616,20928,3648,0.03423819999443367,0.03125,0.001049012498697266,8.905738580840595,9.083437369896387,61520,0.00011779062333516777,300490752
n8_block1_d3_stack_nonlinear_T32_s9401102,8,block,block,1,3,stack_nonlinear,32,9401102,240,24,5760,SnAp2,True,2160,2616,20928,3648,0.03525970003101975,0.0390625,0.0010817125003086403,9.183349825993172,9.354442609867675,61520,0.00011779062333516777,300490752
n8_block1_d3_stack_nonlinear_T32_s9401102,8,block,block,1,3,stack_nonlinear,32,9401102,240,24,5760,local_block,False,240,504,4032,2112,0.03407755005173385,0.0390625,0.0010475015606061788,8.892911260224523,9.040816738752563,720,0.00011779062333516777,300490752
n8_block1_d3_stack_nonlinear_T32_s9401103,8,block,block,1,3,stack_nonlinear,32,9401103,240,24,5760,BPTT,True,8009,8009,64072,0,0.013950350054074079,0.015625,0.0002670124995347578,2.2027894328238293,3.596470640050919,,0.00012121562576794531,300490752
n8_block1_d3_stack_nonlinear_T32_s9401103,8,block,block,1,3,stack_nonlinear,32,9401103,240,24,5760,RTRL,True,5760,5760,46080,0,0.018825599981937557,0.0234375,0.0005863374990440207,4.837144512758633,4.85333467288935,282240,0.00012121562576794531,300490752
n8_block1_d3_stack_nonlinear_T32_s9401103,8,block,block,1,3,stack_nonlinear,32,9401103,240,24,5760,packed_exact,True,2160,2616,20928,3648,0.03519709996180609,0.03125,0.0010808625011122786,8.916857824761612,9.073989981391525,61520,0.00012121562576794531,300490752
n8_block1_d3_stack_nonlinear_T32_s9401103,8,block,block,1,3,stack_nonlinear,32,9401103,240,24,5760,SnAp1,True,2160,2616,20928,3648,0.036744399985764176,0.0390625,0.0011284171851002611,9.30917262482725,9.472891735537129,61520,0.00012121562576794531,300490752
n8_block1_d3_stack_nonlinear_T32_s9401103,8,block,block,1,3,stack_nonlinear,32,9401103,240,24,5760,SnAp2,True,2160,2616,20928,3648,0.035081549955066293,0.0390625,0.0010767937510536285,8.883291607263885,9.04420060656677,61520,0.00012121562576794531,300490752
n8_block1_d3_stack_nonlinear_T32_s9401103,8,block,block,1,3,stack_nonlinear,32,9401103,240,24,5760,local_block,False,240,504,4032,2112,0.03372630005469546,0.03125,0.0010373781242378755,8.55812208752548,8.694810343403288,720,0.00012121562576794531,300490752
n8_block1_d3_stack_nonlinear_T32_s9401104,8,block,block,1,3,stack_nonlinear,32,9401104,240,24,5760,BPTT,True,8009,8009,64072,0,0.016872100008185953,0.015625,0.0003267937518103281,2.785705778617002,4.494492534457836,,0.00011731093582056928,300490752
n8_block1_d3_stack_nonlinear_T32_s9401104,8,block,block,1,3,stack_nonlinear,32,9401104,240,24,5760,RTRL,True,5760,5760,46080,0,0.021516799926757812,0.0234375,0.0006699156274407869,5.710598272487091,5.731775925303658,282240,0.00011731093582056928,300490752
n8_block1_d3_stack_nonlinear_T32_s9401104,8,block,block,1,3,stack_nonlinear,32,9401104,240,24,5760,packed_exact,True,2160,2616,20928,3648,0.039401549962349236,0.0390625,0.0012075437498424435,10.293530960228798,10.496024328087561,61520,0.00011731093582056928,300490752
n8_block1_d3_stack_nonlinear_T32_s9401104,8,block,block,1,3,stack_nonlinear,32,9401104,240,24,5760,SnAp1,True,2160,2616,20928,3648,0.03538775001652539,0.0390625,0.0010849718801182462,9.248684894797398,9.426803906055925,61520,0.00011731093582056928,300490752
n8_block1_d3_stack_nonlinear_T32_s9401104,8,block,block,1,3,stack_nonlinear,32,9401104,240,24,5760,SnAp2,True,2160,2616,20928,3648,0.036744699988048524,0.0390625,0.0011263796859566355,9.601659709538659,9.78827648585835,61520,0.00011731093582056928,300490752
n8_block1_d3_stack_nonlinear_T32_s9401104,8,block,block,1,3,stack_nonlinear,32,9401104,240,24,5760,local_block,False,240,504,4032,2112,0.034409600018989295,0.0390625,0.0010587515589577379,9.025173582939711,9.16623836534831,720,0.00011731093582056928,300490752
n8_block1_d3_stack_nonlinear_T128_s9401100,8,block,block,1,3,stack_nonlinear,128,9401100,240,24,5760,BPTT,True,32585,32585,260680,0,0.05973225005436689,0.0390625,0.00028931171846124926,2.381985820673522,3.842129969254416,,0.00012145820346631808,304463872
n8_block1_d3_stack_nonlinear_T128_s9401100,8,block,block,1,3,stack_nonlinear,128,9401100,240,24,5760,RTRL,True,5760,5760,46080,0,0.0812895999988541,0.078125,0.0006335144512377155,5.215905004007385,5.228753446589239,282240,0.00012145820346631808,304463872
n8_block1_d3_stack_nonlinear_T128_s9401100,8,block,block,1,3,stack_nonlinear,128,9401100,240,24,5760,packed_exact,True,2160,2616,20928,3648,0.15151779999723658,0.1484375,0.0011775855459745799,9.69539736606708,9.746009562924872,61520,0.00012145820346631808,304463872
n8_block1_d3_stack_nonlinear_T128_s9401100,8,block,block,1,3,stack_nonlinear,128,9401100,240,24,5760,SnAp1,True,2160,2616,20928,3648,0.14725679997354746,0.1484375,0.0011422433590269065,9.404415069778842,9.47193122375116,61520,0.00012145820346631808,304463872
n8_block1_d3_stack_nonlinear_T128_s9401100,8,block,block,1,3,stack_nonlinear,128,9401100,240,24,5760,SnAp2,True,2160,2616,20928,3648,0.14337790000718087,0.1328125,0.0011140539086227363,9.172323291704853,9.222430530324202,61520,0.00012145820346631808,304463872
n8_block1_d3_stack_nonlinear_T128_s9401100,8,block,block,1,3,stack_nonlinear,128,9401100,240,24,5760,local_block,False,240,504,4032,2112,0.1350068999454379,0.1328125,0.0010491277330402227,8.637767586700384,8.683986554405335,720,0.00012145820346631808,304463872
n8_block1_d3_stack_nonlinear_T128_s9401101,8,block,block,1,3,stack_nonlinear,128,9401101,240,24,5760,BPTT,True,32585,32585,260680,0,0.06227824999950826,0.0625,0.00030641874991488294,2.3299521992237437,3.699628408592913,,0.00013151289113011444,304775168
n8_block1_d3_stack_nonlinear_T128_s9401101,8,block,block,1,3,stack_nonlinear,128,9401101,240,24,5760,RTRL,True,5760,5760,46080,0,0.0787315999623388,0.078125,0.0006136374995548977,4.665987450217221,4.677036748414434,282240,0.00013151289113011444,304775168
n8_block1_d3_stack_nonlinear_T128_s9401101,8,block,block,1,3,stack_nonlinear,128,9401101,240,24,5760,packed_exact,True,2160,2616,20928,3648,0.1440527499653399,0.1484375,0.001118500390475674,8.504872646811995,8.557428092663349,61520,0.00013151289113011444,304775168
n8_block1_d3_stack_nonlinear_T128_s9401101,8,block,block,1,3,stack_nonlinear,128,9401101,240,24,5760,SnAp1,True,2160,2616,20928,3648,0.14611640002112836,0.140625,0.0011357160142324574,8.635777104989792,8.680018858650666,61520,0.00013151289113011444,304775168
n8_block1_d3_stack_nonlinear_T128_s9401101,8,block,block,1,3,stack_nonlinear,128,9401101,240,24,5760,SnAp2,True,2160,2616,20928,3648,0.1467720500077121,0.1484375,0.0011407496094761882,8.674051643709731,8.7189676299549,61520,0.00013151289113011444,304775168
n8_block1_d3_stack_nonlinear_T128_s9401101,8,block,block,1,3,stack_nonlinear,128,9401101,240,24,5760,local_block,False,240,504,4032,2112,0.13394545001210645,0.1328125,0.0010410398431304202,7.915876794925376,7.957005729455528,720,0.00013151289113011444,304775168
n8_block1_d3_stack_nonlinear_T128_s9401102,8,block,block,1,3,stack_nonlinear,128,9401102,240,24,5760,BPTT,True,32585,32585,260680,0,0.06237215001601726,0.0546875,0.0003038394534087274,2.45160793056665,3.9317654004407228,,0.00012393476526995073,304775168
n8_block1_d3_stack_nonlinear_T128_s9401102,8,block,block,1,3,stack_nonlinear,128,9401102,240,24,5760,RTRL,True,5760,5760,46080,0,0.07663430005777627,0.078125,0.0005972031253804744,4.818689284476924,4.830811337700895,282240,0.00012393476526995073,304775168
n8_block1_d3_stack_nonlinear_T128_s9401102,8,block,block,1,3,stack_nonlinear,128,9401102,240,24,5760,packed_exact,True,2160,2616,20928,3648,0.1373621000093408,0.140625,0.0010671750005712966,8.610780020011417,8.658921522024048,61520,0.00012393476526995073,304775168
n8_block1_d3_stack_nonlinear_T128_s9401102,8,block,block,1,3,stack_nonlinear,128,9401102,240,24,5760,SnAp1,True,2160,2616,20928,3648,0.14114070002688095,0.140625,0.0010969152331199439,8.85074684839785,8.897113869205505,61520,0.00012393476526995073,304775168
n8_block1_d3_stack_nonlinear_T128_s9401102,8,block,block,1,3,stack_nonlinear,128,9401102,240,24,5760,SnAp2,True,2160,2616,20928,3648,0.1347755000460893,0.1328125,0.0010471136715750617,8.448909951088158,8.495869515035643,61520,0.00012393476526995073,304775168
n8_block1_d3_stack_nonlinear_T128_s9401102,8,block,block,1,3,stack_nonlinear,128,9401102,240,24,5760,local_block,False,240,504,4032,2112,0.12682664999738336,0.1015625,0.0009853988303802907,7.950947647610633,7.994796302283353,720,0.00012393476526995073,304775168
n8_block1_d3_stack_nonlinear_T128_s9401103,8,block,block,1,3,stack_nonlinear,128,9401103,240,24,5760,BPTT,True,32585,32585,260680,0,0.05840079998597503,0.0625,0.0002862843753064226,2.5491313168917134,4.062593684613056,,0.00011230664085815079,304775168
n8_block1_d3_stack_nonlinear_T128_s9401103,8,block,block,1,3,stack_nonlinear,128,9401103,240,24,5760,RTRL,True,5760,5760,46080,0,0.07292554999003187,0.0703125,0.0005683503914042376,5.060701549448836,5.0729935019312355,282240,0.00011230664085815079,304775168
n8_block1_d3_stack_nonlinear_T128_s9401103,8,block,block,1,3,stack_nonlinear,128,9401103,240,24,5760,packed_exact,True,2160,2616,20928,3648,0.13313839997863397,0.1328125,0.0010334187495573133,9.201759946347035,9.261640646405178,61520,0.00011230664085815079,304775168
n8_block1_d3_stack_nonlinear_T128_s9401103,8,block,block,1,3,stack_nonlinear,128,9401103,240,24,5760,SnAp1,True,2160,2616,20928,3648,0.13581409998005256,0.1328125,0.0010551886730354454,9.39560354554816,9.447773061205881,61520,0.00011230664085815079,304775168
n8_block1_d3_stack_nonlinear_T128_s9401103,8,block,block,1,3,stack_nonlinear,128,9401103,240,24,5760,SnAp2,True,2160,2616,20928,3648,0.14325640007155016,0.1484375,0.0011134304700135544,9.914199743716633,9.965489280127098,61520,0.00011230664085815079,304775168
n8_block1_d3_stack_nonlinear_T128_s9401103,8,block,block,1,3,stack_nonlinear,128,9401103,240,24,5760,local_block,False,240,504,4032,2112,0.1390147500205785,0.140625,0.0010807308599396492,9.623036106161072,9.670423104431656,720,0.00011230664085815079,304775168
n8_block1_d3_stack_nonlinear_T128_s9401104,8,block,block,1,3,stack_nonlinear,128,9401104,240,24,5760,BPTT,True,32585,32585,260680,0,0.05673680000472814,0.0625,0.00027197148392588133,2.352575255760884,3.834202287481165,,0.00011560585926417843,305020928
n8_block1_d3_stack_nonlinear_T128_s9401104,8,block,block,1,3,stack_nonlinear,128,9401104,240,24,5760,RTRL,True,5760,5760,46080,0,0.0786328999674879,0.0703125,0.0006128644545242423,5.30132692603189,5.313913454785868,282240,0.00011560585926417843,305020928
n8_block1_d3_stack_nonlinear_T128_s9401104,8,block,block,1,3,stack_nonlinear,128,9401104,240,24,5760,packed_exact,True,2160,2616,20928,3648,0.13810869998997077,0.140625,0.0010723671884989017,9.27606260897526,9.333213952469423,61520,0.00011560585926417843,305020928
n8_block1_d3_stack_nonlinear_T128_s9401104,8,block,block,1,3,stack_nonlinear,128,9401104,240,24,5760,SnAp1,True,2160,2616,20928,3648,0.13495395000791177,0.1328125,0.0010485683606020757,9.070200829578406,9.12001987743111,61520,0.00011560585926417843,305020928
n8_block1_d3_stack_nonlinear_T128_s9401104,8,block,block,1,3,stack_nonlinear,128,9401104,240,24,5760,SnAp2,True,2160,2616,20928,3648,0.13898074999451637,0.1328125,0.0010798546877595072,9.340830081041666,9.392146005774299,61520,0.00011560585926417843,305020928
n8_block1_d3_stack_nonlinear_T128_s9401104,8,block,block,1,3,stack_nonlinear,128,9401104,240,24,5760,local_block,False,240,504,4032,2112,0.14275295002153143,0.140625,0.0011091390624642372,9.594142282439783,9.647066585912981,720,0.00011560585926417843,305020928
n8_block2_d1_stack_nonlinear_T32_s9401100,8,block,block,2,1,stack_nonlinear,32,9401100,88,8,704,BPTT,True,2505,2505,20040,0,0.004830599995329976,0.0078125,9.666874939284753e-05,2.5624584519453397,4.001490872097013,,3.772500167542603e-05,305020928
n8_block2_d1_stack_nonlinear_T32_s9401100,8,block,block,2,1,stack_nonlinear,32,9401100,88,8,704,RTRL,True,704,704,5632,0,0.00556779996259138,0.0078125,0.0001724124977044994,4.570244931673747,4.612160135285553,11968,3.772500167542603e-05,305020928
n8_block2_d1_stack_nonlinear_T32_s9401100,8,block,block,2,1,stack_nonlinear,32,9401100,88,8,704,packed_exact,True,176,272,2176,768,0.008453099988400936,0.0078125,0.0002570281230873661,6.813203755396877,7.002236259928439,880,3.772500167542603e-05,305020928
n8_block2_d1_stack_nonlinear_T32_s9401100,8,block,block,2,1,stack_nonlinear,32,9401100,88,8,704,SnAp1,False,88,184,1472,768,0.010088549985084683,0.0078125,0.00030808593874098733,8.166624918712031,8.356982717889727,264,3.772500167542603e-05,305020928
n8_block2_d1_stack_nonlinear_T32_s9401100,8,block,block,2,1,stack_nonlinear,32,9401100,88,8,704,SnAp2,True,176,272,2176,768,0.007846299966331571,0.0,0.00023904687259346247,6.336563604427273,6.499585501876392,880,3.772500167542603e-05,305020928
n8_block2_d1_stack_nonlinear_T32_s9401100,8,block,block,2,1,stack_nonlinear,32,9401100,88,8,704,local_block,True,176,272,2176,768,0.007975300017278641,0.0078125,0.0002430671902402537,6.443132655938013,6.606444386251787,880,3.772500167542603e-05,305020928
n8_block2_d1_stack_nonlinear_T32_s9401101,8,block,block,2,1,stack_nonlinear,32,9401101,88,8,704,BPTT,True,2505,2505,20040,0,0.004161249904427677,0.0078125,7.935312532936223e-05,2.5615857050962676,4.197770340752319,,3.097812623309437e-05,305020928
n8_block2_d1_stack_nonlinear_T32_s9401101,8,block,block,2,1,stack_nonlinear,32,9401101,88,8,704,RTRL,True,704,704,5632,0,0.005570699984673411,0.0078125,0.0001723031218716642,5.5620898622199535,5.61959019764944,11968,3.097812623309437e-05,305020928
n8_block2_d1_stack_nonlinear_T32_s9401101,8,block,block,2,1,stack_nonlinear,32,9401101,88,8,704,packed_exact,True,176,272,2176,768,0.007497150043491274,0.0078125,0.00022565781364392024,7.284424240057708,7.562947387334594,880,3.097812623309437e-05,305020928
n8_block2_d1_stack_nonlinear_T32_s9401101,8,block,block,2,1,stack_nonlinear,32,9401101,88,8,704,SnAp1,False,88,184,1472,768,0.009896649920847267,0.0,0.00030224375586840324,9.756682944416179,9.983506029363365,264,3.097812623309437e-05,305020928
n8_block2_d1_stack_nonlinear_T32_s9401101,8,block,block,2,1,stack_nonlinear,32,9401101,88,8,704,SnAp2,True,176,272,2176,768,0.008070200041402131,0.0078125,0.00024554218725825194,7.926308564006551,8.141026652037928,880,3.097812623309437e-05,305020928
n8_block2_d1_stack_nonlinear_T32_s9401101,8,block,block,2,1,stack_nonlinear,32,9401101,88,8,704,local_block,True,176,272,2176,768,0.008148850058205426,0.0078125,0.0002480515631759772,8.007313331655942,8.220366926094828,880,3.097812623309437e-05,305020928
n8_block2_d1_stack_nonlinear_T32_s9401102,8,block,block,2,1,stack_nonlinear,32,9401102,88,8,704,BPTT,True,2505,2505,20040,0,0.0038852000143378973,0.0,7.514218850701582e-05,1.9074647331343118,3.0820244574684432,,3.939374983019661e-05,305020928
n8_block2_d1_stack_nonlinear_T32_s9401102,8,block,block,2,1,stack_nonlinear,32,9401102,88,8,704,RTRL,True,704,704,5632,0,0.0049559499602764845,0.0,0.00015341250036726706,3.894336056570865,3.931421530730353,11968,3.939374983019661e-05,305020928
n8_block2_d1_stack_nonlinear_T32_s9401102,8,block,block,2,1,stack_nonlinear,32,9401102,88,8,704,packed_exact,True,176,272,2176,768,0.007692050014156848,0.0078125,0.00023207500271382742,5.891163032566507,6.101895960108497,880,3.939374983019661e-05,305020928
n8_block2_d1_stack_nonlinear_T32_s9401102,8,block,block,2,1,stack_nonlinear,32,9401102,88,8,704,SnAp1,False,88,184,1472,768,0.009520850086119026,0.0078125,0.0002905624951381469,7.375852676899044,7.552633767378896,264,3.939374983019661e-05,305020928
n8_block2_d1_stack_nonlinear_T32_s9401102,8,block,block,2,1,stack_nonlinear,32,9401102,88,8,704,SnAp2,True,176,272,2176,768,0.007730450015515089,0.0078125,0.00023537969173048623,5.975051695892629,6.132357646229202,880,3.939374983019661e-05,305020928
n8_block2_d1_stack_nonlinear_T32_s9401102,8,block,block,2,1,stack_nonlinear,32,9401102,88,8,704,local_block,True,176,272,2176,768,0.008402499952353537,0.0078125,0.00025431093490624335,6.45561633514019,6.665476748034107,880,3.939374983019661e-05,305020928
n8_block2_d1_stack_nonlinear_T32_s9401103,8,block,block,2,1,stack_nonlinear,32,9401103,88,8,704,BPTT,True,2505,2505,20040,0,0.003943149989936501,0.0078125,7.709999954386149e-05,2.2883644329389026,3.6573298654742414,,3.369218575244304e-05,305020928
n8_block2_d1_stack_nonlinear_T32_s9401103,8,block,block,2,1,stack_nonlinear,32,9401103,88,8,704,RTRL,True,704,704,5632,0,0.005175899947062135,0.0078125,0.00016015781511669047,4.753559661978218,4.800723661389744,11968,3.369218575244304e-05,305020928
n8_block2_d1_stack_nonlinear_T32_s9401103,8,block,block,2,1,stack_nonlinear,32,9401103,88,8,704,packed_exact,True,176,272,2176,768,0.008190150023438036,0.0078125,0.0002485375043761451,7.376710617776512,7.5964851349509175,880,3.369218575244304e-05,305020928
n8_block2_d1_stack_nonlinear_T32_s9401103,8,block,block,2,1,stack_nonlinear,32,9401103,88,8,704,SnAp1,False,88,184,1472,768,0.009947100013960153,0.0078125,0.00030377031362149864,9.016046505664065,9.226082205536787,264,3.369218575244304e-05,305020928
n8_block2_d1_stack_nonlinear_T32_s9401103,8,block,block,2,1,stack_nonlinear,32,9401103,88,8,704,SnAp2,True,176,272,2176,768,0.00739040004555136,0.0078125,0.00022452031225839164,6.6638690023876395,6.854705216230553,880,3.369218575244304e-05,305020928
n8_block2_d1_stack_nonlinear_T32_s9401103,8,block,block,2,1,stack_nonlinear,32,9401103,88,8,704,local_block,True,176,272,2176,768,0.008162949932739139,0.0078125,0.0002465453108015936,7.317581370740141,7.571256649016938,880,3.369218575244304e-05,305020928
n8_block2_d1_stack_nonlinear_T32_s9401104,8,block,block,2,1,stack_nonlinear,32,9401104,88,8,704,BPTT,True,2505,2505,20040,0,0.004001349967438728,0.0078125,7.989843652467243e-05,2.0788274339570956,3.253394421321978,,3.843437661998905e-05,305020928
n8_block2_d1_stack_nonlinear_T32_s9401104,8,block,block,2,1,stack_nonlinear,32,9401104,88,8,704,RTRL,True,704,704,5632,0,0.00544790003914386,0.0078125,0.00016872500236786436,4.3899502790455935,4.429546962775589,11968,3.843437661998905e-05,305020928
n8_block2_d1_stack_nonlinear_T32_s9401104,8,block,block,2,1,stack_nonlinear,32,9401104,88,8,704,packed_exact,True,176,272,2176,768,0.008005599956959486,0.0078125,0.00024237500110757537,6.306203519417051,6.509146775776565,880,3.843437661998905e-05,305020928
n8_block2_d1_stack_nonlinear_T32_s9401104,8,block,block,2,1,stack_nonlinear,32,9401104,88,8,704,SnAp1,False,88,184,1472,768,0.010211349988821894,0.0078125,0.00031197968746710103,8.11720430779267,8.302585217024786,264,3.843437661998905e-05,305020928
n8_block2_d1_stack_nonlinear_T32_s9401104,8,block,block,2,1,stack_nonlinear,32,9401104,88,8,704,SnAp2,True,176,272,2176,768,0.007951750012580305,0.0078125,0.00024210624906118028,6.299211028058278,6.465362775362358,880,3.843437661998905e-05,305020928
n8_block2_d1_stack_nonlinear_T32_s9401104,8,block,block,2,1,stack_nonlinear,32,9401104,88,8,704,local_block,True,176,272,2176,768,0.0081569500034675,0.0078125,0.0002487015626684297,6.470810366651929,6.632205593671262,880,3.843437661998905e-05,305020928
n8_block2_d1_stack_nonlinear_T128_s9401100,8,block,block,2,1,stack_nonlinear,128,9401100,88,8,704,BPTT,True,10185,10185,81480,0,0.016329699952621013,0.015625,7.886914045229787e-05,2.4292245753466957,3.9294230969820525,,3.246679671065067e-05,305020928
n8_block2_d1_stack_nonlinear_T128_s9401100,8,block,block,2,1,stack_nonlinear,128,9401100,88,8,704,RTRL,True,704,704,5632,0,0.021384900028351694,0.0234375,0.00016578906161157647,5.106418815786335,5.14585818121967,11968,3.246679671065067e-05,305020928
n8_block2_d1_stack_nonlinear_T128_s9401100,8,block,block,2,1,stack_nonlinear,128,9401100,88,8,704,packed_exact,True,176,272,2176,768,0.03072505007730797,0.03125,0.00023755156098559382,7.316753885598621,7.393382718604451,880,3.246679671065067e-05,305020928
n8_block2_d1_stack_nonlinear_T128_s9401100,8,block,block,2,1,stack_nonlinear,128,9401100,88,8,704,SnAp1,False,88,184,1472,768,0.038411300047300756,0.0390625,0.0002973273421957856,9.157889669424884,9.242928530768598,264,3.246679671065067e-05,305020928
n8_block2_d1_stack_nonlinear_T128_s9401100,8,block,block,2,1,stack_nonlinear,128,9401100,88,8,704,SnAp2,True,176,272,2176,768,0.03252245002659038,0.03125,0.0002514558591428795,7.745015973823802,7.825891882625622,880,3.246679671065067e-05,305020928
n8_block2_d1_stack_nonlinear_T128_s9401100,8,block,block,2,1,stack_nonlinear,128,9401100,88,8,704,local_block,True,176,272,2176,768,0.029705699998885393,0.03125,0.00022972109354668646,7.075570022937523,7.148096047466245,880,3.246679671065067e-05,305020928
n8_block2_d1_stack_nonlinear_T128_s9401101,8,block,block,2,1,stack_nonlinear,128,9401101,88,8,704,BPTT,True,10185,10185,81480,0,0.017009799950756133,0.0234375,8.602109346611542e-05,2.6359675494691617,4.072155343540932,,3.2633593491482316e-05,305020928
n8_block2_d1_stack_nonlinear_T128_s9401101,8,block,block,2,1,stack_nonlinear,128,9401101,88,8,704,RTRL,True,704,704,5632,0,0.02221274998737499,0.0234375,0.00017211015665452578,5.274017913456212,5.3177444072060895,11968,3.2633593491482316e-05,305020928
n8_block2_d1_stack_nonlinear_T128_s9401101,8,block,block,2,1,stack_nonlinear,128,9401101,88,8,704,packed_exact,True,176,272,2176,768,0.033623650029767305,0.03125,0.00025992656219386845,7.964999694615667,8.049520072808418,880,3.2633593491482316e-05,305020928
n8_block2_d1_stack_nonlinear_T128_s9401101,8,block,block,2,1,stack_nonlinear,128,9401101,88,8,704,SnAp1,False,88,184,1472,768,0.04218679998302832,0.0390625,0.00032677148419679725,10.013346654026556,10.099542820910406,264,3.2633593491482316e-05,305020928
n8_block2_d1_stack_nonlinear_T128_s9401101,8,block,block,2,1,stack_nonlinear,128,9401101,88,8,704,SnAp2,True,176,272,2176,768,0.03301854996243492,0.03125,0.00025537851433909964,7.825632638518829,7.904658788154978,880,3.2633593491482316e-05,305020928
n8_block2_d1_stack_nonlinear_T128_s9401101,8,block,block,2,1,stack_nonlinear,128,9401101,88,8,704,local_block,True,176,272,2176,768,0.03269429999636486,0.03125,0.00025292500049545197,7.750448952594444,7.827033170228975,880,3.2633593491482316e-05,305020928
n8_block2_d1_stack_nonlinear_T128_s9401102,8,block,block,2,1,stack_nonlinear,128,9401102,88,8,704,BPTT,True,10185,10185,81480,0,0.015220700006466359,0.015625,7.517304675275227e-05,2.1903119467113807,3.464722657169991,,3.432070343478699e-05,305020928
n8_block2_d1_stack_nonlinear_T128_s9401102,8,block,block,2,1,stack_nonlinear,128,9401102,88,8,704,RTRL,True,704,704,5632,0,0.020736000034958124,0.0234375,0.0001607894523658615,4.684911329727803,4.7201829817074605,11968,3.432070343478699e-05,305020928
n8_block2_d1_stack_nonlinear_T128_s9401102,8,block,block,2,1,stack_nonlinear,128,9401102,88,8,704,packed_exact,True,176,272,2176,768,0.030547450005542487,0.03125,0.00023587656187373796,6.872719328784407,6.953585716031867,880,3.432070343478699e-05,305020928
n8_block2_d1_stack_nonlinear_T128_s9401102,8,block,block,2,1,stack_nonlinear,128,9401102,88,8,704,SnAp1,False,88,184,1472,768,0.03874949994497001,0.0390625,0.0003001050772581948,8.744141209938384,8.820637050615774,264,3.432070343478699e-05,305020928
n8_block2_d1_stack_nonlinear_T128_s9401102,8,block,block,2,1,stack_nonlinear,128,9401102,88,8,704,SnAp2,True,176,272,2176,768,0.031114400015212595,0.03125,0.00024058164035523077,7.009810880256625,7.082641839807532,880,3.432070343478699e-05,305020928
n8_block2_d1_stack_nonlinear_T128_s9401102,8,block,block,2,1,stack_nonlinear,128,9401102,88,8,704,local_block,True,176,272,2176,768,0.029994949989486486,0.03125,0.00023172968667495297,6.751892108367306,6.827818877259488,880,3.432070343478699e-05,305020928
n8_block2_d1_stack_nonlinear_T128_s9401103,8,block,block,2,1,stack_nonlinear,128,9401103,88,8,704,BPTT,True,10185,10185,81480,0,0.01598820002982393,0.015625,7.895898443166516e-05,2.630014195771381,4.160505900818029,,3.002226549142506e-05,305020928
n8_block2_d1_stack_nonlinear_T128_s9401103,8,block,block,2,1,stack_nonlinear,128,9401103,88,8,704,RTRL,True,704,704,5632,0,0.021599399973638356,0.0234375,0.00016749921906011878,5.57916653917939,5.620672175530744,11968,3.002226549142506e-05,305020928
n8_block2_d1_stack_nonlinear_T128_s9401103,8,block,block,2,1,stack_nonlinear,128,9401103,88,8,704,packed_exact,True,176,272,2176,768,0.03302444994915277,0.0390625,0.00025528632795612793,8.50323330959293,8.593739046823325,880,3.002226549142506e-05,305020928
n8_block2_d1_stack_nonlinear_T128_s9401103,8,block,block,2,1,stack_nonlinear,128,9401103,88,8,704,SnAp1,False,88,184,1472,768,0.043494050041772425,0.03125,0.0003365394536558597,11.209662167299863,11.318175373820464,264,3.002226549142506e-05,305020928
n8_block2_d1_stack_nonlinear_T128_s9401103,8,block,block,2,1,stack_nonlinear,128,9401103,88,8,704,SnAp2,True,176,272,2176,768,0.031558050017338246,0.03125,0.00024392773275394575,8.124894266344299,8.212147275523686,880,3.002226549142506e-05,305020928
n8_block2_d1_stack_nonlinear_T128_s9401103,8,block,block,2,1,stack_nonlinear,128,9401103,88,8,704,local_block,True,176,272,2176,768,0.03196150000439957,0.0390625,0.0002472101559760631,8.234227228677033,8.317134456614893,880,3.002226549142506e-05,305020928
n8_block2_d1_stack_nonlinear_T128_s9401104,8,block,block,2,1,stack_nonlinear,128,9401104,88,8,704,BPTT,True,10185,10185,81480,0,0.017927450011484325,0.0234375,8.770195336182951e-05,2.532394120891069,4.044180965277054,,3.463203165665618e-05,305020928
n8_block2_d1_stack_nonlinear_T128_s9401104,8,block,block,2,1,stack_nonlinear,128,9401104,88,8,704,RTRL,True,704,704,5632,0,0.02296255005057901,0.015625,0.00017789960838854313,5.136851633546925,5.180028825587809,11968,3.463203165665618e-05,305020928
n8_block2_d1_stack_nonlinear_T128_s9401104,8,block,block,2,1,stack_nonlinear,128,9401104,88,8,704,packed_exact,True,176,272,2176,768,0.03379114996641874,0.03125,0.0002611382819850405,7.540368540141666,7.622808899284071,880,3.463203165665618e-05,305020928
n8_block2_d1_stack_nonlinear_T128_s9401104,8,block,block,2,1,stack_nonlinear,128,9401104,88,8,704,SnAp1,False,88,184,1472,768,0.04213015001732856,0.0390625,0.00032608164019620745,9.415608169598547,9.503970205199302,264,3.463203165665618e-05,305020928
n8_block2_d1_stack_nonlinear_T128_s9401104,8,block,block,2,1,stack_nonlinear,128,9401104,88,8,704,SnAp2,True,176,272,2176,768,0.033531449967995286,0.0390625,0.00025941015655917,7.490468914182575,7.564224226637721,880,3.463203165665618e-05,305020928
n8_block2_d1_stack_nonlinear_T128_s9401104,8,block,block,2,1,stack_nonlinear,128,9401104,88,8,704,local_block,True,176,272,2176,768,0.032863549946341664,0.03125,0.0002532593744035694,7.312865064180941,7.413555361152145,880,3.463203165665618e-05,305020928
n8_block2_d2_stack_nonlinear_T32_s9401100,8,block,block,2,2,stack_nonlinear,32,9401100,176,16,2816,BPTT,True,5257,5257,42056,0,0.008599249995313585,0.0078125,0.00017263437439396512,2.474324220568358,3.8515889102367815,,6.977031262067612e-05,305020928
n8_block2_d2_stack_nonlinear_T32_s9401100,8,block,block,2,2,stack_nonlinear,32,9401100,176,16,2816,RTRL,True,2816,2816,22528,0,0.012425350025296211,0.0078125,0.0003865312501147855,5.54005329195327,5.565292367278829,92928,6.977031262067612e-05,305020928
n8_block2_d2_stack_nonlinear_T32_s9401100,8,block,block,2,2,stack_nonlinear,32,9401100,176,16,2816,packed_exact,True,1056,1280,10240,1792,0.01720065000699833,0.0078125,0.0005245093761914177,7.517658392087836,7.704140809015181,19360,6.977031262067612e-05,305020928
n8_block2_d2_stack_nonlinear_T32_s9401100,8,block,block,2,2,stack_nonlinear,32,9401100,176,16,2816,SnAp1,False,880,1136,9088,2048,0.021644450025632977,0.015625,0.0006623937479162123,9.493919735138393,9.694511001812334,15312,6.977031262067612e-05,305020928
n8_block2_d2_stack_nonlinear_T32_s9401100,8,block,block,2,2,stack_nonlinear,32,9401100,176,16,2816,SnAp2,True,1056,1280,10240,1792,0.017665599996689707,0.015625,0.0005404296880442416,7.745840139522145,7.912391089572899,19360,6.977031262067612e-05,305020928
n8_block2_d2_stack_nonlinear_T32_s9401100,8,block,block,2,2,stack_nonlinear,32,9401100,176,16,2816,local_block,False,352,544,4352,1536,0.01698970003053546,0.015625,0.0005196531292313011,7.448055049667418,7.609656686515906,1760,6.977031262067612e-05,305020928
n8_block2_d2_stack_nonlinear_T32_s9401101,8,block,block,2,2,stack_nonlinear,32,9401101,176,16,2816,BPTT,True,5257,5257,42056,0,0.00950149999698624,0.0078125,0.00018185000226367265,2.449416017229321,3.9993686401254593,,7.424218711094e-05,305020928
n8_block2_d2_stack_nonlinear_T32_s9401101,8,block,block,2,2,stack_nonlinear,32,9401101,176,16,2816,RTRL,True,2816,2816,22528,0,0.01148904993897304,0.0,0.0003573000030883122,4.812627658104944,4.8359675888373985,92928,7.424218711094e-05,305020928
n8_block2_d2_stack_nonlinear_T32_s9401101,8,block,block,2,2,stack_nonlinear,32,9401101,176,16,2816,packed_exact,True,1056,1280,10240,1792,0.0171509999781847,0.0234375,0.0005237546920398017,7.054677568390542,7.219193967405277,19360,7.424218711094e-05,305020928
n8_block2_d2_stack_nonlinear_T32_s9401101,8,block,block,2,2,stack_nonlinear,32,9401101,176,16,2816,SnAp1,False,880,1136,9088,2048,0.021251049998681992,0.015625,0.0006510937491839286,8.769862183760834,8.94498584028048,15312,7.424218711094e-05,305020928
n8_block2_d2_stack_nonlinear_T32_s9401101,8,block,block,2,2,stack_nonlinear,32,9401101,176,16,2816,SnAp2,True,1056,1280,10240,1792,0.017661200021393597,0.0234375,0.0005342656259017531,7.196253864442338,7.433947222538418,19360,7.424218711094e-05,305020928
n8_block2_d2_stack_nonlinear_T32_s9401101,8,block,block,2,2,stack_nonlinear,32,9401101,176,16,2816,local_block,False,352,544,4352,1536,0.016362299968022853,0.015625,0.0005003453152312431,6.739366587942484,6.887214586454014,1760,7.424218711094e-05,305020928
n8_block2_d2_stack_nonlinear_T32_s9401102,8,block,block,2,2,stack_nonlinear,32,9401102,176,16,2816,BPTT,True,5257,5257,42056,0,0.009603649959899485,0.015625,0.00019412031360843685,3.07038542613496,4.74688002868795,,6.322343506326433e-05,305020928
n8_block2_d2_stack_nonlinear_T32_s9401102,8,block,block,2,2,stack_nonlinear,32,9401102,176,16,2816,RTRL,True,2816,2816,22528,0,0.012500599958002567,0.0078125,0.0003887046877935063,6.14811086117909,6.178780831770431,92928,6.322343506326433e-05,305020928
n8_block2_d2_stack_nonlinear_T32_s9401102,8,block,block,2,2,stack_nonlinear,32,9401102,176,16,2816,packed_exact,True,1056,1280,10240,1792,0.017965400009416044,0.0234375,0.0005468250001285924,8.649087155441865,8.879915330960259,19360,6.322343506326433e-05,305020928
n8_block2_d2_stack_nonlinear_T32_s9401102,8,block,block,2,2,stack_nonlinear,32,9401102,176,16,2816,SnAp1,False,880,1136,9088,2048,0.022793899988755584,0.0234375,0.0006975312480790308,11.032795788160644,11.266540230467418,15312,6.322343506326433e-05,305020928
n8_block2_d2_stack_nonlinear_T32_s9401102,8,block,block,2,2,stack_nonlinear,32,9401102,176,16,2816,SnAp2,True,1056,1280,10240,1792,0.0176142500131391,0.015625,0.0005372593768697698,8.497788459803914,8.70634935225831,19360,6.322343506326433e-05,305020928
n8_block2_d2_stack_nonlinear_T32_s9401102,8,block,block,2,2,stack_nonlinear,32,9401102,176,16,2816,local_block,False,352,544,4352,1536,0.017251399985980242,0.0078125,0.0005277125019347295,8.346786304899055,8.527000297001067,1760,6.322343506326433e-05,305020928
n8_block2_d2_stack_nonlinear_T32_s9401103,8,block,block,2,2,stack_nonlinear,32,9401103,176,16,2816,BPTT,True,5257,5257,42056,0,0.008675599936395884,0.0078125,0.00017098593707487453,2.579703002060842,4.090334778306748,,6.62812490190845e-05,305020928
n8_block2_d2_stack_nonlinear_T32_s9401103,8,block,block,2,2,stack_nonlinear,32,9401103,176,16,2816,RTRL,True,2816,2816,22528,0,0.011661399970762432,0.0078125,0.0003626000016083708,5.4706271679335225,5.498067017134788,92928,6.62812490190845e-05,305020928
n8_block2_d2_stack_nonlinear_T32_s9401103,8,block,block,2,2,stack_nonlinear,32,9401103,176,16,2816,packed_exact,True,1056,1280,10240,1792,0.017114049987867475,0.0234375,0.0005203421915211948,7.850518800141674,8.068859142453222,19360,6.62812490190845e-05,305020928
n8_block2_d2_stack_nonlinear_T32_s9401103,8,block,block,2,2,stack_nonlinear,32,9401103,176,16,2816,SnAp1,False,880,1136,9088,2048,0.022802349994890392,0.0234375,0.0006983046878303867,10.535478708757017,10.750754517844888,15312,6.62812490190845e-05,305020928
n8_block2_d2_stack_nonlinear_T32_s9401103,8,block,block,2,2,stack_nonlinear,32,9401103,176,16,2816,SnAp2,True,1056,1280,10240,1792,0.017987750004976988,0.0078125,0.0005498843729583314,8.296228286223183,8.4807874923069,19360,6.62812490190845e-05,305020928
n8_block2_d2_stack_nonlinear_T32_s9401103,8,block,block,2,2,stack_nonlinear,32,9401103,176,16,2816,local_block,False,352,544,4352,1536,0.018763599975500256,0.0234375,0.0005749046886194265,8.673715373919597,8.846581920409351,1760,6.62812490190845e-05,305020928
n8_block2_d2_stack_nonlinear_T32_s9401104,8,block,block,2,2,stack_nonlinear,32,9401104,176,16,2816,BPTT,True,5257,5257,42056,0,0.008780449978075922,0.0078125,0.00017057812328857835,2.480628946945388,3.9902974446004826,,6.876406223454978e-05,305020928
n8_block2_d2_stack_nonlinear_T32_s9401104,8,block,block,2,2,stack_nonlinear,32,9401104,176,16,2816,RTRL,True,2816,2816,22528,0,0.012688150047324598,0.015625,0.00039447343624487985,5.736622058472293,5.766161510738585,92928,6.876406223454978e-05,305020928
n8_block2_d2_stack_nonlinear_T32_s9401104,8,block,block,2,2,stack_nonlinear,32,9401104,176,16,2816,packed_exact,True,1056,1280,10240,1792,0.021623000036925077,0.0234375,0.0006590234424947994,9.583835234266889,9.826626426592943,19360,6.876406223454978e-05,305020928
n8_block2_d2_stack_nonlinear_T32_s9401104,8,block,block,2,2,stack_nonlinear,32,9401104,176,16,2816,SnAp1,False,880,1136,9088,2048,0.02636250003706664,0.0234375,0.0008068749993981328,11.733963544008413,11.980504050914092,15312,6.876406223454978e-05,305020928
n8_block2_d2_stack_nonlinear_T32_s9401104,8,block,block,2,2,stack_nonlinear,32,9401104,176,16,2816,SnAp2,True,1056,1280,10240,1792,0.01831269997637719,0.0234375,0.000558157813429716,8.116998840555343,8.322252287972818,19360,6.876406223454978e-05,305020928
n8_block2_d2_stack_nonlinear_T32_s9401104,8,block,block,2,2,stack_nonlinear,32,9401104,176,16,2816,local_block,False,352,544,4352,1536,0.01923474995419383,0.015625,0.0005890062493563164,8.565611603154771,8.741280205615134,1760,6.876406223454978e-05,305020928
n8_block2_d2_stack_nonlinear_T128_s9401100,8,block,block,2,2,stack_nonlinear,128,9401100,176,16,2816,BPTT,True,21385,21385,171080,0,0.035498050041496754,0.0390625,0.00017857031252788147,2.712578469436457,4.212768352561901,,6.583046888408717e-05,305020928
n8_block2_d2_stack_nonlinear_T128_s9401100,8,block,block,2,2,stack_nonlinear,128,9401100,176,16,2816,RTRL,True,2816,2816,22528,0,0.04712175001623109,0.046875,0.0003667589840006258,5.571264950981997,5.592223148980084,92928,6.583046888408717e-05,305020928
n8_block2_d2_stack_nonlinear_T128_s9401100,8,block,block,2,2,stack_nonlinear,128,9401100,176,16,2816,packed_exact,True,1056,1280,10240,1792,0.0679590999498032,0.0703125,0.000526453905422386,7.997116143124461,8.065117526242872,19360,6.583046888408717e-05,305020928
n8_block2_d2_stack_nonlinear_T128_s9401100,8,block,block,2,2,stack_nonlinear,128,9401100,176,16,2816,SnAp1,False,880,1136,9088,2048,0.0889830999658443,0.0859375,0.0006909390613145661,10.49573355661732,10.56016279797759,15312,6.583046888408717e-05,305020928
n8_block2_d2_stack_nonlinear_T128_s9401100,8,block,block,2,2,stack_nonlinear,128,9401100,176,16,2816,SnAp2,True,1056,1280,10240,1792,0.07019955001305789,0.0703125,0.000544408593668777,8.26985745198564,8.331005289400037,19360,6.583046888408717e-05,305020928
n8_block2_d2_stack_nonlinear_T128_s9401100,8,block,block,2,2,stack_nonlinear,128,9401100,176,16,2816,local_block,False,352,544,4352,1536,0.06661525001982227,0.0625,0.0005163808605175291,7.844101208313753,7.905634725103143,1760,6.583046888408717e-05,305020928
n8_block2_d2_stack_nonlinear_T128_s9401101,8,block,block,2,2,stack_nonlinear,128,9401101,176,16,2816,BPTT,True,21385,21385,171080,0,0.03607869998086244,0.0390625,0.00017897773432196118,2.6462692769783027,4.167503174101483,,6.763398414477706e-05,305020928
n8_block2_d2_stack_nonlinear_T128_s9401101,8,block,block,2,2,stack_nonlinear,128,9401101,176,16,2816,RTRL,True,2816,2816,22528,0,0.05088300001807511,0.046875,0.0003958925794904644,5.853456431651552,5.8775694300408885,92928,6.763398414477706e-05,305020928
n8_block2_d2_stack_nonlinear_T128_s9401101,8,block,block,2,2,stack_nonlinear,128,9401101,176,16,2816,packed_exact,True,1056,1280,10240,1792,0.06841129995882511,0.0703125,0.0005301636733747728,7.838717178628814,7.9022888816404935,19360,6.763398414477706e-05,305020928
n8_block2_d2_stack_nonlinear_T128_s9401101,8,block,block,2,2,stack_nonlinear,128,9401101,176,16,2816,SnAp1,False,880,1136,9088,2048,0.08384305000072345,0.078125,0.000650401173516002,9.616484696861205,9.684832801340082,15312,6.763398414477706e-05,305020928
n8_block2_d2_stack_nonlinear_T128_s9401101,8,block,block,2,2,stack_nonlinear,128,9401101,176,16,2816,SnAp2,True,1056,1280,10240,1792,0.06739959993865341,0.0703125,0.0005227191427366051,7.728646321022201,7.7854259390305725,19360,6.763398414477706e-05,305020928
n8_block2_d2_stack_nonlinear_T128_s9401101,8,block,block,2,2,stack_nonlinear,128,9401101,176,16,2816,local_block,False,352,544,4352,1536,0.06619039998622611,0.0625,0.0005133109370945022,7.589541612626437,7.645749491638144,1760,6.763398414477706e-05,305020928
n8_block2_d2_stack_nonlinear_T128_s9401102,8,block,block,2,2,stack_nonlinear,128,9401102,176,16,2816,BPTT,True,21385,21385,171080,0,0.03686035005375743,0.0390625,0.00018391289086139295,2.8423597686393514,4.450577439476339,,6.470429707405856e-05,305020928
n8_block2_d2_stack_nonlinear_T128_s9401102,8,block,block,2,2,stack_nonlinear,128,9401102,176,16,2816,RTRL,True,2816,2816,22528,0,0.048498100077267736,0.046875,0.00037746367479485343,5.833672443158142,5.855737933757115,92928,6.470429707405856e-05,305020928
n8_block2_d2_stack_nonlinear_T128_s9401102,8,block,block,2,2,stack_nonlinear,128,9401102,176,16,2816,packed_exact,True,1056,1280,10240,1792,0.07231645000865683,0.078125,0.0005603648451142362,8.66039614761381,8.731603482933776,19360,6.470429707405856e-05,305020928
n8_block2_d2_stack_nonlinear_T128_s9401102,8,block,block,2,2,stack_nonlinear,128,9401102,176,16,2816,SnAp1,False,880,1136,9088,2048,0.0979599499842152,0.09375,0.0007605937507833005,11.754918686663856,11.827840558652982,15312,6.470429707405856e-05,305020928
n8_block2_d2_stack_nonlinear_T128_s9401102,8,block,block,2,2,stack_nonlinear,128,9401102,176,16,2816,SnAp2,True,1056,1280,10240,1792,0.07478114997502416,0.078125,0.000579430468405917,8.955053908440094,9.029195286847596,19360,6.470429707405856e-05,305020928
n8_block2_d2_stack_nonlinear_T128_s9401102,8,block,block,2,2,stack_nonlinear,128,9401102,176,16,2816,local_block,False,352,544,4352,1536,0.06789389997720718,0.0703125,0.00052656211073554,8.137977453535322,8.197617740361624,1760,6.470429707405856e-05,305020928
n8_block2_d2_stack_nonlinear_T128_s9401103,8,block,block,2,2,stack_nonlinear,128,9401103,176,16,2816,BPTT,True,21385,21385,171080,0,0.03443590004462749,0.03125,0.00017248671838387963,2.666107167128702,4.158372705796391,,6.469609343184857e-05,305020928
n8_block2_d2_stack_nonlinear_T128_s9401103,8,block,block,2,2,stack_nonlinear,128,9401103,176,16,2816,RTRL,True,2816,2816,22528,0,0.04795564996311441,0.046875,0.0003733070325324661,5.770163432289942,5.79097586056714,92928,6.469609343184857e-05,305020928
n8_block2_d2_stack_nonlinear_T128_s9401103,8,block,block,2,2,stack_nonlinear,128,9401103,176,16,2816,packed_exact,True,1056,1280,10240,1792,0.06771000009030104,0.0625,0.0005250488284218591,8.115618742497182,8.176450039641322,19360,6.469609343184857e-05,305020928
n8_block2_d2_stack_nonlinear_T128_s9401103,8,block,block,2,2,stack_nonlinear,128,9401103,176,16,2816,SnAp1,False,880,1136,9088,2048,0.08483200002228841,0.078125,0.000658264842513745,10.174723195723818,10.244049756609723,15312,6.469609343184857e-05,305020928
n8_block2_d2_stack_nonlinear_T128_s9401103,8,block,block,2,2,stack_nonlinear,128,9401103,176,16,2816,SnAp2,True,1056,1280,10240,1792,0.06726370006799698,0.0625,0.0005217117195570609,8.06403743846816,8.122556230304543,19360,6.469609343184857e-05,305020928
n8_block2_d2_stack_nonlinear_T128_s9401103,8,block,block,2,2,stack_nonlinear,128,9401103,176,16,2816,local_block,False,352,544,4352,1536,0.0652064000023529,0.0703125,0.0005054957032371021,7.813388358133181,7.874123041988845,1760,6.469609343184857e-05,305020928
n8_block2_d2_stack_nonlinear_T128_s9401104,8,block,block,2,2,stack_nonlinear,128,9401104,176,16,2816,BPTT,True,21385,21385,171080,0,0.03632554999785498,0.03125,0.0001757589843691676,2.855312512060338,4.610397202302985,,6.155507799121551e-05,305020928
n8_block2_d2_stack_nonlinear_T128_s9401104,8,block,block,2,2,stack_nonlinear,128,9401104,176,16,2816,RTRL,True,2816,2816,22528,0,0.04737245000433177,0.046875,0.0003686968739202712,5.989706876382931,6.012457099179669,92928,6.155507799121551e-05,305020928
n8_block2_d2_stack_nonlinear_T128_s9401104,8,block,block,2,2,stack_nonlinear,128,9401104,176,16,2816,packed_exact,True,1056,1280,10240,1792,0.06866859999718145,0.0625,0.0005320554669197008,8.643567424212023,8.715340065925021,19360,6.155507799121551e-05,305020928
n8_block2_d2_stack_nonlinear_T128_s9401104,8,block,block,2,2,stack_nonlinear,128,9401104,176,16,2816,SnAp1,False,880,1136,9088,2048,0.0895176000194624,0.078125,0.0006940429711903562,11.275153794613056,11.36147127052385,15312,6.155507799121551e-05,305020928
n8_block2_d2_stack_nonlinear_T128_s9401104,8,block,block,2,2,stack_nonlinear,128,9401104,176,16,2816,SnAp2,True,1056,1280,10240,1792,0.0693299500271678,0.0703125,0.0005373269541451009,8.729205967731573,8.799277854290844,19360,6.155507799121551e-05,305020928
n8_block2_d2_stack_nonlinear_T128_s9401104,8,block,block,2,2,stack_nonlinear,128,9401104,176,16,2816,local_block,False,352,544,4352,1536,0.0644948499975726,0.0625,0.0005002496086490282,8.12686174681508,8.185612496144385,1760,6.155507799121551e-05,305020928
n8_block2_d3_stack_nonlinear_T32_s9401100,8,block,block,2,3,stack_nonlinear,32,9401100,264,24,6336,BPTT,True,8009,8009,64072,0,0.023352749994955957,0.015625,0.00044731562411470804,3.809981332491871,6.215797131445307,,0.00011740625086531509,305287168
n8_block2_d3_stack_nonlinear_T32_s9401100,8,block,block,2,3,stack_nonlinear,32,9401100,264,24,6336,RTRL,True,6336,6336,50688,0,0.02575030003208667,0.03125,0.0007997046886885073,6.811431953532904,6.8539525797977525,310464,0.00011740625086531509,305287168
n8_block2_d3_stack_nonlinear_T32_s9401100,8,block,block,2,3,stack_nonlinear,32,9401100,264,24,6336,packed_exact,True,2640,3024,24192,3072,0.02705355000216514,0.015625,0.0008258625020971522,7.034229404399913,7.200838382425693,77968,0.00011740625086531509,305287168
n8_block2_d3_stack_nonlinear_T32_s9401100,8,block,block,2,3,stack_nonlinear,32,9401100,264,24,6336,SnAp1,False,2376,2856,22848,3840,0.032810799952130765,0.0390625,0.001005031244858401,8.560287356516838,8.733244532953554,67672,0.00011740625086531509,305287168
n8_block2_d3_stack_nonlinear_T32_s9401100,8,block,block,2,3,stack_nonlinear,32,9401100,264,24,6336,SnAp2,True,2640,3024,24192,3072,0.02630750002572313,0.0234375,0.0008038749947445467,6.84695226037605,7.002262398677111,77968,0.00011740625086531509,305287168
n8_block2_d3_stack_nonlinear_T32_s9401100,8,block,block,2,3,stack_nonlinear,32,9401100,264,24,6336,local_block,False,528,816,6528,2304,0.025997349992394447,0.03125,0.0007963109346746933,6.782525877503722,6.919709821875728,2640,0.00011740625086531509,305287168
n8_block2_d3_stack_nonlinear_T32_s9401101,8,block,block,2,3,stack_nonlinear,32,9401101,264,24,6336,BPTT,True,8009,8009,64072,0,0.012622350011952221,0.015625,0.0002480078128428431,2.4764408457542038,3.9386993978003653,,0.00010014687541115563,305287168
n8_block2_d3_stack_nonlinear_T32_s9401101,8,block,block,2,3,stack_nonlinear,32,9401101,264,24,6336,RTRL,True,6336,6336,50688,0,0.018264900019858032,0.015625,0.0005689078134309966,5.680734532109271,5.699410224005681,310464,0.00010014687541115563,305287168
n8_block2_d3_stack_nonlinear_T32_s9401101,8,block,block,2,3,stack_nonlinear,32,9401101,264,24,6336,packed_exact,True,2640,3024,24192,3072,0.026275500014889985,0.03125,0.0008024640628718771,8.012871690478008,8.199051364251016,77968,0.00010014687541115563,305287168
n8_block2_d3_stack_nonlinear_T32_s9401101,8,block,block,2,3,stack_nonlinear,32,9401101,264,24,6336,SnAp1,False,2376,2856,22848,3840,0.03398074995493516,0.03125,0.0010420875041745603,10.405591786026699,10.603410558063564,67672,0.00010014687541115563,305287168
n8_block2_d3_stack_nonlinear_T32_s9401101,8,block,block,2,3,stack_nonlinear,32,9401101,264,24,6336,SnAp2,True,2640,3024,24192,3072,0.02613635000307113,0.03125,0.0007983046853041742,7.971338916233915,8.15563075974901,77968,0.00010014687541115563,305287168
n8_block2_d3_stack_nonlinear_T32_s9401101,8,block,block,2,3,stack_nonlinear,32,9401101,264,24,6336,local_block,False,528,816,6528,2304,0.024900900083594024,0.0234375,0.000762951569413417,7.618326246136979,7.7701188820678135,2640,0.00010014687541115563,305287168
n8_block2_d3_stack_nonlinear_T32_s9401102,8,block,block,2,3,stack_nonlinear,32,9401102,264,24,6336,BPTT,True,8009,8009,64072,0,0.01241879997542128,0.015625,0.0002487015626684297,2.635510150525894,4.112593956160766,,9.436562504561152e-05,305307648
n8_block2_d3_stack_nonlinear_T32_s9401102,8,block,block,2,3,stack_nonlinear,32,9401102,264,24,6336,RTRL,True,6336,6336,50688,0,0.016739600047003478,0.015625,0.0005212359355937224,5.523578478304823,5.543464595460612,310464,9.436562504561152e-05,305307648
n8_block2_d3_stack_nonlinear_T32_s9401102,8,block,block,2,3,stack_nonlinear,32,9401102,264,24,6336,packed_exact,True,2640,3024,24192,3072,0.026297700009308755,0.03125,0.0008026734376471722,8.50599397035945,8.708712784911677,77968,9.436562504561152e-05,305307648
n8_block2_d3_stack_nonlinear_T32_s9401102,8,block,block,2,3,stack_nonlinear,32,9401102,264,24,6336,SnAp1,False,2376,2856,22848,3840,0.034095949959009886,0.03125,0.0010447437471157173,11.071232205697164,11.29117128937631,67672,9.436562504561152e-05,305307648
n8_block2_d3_stack_nonlinear_T32_s9401102,8,block,block,2,3,stack_nonlinear,32,9401102,264,24,6336,SnAp2,True,2640,3024,24192,3072,0.026892649999354035,0.03125,0.0008222781234508147,8.713746378020254,8.905735664587707,77968,9.436562504561152e-05,305307648
n8_block2_d3_stack_nonlinear_T32_s9401102,8,block,block,2,3,stack_nonlinear,32,9401102,264,24,6336,local_block,False,528,816,6528,2304,0.026221100008115172,0.015625,0.0008018906264624093,8.497698458255496,8.683346026241425,2640,9.436562504561152e-05,305307648
n8_block2_d3_stack_nonlinear_T32_s9401103,8,block,block,2,3,stack_nonlinear,32,9401103,264,24,6336,BPTT,True,8009,8009,64072,0,0.013567599991802126,0.015625,0.0002695531238714466,2.981164045803036,4.689154671822673,,9.041874909598846e-05,305405952
n8_block2_d3_stack_nonlinear_T32_s9401103,8,block,block,2,3,stack_nonlinear,32,9401103,264,24,6336,RTRL,True,6336,6336,50688,0,0.01764095004182309,0.015625,0.0005494749948411481,6.0770028377391725,6.09696212697804,310464,9.041874909598846e-05,305405952
n8_block2_d3_stack_nonlinear_T32_s9401103,8,block,block,2,3,stack_nonlinear,32,9401103,264,24,6336,packed_exact,True,2640,3024,24192,3072,0.027005450043361634,0.0234375,0.0008242328149208333,9.115729018168881,9.333465927062827,77968,9.041874909598846e-05,305405952
n8_block2_d3_stack_nonlinear_T32_s9401103,8,block,block,2,3,stack_nonlinear,32,9401103,264,24,6336,SnAp1,False,2376,2856,22848,3840,0.034582450054585934,0.03125,0.0010588031218503602,11.709995243645052,11.952184419832426,67672,9.041874909598846e-05,305405952
n8_block2_d3_stack_nonlinear_T32_s9401103,8,block,block,2,3,stack_nonlinear,32,9401103,264,24,6336,SnAp2,True,2640,3024,24192,3072,0.029183799983002245,0.03125,0.0008887499971024226,9.82926667298755,10.086334511226742,77968,9.041874909598846e-05,305405952
n8_block2_d3_stack_nonlinear_T32_s9401103,8,block,block,2,3,stack_nonlinear,32,9401103,264,24,6336,local_block,False,528,816,6528,2304,0.02711554995039478,0.03125,0.0008300531226268504,9.18009960241395,9.37151801392739,2640,9.041874909598846e-05,305405952
n8_block2_d3_stack_nonlinear_T32_s9401104,8,block,block,2,3,stack_nonlinear,32,9401104,264,24,6336,BPTT,True,8009,8009,64072,0,0.014052550017368048,0.015625,0.00028850156377302483,2.638331597322694,4.015932167848256,,0.0001093500013666926,305405952
n8_block2_d3_stack_nonlinear_T32_s9401104,8,block,block,2,3,stack_nonlinear,32,9401104,264,24,6336,RTRL,True,6336,6336,50688,0,0.0184859000146389,0.0234375,0.0005755953152402071,5.263788825296991,5.282893170895059,310464,0.0001093500013666926,305405952
n8_block2_d3_stack_nonlinear_T32_s9401104,8,block,block,2,3,stack_nonlinear,32,9401104,264,24,6336,packed_exact,True,2640,3024,24192,3072,0.02704295003786683,0.0234375,0.0008247093701356789,7.541923729567331,7.728323531057119,77968,0.0001093500013666926,305405952
n8_block2_d3_stack_nonlinear_T32_s9401104,8,block,block,2,3,stack_nonlinear,32,9401104,264,24,6336,SnAp1,False,2376,2856,22848,3840,0.03582500002812594,0.0390625,0.0010982124986185227,10.043095426545026,10.238054292516349,67672,0.0001093500013666926,305405952
n8_block2_d3_stack_nonlinear_T32_s9401104,8,block,block,2,3,stack_nonlinear,32,9401104,264,24,6336,SnAp2,True,2640,3024,24192,3072,0.026893700007349253,0.03125,0.000821334377178573,7.511059596829113,7.68567091655889,77968,0.0001093500013666926,305405952
n8_block2_d3_stack_nonlinear_T32_s9401104,8,block,block,2,3,stack_nonlinear,32,9401104,264,24,6336,local_block,False,528,816,6528,2304,0.025802700023632497,0.0234375,0.000789932812040206,7.223893938430395,7.373885374126027,2640,0.0001093500013666926,305405952
n8_block2_d3_stack_nonlinear_T128_s9401100,8,block,block,2,3,stack_nonlinear,128,9401100,264,24,6336,BPTT,True,32585,32585,260680,0,0.05238925002049655,0.0546875,0.0002683457032617298,2.8034810689725767,4.275975357559632,,9.57187498897838e-05,305455104
n8_block2_d3_stack_nonlinear_T128_s9401100,8,block,block,2,3,stack_nonlinear,128,9401100,264,24,6336,RTRL,True,6336,6336,50688,0,0.07564975001150742,0.0703125,0.0005895515628253634,6.159206670628354,6.17448172531954,310464,9.57187498897838e-05,305455104
n8_block2_d3_stack_nonlinear_T128_s9401100,8,block,block,2,3,stack_nonlinear,128,9401100,264,24,6336,packed_exact,True,2640,3024,24192,3072,0.10397614998510107,0.1015625,0.0008064207022471237,8.424897976370188,8.486463443097072,77968,9.57187498897838e-05,305455104
n8_block2_d3_stack_nonlinear_T128_s9401100,8,block,block,2,3,stack_nonlinear,128,9401100,264,24,6336,SnAp1,False,2376,2856,22848,3840,0.14104004995897412,0.140625,0.0010943394549940422,11.432864054891326,11.511594035371854,67672,9.57187498897838e-05,305455104
n8_block2_d3_stack_nonlinear_T128_s9401100,8,block,block,2,3,stack_nonlinear,128,9401100,264,24,6336,SnAp2,True,2640,3024,24192,3072,0.10490809998009354,0.1015625,0.0008140320305756177,8.504415608362438,8.562528574999257,77968,9.57187498897838e-05,305455104
n8_block2_d3_stack_nonlinear_T128_s9401100,8,block,block,2,3,stack_nonlinear,128,9401100,264,24,6336,local_block,False,528,816,6528,2304,0.09821659995941445,0.1015625,0.0007624265622325765,7.965279144477748,8.016372843005781,2640,9.57187498897838e-05,305455104
n8_block2_d3_stack_nonlinear_T128_s9401101,8,block,block,2,3,stack_nonlinear,128,9401101,264,24,6336,BPTT,True,32585,32585,260680,0,0.05603700003121048,0.046875,0.0002755890623120649,2.921793731858559,4.641437249613092,,9.432187471247744e-05,305532928
n8_block2_d3_stack_nonlinear_T128_s9401101,8,block,block,2,3,stack_nonlinear,128,9401101,264,24,6336,RTRL,True,6336,6336,50688,0,0.07317204994615167,0.0703125,0.00056997460887942,6.042867687022557,6.060700573932591,310464,9.432187471247744e-05,305532928
n8_block2_d3_stack_nonlinear_T128_s9401101,8,block,block,2,3,stack_nonlinear,128,9401101,264,24,6336,packed_exact,True,2640,3024,24192,3072,0.10175829997751862,0.1015625,0.0007894324216977111,8.369558218643851,8.428444843762195,77968,9.432187471247744e-05,305532928
n8_block2_d3_stack_nonlinear_T128_s9401101,8,block,block,2,3,stack_nonlinear,128,9401101,264,24,6336,SnAp1,False,2376,2856,22848,3840,0.13280534994555637,0.1328125,0.0010316472676095145,10.937518690699246,11.000012453234321,67672,9.432187471247744e-05,305532928
n8_block2_d3_stack_nonlinear_T128_s9401101,8,block,block,2,3,stack_nonlinear,128,9401101,264,24,6336,SnAp2,True,2640,3024,24192,3072,0.10418614995433018,0.09375,0.0008085136714726104,8.57185752443124,8.629539001418193,77968,9.432187471247744e-05,305532928
n8_block2_d3_stack_nonlinear_T128_s9401101,8,block,block,2,3,stack_nonlinear,128,9401101,264,24,6336,local_block,False,528,816,6528,2304,0.10299450001912192,0.109375,0.0007995070304787077,8.476369165857392,8.53083692252935,2640,9.432187471247744e-05,305532928
n8_block2_d3_stack_nonlinear_T128_s9401102,8,block,block,2,3,stack_nonlinear,128,9401102,264,24,6336,BPTT,True,32585,32585,260680,0,0.052768099994864315,0.046875,0.00026484882801014464,2.5263077432895478,3.93232754161097,,0.00010483632831892464,305606656
n8_block2_d3_stack_nonlinear_T128_s9401102,8,block,block,2,3,stack_nonlinear,128,9401102,264,24,6336,RTRL,True,6336,6336,50688,0,0.0696956500178203,0.0703125,0.0005431027325357718,5.180482197770112,5.193784201482098,310464,0.00010483632831892464,305606656
n8_block2_d3_stack_nonlinear_T128_s9401102,8,block,block,2,3,stack_nonlinear,128,9401102,264,24,6336,packed_exact,True,2640,3024,24192,3072,0.10314615000970662,0.1015625,0.0007992636728886282,7.6239189764179125,7.686546351560538,77968,0.00010483632831892464,305606656
n8_block2_d3_stack_nonlinear_T128_s9401102,8,block,block,2,3,stack_nonlinear,128,9401102,264,24,6336,SnAp1,False,2376,2856,22848,3840,0.13048614998115227,0.125,0.0010128746089321794,9.661484956349232,9.723948397224913,67672,0.00010483632831892464,305606656
n8_block2_d3_stack_nonlinear_T128_s9401102,8,block,block,2,3,stack_nonlinear,128,9401102,264,24,6336,SnAp2,True,2640,3024,24192,3072,0.10735065001063049,0.109375,0.0008326636707352009,7.942510807915157,7.999869574377835,77968,0.00010483632831892464,305606656
n8_block2_d3_stack_nonlinear_T128_s9401102,8,block,block,2,3,stack_nonlinear,128,9401102,264,24,6336,local_block,False,528,816,6528,2304,0.10295369999948889,0.109375,0.0007992402361196582,7.62369542062055,7.67220479907644,2640,0.00010483632831892464,305606656
n8_block2_d3_stack_nonlinear_T128_s9401103,8,block,block,2,3,stack_nonlinear,128,9401103,264,24,6336,BPTT,True,32585,32585,260680,0,0.054883149976376444,0.0546875,0.0002795999998852494,2.7395922117944607,4.201243134604581,,0.00010205898479398456,305606656
n8_block2_d3_stack_nonlinear_T128_s9401103,8,block,block,2,3,stack_nonlinear,128,9401103,264,24,6336,RTRL,True,6336,6336,50688,0,0.07253769994713366,0.0703125,0.0005651832029798243,5.537809376809876,5.5526789922604,310464,0.00010205898479398456,305606656
n8_block2_d3_stack_nonlinear_T128_s9401103,8,block,block,2,3,stack_nonlinear,128,9401103,264,24,6336,packed_exact,True,2640,3024,24192,3072,0.1026230999850668,0.1015625,0.0007958734368003206,7.798171208609063,7.855682380651995,77968,0.00010205898479398456,305606656
n8_block2_d3_stack_nonlinear_T128_s9401103,8,block,block,2,3,stack_nonlinear,128,9401103,264,24,6336,SnAp1,False,2376,2856,22848,3840,0.13215339998714626,0.1328125,0.0010264949223710573,10.057859427498046,10.116193488340807,67672,0.00010205898479398456,305606656
n8_block2_d3_stack_nonlinear_T128_s9401103,8,block,block,2,3,stack_nonlinear,128,9401103,264,24,6336,SnAp2,True,2640,3024,24192,3072,0.1067806999781169,0.09375,0.0008279144535663363,8.112117274510986,8.173941963688906,77968,0.00010205898479398456,305606656
n8_block2_d3_stack_nonlinear_T128_s9401103,8,block,block,2,3,stack_nonlinear,128,9401103,264,24,6336,local_block,False,528,816,6528,2304,0.10144744999706745,0.1015625,0.0007872429696362815,7.71360768701946,7.765687702086602,2640,0.00010205898479398456,305606656
n8_block2_d3_stack_nonlinear_T128_s9401104,8,block,block,2,3,stack_nonlinear,128,9401104,264,24,6336,BPTT,True,32585,32585,260680,0,0.05542054999386892,0.0546875,0.0002862003907466715,2.6155776532487542,3.9569289992423333,,0.00010942148492176784,305606656
n8_block2_d3_stack_nonlinear_T128_s9401104,8,block,block,2,3,stack_nonlinear,128,9401104,264,24,6336,RTRL,True,6336,6336,50688,0,0.07257199997548014,0.0703125,0.000565243748951616,5.16574737909784,5.1815121154113335,310464,0.00010942148492176784,305606656
n8_block2_d3_stack_nonlinear_T128_s9401104,8,block,block,2,3,stack_nonlinear,128,9401104,264,24,6336,packed_exact,True,2640,3024,24192,3072,0.10144345002481714,0.09375,0.0007863355444897024,7.186299336477678,7.2428824548077575,77968,0.00010942148492176784,305606656
n8_block2_d3_stack_nonlinear_T128_s9401104,8,block,block,2,3,stack_nonlinear,128,9401104,264,24,6336,SnAp1,False,2376,2856,22848,3840,0.12930540001252666,0.1328125,0.0010037656229542335,9.173386960265503,9.232176279824,67672,0.00010942148492176784,305606656
n8_block2_d3_stack_nonlinear_T128_s9401104,8,block,block,2,3,stack_nonlinear,128,9401104,264,24,6336,SnAp2,True,2640,3024,24192,3072,0.10419909993652254,0.09375,0.0008084542978394893,7.388442026878936,7.439630972254679,77968,0.00010942148492176784,305606656
n8_block2_d3_stack_nonlinear_T128_s9401104,8,block,block,2,3,stack_nonlinear,128,9401104,264,24,6336,local_block,False,528,816,6528,2304,0.10174710000865161,0.1015625,0.0007897878895164467,7.2178502245798875,7.264562525229055,2640,0.00010942148492176784,305606656
n8_block4_d1_stack_nonlinear_T32_s9401100,8,block,block,4,1,stack_nonlinear,32,9401100,104,8,832,BPTT,True,2505,2505,20040,0,0.004295999999158084,0.0078125,8.53750007081544e-05,2.206428603831824,3.4695524163911298,,3.869375177600887e-05,305606656
n8_block4_d1_stack_nonlinear_T32_s9401100,8,block,block,4,1,stack_nonlinear,32,9401100,104,8,832,RTRL,True,832,832,6656,0,0.006014849932398647,0.0,0.000186024995855405,4.807623642500992,4.857736760072988,14144,3.869375177600887e-05,305606656
n8_block4_d1_stack_nonlinear_T32_s9401100,8,block,block,4,1,stack_nonlinear,32,9401100,104,8,832,packed_exact,True,416,528,4224,896,0.007292700000107288,0.0078125,0.00021840155932295602,5.644362443508791,5.889759057808779,3744,3.869375177600887e-05,305606656
n8_block4_d1_stack_nonlinear_T32_s9401100,8,block,block,4,1,stack_nonlinear,32,9401100,104,8,832,SnAp1,False,104,216,1728,896,0.010446350031998008,0.015625,0.0003175484343955759,8.206710898281624,8.43672230053288,312,3.869375177600887e-05,305606656
n8_block4_d1_stack_nonlinear_T32_s9401100,8,block,block,4,1,stack_nonlinear,32,9401100,104,8,832,SnAp2,True,416,528,4224,896,0.007640450028702617,0.0078125,0.00023102656086848583,5.970642552468337,6.170610303676903,3744,3.869375177600887e-05,305606656
n8_block4_d1_stack_nonlinear_T32_s9401100,8,block,block,4,1,stack_nonlinear,32,9401100,104,8,832,local_block,True,416,528,4224,896,0.007048400060739368,0.0078125,0.00021177656526560895,5.473146323249945,5.692456579893443,3744,3.869375177600887e-05,305606656
n8_block4_d1_stack_nonlinear_T32_s9401101,8,block,block,4,1,stack_nonlinear,32,9401101,104,8,832,BPTT,True,2505,2505,20040,0,0.004137749958317727,0.0078125,8.020312452572398e-05,2.4382481738908277,3.9309804556964267,,3.28937494487036e-05,305606656
n8_block4_d1_stack_nonlinear_T32_s9401101,8,block,block,4,1,stack_nonlinear,32,9401101,104,8,832,RTRL,True,832,832,6656,0,0.005758550018072128,0.0,0.00017817343541537412,5.416635026457777,5.470786732457656,14144,3.28937494487036e-05,305606656
n8_block4_d1_stack_nonlinear_T32_s9401101,8,block,block,4,1,stack_nonlinear,32,9401101,104,8,832,packed_exact,True,416,528,4224,896,0.006908799987286329,0.0078125,0.00020740312174893916,6.305244164164851,6.563557004633498,3744,3.28937494487036e-05,305606656
n8_block4_d1_stack_nonlinear_T32_s9401101,8,block,block,4,1,stack_nonlinear,32,9401101,104,8,832,SnAp1,False,104,216,1728,896,0.010311949939932674,0.015625,0.00031355312967207283,9.532301270824888,9.796646506517256,312,3.28937494487036e-05,305606656
n8_block4_d1_stack_nonlinear_T32_s9401101,8,block,block,4,1,stack_nonlinear,32,9401101,104,8,832,SnAp2,True,416,528,4224,896,0.006621400010772049,0.0078125,0.00019992499619547743,6.077902323274272,6.290518831223771,3744,3.28937494487036e-05,305606656
n8_block4_d1_stack_nonlinear_T32_s9401101,8,block,block,4,1,stack_nonlinear,32,9401101,104,8,832,local_block,True,416,528,4224,896,0.00637755001662299,0.0,0.0001923234358400805,5.8468079517660545,6.058854382966158,3744,3.28937494487036e-05,305606656
n8_block4_d1_stack_nonlinear_T32_s9401102,8,block,block,4,1,stack_nonlinear,32,9401102,104,8,832,BPTT,True,2505,2505,20040,0,0.004163049976341426,0.0,8.411250200879294e-05,3.0109065373004005,4.656915622500276,,2.793593921524007e-05,305606656
n8_block4_d1_stack_nonlinear_T32_s9401102,8,block,block,4,1,stack_nonlinear,32,9401102,104,8,832,RTRL,True,832,832,6656,0,0.0054235500283539295,0.0078125,0.00016778906319814268,6.0062080571326435,6.066949712347583,14144,2.793593921524007e-05,305606656
n8_block4_d1_stack_nonlinear_T32_s9401102,8,block,block,4,1,stack_nonlinear,32,9401102,104,8,832,packed_exact,True,416,528,4224,896,0.006834400002844632,0.0078125,0.0002059500002360437,7.372223953139564,7.645169845314591,3744,2.793593921524007e-05,305606656
n8_block4_d1_stack_nonlinear_T32_s9401102,8,block,block,4,1,stack_nonlinear,32,9401102,104,8,832,SnAp1,False,104,216,1728,896,0.009737449989188462,0.0078125,0.00029638906016771216,10.609597117322663,10.892610762702953,312,2.793593921524007e-05,305606656
n8_block4_d1_stack_nonlinear_T32_s9401102,8,block,block,4,1,stack_nonlinear,32,9401102,104,8,832,SnAp2,True,416,528,4224,896,0.006270000012591481,0.0078125,0.00018896406072599348,6.764192149405406,7.013814673773086,3744,2.793593921524007e-05,305606656
n8_block4_d1_stack_nonlinear_T32_s9401102,8,block,block,4,1,stack_nonlinear,32,9401102,104,8,832,local_block,True,416,528,4224,896,0.006375550001394004,0.0078125,0.0001919109381560702,6.86967911397,7.131886134505626,3744,2.793593921524007e-05,305606656
n8_block4_d1_stack_nonlinear_T32_s9401103,8,block,block,4,1,stack_nonlinear,32,9401103,104,8,832,BPTT,True,2505,2505,20040,0,0.003655450011137873,0.0078125,7.111093509593047e-05,2.4840892386580204,3.990448173894666,,2.8626562198041938e-05,305606656
n8_block4_d1_stack_nonlinear_T32_s9401103,8,block,block,4,1,stack_nonlinear,32,9401103,104,8,832,RTRL,True,832,832,6656,0,0.005099050002172589,0.0,0.00015777968837937806,5.51165338289102,5.566344692929724,14144,2.8626562198041938e-05,305606656
n8_block4_d1_stack_nonlinear_T32_s9401103,8,block,block,4,1,stack_nonlinear,32,9401103,104,8,832,packed_exact,True,416,528,4224,896,0.006341500033158809,0.0078125,0.00019127031191601418,6.681567650100057,6.922657169423151,3744,2.8626562198041938e-05,305606656
n8_block4_d1_stack_nonlinear_T32_s9401103,8,block,block,4,1,stack_nonlinear,32,9401103,104,8,832,SnAp1,False,104,216,1728,896,0.009587599954102188,0.0078125,0.0002911671872425359,10.171224376444746,10.466240986009383,312,2.8626562198041938e-05,305606656
n8_block4_d1_stack_nonlinear_T32_s9401103,8,block,block,4,1,stack_nonlinear,32,9401103,104,8,832,SnAp2,True,416,528,4224,896,0.00682205002522096,0.0078125,0.00020658749963331502,7.216636709784371,7.447246435436009,3744,2.8626562198041938e-05,305606656
n8_block4_d1_stack_nonlinear_T32_s9401103,8,block,block,4,1,stack_nonlinear,32,9401103,104,8,832,local_block,True,416,528,4224,896,0.00631535000866279,0.0,0.00019094531489827204,6.670214662078171,6.894110665660415,3744,2.8626562198041938e-05,305606656
n8_block4_d1_stack_nonlinear_T32_s9401104,8,block,block,4,1,stack_nonlinear,32,9401104,104,8,832,BPTT,True,2505,2505,20040,0,0.0039302000077441335,0.0078125,7.87562494224403e-05,2.5929318486740875,4.043623857817952,,3.0373435947694816e-05,305606656
n8_block4_d1_stack_nonlinear_T32_s9401104,8,block,block,4,1,stack_nonlinear,32,9401104,104,8,832,RTRL,True,832,832,6656,0,0.005299699958413839,0.0078125,0.00016402656183345243,5.4003294890942755,5.452646976971397,14144,3.0373435947694816e-05,305606656
n8_block4_d1_stack_nonlinear_T32_s9401104,8,block,block,4,1,stack_nonlinear,32,9401104,104,8,832,packed_exact,True,416,528,4224,896,0.006548149976879358,0.0,0.00019718594012374524,6.4920524784655,6.737126715919351,3744,3.0373435947694816e-05,305606656
n8_block4_d1_stack_nonlinear_T32_s9401104,8,block,block,4,1,stack_nonlinear,32,9401104,104,8,832,SnAp1,False,104,216,1728,896,0.01021635002689436,0.0078125,0.00031158593446889427,10.258501376185002,10.511189412032227,312,3.0373435947694816e-05,305606656
n8_block4_d1_stack_nonlinear_T32_s9401104,8,block,block,4,1,stack_nonlinear,32,9401104,104,8,832,SnAp2,True,416,528,4224,896,0.006912600016221404,0.0078125,0.00020814218805753626,6.852770572811442,7.112094623700733,3744,3.0373435947694816e-05,305606656
n8_block4_d1_stack_nonlinear_T32_s9401104,8,block,block,4,1,stack_nonlinear,32,9401104,104,8,832,local_block,True,416,528,4224,896,0.0066213999525643885,0.0078125,0.00019964687271567527,6.5730750073676605,6.812490653805704,3744,3.0373435947694816e-05,305606656
n8_block4_d1_stack_nonlinear_T128_s9401100,8,block,block,4,1,stack_nonlinear,128,9401100,104,8,832,BPTT,True,10185,10185,81480,0,0.015093599969986826,0.015625,7.420273459501914e-05,2.597516778787378,4.127825378960278,,2.8566797027451685e-05,305606656
n8_block4_d1_stack_nonlinear_T128_s9401100,8,block,block,4,1,stack_nonlinear,128,9401100,104,8,832,RTRL,True,832,832,6656,0,0.02006745000835508,0.0234375,0.00015564140494461753,5.4483323697456045,5.488083002081646,14144,2.8566797027451685e-05,305606656
n8_block4_d1_stack_nonlinear_T128_s9401100,8,block,block,4,1,stack_nonlinear,128,9401100,104,8,832,packed_exact,True,416,528,4224,896,0.027477200026623905,0.0234375,0.00021208593670962728,7.424211279473165,7.514515015516551,3744,2.8566797027451685e-05,305606656
n8_block4_d1_stack_nonlinear_T128_s9401100,8,block,block,4,1,stack_nonlinear,128,9401100,104,8,832,SnAp1,False,104,216,1728,896,0.041013000009115785,0.046875,0.0003175753895447997,11.11694073506459,11.21631039921313,312,2.8566797027451685e-05,305606656
n8_block4_d1_stack_nonlinear_T128_s9401100,8,block,block,4,1,stack_nonlinear,128,9401100,104,8,832,SnAp2,True,416,528,4224,896,0.024672699975781143,0.0234375,0.00019037226502405247,6.6641095549183005,6.747535202338539,3744,2.8566797027451685e-05,305606656
n8_block4_d1_stack_nonlinear_T128_s9401100,8,block,block,4,1,stack_nonlinear,128,9401100,104,8,832,local_block,True,416,528,4224,896,0.027459600009024143,0.0234375,0.00021209609394645668,7.424566840400057,7.509701730451165,3744,2.8566797027451685e-05,305606656
n8_block4_d1_stack_nonlinear_T128_s9401101,8,block,block,4,1,stack_nonlinear,128,9401101,104,8,832,BPTT,True,10185,10185,81480,0,0.014919750043191016,0.015625,7.308007843676023e-05,2.7094919761302054,4.32155895506761,,2.6971874831360765e-05,305606656
n8_block4_d1_stack_nonlinear_T128_s9401101,8,block,block,4,1,stack_nonlinear,128,9401101,104,8,832,RTRL,True,832,832,6656,0,0.02017199998954311,0.015625,0.00015644140876247548,5.800168128489821,5.842891934789345,14144,2.6971874831360765e-05,305606656
n8_block4_d1_stack_nonlinear_T128_s9401101,8,block,block,4,1,stack_nonlinear,128,9401101,104,8,832,packed_exact,True,416,528,4224,896,0.02868284995201975,0.03125,0.0002210207017014909,8.19448789093836,8.30809006237884,3744,2.6971874831360765e-05,305606656
n8_block4_d1_stack_nonlinear_T128_s9401101,8,block,block,4,1,stack_nonlinear,128,9401101,104,8,832,SnAp1,False,104,216,1728,896,0.04082925000693649,0.0390625,0.00031586015484208474,11.71072299634238,11.826338275465684,312,2.6971874831360765e-05,305606656
n8_block4_d1_stack_nonlinear_T128_s9401101,8,block,block,4,1,stack_nonlinear,128,9401101,104,8,832,SnAp2,True,416,528,4224,896,0.02618590003112331,0.03125,0.0002020460951825953,7.490991873789659,7.584839588358333,3744,2.6971874831360765e-05,305606656
n8_block4_d1_stack_nonlinear_T128_s9401101,8,block,block,4,1,stack_nonlinear,128,9401101,104,8,832,local_block,True,416,528,4224,896,0.027520200004801154,0.015625,0.00021204101449256996,7.8615600813194275,7.971324347372478,3744,2.6971874831360765e-05,305606656
n8_block4_d1_stack_nonlinear_T128_s9401102,8,block,block,4,1,stack_nonlinear,128,9401102,104,8,832,BPTT,True,10185,10185,81480,0,0.016973799967672676,0.015625,8.574374987802003e-05,2.696774967360588,4.170722986271316,,3.179492205163115e-05,305606656
n8_block4_d1_stack_nonlinear_T128_s9401102,8,block,block,4,1,stack_nonlinear,128,9401102,104,8,832,RTRL,True,832,832,6656,0,0.024688399978913367,0.0234375,0.00019120546949125128,6.013710905809314,6.066318531055043,14144,3.179492205163115e-05,305606656
n8_block4_d1_stack_nonlinear_T128_s9401102,8,block,block,4,1,stack_nonlinear,128,9401102,104,8,832,packed_exact,True,416,528,4224,896,0.026793049997650087,0.0234375,0.0002063667961920146,6.490558330569253,6.583463320549412,3744,3.179492205163115e-05,305606656
n8_block4_d1_stack_nonlinear_T128_s9401102,8,block,block,4,1,stack_nonlinear,128,9401102,104,8,832,SnAp1,False,104,216,1728,896,0.04024104995187372,0.0390625,0.00031138359372562263,9.793500774116476,9.887843166858303,312,3.179492205163115e-05,305606656
n8_block4_d1_stack_nonlinear_T128_s9401102,8,block,block,4,1,stack_nonlinear,128,9401102,104,8,832,SnAp2,True,416,528,4224,896,0.02614599996013567,0.0234375,0.00020165000023553148,6.3422077244937425,6.424473202257172,3744,3.179492205163115e-05,305606656
n8_block4_d1_stack_nonlinear_T128_s9401102,8,block,block,4,1,stack_nonlinear,128,9401102,104,8,832,local_block,True,416,528,4224,896,0.025675749988295138,0.0234375,0.00019807617127298727,6.229805217051178,6.308925571756983,3744,3.179492205163115e-05,305606656
n8_block4_d1_stack_nonlinear_T128_s9401103,8,block,block,4,1,stack_nonlinear,128,9401103,104,8,832,BPTT,True,10185,10185,81480,0,0.01562735001789406,0.0078125,7.812343756086193e-05,2.806882613940606,4.386501433330563,,2.7832812520500738e-05,305606656
n8_block4_d1_stack_nonlinear_T128_s9401103,8,block,block,4,1,stack_nonlinear,128,9401103,104,8,832,RTRL,True,832,832,6656,0,0.020207899971865118,0.015625,0.0001566621076563024,5.6286840412161085,5.672233749784046,14144,2.7832812520500738e-05,305606656
n8_block4_d1_stack_nonlinear_T128_s9401103,8,block,block,4,1,stack_nonlinear,128,9401103,104,8,832,packed_exact,True,416,528,4224,896,0.025662449945230037,0.03125,0.0001978335944841092,7.107926816177541,7.203292518477493,3744,2.7832812520500738e-05,305606656
n8_block4_d1_stack_nonlinear_T128_s9401103,8,block,block,4,1,stack_nonlinear,128,9401103,104,8,832,SnAp1,False,104,216,1728,896,0.039667550008744,0.0390625,0.0003067773450311506,11.022146784669658,11.13443832580873,312,2.7832812520500738e-05,305606656
n8_block4_d1_stack_nonlinear_T128_s9401103,8,block,block,4,1,stack_nonlinear,128,9401103,104,8,832,SnAp2,True,416,528,4224,896,0.02565615001367405,0.0234375,0.00019792109242189326,7.111070513485156,7.201524166276475,3744,2.7832812520500738e-05,305606656
n8_block4_d1_stack_nonlinear_T128_s9401103,8,block,block,4,1,stack_nonlinear,128,9401103,104,8,832,local_block,True,416,528,4224,896,0.025675399985630065,0.0234375,0.00019788398458331358,7.109737272780418,7.206927515499468,3744,2.7832812520500738e-05,305606656
n8_block4_d1_stack_nonlinear_T128_s9401104,8,block,block,4,1,stack_nonlinear,128,9401104,104,8,832,BPTT,True,10185,10185,81480,0,0.016910549951717257,0.015625,8.18050780253543e-05,2.9137240553200354,4.705609871314533,,2.807578084684792e-05,305606656
n8_block4_d1_stack_nonlinear_T128_s9401104,8,block,block,4,1,stack_nonlinear,128,9401104,104,8,832,RTRL,True,832,832,6656,0,0.021594999998342246,0.0234375,0.0001674421901043388,5.963937067956477,6.009127169333566,14144,2.807578084684792e-05,305606656
n8_block4_d1_stack_nonlinear_T128_s9401104,8,block,block,4,1,stack_nonlinear,128,9401104,104,8,832,packed_exact,True,416,528,4224,896,0.025981849990785122,0.0234375,0.0002003749991672521,7.1369341519043905,7.229832864142683,3744,2.807578084684792e-05,305606656
n8_block4_d1_stack_nonlinear_T128_s9401104,8,block,block,4,1,stack_nonlinear,128,9401104,104,8,832,SnAp1,False,104,216,1728,896,0.03808245004620403,0.0390625,0.00029467226659107837,10.495603602211524,10.597003253762454,312,2.807578084684792e-05,305606656
n8_block4_d1_stack_nonlinear_T128_s9401104,8,block,block,4,1,stack_nonlinear,128,9401104,104,8,832,SnAp2,True,416,528,4224,896,0.03210734995082021,0.0390625,0.0002478839846844494,8.829103847071789,8.93434354895047,3744,2.807578084684792e-05,305606656
n8_block4_d1_stack_nonlinear_T128_s9401104,8,block,block,4,1,stack_nonlinear,128,9401104,104,8,832,local_block,True,416,528,4224,896,0.026671950006857514,0.0234375,0.00020548242218865198,7.318849769826493,7.421863369188132,3744,2.807578084684792e-05,305606656
n8_block4_d2_stack_nonlinear_T32_s9401100,8,block,block,4,2,stack_nonlinear,32,9401100,208,16,3328,BPTT,True,5257,5257,42056,0,0.008264550007879734,0.0078125,0.00016512812544533517,2.646615404781066,4.139415473864672,,6.239218782866374e-05,305606656
n8_block4_d2_stack_nonlinear_T32_s9401100,8,block,block,4,2,stack_nonlinear,32,9401100,208,16,3328,RTRL,True,3328,3328,26624,0,0.010859649977646768,0.0,0.0003377078155608615,5.412661862222988,5.439207593319135,109824,6.239218782866374e-05,305606656
n8_block4_d2_stack_nonlinear_T32_s9401100,8,block,block,4,2,stack_nonlinear,32,9401100,208,16,3328,packed_exact,True,1664,1904,15232,1920,0.015290550014469773,0.015625,0.00046267968718893826,7.415666981570047,7.6584858550618025,34944,6.239218782866374e-05,305606656
n8_block4_d2_stack_nonlinear_T32_s9401100,8,block,block,4,2,stack_nonlinear,32,9401100,208,16,3328,SnAp1,False,1040,1328,10624,2304,0.022583750018384308,0.0234375,0.0006901781271153595,11.061931808044136,11.311387092444336,18096,6.239218782866374e-05,305606656
n8_block4_d2_stack_nonlinear_T32_s9401100,8,block,block,4,2,stack_nonlinear,32,9401100,208,16,3328,SnAp2,True,1664,1904,15232,1920,0.014826049969997257,0.015625,0.0004495906232477864,7.205880077204777,7.425834510479565,34944,6.239218782866374e-05,305606656
n8_block4_d2_stack_nonlinear_T32_s9401100,8,block,block,4,2,stack_nonlinear,32,9401100,208,16,3328,local_block,False,832,1056,8448,1792,0.014562900003511459,0.015625,0.00044229062768863514,7.088878320843902,7.294032168890523,7488,6.239218782866374e-05,305606656
n8_block4_d2_stack_nonlinear_T32_s9401101,8,block,block,4,2,stack_nonlinear,32,9401101,208,16,3328,BPTT,True,5257,5257,42056,0,0.008184199978131801,0.0078125,0.00016890937513380777,2.924521086734042,4.428200291416228,,5.775625140813645e-05,305606656
n8_block4_d2_stack_nonlinear_T32_s9401101,8,block,block,4,2,stack_nonlinear,32,9401101,208,16,3328,RTRL,True,3328,3328,26624,0,0.01135574997169897,0.0078125,0.00035302968899486586,6.112406542802959,6.144221239496867,109824,5.775625140813645e-05,305606656
n8_block4_d2_stack_nonlinear_T32_s9401101,8,block,block,4,2,stack_nonlinear,32,9401101,208,16,3328,packed_exact,True,1664,1904,15232,1920,0.014585849945433438,0.015625,0.0004414203140186146,7.642814470407774,7.891921647992943,34944,5.775625140813645e-05,305606656
n8_block4_d2_stack_nonlinear_T32_s9401101,8,block,block,4,2,stack_nonlinear,32,9401101,208,16,3328,SnAp1,False,1040,1328,10624,2304,0.02209884999319911,0.0234375,0.0006746093786205165,11.680283297012599,11.956957826216973,18096,5.775625140813645e-05,305606656
n8_block4_d2_stack_nonlinear_T32_s9401101,8,block,block,4,2,stack_nonlinear,32,9401101,208,16,3328,SnAp2,True,1664,1904,15232,1920,0.014145450026262552,0.015625,0.0004284968745196238,7.419056189980831,7.6536357977420835,34944,5.775625140813645e-05,305606656
n8_block4_d2_stack_nonlinear_T32_s9401101,8,block,block,4,2,stack_nonlinear,32,9401101,208,16,3328,local_block,False,832,1056,8448,1792,0.014323949988465756,0.015625,0.0004359156300779432,7.547505585110278,7.7502162315973235,7488,5.775625140813645e-05,305606656
n8_block4_d2_stack_nonlinear_T32_s9401102,8,block,block,4,2,stack_nonlinear,32,9401102,208,16,3328,BPTT,True,5257,5257,42056,0,0.007838900026399642,0.0078125,0.00015586406334477942,2.370330828207452,3.72535889469066,,6.575624865945429e-05,305606656
n8_block4_d2_stack_nonlinear_T32_s9401102,8,block,block,4,2,stack_nonlinear,32,9401102,208,16,3328,RTRL,True,3328,3328,26624,0,0.010240700037684292,0.0078125,0.0003184843735652976,4.843408498174821,4.866790346192021,109824,6.575624865945429e-05,305606656
n8_block4_d2_stack_nonlinear_T32_s9401102,8,block,block,4,2,stack_nonlinear,32,9401102,208,16,3328,packed_exact,True,1664,1904,15232,1920,0.014722349995281547,0.015625,0.0004403781258588424,6.697129700015601,6.996649698422235,34944,6.575624865945429e-05,305606656
n8_block4_d2_stack_nonlinear_T32_s9401102,8,block,block,4,2,stack_nonlinear,32,9401102,208,16,3328,SnAp1,False,1040,1328,10624,2304,0.020605600031558424,0.0234375,0.0006277687516558217,9.546906407434824,9.792605480294817,18096,6.575624865945429e-05,305606656
n8_block4_d2_stack_nonlinear_T32_s9401102,8,block,block,4,2,stack_nonlinear,32,9401102,208,16,3328,SnAp2,True,1664,1904,15232,1920,0.01408774999435991,0.0078125,0.0004261328158463584,6.480491581161542,6.695062390248598,34944,6.575624865945429e-05,305606656
n8_block4_d2_stack_nonlinear_T32_s9401102,8,block,block,4,2,stack_nonlinear,32,9401102,208,16,3328,local_block,False,832,1056,8448,1792,0.013808000017888844,0.0078125,0.0004191937478026375,6.374964453547287,6.562114009783712,7488,6.575624865945429e-05,305606656
n8_block4_d2_stack_nonlinear_T32_s9401103,8,block,block,4,2,stack_nonlinear,32,9401103,208,16,3328,BPTT,True,5257,5257,42056,0,0.007967049954459071,0.0078125,0.0001625234381208429,2.868587971086749,4.394401495381448,,5.665625030815136e-05,305606656
n8_block4_d2_stack_nonlinear_T32_s9401103,8,block,block,4,2,stack_nonlinear,32,9401103,208,16,3328,RTRL,True,3328,3328,26624,0,0.010524249984882772,0.0078125,0.0003271406330895843,5.774131385509593,5.804881372113484,109824,5.665625030815136e-05,305606656
n8_block4_d2_stack_nonlinear_T32_s9401103,8,block,block,4,2,stack_nonlinear,32,9401103,208,16,3328,packed_exact,True,1664,1904,15232,1920,0.013243449968285859,0.015625,0.0004002156238129828,7.063927133126955,7.304715883207501,34944,5.665625030815136e-05,305606656
n8_block4_d2_stack_nonlinear_T32_s9401103,8,block,block,4,2,stack_nonlinear,32,9401103,208,16,3328,SnAp1,False,1040,1328,10624,2304,0.02026100002694875,0.0234375,0.0006173249985295115,10.895973439327568,11.175399843767172,18096,5.665625030815136e-05,305606656
n8_block4_d2_stack_nonlinear_T32_s9401103,8,block,block,4,2,stack_nonlinear,32,9401103,208,16,3328,SnAp2,True,1664,1904,15232,1920,0.013706900004763156,0.0,0.00041524999869579915,7.329288409262332,7.560341936134478,34944,5.665625030815136e-05,305606656
n8_block4_d2_stack_nonlinear_T32_s9401103,8,block,block,4,2,stack_nonlinear,32,9401103,208,16,3328,local_block,False,832,1056,8448,1792,0.014054000028409064,0.015625,0.00042724062586785294,7.540926615229673,7.7517925824433815,7488,5.665625030815136e-05,305606656
n8_block4_d2_stack_nonlinear_T32_s9401104,8,block,block,4,2,stack_nonlinear,32,9401104,208,16,3328,BPTT,True,5257,5257,42056,0,0.008296950021758676,0.015625,0.00015890000031504314,2.884747442845436,4.7070888355944716,,5.5082811741158366e-05,305606656
n8_block4_d2_stack_nonlinear_T32_s9401104,8,block,block,4,2,stack_nonlinear,32,9401104,208,16,3328,RTRL,True,3328,3328,26624,0,0.010428700014017522,0.0078125,0.0003242828115617158,5.887186970148962,5.916489466250949,109824,5.5082811741158366e-05,305606656
n8_block4_d2_stack_nonlinear_T32_s9401104,8,block,block,4,2,stack_nonlinear,32,9401104,208,16,3328,packed_exact,True,1664,1904,15232,1920,0.01420999999390915,0.015625,0.0004306734354031505,7.81865380124282,8.061725350847576,34944,5.5082811741158366e-05,305606656
n8_block4_d2_stack_nonlinear_T32_s9401104,8,block,block,4,2,stack_nonlinear,32,9401104,208,16,3328,SnAp1,False,1040,1328,10624,2304,0.02076029998715967,0.0234375,0.0006338328148558503,11.506907414863225,11.77789139827045,18096,5.5082811741158366e-05,305606656
n8_block4_d2_stack_nonlinear_T32_s9401104,8,block,block,4,2,stack_nonlinear,32,9401104,208,16,3328,SnAp2,True,1664,1904,15232,1920,0.014673949975986034,0.015625,0.0004458281237020856,8.093779340769542,8.32493698586782,34944,5.5082811741158366e-05,305606656
n8_block4_d2_stack_nonlinear_T32_s9401104,8,block,block,4,2,stack_nonlinear,32,9401104,208,16,3328,local_block,False,832,1056,8448,1792,0.014160699967760593,0.015625,0.00043014999937440734,7.809151090466129,8.033756084783564,7488,5.5082811741158366e-05,305606656
n8_block4_d2_stack_nonlinear_T128_s9401100,8,block,block,4,2,stack_nonlinear,128,9401100,208,16,3328,BPTT,True,21385,21385,171080,0,0.03469929995480925,0.0390625,0.0001774945312718046,3.0169108881767195,4.607743012897132,,5.883320318389451e-05,305606656
n8_block4_d2_stack_nonlinear_T128_s9401100,8,block,block,4,2,stack_nonlinear,128,9401100,208,16,3328,RTRL,True,3328,3328,26624,0,0.04724465002072975,0.046875,0.00036752070218426525,6.246824621047888,6.273648353520064,109824,5.883320318389451e-05,305606656
n8_block4_d2_stack_nonlinear_T128_s9401100,8,block,block,4,2,stack_nonlinear,128,9401100,208,16,3328,packed_exact,True,1664,1904,15232,1920,0.056796599994413555,0.0625,0.00043940898603977985,7.468724500114712,7.542058114181082,34944,5.883320318389451e-05,305606656
n8_block4_d2_stack_nonlinear_T128_s9401100,8,block,block,4,2,stack_nonlinear,128,9401100,208,16,3328,SnAp1,False,1040,1328,10624,2304,0.08240665000630543,0.0625,0.0006390316411852837,10.861751640274747,10.94283360982291,18096,5.883320318389451e-05,305606656
n8_block4_d2_stack_nonlinear_T128_s9401100,8,block,block,4,2,stack_nonlinear,128,9401100,208,16,3328,SnAp2,True,1664,1904,15232,1920,0.053636949975043535,0.0546875,0.0004150250001657696,7.054264899847948,7.122486096333078,34944,5.883320318389451e-05,305606656
n8_block4_d2_stack_nonlinear_T128_s9401100,8,block,block,4,2,stack_nonlinear,128,9401100,208,16,3328,local_block,False,832,1056,8448,1792,0.055910600000061095,0.0546875,0.00043288515735184774,7.357837648220203,7.424405588374474,7488,5.883320318389451e-05,305606656
n8_block4_d2_stack_nonlinear_T128_s9401101,8,block,block,4,2,stack_nonlinear,128,9401101,208,16,3328,BPTT,True,21385,21385,171080,0,0.03228634997503832,0.03125,0.00016563046892770217,3.135966294746359,4.775734065076949,,5.2816405968769686e-05,305606656
n8_block4_d2_stack_nonlinear_T128_s9401101,8,block,block,4,2,stack_nonlinear,128,9401101,208,16,3328,RTRL,True,3328,3328,26624,0,0.04359680006746203,0.046875,0.00033929882920347154,6.424118093232219,6.448753834716502,109824,5.2816405968769686e-05,305606656
n8_block4_d2_stack_nonlinear_T128_s9401101,8,block,block,4,2,stack_nonlinear,128,9401101,208,16,3328,packed_exact,True,1664,1904,15232,1920,0.055264299968257546,0.0546875,0.00042665234195737867,8.078026782239935,8.17458771725791,34944,5.2816405968769686e-05,305606656
n8_block4_d2_stack_nonlinear_T128_s9401101,8,block,block,4,2,stack_nonlinear,128,9401101,208,16,3328,SnAp1,False,1040,1328,10624,2304,0.08303179999347776,0.0859375,0.0006438199225158314,12.189771543647286,12.281902290599112,18096,5.2816405968769686e-05,305606656
n8_block4_d2_stack_nonlinear_T128_s9401101,8,block,block,4,2,stack_nonlinear,128,9401101,208,16,3328,SnAp2,True,1664,1904,15232,1920,0.05788449995452538,0.0546875,0.00044781640553992474,8.478736811526296,8.56216260080492,34944,5.2816405968769686e-05,305606656
n8_block4_d2_stack_nonlinear_T128_s9401101,8,block,block,4,2,stack_nonlinear,128,9401101,208,16,3328,local_block,False,832,1056,8448,1792,0.0569058500113897,0.0625,0.000440586329659709,8.341846090781479,8.417402605487018,7488,5.2816405968769686e-05,305606656
n8_block4_d2_stack_nonlinear_T128_s9401102,8,block,block,4,2,stack_nonlinear,128,9401102,208,16,3328,BPTT,True,21385,21385,171080,0,0.03200379997724667,0.03125,0.0001614945313122007,2.716887160664261,4.206349538595008,,5.94410153098579e-05,305606656
n8_block4_d2_stack_nonlinear_T128_s9401102,8,block,block,4,2,stack_nonlinear,128,9401102,208,16,3328,RTRL,True,3328,3328,26624,0,0.04565045004710555,0.046875,0.0003552781258804316,5.976986160623523,5.9999671797979035,109824,5.94410153098579e-05,305606656
n8_block4_d2_stack_nonlinear_T128_s9401102,8,block,block,4,2,stack_nonlinear,128,9401102,208,16,3328,packed_exact,True,1664,1904,15232,1920,0.055614749959204346,0.0625,0.0004299601582715695,7.233391893295326,7.309603172007504,34944,5.94410153098579e-05,305606656
n8_block4_d2_stack_nonlinear_T128_s9401102,8,block,block,4,2,stack_nonlinear,128,9401102,208,16,3328,SnAp1,False,1040,1328,10624,2304,0.08991355006583035,0.0859375,0.0006978527339924767,11.740255955499173,11.817591039243284,18096,5.94410153098579e-05,305606656
n8_block4_d2_stack_nonlinear_T128_s9401102,8,block,block,4,2,stack_nonlinear,128,9401102,208,16,3328,SnAp2,True,1664,1904,15232,1920,0.058289250067900866,0.0625,0.00045058749901727424,7.580413905590661,7.6611202514226395,34944,5.94410153098579e-05,305606656
n8_block4_d2_stack_nonlinear_T128_s9401102,8,block,block,4,2,stack_nonlinear,128,9401102,208,16,3328,local_block,False,832,1056,8448,1792,0.055924550048075616,0.0390625,0.0004328972668190545,7.28280404637135,7.350321069938588,7488,5.94410153098579e-05,305606656
n8_block4_d2_stack_nonlinear_T128_s9401103,8,block,block,4,2,stack_nonlinear,128,9401103,208,16,3328,BPTT,True,21385,21385,171080,0,0.03288335003890097,0.03125,0.00016588320295340964,2.9503050020300576,4.569099220490158,,5.622578100883402e-05,305606656
n8_block4_d2_stack_nonlinear_T128_s9401103,8,block,block,4,2,stack_nonlinear,128,9401103,208,16,3328,RTRL,True,3328,3328,26624,0,0.04638564999913797,0.046875,0.00036103789216213045,6.4212161340258715,6.445226444454869,109824,5.622578100883402e-05,305606656
n8_block4_d2_stack_nonlinear_T128_s9401103,8,block,block,4,2,stack_nonlinear,128,9401103,208,16,3328,packed_exact,True,1664,1904,15232,1920,0.05594175000442192,0.0546875,0.00043266562488497584,7.695146552379535,7.77303425702311,34944,5.622578100883402e-05,305606656
n8_block4_d2_stack_nonlinear_T128_s9401103,8,block,block,4,2,stack_nonlinear,128,9401103,208,16,3328,SnAp1,False,1040,1328,10624,2304,0.08824035001453012,0.078125,0.0006842367192803067,12.169448018388604,12.260883212635209,18096,5.622578100883402e-05,305606656
n8_block4_d2_stack_nonlinear_T128_s9401103,8,block,block,4,2,stack_nonlinear,128,9401103,208,16,3328,SnAp2,True,1664,1904,15232,1920,0.06257710000500083,0.0625,0.0004843171868742502,8.61379207517199,8.695007610694764,34944,5.622578100883402e-05,305606656
n8_block4_d2_stack_nonlinear_T128_s9401103,8,block,block,4,2,stack_nonlinear,128,9401103,208,16,3328,local_block,False,832,1056,8448,1792,0.05820439994568005,0.0625,0.00045040703162158024,8.010685197077363,8.0874265580087,7488,5.622578100883402e-05,305606656
n8_block4_d2_stack_nonlinear_T128_s9401104,8,block,block,4,2,stack_nonlinear,128,9401104,208,16,3328,BPTT,True,21385,21385,171080,0,0.03206844994565472,0.03125,0.0001664269534558116,2.78031704131642,4.18541626019672,,5.985898405924672e-05,305606656
n8_block4_d2_stack_nonlinear_T128_s9401104,8,block,block,4,2,stack_nonlinear,128,9401104,208,16,3328,RTRL,True,3328,3328,26624,0,0.04579825000837445,0.046875,0.00035616640525404364,5.950091049014802,5.977362192386798,109824,5.985898405924672e-05,305606656
n8_block4_d2_stack_nonlinear_T128_s9401104,8,block,block,4,2,stack_nonlinear,128,9401104,208,16,3328,packed_exact,True,1664,1904,15232,1920,0.05440515000373125,0.0546875,0.0004200832026981516,7.017880595540431,7.100692420430284,34944,5.985898405924672e-05,305606656
n8_block4_d2_stack_nonlinear_T128_s9401104,8,block,block,4,2,stack_nonlinear,128,9401104,208,16,3328,SnAp1,False,1040,1328,10624,2304,0.08408584992866963,0.0859375,0.0006519984385704447,10.892240301390935,10.97447129937137,18096,5.985898405924672e-05,305606656
n8_block4_d2_stack_nonlinear_T128_s9401104,8,block,block,4,2,stack_nonlinear,128,9401104,208,16,3328,SnAp2,True,1664,1904,15232,1920,0.05346935003763065,0.0546875,0.0004136074221605668,6.909696658920738,6.978556414447877,34944,5.985898405924672e-05,305606656
n8_block4_d2_stack_nonlinear_T128_s9401104,8,block,block,4,2,stack_nonlinear,128,9401104,208,16,3328,local_block,False,832,1056,8448,1792,0.0520012000342831,0.046875,0.00040250273241326795,6.724182488878899,6.786940701595148,7488,5.985898405924672e-05,305606656
n8_block4_d3_stack_nonlinear_T32_s9401100,8,block,block,4,3,stack_nonlinear,32,9401100,312,24,7488,BPTT,True,8009,8009,64072,0,0.011443449999205768,0.015625,0.0002349390633753501,2.3774745664990777,3.618825523207208,,9.881874939310364e-05,305606656
n8_block4_d3_stack_nonlinear_T32_s9401100,8,block,block,4,3,stack_nonlinear,32,9401100,312,24,7488,RTRL,True,7488,7488,59904,0,0.015818200015928596,0.015625,0.0004926406272716122,4.98529510135647,5.002276931590738,366912,9.881874939310364e-05,305606656
n8_block4_d3_stack_nonlinear_T32_s9401100,8,block,block,4,3,stack_nonlinear,32,9401100,312,24,7488,packed_exact,True,3744,4128,33024,3072,0.020880249910987914,0.015625,0.0006326125021587359,6.401745681299673,6.603076984132623,120224,9.881874939310364e-05,305606656
n8_block4_d3_stack_nonlinear_T32_s9401100,8,block,block,4,3,stack_nonlinear,32,9401100,312,24,7488,SnAp1,False,2808,3336,26688,4224,0.0323050000006333,0.03125,0.000983503123279661,9.9525963374345,10.215988931451138,79976,9.881874939310364e-05,305606656
n8_block4_d3_stack_nonlinear_T32_s9401100,8,block,block,4,3,stack_nonlinear,32,9401100,312,24,7488,SnAp2,True,3744,4128,33024,3072,0.02174495003418997,0.015625,0.0006599468779313611,6.6783569108537755,6.876525889487319,120224,9.881874939310364e-05,305606656
n8_block4_d3_stack_nonlinear_T32_s9401100,8,block,block,4,3,stack_nonlinear,32,9401100,312,24,7488,local_block,False,1248,1584,12672,2688,0.02261370001360774,0.0234375,0.0006884609374537831,6.966905993872347,7.15125550328569,11232,9.881874939310364e-05,305606656
n8_block4_d3_stack_nonlinear_T32_s9401101,8,block,block,4,3,stack_nonlinear,32,9401101,312,24,7488,BPTT,True,8009,8009,64072,0,0.011741449998226017,0.0078125,0.0002323093758604955,2.4194561638276597,3.8214024220471914,,9.60171873884974e-05,305987584
n8_block4_d3_stack_nonlinear_T32_s9401101,8,block,block,4,3,stack_nonlinear,32,9401101,312,24,7488,RTRL,True,7488,7488,59904,0,0.0169330999488011,0.015625,0.000527442192833405,5.493206030908911,5.511090126593587,366912,9.60171873884974e-05,305987584
n8_block4_d3_stack_nonlinear_T32_s9401101,8,block,block,4,3,stack_nonlinear,32,9401101,312,24,7488,packed_exact,True,3744,4128,33024,3072,0.021380949998274446,0.0234375,0.0006447671876230743,6.715122627100777,6.95869880818983,120224,9.60171873884974e-05,305987584
n8_block4_d3_stack_nonlinear_T32_s9401101,8,block,block,4,3,stack_nonlinear,32,9401101,312,24,7488,SnAp1,False,2808,3336,26688,4224,0.034509849967435,0.03125,0.00105314530992473,10.96829993221499,11.231664255263711,79976,9.60171873884974e-05,305987584
n8_block4_d3_stack_nonlinear_T32_s9401101,8,block,block,4,3,stack_nonlinear,32,9401101,312,24,7488,SnAp2,True,3744,4128,33024,3072,0.02415930002462119,0.0234375,0.0007317593717743875,7.621129004889497,7.8629477315834855,120224,9.60171873884974e-05,305987584
n8_block4_d3_stack_nonlinear_T32_s9401101,8,block,block,4,3,stack_nonlinear,32,9401101,312,24,7488,local_block,False,1248,1584,12672,2688,0.02418335003312677,0.015625,0.0007377046858891845,7.683048274517146,7.870775109017054,11232,9.60171873884974e-05,305987584
n8_block4_d3_stack_nonlinear_T32_s9401102,8,block,block,4,3,stack_nonlinear,32,9401102,312,24,7488,BPTT,True,8009,8009,64072,0,0.012660449952818453,0.0078125,0.00025549218844389543,2.6145248293581416,4.048687965043053,,9.7720314442995e-05,305987584
n8_block4_d3_stack_nonlinear_T32_s9401102,8,block,block,4,3,stack_nonlinear,32,9401102,312,24,7488,RTRL,True,7488,7488,59904,0,0.018502050021197647,0.015625,0.0005759156265412457,5.893509756123485,5.916774484999352,366912,9.7720314442995e-05,305987584
n8_block4_d3_stack_nonlinear_T32_s9401102,8,block,block,4,3,stack_nonlinear,32,9401102,312,24,7488,packed_exact,True,3744,4128,33024,3072,0.02336349996039644,0.0234375,0.0007066687539918348,7.231544004128937,7.471418588079727,120224,9.7720314442995e-05,305987584
n8_block4_d3_stack_nonlinear_T32_s9401102,8,block,block,4,3,stack_nonlinear,32,9401102,312,24,7488,SnAp1,False,2808,3336,26688,4224,0.033531850029248744,0.03125,0.0010214328140136786,10.452614892162774,10.723157404751259,79976,9.7720314442995e-05,305987584
n8_block4_d3_stack_nonlinear_T32_s9401102,8,block,block,4,3,stack_nonlinear,32,9401102,312,24,7488,SnAp2,True,3744,4128,33024,3072,0.02290240000002086,0.015625,0.0006947093734197551,7.109160233259511,7.323963334339806,120224,9.7720314442995e-05,305987584
n8_block4_d3_stack_nonlinear_T32_s9401102,8,block,block,4,3,stack_nonlinear,32,9401102,312,24,7488,local_block,False,1248,1584,12672,2688,0.022337250062264502,0.0234375,0.000678912503644824,6.947506334937825,7.143233916351812,11232,9.7720314442995e-05,305987584
n8_block4_d3_stack_nonlinear_T32_s9401103,8,block,block,4,3,stack_nonlinear,32,9401103,312,24,7488,BPTT,True,8009,8009,64072,0,0.013545399939175695,0.015625,0.0002654375002748566,2.842513951567454,4.532963064139226,,9.338124800706282e-05,305987584
n8_block4_d3_stack_nonlinear_T32_s9401103,8,block,block,4,3,stack_nonlinear,32,9401103,312,24,7488,RTRL,True,7488,7488,59904,0,0.017265600035898387,0.015625,0.0005375125037971884,5.756107519108483,5.777926646268597,366912,9.338124800706282e-05,305987584
n8_block4_d3_stack_nonlinear_T32_s9401103,8,block,block,4,3,stack_nonlinear,32,9401103,312,24,7488,packed_exact,True,3744,4128,33024,3072,0.02118669997435063,0.0234375,0.0006393265612132382,6.846412688389892,7.090121285896511,120224,9.338124800706282e-05,305987584
n8_block4_d3_stack_nonlinear_T32_s9401103,8,block,block,4,3,stack_nonlinear,32,9401103,312,24,7488,SnAp1,False,2808,3336,26688,4224,0.031615199986845255,0.03125,0.0009620531236578245,10.302423068762803,10.58001494597919,79976,9.338124800706282e-05,305987584
n8_block4_d3_stack_nonlinear_T32_s9401103,8,block,block,4,3,stack_nonlinear,32,9401103,312,24,7488,SnAp2,True,3744,4128,33024,3072,0.02100480004446581,0.0234375,0.0006370281225827057,6.821799196071192,7.029248541847612,120224,9.338124800706282e-05,305987584
n8_block4_d3_stack_nonlinear_T32_s9401103,8,block,block,4,3,stack_nonlinear,32,9401103,312,24,7488,local_block,False,1248,1584,12672,2688,0.021269850025419146,0.0234375,0.0006474453148257453,6.9333547006865475,7.117947419636923,11232,9.338124800706282e-05,305987584
n8_block4_d3_stack_nonlinear_T32_s9401104,8,block,block,4,3,stack_nonlinear,32,9401104,312,24,7488,BPTT,True,8009,8009,64072,0,0.011931450047995895,0.015625,0.0002353078107262263,2.553746701457352,4.046548262363504,,9.214218880515546e-05,305987584
n8_block4_d3_stack_nonlinear_T32_s9401104,8,block,block,4,3,stack_nonlinear,32,9401104,312,24,7488,RTRL,True,7488,7488,59904,0,0.0181047500227578,0.015625,0.0005637390622723615,6.118142726828947,6.140221385532417,366912,9.214218880515546e-05,305987584
n8_block4_d3_stack_nonlinear_T32_s9401104,8,block,block,4,3,stack_nonlinear,32,9401104,312,24,7488,packed_exact,True,3744,4128,33024,3072,0.023348249960690737,0.03125,0.0007073234373820014,7.676434069497879,7.918553061665079,120224,9.214218880515546e-05,305987584
n8_block4_d3_stack_nonlinear_T32_s9401104,8,block,block,4,3,stack_nonlinear,32,9401104,312,24,7488,SnAp1,False,2808,3336,26688,4224,0.034669000015128404,0.03125,0.0010592968756100163,11.49632854771893,11.757982575861545,79976,9.214218880515546e-05,305987584
n8_block4_d3_stack_nonlinear_T32_s9401104,8,block,block,4,3,stack_nonlinear,32,9401104,312,24,7488,SnAp2,True,3744,4128,33024,3072,0.022632400039583445,0.0234375,0.0006866609328426421,7.452188207669565,7.675772742197009,120224,9.214218880515546e-05,305987584
n8_block4_d3_stack_nonlinear_T32_s9401104,8,block,block,4,3,stack_nonlinear,32,9401104,312,24,7488,local_block,False,1248,1584,12672,2688,0.021779799950309098,0.0234375,0.0006629249946854543,7.19458701037893,7.386613637824479,11232,9.214218880515546e-05,305987584
n8_block4_d3_stack_nonlinear_T128_s9401100,8,block,block,4,3,stack_nonlinear,128,9401100,312,24,7488,BPTT,True,32585,32585,260680,0,0.05407384998397902,0.0546875,0.00027255624991084915,3.368563347734035,5.221146700981461,,8.091171866908553e-05,306040832
n8_block4_d3_stack_nonlinear_T128_s9401100,8,block,block,4,3,stack_nonlinear,128,9401100,312,24,7488,RTRL,True,7488,7488,59904,0,0.07211270002881065,0.0703125,0.0005615617169496545,6.9404250235536535,6.962903251124953,366912,8.091171866908553e-05,306040832
n8_block4_d3_stack_nonlinear_T128_s9401100,8,block,block,4,3,stack_nonlinear,128,9401100,312,24,7488,packed_exact,True,3744,4128,33024,3072,0.08785745000932366,0.09375,0.0006800953119636688,8.405399405061917,8.483151013081782,120224,8.091171866908553e-05,306040832
n8_block4_d3_stack_nonlinear_T128_s9401100,8,block,block,4,3,stack_nonlinear,128,9401100,312,24,7488,SnAp1,False,2808,3336,26688,4224,0.12979919998906553,0.125,0.001007449608096067,12.451219979844403,12.532872451540465,79976,8.091171866908553e-05,306040832
n8_block4_d3_stack_nonlinear_T128_s9401100,8,block,block,4,3,stack_nonlinear,128,9401100,312,24,7488,SnAp2,True,3744,4128,33024,3072,0.08575520000886172,0.09375,0.0006641609370490187,8.208464088685574,8.280166471426211,120224,8.091171866908553e-05,306040832
n8_block4_d3_stack_nonlinear_T128_s9401100,8,block,block,4,3,stack_nonlinear,128,9401100,312,24,7488,local_block,False,1248,1584,12672,2688,0.08413304999703541,0.0859375,0.0006518308605336642,8.05607483385115,8.12353839361682,11232,8.091171866908553e-05,306040832
n8_block4_d3_stack_nonlinear_T128_s9401101,8,block,block,4,3,stack_nonlinear,128,9401101,312,24,7488,BPTT,True,32585,32585,260680,0,0.05273654998745769,0.0546875,0.00026986210968971136,3.258558549565142,4.974911540060104,,8.2816406575148e-05,306040832
n8_block4_d3_stack_nonlinear_T128_s9401101,8,block,block,4,3,stack_nonlinear,128,9401101,312,24,7488,RTRL,True,7488,7488,59904,0,0.06928930000867695,0.0703125,0.0005398277348831471,6.518367038701502,6.536418068641869,366912,8.2816406575148e-05,306040832
n8_block4_d3_stack_nonlinear_T128_s9401101,8,block,block,4,3,stack_nonlinear,128,9401101,312,24,7488,packed_exact,True,3744,4128,33024,3072,0.08606175001477823,0.0859375,0.0006659363275502983,8.041115946585109,8.118650033195472,120224,8.2816406575148e-05,306040832
n8_block4_d3_stack_nonlinear_T128_s9401101,8,block,block,4,3,stack_nonlinear,128,9401101,312,24,7488,SnAp1,False,2808,3336,26688,4224,0.12792465003440157,0.125,0.0009925078111336916,11.98443463292609,12.067793927848001,79976,8.2816406575148e-05,306040832
n8_block4_d3_stack_nonlinear_T128_s9401101,8,block,block,4,3,stack_nonlinear,128,9401101,312,24,7488,SnAp2,True,3744,4128,33024,3072,0.08388654998270795,0.0859375,0.0006495667953458906,7.843455448123925,7.913452162950656,120224,8.2816406575148e-05,306040832
n8_block4_d3_stack_nonlinear_T128_s9401101,8,block,block,4,3,stack_nonlinear,128,9401101,312,24,7488,local_block,False,1248,1584,12672,2688,0.08579105004901066,0.0859375,0.000664262500777113,8.020904652200263,8.09311350522936,11232,8.2816406575148e-05,306040832
n8_block4_d3_stack_nonlinear_T128_s9401102,8,block,block,4,3,stack_nonlinear,128,9401102,312,24,7488,BPTT,True,32585,32585,260680,0,0.05163649999303743,0.046875,0.00026665468749342836,3.041263842258292,4.600994391548805,,8.767890631133923e-05,306040832
n8_block4_d3_stack_nonlinear_T128_s9401102,8,block,block,4,3,stack_nonlinear,128,9401102,312,24,7488,RTRL,True,7488,7488,59904,0,0.06940434995340183,0.0703125,0.0005407511716839508,6.16740324934935,6.18417253159587,366912,8.767890631133923e-05,306040832
n8_block4_d3_stack_nonlinear_T128_s9401102,8,block,block,4,3,stack_nonlinear,128,9401102,312,24,7488,packed_exact,True,3744,4128,33024,3072,0.08613020001212135,0.0859375,0.0006668488281320606,7.6055787667349035,7.674504802846464,120224,8.767890631133923e-05,306040832
n8_block4_d3_stack_nonlinear_T128_s9401102,8,block,block,4,3,stack_nonlinear,128,9401102,312,24,7488,SnAp1,False,2808,3336,26688,4224,0.1259075499838218,0.125,0.000977223827248963,11.145483769824143,11.218807072658423,79976,8.767890631133923e-05,306040832
n8_block4_d3_stack_nonlinear_T128_s9401102,8,block,block,4,3,stack_nonlinear,128,9401102,312,24,7488,SnAp2,True,3744,4128,33024,3072,0.08466420002514496,0.0859375,0.0006555562481480592,7.4767840490646975,7.543879030011387,120224,8.767890631133923e-05,306040832
n8_block4_d3_stack_nonlinear_T128_s9401102,8,block,block,4,3,stack_nonlinear,128,9401102,312,24,7488,local_block,False,1248,1584,12672,2688,0.08648455003276467,0.0859375,0.000670080467898515,7.642436431849695,7.706078640303398,11232,8.767890631133923e-05,306040832
n8_block4_d3_stack_nonlinear_T128_s9401103,8,block,block,4,3,stack_nonlinear,128,9401103,312,24,7488,BPTT,True,32585,32585,260680,0,0.051874500000849366,0.046875,0.00026455820307091926,3.138512345309271,4.807801883526125,,8.429414128841017e-05,306094080
n8_block4_d3_stack_nonlinear_T128_s9401103,8,block,block,4,3,stack_nonlinear,128,9401103,312,24,7488,RTRL,True,7488,7488,59904,0,0.07260400004452094,0.0703125,0.000565622265185084,6.71010175250285,6.729041208298166,366912,8.429414128841017e-05,306094080
n8_block4_d3_stack_nonlinear_T128_s9401103,8,block,block,4,3,stack_nonlinear,128,9401103,312,24,7488,packed_exact,True,3744,4128,33024,3072,0.0883013000129722,0.09375,0.0006830496099610173,8.103168257257419,8.18388912689707,120224,8.429414128841017e-05,306094080
n8_block4_d3_stack_nonlinear_T128_s9401103,8,block,block,4,3,stack_nonlinear,128,9401103,312,24,7488,SnAp1,False,2808,3336,26688,4224,0.13023665000218898,0.1328125,0.0010098992192979495,11.980657301467797,12.070516557738475,79976,8.429414128841017e-05,306094080
n8_block4_d3_stack_nonlinear_T128_s9401103,8,block,block,4,3,stack_nonlinear,128,9401103,312,24,7488,SnAp2,True,3744,4128,33024,3072,0.08754224999574944,0.0859375,0.0006777746079933422,8.040589744835936,8.113539299863858,120224,8.429414128841017e-05,306094080
n8_block4_d3_stack_nonlinear_T128_s9401103,8,block,block,4,3,stack_nonlinear,128,9401103,312,24,7488,local_block,False,1248,1584,12672,2688,0.08439740003086627,0.0859375,0.0006539406249430613,7.757841944265388,7.822070166005703,11232,8.429414128841017e-05,306094080
n8_block4_d3_stack_nonlinear_T128_s9401104,8,block,block,4,3,stack_nonlinear,128,9401104,312,24,7488,BPTT,True,32585,32585,260680,0,0.053572400007396936,0.0546875,0.0002754421880126756,3.2517039598243715,4.940963817189108,,8.470703096463694e-05,306102272
n8_block4_d3_stack_nonlinear_T128_s9401104,8,block,block,4,3,stack_nonlinear,128,9401104,312,24,7488,RTRL,True,7488,7488,59904,0,0.07133799995062873,0.0703125,0.0005557363292609807,6.5606871464186565,6.579478920078753,366912,8.470703096463694e-05,306102272
n8_block4_d3_stack_nonlinear_T128_s9401104,8,block,block,4,3,stack_nonlinear,128,9401104,312,24,7488,packed_exact,True,3744,4128,33024,3072,0.08571084996219724,0.0859375,0.0006631867186115414,7.829181486580556,7.905081876960295,120224,8.470703096463694e-05,306102272
n8_block4_d3_stack_nonlinear_T128_s9401104,8,block,block,4,3,stack_nonlinear,128,9401104,312,24,7488,SnAp1,False,2808,3336,26688,4224,0.1269861999899149,0.125,0.000985205469532957,11.630740191380992,11.711893052129032,79976,8.470703096463694e-05,306102272
n8_block4_d3_stack_nonlinear_T128_s9401104,8,block,block,4,3,stack_nonlinear,128,9401104,312,24,7488,SnAp2,True,3744,4128,33024,3072,0.08677724993322045,0.078125,0.0006721343743265606,7.934812100865155,8.00343557533389,120224,8.470703096463694e-05,306102272
n8_block4_d3_stack_nonlinear_T128_s9401104,8,block,block,4,3,stack_nonlinear,128,9401104,312,24,7488,local_block,False,1248,1584,12672,2688,0.08478730003116652,0.0859375,0.0006571457042809925,7.757864923341892,7.819903188083928,11232,8.470703096463694e-05,306102272
n8_block8_d1_stack_nonlinear_T32_s9401100,8,block,block,8,1,stack_nonlinear,32,9401100,136,8,1088,BPTT,True,2505,2505,20040,0,0.004250149999279529,0.0,8.618124957138207e-05,2.1429792081641432,3.3026264142914483,,4.021562563139014e-05,306102272
n8_block8_d1_stack_nonlinear_T32_s9401100,8,block,block,8,1,stack_nonlinear,32,9401100,136,8,1088,RTRL,True,1088,1088,8704,0,0.0057063999702222645,0.0078125,0.00017619843674765434,4.381342674179943,4.434221680496621,18496,4.021562563139014e-05,306102272
n8_block8_d1_stack_nonlinear_T32_s9401100,8,block,block,8,1,stack_nonlinear,32,9401100,136,8,1088,packed_exact,True,1088,1232,9856,1152,0.007359049981459975,0.0078125,0.0002178562481276458,5.417204002356711,5.7184317864029905,18496,4.021562563139014e-05,306102272
n8_block8_d1_stack_nonlinear_T32_s9401100,8,block,block,8,1,stack_nonlinear,32,9401100,136,8,1088,SnAp1,False,136,280,2240,1152,0.01069129997631535,0.0078125,0.00032291874777001794,8.029683554592399,8.307793774543988,408,4.021562563139014e-05,306102272
n8_block8_d1_stack_nonlinear_T32_s9401100,8,block,block,8,1,stack_nonlinear,32,9401100,136,8,1088,SnAp2,True,1088,1232,9856,1152,0.006099249992985278,0.0,0.00018124687267118134,4.506876862552397,4.739490168021076,18496,4.021562563139014e-05,306102272
n8_block8_d1_stack_nonlinear_T32_s9401100,8,block,block,8,1,stack_nonlinear,32,9401100,136,8,1088,local_block,True,1088,1232,9856,1152,0.006151749985292554,0.0078125,0.000183040623596753,4.551480195147863,4.780285872025288,18496,4.021562563139014e-05,306102272
n8_block8_d1_stack_nonlinear_T32_s9401100,8,block,block,8,1,stack_nonlinear,32,9401100,136,8,1088,online_kronecker_sum,True,2880,2952,23616,576,0.007287550019100308,0.0078125,0.00022529687885253225,5.602222402743815,5.662871943962157,,4.021562563139014e-05,306102272
n8_block8_d1_stack_nonlinear_T32_s9401101,8,block,block,8,1,stack_nonlinear,32,9401101,136,8,1088,BPTT,True,2505,2505,20040,0,0.003740499960258603,0.0078125,7.344375080720056e-05,2.2594816952684336,3.5961156916294126,,3.2504689443157986e-05,306102272
n8_block8_d1_stack_nonlinear_T32_s9401101,8,block,block,8,1,stack_nonlinear,32,9401101,136,8,1088,RTRL,True,1088,1088,8704,0,0.005471199983730912,0.0078125,0.00016929062621784396,5.208190852396483,5.260010245308775,18496,3.2504689443157986e-05,306102272
n8_block8_d1_stack_nonlinear_T32_s9401101,8,block,block,8,1,stack_nonlinear,32,9401101,136,8,1088,packed_exact,True,1088,1232,9856,1152,0.006348550028633326,0.0078125,0.00018869687846745364,5.805220160538191,6.103494350922084,18496,3.2504689443157986e-05,306102272
n8_block8_d1_stack_nonlinear_T32_s9401101,8,block,block,8,1,stack_nonlinear,32,9401101,136,8,1088,SnAp1,False,136,280,2240,1152,0.010119499987922609,0.0078125,0.0003065218752453802,9.430081643493473,9.728884663721859,408,3.2504689443157986e-05,306102272
n8_block8_d1_stack_nonlinear_T32_s9401101,8,block,block,8,1,stack_nonlinear,32,9401101,136,8,1088,SnAp2,True,1088,1232,9856,1152,0.0058818000252358615,0.0078125,0.00017433281209378038,5.363312650583599,5.654761018715428,18496,3.2504689443157986e-05,306102272
n8_block8_d1_stack_nonlinear_T32_s9401101,8,block,block,8,1,stack_nonlinear,32,9401101,136,8,1088,local_block,True,1088,1232,9856,1152,0.006426399981137365,0.0078125,0.0001912374955281848,5.883381715201681,6.178339275067738,18496,3.2504689443157986e-05,306102272
n8_block8_d1_stack_nonlinear_T32_s9401101,8,block,block,8,1,stack_nonlinear,32,9401101,136,8,1088,online_kronecker_sum,True,2880,2952,23616,576,0.007294350012671202,0.0078125,0.00022581093799090013,6.9470264709276215,7.012786210266552,,3.2504689443157986e-05,306102272
n8_block8_d1_stack_nonlinear_T32_s9401102,8,block,block,8,1,stack_nonlinear,32,9401102,136,8,1088,BPTT,True,2505,2505,20040,0,0.0038191999192349613,0.0,7.565312625956722e-05,2.6988851578449617,4.257747864534878,,2.8031250622007065e-05,306102272
n8_block8_d1_stack_nonlinear_T32_s9401102,8,block,block,8,1,stack_nonlinear,32,9401102,136,8,1088,RTRL,True,1088,1088,8704,0,0.005123450013343245,0.0078125,0.0001570859385537915,5.603957549809242,5.711761315111546,18496,2.8031250622007065e-05,306102272
n8_block8_d1_stack_nonlinear_T32_s9401102,8,block,block,8,1,stack_nonlinear,32,9401102,136,8,1088,packed_exact,True,1088,1232,9856,1152,0.0064165000221692026,0.0,0.00019012031225429382,6.782441312305638,7.1532886062302445,18496,2.8031250622007065e-05,306102272
n8_block8_d1_stack_nonlinear_T32_s9401102,8,block,block,8,1,stack_nonlinear,32,9401102,136,8,1088,SnAp1,False,136,280,2240,1152,0.01066910004010424,0.0078125,0.0003229781268601073,11.522073389281472,11.89420267933037,408,2.8031250622007065e-05,306102272
n8_block8_d1_stack_nonlinear_T32_s9401102,8,block,block,8,1,stack_nonlinear,32,9401102,136,8,1088,SnAp2,True,1088,1232,9856,1152,0.0061153499991633,0.0078125,0.00018252187692269217,6.511371161563374,6.817558376215247,18496,2.8031250622007065e-05,306102272
n8_block8_d1_stack_nonlinear_T32_s9401102,8,block,block,8,1,stack_nonlinear,32,9401102,136,8,1088,local_block,True,1088,1232,9856,1152,0.006526249984744936,0.0078125,0.0001948140597960446,6.949888266601204,7.275640847189449,18496,2.8031250622007065e-05,306102272
n8_block8_d1_stack_nonlinear_T32_s9401102,8,block,block,8,1,stack_nonlinear,32,9401102,136,8,1088,online_kronecker_sum,True,2880,2952,23616,576,0.008286049996968359,0.0078125,0.00025569062381691765,9.121627403101929,9.237513726981938,,2.8031250622007065e-05,306102272
n8_block8_d1_stack_nonlinear_T32_s9401103,8,block,block,8,1,stack_nonlinear,32,9401103,136,8,1088,BPTT,True,2505,2505,20040,0,0.004125749983359128,0.0,8.033437552512623e-05,2.4468874498446493,3.9270415799152216,,3.283125079178717e-05,306102272
n8_block8_d1_stack_nonlinear_T32_s9401103,8,block,block,8,1,stack_nonlinear,32,9401103,136,8,1088,RTRL,True,1088,1088,8704,0,0.00547889998415485,0.0,0.0001693156227702275,5.1571481039212275,5.21501984772597,18496,3.283125079178717e-05,306102272
n8_block8_d1_stack_nonlinear_T32_s9401103,8,block,block,8,1,stack_nonlinear,32,9401103,136,8,1088,packed_exact,True,1088,1232,9856,1152,0.006598150008358061,0.0078125,0.00019087656255578622,5.81386812723975,6.280363458244149,18496,3.283125079178717e-05,306102272
n8_block8_d1_stack_nonlinear_T32_s9401103,8,block,block,8,1,stack_nonlinear,32,9401103,136,8,1088,SnAp1,False,136,280,2240,1152,0.010683600034099072,0.0078125,0.0003235500007576775,9.854939819673712,10.169046046491554,408,3.283125079178717e-05,306102272
n8_block8_d1_stack_nonlinear_T32_s9401103,8,block,block,8,1,stack_nonlinear,32,9401103,136,8,1088,SnAp2,True,1088,1232,9856,1152,0.0061510500381700695,0.0078125,0.00018275937327416614,5.566628406368359,5.854797153841581,18496,3.283125079178717e-05,306102272
n8_block8_d1_stack_nonlinear_T32_s9401103,8,block,block,8,1,stack_nonlinear,32,9401103,136,8,1088,local_block,True,1088,1232,9856,1152,0.006173450034111738,0.0078125,0.0001842296933318721,5.611412568477522,5.876118299283663,18496,3.283125079178717e-05,306102272
n8_block8_d1_stack_nonlinear_T32_s9401103,8,block,block,8,1,stack_nonlinear,32,9401103,136,8,1088,online_kronecker_sum,True,2880,2952,23616,576,0.007322799996472895,0.0078125,0.00022664062271360308,6.903197936348434,6.970112145316812,,3.283125079178717e-05,306102272
n8_block8_d1_stack_nonlinear_T32_s9401104,8,block,block,8,1,stack_nonlinear,32,9401104,136,8,1088,BPTT,True,2505,2505,20040,0,0.003944999945815653,0.0078125,8.269374848168809e-05,2.5897434436774254,3.86083362276709,,3.193125121470075e-05,306102272
n8_block8_d1_stack_nonlinear_T32_s9401104,8,block,block,8,1,stack_nonlinear,32,9401104,136,8,1088,RTRL,True,1088,1088,8704,0,0.004930199997033924,0.0078125,0.000152089061884908,4.763016045387163,4.8250144935247254,18496,3.193125121470075e-05,306102272
n8_block8_d1_stack_nonlinear_T32_s9401104,8,block,block,8,1,stack_nonlinear,32,9401104,136,8,1088,packed_exact,True,1088,1232,9856,1152,0.005566700070630759,0.0,0.00016482343380630482,5.161821962379669,5.44793487851558,18496,3.193125121470075e-05,306102272
n8_block8_d1_stack_nonlinear_T32_s9401104,8,block,block,8,1,stack_nonlinear,32,9401104,136,8,1088,SnAp1,False,136,280,2240,1152,0.009979800030123442,0.015625,0.0003017656235897448,9.45047914222715,9.766881630926417,408,3.193125121470075e-05,306102272
n8_block8_d1_stack_nonlinear_T32_s9401104,8,block,block,8,1,stack_nonlinear,32,9401104,136,8,1088,SnAp2,True,1088,1232,9856,1152,0.006345100002363324,0.0078125,0.0001895609402708942,5.936533429157412,6.209727697189837,18496,3.193125121470075e-05,306102272
n8_block8_d1_stack_nonlinear_T32_s9401104,8,block,block,8,1,stack_nonlinear,32,9401104,136,8,1088,local_block,True,1088,1232,9856,1152,0.006069650000426918,0.0,0.00017953125097847078,5.622430820869832,5.940154403533566,18496,3.193125121470075e-05,306102272
n8_block8_d1_stack_nonlinear_T32_s9401104,8,block,block,8,1,stack_nonlinear,32,9401104,136,8,1088,online_kronecker_sum,True,2880,2952,23616,576,0.00756005005678162,0.0078125,0.00023383750340144616,7.323155044227965,7.398756869435117,,3.193125121470075e-05,306102272
n8_block8_d1_stack_nonlinear_T128_s9401100,8,block,block,8,1,stack_nonlinear,128,9401100,136,8,1088,BPTT,True,10185,10185,81480,0,0.01380065007833764,0.0078125,6.728281232426525e-05,2.579777396303978,4.133973342396363,,2.608085969768581e-05,306102272
n8_block8_d1_stack_nonlinear_T128_s9401100,8,block,block,8,1,stack_nonlinear,128,9401100,136,8,1088,RTRL,True,1088,1088,8704,0,0.018934100051410496,0.0234375,0.00014654023516413872,5.618688833985845,5.671694045605785,18496,2.608085969768581e-05,306102272
n8_block8_d1_stack_nonlinear_T128_s9401100,8,block,block,8,1,stack_nonlinear,128,9401100,136,8,1088,packed_exact,True,1088,1232,9856,1152,0.021389400004409254,0.0234375,0.00016414726542279823,6.293782771177717,6.40717712036443,18496,2.608085969768581e-05,306102272
n8_block8_d1_stack_nonlinear_T128_s9401100,8,block,block,8,1,stack_nonlinear,128,9401100,136,8,1088,SnAp1,False,136,280,2240,1152,0.036646150052547455,0.03125,0.00028320312731011654,10.858657674357474,10.977324007112028,408,2.608085969768581e-05,306102272
n8_block8_d1_stack_nonlinear_T128_s9401100,8,block,block,8,1,stack_nonlinear,128,9401100,136,8,1088,SnAp2,True,1088,1232,9856,1152,0.021425900049507618,0.0234375,0.00016424648674728815,6.297587144409276,6.418110678753085,18496,2.608085969768581e-05,306102272
n8_block8_d1_stack_nonlinear_T128_s9401100,8,block,block,8,1,stack_nonlinear,128,9401100,136,8,1088,local_block,True,1088,1232,9856,1152,0.021818699955474585,0.0234375,0.00016724374972909573,6.412509083967638,6.535773566439231,18496,2.608085969768581e-05,306102272
n8_block8_d1_stack_nonlinear_T128_s9401101,8,block,block,8,1,stack_nonlinear,128,9401101,136,8,1088,BPTT,True,10185,10185,81480,0,0.014527500024996698,0.015625,7.296914100152208e-05,2.731647801155873,4.248800948046734,,2.671249967534095e-05,306102272
n8_block8_d1_stack_nonlinear_T128_s9401101,8,block,block,8,1,stack_nonlinear,128,9401101,136,8,1088,RTRL,True,1088,1088,8704,0,0.02124329999787733,0.0234375,0.00016466679880977608,6.164409950813573,6.212944623322614,18496,2.671249967534095e-05,306102272
n8_block8_d1_stack_nonlinear_T128_s9401101,8,block,block,8,1,stack_nonlinear,128,9401101,136,8,1088,packed_exact,True,1088,1232,9856,1152,0.024090550024993718,0.0234375,0.00018463906462784507,6.912084861840561,7.045668670386655,18496,2.671249967534095e-05,306102272
n8_block8_d1_stack_nonlinear_T128_s9401101,8,block,block,8,1,stack_nonlinear,128,9401101,136,8,1088,SnAp1,False,136,280,2240,1152,0.03936800005612895,0.0390625,0.0003042398420802783,11.389418653362888,11.51380455504233,408,2.671249967534095e-05,306102272
n8_block8_d1_stack_nonlinear_T128_s9401101,8,block,block,8,1,stack_nonlinear,128,9401101,136,8,1088,SnAp2,True,1088,1232,9856,1152,0.022190999996382743,0.0234375,0.00017048046856871224,6.382048503161518,6.490114724522776,18496,2.671249967534095e-05,306102272
n8_block8_d1_stack_nonlinear_T128_s9401101,8,block,block,8,1,stack_nonlinear,128,9401101,136,8,1088,local_block,True,1088,1232,9856,1152,0.02384959999471903,0.0234375,0.0001832742186707037,6.860990955477267,6.975198960161118,18496,2.671249967534095e-05,306102272
n8_block8_d1_stack_nonlinear_T128_s9401102,8,block,block,8,1,stack_nonlinear,128,9401102,136,8,1088,BPTT,True,10185,10185,81480,0,0.015587499947287142,0.015625,7.947226549731568e-05,2.977404104771779,4.562350898824555,,2.6691796847444493e-05,306102272
n8_block8_d1_stack_nonlinear_T128_s9401102,8,block,block,8,1,stack_nonlinear,128,9401102,136,8,1088,RTRL,True,1088,1088,8704,0,0.021938149991910905,0.0234375,0.00016981914131974918,6.362222157254576,6.421141213961143,18496,2.6691796847444493e-05,306102272
n8_block8_d1_stack_nonlinear_T128_s9401102,8,block,block,8,1,stack_nonlinear,128,9401102,136,8,1088,packed_exact,True,1088,1232,9856,1152,0.023874999955296516,0.03125,0.0001833851565606892,6.870468766446001,6.988043488297867,18496,2.6691796847444493e-05,306102272
n8_block8_d1_stack_nonlinear_T128_s9401102,8,block,block,8,1,stack_nonlinear,128,9401102,136,8,1088,SnAp1,False,136,280,2240,1152,0.038758200011216104,0.0234375,0.00029944882862764644,11.218758719734376,11.344250794289112,408,2.6691796847444493e-05,306102272
n8_block8_d1_stack_nonlinear_T128_s9401102,8,block,block,8,1,stack_nonlinear,128,9401102,136,8,1088,SnAp2,True,1088,1232,9856,1152,0.02219729998614639,0.015625,0.00017007812357405783,6.371924848152039,6.49699258288682,18496,2.6691796847444493e-05,306102272
n8_block8_d1_stack_nonlinear_T128_s9401102,8,block,block,8,1,stack_nonlinear,128,9401102,136,8,1088,local_block,True,1088,1232,9856,1152,0.022134599974378943,0.015625,0.00016981640737867565,6.362119730988964,6.478640733263025,18496,2.6691796847444493e-05,306102272
n8_block8_d1_stack_nonlinear_T128_s9401103,8,block,block,8,1,stack_nonlinear,128,9401103,136,8,1088,BPTT,True,10185,10185,81480,0,0.016195750038605183,0.015625,8.123671887005912e-05,2.9166514595687416,4.542796218525777,,2.7852734547195723e-05,306102272
n8_block8_d1_stack_nonlinear_T128_s9401103,8,block,block,8,1,stack_nonlinear,128,9401103,136,8,1088,RTRL,True,1088,1088,8704,0,0.018881250056438148,0.015625,0.0001460886714994558,5.245038732262084,5.296060457402185,18496,2.7852734547195723e-05,306102272
n8_block8_d1_stack_nonlinear_T128_s9401103,8,block,block,8,1,stack_nonlinear,128,9401103,136,8,1088,packed_exact,True,1088,1232,9856,1152,0.02197240001987666,0.0234375,0.00016872460901140585,6.057739455546329,6.163106709124525,18496,2.7852734547195723e-05,306102272
n8_block8_d1_stack_nonlinear_T128_s9401103,8,block,block,8,1,stack_nonlinear,128,9401103,136,8,1088,SnAp1,False,136,280,2240,1152,0.03712299995822832,0.0390625,0.00028698476580757415,10.303647755709086,10.412745530684669,408,2.7852734547195723e-05,306102272
n8_block8_d1_stack_nonlinear_T128_s9401103,8,block,block,8,1,stack_nonlinear,128,9401103,136,8,1088,SnAp2,True,1088,1232,9856,1152,0.02219684998271987,0.0234375,0.0001704820319901046,6.120836419175549,6.226063376152722,18496,2.7852734547195723e-05,306102272
n8_block8_d1_stack_nonlinear_T128_s9401103,8,block,block,8,1,stack_nonlinear,128,9401103,136,8,1088,local_block,True,1088,1232,9856,1152,0.023118849960155785,0.0234375,0.0001776054700712848,6.376590053315484,6.484678012769913,18496,2.7852734547195723e-05,306102272
n8_block8_d1_stack_nonlinear_T128_s9401104,8,block,block,8,1,stack_nonlinear,128,9401104,136,8,1088,BPTT,True,10185,10185,81480,0,0.01503830001456663,0.015625,7.486601589334896e-05,2.7145730538176216,4.259960643070042,,2.7579296784097096e-05,306102272
n8_block8_d1_stack_nonlinear_T128_s9401104,8,block,block,8,1,stack_nonlinear,128,9401104,136,8,1088,RTRL,True,1088,1088,8704,0,0.019630900060292333,0.0234375,0.00015204257897494244,5.512924428972894,5.5609252085596586,18496,2.7579296784097096e-05,306102272
n8_block8_d1_stack_nonlinear_T128_s9401104,8,block,block,8,1,stack_nonlinear,128,9401104,136,8,1088,packed_exact,True,1088,1232,9856,1152,0.024291199981234968,0.0234375,0.00018630468775882036,6.755237061238206,6.8810673941051,18496,2.7579296784097096e-05,306102272
n8_block8_d1_stack_nonlinear_T128_s9401104,8,block,block,8,1,stack_nonlinear,128,9401104,136,8,1088,SnAp1,False,136,280,2240,1152,0.03907160001108423,0.03125,0.00030174492258083774,10.940994070408326,11.067971655557528,408,2.7579296784097096e-05,306102272
n8_block8_d1_stack_nonlinear_T128_s9401104,8,block,block,8,1,stack_nonlinear,128,9401104,136,8,1088,SnAp2,True,1088,1232,9856,1152,0.023249350022524595,0.0234375,0.00017859531135400175,6.475702145421787,6.585938302665823,18496,2.7579296784097096e-05,306102272
n8_block8_d1_stack_nonlinear_T128_s9401104,8,block,block,8,1,stack_nonlinear,128,9401104,136,8,1088,local_block,True,1088,1232,9856,1152,0.023271899961400777,0.0234375,0.000178805077666766,6.483308079481905,6.592326115917528,18496,2.7579296784097096e-05,306102272
n8_block8_d2_stack_nonlinear_T32_s9401100,8,block,block,8,2,stack_nonlinear,32,9401100,272,16,4352,BPTT,True,5257,5257,42056,0,0.008664700028020889,0.015625,0.00016899375077628065,3.0685163271431883,4.916560039877208,,5.50734403077513e-05,306102272
n8_block8_d2_stack_nonlinear_T32_s9401100,8,block,block,8,2,stack_nonlinear,32,9401100,272,16,4352,RTRL,True,4352,4352,34816,0,0.012182199978269637,0.0078125,0.0003784640575759113,6.87198866569889,6.912474455810336,143616,5.50734403077513e-05,306102272
n8_block8_d2_stack_nonlinear_T32_s9401100,8,block,block,8,2,stack_nonlinear,32,9401100,272,16,4352,packed_exact,True,3264,3560,28480,2368,0.014454400050453842,0.015625,0.0004326484377088491,7.855845490879132,8.20177564816317,90304,5.50734403077513e-05,306102272
n8_block8_d2_stack_nonlinear_T32_s9401100,8,block,block,8,2,stack_nonlinear,32,9401100,272,16,4352,SnAp1,False,1360,1712,13696,2816,0.021818449953570962,0.0234375,0.0006615187503484776,12.011574847184049,12.380315397749522,23664,5.50734403077513e-05,306102272
n8_block8_d2_stack_nonlinear_T32_s9401100,8,block,block,8,2,stack_nonlinear,32,9401100,272,16,4352,SnAp2,True,3264,3560,28480,2368,0.01291220000712201,0.015625,0.0003851234414469218,6.992906912930182,7.326694100963426,90304,5.50734403077513e-05,306102272
n8_block8_d2_stack_nonlinear_T32_s9401100,8,block,block,8,2,stack_nonlinear,32,9401100,272,16,4352,local_block,False,2176,2464,19712,2304,0.01297129999147728,0.015625,0.0003903265642293263,7.087382993475167,7.3602288592930645,36992,5.50734403077513e-05,306102272
n8_block8_d2_stack_nonlinear_T32_s9401101,8,block,block,8,2,stack_nonlinear,32,9401101,272,16,4352,BPTT,True,5257,5257,42056,0,0.008560399990528822,0.0078125,0.0001667062479100423,2.787292980582959,4.4727520533339,,5.9809373851749115e-05,306102272
n8_block8_d2_stack_nonlinear_T32_s9401101,8,block,block,8,2,stack_nonlinear,32,9401101,272,16,4352,RTRL,True,4352,4352,34816,0,0.011596349999308586,0.015625,0.00036043125510332175,6.026333865268864,6.059015738513628,143616,5.9809373851749115e-05,306102272
n8_block8_d2_stack_nonlinear_T32_s9401101,8,block,block,8,2,stack_nonlinear,32,9401101,272,16,4352,packed_exact,True,3264,3560,28480,2368,0.01413750002393499,0.015625,0.0004235796914144885,7.082162278849889,7.386749723263457,90304,5.9809373851749115e-05,306102272
n8_block8_d2_stack_nonlinear_T32_s9401101,8,block,block,8,2,stack_nonlinear,32,9401101,272,16,4352,SnAp1,False,1360,1712,13696,2816,0.025148600048851222,0.0234375,0.0007664281274628593,12.814515152133552,13.139976243098847,23664,5.9809373851749115e-05,306102272
n8_block8_d2_stack_nonlinear_T32_s9401101,8,block,block,8,2,stack_nonlinear,32,9401101,272,16,4352,SnAp2,True,3264,3560,28480,2368,0.0139647499890998,0.015625,0.00041722655987541657,6.975939271820597,7.296488979153664,90304,5.9809373851749115e-05,306102272
n8_block8_d2_stack_nonlinear_T32_s9401101,8,block,block,8,2,stack_nonlinear,32,9401101,272,16,4352,local_block,False,2176,2464,19712,2304,0.01402790000429377,0.015625,0.0004205281220492907,7.031140688609507,7.329484442033833,36992,5.9809373851749115e-05,306102272
n8_block8_d2_stack_nonlinear_T32_s9401102,8,block,block,8,2,stack_nonlinear,32,9401102,272,16,4352,BPTT,True,5257,5257,42056,0,0.008158149954397231,0.0078125,0.0001614734392205719,2.751850643677147,4.344756773851694,,5.867812615178991e-05,306102272
n8_block8_d2_stack_nonlinear_T32_s9401102,8,block,block,8,2,stack_nonlinear,32,9401102,272,16,4352,RTRL,True,4352,4352,34816,0,0.012531900021713227,0.0,0.0003893578086717753,6.635484706252814,6.674069220708957,143616,5.867812615178991e-05,306102272
n8_block8_d2_stack_nonlinear_T32_s9401102,8,block,block,8,2,stack_nonlinear,32,9401102,272,16,4352,packed_exact,True,3264,3560,28480,2368,0.013331699999980628,0.015625,0.0003982999987783842,6.787878633820935,7.100015837616966,90304,5.867812615178991e-05,306102272
n8_block8_d2_stack_nonlinear_T32_s9401102,8,block,block,8,2,stack_nonlinear,32,9401102,272,16,4352,SnAp1,False,1360,1712,13696,2816,0.022398549946956336,0.0234375,0.0006807875051890733,11.60206621847461,11.92871571992137,23664,5.867812615178991e-05,306102272
n8_block8_d2_stack_nonlinear_T32_s9401102,8,block,block,8,2,stack_nonlinear,32,9401102,272,16,4352,SnAp2,True,3264,3560,28480,2368,0.01375595002900809,0.015625,0.00041231093564420007,7.026654780652415,7.3259571598195965,90304,5.867812615178991e-05,306102272
n8_block8_d2_stack_nonlinear_T32_s9401102,8,block,block,8,2,stack_nonlinear,32,9401102,272,16,4352,local_block,False,2176,2464,19712,2304,0.013276450044941157,0.015625,0.0003985296843893593,6.791792964867925,7.070591566458116,36992,5.867812615178991e-05,306102272
n8_block8_d2_stack_nonlinear_T32_s9401103,8,block,block,8,2,stack_nonlinear,32,9401103,272,16,4352,BPTT,True,5257,5257,42056,0,0.007525449967943132,0.0078125,0.000151925001773634,2.6891612333398136,4.162651818531831,,5.649531158269383e-05,306102272
n8_block8_d2_stack_nonlinear_T32_s9401103,8,block,block,8,2,stack_nonlinear,32,9401103,272,16,4352,RTRL,True,4352,4352,34816,0,0.010897250089328736,0.015625,0.00033882031493703835,5.997317395817832,6.027740280590648,143616,5.649531158269383e-05,306102272
n8_block8_d2_stack_nonlinear_T32_s9401103,8,block,block,8,2,stack_nonlinear,32,9401103,272,16,4352,packed_exact,True,3264,3560,28480,2368,0.012926299998071045,0.0078125,0.0003862343819491798,6.83657406480248,7.150095532236358,90304,5.649531158269383e-05,306102272
n8_block8_d2_stack_nonlinear_T32_s9401103,8,block,block,8,2,stack_nonlinear,32,9401103,272,16,4352,SnAp1,False,1360,1712,13696,2816,0.02111010003136471,0.0234375,0.0006412046877812827,11.349697343340301,11.676909242540221,23664,5.649531158269383e-05,306102272
n8_block8_d2_stack_nonlinear_T32_s9401103,8,block,block,8,2,stack_nonlinear,32,9401103,272,16,4352,SnAp2,True,3264,3560,28480,2368,0.013282349973451346,0.015625,0.000398000000132015,7.04483237603621,7.347042171150778,90304,5.649531158269383e-05,306102272
n8_block8_d2_stack_nonlinear_T32_s9401103,8,block,block,8,2,stack_nonlinear,32,9401103,272,16,4352,local_block,False,2176,2464,19712,2304,0.012059899978339672,0.015625,0.00036123281279287767,6.394031693481868,6.67085221348813,36992,5.649531158269383e-05,306102272
n8_block8_d2_stack_nonlinear_T32_s9401104,8,block,block,8,2,stack_nonlinear,32,9401104,272,16,4352,BPTT,True,5257,5257,42056,0,0.008066099951975048,0.0078125,0.00016271874847006984,3.1679494615901844,4.907431772661582,,5.13640607096022e-05,306102272
n8_block8_d2_stack_nonlinear_T32_s9401104,8,block,block,8,2,stack_nonlinear,32,9401104,272,16,4352,RTRL,True,4352,4352,34816,0,0.011747549986466765,0.0078125,0.0003652671857707901,7.11133778608173,7.14723353265676,143616,5.13640607096022e-05,306102272
n8_block8_d2_stack_nonlinear_T32_s9401104,8,block,block,8,2,stack_nonlinear,32,9401104,272,16,4352,packed_exact,True,3264,3560,28480,2368,0.012800199969206005,0.0078125,0.00038123593913041987,7.422231300710813,7.787667943529802,90304,5.13640607096022e-05,306102272
n8_block8_d2_stack_nonlinear_T32_s9401104,8,block,block,8,2,stack_nonlinear,32,9401104,272,16,4352,SnAp1,False,1360,1712,13696,2816,0.022330200066789985,0.0234375,0.0006790249990444863,13.219846516487484,13.585739570561913,23664,5.13640607096022e-05,306102272
n8_block8_d2_stack_nonlinear_T32_s9401104,8,block,block,8,2,stack_nonlinear,32,9401104,272,16,4352,SnAp2,True,3264,3560,28480,2368,0.012777849973645061,0.015625,0.00038282031164271757,7.453077236378853,7.774070160339951,90304,5.13640607096022e-05,306102272
n8_block8_d2_stack_nonlinear_T32_s9401104,8,block,block,8,2,stack_nonlinear,32,9401104,272,16,4352,local_block,False,2176,2464,19712,2304,0.01282554998761043,0.015625,0.0003841437501250766,7.478843082460248,7.803090946777482,36992,5.13640607096022e-05,306102272
n8_block8_d2_stack_nonlinear_T128_s9401100,8,block,block,8,2,stack_nonlinear,128,9401100,272,16,4352,BPTT,True,21385,21385,171080,0,0.03128440002910793,0.046875,0.00015870624974922976,3.0414193227787334,4.683819305537571,,5.21816405125719e-05,306102272
n8_block8_d2_stack_nonlinear_T128_s9401100,8,block,block,8,2,stack_nonlinear,128,9401100,272,16,4352,RTRL,True,4352,4352,34816,0,0.041571399953681976,0.0390625,0.0003234242167309276,6.198046162481349,6.223962277688326,143616,5.21816405125719e-05,306102272
n8_block8_d2_stack_nonlinear_T128_s9401100,8,block,block,8,2,stack_nonlinear,128,9401100,272,16,4352,packed_exact,True,3264,3560,28480,2368,0.05106529995100573,0.0546875,0.00039331836023848155,7.537485528913584,7.645364383879718,90304,5.21816405125719e-05,306102272
n8_block8_d2_stack_nonlinear_T128_s9401100,8,block,block,8,2,stack_nonlinear,128,9401100,272,16,4352,SnAp1,False,1360,1712,13696,2816,0.08471209998242557,0.0859375,0.0006560757806255424,12.572923621814397,12.682876096109931,23664,5.21816405125719e-05,306102272
n8_block8_d2_stack_nonlinear_T128_s9401100,8,block,block,8,2,stack_nonlinear,128,9401100,272,16,4352,SnAp2,True,3264,3560,28480,2368,0.052262799988966435,0.046875,0.000402996484808682,7.722955446592174,7.824650986498393,90304,5.21816405125719e-05,306102272
n8_block8_d2_stack_nonlinear_T128_s9401100,8,block,block,8,2,stack_nonlinear,128,9401100,272,16,4352,local_block,False,2176,2464,19712,2304,0.05238349997671321,0.0546875,0.0004038410170323914,7.739139917134182,7.8427218758956805,36992,5.21816405125719e-05,306102272
n8_block8_d2_stack_nonlinear_T128_s9401101,8,block,block,8,2,stack_nonlinear,128,9401101,272,16,4352,BPTT,True,21385,21385,171080,0,0.029522800003178418,0.03125,0.00015090781243998208,2.784076340034221,4.255170738193885,,5.420390607469017e-05,306102272
n8_block8_d2_stack_nonlinear_T128_s9401101,8,block,block,8,2,stack_nonlinear,128,9401101,272,16,4352,RTRL,True,4352,4352,34816,0,0.04283334995852783,0.0390625,0.0003330382805870613,6.144174925846706,6.173642653905574,143616,5.420390607469017e-05,306102272
n8_block8_d2_stack_nonlinear_T128_s9401101,8,block,block,8,2,stack_nonlinear,128,9401101,272,16,4352,packed_exact,True,3264,3560,28480,2368,0.04880505002802238,0.0546875,0.000374808204924193,6.914782200524935,7.034353812408423,90304,5.420390607469017e-05,306102272
n8_block8_d2_stack_nonlinear_T128_s9401101,8,block,block,8,2,stack_nonlinear,128,9401101,272,16,4352,SnAp1,False,1360,1712,13696,2816,0.08063154999399558,0.078125,0.0006246816401471733,11.524660958684315,11.621560694538768,23664,5.420390607469017e-05,306102272
n8_block8_d2_stack_nonlinear_T128_s9401101,8,block,block,8,2,stack_nonlinear,128,9401101,272,16,4352,SnAp2,True,3264,3560,28480,2368,0.0483832000172697,0.046875,0.0003731109395630483,6.883469598093555,6.973551862001675,90304,5.420390607469017e-05,306102272
n8_block8_d2_stack_nonlinear_T128_s9401101,8,block,block,8,2,stack_nonlinear,128,9401101,272,16,4352,local_block,False,2176,2464,19712,2304,0.05001280002761632,0.046875,0.0003859167954942677,7.119722976467681,7.208428847864834,36992,5.420390607469017e-05,306102272
n8_block8_d2_stack_nonlinear_T128_s9401102,8,block,block,8,2,stack_nonlinear,128,9401102,272,16,4352,BPTT,True,21385,21385,171080,0,0.02963585004908964,0.015625,0.0001518792969363858,3.111309404785011,4.742988183938389,,4.881523409494548e-05,306102272
n8_block8_d2_stack_nonlinear_T128_s9401102,8,block,block,8,2,stack_nonlinear,128,9401102,272,16,4352,RTRL,True,4352,4352,34816,0,0.042110050038900226,0.0390625,0.00032683789140719455,6.695407642038464,6.739387243110085,143616,4.881523409494548e-05,306102272
n8_block8_d2_stack_nonlinear_T128_s9401102,8,block,block,8,2,stack_nonlinear,128,9401102,272,16,4352,packed_exact,True,3264,3560,28480,2368,0.055256549967452884,0.046875,0.00042599257812980795,8.726631880966783,8.843382698546245,90304,4.881523409494548e-05,306102272
n8_block8_d2_stack_nonlinear_T128_s9401102,8,block,block,8,2,stack_nonlinear,128,9401102,272,16,4352,SnAp1,False,1360,1712,13696,2816,0.08454930008156225,0.078125,0.0006547890625370201,13.413621273708477,13.531460396204473,23664,4.881523409494548e-05,306102272
n8_block8_d2_stack_nonlinear_T128_s9401102,8,block,block,8,2,stack_nonlinear,128,9401102,272,16,4352,SnAp2,True,3264,3560,28480,2368,0.05390404997160658,0.0546875,0.0004154324210503546,8.510302751848732,8.626925553282994,90304,4.881523409494548e-05,306102272
n8_block8_d2_stack_nonlinear_T128_s9401102,8,block,block,8,2,stack_nonlinear,128,9401102,272,16,4352,local_block,False,2176,2464,19712,2304,0.051587199966888875,0.046875,0.00039801523325877497,8.153504549105236,8.256131660813855,36992,4.881523409494548e-05,306102272
n8_block8_d2_stack_nonlinear_T128_s9401103,8,block,block,8,2,stack_nonlinear,128,9401103,272,16,4352,BPTT,True,21385,21385,171080,0,0.030573299969546497,0.03125,0.00015489921906919335,2.788464786207103,4.299800282822563,,5.555000007007038e-05,306102272
n8_block8_d2_stack_nonlinear_T128_s9401103,8,block,block,8,2,stack_nonlinear,128,9401103,272,16,4352,RTRL,True,4352,4352,34816,0,0.04077200003666803,0.0390625,0.00031721757841296494,5.710487452976218,5.734135911515318,143616,5.555000007007038e-05,306102272
n8_block8_d2_stack_nonlinear_T128_s9401103,8,block,block,8,2,stack_nonlinear,128,9401103,272,16,4352,packed_exact,True,3264,3560,28480,2368,0.05051015003118664,0.046875,0.00038903202994333697,7.003276857832848,7.103700209196879,90304,5.555000007007038e-05,306102272
n8_block8_d2_stack_nonlinear_T128_s9401103,8,block,block,8,2,stack_nonlinear,128,9401103,272,16,4352,SnAp1,False,1360,1712,13696,2816,0.08159645000705495,0.0703125,0.0006318285145425762,11.374050652485906,11.475648332601509,23664,5.555000007007038e-05,306102272
n8_block8_d2_stack_nonlinear_T128_s9401103,8,block,block,8,2,stack_nonlinear,128,9401103,272,16,4352,SnAp2,True,3264,3560,28480,2368,0.058068999962415546,0.0625,0.0004473207050068595,8.052577937760796,8.16676978639285,90304,5.555000007007038e-05,306102272
n8_block8_d2_stack_nonlinear_T128_s9401103,8,block,block,8,2,stack_nonlinear,128,9401103,272,16,4352,local_block,False,2176,2464,19712,2304,0.051189449965022504,0.046875,0.0003947785157834005,7.106723947532487,7.19923631588272,36992,5.555000007007038e-05,306102272
n8_block8_d2_stack_nonlinear_T128_s9401104,8,block,block,8,2,stack_nonlinear,128,9401104,272,16,4352,BPTT,True,21385,21385,171080,0,0.03214820002904162,0.03125,0.0001630734373065934,3.054748210445155,4.704775294116885,,5.338359369488899e-05,306102272
n8_block8_d2_stack_nonlinear_T128_s9401104,8,block,block,8,2,stack_nonlinear,128,9401104,272,16,4352,RTRL,True,4352,4352,34816,0,0.04468455002643168,0.046875,0.0003477632803878805,6.514422434268898,6.539425747107779,143616,5.338359369488899e-05,306102272
n8_block8_d2_stack_nonlinear_T128_s9401104,8,block,block,8,2,stack_nonlinear,128,9401104,272,16,4352,packed_exact,True,3264,3560,28480,2368,0.055200250004418194,0.046875,0.00042585039000186953,7.977177266030349,8.078361221320433,90304,5.338359369488899e-05,306102272
n8_block8_d2_stack_nonlinear_T128_s9401104,8,block,block,8,2,stack_nonlinear,128,9401104,272,16,4352,SnAp1,False,1360,1712,13696,2816,0.08447025006171316,0.0859375,0.0006544050775119103,12.258542975808762,12.361922136207102,23664,5.338359369488899e-05,306102272
n8_block8_d2_stack_nonlinear_T128_s9401104,8,block,block,8,2,stack_nonlinear,128,9401104,272,16,4352,SnAp2,True,3264,3560,28480,2368,0.054444349952973425,0.0546875,0.0004202359368719044,7.872005381910778,7.967737924101728,90304,5.338359369488899e-05,306102272
n8_block8_d2_stack_nonlinear_T128_s9401104,8,block,block,8,2,stack_nonlinear,128,9401104,272,16,4352,local_block,False,2176,2464,19712,2304,0.05222499999217689,0.0546875,0.0004031261723866919,7.551499336870004,7.642943912147023,36992,5.338359369488899e-05,306102272
n8_block8_d3_stack_nonlinear_T32_s9401100,8,block,block,8,3,stack_nonlinear,32,9401100,408,24,9792,BPTT,True,8009,8009,64072,0,0.012130449991673231,0.015625,0.0002358937472308753,2.1560960032623755,3.4648034141223403,,0.00010940781248791609,306814976
n8_block8_d3_stack_nonlinear_T32_s9401100,8,block,block,8,3,stack_nonlinear,32,9401100,408,24,9792,RTRL,True,9792,9792,78336,0,0.017786550044547766,0.0234375,0.0005538296863960568,5.0620670846263955,5.080347337659348,479808,0.00010940781248791609,306814976
n8_block8_d3_stack_nonlinear_T32_s9401100,8,block,block,8,3,stack_nonlinear,32,9401100,408,24,9792,packed_exact,True,6528,6984,55872,3648,0.020410450058989227,0.015625,0.0006097109380789334,5.5728281574615615,5.829808217889926,250240,0.00010940781248791609,306814976
n8_block8_d3_stack_nonlinear_T32_s9401100,8,block,block,8,3,stack_nonlinear,32,9401100,408,24,9792,SnAp1,False,3672,4296,34368,4992,0.03348089999053627,0.03125,0.0010124499967787415,9.253909513002693,9.5631024961752,104584,0.00010940781248791609,306814976
n8_block8_d3_stack_nonlinear_T32_s9401100,8,block,block,8,3,stack_nonlinear,32,9401100,408,24,9792,SnAp2,True,6528,6984,55872,3648,0.020922950003296137,0.015625,0.0006278031287365593,5.738192862652282,5.976192858030317,250240,0.00010940781248791609,306814976
n8_block8_d3_stack_nonlinear_T32_s9401100,8,block,block,8,3,stack_nonlinear,32,9401100,408,24,9792,local_block,False,3264,3696,29568,3456,0.019406600040383637,0.015625,0.0005826593715028139,5.325573725068012,5.543079945309854,55488,0.00010940781248791609,306814976
n8_block8_d3_stack_nonlinear_T32_s9401101,8,block,block,8,3,stack_nonlinear,32,9401101,408,24,9792,BPTT,True,8009,8009,64072,0,0.011665500001981854,0.0,0.00023221562514663674,2.8535935288091214,4.4797528287229715,,8.137656004691962e-05,307482624
n8_block8_d3_stack_nonlinear_T32_s9401101,8,block,block,8,3,stack_nonlinear,32,9401101,408,24,9792,RTRL,True,9792,9792,78336,0,0.016458600002806634,0.015625,0.0005122796846990241,6.295174979178978,6.320385744877361,479808,8.137656004691962e-05,307482624
n8_block8_d3_stack_nonlinear_T32_s9401101,8,block,block,8,3,stack_nonlinear,32,9401101,408,24,9792,packed_exact,True,6528,6984,55872,3648,0.019569949945434928,0.0234375,0.0005840984340466093,7.1777233359315415,7.5151976864373635,250240,8.137656004691962e-05,307482624
n8_block8_d3_stack_nonlinear_T32_s9401101,8,block,block,8,3,stack_nonlinear,32,9401101,408,24,9792,SnAp1,False,3672,4296,34368,4992,0.03202729998156428,0.03125,0.0009709468795335852,11.931530147916824,12.299034560404346,104584,8.137656004691962e-05,307482624
n8_block8_d3_stack_nonlinear_T32_s9401101,8,block,block,8,3,stack_nonlinear,32,9401101,408,24,9792,SnAp2,True,6528,6984,55872,3648,0.020465850073378533,0.0234375,0.0006101062481320696,7.497321683053426,7.859238758978343,250240,8.137656004691962e-05,307482624
n8_block8_d3_stack_nonlinear_T32_s9401101,8,block,block,8,3,stack_nonlinear,32,9401101,408,24,9792,local_block,False,3264,3696,29568,3456,0.018770549912005663,0.0234375,0.0005639031242026249,6.9295522430229655,7.20821431149179,55488,8.137656004691962e-05,307482624
n8_block8_d3_stack_nonlinear_T32_s9401102,8,block,block,8,3,stack_nonlinear,32,9401102,408,24,9792,BPTT,True,8009,8009,64072,0,0.01103349996265024,0.015625,0.00022820624872110784,3.1265814838354458,4.723952685132276,,7.298906166397501e-05,307740672
n8_block8_d3_stack_nonlinear_T32_s9401102,8,block,block,8,3,stack_nonlinear,32,9401102,408,24,9792,RTRL,True,9792,9792,78336,0,0.016445500019472092,0.015625,0.0005120656260260148,7.01564884315746,7.041080730349459,479808,7.298906166397501e-05,307740672
n8_block8_d3_stack_nonlinear_T32_s9401102,8,block,block,8,3,stack_nonlinear,32,9401102,408,24,9792,packed_exact,True,6528,6984,55872,3648,0.019185549987014383,0.015625,0.0005726531289838022,7.845739017993772,8.214223109955622,250240,7.298906166397501e-05,307740672
n8_block8_d3_stack_nonlinear_T32_s9401102,8,block,block,8,3,stack_nonlinear,32,9401102,408,24,9792,SnAp1,False,3672,4296,34368,4992,0.03195144998608157,0.03125,0.0009711281236377545,13.305118623234353,13.679896539317578,104584,7.298906166397501e-05,307740672
n8_block8_d3_stack_nonlinear_T32_s9401102,8,block,block,8,3,stack_nonlinear,32,9401102,408,24,9792,SnAp2,True,6528,6984,55872,3648,0.020363650051876903,0.015625,0.0006111015627539018,8.372508822859979,8.718622347151525,250240,7.298906166397501e-05,307740672
n8_block8_d3_stack_nonlinear_T32_s9401102,8,block,block,8,3,stack_nonlinear,32,9401102,408,24,9792,local_block,False,3264,3696,29568,3456,0.022526650049258024,0.015625,0.0006780765670555411,9.29011212909204,9.644702890964327,55488,7.298906166397501e-05,307740672
n8_block8_d3_stack_nonlinear_T32_s9401103,8,block,block,8,3,stack_nonlinear,32,9401103,408,24,9792,BPTT,True,8009,8009,64072,0,0.012040550063829869,0.015625,0.00025149687280645594,3.2016787444309176,4.790066172150685,,7.85515640018275e-05,307937280
n8_block8_d3_stack_nonlinear_T32_s9401103,8,block,block,8,3,stack_nonlinear,32,9401103,408,24,9792,RTRL,True,9792,9792,78336,0,0.017947150045074522,0.015625,0.0005586390616372228,7.111749698888567,7.1398761569601685,479808,7.85515640018275e-05,307937280
n8_block8_d3_stack_nonlinear_T32_s9401103,8,block,block,8,3,stack_nonlinear,32,9401103,408,24,9792,packed_exact,True,6528,6984,55872,3648,0.021158749936148524,0.0234375,0.0006311359411483863,8.034670590819847,8.417540044005468,250240,7.85515640018275e-05,307937280
n8_block8_d3_stack_nonlinear_T32_s9401103,8,block,block,8,3,stack_nonlinear,32,9401103,408,24,9792,SnAp1,False,3672,4296,34368,4992,0.03404925001086667,0.03125,0.001033484371873783,13.156763776845219,13.545740003532313,104584,7.85515640018275e-05,307937280
n8_block8_d3_stack_nonlinear_T32_s9401103,8,block,block,8,3,stack_nonlinear,32,9401103,408,24,9792,SnAp2,True,6528,6984,55872,3648,0.01904299994930625,0.015625,0.0005697000015061349,7.2525608973601186,7.575835770780776,250240,7.85515640018275e-05,307937280
n8_block8_d3_stack_nonlinear_T32_s9401103,8,block,block,8,3,stack_nonlinear,32,9401103,408,24,9792,local_block,False,3264,3696,29568,3456,0.01829599996563047,0.0234375,0.000549012500414392,6.989198845253027,7.278658371622626,55488,7.85515640018275e-05,307937280
n8_block8_d3_stack_nonlinear_T32_s9401104,8,block,block,8,3,stack_nonlinear,32,9401104,408,24,9792,BPTT,True,8009,8009,64072,0,0.01193590002367273,0.015625,0.00024544062580389436,3.2522152593970723,4.942401556446305,,7.54687516746344e-05,307941376
n8_block8_d3_stack_nonlinear_T32_s9401104,8,block,block,8,3,stack_nonlinear,32,9401104,408,24,9792,RTRL,True,9792,9792,78336,0,0.017116950068157166,0.015625,0.0005327624985511648,7.059378706143752,7.08776384610184,479808,7.54687516746344e-05,307941376
n8_block8_d3_stack_nonlinear_T32_s9401104,8,block,block,8,3,stack_nonlinear,32,9401104,408,24,9792,packed_exact,True,6528,6984,55872,3648,0.023149050073698163,0.0234375,0.0006931781226739986,9.184968709466288,9.585527768126715,250240,7.54687516746344e-05,307941376
n8_block8_d3_stack_nonlinear_T32_s9401104,8,block,block,8,3,stack_nonlinear,32,9401104,408,24,9792,SnAp1,False,3672,4296,34368,4992,0.03510704997461289,0.0390625,0.0010672234366211342,14.141262614521763,14.537080412254845,104584,7.54687516746344e-05,307941376
n8_block8_d3_stack_nonlinear_T32_s9401104,8,block,block,8,3,stack_nonlinear,32,9401104,408,24,9792,SnAp2,True,6528,6984,55872,3648,0.02218679996440187,0.0234375,0.0006635156278207432,8.791925308123993,9.18708052674196,250240,7.54687516746344e-05,307941376
n8_block8_d3_stack_nonlinear_T32_s9401104,8,block,block,8,3,stack_nonlinear,32,9401104,408,24,9792,local_block,False,3264,3696,29568,3456,0.020136649953201413,0.0234375,0.0006049625008017756,8.016066085337249,8.338157145496373,55488,7.54687516746344e-05,307941376
n8_block8_d3_stack_nonlinear_T128_s9401100,8,block,block,8,3,stack_nonlinear,128,9401100,408,24,9792,BPTT,True,32585,32585,260680,0,0.04592939995927736,0.046875,0.00023402148462992045,2.9411519385696714,4.509646836659343,,7.956796844155178e-05,307957760
n8_block8_d3_stack_nonlinear_T128_s9401100,8,block,block,8,3,stack_nonlinear,128,9401100,408,24,9792,RTRL,True,9792,9792,78336,0,0.06388625002000481,0.0625,0.0004975812512384437,6.253537208304517,6.272767019908515,479808,7.956796844155178e-05,307957760
n8_block8_d3_stack_nonlinear_T128_s9401100,8,block,block,8,3,stack_nonlinear,128,9401100,408,24,9792,packed_exact,True,6528,6984,55872,3648,0.07613335002679378,0.078125,0.0005867250001756474,7.373884386738337,7.475266853410269,250240,7.956796844155178e-05,307957760
n8_block8_d3_stack_nonlinear_T128_s9401100,8,block,block,8,3,stack_nonlinear,128,9401100,408,24,9792,SnAp1,False,3672,4296,34368,4992,0.12768284999765456,0.1328125,0.0009897753911900509,12.439369894395504,12.536731616308964,104584,7.956796844155178e-05,307957760
n8_block8_d3_stack_nonlinear_T128_s9401100,8,block,block,8,3,stack_nonlinear,128,9401100,408,24,9792,SnAp2,True,6528,6984,55872,3648,0.07496350002475083,0.0703125,0.0005776531234005233,7.259870205494185,7.360403381086301,250240,7.956796844155178e-05,307957760
n8_block8_d3_stack_nonlinear_T128_s9401100,8,block,block,8,3,stack_nonlinear,128,9401100,408,24,9792,local_block,False,3264,3696,29568,3456,0.07929864997277036,0.078125,0.0006126558614596433,7.699780118298254,7.786056563293426,55488,7.956796844155178e-05,307957760
n8_block8_d3_stack_nonlinear_T128_s9401101,8,block,block,8,3,stack_nonlinear,128,9401101,408,24,9792,BPTT,True,32585,32585,260680,0,0.04785844997968525,0.046875,0.00024551992191845784,3.0640767573267396,4.66618079930765,,8.012851549210609e-05,307957760
n8_block8_d3_stack_nonlinear_T128_s9401101,8,block,block,8,3,stack_nonlinear,128,9401101,408,24,9792,RTRL,True,9792,9792,78336,0,0.06987544998992234,0.0625,0.0005442128881441022,6.79175053726929,6.812829985600422,479808,8.012851549210609e-05,307957760
n8_block8_d3_stack_nonlinear_T128_s9401101,8,block,block,8,3,stack_nonlinear,128,9401101,408,24,9792,packed_exact,True,6528,6984,55872,3648,0.07612500002142042,0.078125,0.0005865621092198126,7.32026676917031,7.42215875353309,250240,8.012851549210609e-05,307957760
n8_block8_d3_stack_nonlinear_T128_s9401101,8,block,block,8,3,stack_nonlinear,128,9401101,408,24,9792,SnAp1,False,3672,4296,34368,4992,0.12549425003817305,0.1328125,0.0009717738294057199,12.12769041629699,12.235641985902186,104584,8.012851549210609e-05,307957760
n8_block8_d3_stack_nonlinear_T128_s9401101,8,block,block,8,3,stack_nonlinear,128,9401101,408,24,9792,SnAp2,True,6528,6984,55872,3648,0.07815985003253445,0.078125,0.0006034035168340779,7.530446722097611,7.62055586115696,250240,8.012851549210609e-05,307957760
n8_block8_d3_stack_nonlinear_T128_s9401101,8,block,block,8,3,stack_nonlinear,128,9401101,408,24,9792,local_block,False,3264,3696,29568,3456,0.07772895001107827,0.0703125,0.000600206642957346,7.490549890650049,7.578543271794088,55488,8.012851549210609e-05,307957760
n8_block8_d3_stack_nonlinear_T128_s9401102,8,block,block,8,3,stack_nonlinear,128,9401102,408,24,9792,BPTT,True,32585,32585,260680,0,0.05180995003320277,0.0546875,0.00025989140613091877,3.339785432580618,5.201514949540339,,7.781679732943303e-05,307957760
n8_block8_d3_stack_nonlinear_T128_s9401102,8,block,block,8,3,stack_nonlinear,128,9401102,408,24,9792,RTRL,True,9792,9792,78336,0,0.07142909994581714,0.0703125,0.0005564374991990917,7.150609101058797,7.171200338202897,479808,7.781679732943303e-05,307957760
n8_block8_d3_stack_nonlinear_T128_s9401102,8,block,block,8,3,stack_nonlinear,128,9401102,408,24,9792,packed_exact,True,6528,6984,55872,3648,0.0777780000353232,0.078125,0.0005998851552249107,7.708941717111933,7.808604904459768,250240,7.781679732943303e-05,307957760
n8_block8_d3_stack_nonlinear_T128_s9401102,8,block,block,8,3,stack_nonlinear,128,9401102,408,24,9792,SnAp1,False,3672,4296,34368,4992,0.12328265001997352,0.125,0.0009551746097713476,12.274658461304565,12.377092560152791,104584,7.781679732943303e-05,307957760
n8_block8_d3_stack_nonlinear_T128_s9401102,8,block,block,8,3,stack_nonlinear,128,9401102,408,24,9792,SnAp2,True,6528,6984,55872,3648,0.07987289997981861,0.0703125,0.0006165875001897803,7.923578473417401,8.01892460892003,250240,7.781679732943303e-05,307957760
n8_block8_d3_stack_nonlinear_T128_s9401102,8,block,block,8,3,stack_nonlinear,128,9401102,408,24,9792,local_block,False,3264,3696,29568,3456,0.07794325001304969,0.078125,0.0006021617205078655,7.738197165306711,7.825195351449288,55488,7.781679732943303e-05,307957760
n8_block8_d3_stack_nonlinear_T128_s9401103,8,block,block,8,3,stack_nonlinear,128,9401103,408,24,9792,BPTT,True,32585,32585,260680,0,0.05217085004551336,0.046875,0.00026798124963534065,3.1646753625600352,4.813297455731441,,8.467890665997402e-05,308129792
n8_block8_d3_stack_nonlinear_T128_s9401103,8,block,block,8,3,stack_nonlinear,128,9401103,408,24,9792,RTRL,True,9792,9792,78336,0,0.07394260005094111,0.0703125,0.0005760285152973665,6.802502984720791,6.821965300256212,479808,8.467890665997402e-05,308129792
n8_block8_d3_stack_nonlinear_T128_s9401103,8,block,block,8,3,stack_nonlinear,128,9401103,408,24,9792,packed_exact,True,6528,6984,55872,3648,0.0806688999873586,0.078125,0.0006218238295332412,7.343314339545725,7.442535644465682,250240,8.467890665997402e-05,308129792
n8_block8_d3_stack_nonlinear_T128_s9401103,8,block,block,8,3,stack_nonlinear,128,9401103,408,24,9792,SnAp1,False,3672,4296,34368,4992,0.12782675004564226,0.125,0.0009908820311466116,11.701639407384805,11.793332296337027,104584,8.467890665997402e-05,308129792
n8_block8_d3_stack_nonlinear_T128_s9401103,8,block,block,8,3,stack_nonlinear,128,9401103,408,24,9792,SnAp2,True,6528,6984,55872,3648,0.07503239996731281,0.0625,0.0005768324226664845,6.811996581188044,6.922510550336518,250240,8.467890665997402e-05,308129792
n8_block8_d3_stack_nonlinear_T128_s9401103,8,block,block,8,3,stack_nonlinear,128,9401103,408,24,9792,local_block,False,3264,3696,29568,3456,0.07656229997519404,0.0625,0.0005911507792006887,6.98108658363339,7.06365955996611,55488,8.467890665997402e-05,308129792
n8_block8_d3_stack_nonlinear_T128_s9401104,8,block,block,8,3,stack_nonlinear,128,9401104,408,24,9792,BPTT,True,32585,32585,260680,0,0.05062155000632629,0.0546875,0.00026779804693433107,3.333607257176233,4.923030164498712,,8.033281255848124e-05,308502528
n8_block8_d3_stack_nonlinear_T128_s9401104,8,block,block,8,3,stack_nonlinear,128,9401104,408,24,9792,RTRL,True,9792,9792,78336,0,0.07380259997444227,0.078125,0.0005748375015173224,7.155699933932329,7.177425935144316,479808,8.033281255848124e-05,308502528
n8_block8_d3_stack_nonlinear_T128_s9401104,8,block,block,8,3,stack_nonlinear,128,9401104,408,24,9792,packed_exact,True,6528,6984,55872,3648,0.08082990004913881,0.078125,0.0006229070304470952,7.754079691827384,7.860842587506633,250240,8.033281255848124e-05,308502528
n8_block8_d3_stack_nonlinear_T128_s9401104,8,block,block,8,3,stack_nonlinear,128,9401104,408,24,9792,SnAp1,False,3672,4296,34368,4992,0.12551585002802312,0.125,0.0009727105452839169,12.108508519800628,12.20662574997075,104584,8.033281255848124e-05,308502528
n8_block8_d3_stack_nonlinear_T128_s9401104,8,block,block,8,3,stack_nonlinear,128,9401104,408,24,9792,SnAp2,True,6528,6984,55872,3648,0.07642085000406951,0.078125,0.0005898691397305811,7.342816975332017,7.432055117230674,250240,8.033281255848124e-05,308502528
n8_block8_d3_stack_nonlinear_T128_s9401104,8,block,block,8,3,stack_nonlinear,128,9401104,408,24,9792,local_block,False,3264,3696,29568,3456,0.0808919999981299,0.078125,0.0006249281250347849,7.77923870871377,7.86688191111602,55488,8.033281255848124e-05,308502528
n8_lowrank0_d1_stack_nonlinear_T32_s9401100,8,lowrank,lowrank,0,1,stack_nonlinear,32,9401100,80,8,640,BPTT,True,2505,2505,20040,0,0.0034737499663606286,0.0078125,6.720625060552265e-05,2.2030322244580938,3.55844092190633,,3.0506249458994716e-05,308502528
n8_lowrank0_d1_stack_nonlinear_T32_s9401100,8,lowrank,lowrank,0,1,stack_nonlinear,32,9401100,80,8,640,RTRL,True,640,640,5120,0,0.003051100007724017,0.0,9.393281106895301e-05,3.079133382004686,3.1254866439591993,10880,3.0506249458994716e-05,308502528
n8_lowrank0_d1_stack_nonlinear_T32_s9401100,8,lowrank,lowrank,0,1,stack_nonlinear,32,9401100,80,8,640,packed_exact,True,80,168,1344,704,0.007895200047641993,0.0,0.00023915781275718473,7.83963341933105,8.08768714162815,240,3.0506249458994716e-05,308502528
n8_lowrank0_d1_stack_nonlinear_T32_s9401100,8,lowrank,lowrank,0,1,stack_nonlinear,32,9401100,80,8,640,SnAp1,True,80,168,1344,704,0.00821399997221306,0.0078125,0.0002492749972589081,8.171276432849394,8.414259493835425,240,3.0506249458994716e-05,308502528
n8_lowrank0_d1_stack_nonlinear_T32_s9401100,8,lowrank,lowrank,0,1,stack_nonlinear,32,9401100,80,8,640,SnAp2,True,80,168,1344,704,0.007931399974040687,0.0078125,0.00024121562455547974,7.90708883698444,8.124769631938202,240,3.0506249458994716e-05,308502528
n8_lowrank0_d1_stack_nonlinear_T32_s9401100,8,lowrank,lowrank,0,1,stack_nonlinear,32,9401100,80,8,640,local_block,True,80,168,1344,704,0.007805700006429106,0.0078125,0.00023748593775962945,7.784829075067014,7.996005065414154,240,3.0506249458994716e-05,308502528
n8_lowrank0_d1_stack_nonlinear_T32_s9401100,8,lowrank,lowrank,0,1,stack_nonlinear,32,9401100,80,8,640,online_svd_factor,True,704,704,5632,0,0.006185100006405264,0.0078125,0.00019142500059388112,6.27494378983516,6.335894402881929,,3.0506249458994716e-05,308502528
n8_lowrank0_d1_stack_nonlinear_T32_s9401100,8,lowrank,lowrank,0,1,stack_nonlinear,32,9401100,80,8,640,online_kronecker_sum,True,2432,2448,19584,128,0.005107650009449571,0.0078125,0.00015717344103904907,5.152171893510388,5.2321758861195296,,3.0506249458994716e-05,308502528
n8_lowrank0_d1_stack_nonlinear_T32_s9401101,8,lowrank,lowrank,0,1,stack_nonlinear,32,9401101,80,8,640,BPTT,True,2505,2505,20040,0,0.004008100018836558,0.0078125,8.198437353712507e-05,2.8639264386864087,4.37541597776538,,2.8626564017031342e-05,308502528
n8_lowrank0_d1_stack_nonlinear_T32_s9401101,8,lowrank,lowrank,0,1,stack_nonlinear,32,9401101,80,8,640,RTRL,True,640,640,5120,0,0.0033536500413902104,0.0,0.00010302656482963357,3.59898466222974,3.6609899718000563,10880,2.8626564017031342e-05,308502528
n8_lowrank0_d1_stack_nonlinear_T32_s9401101,8,lowrank,lowrank,0,1,stack_nonlinear,32,9401101,80,8,640,packed_exact,True,80,168,1344,704,0.008173150010406971,0.0078125,0.0002475703131494811,8.648272038592875,8.922165359183918,240,2.8626564017031342e-05,308502528
n8_lowrank0_d1_stack_nonlinear_T32_s9401101,8,lowrank,lowrank,0,1,stack_nonlinear,32,9401101,80,8,640,SnAp1,True,80,168,1344,704,0.008630549942608923,0.0078125,0.00026194531164946966,9.150427955434177,9.421482981543589,240,2.8626564017031342e-05,308502528
n8_lowrank0_d1_stack_nonlinear_T32_s9401101,8,lowrank,lowrank,0,1,stack_nonlinear,32,9401101,80,8,640,SnAp2,True,80,168,1344,704,0.007744550006464124,0.0078125,0.00023473280816688202,8.19982475113772,8.454286988756877,240,2.8626564017031342e-05,308502528
n8_lowrank0_d1_stack_nonlinear_T32_s9401101,8,lowrank,lowrank,0,1,stack_nonlinear,32,9401101,80,8,640,local_block,True,80,168,1344,704,0.007939100032672286,0.0078125,0.0002414390637568431,8.43409162249438,8.66666624305327,240,2.8626564017031342e-05,308502528
n8_lowrank0_d1_stack_nonlinear_T32_s9401101,8,lowrank,lowrank,0,1,stack_nonlinear,32,9401101,80,8,640,online_svd_factor,True,704,704,5632,0,0.007162300054915249,0.0078125,0.00022190781055542175,7.751814378540084,7.818677665364903,,2.8626564017031342e-05,308502528
n8_lowrank0_d1_stack_nonlinear_T32_s9401101,8,lowrank,lowrank,0,1,stack_nonlinear,32,9401101,80,8,640,online_kronecker_sum,True,2432,2448,19584,128,0.005369600025005639,0.0078125,0.00016515000243089162,5.769117185444813,5.861688489110806,,2.8626564017031342e-05,308502528
n8_lowrank0_d1_stack_nonlinear_T32_s9401102,8,lowrank,lowrank,0,1,stack_nonlinear,32,9401102,80,8,640,BPTT,True,2505,2505,20040,0,0.0035051500308327377,0.0078125,6.795624904043507e-05,2.546518957790161,4.104631256070753,,2.6685938792070374e-05,308502528
n8_lowrank0_d1_stack_nonlinear_T32_s9401102,8,lowrank,lowrank,0,1,stack_nonlinear,32,9401102,80,8,640,RTRL,True,640,640,5120,0,0.0033377999789081514,0.0,0.00010270781604049262,3.8487615834227973,3.9086595436497795,10880,2.6685938792070374e-05,308502528
n8_lowrank0_d1_stack_nonlinear_T32_s9401102,8,lowrank,lowrank,0,1,stack_nonlinear,32,9401102,80,8,640,packed_exact,True,80,168,1344,704,0.008455450064502656,0.0078125,0.0002557234383857576,9.582703474600821,9.90157462979057,240,2.6685938792070374e-05,308502528
n8_lowrank0_d1_stack_nonlinear_T32_s9401102,8,lowrank,lowrank,0,1,stack_nonlinear,32,9401102,80,8,640,SnAp1,True,80,168,1344,704,0.008413649979047477,0.0078125,0.0002544078142818762,9.533403200245386,9.852625530392107,240,2.6685938792070374e-05,308502528
n8_lowrank0_d1_stack_nonlinear_T32_s9401102,8,lowrank,lowrank,0,1,stack_nonlinear,32,9401102,80,8,640,SnAp2,True,80,168,1344,704,0.008593800012022257,0.015625,0.000261371871602023,9.794366750166146,10.063586387880648,240,2.6685938792070374e-05,308502528
n8_lowrank0_d1_stack_nonlinear_T32_s9401102,8,lowrank,lowrank,0,1,stack_nonlinear,32,9401102,80,8,640,local_block,True,80,168,1344,704,0.00902664999011904,0.0078125,0.0002726875009102514,10.218396401001995,10.570466131588365,240,2.6685938792070374e-05,308502528
n8_lowrank0_d1_stack_nonlinear_T32_s9401102,8,lowrank,lowrank,0,1,stack_nonlinear,32,9401102,80,8,640,online_svd_factor,True,704,704,5632,0,0.006350450043100864,0.0078125,0.00019647344015538692,7.362433140773307,7.436559207947787,,2.6685938792070374e-05,308502528
n8_lowrank0_d1_stack_nonlinear_T32_s9401102,8,lowrank,lowrank,0,1,stack_nonlinear,32,9401102,80,8,640,online_kronecker_sum,True,2432,2448,19584,128,0.005945749988313764,0.0,0.00018142187764169648,6.798407170730876,6.962643832114923,,2.6685938792070374e-05,308502528
n8_lowrank0_d1_stack_nonlinear_T32_s9401103,8,lowrank,lowrank,0,1,stack_nonlinear,32,9401103,80,8,640,BPTT,True,2505,2505,20040,0,0.0038844000082463026,0.0,8.043437446758617e-05,2.9825028984110387,4.501042915368826,,2.6968749807565473e-05,308502528
n8_lowrank0_d1_stack_nonlinear_T32_s9401103,8,lowrank,lowrank,0,1,stack_nonlinear,32,9401103,80,8,640,RTRL,True,640,640,5120,0,0.003655250067822635,0.0078125,0.0001124296886700904,4.168887674524341,4.235515751917194,10880,2.6968749807565473e-05,308502528
n8_lowrank0_d1_stack_nonlinear_T32_s9401103,8,lowrank,lowrank,0,1,stack_nonlinear,32,9401103,80,8,640,packed_exact,True,80,168,1344,704,0.009190599957946688,0.0078125,0.00027830312501464505,10.319467049843498,10.64959446526753,240,2.6968749807565473e-05,308502528
n8_lowrank0_d1_stack_nonlinear_T32_s9401103,8,lowrank,lowrank,0,1,stack_nonlinear,32,9401103,80,8,640,SnAp1,True,80,168,1344,704,0.008941849984694272,0.0078125,0.0002716765629884321,10.073754435299014,10.361355792002914,240,2.6968749807565473e-05,308502528
n8_lowrank0_d1_stack_nonlinear_T32_s9401103,8,lowrank,lowrank,0,1,stack_nonlinear,32,9401103,80,8,640,SnAp2,True,80,168,1344,704,0.00862675003008917,0.0078125,0.0002614421864564065,9.694264225146425,9.99623417340096,240,2.6968749807565473e-05,308502528
n8_lowrank0_d1_stack_nonlinear_T32_s9401103,8,lowrank,lowrank,0,1,stack_nonlinear,32,9401103,80,8,640,local_block,True,80,168,1344,704,0.008208699990063906,0.0078125,0.000248310938331997,9.207358149851611,9.511819291583759,240,2.6968749807565473e-05,308502528
n8_lowrank0_d1_stack_nonlinear_T32_s9401103,8,lowrank,lowrank,0,1,stack_nonlinear,32,9401103,80,8,640,online_svd_factor,True,704,704,5632,0,0.005861799989361316,0.0078125,0.00018145624926546589,6.72838936028701,6.792352295698697,,2.6968749807565473e-05,308502528
n8_lowrank0_d1_stack_nonlinear_T32_s9401103,8,lowrank,lowrank,0,1,stack_nonlinear,32,9401103,80,8,640,online_kronecker_sum,True,2432,2448,19584,128,0.00505605002399534,0.0078125,0.00015568749768135604,5.772885239110395,5.85869068374577,,2.6968749807565473e-05,308502528
n8_lowrank0_d1_stack_nonlinear_T32_s9401104,8,lowrank,lowrank,0,1,stack_nonlinear,32,9401104,80,8,640,BPTT,True,2505,2505,20040,0,0.003980749985203147,0.0,7.366718637058511e-05,2.834375372021284,4.786281160292787,,2.599062463559676e-05,308502528
n8_lowrank0_d1_stack_nonlinear_T32_s9401104,8,lowrank,lowrank,0,1,stack_nonlinear,32,9401104,80,8,640,RTRL,True,640,640,5120,0,0.003251850022934377,0.0078125,0.00010007656419475097,3.850487073622929,3.909883453802034,10880,2.599062463559676e-05,308502528
n8_lowrank0_d1_stack_nonlinear_T32_s9401104,8,lowrank,lowrank,0,1,stack_nonlinear,32,9401104,80,8,640,packed_exact,True,80,168,1344,704,0.008469499996863306,0.0078125,0.0002568031250120839,9.880606126732573,10.183359523398437,240,2.599062463559676e-05,308502528
n8_lowrank0_d1_stack_nonlinear_T32_s9401104,8,lowrank,lowrank,0,1,stack_nonlinear,32,9401104,80,8,640,SnAp1,True,80,168,1344,704,0.008306600037030876,0.0078125,0.0002523328112147283,9.708608960060669,9.987495675717327,240,2.599062463559676e-05,308502528
n8_lowrank0_d1_stack_nonlinear_T32_s9401104,8,lowrank,lowrank,0,1,stack_nonlinear,32,9401104,80,8,640,SnAp2,True,80,168,1344,704,0.008000249916221946,0.0078125,0.00024128437507897615,9.283515823952651,9.619153575075112,240,2.599062463559676e-05,308502528
n8_lowrank0_d1_stack_nonlinear_T32_s9401104,8,lowrank,lowrank,0,1,stack_nonlinear,32,9401104,80,8,640,local_block,True,80,168,1344,704,0.0077459500171244144,0.0078125,0.00023488437727792189,9.037273269539826,9.313394403904063,240,2.599062463559676e-05,308502528
n8_lowrank0_d1_stack_nonlinear_T32_s9401104,8,lowrank,lowrank,0,1,stack_nonlinear,32,9401104,80,8,640,online_svd_factor,True,704,704,5632,0,0.0055342999985441566,0.0078125,0.0001714140616968507,6.59522670578998,6.654202327928543,,2.599062463559676e-05,308502528
n8_lowrank0_d1_stack_nonlinear_T32_s9401104,8,lowrank,lowrank,0,1,stack_nonlinear,32,9401104,80,8,640,online_kronecker_sum,True,2432,2448,19584,128,0.005212299933191389,0.0,0.00016042656352510676,6.172478182974738,6.267043412613657,,2.599062463559676e-05,308502528
n8_lowrank0_d1_stack_nonlinear_T128_s9401100,8,lowrank,lowrank,0,1,stack_nonlinear,128,9401100,80,8,640,BPTT,True,10185,10185,81480,0,0.013126100006047636,0.015625,6.699062487314222e-05,2.574667096727625,3.941239196007389,,2.6019140477728797e-05,308502528
n8_lowrank0_d1_stack_nonlinear_T128_s9401100,8,lowrank,lowrank,0,1,stack_nonlinear,128,9401100,80,8,640,RTRL,True,640,640,5120,0,0.0115083500277251,0.015625,8.876913989297464e-05,3.4116860996602476,3.455494030195208,10880,2.6019140477728797e-05,308502528
n8_lowrank0_d1_stack_nonlinear_T128_s9401100,8,lowrank,lowrank,0,1,stack_nonlinear,128,9401100,80,8,640,packed_exact,True,80,168,1344,704,0.030288200010545552,0.03125,0.0002339140619369573,8.990076445345192,9.09432664714381,240,2.6019140477728797e-05,308502528
n8_lowrank0_d1_stack_nonlinear_T128_s9401100,8,lowrank,lowrank,0,1,stack_nonlinear,128,9401100,80,8,640,SnAp1,True,80,168,1344,704,0.02847380004823208,0.0234375,0.00021998984357196605,8.45492354984852,8.549535410949549,240,2.6019140477728797e-05,308502528
n8_lowrank0_d1_stack_nonlinear_T128_s9401100,8,lowrank,lowrank,0,1,stack_nonlinear,128,9401100,80,8,640,SnAp2,True,80,168,1344,704,0.029523400065954775,0.03125,0.000228133592827362,8.767914259990025,8.864688025059818,240,2.6019140477728797e-05,308502528
n8_lowrank0_d1_stack_nonlinear_T128_s9401100,8,lowrank,lowrank,0,1,stack_nonlinear,128,9401100,80,8,640,local_block,True,80,168,1344,704,0.029553550004493445,0.03125,0.0002282460927744978,8.772237998017886,8.873740837355252,240,2.6019140477728797e-05,308502528
n8_lowrank0_d1_stack_nonlinear_T128_s9401100,8,lowrank,lowrank,0,1,stack_nonlinear,128,9401100,80,8,640,online_svd_factor,True,704,704,5632,0,0.02251984999747947,0.0234375,0.00017476211041866918,6.7166750019378085,6.76180399794151,,2.6019140477728797e-05,308502528
n8_lowrank0_d1_stack_nonlinear_T128_s9401101,8,lowrank,lowrank,0,1,stack_nonlinear,128,9401101,80,8,640,BPTT,True,10185,10185,81480,0,0.015857649967074394,0.015625,8.34792972455034e-05,2.9496763513933133,4.377482711277838,,2.8301171823841287e-05,308502528
n8_lowrank0_d1_stack_nonlinear_T128_s9401101,8,lowrank,lowrank,0,1,stack_nonlinear,128,9401101,80,8,640,RTRL,True,640,640,5120,0,0.012610799982212484,0.015625,9.717968896438833e-05,3.433769088053197,3.4811941877982195,10880,2.8301171823841287e-05,308502528
n8_lowrank0_d1_stack_nonlinear_T128_s9401101,8,lowrank,lowrank,0,1,stack_nonlinear,128,9401101,80,8,640,packed_exact,True,80,168,1344,704,0.030950550048146397,0.03125,0.00023891445107437903,8.441857198051224,8.543857256378592,240,2.8301171823841287e-05,308502528
n8_lowrank0_d1_stack_nonlinear_T128_s9401101,8,lowrank,lowrank,0,1,stack_nonlinear,128,9401101,80,8,640,SnAp1,True,80,168,1344,704,0.0295138000510633,0.0234375,0.000228038281420595,8.057556161985225,8.147244373276841,240,2.8301171823841287e-05,308502528
n8_lowrank0_d1_stack_nonlinear_T128_s9401101,8,lowrank,lowrank,0,1,stack_nonlinear,128,9401101,80,8,640,SnAp2,True,80,168,1344,704,0.030608250002842396,0.03125,0.00023560468707728432,8.324909249121896,8.449365794308294,240,2.8301171823841287e-05,308502528
n8_lowrank0_d1_stack_nonlinear_T128_s9401101,8,lowrank,lowrank,0,1,stack_nonlinear,128,9401101,80,8,640,local_block,True,80,168,1344,704,0.03154534997884184,0.03125,0.00024381992125199758,8.615188189720131,8.708050968479359,240,2.8301171823841287e-05,308502528
n8_lowrank0_d1_stack_nonlinear_T128_s9401101,8,lowrank,lowrank,0,1,stack_nonlinear,128,9401101,80,8,640,online_svd_factor,True,704,704,5632,0,0.025432099937461317,0.0234375,0.00019740976404136745,6.975321208257067,7.0204966069298536,,2.8301171823841287e-05,308502528
n8_lowrank0_d1_stack_nonlinear_T128_s9401102,8,lowrank,lowrank,0,1,stack_nonlinear,128,9401102,80,8,640,BPTT,True,10185,10185,81480,0,0.014400850050151348,0.0078125,7.074453105815337e-05,2.6708253294833018,4.24747442761009,,2.648789131853846e-05,308502528
n8_lowrank0_d1_stack_nonlinear_T128_s9401102,8,lowrank,lowrank,0,1,stack_nonlinear,128,9401102,80,8,640,RTRL,True,640,640,5120,0,0.012469499954022467,0.0078125,9.59679668994795e-05,3.6230882158714173,3.6778302666403353,10880,2.648789131853846e-05,308502528
n8_lowrank0_d1_stack_nonlinear_T128_s9401102,8,lowrank,lowrank,0,1,stack_nonlinear,128,9401102,80,8,640,packed_exact,True,80,168,1344,704,0.03023734997259453,0.03125,0.0002334695304853085,8.814198445532991,8.918388172921926,240,2.648789131853846e-05,308502528
n8_lowrank0_d1_stack_nonlinear_T128_s9401102,8,lowrank,lowrank,0,1,stack_nonlinear,128,9401102,80,8,640,SnAp1,True,80,168,1344,704,0.030218500061891973,0.03125,0.0002334558585062041,8.813682285943692,8.912828465446811,240,2.648789131853846e-05,308502528
n8_lowrank0_d1_stack_nonlinear_T128_s9401102,8,lowrank,lowrank,0,1,stack_nonlinear,128,9401102,80,8,640,SnAp2,True,80,168,1344,704,0.03453084995271638,0.0390625,0.00026699374939198606,10.079841622013955,10.18473920824295,240,2.648789131853846e-05,308502528
n8_lowrank0_d1_stack_nonlinear_T128_s9401102,8,lowrank,lowrank,0,1,stack_nonlinear,128,9401102,80,8,640,local_block,True,80,168,1344,704,0.0317130500334315,0.03125,0.0002449289054311521,9.246825369588034,9.353640137173981,240,2.648789131853846e-05,308502528
n8_lowrank0_d1_stack_nonlinear_T128_s9401102,8,lowrank,lowrank,0,1,stack_nonlinear,128,9401102,80,8,640,online_svd_factor,True,704,704,5632,0,0.02306879998650402,0.0234375,0.0001789222665138368,6.754870154145186,6.804052377262134,,2.648789131853846e-05,308502528
n8_lowrank0_d1_stack_nonlinear_T128_s9401103,8,lowrank,lowrank,0,1,stack_nonlinear,128,9401103,80,8,640,BPTT,True,10185,10185,81480,0,0.01325590000487864,0.015625,6.715585959682357e-05,2.9012926725282573,4.474112276698486,,2.3146875264501432e-05,308502528
n8_lowrank0_d1_stack_nonlinear_T128_s9401103,8,lowrank,lowrank,0,1,stack_nonlinear,128,9401103,80,8,640,RTRL,True,640,640,5120,0,0.012336949992459267,0.015625,9.503867113380693e-05,4.105896370364961,4.163949592103357,10880,2.3146875264501432e-05,308502528
n8_lowrank0_d1_stack_nonlinear_T128_s9401103,8,lowrank,lowrank,0,1,stack_nonlinear,128,9401103,80,8,640,packed_exact,True,80,168,1344,704,0.029229499981738627,0.0234375,0.0002255902345495997,9.746034053052938,9.865498733539386,240,2.3146875264501432e-05,308502528
n8_lowrank0_d1_stack_nonlinear_T128_s9401103,8,lowrank,lowrank,0,1,stack_nonlinear,128,9401103,80,8,640,SnAp1,True,80,168,1344,704,0.029384950059466064,0.03125,0.0002271214821121248,9.812187585442404,9.91796601987363,240,2.3146875264501432e-05,308502528
n8_lowrank0_d1_stack_nonlinear_T128_s9401103,8,lowrank,lowrank,0,1,stack_nonlinear,128,9401103,80,8,640,SnAp2,True,80,168,1344,704,0.029761050012893975,0.03125,0.00023002656143944478,9.937693913796593,10.044906734444368,240,2.3146875264501432e-05,308502528
n8_lowrank0_d1_stack_nonlinear_T128_s9401103,8,lowrank,lowrank,0,1,stack_nonlinear,128,9401103,80,8,640,local_block,True,80,168,1344,704,0.030011900002136827,0.03125,0.00023195507765194634,10.021010395631148,10.12957326150538,240,2.3146875264501432e-05,308502528
n8_lowrank0_d1_stack_nonlinear_T128_s9401103,8,lowrank,lowrank,0,1,stack_nonlinear,128,9401103,80,8,640,online_svd_factor,True,704,704,5632,0,0.022799499973189086,0.0234375,0.00017688593652565032,7.641892674685407,7.6952543920133465,,2.3146875264501432e-05,308502528
n8_lowrank0_d1_stack_nonlinear_T128_s9401104,8,lowrank,lowrank,0,1,stack_nonlinear,128,9401104,80,8,640,BPTT,True,10185,10185,81480,0,0.013035600015427917,0.015625,6.315273412837996e-05,2.5303793847290255,4.080510873987684,,2.4957812456705142e-05,308502528
n8_lowrank0_d1_stack_nonlinear_T128_s9401104,8,lowrank,lowrank,0,1,stack_nonlinear,128,9401104,80,8,640,RTRL,True,640,640,5120,0,0.011791899974923581,0.015625,9.09191403479781e-05,3.6429130359761097,3.691197644581245,10880,2.4957812456705142e-05,308502528
n8_lowrank0_d1_stack_nonlinear_T128_s9401104,8,lowrank,lowrank,0,1,stack_nonlinear,128,9401104,80,8,640,packed_exact,True,80,168,1344,704,0.028606750071048737,0.0234375,0.00022081523502492928,8.84753963946088,8.954720503560223,240,2.4957812456705142e-05,308502528
n8_lowrank0_d1_stack_nonlinear_T128_s9401104,8,lowrank,lowrank,0,1,stack_nonlinear,128,9401104,80,8,640,SnAp1,True,80,168,1344,704,0.029882650007493794,0.0234375,0.00023027187626212253,9.226444691880754,9.354113209582382,240,2.4957812456705142e-05,308502528
n8_lowrank0_d1_stack_nonlinear_T128_s9401104,8,lowrank,lowrank,0,1,stack_nonlinear,128,9401104,80,8,640,SnAp2,True,80,168,1344,704,0.031952149991411716,0.0390625,0.00024678046929693664,9.887904628061136,10.001925138308334,240,2.4957812456705142e-05,308502528
n8_lowrank0_d1_stack_nonlinear_T128_s9401104,8,lowrank,lowrank,0,1,stack_nonlinear,128,9401104,80,8,640,local_block,True,80,168,1344,704,0.03276314999675378,0.03125,0.0002531082018322195,10.141441773845035,10.255791039125,240,2.4957812456705142e-05,308502528
n8_lowrank0_d1_stack_nonlinear_T128_s9401104,8,lowrank,lowrank,0,1,stack_nonlinear,128,9401104,80,8,640,online_svd_factor,True,704,704,5632,0,0.02518749999580905,0.015625,0.0001954406252480112,7.830839565248208,7.8843986851256345,,2.4957812456705142e-05,308502528
n8_lowrank0_d2_stack_nonlinear_T32_s9401100,8,lowrank,lowrank,0,2,stack_nonlinear,32,9401100,160,16,2560,BPTT,True,5257,5257,42056,0,0.007742200046777725,0.0078125,0.00015365000035671983,3.018849281726712,4.753607020000175,,5.089687692816369e-05,308502528
n8_lowrank0_d2_stack_nonlinear_T32_s9401100,8,lowrank,lowrank,0,2,stack_nonlinear,32,9401100,160,16,2560,RTRL,True,2560,2560,20480,0,0.008942249929532409,0.0078125,0.0002773343767330516,5.448946840578919,5.4904215575407385,84480,5.089687692816369e-05,308502528
n8_lowrank0_d2_stack_nonlinear_T32_s9401100,8,lowrank,lowrank,0,2,stack_nonlinear,32,9401100,160,16,2560,packed_exact,True,800,1040,8320,1920,0.018502699967939407,0.0234375,0.0005609843810816528,11.021980422756217,11.360409692999363,13920,5.089687692816369e-05,308502528
n8_lowrank0_d2_stack_nonlinear_T32_s9401100,8,lowrank,lowrank,0,2,stack_nonlinear,32,9401100,160,16,2560,SnAp1,True,800,1040,8320,1920,0.017774349951650947,0.015625,0.0005415984342107549,10.64109365639805,10.913212548837858,13920,5.089687692816369e-05,308502528
n8_lowrank0_d2_stack_nonlinear_T32_s9401100,8,lowrank,lowrank,0,2,stack_nonlinear,32,9401100,160,16,2560,SnAp2,True,800,1040,8320,1920,0.017107299994677305,0.0234375,0.0005210765593801625,10.23788866487063,10.503652819174139,13920,5.089687692816369e-05,308502528
n8_lowrank0_d2_stack_nonlinear_T32_s9401100,8,lowrank,lowrank,0,2,stack_nonlinear,32,9401100,160,16,2560,local_block,False,160,336,2688,1408,0.018139249994419515,0.015625,0.0005550703099288512,10.905783290245537,11.137256282456569,480,5.089687692816369e-05,308502528
n8_lowrank0_d2_stack_nonlinear_T32_s9401101,8,lowrank,lowrank,0,2,stack_nonlinear,32,9401101,160,16,2560,BPTT,True,5257,5257,42056,0,0.007771799981128424,0.0078125,0.00016136562408064492,2.992234942398298,4.503563646485055,,5.3928126362734474e-05,308502528
n8_lowrank0_d2_stack_nonlinear_T32_s9401101,8,lowrank,lowrank,0,2,stack_nonlinear,32,9401101,160,16,2560,RTRL,True,2560,2560,20480,0,0.007228249975014478,0.0,0.00022401562091545202,4.153966325636185,4.1885900170136905,84480,5.3928126362734474e-05,308502528
n8_lowrank0_d2_stack_nonlinear_T32_s9401101,8,lowrank,lowrank,0,2,stack_nonlinear,32,9401101,160,16,2560,packed_exact,True,800,1040,8320,1920,0.017435049987398088,0.015625,0.0005298265623423504,9.824679588877247,10.10317526037193,13920,5.3928126362734474e-05,308502528
n8_lowrank0_d2_stack_nonlinear_T32_s9401101,8,lowrank,lowrank,0,2,stack_nonlinear,32,9401101,160,16,2560,SnAp1,True,800,1040,8320,1920,0.017786950047593564,0.0234375,0.0005427390606200788,10.064118619094534,10.307092541071444,13920,5.3928126362734474e-05,308502528
n8_lowrank0_d2_stack_nonlinear_T32_s9401101,8,lowrank,lowrank,0,2,stack_nonlinear,32,9401101,160,16,2560,SnAp2,True,800,1040,8320,1920,0.01812954997876659,0.015625,0.0005532453087653266,10.258938073317365,10.505620629682277,13920,5.3928126362734474e-05,308502528
n8_lowrank0_d2_stack_nonlinear_T32_s9401101,8,lowrank,lowrank,0,2,stack_nonlinear,32,9401101,160,16,2560,local_block,False,160,336,2688,1408,0.016440899984445423,0.015625,0.0005007406234653899,9.285333224768083,9.52709020628893,480,5.3928126362734474e-05,308502528
n8_lowrank0_d2_stack_nonlinear_T32_s9401102,8,lowrank,lowrank,0,2,stack_nonlinear,32,9401102,160,16,2560,BPTT,True,5257,5257,42056,0,0.006808399979490787,0.0078125,0.0001372359365632292,2.8562925412801143,4.428227439563414,,4.804687705473043e-05,308502528
n8_lowrank0_d2_stack_nonlinear_T32_s9401102,8,lowrank,lowrank,0,2,stack_nonlinear,32,9401102,160,16,2560,RTRL,True,2560,2560,20480,0,0.006960000027902424,0.0078125,0.00021545624622376636,4.484292412560739,4.526829092850207,84480,4.804687705473043e-05,308502528
n8_lowrank0_d2_stack_nonlinear_T32_s9401102,8,lowrank,lowrank,0,2,stack_nonlinear,32,9401102,160,16,2560,packed_exact,True,800,1040,8320,1920,0.017183299991302192,0.015625,0.0005241796861810144,10.909755603551897,11.176129597695166,13920,4.804687705473043e-05,308502528
n8_lowrank0_d2_stack_nonlinear_T32_s9401102,8,lowrank,lowrank,0,2,stack_nonlinear,32,9401102,160,16,2560,SnAp1,True,800,1040,8320,1920,0.017114399990532547,0.0234375,0.0005227515648584813,10.880032104126402,11.131316590980937,13920,4.804687705473043e-05,308502528
n8_lowrank0_d2_stack_nonlinear_T32_s9401102,8,lowrank,lowrank,0,2,stack_nonlinear,32,9401102,160,16,2560,SnAp2,True,800,1040,8320,1920,0.0175597999477759,0.015625,0.0005366265613702126,11.168812506980187,11.421007607693634,13920,4.804687705473043e-05,308502528
n8_lowrank0_d2_stack_nonlinear_T32_s9401102,8,lowrank,lowrank,0,2,stack_nonlinear,32,9401102,160,16,2560,local_block,False,160,336,2688,1408,0.01679209992289543,0.015625,0.0005132687510922551,10.682666232554265,10.921690539693838,480,4.804687705473043e-05,308502528
n8_lowrank0_d2_stack_nonlinear_T32_s9401103,8,lowrank,lowrank,0,2,stack_nonlinear,32,9401103,160,16,2560,BPTT,True,5257,5257,42056,0,0.007256600016262382,0.0,0.00015380312652268913,3.0162096789987003,4.447127413085268,,5.0992186515941285e-05,308502528
n8_lowrank0_d2_stack_nonlinear_T32_s9401103,8,lowrank,lowrank,0,2,stack_nonlinear,32,9401103,160,16,2560,RTRL,True,2560,2560,20480,0,0.007271600072272122,0.0078125,0.00022542969054484274,4.42086731217867,4.456320032236004,84480,5.0992186515941285e-05,308502528
n8_lowrank0_d2_stack_nonlinear_T32_s9401103,8,lowrank,lowrank,0,2,stack_nonlinear,32,9401103,160,16,2560,packed_exact,True,800,1040,8320,1920,0.0185442499932833,0.015625,0.0005656171870214166,11.09223247064709,11.364639406253666,13920,5.0992186515941285e-05,308502528
n8_lowrank0_d2_stack_nonlinear_T32_s9401103,8,lowrank,lowrank,0,2,stack_nonlinear,32,9401103,160,16,2560,SnAp1,True,800,1040,8320,1920,0.01761115004774183,0.0234375,0.0005370234393922146,10.531484842767611,10.79279937956536,13920,5.0992186515941285e-05,308502528
n8_lowrank0_d2_stack_nonlinear_T32_s9401103,8,lowrank,lowrank,0,2,stack_nonlinear,32,9401103,160,16,2560,SnAp2,True,800,1040,8320,1920,0.017505049996543676,0.015625,0.0005341359355952591,10.474858445779264,10.727777131521421,13920,5.0992186515941285e-05,308502528
n8_lowrank0_d2_stack_nonlinear_T32_s9401103,8,lowrank,lowrank,0,2,stack_nonlinear,32,9401103,160,16,2560,local_block,False,160,336,2688,1408,0.015427199949044734,0.015625,0.0004691734375228407,9.20088879452476,9.45438961039517,480,5.0992186515941285e-05,308502528
n8_lowrank0_d2_stack_nonlinear_T32_s9401104,8,lowrank,lowrank,0,2,stack_nonlinear,32,9401104,160,16,2560,BPTT,True,5257,5257,42056,0,0.0068374500260688365,0.0078125,0.00013688437502423767,2.932025902886967,4.576759715676833,,4.6685936467838474e-05,308502528
n8_lowrank0_d2_stack_nonlinear_T32_s9401104,8,lowrank,lowrank,0,2,stack_nonlinear,32,9401104,160,16,2560,RTRL,True,2560,2560,20480,0,0.008047049981541932,0.0078125,0.0002496312499715714,5.347033150840621,5.386425355233498,84480,4.6685936467838474e-05,308502528
n8_lowrank0_d2_stack_nonlinear_T32_s9401104,8,lowrank,lowrank,0,2,stack_nonlinear,32,9401104,160,16,2560,packed_exact,True,800,1040,8320,1920,0.01836430002003908,0.015625,0.00055925312153704,11.979049020946693,12.292446484854494,13920,4.6685936467838474e-05,308502528
n8_lowrank0_d2_stack_nonlinear_T32_s9401104,8,lowrank,lowrank,0,2,stack_nonlinear,32,9401104,160,16,2560,SnAp1,True,800,1040,8320,1920,0.01714735000859946,0.015625,0.0005228234385867836,11.198735168286749,11.477860964358692,13920,4.6685936467838474e-05,308502528
n8_lowrank0_d2_stack_nonlinear_T32_s9401104,8,lowrank,lowrank,0,2,stack_nonlinear,32,9401104,160,16,2560,SnAp2,True,800,1040,8320,1920,0.01706649991683662,0.015625,0.0005191359359741909,11.11974987010958,11.423742624688472,13920,4.6685936467838474e-05,308502528
n8_lowrank0_d2_stack_nonlinear_T32_s9401104,8,lowrank,lowrank,0,2,stack_nonlinear,32,9401104,160,16,2560,local_block,False,160,336,2688,1408,0.01758800004608929,0.015625,0.0005377531215344789,11.518524896784113,11.77281731981369,480,4.6685936467838474e-05,308502528
n8_lowrank0_d2_stack_nonlinear_T128_s9401100,8,lowrank,lowrank,0,2,stack_nonlinear,128,9401100,160,16,2560,BPTT,True,21385,21385,171080,0,0.031013500003609806,0.03125,0.00016005078077796497,3.308382980408205,5.008397524098421,,4.837734377360903e-05,308502528
n8_lowrank0_d2_stack_nonlinear_T128_s9401100,8,lowrank,lowrank,0,2,stack_nonlinear,128,9401100,160,16,2560,RTRL,True,2560,2560,20480,0,0.02889764995779842,0.03125,0.00022433788944908883,4.637251075605156,4.666707030295018,84480,4.837734377360903e-05,308502528
n8_lowrank0_d2_stack_nonlinear_T128_s9401100,8,lowrank,lowrank,0,2,stack_nonlinear,128,9401100,160,16,2560,packed_exact,True,800,1040,8320,1920,0.07013309997273609,0.0703125,0.0005435984362520685,11.23663256081071,11.325856295481461,13920,4.837734377360903e-05,308502528
n8_lowrank0_d2_stack_nonlinear_T128_s9401100,8,lowrank,lowrank,0,2,stack_nonlinear,128,9401100,160,16,2560,SnAp1,True,800,1040,8320,1920,0.08582839998416603,0.0859375,0.0006619132800551597,13.682298952846784,13.860504165218126,13920,4.837734377360903e-05,308502528
n8_lowrank0_d2_stack_nonlinear_T128_s9401100,8,lowrank,lowrank,0,2,stack_nonlinear,128,9401100,160,16,2560,SnAp2,True,800,1040,8320,1920,0.06859139999141917,0.0703125,0.000531385156136821,10.984173885683738,11.076885803004588,13920,4.837734377360903e-05,308502528
n8_lowrank0_d2_stack_nonlinear_T128_s9401100,8,lowrank,lowrank,0,2,stack_nonlinear,128,9401100,160,16,2560,local_block,False,160,336,2688,1408,0.06386415002634749,0.0625,0.0004948925788994529,10.229841911440959,10.313478028386967,480,4.837734377360903e-05,308502528
n8_lowrank0_d2_stack_nonlinear_T128_s9401101,8,lowrank,lowrank,0,2,stack_nonlinear,128,9401101,160,16,2560,BPTT,True,21385,21385,171080,0,0.029476349998731166,0.03125,0.00014633906221206416,2.9855594530443,4.698175019118118,,4.9015624881576514e-05,308502528
n8_lowrank0_d2_stack_nonlinear_T128_s9401101,8,lowrank,lowrank,0,2,stack_nonlinear,128,9401101,160,16,2560,RTRL,True,2560,2560,20480,0,0.028053749992977828,0.0234375,0.00021779375083497143,4.443353550243802,4.471429719597814,84480,4.9015624881576514e-05,308502528
n8_lowrank0_d2_stack_nonlinear_T128_s9401101,8,lowrank,lowrank,0,2,stack_nonlinear,128,9401101,160,16,2560,packed_exact,True,800,1040,8320,1920,0.06922890001442283,0.0703125,0.0005362910137591825,10.941225681706204,11.0342524994712,13920,4.9015624881576514e-05,308502528
n8_lowrank0_d2_stack_nonlinear_T128_s9401101,8,lowrank,lowrank,0,2,stack_nonlinear,128,9401101,160,16,2560,SnAp1,True,800,1040,8320,1920,0.07086989999515936,0.0703125,0.0005492839827638818,11.20630378763856,11.295808123427406,13920,4.9015624881576514e-05,308502528
n8_lowrank0_d2_stack_nonlinear_T128_s9401101,8,lowrank,lowrank,0,2,stack_nonlinear,128,9401101,160,16,2560,SnAp2,True,800,1040,8320,1920,0.06935539998812601,0.0703125,0.000537289452040568,10.961595477741605,11.054415071037793,13920,4.9015624881576514e-05,308502528
n8_lowrank0_d2_stack_nonlinear_T128_s9401101,8,lowrank,lowrank,0,2,stack_nonlinear,128,9401101,160,16,2560,local_block,False,160,336,2688,1408,0.06651309999870136,0.0703125,0.0005157164050615393,10.521469558075172,10.601386700573697,480,4.9015624881576514e-05,308502528
n8_lowrank0_d2_stack_nonlinear_T128_s9401102,8,lowrank,lowrank,0,2,stack_nonlinear,128,9401102,160,16,2560,BPTT,True,21385,21385,171080,0,0.02856080001220107,0.0234375,0.00014467304754361976,2.844460680370644,4.387051204314519,,5.0861327963502845e-05,308502528
n8_lowrank0_d2_stack_nonlinear_T128_s9401102,8,lowrank,lowrank,0,2,stack_nonlinear,128,9401102,160,16,2560,RTRL,True,2560,2560,20480,0,0.0279374000383541,0.0234375,0.00021695077975891763,4.265535101926507,4.291294516656377,84480,5.0861327963502845e-05,308502528
n8_lowrank0_d2_stack_nonlinear_T128_s9401102,8,lowrank,lowrank,0,2,stack_nonlinear,128,9401102,160,16,2560,packed_exact,True,800,1040,8320,1920,0.06416509993141517,0.0625,0.000497169140544429,9.774993309281825,9.8560116946592,13920,5.0861327963502845e-05,308502528
n8_lowrank0_d2_stack_nonlinear_T128_s9401102,8,lowrank,lowrank,0,2,stack_nonlinear,128,9401102,160,16,2560,SnAp1,True,800,1040,8320,1920,0.07341250003082678,0.0703125,0.0005679972664438537,11.167566581262648,11.27644871762673,13920,5.0861327963502845e-05,308502528
n8_lowrank0_d2_stack_nonlinear_T128_s9401102,8,lowrank,lowrank,0,2,stack_nonlinear,128,9401102,160,16,2560,SnAp2,True,800,1040,8320,1920,0.06826425000326708,0.0625,0.0005289441387503757,10.399731189282678,10.485657266621523,13920,5.0861327963502845e-05,308502528
n8_lowrank0_d2_stack_nonlinear_T128_s9401102,8,lowrank,lowrank,0,2,stack_nonlinear,128,9401102,160,16,2560,local_block,False,160,336,2688,1408,0.07024630001978949,0.0703125,0.000544622263078054,10.707983548303435,10.790107944063388,480,5.0861327963502845e-05,308502528
n8_lowrank0_d2_stack_nonlinear_T128_s9401103,8,lowrank,lowrank,0,2,stack_nonlinear,128,9401103,160,16,2560,BPTT,True,21385,21385,171080,0,0.03016635001404211,0.03125,0.00015269921868821257,3.094380536435321,4.77583926614916,,4.93472657581151e-05,308502528
n8_lowrank0_d2_stack_nonlinear_T128_s9401103,8,lowrank,lowrank,0,2,stack_nonlinear,128,9401103,160,16,2560,RTRL,True,2560,2560,20480,0,0.028081200027372688,0.0234375,0.00021801679667987628,4.418011683737992,4.445725043596192,84480,4.93472657581151e-05,308502528
n8_lowrank0_d2_stack_nonlinear_T128_s9401103,8,lowrank,lowrank,0,2,stack_nonlinear,128,9401103,160,16,2560,packed_exact,True,800,1040,8320,1920,0.06651914998656139,0.0703125,0.0005155335938979988,10.447054886991786,10.531097342197727,13920,4.93472657581151e-05,308502528
n8_lowrank0_d2_stack_nonlinear_T128_s9401103,8,lowrank,lowrank,0,2,stack_nonlinear,128,9401103,160,16,2560,SnAp1,True,800,1040,8320,1920,0.0670207500224933,0.0703125,0.0005192441421968397,10.5222474684213,10.610509042532383,13920,4.93472657581151e-05,308502528
n8_lowrank0_d2_stack_nonlinear_T128_s9401103,8,lowrank,lowrank,0,2,stack_nonlinear,128,9401103,160,16,2560,SnAp2,True,800,1040,8320,1920,0.06618899997556582,0.0625,0.0005130898443894694,10.397533409540372,10.478829056989266,13920,4.93472657581151e-05,308502528
n8_lowrank0_d2_stack_nonlinear_T128_s9401103,8,lowrank,lowrank,0,2,stack_nonlinear,128,9401103,160,16,2560,local_block,False,160,336,2688,1408,0.06218865001574159,0.0625,0.00048218984420600464,9.771358894929433,9.84550655003786,480,4.93472657581151e-05,308502528
n8_lowrank0_d2_stack_nonlinear_T128_s9401104,8,lowrank,lowrank,0,2,stack_nonlinear,128,9401104,160,16,2560,BPTT,True,21385,21385,171080,0,0.02733494993299246,0.03125,0.00013987695319883642,3.033461783841883,4.631276146233066,,4.611132862919476e-05,308502528
n8_lowrank0_d2_stack_nonlinear_T128_s9401104,8,lowrank,lowrank,0,2,stack_nonlinear,128,9401104,160,16,2560,RTRL,True,2560,2560,20480,0,0.026658449962269515,0.0234375,0.00020689335997303715,4.48682278571443,4.516658845487437,84480,4.611132862919476e-05,308502528
n8_lowrank0_d2_stack_nonlinear_T128_s9401104,8,lowrank,lowrank,0,2,stack_nonlinear,128,9401104,160,16,2560,packed_exact,True,800,1040,8320,1920,0.06700939999427646,0.0625,0.0005190953124838416,11.257435600222186,11.353195690046352,13920,4.611132862919476e-05,308502528
n8_lowrank0_d2_stack_nonlinear_T128_s9401104,8,lowrank,lowrank,0,2,stack_nonlinear,128,9401104,160,16,2560,SnAp1,True,800,1040,8320,1920,0.06817954999860376,0.0703125,0.0005279214833535661,11.448845631815516,11.551450591403043,13920,4.611132862919476e-05,308502528
n8_lowrank0_d2_stack_nonlinear_T128_s9401104,8,lowrank,lowrank,0,2,stack_nonlinear,128,9401104,160,16,2560,SnAp2,True,800,1040,8320,1920,0.06868535000830889,0.0703125,0.0005322718743627775,11.543191015879268,11.637146724941026,13920,4.611132862919476e-05,308502528
n8_lowrank0_d2_stack_nonlinear_T128_s9401104,8,lowrank,lowrank,0,2,stack_nonlinear,128,9401104,160,16,2560,local_block,False,160,336,2688,1408,0.07072529994184151,0.0703125,0.000547827734862949,11.880545435337973,11.982769142023871,480,4.611132862919476e-05,308502528
n8_lowrank0_d3_stack_nonlinear_T32_s9401100,8,lowrank,lowrank,0,3,stack_nonlinear,32,9401100,240,24,5760,BPTT,True,8009,8009,64072,0,0.011925099941436201,0.015625,0.00024022031357162632,2.4273489861461774,3.765603075745154,,9.896406118059531e-05,308502528
n8_lowrank0_d3_stack_nonlinear_T32_s9401100,8,lowrank,lowrank,0,3,stack_nonlinear,32,9401100,240,24,5760,RTRL,True,5760,5760,46080,0,0.011537000013049692,0.015625,0.0003586249968066113,3.6237902176646912,3.6430522970342207,282240,9.896406118059531e-05,308502528
n8_lowrank0_d3_stack_nonlinear_T32_s9401100,8,lowrank,lowrank,0,3,stack_nonlinear,32,9401100,240,24,5760,packed_exact,True,2160,2616,20928,3648,0.03046684997389093,0.03125,0.0009291093792853644,9.388351369189186,9.620553666918182,61520,9.896406118059531e-05,308502528
n8_lowrank0_d3_stack_nonlinear_T32_s9401100,8,lowrank,lowrank,0,3,stack_nonlinear,32,9401100,240,24,5760,SnAp1,True,2160,2616,20928,3648,0.031164150044787675,0.03125,0.0009520296880509704,9.619953715456885,9.840740944557876,61520,9.896406118059531e-05,308502528
n8_lowrank0_d3_stack_nonlinear_T32_s9401100,8,lowrank,lowrank,0,3,stack_nonlinear,32,9401100,240,24,5760,SnAp2,True,2160,2616,20928,3648,0.029955499980133027,0.03125,0.0009097593738260912,9.1928257892116,9.459084067608046,61520,9.896406118059531e-05,308502528
n8_lowrank0_d3_stack_nonlinear_T32_s9401100,8,lowrank,lowrank,0,3,stack_nonlinear,32,9401100,240,24,5760,local_block,False,240,504,4032,2112,0.02920464996714145,0.03125,0.0008923375007725554,9.016783366884738,9.221987260685701,720,9.896406118059531e-05,308502528
n8_lowrank0_d3_stack_nonlinear_T32_s9401100,8,lowrank,lowrank,0,3,stack_nonlinear,32,9401100,240,24,5760,online_svd_factor,True,6336,6336,50688,0,0.023475299996789545,0.0234375,0.0007314406211662572,7.390972161414054,7.412823565930182,,9.896406118059531e-05,308502528
n8_lowrank0_d3_stack_nonlinear_T32_s9401101,8,lowrank,lowrank,0,3,stack_nonlinear,32,9401101,240,24,5760,BPTT,True,8009,8009,64072,0,0.011496649996843189,0.015625,0.00022858906231704168,2.1182815659869845,3.32927425421014,,0.0001079125013347948,308502528
n8_lowrank0_d3_stack_nonlinear_T32_s9401101,8,lowrank,lowrank,0,3,stack_nonlinear,32,9401101,240,24,5760,RTRL,True,5760,5760,46080,0,0.011410499981138855,0.0078125,0.00035468281203066,3.2867629574285266,3.304326375535657,282240,0.0001079125013347948,308502528
n8_lowrank0_d3_stack_nonlinear_T32_s9401101,8,lowrank,lowrank,0,3,stack_nonlinear,32,9401101,240,24,5760,packed_exact,True,2160,2616,20928,3648,0.030070999986492097,0.03125,0.0009186671850329731,8.513074700982418,8.708154643384951,61520,0.0001079125013347948,308502528
n8_lowrank0_d3_stack_nonlinear_T32_s9401101,8,lowrank,lowrank,0,3,stack_nonlinear,32,9401101,240,24,5760,SnAp1,True,2160,2616,20928,3648,0.029412650037556887,0.03125,0.0008979937483672984,8.321498781510995,8.517505407663903,61520,0.0001079125013347948,308502528
n8_lowrank0_d3_stack_nonlinear_T32_s9401101,8,lowrank,lowrank,0,3,stack_nonlinear,32,9401101,240,24,5760,SnAp2,True,2160,2616,20928,3648,0.028981250012293458,0.03125,0.0008856718741299119,8.207314844664248,8.392577798510843,61520,0.0001079125013347948,308502528
n8_lowrank0_d3_stack_nonlinear_T32_s9401101,8,lowrank,lowrank,0,3,stack_nonlinear,32,9401101,240,24,5760,local_block,False,240,504,4032,2112,0.02547265001339838,0.0234375,0.0007775171852699714,7.205070549312459,7.376534720931673,720,0.0001079125013347948,308502528
n8_lowrank0_d3_stack_nonlinear_T32_s9401101,8,lowrank,lowrank,0,3,stack_nonlinear,32,9401101,240,24,5760,online_svd_factor,True,6336,6336,50688,0,0.020478249993175268,0.0234375,0.0006381234397849767,5.913341196727716,5.930224064599512,,0.0001079125013347948,308502528
n8_lowrank0_d3_stack_nonlinear_T32_s9401102,8,lowrank,lowrank,0,3,stack_nonlinear,32,9401102,240,24,5760,BPTT,True,8009,8009,64072,0,0.010450350004248321,0.0078125,0.00021431718596431892,3.1968256271513984,4.871276794130493,,6.704062434437219e-05,308502528
n8_lowrank0_d3_stack_nonlinear_T32_s9401102,8,lowrank,lowrank,0,3,stack_nonlinear,32,9401102,240,24,5760,RTRL,True,5760,5760,46080,0,0.011134649976156652,0.015625,0.000346187496688799,5.163846549377491,5.19025315109711,282240,6.704062434437219e-05,308502528
n8_lowrank0_d3_stack_nonlinear_T32_s9401102,8,lowrank,lowrank,0,3,stack_nonlinear,32,9401102,240,24,5760,packed_exact,True,2160,2616,20928,3648,0.02724775002570823,0.015625,0.0008315968771057669,12.404372501575253,12.70113750625984,61520,6.704062434437219e-05,308502528
n8_lowrank0_d3_stack_nonlinear_T32_s9401102,8,lowrank,lowrank,0,3,stack_nonlinear,32,9401102,240,24,5760,SnAp1,True,2160,2616,20928,3648,0.026959000038914382,0.03125,0.0008229093728004955,12.274786830346333,12.56654095117771,61520,6.704062434437219e-05,308502528
n8_lowrank0_d3_stack_nonlinear_T32_s9401102,8,lowrank,lowrank,0,3,stack_nonlinear,32,9401102,240,24,5760,SnAp2,True,2160,2616,20928,3648,0.027739849989302456,0.03125,0.0008480312517349375,12.649513038225853,12.930522659108743,61520,6.704062434437219e-05,308502528
n8_lowrank0_d3_stack_nonlinear_T32_s9401102,8,lowrank,lowrank,0,3,stack_nonlinear,32,9401102,240,24,5760,local_block,False,240,504,4032,2112,0.027325799979735166,0.0234375,0.0008362656299141236,12.474013153851615,12.737519343201168,720,6.704062434437219e-05,308502528
n8_lowrank0_d3_stack_nonlinear_T32_s9401102,8,lowrank,lowrank,0,3,stack_nonlinear,32,9401102,240,24,5760,online_svd_factor,True,6336,6336,50688,0,0.021610299998428673,0.0234375,0.0006734187536494574,10.04493559293632,10.073323176137556,,6.704062434437219e-05,308502528
n8_lowrank0_d3_stack_nonlinear_T32_s9401103,8,lowrank,lowrank,0,3,stack_nonlinear,32,9401103,240,24,5760,BPTT,True,8009,8009,64072,0,0.01080305001232773,0.0078125,0.0002191156254411908,2.9129243499644604,4.487993977413657,,7.522187297581695e-05,308502528
n8_lowrank0_d3_stack_nonlinear_T32_s9401103,8,lowrank,lowrank,0,3,stack_nonlinear,32,9401103,240,24,5760,RTRL,True,5760,5760,46080,0,0.011179400025866926,0.015625,0.00034751718885672744,4.619895452064197,4.644343951933447,282240,7.522187297581695e-05,308502528
n8_lowrank0_d3_stack_nonlinear_T32_s9401103,8,lowrank,lowrank,0,3,stack_nonlinear,32,9401103,240,24,5760,packed_exact,True,2160,2616,20928,3648,0.028004699910525233,0.03125,0.000855562497235951,11.37385262277377,11.634207413118578,61520,7.522187297581695e-05,308502528
n8_lowrank0_d3_stack_nonlinear_T32_s9401103,8,lowrank,lowrank,0,3,stack_nonlinear,32,9401103,240,24,5760,SnAp1,True,2160,2616,20928,3648,0.03073429997311905,0.03125,0.0009377093756484101,12.465913683774849,12.7681861161413,61520,7.522187297581695e-05,308502528
n8_lowrank0_d3_stack_nonlinear_T32_s9401103,8,lowrank,lowrank,0,3,stack_nonlinear,32,9401103,240,24,5760,SnAp2,True,2160,2616,20928,3648,0.029004399955738336,0.0234375,0.0008842703155096387,11.75549451944546,12.049520475357177,61520,7.522187297581695e-05,308502528
n8_lowrank0_d3_stack_nonlinear_T32_s9401103,8,lowrank,lowrank,0,3,stack_nonlinear,32,9401103,240,24,5760,local_block,False,240,504,4032,2112,0.026788600021973252,0.0234375,0.0008180843742593424,10.875618246335717,11.128993703145323,720,7.522187297581695e-05,308502528
n8_lowrank0_d3_stack_nonlinear_T32_s9401103,8,lowrank,lowrank,0,3,stack_nonlinear,32,9401103,240,24,5760,online_svd_factor,True,6336,6336,50688,0,0.023147599946241826,0.0234375,0.0007200437466963194,9.572265595245229,9.616385097890484,,7.522187297581695e-05,308502528
n8_lowrank0_d3_stack_nonlinear_T32_s9401104,8,lowrank,lowrank,0,3,stack_nonlinear,32,9401104,240,24,5760,BPTT,True,8009,8009,64072,0,0.011338900018017739,0.0078125,0.00023374218835670035,3.213572264628778,4.8716032588988165,,7.273593655554578e-05,308502528
n8_lowrank0_d3_stack_nonlinear_T32_s9401104,8,lowrank,lowrank,0,3,stack_nonlinear,32,9401104,240,24,5760,RTRL,True,5760,5760,46080,0,0.011817499995231628,0.0078125,0.00036717343573400285,5.048033381045502,5.077227191114393,282240,7.273593655554578e-05,308502528
n8_lowrank0_d3_stack_nonlinear_T32_s9401104,8,lowrank,lowrank,0,3,stack_nonlinear,32,9401104,240,24,5760,packed_exact,True,2160,2616,20928,3648,0.027690700022503734,0.03125,0.0008448609441984445,11.615454261089427,11.896930412691084,61520,7.273593655554578e-05,308502528
n8_lowrank0_d3_stack_nonlinear_T32_s9401104,8,lowrank,lowrank,0,3,stack_nonlinear,32,9401104,240,24,5760,SnAp1,True,2160,2616,20928,3648,0.02700230001937598,0.0234375,0.0008246109373430954,11.337049832490576,11.601168769733286,61520,7.273593655554578e-05,308502528
n8_lowrank0_d3_stack_nonlinear_T32_s9401104,8,lowrank,lowrank,0,3,stack_nonlinear,32,9401104,240,24,5760,SnAp2,True,2160,2616,20928,3648,0.028903249942231923,0.03125,0.000879876561157289,12.096861645348573,12.417885896127652,61520,7.273593655554578e-05,308502528
n8_lowrank0_d3_stack_nonlinear_T32_s9401104,8,lowrank,lowrank,0,3,stack_nonlinear,32,9401104,240,24,5760,local_block,False,240,504,4032,2112,0.0266355499625206,0.03125,0.0008150593712343834,11.205731442145552,11.443599625518331,720,7.273593655554578e-05,308502528
n8_lowrank0_d3_stack_nonlinear_T32_s9401104,8,lowrank,lowrank,0,3,stack_nonlinear,32,9401104,240,24,5760,online_svd_factor,True,6336,6336,50688,0,0.02168330003041774,0.0234375,0.0006755749982403358,9.288049762367793,9.315933196695607,,7.273593655554578e-05,308502528
n8_lowrank0_d3_stack_nonlinear_T128_s9401100,8,lowrank,lowrank,0,3,stack_nonlinear,128,9401100,240,24,5760,BPTT,True,32585,32585,260680,0,0.04183309996733442,0.0390625,0.00021281835915942793,2.871860947523561,4.41026206076302,,7.410468788293656e-05,308502528
n8_lowrank0_d3_stack_nonlinear_T128_s9401100,8,lowrank,lowrank,0,3,stack_nonlinear,128,9401100,240,24,5760,RTRL,True,5760,5760,46080,0,0.04476800007978454,0.046875,0.0003483570299067651,4.700877095077519,4.719674431067277,282240,7.410468788293656e-05,308502528
n8_lowrank0_d3_stack_nonlinear_T128_s9401100,8,lowrank,lowrank,0,3,stack_nonlinear,128,9401100,240,24,5760,packed_exact,True,2160,2616,20928,3648,0.10862464999081567,0.109375,0.0008421765628554567,11.364686727860537,11.451773191378006,61520,7.410468788293656e-05,308502528
n8_lowrank0_d3_stack_nonlinear_T128_s9401100,8,lowrank,lowrank,0,3,stack_nonlinear,128,9401100,240,24,5760,SnAp1,True,2160,2616,20928,3648,0.11138689995277673,0.109375,0.0008641105473543575,11.660673191409915,11.742983888627158,61520,7.410468788293656e-05,308502528
n8_lowrank0_d3_stack_nonlinear_T128_s9401100,8,lowrank,lowrank,0,3,stack_nonlinear,128,9401100,240,24,5760,SnAp2,True,2160,2616,20928,3648,0.1071834999602288,0.1015625,0.0008311855458487116,11.216369295849924,11.299839691141884,61520,7.410468788293656e-05,308502528
n8_lowrank0_d3_stack_nonlinear_T128_s9401100,8,lowrank,lowrank,0,3,stack_nonlinear,128,9401100,240,24,5760,local_block,False,240,504,4032,2112,0.09804685006383806,0.1015625,0.0007604816410093918,10.262260900561747,10.336606738480212,720,7.410468788293656e-05,308502528
n8_lowrank0_d3_stack_nonlinear_T128_s9401100,8,lowrank,lowrank,0,3,stack_nonlinear,128,9401100,240,24,5760,online_svd_factor,True,6336,6336,50688,0,0.07947279996005818,0.078125,0.0006195484370437043,8.360448640204885,8.378434177723856,,7.410468788293656e-05,308502528
n8_lowrank0_d3_stack_nonlinear_T128_s9401101,8,lowrank,lowrank,0,3,stack_nonlinear,128,9401101,240,24,5760,BPTT,True,32585,32585,260680,0,0.04427524993661791,0.0390625,0.00022720273409504443,3.291712414716576,5.011403639048436,,6.902265613462077e-05,308502528
n8_lowrank0_d3_stack_nonlinear_T128_s9401101,8,lowrank,lowrank,0,3,stack_nonlinear,128,9401101,240,24,5760,RTRL,True,5760,5760,46080,0,0.042390800022985786,0.0390625,0.0003298597662251268,4.779007136175304,4.798107516083581,282240,6.902265613462077e-05,308502528
n8_lowrank0_d3_stack_nonlinear_T128_s9401101,8,lowrank,lowrank,0,3,stack_nonlinear,128,9401101,240,24,5760,packed_exact,True,2160,2616,20928,3648,0.10243680002167821,0.1015625,0.0007944156227495114,11.509490756195978,11.59456249566073,61520,6.902265613462077e-05,308502528
n8_lowrank0_d3_stack_nonlinear_T128_s9401101,8,lowrank,lowrank,0,3,stack_nonlinear,128,9401101,240,24,5760,SnAp1,True,2160,2616,20928,3648,0.10210954997455701,0.1015625,0.0007915640621831699,11.468177356711903,11.55752188991893,61520,6.902265613462077e-05,308502528
n8_lowrank0_d3_stack_nonlinear_T128_s9401101,8,lowrank,lowrank,0,3,stack_nonlinear,128,9401101,240,24,5760,SnAp2,True,2160,2616,20928,3648,0.10068194998893887,0.1015625,0.0007811378900441923,11.317123011329388,11.39593545566336,61520,6.902265613462077e-05,308502528
n8_lowrank0_d3_stack_nonlinear_T128_s9401101,8,lowrank,lowrank,0,3,stack_nonlinear,128,9401101,240,24,5760,local_block,False,240,504,4032,2112,0.09829019999597222,0.09375,0.0007626296883245232,11.048976249727357,11.125219318868972,720,6.902265613462077e-05,308502528
n8_lowrank0_d3_stack_nonlinear_T128_s9401101,8,lowrank,lowrank,0,3,stack_nonlinear,128,9401101,240,24,5760,online_svd_factor,True,6336,6336,50688,0,0.08535965002374724,0.078125,0.0006654835942754289,9.641523979857853,9.661643048187937,,6.902265613462077e-05,308502528
n8_lowrank0_d3_stack_nonlinear_T128_s9401102,8,lowrank,lowrank,0,3,stack_nonlinear,128,9401102,240,24,5760,BPTT,True,32585,32585,260680,0,0.04701769998064265,0.046875,0.0002335917970412993,3.2068545834070887,5.042815628118641,,7.284140610863687e-05,308502528
n8_lowrank0_d3_stack_nonlinear_T128_s9401102,8,lowrank,lowrank,0,3,stack_nonlinear,128,9401102,240,24,5760,RTRL,True,5760,5760,46080,0,0.04711315000895411,0.046875,0.0003663835937004478,5.029880850378111,5.05305298329917,282240,7.284140610863687e-05,308502528
n8_lowrank0_d3_stack_nonlinear_T128_s9401102,8,lowrank,lowrank,0,3,stack_nonlinear,128,9401102,240,24,5760,packed_exact,True,2160,2616,20928,3648,0.10942340001929551,0.1015625,0.0008485980461045983,11.649940486307818,11.73604901827099,61520,7.284140610863687e-05,308502528
n8_lowrank0_d3_stack_nonlinear_T128_s9401102,8,lowrank,lowrank,0,3,stack_nonlinear,128,9401102,240,24,5760,SnAp1,True,2160,2616,20928,3648,0.10568759997840971,0.1015625,0.0008194082042791706,11.249209042685031,11.335371170620821,61520,7.284140610863687e-05,308502528
n8_lowrank0_d3_stack_nonlinear_T128_s9401102,8,lowrank,lowrank,0,3,stack_nonlinear,128,9401102,240,24,5760,SnAp2,True,2160,2616,20928,3648,0.10267809993820265,0.1015625,0.0007965378913468157,10.935234970050496,11.012591582469382,61520,7.284140610863687e-05,308502528
n8_lowrank0_d3_stack_nonlinear_T128_s9401102,8,lowrank,lowrank,0,3,stack_nonlinear,128,9401102,240,24,5760,local_block,False,240,504,4032,2112,0.09918139997171238,0.1015625,0.0007698449198869639,10.568781700051266,10.637558068598675,720,7.284140610863687e-05,308502528
n8_lowrank0_d3_stack_nonlinear_T128_s9401102,8,lowrank,lowrank,0,3,stack_nonlinear,128,9401102,240,24,5760,online_svd_factor,True,6336,6336,50688,0,0.0806107500102371,0.0703125,0.0006284121086537198,8.62712764930012,8.645789779452167,,7.284140610863687e-05,308502528
n8_lowrank0_d3_stack_nonlinear_T128_s9401103,8,lowrank,lowrank,0,3,stack_nonlinear,128,9401103,240,24,5760,BPTT,True,32585,32585,260680,0,0.045325149956624955,0.03125,0.00023707773425485357,3.287110840461483,4.909676310791682,,7.212343780338415e-05,308502528
n8_lowrank0_d3_stack_nonlinear_T128_s9401103,8,lowrank,lowrank,0,3,stack_nonlinear,128,9401103,240,24,5760,RTRL,True,5760,5760,46080,0,0.04410664999159053,0.0390625,0.00034318281404921436,4.75827032794479,4.777686887287181,282240,7.212343780338415e-05,308502528
n8_lowrank0_d3_stack_nonlinear_T128_s9401103,8,lowrank,lowrank,0,3,stack_nonlinear,128,9401103,240,24,5760,packed_exact,True,2160,2616,20928,3648,0.11626495001837611,0.1171875,0.0009023855463965447,12.511682386196561,12.593963206450809,61520,7.212343780338415e-05,308502528
n8_lowrank0_d3_stack_nonlinear_T128_s9401103,8,lowrank,lowrank,0,3,stack_nonlinear,128,9401103,240,24,5760,SnAp1,True,2160,2616,20928,3648,0.10230004996992648,0.109375,0.0007934273430691974,11.000964003298918,11.081267958535248,61520,7.212343780338415e-05,308502528
n8_lowrank0_d3_stack_nonlinear_T128_s9401103,8,lowrank,lowrank,0,3,stack_nonlinear,128,9401103,240,24,5760,SnAp2,True,2160,2616,20928,3648,0.0994256500271149,0.09375,0.0007710703102929983,10.690981098197435,10.769909401079438,61520,7.212343780338415e-05,308502528
n8_lowrank0_d3_stack_nonlinear_T128_s9401103,8,lowrank,lowrank,0,3,stack_nonlinear,128,9401103,240,24,5760,local_block,False,240,504,4032,2112,0.09927050000987947,0.09375,0.0007702812499701395,10.680040683446132,10.75310335929097,720,7.212343780338415e-05,308502528
n8_lowrank0_d3_stack_nonlinear_T128_s9401103,8,lowrank,lowrank,0,3,stack_nonlinear,128,9401103,240,24,5760,online_svd_factor,True,6336,6336,50688,0,0.0809799000271596,0.0859375,0.0006313089847935771,8.753173781241403,8.771842943577756,,7.212343780338415e-05,308502528
n8_lowrank0_d3_stack_nonlinear_T128_s9401104,8,lowrank,lowrank,0,3,stack_nonlinear,128,9401104,240,24,5760,BPTT,True,32585,32585,260680,0,0.07022565003717318,0.0703125,0.00023164609365267097,3.2000151056726165,7.579016381368844,,7.23890625522472e-05,308502528
n8_lowrank0_d3_stack_nonlinear_T128_s9401104,8,lowrank,lowrank,0,3,stack_nonlinear,128,9401104,240,24,5760,RTRL,True,5760,5760,46080,0,0.04361080005764961,0.046875,0.00033933515624084976,4.687657834993136,4.70664163117845,282240,7.23890625522472e-05,308502528
n8_lowrank0_d3_stack_nonlinear_T128_s9401104,8,lowrank,lowrank,0,3,stack_nonlinear,128,9401104,240,24,5760,packed_exact,True,2160,2616,20928,3648,0.10309879999840632,0.1015625,0.000799467968136014,11.044043671086273,11.12681041291569,61520,7.23890625522472e-05,308502528
n8_lowrank0_d3_stack_nonlinear_T128_s9401104,8,lowrank,lowrank,0,3,stack_nonlinear,128,9401104,240,24,5760,SnAp1,True,2160,2616,20928,3648,0.1004171499516815,0.1015625,0.0007788621119289019,10.759389394865474,10.837396649960594,61520,7.23890625522472e-05,308502528
n8_lowrank0_d3_stack_nonlinear_T128_s9401104,8,lowrank,lowrank,0,3,stack_nonlinear,128,9401104,240,24,5760,SnAp2,True,2160,2616,20928,3648,0.10182325000641868,0.1015625,0.0007891539084994292,10.901562759289128,10.989148258426384,61520,7.23890625522472e-05,308502528
n8_lowrank0_d3_stack_nonlinear_T128_s9401104,8,lowrank,lowrank,0,3,stack_nonlinear,128,9401104,240,24,5760,local_block,False,240,504,4032,2112,0.09771390003152192,0.09375,0.000758156251777109,10.473353639990926,10.54565174739325,720,7.23890625522472e-05,308502528
n8_lowrank0_d3_stack_nonlinear_T128_s9401104,8,lowrank,lowrank,0,3,stack_nonlinear,128,9401104,240,24,5760,online_svd_factor,True,6336,6336,50688,0,0.0912771500297822,0.09375,0.0007114960935723502,9.82877894100126,9.850973468443355,,7.23890625522472e-05,308502528
n8_lowrank1_d1_stack_nonlinear_T32_s9401100,8,lowrank,lowrank,1,1,stack_nonlinear,32,9401100,96,8,768,BPTT,True,2505,2505,20040,0,0.00563095003599301,0.0078125,0.00011088593782915268,2.1982778046932148,3.4884925237690756,,5.044218596594874e-05,308502528
n8_lowrank1_d1_stack_nonlinear_T32_s9401100,8,lowrank,lowrank,1,1,stack_nonlinear,32,9401100,96,8,768,RTRL,True,768,768,6144,0,0.005181249987799674,0.0078125,0.00016025624790927395,3.177028212406492,3.209893842190756,13056,5.044218596594874e-05,308502528
n8_lowrank1_d1_stack_nonlinear_T32_s9401100,8,lowrank,lowrank,1,1,stack_nonlinear,32,9401100,96,8,768,packed_exact,True,768,872,6976,832,0.006058450031559914,0.0078125,0.00018170312432630453,3.6022055913469764,3.753337803679904,13056,5.044218596594874e-05,308502528
n8_lowrank1_d1_stack_nonlinear_T32_s9401100,8,lowrank,lowrank,1,1,stack_nonlinear,32,9401100,96,8,768,SnAp1,False,152,264,2112,896,0.011761800036765635,0.0078125,0.0003583515699574491,7.104203814627626,7.286683638116851,1352,5.044218596594874e-05,308502528
n8_lowrank1_d1_stack_nonlinear_T32_s9401100,8,lowrank,lowrank,1,1,stack_nonlinear,32,9401100,96,8,768,SnAp2,True,768,872,6976,832,0.005914049979764968,0.0078125,0.00017752968960849103,3.5194685997219346,3.663878920560956,13056,5.044218596594874e-05,308502528
n8_lowrank1_d1_stack_nonlinear_T32_s9401100,8,lowrank,lowrank,1,1,stack_nonlinear,32,9401100,96,8,768,local_block,True,768,872,6976,832,0.006480249983724207,0.0078125,0.00019536406398401596,3.873029295675201,4.014651786266468,13056,5.044218596594874e-05,308502528
n8_lowrank1_d1_stack_nonlinear_T32_s9401100,8,lowrank,lowrank,1,1,stack_nonlinear,32,9401100,96,8,768,online_svd_factor,True,832,832,6656,0,0.009480000007897615,0.0078125,0.0002942890641861595,5.834185385717045,5.873060308028395,,5.044218596594874e-05,308502528
n8_lowrank1_d1_stack_nonlinear_T32_s9401100,8,lowrank,lowrank,1,1,stack_nonlinear,32,9401100,96,8,768,online_kronecker_sum,True,2560,2592,20736,256,0.007021950033959001,0.0078125,0.00021712500347348396,4.304432873310751,4.350246412979607,,5.044218596594874e-05,308502528
n8_lowrank1_d1_stack_nonlinear_T32_s9401101,8,lowrank,lowrank,1,1,stack_nonlinear,32,9401101,96,8,768,BPTT,True,2505,2505,20040,0,0.006019599968567491,0.0078125,0.0001204078125738306,2.9981324995043868,4.6839668025879595,,4.016093771497253e-05,308502528
n8_lowrank1_d1_stack_nonlinear_T32_s9401101,8,lowrank,lowrank,1,1,stack_nonlinear,32,9401101,96,8,768,RTRL,True,768,768,6144,0,0.005409900040831417,0.0,0.00016730781135265715,4.165933886804704,4.209547532874318,13056,4.016093771497253e-05,308502528
n8_lowrank1_d1_stack_nonlinear_T32_s9401101,8,lowrank,lowrank,1,1,stack_nonlinear,32,9401101,96,8,768,packed_exact,True,768,872,6976,832,0.006040499953087419,0.0078125,0.00018128906049241778,4.514064431937574,4.700229483526415,13056,4.016093771497253e-05,308502528
n8_lowrank1_d1_stack_nonlinear_T32_s9401101,8,lowrank,lowrank,1,1,stack_nonlinear,32,9401101,96,8,768,SnAp1,False,152,264,2112,896,0.011882100021466613,0.015625,0.0003606812533689663,8.980897207350303,9.245691131668975,1352,4.016093771497253e-05,308502528
n8_lowrank1_d1_stack_nonlinear_T32_s9401101,8,lowrank,lowrank,1,1,stack_nonlinear,32,9401101,96,8,768,SnAp2,True,768,872,6976,832,0.005873599962797016,0.0078125,0.00017648281027504709,4.394389681027093,4.570361382995718,13056,4.016093771497253e-05,308502528
n8_lowrank1_d1_stack_nonlinear_T32_s9401101,8,lowrank,lowrank,1,1,stack_nonlinear,32,9401101,96,8,768,local_block,True,768,872,6976,832,0.006032550008967519,0.0078125,0.00018148437811760232,4.51892780506324,4.694043478719703,13056,4.016093771497253e-05,308502528
n8_lowrank1_d1_stack_nonlinear_T32_s9401101,8,lowrank,lowrank,1,1,stack_nonlinear,32,9401101,96,8,768,online_svd_factor,True,832,832,6656,0,0.008904149988666177,0.0078125,0.0002764078108157264,6.882503909082728,6.92849079173968,,4.016093771497253e-05,308502528
n8_lowrank1_d1_stack_nonlinear_T32_s9401101,8,lowrank,lowrank,1,1,stack_nonlinear,32,9401101,96,8,768,online_kronecker_sum,True,2560,2592,20736,256,0.007887849991675466,0.0078125,0.0002441671858832706,6.07971824801894,6.137688168271071,,4.016093771497253e-05,308502528
n8_lowrank1_d1_stack_nonlinear_T32_s9401102,8,lowrank,lowrank,1,1,stack_nonlinear,32,9401102,96,8,768,BPTT,True,2505,2505,20040,0,0.005160050000995398,0.0078125,0.00010722968727350235,3.0654841986765877,4.609862525199831,,3.497969009913504e-05,308502528
n8_lowrank1_d1_stack_nonlinear_T32_s9401102,8,lowrank,lowrank,1,1,stack_nonlinear,32,9401102,96,8,768,RTRL,True,768,768,6144,0,0.004955299955327064,0.0078125,0.00015322499712056015,4.380398931102852,4.426943839842648,13056,3.497969009913504e-05,308502528
n8_lowrank1_d1_stack_nonlinear_T32_s9401102,8,lowrank,lowrank,1,1,stack_nonlinear,32,9401102,96,8,768,packed_exact,True,768,872,6976,832,0.006210300023667514,0.0,0.00018691874720389023,5.343636455158654,5.548130220410636,13056,3.497969009913504e-05,308502528
n8_lowrank1_d1_stack_nonlinear_T32_s9401102,8,lowrank,lowrank,1,1,stack_nonlinear,32,9401102,96,8,768,SnAp1,False,152,264,2112,896,0.010682850028388202,0.015625,0.0003258671858930029,9.31589688100355,9.543797055977528,1352,3.497969009913504e-05,308502528
n8_lowrank1_d1_stack_nonlinear_T32_s9401102,8,lowrank,lowrank,1,1,stack_nonlinear,32,9401102,96,8,768,SnAp2,True,768,872,6976,832,0.006100199942011386,0.0078125,0.00018395781626168173,5.258989308948467,5.449769499031944,13056,3.497969009913504e-05,308502528
n8_lowrank1_d1_stack_nonlinear_T32_s9401102,8,lowrank,lowrank,1,1,stack_nonlinear,32,9401102,96,8,768,local_block,True,768,872,6976,832,0.006118650024291128,0.0078125,0.00018426249698677566,5.267699526912962,5.466252351498844,13056,3.497969009913504e-05,308502528
n8_lowrank1_d1_stack_nonlinear_T32_s9401102,8,lowrank,lowrank,1,1,stack_nonlinear,32,9401102,96,8,768,online_svd_factor,True,832,832,6656,0,0.008389450027607381,0.0078125,0.00026052812791022006,7.447982734319944,7.494929561117337,,3.497969009913504e-05,308502528
n8_lowrank1_d1_stack_nonlinear_T32_s9401102,8,lowrank,lowrank,1,1,stack_nonlinear,32,9401102,96,8,768,online_kronecker_sum,True,2560,2592,20736,256,0.0075854999595321715,0.0078125,0.00023427655833074823,6.697502398300015,6.776700224146409,,3.497969009913504e-05,308502528
n8_lowrank1_d1_stack_nonlinear_T32_s9401103,8,lowrank,lowrank,1,1,stack_nonlinear,32,9401103,96,8,768,BPTT,True,2505,2505,20040,0,0.005854999995790422,0.0,0.00011690000064845663,3.1209743668739467,4.884865484266741,,3.745625144802034e-05,308502528
n8_lowrank1_d1_stack_nonlinear_T32_s9401103,8,lowrank,lowrank,1,1,stack_nonlinear,32,9401103,96,8,768,RTRL,True,768,768,6144,0,0.005910750012844801,0.0078125,0.00018267812265548855,4.87710637325785,4.931378094728229,13056,3.745625144802034e-05,308502528
n8_lowrank1_d1_stack_nonlinear_T32_s9401103,8,lowrank,lowrank,1,1,stack_nonlinear,32,9401103,96,8,768,packed_exact,True,768,872,6976,832,0.006761650030966848,0.0078125,0.0002018484337895643,5.388911756684411,5.641289645893859,13056,3.745625144802034e-05,308502528
n8_lowrank1_d1_stack_nonlinear_T32_s9401103,8,lowrank,lowrank,1,1,stack_nonlinear,32,9401103,96,8,768,SnAp1,False,152,264,2112,896,0.01174299995182082,0.0,0.000358090625013574,9.560236573873707,9.797263055104676,1352,3.745625144802034e-05,308502528
n8_lowrank1_d1_stack_nonlinear_T32_s9401103,8,lowrank,lowrank,1,1,stack_nonlinear,32,9401103,96,8,768,SnAp2,True,768,872,6976,832,0.005947049998212606,0.0078125,0.00017870625015348196,4.771066063604372,4.961663414238061,13056,3.745625144802034e-05,308502528
n8_lowrank1_d1_stack_nonlinear_T32_s9401103,8,lowrank,lowrank,1,1,stack_nonlinear,32,9401103,96,8,768,local_block,True,768,872,6976,832,0.00614624994341284,0.0078125,0.00018528281179897022,4.946645877153382,5.127857254968387,13056,3.745625144802034e-05,308502528
n8_lowrank1_d1_stack_nonlinear_T32_s9401103,8,lowrank,lowrank,1,1,stack_nonlinear,32,9401103,96,8,768,online_svd_factor,True,832,832,6656,0,0.008937499951571226,0.0078125,0.00027737031086871866,7.405180714723614,7.456615723391145,,3.745625144802034e-05,308502528
n8_lowrank1_d1_stack_nonlinear_T32_s9401103,8,lowrank,lowrank,1,1,stack_nonlinear,32,9401103,96,8,768,online_kronecker_sum,True,2560,2592,20736,256,0.006753549969289452,0.0078125,0.00020890780797344632,5.577381609138243,5.634531710499019,,3.745625144802034e-05,308502528
n8_lowrank1_d1_stack_nonlinear_T32_s9401104,8,lowrank,lowrank,1,1,stack_nonlinear,32,9401104,96,8,768,BPTT,True,2505,2505,20040,0,0.005147400021087378,0.0078125,0.00010532343731028959,2.567005507549772,3.9204842902052683,,4.102968887309544e-05,308502528
n8_lowrank1_d1_stack_nonlinear_T32_s9401104,8,lowrank,lowrank,1,1,stack_nonlinear,32,9401104,96,8,768,RTRL,True,768,768,6144,0,0.005098549998365343,0.0,0.00015770781101309694,3.843748645057636,3.8832779829679587,13056,4.102968887309544e-05,308502528
n8_lowrank1_d1_stack_nonlinear_T32_s9401104,8,lowrank,lowrank,1,1,stack_nonlinear,32,9401104,96,8,768,packed_exact,True,768,872,6976,832,0.00584865000564605,0.0078125,0.00017513281636638567,4.26844124770408,4.454586853966806,13056,4.102968887309544e-05,308502528
n8_lowrank1_d1_stack_nonlinear_T32_s9401104,8,lowrank,lowrank,1,1,stack_nonlinear,32,9401104,96,8,768,SnAp1,False,152,264,2112,896,0.01075619994662702,0.0078125,0.0003274828104622429,7.981605989632169,8.192390865349873,1352,4.102968887309544e-05,308502528
n8_lowrank1_d1_stack_nonlinear_T32_s9401104,8,lowrank,lowrank,1,1,stack_nonlinear,32,9401104,96,8,768,SnAp2,True,768,872,6976,832,0.006440149969421327,0.0078125,0.0001941765622177627,4.732586757319792,4.905099016638803,13056,4.102968887309544e-05,308502528
n8_lowrank1_d1_stack_nonlinear_T32_s9401104,8,lowrank,lowrank,1,1,stack_nonlinear,32,9401104,96,8,768,local_block,True,768,872,6976,832,0.006434050039388239,0.0,0.00019387500105949584,4.7252369292672425,4.900453043959761,13056,4.102968887309544e-05,308502528
n8_lowrank1_d1_stack_nonlinear_T32_s9401104,8,lowrank,lowrank,1,1,stack_nonlinear,32,9401104,96,8,768,online_svd_factor,True,832,832,6656,0,0.00812820001738146,0.0078125,0.0002524828087189235,6.15366130364408,6.190791534608276,,4.102968887309544e-05,308502528
n8_lowrank1_d1_stack_nonlinear_T32_s9401104,8,lowrank,lowrank,1,1,stack_nonlinear,32,9401104,96,8,768,online_kronecker_sum,True,2560,2592,20736,256,0.007244850043207407,0.0078125,0.00022407031610782724,5.461175121285352,5.51799367893064,,4.102968887309544e-05,308502528
n8_lowrank1_d1_stack_nonlinear_T128_s9401100,8,lowrank,lowrank,1,1,stack_nonlinear,128,9401100,96,8,768,BPTT,True,10185,10185,81480,0,0.020744800043758005,0.015625,0.00010721992202888941,3.041228120129355,4.596981900444609,,3.525546844684868e-05,308502528
n8_lowrank1_d1_stack_nonlinear_T128_s9401100,8,lowrank,lowrank,1,1,stack_nonlinear,128,9401100,96,8,768,RTRL,True,768,768,6144,0,0.018403199966996908,0.0234375,0.00014257109296522685,4.04394266325429,4.078090749493777,13056,3.525546844684868e-05,308502528
n8_lowrank1_d1_stack_nonlinear_T128_s9401100,8,lowrank,lowrank,1,1,stack_nonlinear,128,9401100,96,8,768,packed_exact,True,768,872,6976,832,0.021843050024472177,0.015625,0.00016813046977404156,4.768918899135205,4.840350613223588,13056,3.525546844684868e-05,308502528
n8_lowrank1_d1_stack_nonlinear_T128_s9401100,8,lowrank,lowrank,1,1,stack_nonlinear,128,9401100,96,8,768,SnAp1,False,152,264,2112,896,0.040624450077302754,0.0390625,0.0003144289053125249,8.918585375955491,9.00224930232906,1352,3.525546844684868e-05,308502528
n8_lowrank1_d1_stack_nonlinear_T128_s9401100,8,lowrank,lowrank,1,1,stack_nonlinear,128,9401100,96,8,768,SnAp2,True,768,872,6976,832,0.0238696500309743,0.015625,0.000183167187969957,5.195426299500197,5.289438747584005,13056,3.525546844684868e-05,308502528
n8_lowrank1_d1_stack_nonlinear_T128_s9401100,8,lowrank,lowrank,1,1,stack_nonlinear,128,9401100,96,8,768,local_block,True,768,872,6976,832,0.024608400010038167,0.0234375,0.00018936328115159995,5.371174728172594,5.453143400101602,13056,3.525546844684868e-05,308502528
n8_lowrank1_d1_stack_nonlinear_T128_s9401100,8,lowrank,lowrank,1,1,stack_nonlinear,128,9401100,96,8,768,online_svd_factor,True,832,832,6656,0,0.0330816000350751,0.0390625,0.0002568980457908765,7.286757405540569,7.330777654072721,,3.525546844684868e-05,308502528
n8_lowrank1_d1_stack_nonlinear_T128_s9401101,8,lowrank,lowrank,1,1,stack_nonlinear,128,9401101,96,8,768,BPTT,True,10185,10185,81480,0,0.020638500049244612,0.015625,0.00010517851524127764,2.7566341722162764,4.225910168099382,,3.815468744505779e-05,308502528
n8_lowrank1_d1_stack_nonlinear_T128_s9401101,8,lowrank,lowrank,1,1,stack_nonlinear,128,9401101,96,8,768,RTRL,True,768,768,6144,0,0.019890650000888854,0.0234375,0.00015415742336699623,4.040327249148109,4.072781446728185,13056,3.815468744505779e-05,308502528
n8_lowrank1_d1_stack_nonlinear_T128_s9401101,8,lowrank,lowrank,1,1,stack_nonlinear,128,9401101,96,8,768,packed_exact,True,768,872,6976,832,0.023730500019155443,0.0234375,0.00018264335903950268,4.786917971809009,4.859023721963846,13056,3.815468744505779e-05,308502528
n8_lowrank1_d1_stack_nonlinear_T128_s9401101,8,lowrank,lowrank,1,1,stack_nonlinear,128,9401101,96,8,768,SnAp1,False,152,264,2112,896,0.04309454996837303,0.0390625,0.0003336230461172818,8.743959614338193,8.823979284661242,1352,3.815468744505779e-05,308502528
n8_lowrank1_d1_stack_nonlinear_T128_s9401101,8,lowrank,lowrank,1,1,stack_nonlinear,128,9401101,96,8,768,SnAp2,True,768,872,6976,832,0.024433049955405295,0.0234375,0.00018794257721310714,4.925805708243366,5.0028768562571235,13056,3.815468744505779e-05,308502528
n8_lowrank1_d1_stack_nonlinear_T128_s9401101,8,lowrank,lowrank,1,1,stack_nonlinear,128,9401101,96,8,768,local_block,True,768,872,6976,832,0.023466799990274012,0.0234375,0.00018071562408294994,4.7363937745048466,4.805028875888831,13056,3.815468744505779e-05,308502528
n8_lowrank1_d1_stack_nonlinear_T128_s9401101,8,lowrank,lowrank,1,1,stack_nonlinear,128,9401101,96,8,768,online_svd_factor,True,832,832,6656,0,0.034554599958937615,0.0390625,0.0002684832029444806,7.036702982591395,7.0753511627617325,,3.815468744505779e-05,308502528
n8_lowrank1_d1_stack_nonlinear_T128_s9401102,8,lowrank,lowrank,1,1,stack_nonlinear,128,9401102,96,8,768,BPTT,True,10185,10185,81480,0,0.020881449978332967,0.0234375,0.0001047531254698697,2.9869459107801677,4.651693068835507,,3.5070312151219696e-05,308502528
n8_lowrank1_d1_stack_nonlinear_T128_s9401102,8,lowrank,lowrank,1,1,stack_nonlinear,128,9401102,96,8,768,RTRL,True,768,768,6144,0,0.021790499973576516,0.0234375,0.00016870703029780998,4.810536888590043,4.854199195875874,13056,3.5070312151219696e-05,308502528
n8_lowrank1_d1_stack_nonlinear_T128_s9401102,8,lowrank,lowrank,1,1,stack_nonlinear,128,9401102,96,8,768,packed_exact,True,768,872,6976,832,0.02334665000671521,0.0234375,0.00017957031286641723,5.120294113497705,5.200857705257667,13056,3.5070312151219696e-05,308502528
n8_lowrank1_d1_stack_nonlinear_T128_s9401102,8,lowrank,lowrank,1,1,stack_nonlinear,128,9401102,96,8,768,SnAp1,False,152,264,2112,896,0.0418801000341773,0.046875,0.0003241335944039747,9.242392625601475,9.329494419844536,1352,3.5070312151219696e-05,308502528
n8_lowrank1_d1_stack_nonlinear_T128_s9401102,8,lowrank,lowrank,1,1,stack_nonlinear,128,9401102,96,8,768,SnAp2,True,768,872,6976,832,0.022873900015838444,0.0234375,0.00017603984224479063,5.01962575883911,5.095544718940371,13056,3.5070312151219696e-05,308502528
n8_lowrank1_d1_stack_nonlinear_T128_s9401102,8,lowrank,lowrank,1,1,stack_nonlinear,128,9401102,96,8,768,local_block,True,768,872,6976,832,0.022265049978159368,0.0234375,0.0001714273439574754,4.8881043093742,4.959913165424177,13056,3.5070312151219696e-05,308502528
n8_lowrank1_d1_stack_nonlinear_T128_s9401102,8,lowrank,lowrank,1,1,stack_nonlinear,128,9401102,96,8,768,online_svd_factor,True,832,832,6656,0,0.030761050002183765,0.03125,0.00023914453049656004,6.819002051233323,6.852539609736626,,3.5070312151219696e-05,308502528
n8_lowrank1_d1_stack_nonlinear_T128_s9401103,8,lowrank,lowrank,1,1,stack_nonlinear,128,9401103,96,8,768,BPTT,True,10185,10185,81480,0,0.019962299964390695,0.0234375,0.00010075117188534932,3.2052467723027447,4.96148831411157,,3.143320282106288e-05,308502528
n8_lowrank1_d1_stack_nonlinear_T128_s9401103,8,lowrank,lowrank,1,1,stack_nonlinear,128,9401103,96,8,768,RTRL,True,768,768,6144,0,0.020256899995729327,0.015625,0.00015695742604293628,4.993364084991099,5.034709066000424,13056,3.143320282106288e-05,308502528
n8_lowrank1_d1_stack_nonlinear_T128_s9401103,8,lowrank,lowrank,1,1,stack_nonlinear,128,9401103,96,8,768,packed_exact,True,768,872,6976,832,0.024012450070586056,0.0234375,0.0001847035141508968,5.876064084285105,5.968124446127001,13056,3.143320282106288e-05,308502528
n8_lowrank1_d1_stack_nonlinear_T128_s9401103,8,lowrank,lowrank,1,1,stack_nonlinear,128,9401103,96,8,768,SnAp1,False,152,264,2112,896,0.049859800026752055,0.046875,0.00038568125000892906,12.269868018364654,12.392300266900671,1352,3.143320282106288e-05,308502528
n8_lowrank1_d1_stack_nonlinear_T128_s9401103,8,lowrank,lowrank,1,1,stack_nonlinear,128,9401103,96,8,768,SnAp2,True,768,872,6976,832,0.023784049961250275,0.0234375,0.00018302343642062624,5.822614941993287,5.911357216126814,13056,3.143320282106288e-05,308502528
n8_lowrank1_d1_stack_nonlinear_T128_s9401103,8,lowrank,lowrank,1,1,stack_nonlinear,128,9401103,96,8,768,local_block,True,768,872,6976,832,0.02259494998725131,0.0234375,0.00017402499906893354,5.536343211972094,5.615814836950553,13056,3.143320282106288e-05,308502528
n8_lowrank1_d1_stack_nonlinear_T128_s9401103,8,lowrank,lowrank,1,1,stack_nonlinear,128,9401103,96,8,768,online_svd_factor,True,832,832,6656,0,0.03242265002336353,0.03125,0.0002512093760742573,7.9918479037690044,8.058420096401823,,3.143320282106288e-05,308502528
n8_lowrank1_d1_stack_nonlinear_T128_s9401104,8,lowrank,lowrank,1,1,stack_nonlinear,128,9401104,96,8,768,BPTT,True,10185,10185,81480,0,0.02240844996413216,0.015625,0.00011655039043034776,3.55175812963655,5.334964052269738,,3.281484441686189e-05,308502528
n8_lowrank1_d1_stack_nonlinear_T128_s9401104,8,lowrank,lowrank,1,1,stack_nonlinear,128,9401104,96,8,768,RTRL,True,768,768,6144,0,0.02032094995956868,0.0234375,0.00015747421866763034,4.798871409145317,4.837975750924265,13056,3.281484441686189e-05,308502528
n8_lowrank1_d1_stack_nonlinear_T128_s9401104,8,lowrank,lowrank,1,1,stack_nonlinear,128,9401104,96,8,768,packed_exact,True,768,872,6976,832,0.023495899979025126,0.0234375,0.00018081718644680222,5.510225316012451,5.593862224494068,13056,3.281484441686189e-05,308502528
n8_lowrank1_d1_stack_nonlinear_T128_s9401104,8,lowrank,lowrank,1,1,stack_nonlinear,128,9401104,96,8,768,SnAp1,False,152,264,2112,896,0.04292415000963956,0.0390625,0.0003323335931781912,10.127538285917389,10.219305558492676,1352,3.281484441686189e-05,308502528
n8_lowrank1_d1_stack_nonlinear_T128_s9401104,8,lowrank,lowrank,1,1,stack_nonlinear,128,9401104,96,8,768,SnAp2,True,768,872,6976,832,0.022938999987673014,0.0234375,0.00017653984468779527,5.379877547037229,5.461276461564084,13056,3.281484441686189e-05,308502528
n8_lowrank1_d1_stack_nonlinear_T128_s9401104,8,lowrank,lowrank,1,1,stack_nonlinear,128,9401104,96,8,768,local_block,True,768,872,6976,832,0.024281400023028255,0.03125,0.00018705117145145778,5.70019985696905,5.780872682804244,13056,3.281484441686189e-05,308502528
n8_lowrank1_d1_stack_nonlinear_T128_s9401104,8,lowrank,lowrank,1,1,stack_nonlinear,128,9401104,96,8,768,online_svd_factor,True,832,832,6656,0,0.032287249981891364,0.03125,0.0002509609366825316,7.647786882499296,7.686891251994197,,3.281484441686189e-05,308502528
n8_lowrank1_d2_stack_nonlinear_T32_s9401100,8,lowrank,lowrank,1,2,stack_nonlinear,32,9401100,192,16,3072,BPTT,True,5257,5257,42056,0,0.010794700006954372,0.015625,0.00022225312386581209,3.003040153971221,4.5579952104702315,,7.400937465718016e-05,308502528
n8_lowrank1_d2_stack_nonlinear_T32_s9401100,8,lowrank,lowrank,1,2,stack_nonlinear,32,9401100,192,16,3072,RTRL,True,3072,3072,24576,0,0.011813499964773655,0.0078125,0.00036701405952044297,4.959021221574886,4.988177181731677,101376,7.400937465718016e-05,308502528
n8_lowrank1_d2_stack_nonlinear_T32_s9401100,8,lowrank,lowrank,1,2,stack_nonlinear,32,9401100,192,16,3072,packed_exact,True,2304,2520,20160,1728,0.014127900009043515,0.015625,0.0004272874975868035,5.7734239691396905,5.965418263938502,63744,7.400937465718016e-05,308502528
n8_lowrank1_d2_stack_nonlinear_T32_s9401100,8,lowrank,lowrank,1,2,stack_nonlinear,32,9401100,192,16,3072,SnAp1,False,1072,1368,10944,2368,0.02346529992064461,0.0234375,0.000716492191713769,9.681100469131678,9.908077536350357,20624,7.400937465718016e-05,308502528
n8_lowrank1_d2_stack_nonlinear_T32_s9401100,8,lowrank,lowrank,1,2,stack_nonlinear,32,9401100,192,16,3072,SnAp2,True,2304,2520,20160,1728,0.013145949982572347,0.0078125,0.00039828906301409006,5.3816028693528395,5.550795947922933,63744,7.400937465718016e-05,308502528
n8_lowrank1_d2_stack_nonlinear_T32_s9401100,8,lowrank,lowrank,1,2,stack_nonlinear,32,9401100,192,16,3072,local_block,False,1536,1744,13952,1664,0.012448999972548336,0.015625,0.0003773203134187497,5.09827728131119,5.256513123427572,26112,7.400937465718016e-05,308502528
n8_lowrank1_d2_stack_nonlinear_T32_s9401101,8,lowrank,lowrank,1,2,stack_nonlinear,32,9401101,192,16,3072,BPTT,True,5257,5257,42056,0,0.010181099933106452,0.015625,0.000206593751499895,2.8778513538184334,4.431960673594304,,7.178749910963234e-05,308502528
n8_lowrank1_d2_stack_nonlinear_T32_s9401101,8,lowrank,lowrank,1,2,stack_nonlinear,32,9401101,192,16,3072,RTRL,True,3072,3072,24576,0,0.011407250014599413,0.0078125,0.00035475311960908584,4.941711635159688,4.965719204284136,101376,7.178749910963234e-05,308502528
n8_lowrank1_d2_stack_nonlinear_T32_s9401101,8,lowrank,lowrank,1,2,stack_nonlinear,32,9401101,192,16,3072,packed_exact,True,2304,2520,20160,1728,0.013551149924751371,0.015625,0.0004109796882403316,5.724947843811806,5.898985762155619,63744,7.178749910963234e-05,308502528
n8_lowrank1_d2_stack_nonlinear_T32_s9401101,8,lowrank,lowrank,1,2,stack_nonlinear,32,9401101,192,16,3072,SnAp1,False,1072,1368,10944,2368,0.023487000027671456,0.0234375,0.0007192015600594459,10.018479108195379,10.22418610437775,20624,7.178749910963234e-05,308502528
n8_lowrank1_d2_stack_nonlinear_T32_s9401101,8,lowrank,lowrank,1,2,stack_nonlinear,32,9401101,192,16,3072,SnAp2,True,2304,2520,20160,1728,0.012941599998157471,0.015625,0.0003921281295333756,5.4623455949416195,5.6336410232760965,63744,7.178749910963234e-05,308502528
n8_lowrank1_d2_stack_nonlinear_T32_s9401101,8,lowrank,lowrank,1,2,stack_nonlinear,32,9401101,192,16,3072,local_block,False,1536,1744,13952,1664,0.013284799933899194,0.015625,0.0004017656265205005,5.596595946418646,5.783040265831542,26112,7.178749910963234e-05,308502528
n8_lowrank1_d2_stack_nonlinear_T32_s9401102,8,lowrank,lowrank,1,2,stack_nonlinear,32,9401102,192,16,3072,BPTT,True,5257,5257,42056,0,0.011029999935999513,0.015625,0.0002266109368065372,3.334582523547851,5.072080470226567,,6.795781337132212e-05,308502528
n8_lowrank1_d2_stack_nonlinear_T32_s9401102,8,lowrank,lowrank,1,2,stack_nonlinear,32,9401102,192,16,3072,RTRL,True,3072,3072,24576,0,0.010836050030775368,0.0078125,0.0003366624969203258,4.953992487674652,4.982893749265763,101376,6.795781337132212e-05,308502528
n8_lowrank1_d2_stack_nonlinear_T32_s9401102,8,lowrank,lowrank,1,2,stack_nonlinear,32,9401102,192,16,3072,packed_exact,True,2304,2520,20160,1728,0.014580550021491945,0.015625,0.0004416124975250568,6.498332945353643,6.704780003470538,63744,6.795781337132212e-05,308502528
n8_lowrank1_d2_stack_nonlinear_T32_s9401102,8,lowrank,lowrank,1,2,stack_nonlinear,32,9401102,192,16,3072,SnAp1,False,1072,1368,10944,2368,0.026296850002836436,0.03125,0.0008044953174248803,11.838157785170493,12.092451505148405,20624,6.795781337132212e-05,308502528
n8_lowrank1_d2_stack_nonlinear_T32_s9401102,8,lowrank,lowrank,1,2,stack_nonlinear,32,9401102,192,16,3072,SnAp2,True,2304,2520,20160,1728,0.013763599970843643,0.015625,0.0004167578190390486,6.1325960675320745,6.3291103370075374,63744,6.795781337132212e-05,308502528
n8_lowrank1_d2_stack_nonlinear_T32_s9401102,8,lowrank,lowrank,1,2,stack_nonlinear,32,9401102,192,16,3072,local_block,False,1536,1744,13952,1664,0.014124700042884797,0.015625,0.0004275734390830621,6.2917480400200185,6.495160077154827,26112,6.795781337132212e-05,308502528
n8_lowrank1_d2_stack_nonlinear_T32_s9401103,8,lowrank,lowrank,1,2,stack_nonlinear,32,9401103,192,16,3072,BPTT,True,5257,5257,42056,0,0.011063349957112223,0.015625,0.00022647500009043142,2.7111085774767765,4.138693971792927,,8.353593875654042e-05,308502528
n8_lowrank1_d2_stack_nonlinear_T32_s9401103,8,lowrank,lowrank,1,2,stack_nonlinear,32,9401103,192,16,3072,RTRL,True,3072,3072,24576,0,0.011472899932414293,0.015625,0.0003566156246961327,4.269008405298033,4.291902721448448,101376,8.353593875654042e-05,308502528
n8_lowrank1_d2_stack_nonlinear_T32_s9401103,8,lowrank,lowrank,1,2,stack_nonlinear,32,9401103,192,16,3072,packed_exact,True,2304,2520,20160,1728,0.013993850036058575,0.0078125,0.0004208546852169093,5.03800749092508,5.23496617307831,63744,8.353593875654042e-05,308502528
n8_lowrank1_d2_stack_nonlinear_T32_s9401103,8,lowrank,lowrank,1,2,stack_nonlinear,32,9401103,192,16,3072,SnAp1,False,1072,1368,10944,2368,0.02491040003951639,0.0234375,0.0007625874986842973,9.128855317072627,9.31874367873718,20624,8.353593875654042e-05,308502528
n8_lowrank1_d2_stack_nonlinear_T32_s9401103,8,lowrank,lowrank,1,2,stack_nonlinear,32,9401103,192,16,3072,SnAp2,True,2304,2520,20160,1728,0.015577149984892458,0.015625,0.00047258437552955,5.657258212023734,5.827263621787893,63744,8.353593875654042e-05,308502528
n8_lowrank1_d2_stack_nonlinear_T32_s9401103,8,lowrank,lowrank,1,2,stack_nonlinear,32,9401103,192,16,3072,local_block,False,1536,1744,13952,1664,0.017413249996025115,0.015625,0.0005301312448864337,6.34614577602897,6.514131168881845,26112,8.353593875654042e-05,308502528
n8_lowrank1_d2_stack_nonlinear_T32_s9401104,8,lowrank,lowrank,1,2,stack_nonlinear,32,9401104,192,16,3072,BPTT,True,5257,5257,42056,0,0.012058000022079796,0.015625,0.00024552812465117313,2.9547215276408134,4.534616998580872,,8.309687473229133e-05,308502528
n8_lowrank1_d2_stack_nonlinear_T32_s9401104,8,lowrank,lowrank,1,2,stack_nonlinear,32,9401104,192,16,3072,RTRL,True,3072,3072,24576,0,0.011944049969315529,0.0078125,0.0003713421865541022,4.468786434513152,4.491764133652373,101376,8.309687473229133e-05,308502528
n8_lowrank1_d2_stack_nonlinear_T32_s9401104,8,lowrank,lowrank,1,2,stack_nonlinear,32,9401104,192,16,3072,packed_exact,True,2304,2520,20160,1728,0.014208150038029999,0.0078125,0.00043111406193929724,5.1880899652146235,5.34321766154098,63744,8.309687473229133e-05,308502528
n8_lowrank1_d2_stack_nonlinear_T32_s9401104,8,lowrank,lowrank,1,2,stack_nonlinear,32,9401104,192,16,3072,SnAp1,False,1072,1368,10944,2368,0.024627599981613457,0.03125,0.0007499687526433263,9.025234162650037,9.261629897692774,20624,8.309687473229133e-05,308502528
n8_lowrank1_d2_stack_nonlinear_T32_s9401104,8,lowrank,lowrank,1,2,stack_nonlinear,32,9401104,192,16,3072,SnAp2,True,2304,2520,20160,1728,0.014463350002188236,0.015625,0.0004361406208772678,5.248580314029358,5.439189969833411,63744,8.309687473229133e-05,308502528
n8_lowrank1_d2_stack_nonlinear_T32_s9401104,8,lowrank,lowrank,1,2,stack_nonlinear,32,9401104,192,16,3072,local_block,False,1536,1744,13952,1664,0.014118149993009865,0.015625,0.0004253718761901837,5.118987658207136,5.309371606368147,26112,8.309687473229133e-05,308502528
n8_lowrank1_d2_stack_nonlinear_T128_s9401100,8,lowrank,lowrank,1,2,stack_nonlinear,128,9401100,192,16,3072,BPTT,True,21385,21385,171080,0,0.044836150016635656,0.046875,0.0002309332026015909,3.1960826467529566,4.847858851912685,,7.225507852126611e-05,308502528
n8_lowrank1_d2_stack_nonlinear_T128_s9401100,8,lowrank,lowrank,1,2,stack_nonlinear,128,9401100,192,16,3072,RTRL,True,3072,3072,24576,0,0.05120485002407804,0.046875,0.00039825664043746656,5.511815205075885,5.536467456683623,101376,7.225507852126611e-05,308502528
n8_lowrank1_d2_stack_nonlinear_T128_s9401100,8,lowrank,lowrank,1,2,stack_nonlinear,128,9401100,192,16,3072,packed_exact,True,2304,2520,20160,1728,0.052688099967781454,0.0546875,0.00040665703045306145,5.62807540695391,5.696842207114105,63744,7.225507852126611e-05,308502528
n8_lowrank1_d2_stack_nonlinear_T128_s9401100,8,lowrank,lowrank,1,2,stack_nonlinear,128,9401100,192,16,3072,SnAp1,False,1072,1368,10944,2368,0.09054639999521896,0.09375,0.000702515233115264,9.722710811372238,9.790228790000526,20624,7.225507852126611e-05,308502528
n8_lowrank1_d2_stack_nonlinear_T128_s9401100,8,lowrank,lowrank,1,2,stack_nonlinear,128,9401100,192,16,3072,SnAp2,True,2304,2520,20160,1728,0.05122040002606809,0.046875,0.00039604609401067137,5.481221557237767,5.538148783353437,63744,7.225507852126611e-05,308502528
n8_lowrank1_d2_stack_nonlinear_T128_s9401100,8,lowrank,lowrank,1,2,stack_nonlinear,128,9401100,192,16,3072,local_block,False,1536,1744,13952,1664,0.05189949995838106,0.0546875,0.00040144492140825605,5.55594055980581,5.611575708211508,26112,7.225507852126611e-05,308502528
n8_lowrank1_d2_stack_nonlinear_T128_s9401101,8,lowrank,lowrank,1,2,stack_nonlinear,128,9401101,192,16,3072,BPTT,True,21385,21385,171080,0,0.0458202000008896,0.03125,0.0002353996092097077,2.9364015028839376,4.465362398698036,,8.016601577764959e-05,308502528
n8_lowrank1_d2_stack_nonlinear_T128_s9401101,8,lowrank,lowrank,1,2,stack_nonlinear,128,9401101,192,16,3072,RTRL,True,3072,3072,24576,0,0.04580595000879839,0.046875,0.0003564312473827158,4.44616392526382,4.463973679773532,101376,8.016601577764959e-05,308502528
n8_lowrank1_d2_stack_nonlinear_T128_s9401101,8,lowrank,lowrank,1,2,stack_nonlinear,128,9401101,192,16,3072,packed_exact,True,2304,2520,20160,1728,0.051810049975756556,0.0390625,0.0004004894526588032,4.995750989666376,5.049097320219418,63744,8.016601577764959e-05,308502528
n8_lowrank1_d2_stack_nonlinear_T128_s9401101,8,lowrank,lowrank,1,2,stack_nonlinear,128,9401101,192,16,3072,SnAp1,False,1072,1368,10944,2368,0.09106010000687093,0.09375,0.0007058124992909143,8.804385405014676,8.874172233741227,20624,8.016601577764959e-05,308502528
n8_lowrank1_d2_stack_nonlinear_T128_s9401101,8,lowrank,lowrank,1,2,stack_nonlinear,128,9401101,192,16,3072,SnAp2,True,2304,2520,20160,1728,0.04958189994795248,0.046875,0.0003832136721939605,4.780250938962107,4.831955156880516,63744,8.016601577764959e-05,308502528
n8_lowrank1_d2_stack_nonlinear_T128_s9401101,8,lowrank,lowrank,1,2,stack_nonlinear,128,9401101,192,16,3072,local_block,False,1536,1744,13952,1664,0.05041299998993054,0.046875,0.00039008125031614327,4.865917889671381,4.9129491917588695,26112,8.016601577764959e-05,308502528
n8_lowrank1_d2_stack_nonlinear_T128_s9401102,8,lowrank,lowrank,1,2,stack_nonlinear,128,9401102,192,16,3072,BPTT,True,21385,21385,171080,0,0.04265209997538477,0.03125,0.00022091015671321657,3.3023649679138978,4.981267146617297,,6.68945313009317e-05,308502528
n8_lowrank1_d2_stack_nonlinear_T128_s9401102,8,lowrank,lowrank,1,2,stack_nonlinear,128,9401102,192,16,3072,RTRL,True,3072,3072,24576,0,0.04960399999981746,0.046875,0.00038599648542003706,5.770224828747113,5.793167878779598,101376,6.68945313009317e-05,308502528
n8_lowrank1_d2_stack_nonlinear_T128_s9401102,8,lowrank,lowrank,1,2,stack_nonlinear,128,9401102,192,16,3072,packed_exact,True,2304,2520,20160,1728,0.05196890002116561,0.046875,0.00040153632926376304,6.002528479606381,6.069360581792453,63744,6.68945313009317e-05,308502528
n8_lowrank1_d2_stack_nonlinear_T128_s9401102,8,lowrank,lowrank,1,2,stack_nonlinear,128,9401102,192,16,3072,SnAp1,False,1072,1368,10944,2368,0.09347319998778403,0.0859375,0.0007254046872731124,10.844005827768001,10.916578092451509,20624,6.68945313009317e-05,308502528
n8_lowrank1_d2_stack_nonlinear_T128_s9401102,8,lowrank,lowrank,1,2,stack_nonlinear,128,9401102,192,16,3072,SnAp2,True,2304,2520,20160,1728,0.05355465004686266,0.0546875,0.00041401796943318914,6.189115333967856,6.254557664944536,63744,6.68945313009317e-05,308502528
n8_lowrank1_d2_stack_nonlinear_T128_s9401102,8,lowrank,lowrank,1,2,stack_nonlinear,128,9401102,192,16,3072,local_block,False,1536,1744,13952,1664,0.05177640001056716,0.046875,0.00040041796910372796,5.985810219708513,6.046878828746977,26112,6.68945313009317e-05,308502528
n8_lowrank1_d2_stack_nonlinear_T128_s9401103,8,lowrank,lowrank,1,2,stack_nonlinear,128,9401103,192,16,3072,BPTT,True,21385,21385,171080,0,0.043950899969786406,0.046875,0.00022610351606999757,3.285026776627472,4.988723119197263,,6.882851539558033e-05,308502528
n8_lowrank1_d2_stack_nonlinear_T128_s9401103,8,lowrank,lowrank,1,2,stack_nonlinear,128,9401103,192,16,3072,RTRL,True,3072,3072,24576,0,0.04618340003071353,0.046875,0.00035938554674430634,5.221463003797166,5.242126910136986,101376,6.882851539558033e-05,308502528
n8_lowrank1_d2_stack_nonlinear_T128_s9401103,8,lowrank,lowrank,1,2,stack_nonlinear,128,9401103,192,16,3072,packed_exact,True,2304,2520,20160,1728,0.05005259998142719,0.0390625,0.00038666210866722395,5.6177604070776255,5.681307160375123,63744,6.882851539558033e-05,308502528
n8_lowrank1_d2_stack_nonlinear_T128_s9401103,8,lowrank,lowrank,1,2,stack_nonlinear,128,9401103,192,16,3072,SnAp1,False,1072,1368,10944,2368,0.08815034996950999,0.09375,0.0006840656237727671,9.93869502837908,10.005658340569388,20624,6.882851539558033e-05,308502528
n8_lowrank1_d2_stack_nonlinear_T128_s9401103,8,lowrank,lowrank,1,2,stack_nonlinear,128,9401103,192,16,3072,SnAp2,True,2304,2520,20160,1728,0.05001559999072924,0.046875,0.000386769139822718,5.619315447962626,5.677107412266852,63744,6.882851539558033e-05,308502528
n8_lowrank1_d2_stack_nonlinear_T128_s9401103,8,lowrank,lowrank,1,2,stack_nonlinear,128,9401103,192,16,3072,local_block,False,1536,1744,13952,1664,0.05082209996180609,0.0390625,0.0003932527356482751,5.713514716801911,5.768650590088213,26112,6.882851539558033e-05,308502528
n8_lowrank1_d2_stack_nonlinear_T128_s9401104,8,lowrank,lowrank,1,2,stack_nonlinear,128,9401104,192,16,3072,BPTT,True,21385,21385,171080,0,0.04178904998116195,0.046875,0.00021776796847916557,3.348163712866323,5.019554963392641,,6.504101565951714e-05,308502528
n8_lowrank1_d2_stack_nonlinear_T128_s9401104,8,lowrank,lowrank,1,2,stack_nonlinear,128,9401104,192,16,3072,RTRL,True,3072,3072,24576,0,0.04806535004172474,0.046875,0.00037408124853755,5.751466897377893,5.773442240919678,101376,6.504101565951714e-05,308502528
n8_lowrank1_d2_stack_nonlinear_T128_s9401104,8,lowrank,lowrank,1,2,stack_nonlinear,128,9401104,192,16,3072,packed_exact,True,2304,2520,20160,1728,0.05167700006859377,0.0546875,0.00039942890498423367,6.141184926680756,6.207261048156979,63744,6.504101565951714e-05,308502528
n8_lowrank1_d2_stack_nonlinear_T128_s9401104,8,lowrank,lowrank,1,2,stack_nonlinear,128,9401104,192,16,3072,SnAp1,False,1072,1368,10944,2368,0.09645955002633855,0.09375,0.0007487421871701372,11.511846479915436,11.586384790264274,20624,6.504101565951714e-05,308502528
n8_lowrank1_d2_stack_nonlinear_T128_s9401104,8,lowrank,lowrank,1,2,stack_nonlinear,128,9401104,192,16,3072,SnAp2,True,2304,2520,20160,1728,0.053225999989081174,0.0546875,0.0004111906246180297,6.322020350521112,6.393321517171765,63744,6.504101565951714e-05,308502528
n8_lowrank1_d2_stack_nonlinear_T128_s9401104,8,lowrank,lowrank,1,2,stack_nonlinear,128,9401104,192,16,3072,local_block,False,1536,1744,13952,1664,0.05296194995753467,0.0546875,0.00040924765653471695,6.29214738399974,6.361604748137037,26112,6.504101565951714e-05,308502528
n8_lowrank1_d3_stack_nonlinear_T32_s9401100,8,lowrank,lowrank,1,3,stack_nonlinear,32,9401100,288,24,6912,BPTT,True,8009,8009,64072,0,0.01698414993006736,0.015625,0.0003510421865939861,2.9397056362564706,4.444658219080281,,0.00011941406046389602,308502528
n8_lowrank1_d3_stack_nonlinear_T32_s9401100,8,lowrank,lowrank,1,3,stack_nonlinear,32,9401100,288,24,6912,RTRL,True,6912,6912,55296,0,0.01928545004921034,0.015625,0.0006006187450111611,5.029715451244988,5.046895748261036,338688,0.00011941406046389602,308502528
n8_lowrank1_d3_stack_nonlinear_T32_s9401100,8,lowrank,lowrank,1,3,stack_nonlinear,32,9401100,288,24,6912,packed_exact,True,4608,4944,39552,2688,0.021832099941093475,0.015625,0.0006613937457586871,5.538658874753319,5.713339957696568,176640,0.00011941406046389602,308502528
n8_lowrank1_d3_stack_nonlinear_T32_s9401100,8,lowrank,lowrank,1,3,stack_nonlinear,32,9401100,288,24,6912,SnAp1,False,2760,3312,26496,4416,0.040782650001347065,0.046875,0.0012490531262301374,10.459849714328906,10.67259422877944,82392,0.00011941406046389602,308502528
n8_lowrank1_d3_stack_nonlinear_T32_s9401100,8,lowrank,lowrank,1,3,stack_nonlinear,32,9401100,288,24,6912,SnAp2,True,4608,4944,39552,2688,0.02048930007731542,0.015625,0.0006185515576362377,5.179888827440486,5.36193665074888,176640,0.00011941406046389602,308502528
n8_lowrank1_d3_stack_nonlinear_T32_s9401100,8,lowrank,lowrank,1,3,stack_nonlinear,32,9401100,288,24,6912,local_block,False,2304,2616,20928,2496,0.020437499973922968,0.015625,0.0006223453146958491,5.211658595965847,5.348380849826228,39168,0.00011941406046389602,308502528
n8_lowrank1_d3_stack_nonlinear_T32_s9401100,8,lowrank,lowrank,1,3,stack_nonlinear,32,9401100,288,24,6912,online_svd_factor,True,7488,7488,59904,0,0.02744400000665337,0.03125,0.000855814061651472,7.166778001910598,7.181943205651352,,0.00011941406046389602,308502528
n8_lowrank1_d3_stack_nonlinear_T32_s9401101,8,lowrank,lowrank,1,3,stack_nonlinear,32,9401101,288,24,6912,BPTT,True,8009,8009,64072,0,0.015925000014249235,0.015625,0.000329345311911311,3.3834312767074763,5.112523730894894,,9.734062405186705e-05,308502528
n8_lowrank1_d3_stack_nonlinear_T32_s9401101,8,lowrank,lowrank,1,3,stack_nonlinear,32,9401101,288,24,6912,RTRL,True,6912,6912,55296,0,0.01777395000681281,0.015625,0.0005533828116313089,5.685014011585173,5.706106192795121,338688,9.734062405186705e-05,308502528
n8_lowrank1_d3_stack_nonlinear_T32_s9401101,8,lowrank,lowrank,1,3,stack_nonlinear,32,9401101,288,24,6912,packed_exact,True,4608,4944,39552,2688,0.02043150004465133,0.0234375,0.0006187578073877376,6.356624620138434,6.559279669864696,176640,9.734062405186705e-05,308502528
n8_lowrank1_d3_stack_nonlinear_T32_s9401101,8,lowrank,lowrank,1,3,stack_nonlinear,32,9401101,288,24,6912,SnAp1,False,2760,3312,26496,4416,0.03637790004722774,0.0390625,0.0011133718744531507,11.43789538332835,11.67867360158004,82392,9.734062405186705e-05,308502528
n8_lowrank1_d3_stack_nonlinear_T32_s9401101,8,lowrank,lowrank,1,3,stack_nonlinear,32,9401101,288,24,6912,SnAp2,True,4608,4944,39552,2688,0.0188520000083372,0.015625,0.0005701703139493475,5.857475432308072,6.05220077433064,176640,9.734062405186705e-05,308502528
n8_lowrank1_d3_stack_nonlinear_T32_s9401101,8,lowrank,lowrank,1,3,stack_nonlinear,32,9401101,288,24,6912,local_block,False,2304,2616,20928,2496,0.020060550014022738,0.0234375,0.0006080874991312157,6.2470063763635,6.440190763562157,39168,9.734062405186705e-05,308502528
n8_lowrank1_d3_stack_nonlinear_T32_s9401101,8,lowrank,lowrank,1,3,stack_nonlinear,32,9401101,288,24,6912,online_svd_factor,True,7488,7488,59904,0,0.026559750025626272,0.03125,0.0008283234365080716,8.509534889222685,8.526678315299964,,9.734062405186705e-05,308502528
n8_lowrank1_d3_stack_nonlinear_T32_s9401102,8,lowrank,lowrank,1,3,stack_nonlinear,32,9401102,288,24,6912,BPTT,True,8009,8009,64072,0,0.01605415000813082,0.015625,0.0003402265629119938,3.1943812925692354,4.710379241036315,,0.00010650781223375816,308502528
n8_lowrank1_d3_stack_nonlinear_T32_s9401102,8,lowrank,lowrank,1,3,stack_nonlinear,32,9401102,288,24,6912,RTRL,True,6912,6912,55296,0,0.017693649977445602,0.015625,0.0005507687510544201,5.171158241853844,5.191417889437432,338688,0.00010650781223375816,308502528
n8_lowrank1_d3_stack_nonlinear_T32_s9401102,8,lowrank,lowrank,1,3,stack_nonlinear,32,9401102,288,24,6912,packed_exact,True,4608,4944,39552,2688,0.020450950018130243,0.0234375,0.0006195906262291828,5.817325633065634,6.000425458593795,176640,0.00010650781223375816,308502528
n8_lowrank1_d3_stack_nonlinear_T32_s9401102,8,lowrank,lowrank,1,3,stack_nonlinear,32,9401102,288,24,6912,SnAp1,False,2760,3312,26496,4416,0.0362095000455156,0.03125,0.0011068343737861142,10.392048719927587,10.624073978150058,82392,0.00010650781223375816,308502528
n8_lowrank1_d3_stack_nonlinear_T32_s9401102,8,lowrank,lowrank,1,3,stack_nonlinear,32,9401102,288,24,6912,SnAp2,True,4608,4944,39552,2688,0.021139649965334684,0.015625,0.0006402734379662434,6.011516193394362,6.202493953840919,176640,0.00010650781223375816,308502528
n8_lowrank1_d3_stack_nonlinear_T32_s9401102,8,lowrank,lowrank,1,3,stack_nonlinear,32,9401102,288,24,6912,local_block,False,2304,2616,20928,2496,0.02021744998637587,0.0234375,0.0006144906255940441,5.7694418156425,5.9319152165816,39168,0.00010650781223375816,308502528
n8_lowrank1_d3_stack_nonlinear_T32_s9401102,8,lowrank,lowrank,1,3,stack_nonlinear,32,9401102,288,24,6912,online_svd_factor,True,7488,7488,59904,0,0.027811600011773407,0.03125,0.0008672749991092132,8.142829910032892,8.160082177450356,,0.00010650781223375816,308502528
n8_lowrank1_d3_stack_nonlinear_T32_s9401103,8,lowrank,lowrank,1,3,stack_nonlinear,32,9401103,288,24,6912,BPTT,True,8009,8009,64072,0,0.016610899998340756,0.015625,0.00034609687463671435,3.3263553311731844,4.989007397049537,,0.00010404687418485992,308502528
n8_lowrank1_d3_stack_nonlinear_T32_s9401103,8,lowrank,lowrank,1,3,stack_nonlinear,32,9401103,288,24,6912,RTRL,True,6912,6912,55296,0,0.01753544999519363,0.015625,0.0005456609360408038,5.244376059499191,5.266691735267325,338688,0.00010404687418485992,308502528
n8_lowrank1_d3_stack_nonlinear_T32_s9401103,8,lowrank,lowrank,1,3,stack_nonlinear,32,9401103,288,24,6912,packed_exact,True,4608,4944,39552,2688,0.023667600005865097,0.0234375,0.0007190999967860989,6.911308027461499,7.108454780383079,176640,0.00010404687418485992,308502528
n8_lowrank1_d3_stack_nonlinear_T32_s9401103,8,lowrank,lowrank,1,3,stack_nonlinear,32,9401103,288,24,6912,SnAp1,False,2760,3312,26496,4416,0.03812449995893985,0.03125,0.0011676078102027532,11.221940297103652,11.45051817318537,82392,0.00010404687418485992,308502528
n8_lowrank1_d3_stack_nonlinear_T32_s9401103,8,lowrank,lowrank,1,3,stack_nonlinear,32,9401103,288,24,6912,SnAp2,True,4608,4944,39552,2688,0.02136780001455918,0.0234375,0.0006471078104368644,6.219387324285677,6.417720433086679,176640,0.00010404687418485992,308502528
n8_lowrank1_d3_stack_nonlinear_T32_s9401103,8,lowrank,lowrank,1,3,stack_nonlinear,32,9401103,288,24,6912,local_block,False,2304,2616,20928,2496,0.021768749982584268,0.015625,0.0006610328109672992,6.35322123942756,6.538143911436663,39168,0.00010404687418485992,308502528
n8_lowrank1_d3_stack_nonlinear_T32_s9401103,8,lowrank,lowrank,1,3,stack_nonlinear,32,9401103,288,24,6912,online_svd_factor,True,7488,7488,59904,0,0.029726850043516606,0.0234375,0.0009266046836273745,8.90564652601747,8.928322653974256,,0.00010404687418485992,308502528
n8_lowrank1_d3_stack_nonlinear_T32_s9401104,8,lowrank,lowrank,1,3,stack_nonlinear,32,9401104,288,24,6912,BPTT,True,8009,8009,64072,0,0.016666450013872236,0.0234375,0.0003534703118930338,3.0733208558949174,4.528434452090575,,0.00011501249900902621,308502528
n8_lowrank1_d3_stack_nonlinear_T32_s9401104,8,lowrank,lowrank,1,3,stack_nonlinear,32,9401104,288,24,6912,RTRL,True,6912,6912,55296,0,0.01743025000905618,0.015625,0.0005427484356914647,4.719038716382205,4.735966242592971,338688,0.00011501249900902621,308502528
n8_lowrank1_d3_stack_nonlinear_T32_s9401104,8,lowrank,lowrank,1,3,stack_nonlinear,32,9401104,288,24,6912,packed_exact,True,4608,4944,39552,2688,0.020790149981621653,0.015625,0.0006268515608098824,5.450290761534421,5.6488833172357085,176640,0.00011501249900902621,308502528
n8_lowrank1_d3_stack_nonlinear_T32_s9401104,8,lowrank,lowrank,1,3,stack_nonlinear,32,9401104,288,24,6912,SnAp1,False,2760,3312,26496,4416,0.037562500045169145,0.0390625,0.0011490046854305547,9.99025927904045,10.206091829370767,82392,0.00011501249900902621,308502528
n8_lowrank1_d3_stack_nonlinear_T32_s9401104,8,lowrank,lowrank,1,3,stack_nonlinear,32,9401104,288,24,6912,SnAp2,True,4608,4944,39552,2688,0.020902950025629252,0.0234375,0.0006331796885206131,5.505311978926056,5.6795321719741905,176640,0.00011501249900902621,308502528
n8_lowrank1_d3_stack_nonlinear_T32_s9401104,8,lowrank,lowrank,1,3,stack_nonlinear,32,9401104,288,24,6912,local_block,False,2304,2616,20928,2496,0.019750150036998093,0.015625,0.0005970875008642906,5.191500976058533,5.366305349192986,39168,0.00011501249900902621,308502528
n8_lowrank1_d3_stack_nonlinear_T32_s9401104,8,lowrank,lowrank,1,3,stack_nonlinear,32,9401104,288,24,6912,online_svd_factor,True,7488,7488,59904,0,0.02676670002983883,0.03125,0.0008344249999936437,7.255081031915999,7.272769334981739,,0.00011501249900902621,308502528
n8_lowrank1_d3_stack_nonlinear_T128_s9401100,8,lowrank,lowrank,1,3,stack_nonlinear,128,9401100,288,24,6912,BPTT,True,32585,32585,260680,0,0.06829065002966672,0.0703125,0.0003608464844546688,3.4998332935558416,5.174592522998318,,0.00010310390644008294,308518912
n8_lowrank1_d3_stack_nonlinear_T128_s9401100,8,lowrank,lowrank,1,3,stack_nonlinear,128,9401100,288,24,6912,RTRL,True,6912,6912,55296,0,0.07113184995250776,0.078125,0.00055430117117794,5.376141315266872,5.389878976864107,338688,0.00010310390644008294,308518912
n8_lowrank1_d3_stack_nonlinear_T128_s9401100,8,lowrank,lowrank,1,3,stack_nonlinear,128,9401100,288,24,6912,packed_exact,True,4608,4944,39552,2688,0.08427405002294108,0.078125,0.0006520011711472762,6.323729077386369,6.38570388394391,176640,0.00010310390644008294,308518912
n8_lowrank1_d3_stack_nonlinear_T128_s9401100,8,lowrank,lowrank,1,3,stack_nonlinear,128,9401100,288,24,6912,SnAp1,False,2760,3312,26496,4416,0.14034175005508587,0.140625,0.0010891628917306662,10.563740301766495,10.634125904264588,82392,0.00010310390644008294,308518912
n8_lowrank1_d3_stack_nonlinear_T128_s9401100,8,lowrank,lowrank,1,3,stack_nonlinear,128,9401100,288,24,6912,SnAp2,True,4608,4944,39552,2688,0.08020334999309853,0.078125,0.0006206941397977062,6.02008363435203,6.07725442668085,176640,0.00010310390644008294,308518912
n8_lowrank1_d3_stack_nonlinear_T128_s9401100,8,lowrank,lowrank,1,3,stack_nonlinear,128,9401100,288,24,6912,local_block,False,2304,2616,20928,2496,0.0775808000471443,0.0703125,0.0006004765627949382,5.823994293988219,5.878535753837217,39168,0.00010310390644008294,308518912
n8_lowrank1_d3_stack_nonlinear_T128_s9401100,8,lowrank,lowrank,1,3,stack_nonlinear,128,9401100,288,24,6912,online_svd_factor,True,7488,7488,59904,0,0.10541354998713359,0.109375,0.000822227342723636,7.974744809513685,7.9875087929192015,,0.00010310390644008294,308518912
n8_lowrank1_d3_stack_nonlinear_T128_s9401101,8,lowrank,lowrank,1,3,stack_nonlinear,128,9401101,288,24,6912,BPTT,True,32585,32585,260680,0,0.06830245000310242,0.0625,0.0003564835938050237,3.7212748605218042,5.570299081728443,,9.579609331922256e-05,309444608
n8_lowrank1_d3_stack_nonlinear_T128_s9401101,8,lowrank,lowrank,1,3,stack_nonlinear,128,9401101,288,24,6912,RTRL,True,6912,6912,55296,0,0.07065225002588704,0.0703125,0.0005504503897100221,5.746063024467492,5.7619333336267005,338688,9.579609331922256e-05,309444608
n8_lowrank1_d3_stack_nonlinear_T128_s9401101,8,lowrank,lowrank,1,3,stack_nonlinear,128,9401101,288,24,6912,packed_exact,True,4608,4944,39552,2688,0.08071810001274571,0.0859375,0.0006249390639823105,6.523638306416295,6.582837926888995,176640,9.579609331922256e-05,309444608
n8_lowrank1_d3_stack_nonlinear_T128_s9401101,8,lowrank,lowrank,1,3,stack_nonlinear,128,9401101,288,24,6912,SnAp1,False,2760,3312,26496,4416,0.13976500002900138,0.1328125,0.0010848183642337972,11.32424430523323,11.398315159763081,82392,9.579609331922256e-05,309444608
n8_lowrank1_d3_stack_nonlinear_T128_s9401101,8,lowrank,lowrank,1,3,stack_nonlinear,128,9401101,288,24,6912,SnAp2,True,4608,4944,39552,2688,0.08000244997674599,0.078125,0.0006188523434502713,6.460100010425911,6.524474211704737,176640,9.579609331922256e-05,309444608
n8_lowrank1_d3_stack_nonlinear_T128_s9401101,8,lowrank,lowrank,1,3,stack_nonlinear,128,9401101,288,24,6912,local_block,False,2304,2616,20928,2496,0.0803701999830082,0.078125,0.0006224992193892831,6.498169161397019,6.554465486133326,39168,9.579609331922256e-05,309444608
n8_lowrank1_d3_stack_nonlinear_T128_s9401101,8,lowrank,lowrank,1,3,stack_nonlinear,128,9401101,288,24,6912,online_svd_factor,True,7488,7488,59904,0,0.11802935000741854,0.109375,0.0009205242190546414,9.6092041664702,9.625698345132063,,9.579609331922256e-05,309444608
n8_lowrank1_d3_stack_nonlinear_T128_s9401102,8,lowrank,lowrank,1,3,stack_nonlinear,128,9401102,288,24,6912,BPTT,True,32585,32585,260680,0,0.06604855007026345,0.0625,0.00033973906238315976,3.090128084111577,4.693364842437959,,0.00010994335934810806,309686272
n8_lowrank1_d3_stack_nonlinear_T128_s9401102,8,lowrank,lowrank,1,3,stack_nonlinear,128,9401102,288,24,6912,RTRL,True,6912,6912,55296,0,0.07128075003856793,0.0703125,0.0005552722650463693,5.050530276123717,5.065161397452742,338688,0.00010994335934810806,309686272
n8_lowrank1_d3_stack_nonlinear_T128_s9401102,8,lowrank,lowrank,1,3,stack_nonlinear,128,9401102,288,24,6912,packed_exact,True,4608,4944,39552,2688,0.084164000058081,0.0703125,0.0006513363273370487,5.924289845235269,5.980636341771676,176640,0.00010994335934810806,309686272
n8_lowrank1_d3_stack_nonlinear_T128_s9401102,8,lowrank,lowrank,1,3,stack_nonlinear,128,9401102,288,24,6912,SnAp1,False,2760,3312,26496,4416,0.13812685006996617,0.140625,0.0010723519526436576,9.753676429408749,9.81519959522849,82392,0.00010994335934810806,309686272
n8_lowrank1_d3_stack_nonlinear_T128_s9401102,8,lowrank,lowrank,1,3,stack_nonlinear,128,9401102,288,24,6912,SnAp2,True,4608,4944,39552,2688,0.07840425003087148,0.078125,0.0006067898434594099,5.519113178433653,5.571352440002772,176640,0.00010994335934810806,309686272
n8_lowrank1_d3_stack_nonlinear_T128_s9401102,8,lowrank,lowrank,1,3,stack_nonlinear,128,9401102,288,24,6912,local_block,False,2304,2616,20928,2496,0.07828735001385212,0.0625,0.0006058152334844635,5.510248523208224,5.563045604661566,39168,0.00010994335934810806,309686272
n8_lowrank1_d3_stack_nonlinear_T128_s9401102,8,lowrank,lowrank,1,3,stack_nonlinear,128,9401102,288,24,6912,online_svd_factor,True,7488,7488,59904,0,0.11078325001290068,0.109375,0.0008638367180537898,7.857106815507316,7.872182056811786,,0.00010994335934810806,309686272
n8_lowrank1_d3_stack_nonlinear_T128_s9401103,8,lowrank,lowrank,1,3,stack_nonlinear,128,9401103,288,24,6912,BPTT,True,32585,32585,260680,0,0.06780834996607155,0.0625,0.00035353789007785963,3.382758357819494,5.0688357293003286,,0.00010451171874592546,310317056
n8_lowrank1_d3_stack_nonlinear_T128_s9401103,8,lowrank,lowrank,1,3,stack_nonlinear,128,9401103,288,24,6912,RTRL,True,6912,6912,55296,0,0.07090195000637323,0.0625,0.0005522683586605126,5.284272092042727,5.300089703542324,338688,0.00010451171874592546,310317056
n8_lowrank1_d3_stack_nonlinear_T128_s9401103,8,lowrank,lowrank,1,3,stack_nonlinear,128,9401103,288,24,6912,packed_exact,True,4608,4944,39552,2688,0.07745799992699176,0.078125,0.0005988054690533318,5.72955335763892,5.790170056438914,176640,0.00010451171874592546,310317056
n8_lowrank1_d3_stack_nonlinear_T128_s9401103,8,lowrank,lowrank,1,3,stack_nonlinear,128,9401103,288,24,6912,SnAp1,False,2760,3312,26496,4416,0.13703804998658597,0.1328125,0.0010641652334015816,10.182257513041518,10.243920761870948,82392,0.00010451171874592546,310317056
n8_lowrank1_d3_stack_nonlinear_T128_s9401103,8,lowrank,lowrank,1,3,stack_nonlinear,128,9401103,288,24,6912,SnAp2,True,4608,4944,39552,2688,0.07961869996506721,0.078125,0.0006159718741400866,5.893806757092502,5.9516875326609044,176640,0.00010451171874592546,310317056
n8_lowrank1_d3_stack_nonlinear_T128_s9401103,8,lowrank,lowrank,1,3,stack_nonlinear,128,9401103,288,24,6912,local_block,False,2304,2616,20928,2496,0.07728029997088015,0.078125,0.0005987710933368362,5.729224440299238,5.776886561307646,39168,0.00010451171874592546,310317056
n8_lowrank1_d3_stack_nonlinear_T128_s9401103,8,lowrank,lowrank,1,3,stack_nonlinear,128,9401103,288,24,6912,online_svd_factor,True,7488,7488,59904,0,0.11667254997882992,0.109375,0.0009100519550884201,8.707654663117859,8.7215511106992,,0.00010451171874592546,310317056
n8_lowrank1_d3_stack_nonlinear_T128_s9401104,8,lowrank,lowrank,1,3,stack_nonlinear,128,9401104,288,24,6912,BPTT,True,32585,32585,260680,0,0.0648244500043802,0.0625,0.0003351601562826545,3.0702206525294145,4.6392318311655485,,0.0001091648432520742,310317056
n8_lowrank1_d3_stack_nonlinear_T128_s9401104,8,lowrank,lowrank,1,3,stack_nonlinear,128,9401104,288,24,6912,RTRL,True,6912,6912,55296,0,0.07060770003590733,0.078125,0.0005501429691321391,5.039561755809932,5.0531163705952995,338688,0.0001091648432520742,310317056
n8_lowrank1_d3_stack_nonlinear_T128_s9401104,8,lowrank,lowrank,1,3,stack_nonlinear,128,9401104,288,24,6912,packed_exact,True,4608,4944,39552,2688,0.0805685999803245,0.078125,0.0006235203140931844,5.711731868229812,5.765978941524522,176640,0.0001091648432520742,310317056
n8_lowrank1_d3_stack_nonlinear_T128_s9401104,8,lowrank,lowrank,1,3,stack_nonlinear,128,9401104,288,24,6912,SnAp1,False,2760,3312,26496,4416,0.13413109997054562,0.125,0.0010408132802695036,9.534326705037682,9.599237147257817,82392,0.0001091648432520742,310317056
n8_lowrank1_d3_stack_nonlinear_T128_s9401104,8,lowrank,lowrank,1,3,stack_nonlinear,128,9401104,288,24,6912,SnAp2,True,4608,4944,39552,2688,0.07886035001138225,0.078125,0.0006101281246628787,5.589053274725293,5.643726186106328,176640,0.0001091648432520742,310317056
n8_lowrank1_d3_stack_nonlinear_T128_s9401104,8,lowrank,lowrank,1,3,stack_nonlinear,128,9401104,288,24,6912,local_block,False,2304,2616,20928,2496,0.07751199998892844,0.078125,0.0005999695331411203,5.495995920185783,5.547230059362517,39168,0.0001091648432520742,310317056
n8_lowrank1_d3_stack_nonlinear_T128_s9401104,8,lowrank,lowrank,1,3,stack_nonlinear,128,9401104,288,24,6912,online_svd_factor,True,7488,7488,59904,0,0.11175884999101982,0.109375,0.0008714378900549491,7.982770497299195,7.998142896048655,,0.0001091648432520742,310317056
n8_lowrank2_d1_stack_nonlinear_T32_s9401100,8,lowrank,lowrank,2,1,stack_nonlinear,32,9401100,112,8,896,BPTT,True,2505,2505,20040,0,0.005608600040432066,0.0,0.00011367031402187422,3.186692355650664,4.9135747942805805,,3.567031308193691e-05,310317056
n8_lowrank2_d1_stack_nonlinear_T32_s9401100,8,lowrank,lowrank,2,1,stack_nonlinear,32,9401100,112,8,896,RTRL,True,896,896,7168,0,0.005433549988083541,0.0,0.00016801249876152724,4.710149259850682,4.760217179411159,15232,3.567031308193691e-05,310317056
n8_lowrank2_d1_stack_nonlinear_T32_s9401100,8,lowrank,lowrank,2,1,stack_nonlinear,32,9401100,112,8,896,packed_exact,True,896,1016,8128,960,0.006009250006172806,0.0078125,0.00017966562700166833,5.036839082095111,5.264575678423038,15232,3.567031308193691e-05,310317056
n8_lowrank2_d1_stack_nonlinear_T32_s9401100,8,lowrank,lowrank,2,1,stack_nonlinear,32,9401100,112,8,896,SnAp1,False,224,352,2816,1024,0.01062170002842322,0.015625,0.0003224843731004512,9.040693653562409,9.30544470203461,2464,3.567031308193691e-05,310317056
n8_lowrank2_d1_stack_nonlinear_T32_s9401100,8,lowrank,lowrank,2,1,stack_nonlinear,32,9401100,112,8,896,SnAp2,True,896,1016,8128,960,0.006023599999025464,0.0,0.00018017656111624092,5.051162873237592,5.277147400897564,15232,3.567031308193691e-05,310317056
n8_lowrank2_d1_stack_nonlinear_T32_s9401100,8,lowrank,lowrank,2,1,stack_nonlinear,32,9401100,112,8,896,local_block,True,896,1016,8128,960,0.00630644999910146,0.0078125,0.0001895468776638154,5.313855172182383,5.524946249258413,15232,3.567031308193691e-05,310317056
n8_lowrank2_d1_stack_nonlinear_T32_s9401101,8,lowrank,lowrank,2,1,stack_nonlinear,32,9401101,112,8,896,BPTT,True,2505,2505,20040,0,0.0052961999899707735,0.0078125,0.00010827812366187572,3.1638587487736873,4.836049779388636,,3.422343797865324e-05,310317056
n8_lowrank2_d1_stack_nonlinear_T32_s9401101,8,lowrank,lowrank,2,1,stack_nonlinear,32,9401101,112,8,896,RTRL,True,896,896,7168,0,0.005269200017210096,0.0078125,0.00016286562458844855,4.758891397469637,4.81139564764134,15232,3.422343797865324e-05,310317056
n8_lowrank2_d1_stack_nonlinear_T32_s9401101,8,lowrank,lowrank,2,1,stack_nonlinear,32,9401101,112,8,896,packed_exact,True,896,1016,8128,960,0.006260850059334189,0.0078125,0.00018394531616650056,5.37483452951851,5.716888071742835,15232,3.422343797865324e-05,310317056
n8_lowrank2_d1_stack_nonlinear_T32_s9401101,8,lowrank,lowrank,2,1,stack_nonlinear,32,9401101,112,8,896,SnAp1,False,224,352,2816,1024,0.010697000019717962,0.0078125,0.0003222500017727725,9.416061646809855,9.767611624077428,2464,3.422343797865324e-05,310317056
n8_lowrank2_d1_stack_nonlinear_T32_s9401101,8,lowrank,lowrank,2,1,stack_nonlinear,32,9401101,112,8,896,SnAp2,True,896,1016,8128,960,0.006369050010107458,0.0078125,0.00019153906760038808,5.596721980996181,5.815687276655377,15232,3.422343797865324e-05,310317056
n8_lowrank2_d1_stack_nonlinear_T32_s9401101,8,lowrank,lowrank,2,1,stack_nonlinear,32,9401101,112,8,896,local_block,True,896,1016,8128,960,0.006511250045150518,0.0078125,0.00019542499649105594,5.710267817422425,5.945532533519033,15232,3.422343797865324e-05,310317056
n8_lowrank2_d1_stack_nonlinear_T32_s9401102,8,lowrank,lowrank,2,1,stack_nonlinear,32,9401102,112,8,896,BPTT,True,2505,2505,20040,0,0.005647400044836104,0.0078125,0.00011733906103472691,3.3126158729190376,4.982267537414279,,3.5421873690211214e-05,310317056
n8_lowrank2_d1_stack_nonlinear_T32_s9401102,8,lowrank,lowrank,2,1,stack_nonlinear,32,9401102,112,8,896,RTRL,True,896,896,7168,0,0.005661749979481101,0.0078125,0.00017489530910097528,4.93749457271955,4.994927383180148,15232,3.5421873690211214e-05,310317056
n8_lowrank2_d1_stack_nonlinear_T32_s9401102,8,lowrank,lowrank,2,1,stack_nonlinear,32,9401102,112,8,896,packed_exact,True,896,1016,8128,960,0.006921749969478697,0.0078125,0.00020726406182802748,5.851301476615694,6.106528650571772,15232,3.5421873690211214e-05,310317056
n8_lowrank2_d1_stack_nonlinear_T32_s9401102,8,lowrank,lowrank,2,1,stack_nonlinear,32,9401102,112,8,896,SnAp1,False,224,352,2816,1024,0.012247150007169694,0.015625,0.0003725609385583084,10.517821327482885,10.804720299982833,2464,3.5421873690211214e-05,310317056
n8_lowrank2_d1_stack_nonlinear_T32_s9401102,8,lowrank,lowrank,2,1,stack_nonlinear,32,9401102,112,8,896,SnAp2,True,896,1016,8128,960,0.006599750020541251,0.0078125,0.00019509374942572322,5.507719640467159,5.822452813920705,15232,3.5421873690211214e-05,310317056
n8_lowrank2_d1_stack_nonlinear_T32_s9401102,8,lowrank,lowrank,2,1,stack_nonlinear,32,9401102,112,8,896,local_block,True,896,1016,8128,960,0.006447399966418743,0.0,0.00019272343706688844,5.440803012070683,5.688046056306298,15232,3.5421873690211214e-05,310317056
n8_lowrank2_d1_stack_nonlinear_T32_s9401103,8,lowrank,lowrank,2,1,stack_nonlinear,32,9401103,112,8,896,BPTT,True,2505,2505,20040,0,0.005400949972681701,0.0078125,0.00011033593727916013,2.974515538919814,4.550084160822812,,3.7093750506755896e-05,310317056
n8_lowrank2_d1_stack_nonlinear_T32_s9401103,8,lowrank,lowrank,2,1,stack_nonlinear,32,9401103,112,8,896,RTRL,True,896,896,7168,0,0.005854349990841001,0.0,0.0001809906225389568,4.8792753514097456,4.932055527263571,15232,3.7093750506755896e-05,310317056
n8_lowrank2_d1_stack_nonlinear_T32_s9401103,8,lowrank,lowrank,2,1,stack_nonlinear,32,9401103,112,8,896,packed_exact,True,896,1016,8128,960,0.007585650018882006,0.0078125,0.0002270640616188757,6.121356253192043,6.390606499789996,15232,3.7093750506755896e-05,310317056
n8_lowrank2_d1_stack_nonlinear_T32_s9401103,8,lowrank,lowrank,2,1,stack_nonlinear,32,9401103,112,8,896,SnAp1,False,224,352,2816,1024,0.011103149969130754,0.0078125,0.0003362468705745414,9.06478492956113,9.353959408125682,2464,3.7093750506755896e-05,310317056
n8_lowrank2_d1_stack_nonlinear_T32_s9401103,8,lowrank,lowrank,2,1,stack_nonlinear,32,9401103,112,8,896,SnAp2,True,896,1016,8128,960,0.0062492500292137265,0.0078125,0.0001872546854428947,5.048146463614941,5.264743002392301,15232,3.7093750506755896e-05,310317056
n8_lowrank2_d1_stack_nonlinear_T32_s9401103,8,lowrank,lowrank,2,1,stack_nonlinear,32,9401103,112,8,896,local_block,True,896,1016,8128,960,0.006238450005184859,0.0078125,0.00018651250320544932,5.028138181160186,5.255644414455213,15232,3.7093750506755896e-05,310317056
n8_lowrank2_d1_stack_nonlinear_T32_s9401104,8,lowrank,lowrank,2,1,stack_nonlinear,32,9401104,112,8,896,BPTT,True,2505,2505,20040,0,0.005227199988439679,0.0078125,0.00011054374954255763,3.092673432793894,4.570029569470444,,3.574375114112627e-05,310317056
n8_lowrank2_d1_stack_nonlinear_T32_s9401104,8,lowrank,lowrank,2,1,stack_nonlinear,32,9401104,112,8,896,RTRL,True,896,896,7168,0,0.005176099948585033,0.0,0.000160087500262307,4.478754891456049,4.525353893457796,15232,3.574375114112627e-05,310317056
n8_lowrank2_d1_stack_nonlinear_T32_s9401104,8,lowrank,lowrank,2,1,stack_nonlinear,32,9401104,112,8,896,packed_exact,True,896,1016,8128,960,0.006044400040991604,0.0078125,0.00018138281666324474,5.07453221535409,5.284490162635904,15232,3.574375114112627e-05,310317056
n8_lowrank2_d1_stack_nonlinear_T32_s9401104,8,lowrank,lowrank,2,1,stack_nonlinear,32,9401104,112,8,896,SnAp1,False,224,352,2816,1024,0.010201799974311143,0.015625,0.00030980781048128847,8.667467755638771,8.919216339059869,2464,3.574375114112627e-05,310317056
n8_lowrank2_d1_stack_nonlinear_T32_s9401104,8,lowrank,lowrank,2,1,stack_nonlinear,32,9401104,112,8,896,SnAp2,True,896,1016,8128,960,0.0062466999515891075,0.0078125,0.00018739687584456988,5.24278705681099,5.461356663894025,15232,3.574375114112627e-05,310317056
n8_lowrank2_d1_stack_nonlinear_T32_s9401104,8,lowrank,lowrank,2,1,stack_nonlinear,32,9401104,112,8,896,local_block,True,896,1016,8128,960,0.007123200048226863,0.0078125,0.0002134203150490066,5.970842685379155,6.227662022046952,15232,3.574375114112627e-05,310317056
n8_lowrank2_d1_stack_nonlinear_T128_s9401100,8,lowrank,lowrank,2,1,stack_nonlinear,128,9401100,112,8,896,BPTT,True,10185,10185,81480,0,0.02001779997954145,0.0234375,0.00010226601580143324,2.992763932899218,4.576647888388955,,3.417109337533475e-05,310317056
n8_lowrank2_d1_stack_nonlinear_T128_s9401100,8,lowrank,lowrank,2,1,stack_nonlinear,128,9401100,112,8,896,RTRL,True,896,896,7168,0,0.01985049998620525,0.015625,0.0001538656274533423,4.50280082534336,4.538398272446536,15232,3.417109337533475e-05,310317056
n8_lowrank2_d1_stack_nonlinear_T128_s9401100,8,lowrank,lowrank,2,1,stack_nonlinear,128,9401100,112,8,896,packed_exact,True,896,1016,8128,960,0.022365849989000708,0.0234375,0.0001720203126751585,5.034088631162313,5.113480014227268,15232,3.417109337533475e-05,310317056
n8_lowrank2_d1_stack_nonlinear_T128_s9401100,8,lowrank,lowrank,2,1,stack_nonlinear,128,9401100,112,8,896,SnAp1,False,224,352,2816,1024,0.04028199997264892,0.046875,0.00031161796823653276,9.119344377240902,9.209629944515545,2464,3.417109337533475e-05,310317056
n8_lowrank2_d1_stack_nonlinear_T128_s9401100,8,lowrank,lowrank,2,1,stack_nonlinear,128,9401100,112,8,896,SnAp2,True,896,1016,8128,960,0.022719149943441153,0.0234375,0.00017485781290815794,5.1171266598795215,5.194254599451933,15232,3.417109337533475e-05,310317056
n8_lowrank2_d1_stack_nonlinear_T128_s9401100,8,lowrank,lowrank,2,1,stack_nonlinear,128,9401100,112,8,896,local_block,True,896,1016,8128,960,0.02338185004191473,0.0234375,0.00018007304561251658,5.269747843143241,5.345767003882689,15232,3.417109337533475e-05,310317056
n8_lowrank2_d1_stack_nonlinear_T128_s9401101,8,lowrank,lowrank,2,1,stack_nonlinear,128,9401101,112,8,896,BPTT,True,10185,10185,81480,0,0.020076800021342933,0.0234375,0.0001015781249407155,3.163426648894738,4.8847472888105035,,3.211015655324445e-05,310317056
n8_lowrank2_d1_stack_nonlinear_T128_s9401101,8,lowrank,lowrank,2,1,stack_nonlinear,128,9401101,112,8,896,RTRL,True,896,896,7168,0,0.02132940001320094,0.0234375,0.00016530937364223064,5.148195816738476,5.189508725278863,15232,3.211015655324445e-05,310317056
n8_lowrank2_d1_stack_nonlinear_T128_s9401101,8,lowrank,lowrank,2,1,stack_nonlinear,128,9401101,112,8,896,packed_exact,True,896,1016,8128,960,0.023898549959994853,0.0234375,0.00018376875141257187,5.723072421271134,5.814590821220852,15232,3.211015655324445e-05,310317056
n8_lowrank2_d1_stack_nonlinear_T128_s9401101,8,lowrank,lowrank,2,1,stack_nonlinear,128,9401101,112,8,896,SnAp1,False,224,352,2816,1024,0.040221699979156256,0.0390625,0.0003111941396127804,9.691455072689049,9.786063501936052,2464,3.211015655324445e-05,310317056
n8_lowrank2_d1_stack_nonlinear_T128_s9401101,8,lowrank,lowrank,2,1,stack_nonlinear,128,9401101,112,8,896,SnAp2,True,896,1016,8128,960,0.023808099969755858,0.0234375,0.0001833374990383163,5.709642017294732,5.792584059977867,15232,3.211015655324445e-05,310317056
n8_lowrank2_d1_stack_nonlinear_T128_s9401101,8,lowrank,lowrank,2,1,stack_nonlinear,128,9401101,112,8,896,local_block,True,896,1016,8128,960,0.02357894997112453,0.0234375,0.00018140429801860591,5.649436735626149,5.736831159448132,15232,3.211015655324445e-05,310317056
n8_lowrank2_d1_stack_nonlinear_T128_s9401102,8,lowrank,lowrank,2,1,stack_nonlinear,128,9401102,112,8,896,BPTT,True,10185,10185,81480,0,0.020622900046873838,0.0234375,0.00010419492218716186,2.7257203899815683,4.214776166207959,,3.82265629923495e-05,310317056
n8_lowrank2_d1_stack_nonlinear_T128_s9401102,8,lowrank,lowrank,2,1,stack_nonlinear,128,9401102,112,8,896,RTRL,True,896,896,7168,0,0.019744799996260554,0.0234375,0.0001530019567326235,4.00250361936135,4.03531570446597,15232,3.82265629923495e-05,310317056
n8_lowrank2_d1_stack_nonlinear_T128_s9401102,8,lowrank,lowrank,2,1,stack_nonlinear,128,9401102,112,8,896,packed_exact,True,896,1016,8128,960,0.024254299991298467,0.0234375,0.000186665233286476,4.883128868369211,4.956938417925314,15232,3.82265629923495e-05,310317056
n8_lowrank2_d1_stack_nonlinear_T128_s9401102,8,lowrank,lowrank,2,1,stack_nonlinear,128,9401102,112,8,896,SnAp1,False,224,352,2816,1024,0.04101124999579042,0.0390625,0.00031714765691504,8.296525559426113,8.381616486322253,2464,3.82265629923495e-05,310317056
n8_lowrank2_d1_stack_nonlinear_T128_s9401102,8,lowrank,lowrank,2,1,stack_nonlinear,128,9401102,112,8,896,SnAp2,True,896,1016,8128,960,0.023581899993587285,0.0234375,0.0001813152348404401,4.743173873014107,4.819517614931073,15232,3.82265629923495e-05,310317056
n8_lowrank2_d1_stack_nonlinear_T128_s9401102,8,lowrank,lowrank,2,1,stack_nonlinear,128,9401102,112,8,896,local_block,True,896,1016,8128,960,0.022872300003655255,0.0234375,0.0001760742197802756,4.606069863396151,4.674494115893152,15232,3.82265629923495e-05,310317056
n8_lowrank2_d1_stack_nonlinear_T128_s9401103,8,lowrank,lowrank,2,1,stack_nonlinear,128,9401103,112,8,896,BPTT,True,10185,10185,81480,0,0.02017769997473806,0.015625,0.00010346992166887503,3.1320413240529055,4.771721119975079,,3.303593757664203e-05,310317056
n8_lowrank2_d1_stack_nonlinear_T128_s9401103,8,lowrank,lowrank,2,1,stack_nonlinear,128,9401103,112,8,896,RTRL,True,896,896,7168,0,0.0195934500079602,0.015625,0.00015182890501819202,4.59587092589563,4.633554831978479,15232,3.303593757664203e-05,310317056
n8_lowrank2_d1_stack_nonlinear_T128_s9401103,8,lowrank,lowrank,2,1,stack_nonlinear,128,9401103,112,8,896,packed_exact,True,896,1016,8128,960,0.023130499990656972,0.0234375,0.00017797539021557895,5.387326749927509,5.470013701223846,15232,3.303593757664203e-05,310317056
n8_lowrank2_d1_stack_nonlinear_T128_s9401103,8,lowrank,lowrank,2,1,stack_nonlinear,128,9401103,112,8,896,SnAp1,False,224,352,2816,1024,0.039930100028868765,0.0390625,0.00030902851449354785,9.354313428417592,9.442865235830432,2464,3.303593757664203e-05,310317056
n8_lowrank2_d1_stack_nonlinear_T128_s9401103,8,lowrank,lowrank,2,1,stack_nonlinear,128,9401103,112,8,896,SnAp2,True,896,1016,8128,960,0.02274944999953732,0.0234375,0.00017505351706859074,5.2988814578812455,5.379901136725991,15232,3.303593757664203e-05,310317056
n8_lowrank2_d1_stack_nonlinear_T128_s9401103,8,lowrank,lowrank,2,1,stack_nonlinear,128,9401103,112,8,896,local_block,True,896,1016,8128,960,0.022657849942333996,0.0234375,0.00017440234387322562,5.279170402493324,5.358239107451333,15232,3.303593757664203e-05,310317056
n8_lowrank2_d1_stack_nonlinear_T128_s9401104,8,lowrank,lowrank,2,1,stack_nonlinear,128,9401104,112,8,896,BPTT,True,10185,10185,81480,0,0.01935870002489537,0.015625,0.00010050351556856185,2.9899941943861514,4.499407337103746,,3.3613281175348675e-05,310317056
n8_lowrank2_d1_stack_nonlinear_T128_s9401104,8,lowrank,lowrank,2,1,stack_nonlinear,128,9401104,112,8,896,RTRL,True,896,896,7168,0,0.020154799974989146,0.015625,0.0001562785168971459,4.649308589717731,4.684439284079185,15232,3.3613281175348675e-05,310317056
n8_lowrank2_d1_stack_nonlinear_T128_s9401104,8,lowrank,lowrank,2,1,stack_nonlinear,128,9401104,112,8,896,packed_exact,True,896,1016,8128,960,0.022991799982264638,0.0234375,0.00017634413916312042,5.246263768276444,5.343823366258419,15232,3.3613281175348675e-05,310317056
n8_lowrank2_d1_stack_nonlinear_T128_s9401104,8,lowrank,lowrank,2,1,stack_nonlinear,128,9401104,112,8,896,SnAp1,False,224,352,2816,1024,0.045992900035344064,0.0390625,0.00035585077966970857,10.586612411128806,10.68980828297249,2464,3.3613281175348675e-05,310317056
n8_lowrank2_d1_stack_nonlinear_T128_s9401104,8,lowrank,lowrank,2,1,stack_nonlinear,128,9401104,112,8,896,SnAp2,True,896,1016,8128,960,0.030521449982188642,0.03125,0.00023537617289548507,7.002475350966491,7.093887286455168,15232,3.3613281175348675e-05,310317056
n8_lowrank2_d1_stack_nonlinear_T128_s9401104,8,lowrank,lowrank,2,1,stack_nonlinear,128,9401104,112,8,896,local_block,True,896,1016,8128,960,0.026787799957673997,0.03125,0.00020597578395609162,6.127809507247696,6.226101107999232,15232,3.3613281175348675e-05,310317056
n8_lowrank2_d2_stack_nonlinear_T32_s9401100,8,lowrank,lowrank,2,2,stack_nonlinear,32,9401100,224,16,3584,BPTT,True,5257,5257,42056,0,0.011069600004702806,0.015625,0.0002359546888328623,3.062358097282765,4.489617182403089,,7.704999916313682e-05,310317056
n8_lowrank2_d2_stack_nonlinear_T32_s9401100,8,lowrank,lowrank,2,2,stack_nonlinear,32,9401100,224,16,3584,RTRL,True,3584,3584,28672,0,0.01179725001566112,0.0078125,0.00036689375156129245,4.7617619149414105,4.784738053128892,118272,7.704999916313682e-05,310317056
n8_lowrank2_d2_stack_nonlinear_T32_s9401100,8,lowrank,lowrank,2,2,stack_nonlinear,32,9401100,224,16,3584,packed_exact,True,2688,2936,23488,1984,0.01351809996413067,0.015625,0.00040763593642623164,5.290537843655912,5.48268174519582,74368,7.704999916313682e-05,310317056
n8_lowrank2_d2_stack_nonlinear_T32_s9401100,8,lowrank,lowrank,2,2,stack_nonlinear,32,9401100,224,16,3584,SnAp1,False,1344,1672,13376,2624,0.025100300030317158,0.015625,0.0007683999992877943,9.97274506987174,10.180199668615774,27328,7.704999916313682e-05,310317056
n8_lowrank2_d2_stack_nonlinear_T32_s9401100,8,lowrank,lowrank,2,2,stack_nonlinear,32,9401100,224,16,3584,SnAp2,True,2688,2936,23488,1984,0.016638100030831993,0.015625,0.0004988062555639772,6.47379962338302,6.748093856076977,74368,7.704999916313682e-05,310317056
n8_lowrank2_d2_stack_nonlinear_T32_s9401100,8,lowrank,lowrank,2,2,stack_nonlinear,32,9401100,224,16,3584,local_block,False,1792,2032,16256,1920,0.015809200005605817,0.015625,0.0004777781232405687,6.200884210640628,6.4119079239593955,30464,7.704999916313682e-05,310317056
n8_lowrank2_d2_stack_nonlinear_T32_s9401101,8,lowrank,lowrank,2,2,stack_nonlinear,32,9401101,224,16,3584,BPTT,True,5257,5257,42056,0,0.011163750023115426,0.0078125,0.000225104686251143,2.960382166632056,4.587999564719371,,7.603906306030694e-05,310317056
n8_lowrank2_d2_stack_nonlinear_T32_s9401101,8,lowrank,lowrank,2,2,stack_nonlinear,32,9401101,224,16,3584,RTRL,True,3584,3584,28672,0,0.013107300037518144,0.015625,0.0004074890603078529,5.358943731127662,5.386746097168291,118272,7.603906306030694e-05,310317056
n8_lowrank2_d2_stack_nonlinear_T32_s9401101,8,lowrank,lowrank,2,2,stack_nonlinear,32,9401101,224,16,3584,packed_exact,True,2688,2936,23488,1984,0.014768500055652112,0.015625,0.0004454062491277,5.857597808306057,6.069454411518699,74368,7.603906306030694e-05,310317056
n8_lowrank2_d2_stack_nonlinear_T32_s9401101,8,lowrank,lowrank,2,2,stack_nonlinear,32,9401101,224,16,3584,SnAp1,False,1344,1672,13376,2624,0.024857999989762902,0.03125,0.0007600437456858344,9.99543806954907,10.21596622073048,27328,7.603906306030694e-05,310317056
n8_lowrank2_d2_stack_nonlinear_T32_s9401101,8,lowrank,lowrank,2,2,stack_nonlinear,32,9401101,224,16,3584,SnAp2,True,2688,2936,23488,1984,0.014902300026733428,0.015625,0.00044988124682276975,5.9164491080849695,6.124442583755578,74368,7.603906306030694e-05,310317056
n8_lowrank2_d2_stack_nonlinear_T32_s9401101,8,lowrank,lowrank,2,2,stack_nonlinear,32,9401101,224,16,3584,local_block,False,1792,2032,16256,1920,0.014459299971349537,0.015625,0.0004358484347903868,5.731901699587136,5.942381532848533,30464,7.603906306030694e-05,310317056
n8_lowrank2_d2_stack_nonlinear_T32_s9401102,8,lowrank,lowrank,2,2,stack_nonlinear,32,9401102,224,16,3584,BPTT,True,5257,5257,42056,0,0.010890849982388318,0.015625,0.0002260656237922376,3.2190182784690378,4.8461930784299065,,7.022812678769697e-05,310317056
n8_lowrank2_d2_stack_nonlinear_T32_s9401102,8,lowrank,lowrank,2,2,stack_nonlinear,32,9401102,224,16,3584,RTRL,True,3584,3584,28672,0,0.011962749937083572,0.0078125,0.0003718703082995489,5.295176239339701,5.323165412968878,118272,7.022812678769697e-05,310317056
n8_lowrank2_d2_stack_nonlinear_T32_s9401102,8,lowrank,lowrank,2,2,stack_nonlinear,32,9401102,224,16,3584,packed_exact,True,2688,2936,23488,1984,0.014581950090359896,0.015625,0.00044010780948156025,6.266831106175273,6.488652925362903,74368,7.022812678769697e-05,310317056
n8_lowrank2_d2_stack_nonlinear_T32_s9401102,8,lowrank,lowrank,2,2,stack_nonlinear,32,9401102,224,16,3584,SnAp1,False,1344,1672,13376,2624,0.02483429992571473,0.03125,0.0007540265596617246,10.736817200623669,11.05072722535642,27328,7.022812678769697e-05,310317056
n8_lowrank2_d2_stack_nonlinear_T32_s9401102,8,lowrank,lowrank,2,2,stack_nonlinear,32,9401102,224,16,3584,SnAp2,True,2688,2936,23488,1984,0.013626450032461435,0.0078125,0.0004101968734175898,5.840920044153176,6.063476031501085,74368,7.022812678769697e-05,310317056
n8_lowrank2_d2_stack_nonlinear_T32_s9401102,8,lowrank,lowrank,2,2,stack_nonlinear,32,9401102,224,16,3584,local_block,False,1792,2032,16256,1920,0.013365000020712614,0.0078125,0.0004046531230414985,5.761980869357152,5.9471364217055696,30464,7.022812678769697e-05,310317056
n8_lowrank2_d2_stack_nonlinear_T32_s9401103,8,lowrank,lowrank,2,2,stack_nonlinear,32,9401103,224,16,3584,BPTT,True,5257,5257,42056,0,0.011080650030635297,0.0078125,0.00022825468658993486,3.248310033788193,4.927799513826507,,7.026875027804635e-05,310317056
n8_lowrank2_d2_stack_nonlinear_T32_s9401103,8,lowrank,lowrank,2,2,stack_nonlinear,32,9401103,224,16,3584,RTRL,True,3584,3584,28672,0,0.011736750020645559,0.015625,0.00036500000533123966,5.194343202162718,5.219581061195599,118272,7.026875027804635e-05,310317056
n8_lowrank2_d2_stack_nonlinear_T32_s9401103,8,lowrank,lowrank,2,2,stack_nonlinear,32,9401103,224,16,3584,packed_exact,True,2688,2936,23488,1984,0.01298105000751093,0.015625,0.0003909390616172459,5.563483910989444,5.7729475923446705,74368,7.026875027804635e-05,310317056
n8_lowrank2_d2_stack_nonlinear_T32_s9401103,8,lowrank,lowrank,2,2,stack_nonlinear,32,9401103,224,16,3584,SnAp1,False,1344,1672,13376,2624,0.02309755003079772,0.0234375,0.0007052921901049558,10.037067506027727,10.27196919834699,27328,7.026875027804635e-05,310317056
n8_lowrank2_d2_stack_nonlinear_T32_s9401103,8,lowrank,lowrank,2,2,stack_nonlinear,32,9401103,224,16,3584,SnAp2,True,2688,2936,23488,1984,0.013094649999402463,0.015625,0.00039435156031686347,5.6120474429451805,5.823467912295764,74368,7.026875027804635e-05,310317056
n8_lowrank2_d2_stack_nonlinear_T32_s9401103,8,lowrank,lowrank,2,2,stack_nonlinear,32,9401103,224,16,3584,local_block,False,1792,2032,16256,1920,0.013627749984152615,0.0078125,0.0004127687479922315,5.874143859951219,6.0605487548825865,30464,7.026875027804635e-05,310317056
n8_lowrank2_d2_stack_nonlinear_T32_s9401104,8,lowrank,lowrank,2,2,stack_nonlinear,32,9401104,224,16,3584,BPTT,True,5257,5257,42056,0,0.01048820000141859,0.0078125,0.0002130015618604375,2.9476722360599723,4.535731991880052,,7.226093839562964e-05,310317056
n8_lowrank2_d2_stack_nonlinear_T32_s9401104,8,lowrank,lowrank,2,2,stack_nonlinear,32,9401104,224,16,3584,RTRL,True,3584,3584,28672,0,0.011580749996937811,0.015625,0.0003600046838982962,4.982009532276838,5.008216685796518,118272,7.226093839562964e-05,310317056
n8_lowrank2_d2_stack_nonlinear_T32_s9401104,8,lowrank,lowrank,2,2,stack_nonlinear,32,9401104,224,16,3584,packed_exact,True,2688,2936,23488,1984,0.013839350023772568,0.015625,0.00041704531577124726,5.771379738911199,5.984971934284336,74368,7.226093839562964e-05,310317056
n8_lowrank2_d2_stack_nonlinear_T32_s9401104,8,lowrank,lowrank,2,2,stack_nonlinear,32,9401104,224,16,3584,SnAp1,False,1344,1672,13376,2624,0.023876450024545193,0.0234375,0.0007284499988600146,10.08082672372369,10.325621004005173,27328,7.226093839562964e-05,310317056
n8_lowrank2_d2_stack_nonlinear_T32_s9401104,8,lowrank,lowrank,2,2,stack_nonlinear,32,9401104,224,16,3584,SnAp2,True,2688,2936,23488,1984,0.01444549998268485,0.015625,0.000436556250861031,6.041386405347789,6.247107835596607,74368,7.226093839562964e-05,310317056
n8_lowrank2_d2_stack_nonlinear_T32_s9401104,8,lowrank,lowrank,2,2,stack_nonlinear,32,9401104,224,16,3584,local_block,False,1792,2032,16256,1920,0.014668700052425265,0.015625,0.00044287656237429474,6.128851523482015,6.343633044571886,30464,7.226093839562964e-05,310317056
n8_lowrank2_d2_stack_nonlinear_T128_s9401100,8,lowrank,lowrank,2,2,stack_nonlinear,128,9401100,224,16,3584,BPTT,True,21385,21385,171080,0,0.04335514997364953,0.0390625,0.00022585507804251392,3.093044534502967,4.638601208861756,,7.302031235667528e-05,310317056
n8_lowrank2_d2_stack_nonlinear_T128_s9401100,8,lowrank,lowrank,2,2,stack_nonlinear,128,9401100,224,16,3584,RTRL,True,3584,3584,28672,0,0.05147025000769645,0.046875,0.00040046874983090675,5.484347257716123,5.506842071846722,118272,7.302031235667528e-05,310317056
n8_lowrank2_d2_stack_nonlinear_T128_s9401100,8,lowrank,lowrank,2,2,stack_nonlinear,128,9401100,224,16,3584,packed_exact,True,2688,2936,23488,1984,0.05793474992970005,0.0625,0.0004476062485991861,6.129886796605402,6.198483945329289,74368,7.302031235667528e-05,310317056
n8_lowrank2_d2_stack_nonlinear_T128_s9401100,8,lowrank,lowrank,2,2,stack_nonlinear,128,9401100,224,16,3584,SnAp1,False,1344,1672,13376,2624,0.09065894997911528,0.0859375,0.0007028097661532229,9.62485291380672,9.6996715551175,27328,7.302031235667528e-05,310317056
n8_lowrank2_d2_stack_nonlinear_T128_s9401100,8,lowrank,lowrank,2,2,stack_nonlinear,128,9401100,224,16,3584,SnAp2,True,2688,2936,23488,1984,0.050613550003618,0.0546875,0.000391067579130322,5.355599921568562,5.415183072236171,74368,7.302031235667528e-05,310317056
n8_lowrank2_d2_stack_nonlinear_T128_s9401100,8,lowrank,lowrank,2,2,stack_nonlinear,128,9401100,224,16,3584,local_block,False,1792,2032,16256,1920,0.05329994997009635,0.046875,0.00041116757984127617,5.630865803927071,5.70260309360771,30464,7.302031235667528e-05,310317056
n8_lowrank2_d2_stack_nonlinear_T128_s9401101,8,lowrank,lowrank,2,2,stack_nonlinear,128,9401101,224,16,3584,BPTT,True,21385,21385,171080,0,0.04366465000202879,0.046875,0.00022704101547788014,3.3098808176734638,4.973109812750347,,6.859492168587167e-05,310317056
n8_lowrank2_d2_stack_nonlinear_T128_s9401101,8,lowrank,lowrank,2,2,stack_nonlinear,128,9401101,224,16,3584,RTRL,True,3584,3584,28672,0,0.049101199954748154,0.046875,0.00038195429669940495,5.5682590972047885,5.592296269440595,118272,6.859492168587167e-05,310317056
n8_lowrank2_d2_stack_nonlinear_T128_s9401101,8,lowrank,lowrank,2,2,stack_nonlinear,128,9401101,224,16,3584,packed_exact,True,2688,2936,23488,1984,0.05319269991014153,0.0546875,0.00041077343848883174,5.988394306650805,6.058290582370827,74368,6.859492168587167e-05,310317056
n8_lowrank2_d2_stack_nonlinear_T128_s9401101,8,lowrank,lowrank,2,2,stack_nonlinear,128,9401101,224,16,3584,SnAp1,False,1344,1672,13376,2624,0.09676360001321882,0.0859375,0.0007502742200813373,10.937751682510768,11.020722912480217,27328,6.859492168587167e-05,310317056
n8_lowrank2_d2_stack_nonlinear_T128_s9401101,8,lowrank,lowrank,2,2,stack_nonlinear,128,9401101,224,16,3584,SnAp2,True,2688,2936,23488,1984,0.05169265001313761,0.046875,0.00039946601373230806,5.8235508389622535,5.887444993042646,74368,6.859492168587167e-05,310317056
n8_lowrank2_d2_stack_nonlinear_T128_s9401101,8,lowrank,lowrank,2,2,stack_nonlinear,128,9401101,224,16,3584,local_block,False,1792,2032,16256,1920,0.05491654999786988,0.0546875,0.00042433164117028355,6.186050377220303,6.2546255074553985,30464,6.859492168587167e-05,310317056
n8_lowrank2_d2_stack_nonlinear_T128_s9401102,8,lowrank,lowrank,2,2,stack_nonlinear,128,9401102,224,16,3584,BPTT,True,21385,21385,171080,0,0.04060190002201125,0.046875,0.00021032656241004588,2.991261248442971,4.511247026608219,,7.031367204035632e-05,310317056
n8_lowrank2_d2_stack_nonlinear_T128_s9401102,8,lowrank,lowrank,2,2,stack_nonlinear,128,9401102,224,16,3584,RTRL,True,3584,3584,28672,0,0.04551835003076121,0.046875,0.0003541546884662239,5.03678272218464,5.057510144132701,118272,7.031367204035632e-05,310317056
n8_lowrank2_d2_stack_nonlinear_T128_s9401102,8,lowrank,lowrank,2,2,stack_nonlinear,128,9401102,224,16,3584,packed_exact,True,2688,2936,23488,1984,0.05158695002319291,0.046875,0.00039821601694711717,5.663422281779883,5.731787792634138,74368,7.031367204035632e-05,310317056
n8_lowrank2_d2_stack_nonlinear_T128_s9401102,8,lowrank,lowrank,2,2,stack_nonlinear,128,9401102,224,16,3584,SnAp1,False,1344,1672,13376,2624,0.08683894999558106,0.0859375,0.000673193750117207,9.574151521070176,9.648611388850444,27328,7.031367204035632e-05,310317056
n8_lowrank2_d2_stack_nonlinear_T128_s9401102,8,lowrank,lowrank,2,2,stack_nonlinear,128,9401102,224,16,3584,SnAp2,True,2688,2936,23488,1984,0.04977190005593002,0.046875,0.0003843894528472447,5.466781092397301,5.530118935671259,74368,7.031367204035632e-05,310317056
n8_lowrank2_d2_stack_nonlinear_T128_s9401102,8,lowrank,lowrank,2,2,stack_nonlinear,128,9401102,224,16,3584,local_block,False,1792,2032,16256,1920,0.05107365001458675,0.0546875,0.0003946601577808906,5.612850905502085,5.674755409018415,30464,7.031367204035632e-05,310317056
n8_lowrank2_d2_stack_nonlinear_T128_s9401103,8,lowrank,lowrank,2,2,stack_nonlinear,128,9401103,224,16,3584,BPTT,True,21385,21385,171080,0,0.04233775002649054,0.046875,0.0002196539062424563,3.280922323371561,4.940544577869598,,6.69488285893749e-05,310317056
n8_lowrank2_d2_stack_nonlinear_T128_s9401103,8,lowrank,lowrank,2,2,stack_nonlinear,128,9401103,224,16,3584,RTRL,True,3584,3584,28672,0,0.04680939996615052,0.046875,0.00036425742246137816,5.440833396735303,5.462357519031917,118272,6.69488285893749e-05,310317056
n8_lowrank2_d2_stack_nonlinear_T128_s9401103,8,lowrank,lowrank,2,2,stack_nonlinear,128,9401103,224,16,3584,packed_exact,True,2688,2936,23488,1984,0.05286080000223592,0.046875,0.0004083328112756135,6.09917783296985,6.168517190202328,74368,6.69488285893749e-05,310317056
n8_lowrank2_d2_stack_nonlinear_T128_s9401103,8,lowrank,lowrank,2,2,stack_nonlinear,128,9401103,224,16,3584,SnAp1,False,1344,1672,13376,2624,0.09869225003058091,0.09375,0.0007652804688405013,11.430826871285317,11.51675420779924,27328,6.69488285893749e-05,310317056
n8_lowrank2_d2_stack_nonlinear_T128_s9401103,8,lowrank,lowrank,2,2,stack_nonlinear,128,9401103,224,16,3584,SnAp2,True,2688,2936,23488,1984,0.05281949997879565,0.046875,0.0004079378900314623,6.093278980779718,6.16369774167835,74368,6.69488285893749e-05,310317056
n8_lowrank2_d2_stack_nonlinear_T128_s9401103,8,lowrank,lowrank,2,2,stack_nonlinear,128,9401103,224,16,3584,local_block,False,1792,2032,16256,1920,0.0513667999766767,0.0546875,0.00039712148191028973,5.931716659988205,5.994176944889451,30464,6.69488285893749e-05,310317056
n8_lowrank2_d2_stack_nonlinear_T128_s9401104,8,lowrank,lowrank,2,2,stack_nonlinear,128,9401104,224,16,3584,BPTT,True,21385,21385,171080,0,0.042441099998541176,0.0390625,0.00022563476568393526,3.4976414666400357,5.139796622581808,,6.451054741773987e-05,310317056
n8_lowrank2_d2_stack_nonlinear_T128_s9401104,8,lowrank,lowrank,2,2,stack_nonlinear,128,9401104,224,16,3584,RTRL,True,3584,3584,28672,0,0.050987950002308935,0.0546875,0.0003968624987464864,6.151900962436298,6.174856288438461,118272,6.451054741773987e-05,310317056
n8_lowrank2_d2_stack_nonlinear_T128_s9401104,8,lowrank,lowrank,2,2,stack_nonlinear,128,9401104,224,16,3584,packed_exact,True,2688,2936,23488,1984,0.05610510002588853,0.0546875,0.0004334062518864812,6.718378144893839,6.794564788202672,74368,6.451054741773987e-05,310317056
n8_lowrank2_d2_stack_nonlinear_T128_s9401104,8,lowrank,lowrank,2,2,stack_nonlinear,128,9401104,224,16,3584,SnAp1,False,1344,1672,13376,2624,0.09994039998855442,0.09375,0.0007754683574603405,12.02079952040669,12.103204920190649,27328,6.451054741773987e-05,310317056
n8_lowrank2_d2_stack_nonlinear_T128_s9401104,8,lowrank,lowrank,2,2,stack_nonlinear,128,9401104,224,16,3584,SnAp2,True,2688,2936,23488,1984,0.05651634995592758,0.0625,0.00043698672016034834,6.77388020490089,6.844368893221731,74368,6.451054741773987e-05,310317056
n8_lowrank2_d2_stack_nonlinear_T128_s9401104,8,lowrank,lowrank,2,2,stack_nonlinear,128,9401104,224,16,3584,local_block,False,1792,2032,16256,1920,0.04876079998211935,0.046875,0.00037659921872545965,5.83779294704757,5.905139006083694,30464,6.451054741773987e-05,310317056
n8_lowrank2_d3_stack_nonlinear_T32_s9401100,8,lowrank,lowrank,2,3,stack_nonlinear,32,9401100,336,24,8064,BPTT,True,8009,8009,64072,0,0.014745499938726425,0.015625,0.0003102999980910681,2.7685272707175073,4.111275273109497,,0.00011208125033590477,310317056
n8_lowrank2_d3_stack_nonlinear_T32_s9401100,8,lowrank,lowrank,2,3,stack_nonlinear,32,9401100,336,24,8064,RTRL,True,8064,8064,64512,0,0.01666015002410859,0.0078125,0.0005189421917748405,4.630053556857935,4.645109567327978,395136,0.00011208125033590477,310317056
n8_lowrank2_d3_stack_nonlinear_T32_s9401100,8,lowrank,lowrank,2,3,stack_nonlinear,32,9401100,336,24,8064,packed_exact,True,5376,5760,46080,3072,0.019386200001463294,0.0234375,0.0005840640642418293,5.2110773433683475,5.4051748015846,206080,0.00011208125033590477,310317056
n8_lowrank2_d3_stack_nonlinear_T32_s9401100,8,lowrank,lowrank,2,3,stack_nonlinear,32,9401100,336,24,8064,SnAp1,False,3360,3960,31680,4800,0.03654154995456338,0.03125,0.00111586562343291,9.955863448067255,10.188353829545878,103264,0.00011208125033590477,310317056
n8_lowrank2_d3_stack_nonlinear_T32_s9401100,8,lowrank,lowrank,2,3,stack_nonlinear,32,9401100,336,24,8064,SnAp2,True,5376,5760,46080,3072,0.02102410001680255,0.0234375,0.0006346124991978286,5.6620754791359875,5.861846861594222,206080,0.00011208125033590477,310317056
n8_lowrank2_d3_stack_nonlinear_T32_s9401100,8,lowrank,lowrank,2,3,stack_nonlinear,32,9401100,336,24,8064,local_block,False,2688,3048,24384,2880,0.019368600042071193,0.015625,0.0005860312521690503,5.228628788604061,5.400267658513347,45696,0.00011208125033590477,310317056
n8_lowrank2_d3_stack_nonlinear_T32_s9401101,8,lowrank,lowrank,2,3,stack_nonlinear,32,9401101,336,24,8064,BPTT,True,8009,8009,64072,0,0.01693245000205934,0.015625,0.0003568874981283443,3.5994704768663714,5.336753021178119,,9.915000009641517e-05,310317056
n8_lowrank2_d3_stack_nonlinear_T32_s9401101,8,lowrank,lowrank,2,3,stack_nonlinear,32,9401101,336,24,8064,RTRL,True,8064,8064,64512,0,0.017294950026553124,0.015625,0.0005384531268646242,5.430692146656814,5.451005424147509,395136,9.915000009641517e-05,310317056
n8_lowrank2_d3_stack_nonlinear_T32_s9401101,8,lowrank,lowrank,2,3,stack_nonlinear,32,9401101,336,24,8064,packed_exact,True,5376,5760,46080,3072,0.02086495002731681,0.0234375,0.0006289062512223609,6.342977817557252,6.576194530707063,206080,9.915000009641517e-05,310317056
n8_lowrank2_d3_stack_nonlinear_T32_s9401101,8,lowrank,lowrank,2,3,stack_nonlinear,32,9401101,336,24,8064,SnAp1,False,3360,3960,31680,4800,0.035795000032521784,0.0390625,0.001089057815988781,10.983941653351108,11.281833080469651,103264,9.915000009641517e-05,310317056
n8_lowrank2_d3_stack_nonlinear_T32_s9401101,8,lowrank,lowrank,2,3,stack_nonlinear,32,9401101,336,24,8064,SnAp2,True,5376,5760,46080,3072,0.020033399923704565,0.0234375,0.0006041437500243774,6.093229948934923,6.314107382823923,206080,9.915000009641517e-05,310317056
n8_lowrank2_d3_stack_nonlinear_T32_s9401101,8,lowrank,lowrank,2,3,stack_nonlinear,32,9401101,336,24,8064,local_block,False,2688,3048,24384,2880,0.01982884999597445,0.015625,0.0005991421894577798,6.042785566063173,6.249637536779039,45696,9.915000009641517e-05,310317056
n8_lowrank2_d3_stack_nonlinear_T32_s9401102,8,lowrank,lowrank,2,3,stack_nonlinear,32,9401102,336,24,8064,BPTT,True,8009,8009,64072,0,0.01600310002686456,0.015625,0.0003292328110546805,3.2828386657028417,4.986554515462597,,0.000100289062174852,310317056
n8_lowrank2_d3_stack_nonlinear_T32_s9401102,8,lowrank,lowrank,2,3,stack_nonlinear,32,9401102,336,24,8064,RTRL,True,8064,8064,64512,0,0.01689264999004081,0.015625,0.000525943754837499,5.244278323398083,5.263737647365773,395136,0.000100289062174852,310317056
n8_lowrank2_d3_stack_nonlinear_T32_s9401102,8,lowrank,lowrank,2,3,stack_nonlinear,32,9401102,336,24,8064,packed_exact,True,5376,5760,46080,3072,0.02050914999563247,0.015625,0.0006160656266729347,6.142899467928381,6.3906364608944,206080,0.000100289062174852,310317056
n8_lowrank2_d3_stack_nonlinear_T32_s9401102,8,lowrank,lowrank,2,3,stack_nonlinear,32,9401102,336,24,8064,SnAp1,False,3360,3960,31680,4800,0.03532865003217012,0.03125,0.0010789578100229846,10.758479405678786,11.008382066435903,103264,0.000100289062174852,310317056
n8_lowrank2_d3_stack_nonlinear_T32_s9401102,8,lowrank,lowrank,2,3,stack_nonlinear,32,9401102,336,24,8064,SnAp2,True,5376,5760,46080,3072,0.019923399959225208,0.015625,0.00060048593513784,5.987551604490075,6.208117168752521,206080,0.000100289062174852,310317056
n8_lowrank2_d3_stack_nonlinear_T32_s9401102,8,lowrank,lowrank,2,3,stack_nonlinear,32,9401102,336,24,8064,local_block,False,2688,3048,24384,2880,0.019123150035738945,0.0234375,0.0005790906270703999,5.774215198670088,5.958759865307554,45696,0.000100289062174852,310317056
n8_lowrank2_d3_stack_nonlinear_T32_s9401103,8,lowrank,lowrank,2,3,stack_nonlinear,32,9401103,336,24,8064,BPTT,True,8009,8009,64072,0,0.014881749986670911,0.015625,0.00031129218768910505,3.138322720764124,4.688494438959453,,9.919062358676456e-05,310317056
n8_lowrank2_d3_stack_nonlinear_T32_s9401103,8,lowrank,lowrank,2,3,stack_nonlinear,32,9401103,336,24,8064,RTRL,True,8064,8064,64512,0,0.016604649950750172,0.015625,0.0005170515632926254,5.212706046155131,5.231293969102351,395136,9.919062358676456e-05,310317056
n8_lowrank2_d3_stack_nonlinear_T32_s9401103,8,lowrank,lowrank,2,3,stack_nonlinear,32,9401103,336,24,8064,packed_exact,True,5376,5760,46080,3072,0.01922810001997277,0.0234375,0.0005787984355265507,5.835213194523987,6.057811755750741,206080,9.919062358676456e-05,310317056
n8_lowrank2_d3_stack_nonlinear_T32_s9401103,8,lowrank,lowrank,2,3,stack_nonlinear,32,9401103,336,24,8064,SnAp1,False,3360,3960,31680,4800,0.033289499988313764,0.03125,0.001015984378682333,10.242746158296159,10.487854970735526,103264,9.919062358676456e-05,310317056
n8_lowrank2_d3_stack_nonlinear_T32_s9401103,8,lowrank,lowrank,2,3,stack_nonlinear,32,9401103,336,24,8064,SnAp2,True,5376,5760,46080,3072,0.018988550000358373,0.0234375,0.0005661234372382751,5.707428956156048,5.982341536467345,206080,9.919062358676456e-05,310317056
n8_lowrank2_d3_stack_nonlinear_T32_s9401103,8,lowrank,lowrank,2,3,stack_nonlinear,32,9401103,336,24,8064,local_block,False,2688,3048,24384,2880,0.019285699992906302,0.0234375,0.0005844421866640914,5.892111225138786,6.075958623761893,45696,9.919062358676456e-05,310317056
n8_lowrank2_d3_stack_nonlinear_T32_s9401104,8,lowrank,lowrank,2,3,stack_nonlinear,32,9401104,336,24,8064,BPTT,True,8009,8009,64072,0,0.015745250042527914,0.0078125,0.0003324046883790288,3.217711546482323,4.762988707300083,,0.00010330468830943573,310349824
n8_lowrank2_d3_stack_nonlinear_T32_s9401104,8,lowrank,lowrank,2,3,stack_nonlinear,32,9401104,336,24,8064,RTRL,True,8064,8064,64512,0,0.01804504997562617,0.015625,0.0005618359391519334,5.438629633817074,5.458685573390488,395136,0.00010330468830943573,310349824
n8_lowrank2_d3_stack_nonlinear_T32_s9401104,8,lowrank,lowrank,2,3,stack_nonlinear,32,9401104,336,24,8064,packed_exact,True,5376,5760,46080,3072,0.020608699996955693,0.0234375,0.0006209421881067101,6.010784198358536,6.234197938585147,206080,0.00010330468830943573,310349824
n8_lowrank2_d3_stack_nonlinear_T32_s9401104,8,lowrank,lowrank,2,3,stack_nonlinear,32,9401104,336,24,8064,SnAp1,False,3360,3960,31680,4800,0.034413049987051636,0.03125,0.001046231252985308,10.12762605557125,10.410058146384602,103264,0.00010330468830943573,310349824
n8_lowrank2_d3_stack_nonlinear_T32_s9401104,8,lowrank,lowrank,2,3,stack_nonlinear,32,9401104,336,24,8064,SnAp2,True,5376,5760,46080,3072,0.02038969995919615,0.0234375,0.0006148640659375815,5.951947351080875,6.16794972379468,206080,0.00010330468830943573,310349824
n8_lowrank2_d3_stack_nonlinear_T32_s9401104,8,lowrank,lowrank,2,3,stack_nonlinear,32,9401104,336,24,8064,local_block,False,2688,3048,24384,2880,0.020128399948589504,0.015625,0.0006095312492107041,5.900325137083156,6.088905631362025,45696,0.00010330468830943573,310349824
n8_lowrank2_d3_stack_nonlinear_T128_s9401100,8,lowrank,lowrank,2,3,stack_nonlinear,128,9401100,336,24,8064,BPTT,True,32585,32585,260680,0,0.059984149993397295,0.0625,0.00031403867205881397,3.0686334457053026,4.579187445171897,,0.00010233828106720466,310349824
n8_lowrank2_d3_stack_nonlinear_T128_s9401100,8,lowrank,lowrank,2,3,stack_nonlinear,128,9401100,336,24,8064,RTRL,True,8064,8064,64512,0,0.07057774998247623,0.0703125,0.0005500671868503559,5.374989506508631,5.387902415284887,395136,0.00010233828106720466,310349824
n8_lowrank2_d3_stack_nonlinear_T128_s9401100,8,lowrank,lowrank,2,3,stack_nonlinear,128,9401100,336,24,8064,packed_exact,True,5376,5760,46080,3072,0.07415354996919632,0.078125,0.0005727621096411895,5.596753274222591,5.660878833345938,206080,0.00010233828106720466,310349824
n8_lowrank2_d3_stack_nonlinear_T128_s9401100,8,lowrank,lowrank,2,3,stack_nonlinear,128,9401100,336,24,8064,SnAp1,False,3360,3960,31680,4800,0.12769119994482026,0.1328125,0.0009907300777740602,9.680933346178215,9.747940742856539,103264,0.00010233828106720466,310349824
n8_lowrank2_d3_stack_nonlinear_T128_s9401100,8,lowrank,lowrank,2,3,stack_nonlinear,128,9401100,336,24,8064,SnAp2,True,5376,5760,46080,3072,0.07566224999027327,0.0625,0.0005850582019775175,5.716904719098368,5.776052928432834,206080,0.00010233828106720466,310349824
n8_lowrank2_d3_stack_nonlinear_T128_s9401100,8,lowrank,lowrank,2,3,stack_nonlinear,128,9401100,336,24,8064,local_block,False,2688,3048,24384,2880,0.07600910001201555,0.0703125,0.000588029298796755,5.745936834825292,5.802531444259009,45696,0.00010233828106720466,310349824
n8_lowrank2_d3_stack_nonlinear_T128_s9401101,8,lowrank,lowrank,2,3,stack_nonlinear,128,9401101,336,24,8064,BPTT,True,32585,32585,260680,0,0.061447749962098897,0.0625,0.00032012304654926993,3.422160317829924,5.131914650840979,,9.354414078188711e-05,310349824
n8_lowrank2_d3_stack_nonlinear_T128_s9401101,8,lowrank,lowrank,2,3,stack_nonlinear,128,9401101,336,24,8064,RTRL,True,8064,8064,64512,0,0.0657220000284724,0.0625,0.0005121011708979495,5.474433423809985,5.488886005374055,395136,9.354414078188711e-05,310349824
n8_lowrank2_d3_stack_nonlinear_T128_s9401101,8,lowrank,lowrank,2,3,stack_nonlinear,128,9401101,336,24,8064,packed_exact,True,5376,5760,46080,3072,0.07391949999146163,0.078125,0.0005708050784960506,6.101986438968662,6.173514330842132,206080,9.354414078188711e-05,310349824
n8_lowrank2_d3_stack_nonlinear_T128_s9401101,8,lowrank,lowrank,2,3,stack_nonlinear,128,9401101,336,24,8064,SnAp1,False,3360,3960,31680,4800,0.12801994994515553,0.125,0.000992633204532467,10.611388337479603,10.691806569462736,103264,9.354414078188711e-05,310349824
n8_lowrank2_d3_stack_nonlinear_T128_s9401101,8,lowrank,lowrank,2,3,stack_nonlinear,128,9401101,336,24,8064,SnAp2,True,5376,5760,46080,3072,0.07380785001441836,0.078125,0.0005701605500689766,6.0950963395815,6.164189690748592,206080,9.354414078188711e-05,310349824
n8_lowrank2_d3_stack_nonlinear_T128_s9401101,8,lowrank,lowrank,2,3,stack_nonlinear,128,9401101,336,24,8064,local_block,False,2688,3048,24384,2880,0.07539270003326237,0.078125,0.0005832285155520367,6.234794725539527,6.29655116917714,45696,9.354414078188711e-05,310349824
n8_lowrank2_d3_stack_nonlinear_T128_s9401102,8,lowrank,lowrank,2,3,stack_nonlinear,128,9401102,336,24,8064,BPTT,True,32585,32585,260680,0,0.061201500007882714,0.0625,0.00031694843755758484,3.4089068178201405,5.142551050786695,,9.29765624277934e-05,310349824
n8_lowrank2_d3_stack_nonlinear_T128_s9401102,8,lowrank,lowrank,2,3,stack_nonlinear,128,9401102,336,24,8064,RTRL,True,8064,8064,64512,0,0.07079095003427938,0.0703125,0.0005515933580682031,5.932606494207359,5.948319476452096,395136,9.29765624277934e-05,310349824
n8_lowrank2_d3_stack_nonlinear_T128_s9401102,8,lowrank,lowrank,2,3,stack_nonlinear,128,9401102,336,24,8064,packed_exact,True,5376,5760,46080,3072,0.0740135500091128,0.078125,0.0005716832038160646,6.148680795335276,6.219103442281534,206080,9.29765624277934e-05,310349824
n8_lowrank2_d3_stack_nonlinear_T128_s9401102,8,lowrank,lowrank,2,3,stack_nonlinear,128,9401102,336,24,8064,SnAp1,False,3360,3960,31680,4800,0.130048849969171,0.125,0.001008359764909983,10.8453113191089,10.927556513752485,103264,9.29765624277934e-05,310349824
n8_lowrank2_d3_stack_nonlinear_T128_s9401102,8,lowrank,lowrank,2,3,stack_nonlinear,128,9401102,336,24,8064,SnAp2,True,5376,5760,46080,3072,0.07458990003215149,0.0703125,0.0005764253924098739,6.199684924440308,6.267532147725301,206080,9.29765624277934e-05,310349824
n8_lowrank2_d3_stack_nonlinear_T128_s9401102,8,lowrank,lowrank,2,3,stack_nonlinear,128,9401102,336,24,8064,local_block,False,2688,3048,24384,2880,0.0749125499278307,0.0703125,0.0005797793000965612,6.235757538861733,6.294643306109452,45696,9.29765624277934e-05,310349824
n8_lowrank2_d3_stack_nonlinear_T128_s9401103,8,lowrank,lowrank,2,3,stack_nonlinear,128,9401103,336,24,8064,BPTT,True,32585,32585,260680,0,0.060431349906139076,0.0546875,0.0003136804684800154,3.3089747895299433,4.980332133086948,,9.479687469138298e-05,310349824
n8_lowrank2_d3_stack_nonlinear_T128_s9401103,8,lowrank,lowrank,2,3,stack_nonlinear,128,9401103,336,24,8064,RTRL,True,8064,8064,64512,0,0.0645802499493584,0.0625,0.0005031605473959644,5.307775694441766,5.322255658447615,395136,9.479687469138298e-05,310349824
n8_lowrank2_d3_stack_nonlinear_T128_s9401103,8,lowrank,lowrank,2,3,stack_nonlinear,128,9401103,336,24,8064,packed_exact,True,5376,5760,46080,3072,0.07511799992062151,0.0703125,0.0005802558603136276,6.121044203225961,6.1907038210954966,206080,9.479687469138298e-05,310349824
n8_lowrank2_d3_stack_nonlinear_T128_s9401103,8,lowrank,lowrank,2,3,stack_nonlinear,128,9401103,336,24,8064,SnAp1,False,3360,3960,31680,4800,0.12826630001654848,0.125,0.000995090233573137,10.497078482942756,10.570817573275693,103264,9.479687469138298e-05,310349824
n8_lowrank2_d3_stack_nonlinear_T128_s9401103,8,lowrank,lowrank,2,3,stack_nonlinear,128,9401103,336,24,8064,SnAp2,True,5376,5760,46080,3072,0.07443370000692084,0.078125,0.0005750121094934002,6.065728552395712,6.134308575016013,206080,9.479687469138298e-05,310349824
n8_lowrank2_d3_stack_nonlinear_T128_s9401103,8,lowrank,lowrank,2,3,stack_nonlinear,128,9401103,336,24,8064,local_block,False,2688,3048,24384,2880,0.07684225001139566,0.0703125,0.0005948015623289393,6.274484937033549,6.332804537791355,45696,9.479687469138298e-05,310349824
n8_lowrank2_d3_stack_nonlinear_T128_s9401104,8,lowrank,lowrank,2,3,stack_nonlinear,128,9401104,336,24,8064,BPTT,True,32585,32585,260680,0,0.061184349935501814,0.0546875,0.000317132812597265,3.375759365318015,5.088159097438419,,9.3944140644453e-05,310349824
n8_lowrank2_d3_stack_nonlinear_T128_s9401104,8,lowrank,lowrank,2,3,stack_nonlinear,128,9401104,336,24,8064,RTRL,True,8064,8064,64512,0,0.07095600001048297,0.0703125,0.0005519304695553728,5.875092004345904,5.900780466765916,395136,9.3944140644453e-05,310349824
n8_lowrank2_d3_stack_nonlinear_T128_s9401104,8,lowrank,lowrank,2,3,stack_nonlinear,128,9401104,336,24,8064,packed_exact,True,5376,5760,46080,3072,0.07518364989664406,0.0625,0.0005810730472148862,6.185303769120124,6.252356568362664,206080,9.3944140644453e-05,310349824
n8_lowrank2_d3_stack_nonlinear_T128_s9401104,8,lowrank,lowrank,2,3,stack_nonlinear,128,9401104,336,24,8064,SnAp1,False,3360,3960,31680,4800,0.12817229994107038,0.1328125,0.0009944101561814023,10.585121641006973,10.658952079612614,103264,9.3944140644453e-05,310349824
n8_lowrank2_d3_stack_nonlinear_T128_s9401104,8,lowrank,lowrank,2,3,stack_nonlinear,128,9401104,336,24,8064,SnAp2,True,5376,5760,46080,3072,0.07395784993423149,0.0703125,0.0005715820329896815,6.084275496786195,6.150417669984827,206080,9.3944140644453e-05,310349824
n8_lowrank2_d3_stack_nonlinear_T128_s9401104,8,lowrank,lowrank,2,3,stack_nonlinear,128,9401104,336,24,8064,local_block,False,2688,3048,24384,2880,0.07614785002078861,0.0625,0.0005892753897569492,6.272614616670543,6.332540531068636,45696,9.3944140644453e-05,310349824
n8_lowrank4_d1_stack_nonlinear_T32_s9401100,8,lowrank,lowrank,4,1,stack_nonlinear,32,9401100,144,8,1152,BPTT,True,2505,2505,20040,0,0.004886800015810877,0.0078125,0.0001001218734018039,2.1045751983853345,3.210037228662954,,4.7573435949743725e-05,310349824
n8_lowrank4_d1_stack_nonlinear_T32_s9401100,8,lowrank,lowrank,4,1,stack_nonlinear,32,9401100,144,8,1152,RTRL,True,1152,1152,9216,0,0.004925900022499263,0.0,0.0001524500021332642,3.204519477935363,3.2357212093260883,19584,4.7573435949743725e-05,310349824
n8_lowrank4_d1_stack_nonlinear_T32_s9401100,8,lowrank,lowrank,4,1,stack_nonlinear,32,9401100,144,8,1152,packed_exact,True,1152,1304,10432,1216,0.0058453999808989465,0.0078125,0.00017385155842930544,3.654383059759676,3.8397215958095225,19584,4.7573435949743725e-05,310349824
n8_lowrank4_d1_stack_nonlinear_T32_s9401100,8,lowrank,lowrank,4,1,stack_nonlinear,32,9401100,144,8,1152,SnAp1,False,368,528,4224,1280,0.010035499988589436,0.0078125,0.0003031484411621932,6.372220864653065,6.592111088522485,4688,4.7573435949743725e-05,310349824
n8_lowrank4_d1_stack_nonlinear_T32_s9401100,8,lowrank,lowrank,4,1,stack_nonlinear,32,9401100,144,8,1152,SnAp2,True,1152,1304,10432,1216,0.0060901500401087105,0.0,0.0001798828125174623,3.7811608290704366,4.000492816084318,19584,4.7573435949743725e-05,310349824
n8_lowrank4_d1_stack_nonlinear_T32_s9401100,8,lowrank,lowrank,4,1,stack_nonlinear,32,9401100,144,8,1152,local_block,True,1152,1304,10432,1216,0.005826400010846555,0.0078125,0.00017340468912152573,3.6449898070156075,3.8272409109003127,19584,4.7573435949743725e-05,310349824
n8_lowrank4_d1_stack_nonlinear_T32_s9401101,8,lowrank,lowrank,4,1,stack_nonlinear,32,9401101,144,8,1152,BPTT,True,2505,2505,20040,0,0.004956250020768493,0.0078125,9.908593892760109e-05,3.0458695400191105,4.7610473085162175,,3.253124850743916e-05,310349824
n8_lowrank4_d1_stack_nonlinear_T32_s9401101,8,lowrank,lowrank,4,1,stack_nonlinear,32,9401101,144,8,1152,RTRL,True,1152,1152,9216,0,0.005070149956736714,0.0078125,0.00015684687423345167,4.8214219075417395,4.870461277002331,19584,3.253124850743916e-05,310349824
n8_lowrank4_d1_stack_nonlinear_T32_s9401101,8,lowrank,lowrank,4,1,stack_nonlinear,32,9401101,144,8,1152,packed_exact,True,1152,1304,10432,1216,0.005885849997866899,0.0078125,0.0001742484400892863,5.35634038298406,5.654034839495303,19584,3.253124850743916e-05,310349824
n8_lowrank4_d1_stack_nonlinear_T32_s9401101,8,lowrank,lowrank,4,1,stack_nonlinear,32,9401101,144,8,1152,SnAp1,False,368,528,4224,1280,0.010994599957484752,0.0078125,0.0003329828105052002,10.235783309363443,10.561575851994407,4688,3.253124850743916e-05,310349824
n8_lowrank4_d1_stack_nonlinear_T32_s9401101,8,lowrank,lowrank,4,1,stack_nonlinear,32,9401101,144,8,1152,SnAp2,True,1152,1304,10432,1216,0.006506000005174428,0.0078125,0.00019342030827829149,5.945677376448083,6.249760138016465,19584,3.253124850743916e-05,310349824
n8_lowrank4_d1_stack_nonlinear_T32_s9401101,8,lowrank,lowrank,4,1,stack_nonlinear,32,9401101,144,8,1152,local_block,True,1152,1304,10432,1216,0.005856300005689263,0.0078125,0.00017401874902134296,5.349279754250711,5.6256486785602275,19584,3.253124850743916e-05,310349824
n8_lowrank4_d1_stack_nonlinear_T32_s9401102,8,lowrank,lowrank,4,1,stack_nonlinear,32,9401102,144,8,1152,BPTT,True,2505,2505,20040,0,0.005096550041344017,0.0078125,0.00010154843766940758,2.740155142876762,4.297622065646009,,3.7059375245007686e-05,310349824
n8_lowrank4_d1_stack_nonlinear_T32_s9401102,8,lowrank,lowrank,4,1,stack_nonlinear,32,9401102,144,8,1152,RTRL,True,1152,1152,9216,0,0.004873550031334162,0.0078125,0.0001506375028839102,4.064760992003036,4.109579221784341,19584,3.7059375245007686e-05,310349824
n8_lowrank4_d1_stack_nonlinear_T32_s9401102,8,lowrank,lowrank,4,1,stack_nonlinear,32,9401102,144,8,1152,packed_exact,True,1152,1304,10432,1216,0.006014950049575418,0.0,0.00017858749924926087,4.818956015005099,5.072054987612159,19584,3.7059375245007686e-05,310349824
n8_lowrank4_d1_stack_nonlinear_T32_s9401102,8,lowrank,lowrank,4,1,stack_nonlinear,32,9401102,144,8,1152,SnAp1,False,368,528,4224,1280,0.010318249987903982,0.015625,0.00031154688076640014,8.406695436895392,8.700775714383811,4688,3.7059375245007686e-05,310349824
n8_lowrank4_d1_stack_nonlinear_T32_s9401102,8,lowrank,lowrank,4,1,stack_nonlinear,32,9401102,144,8,1152,SnAp2,True,1152,1304,10432,1216,0.006363250024151057,0.0078125,0.000189309370398405,5.108272040390295,5.365755950824024,19584,3.7059375245007686e-05,310349824
n8_lowrank4_d1_stack_nonlinear_T32_s9401102,8,lowrank,lowrank,4,1,stack_nonlinear,32,9401102,144,8,1152,local_block,True,1152,1304,10432,1216,0.005731399927753955,0.0,0.000170490626260289,4.600472218787768,4.832953781821746,19584,3.7059375245007686e-05,310349824
n8_lowrank4_d1_stack_nonlinear_T32_s9401103,8,lowrank,lowrank,4,1,stack_nonlinear,32,9401103,144,8,1152,BPTT,True,2505,2505,20040,0,0.0050958499778062105,0.0,0.00010660156294761691,3.207871149667591,4.792035194781651,,3.323124838061631e-05,310349824
n8_lowrank4_d1_stack_nonlinear_T32_s9401103,8,lowrank,lowrank,4,1,stack_nonlinear,32,9401103,144,8,1152,RTRL,True,1152,1152,9216,0,0.005020049982704222,0.0078125,0.00015531249664491042,4.673688296811135,4.720754398471909,19584,3.323124838061631e-05,310349824
n8_lowrank4_d1_stack_nonlinear_T32_s9401103,8,lowrank,lowrank,4,1,stack_nonlinear,32,9401103,144,8,1152,packed_exact,True,1152,1304,10432,1216,0.005764650006312877,0.0078125,0.00017036093959177379,5.126528430124967,5.420961338375589,19584,3.323124838061631e-05,310349824
n8_lowrank4_d1_stack_nonlinear_T32_s9401103,8,lowrank,lowrank,4,1,stack_nonlinear,32,9401103,144,8,1152,SnAp1,False,368,528,4224,1280,0.010581699956674129,0.0078125,0.0003189484359609196,9.597846951394137,9.950818574692793,4688,3.323124838061631e-05,310349824
n8_lowrank4_d1_stack_nonlinear_T32_s9401103,8,lowrank,lowrank,4,1,stack_nonlinear,32,9401103,144,8,1152,SnAp2,True,1152,1304,10432,1216,0.006226399971637875,0.0078125,0.00018444687520968728,5.550404640148114,5.85518175197952,19584,3.323124838061631e-05,310349824
n8_lowrank4_d1_stack_nonlinear_T32_s9401103,8,lowrank,lowrank,4,1,stack_nonlinear,32,9401103,144,8,1152,local_block,True,1152,1304,10432,1216,0.006592650024686009,0.0078125,0.00019663593411678448,5.917199735158961,6.199595961962381,19584,3.323124838061631e-05,310349824
n8_lowrank4_d1_stack_nonlinear_T32_s9401104,8,lowrank,lowrank,4,1,stack_nonlinear,32,9401104,144,8,1152,BPTT,True,2505,2505,20040,0,0.004802600014954805,0.0078125,9.683281314210035e-05,2.6442375909555182,4.098305845983985,,3.66203148587374e-05,310349824
n8_lowrank4_d1_stack_nonlinear_T32_s9401104,8,lowrank,lowrank,4,1,stack_nonlinear,32,9401104,144,8,1152,RTRL,True,1152,1152,9216,0,0.0049241500091739,0.0078125,0.00015244062524288893,4.162733876836601,4.202030713833951,19584,3.66203148587374e-05,310349824
n8_lowrank4_d1_stack_nonlinear_T32_s9401104,8,lowrank,lowrank,4,1,stack_nonlinear,32,9401104,144,8,1152,packed_exact,True,1152,1304,10432,1216,0.005753000034019351,0.0078125,0.0001708390591375064,4.665144464118259,4.9093311118872025,19584,3.66203148587374e-05,310349824
n8_lowrank4_d1_stack_nonlinear_T32_s9401104,8,lowrank,lowrank,4,1,stack_nonlinear,32,9401104,144,8,1152,SnAp1,False,368,528,4224,1280,0.010545300028752536,0.0078125,0.00031944687543727923,8.723214878668937,8.998847420338064,4688,3.66203148587374e-05,310349824
n8_lowrank4_d1_stack_nonlinear_T32_s9401104,8,lowrank,lowrank,4,1,stack_nonlinear,32,9401104,144,8,1152,SnAp2,True,1152,1304,10432,1216,0.0057672999682836235,0.0078125,0.0001716328097245423,4.686819607821905,4.921533982001299,19584,3.66203148587374e-05,310349824
n8_lowrank4_d1_stack_nonlinear_T32_s9401104,8,lowrank,lowrank,4,1,stack_nonlinear,32,9401104,144,8,1152,local_block,True,1152,1304,10432,1216,0.005600650038104504,0.0078125,0.00016654375394864473,4.547851502399312,4.779323016907565,19584,3.66203148587374e-05,310349824
n8_lowrank4_d1_stack_nonlinear_T128_s9401100,8,lowrank,lowrank,4,1,stack_nonlinear,128,9401100,144,8,1152,BPTT,True,10185,10185,81480,0,0.018941799993626773,0.0234375,9.618945341571816e-05,3.0714972116140764,4.725349606086362,,3.131679659418296e-05,310349824
n8_lowrank4_d1_stack_nonlinear_T128_s9401100,8,lowrank,lowrank,4,1,stack_nonlinear,128,9401100,144,8,1152,RTRL,True,1152,1152,9216,0,0.018757550045847893,0.015625,0.00014545312524205656,4.644572276242143,4.679385367289029,19584,3.131679659418296e-05,310349824
n8_lowrank4_d1_stack_nonlinear_T128_s9401100,8,lowrank,lowrank,4,1,stack_nonlinear,128,9401100,144,8,1152,packed_exact,True,1152,1304,10432,1216,0.021899549989029765,0.0234375,0.00016789296796559938,5.361115638397869,5.463209935114333,19584,3.131679659418296e-05,310349824
n8_lowrank4_d1_stack_nonlinear_T128_s9401100,8,lowrank,lowrank,4,1,stack_nonlinear,128,9401100,144,8,1152,SnAp1,False,368,528,4224,1280,0.03824610001174733,0.0390625,0.0002956460953100759,9.440496074397075,9.541130921330478,4688,3.131679659418296e-05,310349824
n8_lowrank4_d1_stack_nonlinear_T128_s9401100,8,lowrank,lowrank,4,1,stack_nonlinear,128,9401100,144,8,1152,SnAp2,True,1152,1304,10432,1216,0.022292799956630915,0.0234375,0.0001711812506073329,5.466116245080109,5.561312733165352,19584,3.131679659418296e-05,310349824
n8_lowrank4_d1_stack_nonlinear_T128_s9401100,8,lowrank,lowrank,4,1,stack_nonlinear,128,9401100,144,8,1152,local_block,True,1152,1304,10432,1216,0.021924199943896383,0.0234375,0.00016841171964188106,5.377680285255077,5.4693592796622745,19584,3.131679659418296e-05,310349824
n8_lowrank4_d1_stack_nonlinear_T128_s9401101,8,lowrank,lowrank,4,1,stack_nonlinear,128,9401101,144,8,1152,BPTT,True,10185,10185,81480,0,0.01898164994781837,0.0234375,9.608867139832e-05,3.149802800082458,4.861106843241632,,3.0506249913742067e-05,310349824
n8_lowrank4_d1_stack_nonlinear_T128_s9401101,8,lowrank,lowrank,4,1,stack_nonlinear,128,9401101,144,8,1152,RTRL,True,1152,1152,9216,0,0.018781599996145815,0.015625,0.00014557968688677647,4.7721266067907475,4.8098750382226285,19584,3.0506249913742067e-05,310349824
n8_lowrank4_d1_stack_nonlinear_T128_s9401101,8,lowrank,lowrank,4,1,stack_nonlinear,128,9401101,144,8,1152,packed_exact,True,1152,1304,10432,1216,0.023336299986112863,0.0234375,0.00017919218953466043,5.873950093549198,5.976311220061823,19584,3.0506249913742067e-05,310349824
n8_lowrank4_d1_stack_nonlinear_T128_s9401101,8,lowrank,lowrank,4,1,stack_nonlinear,128,9401101,144,8,1152,SnAp1,False,368,528,4224,1280,0.04090635001193732,0.046875,0.0003160480446240399,10.360108027623237,10.475914292051334,4688,3.0506249913742067e-05,310349824
n8_lowrank4_d1_stack_nonlinear_T128_s9401101,8,lowrank,lowrank,4,1,stack_nonlinear,128,9401101,144,8,1152,SnAp2,True,1152,1304,10432,1216,0.021860599925275892,0.015625,0.0001675566400081152,5.4925348242373255,5.598391719700835,19584,3.0506249913742067e-05,310349824
n8_lowrank4_d1_stack_nonlinear_T128_s9401101,8,lowrank,lowrank,4,1,stack_nonlinear,128,9401101,144,8,1152,local_block,True,1152,1304,10432,1216,0.022573349997401237,0.015625,0.00017326445231446996,5.679637871071789,5.780923494475646,19584,3.0506249913742067e-05,310349824
n8_lowrank4_d1_stack_nonlinear_T128_s9401102,8,lowrank,lowrank,4,1,stack_nonlinear,128,9401102,144,8,1152,BPTT,True,10185,10185,81480,0,0.020530550042167306,0.015625,0.00010453632785356604,3.1313316794201853,4.804547007050249,,3.3383984373358544e-05,310349824
n8_lowrank4_d1_stack_nonlinear_T128_s9401102,8,lowrank,lowrank,4,1,stack_nonlinear,128,9401102,144,8,1152,RTRL,True,1152,1152,9216,0,0.02030820003710687,0.0234375,0.0001573753911543463,4.71409851485363,4.75251279222714,19584,3.3383984373358544e-05,310349824
n8_lowrank4_d1_stack_nonlinear_T128_s9401102,8,lowrank,lowrank,4,1,stack_nonlinear,128,9401102,144,8,1152,packed_exact,True,1152,1304,10432,1216,0.02170079998904839,0.015625,0.00016653671900712652,4.988521356367157,5.078408197726595,19584,3.3383984373358544e-05,310349824
n8_lowrank4_d1_stack_nonlinear_T128_s9401102,8,lowrank,lowrank,4,1,stack_nonlinear,128,9401102,144,8,1152,SnAp1,False,368,528,4224,1280,0.03882840002188459,0.046875,0.00029989374979777494,8.98316229853916,9.08659888461527,4688,3.3383984373358544e-05,310349824
n8_lowrank4_d1_stack_nonlinear_T128_s9401102,8,lowrank,lowrank,4,1,stack_nonlinear,128,9401102,144,8,1152,SnAp2,True,1152,1304,10432,1216,0.022595749993342906,0.015625,0.000173375783560914,5.193382000839698,5.28784386095829,19584,3.3383984373358544e-05,310349824
n8_lowrank4_d1_stack_nonlinear_T128_s9401102,8,lowrank,lowrank,4,1,stack_nonlinear,128,9401102,144,8,1152,local_block,True,1152,1304,10432,1216,0.023524449963588268,0.0234375,0.00018059101603284944,5.409510560907363,5.50517767097924,19584,3.3383984373358544e-05,310349824
n8_lowrank4_d1_stack_nonlinear_T128_s9401103,8,lowrank,lowrank,4,1,stack_nonlinear,128,9401103,144,8,1152,BPTT,True,10185,10185,81480,0,0.02140264998888597,0.0234375,0.00010790859369080863,3.350548209445859,5.191793592449767,,3.220625012545497e-05,310349824
n8_lowrank4_d1_stack_nonlinear_T128_s9401103,8,lowrank,lowrank,4,1,stack_nonlinear,128,9401103,144,8,1152,RTRL,True,1152,1152,9216,0,0.01983614993514493,0.0234375,0.00015372734515040065,4.773214657141926,4.811796491819321,19584,3.220625012545497e-05,310349824
n8_lowrank4_d1_stack_nonlinear_T128_s9401103,8,lowrank,lowrank,4,1,stack_nonlinear,128,9401103,144,8,1152,packed_exact,True,1152,1304,10432,1216,0.02224060002481565,0.015625,0.00017058867160812952,5.296756714725404,5.39506111444316,19584,3.220625012545497e-05,310349824
n8_lowrank4_d1_stack_nonlinear_T128_s9401103,8,lowrank,lowrank,4,1,stack_nonlinear,128,9401103,144,8,1152,SnAp1,False,368,528,4224,1280,0.03985490003833547,0.0390625,0.0003078503909819119,9.558715770470748,9.667887609908366,4688,3.220625012545497e-05,310349824
n8_lowrank4_d1_stack_nonlinear_T128_s9401103,8,lowrank,lowrank,4,1,stack_nonlinear,128,9401103,144,8,1152,SnAp2,True,1152,1304,10432,1216,0.022549000044818968,0.0234375,0.00017303515596722718,5.372719745179671,5.469871908835259,19584,3.220625012545497e-05,310349824
n8_lowrank4_d1_stack_nonlinear_T128_s9401103,8,lowrank,lowrank,4,1,stack_nonlinear,128,9401103,144,8,1152,local_block,True,1152,1304,10432,1216,0.021797250024974346,0.0234375,0.00016737304804337327,5.1969120090477725,5.287514540089799,19584,3.220625012545497e-05,310349824
n8_lowrank4_d1_stack_nonlinear_T128_s9401104,8,lowrank,lowrank,4,1,stack_nonlinear,128,9401104,144,8,1152,BPTT,True,10185,10185,81480,0,0.019493950007017702,0.0234375,0.00010288046814821428,3.2907763774907512,4.871417115001316,,3.126328147118329e-05,310349824
n8_lowrank4_d1_stack_nonlinear_T128_s9401104,8,lowrank,lowrank,4,1,stack_nonlinear,128,9401104,144,8,1152,RTRL,True,1152,1152,9216,0,0.0201077499659732,0.0234375,0.00015534492104052333,4.96892564472835,5.024801915114505,19584,3.126328147118329e-05,310349824
n8_lowrank4_d1_stack_nonlinear_T128_s9401104,8,lowrank,lowrank,4,1,stack_nonlinear,128,9401104,144,8,1152,packed_exact,True,1152,1304,10432,1216,0.022036799986381084,0.015625,0.00016896562510737567,5.404603008904185,5.506859542312978,19584,3.126328147118329e-05,310349824
n8_lowrank4_d1_stack_nonlinear_T128_s9401104,8,lowrank,lowrank,4,1,stack_nonlinear,128,9401104,144,8,1152,SnAp1,False,368,528,4224,1280,0.03934219997609034,0.046875,0.0003040886726921599,9.726703608271302,9.83137159151107,4688,3.126328147118329e-05,310349824
n8_lowrank4_d1_stack_nonlinear_T128_s9401104,8,lowrank,lowrank,4,1,stack_nonlinear,128,9401104,144,8,1152,SnAp2,True,1152,1304,10432,1216,0.025172549998387694,0.0234375,0.000192092186807713,6.144338590457071,6.290464007870522,19584,3.126328147118329e-05,310349824
n8_lowrank4_d1_stack_nonlinear_T128_s9401104,8,lowrank,lowrank,4,1,stack_nonlinear,128,9401104,144,8,1152,local_block,True,1152,1304,10432,1216,0.023661499959416687,0.0234375,0.00018166836116506602,5.810917876055894,5.912861981661525,19584,3.126328147118329e-05,310349824
n8_lowrank4_d2_stack_nonlinear_T32_s9401100,8,lowrank,lowrank,4,2,stack_nonlinear,32,9401100,288,16,4608,BPTT,True,5257,5257,42056,0,0.010349999996833503,0.015625,0.00021718750031141099,3.0934948516408673,4.606859231479048,,7.020781049504876e-05,310349824
n8_lowrank4_d2_stack_nonlinear_T32_s9401100,8,lowrank,lowrank,4,2,stack_nonlinear,32,9401100,288,16,4608,RTRL,True,4608,4608,36864,0,0.010455899988301098,0.0078125,0.00032522499896003865,4.63231934832912,4.653996077223521,152064,7.020781049504876e-05,310349824
n8_lowrank4_d2_stack_nonlinear_T32_s9401100,8,lowrank,lowrank,4,2,stack_nonlinear,32,9401100,288,16,4608,packed_exact,True,3456,3768,30144,2496,0.012453600007575005,0.015625,0.0003720937493199017,5.299891090409987,5.543186683825791,95616,7.020781049504876e-05,310349824
n8_lowrank4_d2_stack_nonlinear_T32_s9401100,8,lowrank,lowrank,4,2,stack_nonlinear,32,9401100,288,16,4608,SnAp1,False,1888,2280,18240,3136,0.022840699995867908,0.015625,0.0006947796864551492,9.896045490610291,10.166559387594193,40736,7.020781049504876e-05,310349824
n8_lowrank4_d2_stack_nonlinear_T32_s9401100,8,lowrank,lowrank,4,2,stack_nonlinear,32,9401100,288,16,4608,SnAp2,True,3456,3768,30144,2496,0.012913750077132136,0.015625,0.00038606562156928703,5.498898467949138,5.748002780101496,95616,7.020781049504876e-05,310349824
n8_lowrank4_d2_stack_nonlinear_T32_s9401100,8,lowrank,lowrank,4,2,stack_nonlinear,32,9401100,288,16,4608,local_block,False,2304,2608,20864,2432,0.012723650026600808,0.015625,0.00038139530988701154,5.432377212702119,5.663387884163059,39168,7.020781049504876e-05,310349824
n8_lowrank4_d2_stack_nonlinear_T32_s9401101,8,lowrank,lowrank,4,2,stack_nonlinear,32,9401101,288,16,4608,BPTT,True,5257,5257,42056,0,0.010371999989729375,0.015625,0.0002195828146795975,2.8320704430224404,4.180403793325481,,7.753437603241764e-05,310349824
n8_lowrank4_d2_stack_nonlinear_T32_s9401101,8,lowrank,lowrank,4,2,stack_nonlinear,32,9401101,288,16,4608,RTRL,True,4608,4608,36864,0,0.010551949962973595,0.0078125,0.0003282375073467847,4.233444881397464,4.252932095630134,152064,7.753437603241764e-05,310349824
n8_lowrank4_d2_stack_nonlinear_T32_s9401101,8,lowrank,lowrank,4,2,stack_nonlinear,32,9401101,288,16,4608,packed_exact,True,3456,3768,30144,2496,0.012889950070530176,0.015625,0.0003856046860164497,4.973338353238644,5.195256095640082,95616,7.753437603241764e-05,310349824
n8_lowrank4_d2_stack_nonlinear_T32_s9401101,8,lowrank,lowrank,4,2,stack_nonlinear,32,9401101,288,16,4608,SnAp1,False,1888,2280,18240,3136,0.02134455001214519,0.0234375,0.0006483874985860894,8.36258098362711,8.602857493825098,40736,7.753437603241764e-05,310349824
n8_lowrank4_d2_stack_nonlinear_T32_s9401101,8,lowrank,lowrank,4,2,stack_nonlinear,32,9401101,288,16,4608,SnAp2,True,3456,3768,30144,2496,0.01249514997471124,0.0078125,0.00037430312841024715,4.827576457876549,5.036133089488805,95616,7.753437603241764e-05,310349824
n8_lowrank4_d2_stack_nonlinear_T32_s9401101,8,lowrank,lowrank,4,2,stack_nonlinear,32,9401101,288,16,4608,local_block,False,2304,2608,20864,2432,0.013345050043426454,0.0078125,0.00040039375198830385,5.164080405069573,5.3786827881701464,39168,7.753437603241764e-05,310349824
n8_lowrank4_d2_stack_nonlinear_T32_s9401102,8,lowrank,lowrank,4,2,stack_nonlinear,32,9401102,288,16,4608,BPTT,True,5257,5257,42056,0,0.009622549987398088,0.0078125,0.00020018437498947605,3.1971951320661147,4.802630384393979,,6.2612498368253e-05,310349824
n8_lowrank4_d2_stack_nonlinear_T32_s9401102,8,lowrank,lowrank,4,2,stack_nonlinear,32,9401102,288,16,4608,RTRL,True,4608,4608,36864,0,0.011345799954142421,0.015625,0.0003529359364620177,5.636828838648772,5.662707251859553,152064,6.2612498368253e-05,310349824
n8_lowrank4_d2_stack_nonlinear_T32_s9401102,8,lowrank,lowrank,4,2,stack_nonlinear,32,9401102,288,16,4608,packed_exact,True,3456,3768,30144,2496,0.01295885001309216,0.0078125,0.00038778281123086344,6.193377062677387,6.4677831657083775,95616,6.2612498368253e-05,310349824
n8_lowrank4_d2_stack_nonlinear_T32_s9401102,8,lowrank,lowrank,4,2,stack_nonlinear,32,9401102,288,16,4608,SnAp1,False,1888,2280,18240,3136,0.022543600003700703,0.0234375,0.0006855656265543075,10.94934149604093,11.251547510087057,40736,6.2612498368253e-05,310349824
n8_lowrank4_d2_stack_nonlinear_T32_s9401102,8,lowrank,lowrank,4,2,stack_nonlinear,32,9401102,288,16,4608,SnAp2,True,3456,3768,30144,2496,0.012834499997552484,0.015625,0.0003839015607809415,6.131388633033604,6.405719870250019,95616,6.2612498368253e-05,310349824
n8_lowrank4_d2_stack_nonlinear_T32_s9401102,8,lowrank,lowrank,4,2,stack_nonlinear,32,9401102,288,16,4608,local_block,False,2304,2608,20864,2432,0.012408499955199659,0.015625,0.00037227656503091566,5.945722894515171,6.19310255469061,39168,6.2612498368253e-05,310349824
n8_lowrank4_d2_stack_nonlinear_T32_s9401103,8,lowrank,lowrank,4,2,stack_nonlinear,32,9401103,288,16,4608,BPTT,True,5257,5257,42056,0,0.009693050000350922,0.0078125,0.0002012281238421565,2.8786713872926604,4.333251417414715,,6.990312431298662e-05,310349824
n8_lowrank4_d2_stack_nonlinear_T32_s9401103,8,lowrank,lowrank,4,2,stack_nonlinear,32,9401103,288,16,4608,RTRL,True,4608,4608,36864,0,0.010495249996893108,0.0078125,0.00032647187617840245,4.670347418473689,4.69187272566554,152064,6.990312431298662e-05,310349824
n8_lowrank4_d2_stack_nonlinear_T32_s9401103,8,lowrank,lowrank,4,2,stack_nonlinear,32,9401103,288,16,4608,packed_exact,True,3456,3768,30144,2496,0.012579949980136007,0.015625,0.00037608750062645413,5.3801243409743345,5.6238321354431315,95616,6.990312431298662e-05,310349824
n8_lowrank4_d2_stack_nonlinear_T32_s9401103,8,lowrank,lowrank,4,2,stack_nonlinear,32,9401103,288,16,4608,SnAp1,False,1888,2280,18240,3136,0.02214765001554042,0.015625,0.0006734656217304291,9.634270690320383,9.901046194827332,40736,6.990312431298662e-05,310349824
n8_lowrank4_d2_stack_nonlinear_T32_s9401103,8,lowrank,lowrank,4,2,stack_nonlinear,32,9401103,288,16,4608,SnAp2,True,3456,3768,30144,2496,0.012878999987151474,0.0,0.0003854921851598192,5.514663170616,5.757521620871427,95616,6.990312431298662e-05,310349824
n8_lowrank4_d2_stack_nonlinear_T32_s9401103,8,lowrank,lowrank,4,2,stack_nonlinear,32,9401103,288,16,4608,local_block,False,2304,2608,20864,2432,0.01231885002925992,0.015625,0.00036961249679734465,5.287496094486838,5.507108118525881,39168,6.990312431298662e-05,310349824
n8_lowrank4_d2_stack_nonlinear_T32_s9401104,8,lowrank,lowrank,4,2,stack_nonlinear,32,9401104,288,16,4608,BPTT,True,5257,5257,42056,0,0.029685649962630123,0.0234375,0.00020947968732798472,3.187214794355252,14.114516296872361,,6.572499842150137e-05,310349824
n8_lowrank4_d2_stack_nonlinear_T32_s9401104,8,lowrank,lowrank,4,2,stack_nonlinear,32,9401104,288,16,4608,RTRL,True,4608,4608,36864,0,0.010679850005544722,0.015625,0.00033224687103938777,5.055106565520982,5.077905221585987,152064,6.572499842150137e-05,310349824
n8_lowrank4_d2_stack_nonlinear_T32_s9401104,8,lowrank,lowrank,4,2,stack_nonlinear,32,9401104,288,16,4608,packed_exact,True,3456,3768,30144,2496,0.012853150023147464,0.015625,0.0003842249971057754,5.8459491264145775,6.111235418332978,95616,6.572499842150137e-05,310349824
n8_lowrank4_d2_stack_nonlinear_T32_s9401104,8,lowrank,lowrank,4,2,stack_nonlinear,32,9401104,288,16,4608,SnAp1,False,1888,2280,18240,3136,0.0221547000692226,0.0234375,0.0006735453116561985,10.247931956371929,10.533805915417336,40736,6.572499842150137e-05,310349824
n8_lowrank4_d2_stack_nonlinear_T32_s9401104,8,lowrank,lowrank,4,2,stack_nonlinear,32,9401104,288,16,4608,SnAp2,True,3456,3768,30144,2496,0.013131999992765486,0.0078125,0.00039265781379071996,5.97425368156822,6.243819089079975,95616,6.572499842150137e-05,310349824
n8_lowrank4_d2_stack_nonlinear_T32_s9401104,8,lowrank,lowrank,4,2,stack_nonlinear,32,9401104,288,16,4608,local_block,False,2304,2608,20864,2432,0.01350115000968799,0.015625,0.00040325937334273476,6.135555466378101,6.419337359234157,39168,6.572499842150137e-05,310349824
n8_lowrank4_d2_stack_nonlinear_T128_s9401100,8,lowrank,lowrank,4,2,stack_nonlinear,128,9401100,288,16,4608,BPTT,True,21385,21385,171080,0,0.0392025500186719,0.0390625,0.0002046691402028955,3.071596883047679,4.596382908131571,,6.663281283181277e-05,310349824
n8_lowrank4_d2_stack_nonlinear_T128_s9401100,8,lowrank,lowrank,4,2,stack_nonlinear,128,9401100,288,16,4608,RTRL,True,4608,4608,36864,0,0.04309305001515895,0.0390625,0.00033528632775414735,5.031850127660681,5.0525325126706075,152064,6.663281283181277e-05,310349824
n8_lowrank4_d2_stack_nonlinear_T128_s9401100,8,lowrank,lowrank,4,2,stack_nonlinear,128,9401100,288,16,4608,packed_exact,True,3456,3768,30144,2496,0.04945714998757467,0.0390625,0.0003811066435446264,5.71950406035798,5.79870438988063,95616,6.663281283181277e-05,310349824
n8_lowrank4_d2_stack_nonlinear_T128_s9401100,8,lowrank,lowrank,4,2,stack_nonlinear,128,9401100,288,16,4608,SnAp1,False,1888,2280,18240,3136,0.0847351000411436,0.0859375,0.000656444139622181,9.85166484385261,9.934939573125396,40736,6.663281283181277e-05,310349824
n8_lowrank4_d2_stack_nonlinear_T128_s9401100,8,lowrank,lowrank,4,2,stack_nonlinear,128,9401100,288,16,4608,SnAp2,True,3456,3768,30144,2496,0.04900935001205653,0.03125,0.00037772500172650325,5.668753661651883,5.746201168718921,95616,6.663281283181277e-05,310349824
n8_lowrank4_d2_stack_nonlinear_T128_s9401100,8,lowrank,lowrank,4,2,stack_nonlinear,128,9401100,288,16,4608,local_block,False,2304,2608,20864,2432,0.04814129997976124,0.046875,0.00037141132679607836,5.574000421287242,5.644424872790601,39168,6.663281283181277e-05,310349824
n8_lowrank4_d2_stack_nonlinear_T128_s9401101,8,lowrank,lowrank,4,2,stack_nonlinear,128,9401101,288,16,4608,BPTT,True,21385,21385,171080,0,0.03870864998316392,0.03125,0.0001993238279283105,3.1264758760417233,4.743445535038463,,6.37535154055513e-05,310349824
n8_lowrank4_d2_stack_nonlinear_T128_s9401101,8,lowrank,lowrank,4,2,stack_nonlinear,128,9401101,288,16,4608,RTRL,True,4608,4608,36864,0,0.04246909997891635,0.03125,0.0003305722652839904,5.185161370022366,5.204259584349031,152064,6.37535154055513e-05,310349824
n8_lowrank4_d2_stack_nonlinear_T128_s9401101,8,lowrank,lowrank,4,2,stack_nonlinear,128,9401101,288,16,4608,packed_exact,True,3456,3768,30144,2496,0.05039730004500598,0.046875,0.00038848750045872293,6.093585553478289,6.175799155497636,95616,6.37535154055513e-05,310349824
n8_lowrank4_d2_stack_nonlinear_T128_s9401101,8,lowrank,lowrank,4,2,stack_nonlinear,128,9401101,288,16,4608,SnAp1,False,1888,2280,18240,3136,0.08402154996292666,0.0859375,0.0006508132823910273,10.208272881127401,10.296190804691019,40736,6.37535154055513e-05,310349824
n8_lowrank4_d2_stack_nonlinear_T128_s9401101,8,lowrank,lowrank,4,2,stack_nonlinear,128,9401101,288,16,4608,SnAp2,True,3456,3768,30144,2496,0.05064904992468655,0.0546875,0.0003904417967532936,6.124239491259428,6.206649155258327,95616,6.37535154055513e-05,310349824
n8_lowrank4_d2_stack_nonlinear_T128_s9401101,8,lowrank,lowrank,4,2,stack_nonlinear,128,9401101,288,16,4608,local_block,False,2304,2608,20864,2432,0.04773109994130209,0.046875,0.0003682796864268312,5.776617714083943,5.8490769633536575,39168,6.37535154055513e-05,310349824
n8_lowrank4_d2_stack_nonlinear_T128_s9401102,8,lowrank,lowrank,4,2,stack_nonlinear,128,9401102,288,16,4608,BPTT,True,21385,21385,171080,0,0.03984789998503402,0.0390625,0.00020752500040543964,3.3130285214852644,4.969929410379365,,6.263906243475503e-05,310349824
n8_lowrank4_d2_stack_nonlinear_T128_s9401102,8,lowrank,lowrank,4,2,stack_nonlinear,128,9401102,288,16,4608,RTRL,True,4608,4608,36864,0,0.04360274999635294,0.046875,0.00033919375027835486,5.415051520473502,5.438243663070874,152064,6.263906243475503e-05,310349824
n8_lowrank4_d2_stack_nonlinear_T128_s9401102,8,lowrank,lowrank,4,2,stack_nonlinear,128,9401102,288,16,4608,packed_exact,True,3456,3768,30144,2496,0.052377849991898984,0.0546875,0.0004037507796965656,6.445670864200964,6.532696007190982,95616,6.263906243475503e-05,310349824
n8_lowrank4_d2_stack_nonlinear_T128_s9401102,8,lowrank,lowrank,4,2,stack_nonlinear,128,9401102,288,16,4608,SnAp1,False,1888,2280,18240,3136,0.0853005499811843,0.0859375,0.0006584433604075457,10.511705233349902,10.638897212456474,40736,6.263906243475503e-05,310349824
n8_lowrank4_d2_stack_nonlinear_T128_s9401102,8,lowrank,lowrank,4,2,stack_nonlinear,128,9401102,288,16,4608,SnAp2,True,3456,3768,30144,2496,0.048176499956753105,0.046875,0.00037143984309295774,5.929843593681661,6.00869315858887,95616,6.263906243475503e-05,310349824
n8_lowrank4_d2_stack_nonlinear_T128_s9401102,8,lowrank,lowrank,4,2,stack_nonlinear,128,9401102,288,16,4608,local_block,False,2304,2608,20864,2432,0.047887499968055636,0.046875,0.00036949140621800325,5.898737814009688,5.972648359641716,39168,6.263906243475503e-05,310349824
n8_lowrank4_d2_stack_nonlinear_T128_s9401103,8,lowrank,lowrank,4,2,stack_nonlinear,128,9401103,288,16,4608,BPTT,True,21385,21385,171080,0,0.040178250055760145,0.0390625,0.0002071999997497187,3.306128795504895,5.008539063359615,,6.267148455663119e-05,310349824
n8_lowrank4_d2_stack_nonlinear_T128_s9401103,8,lowrank,lowrank,4,2,stack_nonlinear,128,9401103,288,16,4608,RTRL,True,4608,4608,36864,0,0.04227030003676191,0.046875,0.00032901367239901447,5.249814564416632,5.269329765737303,152064,6.267148455663119e-05,310349824
n8_lowrank4_d2_stack_nonlinear_T128_s9401103,8,lowrank,lowrank,4,2,stack_nonlinear,128,9401103,288,16,4608,packed_exact,True,3456,3768,30144,2496,0.0512462499900721,0.046875,0.00039482226475229254,6.2998709468183,6.388253459763889,95616,6.267148455663119e-05,310349824
n8_lowrank4_d2_stack_nonlinear_T128_s9401103,8,lowrank,lowrank,4,2,stack_nonlinear,128,9401103,288,16,4608,SnAp1,False,1888,2280,18240,3136,0.08399530005408451,0.0859375,0.0006505988276330754,10.381098074119842,10.47068353837331,40736,6.267148455663119e-05,310349824
n8_lowrank4_d2_stack_nonlinear_T128_s9401103,8,lowrank,lowrank,4,2,stack_nonlinear,128,9401103,288,16,4608,SnAp2,True,3456,3768,30144,2496,0.050116650003474206,0.046875,0.00038530117126356345,6.147950283759398,6.247439819274463,95616,6.267148455663119e-05,310349824
n8_lowrank4_d2_stack_nonlinear_T128_s9401103,8,lowrank,lowrank,4,2,stack_nonlinear,128,9401103,288,16,4608,local_block,False,2304,2608,20864,2432,0.04788825003197417,0.046875,0.00036821289131694357,5.87528592823135,5.9696520039625,39168,6.267148455663119e-05,310349824
n8_lowrank4_d2_stack_nonlinear_T128_s9401104,8,lowrank,lowrank,4,2,stack_nonlinear,128,9401104,288,16,4608,BPTT,True,21385,21385,171080,0,0.03948360000504181,0.0390625,0.00020196640616632067,3.2511727527913563,4.965553699435255,,6.212109337866423e-05,310349824
n8_lowrank4_d2_stack_nonlinear_T128_s9401104,8,lowrank,lowrank,4,2,stack_nonlinear,128,9401104,288,16,4608,RTRL,True,4608,4608,36864,0,0.04159869998693466,0.046875,0.00032374999864259735,5.211595305786919,5.231553824510537,152064,6.212109337866423e-05,310349824
n8_lowrank4_d2_stack_nonlinear_T128_s9401104,8,lowrank,lowrank,4,2,stack_nonlinear,128,9401104,288,16,4608,packed_exact,True,3456,3768,30144,2496,0.04839960002573207,0.046875,0.0003729460941030993,6.00353396598762,6.086851577066728,95616,6.212109337866423e-05,310349824
n8_lowrank4_d2_stack_nonlinear_T128_s9401104,8,lowrank,lowrank,4,2,stack_nonlinear,128,9401104,288,16,4608,SnAp1,False,1888,2280,18240,3136,0.0828612000332214,0.078125,0.0006418320308512193,10.331950001891942,10.420826325666035,40736,6.212109337866423e-05,310349824
n8_lowrank4_d2_stack_nonlinear_T128_s9401104,8,lowrank,lowrank,4,2,stack_nonlinear,128,9401104,288,16,4608,SnAp2,True,3456,3768,30144,2496,0.049370149965398014,0.046875,0.00037972187556079007,6.112607729650929,6.208910301265623,95616,6.212109337866423e-05,310349824
n8_lowrank4_d2_stack_nonlinear_T128_s9401104,8,lowrank,lowrank,4,2,stack_nonlinear,128,9401104,288,16,4608,local_block,False,2304,2608,20864,2432,0.047675700043328106,0.0390625,0.00036763632806469104,5.918059520036675,5.995812152212152,39168,6.212109337866423e-05,310349824
n8_lowrank4_d3_stack_nonlinear_T32_s9401100,8,lowrank,lowrank,4,3,stack_nonlinear,32,9401100,432,24,10368,BPTT,True,8009,8009,64072,0,0.014652549987658858,0.015625,0.00030624374994658865,2.6573566714095014,3.9732496040385934,,0.0001152437507698778,311439360
n8_lowrank4_d3_stack_nonlinear_T32_s9401100,8,lowrank,lowrank,4,3,stack_nonlinear,32,9401100,432,24,10368,RTRL,True,10368,10368,82944,0,0.017055500007700175,0.015625,0.0005310281230777036,4.607869142840348,4.624844051673654,508032,0.0001152437507698778,311439360
n8_lowrank4_d3_stack_nonlinear_T32_s9401100,8,lowrank,lowrank,4,3,stack_nonlinear,32,9401100,432,24,10368,packed_exact,True,6912,7392,59136,3840,0.01978184998733923,0.015625,0.0005913000004511559,5.1308638993526134,5.364133048209763,264960,0.0001152437507698778,311439360
n8_lowrank4_d3_stack_nonlinear_T32_s9401100,8,lowrank,lowrank,4,3,stack_nonlinear,32,9401100,432,24,10368,SnAp1,False,4560,5256,42048,5568,0.0337239500368014,0.0390625,0.0010249968745483784,8.89416447921001,9.144733936631843,145008,0.0001152437507698778,311439360
n8_lowrank4_d3_stack_nonlinear_T32_s9401100,8,lowrank,lowrank,4,3,stack_nonlinear,32,9401100,432,24,10368,SnAp2,True,6912,7392,59136,3840,0.019941599981393665,0.015625,0.0005965140644548228,5.176107688875556,5.40745155598872,264960,0.0001152437507698778,311439360
n8_lowrank4_d3_stack_nonlinear_T32_s9401100,8,lowrank,lowrank,4,3,stack_nonlinear,32,9401100,432,24,10368,local_block,False,3456,3912,31296,3648,0.020003999990876764,0.015625,0.0006005453124089399,5.211087875889486,5.424372215749618,58752,0.0001152437507698778,311439360
n8_lowrank4_d3_stack_nonlinear_T32_s9401101,8,lowrank,lowrank,4,3,stack_nonlinear,32,9401101,432,24,10368,BPTT,True,8009,8009,64072,0,0.015753949934151024,0.015625,0.0003154234382236609,3.0508855889769286,4.761803202371376,,0.00010338750144001096,311783424
n8_lowrank4_d3_stack_nonlinear_T32_s9401101,8,lowrank,lowrank,4,3,stack_nonlinear,32,9401101,432,24,10368,RTRL,True,10368,10368,82944,0,0.01692000002367422,0.015625,0.0005268515633360948,5.095892211321042,5.114254560514924,508032,0.00010338750144001096,311783424
n8_lowrank4_d3_stack_nonlinear_T32_s9401101,8,lowrank,lowrank,4,3,stack_nonlinear,32,9401101,432,24,10368,packed_exact,True,6912,7392,59136,3840,0.0200350500526838,0.015625,0.0005987218755763024,5.7910469567126714,6.05581240890758,264960,0.00010338750144001096,311783424
n8_lowrank4_d3_stack_nonlinear_T32_s9401101,8,lowrank,lowrank,4,3,stack_nonlinear,32,9401101,432,24,10368,SnAp1,False,4560,5256,42048,5568,0.03506510000443086,0.0390625,0.001065734373696614,10.308154843213716,10.598808945724224,145008,0.00010338750144001096,311783424
n8_lowrank4_d3_stack_nonlinear_T32_s9401101,8,lowrank,lowrank,4,3,stack_nonlinear,32,9401101,432,24,10368,SnAp2,True,6912,7392,59136,3840,0.0206443999777548,0.0234375,0.0006185250003909459,5.982589691944879,6.2399950701891065,264960,0.00010338750144001096,311783424
n8_lowrank4_d3_stack_nonlinear_T32_s9401101,8,lowrank,lowrank,4,3,stack_nonlinear,32,9401101,432,24,10368,local_block,False,3456,3912,31296,3648,0.01883934997022152,0.015625,0.0005657765632349765,5.472388396611556,5.6943990169935965,58752,0.00010338750144001096,311783424
n8_lowrank4_d3_stack_nonlinear_T32_s9401102,8,lowrank,lowrank,4,3,stack_nonlinear,32,9401102,432,24,10368,BPTT,True,8009,8009,64072,0,0.015392649918794632,0.015625,0.0003254484399803914,3.3694130126858934,4.9800702435413005,,9.658906128606759e-05,312098816
n8_lowrank4_d3_stack_nonlinear_T32_s9401102,8,lowrank,lowrank,4,3,stack_nonlinear,32,9401102,432,24,10368,RTRL,True,10368,10368,82944,0,0.016558449948206544,0.015625,0.0005156531260581687,5.338628610655611,5.35724805678481,508032,9.658906128606759e-05,312098816
n8_lowrank4_d3_stack_nonlinear_T32_s9401102,8,lowrank,lowrank,4,3,stack_nonlinear,32,9401102,432,24,10368,packed_exact,True,6912,7392,59136,3840,0.019943899998907,0.0234375,0.0005962015602563042,6.1725577650095955,6.452561673831522,264960,9.658906128606759e-05,312098816
n8_lowrank4_d3_stack_nonlinear_T32_s9401102,8,lowrank,lowrank,4,3,stack_nonlinear,32,9401102,432,24,10368,SnAp1,False,4560,5256,42048,5568,0.03366705001099035,0.03125,0.0010228859337075846,10.5900804924287,10.892489261568247,145008,9.658906128606759e-05,312098816
n8_lowrank4_d3_stack_nonlinear_T32_s9401102,8,lowrank,lowrank,4,3,stack_nonlinear,32,9401102,432,24,10368,SnAp2,True,6912,7392,59136,3840,0.019946100073866546,0.015625,0.0005971640639472753,6.182522699735697,6.4532734764059585,264960,9.658906128606759e-05,312098816
n8_lowrank4_d3_stack_nonlinear_T32_s9401102,8,lowrank,lowrank,4,3,stack_nonlinear,32,9401102,432,24,10368,local_block,False,3456,3912,31296,3648,0.019379800010938197,0.0234375,0.0005830828158650547,6.036737577748475,6.270055245160309,58752,9.658906128606759e-05,312098816
n8_lowrank4_d3_stack_nonlinear_T32_s9401103,8,lowrank,lowrank,4,3,stack_nonlinear,32,9401103,432,24,10368,BPTT,True,8009,8009,64072,0,0.014879000023938715,0.0078125,0.00029943750087113585,3.1275398014060043,4.856466775684479,,9.574218711350113e-05,312389632
n8_lowrank4_d3_stack_nonlinear_T32_s9401103,8,lowrank,lowrank,4,3,stack_nonlinear,32,9401103,432,24,10368,RTRL,True,10368,10368,82944,0,0.01664149999851361,0.015625,0.0005181437500141328,5.411864567078252,5.43174216750492,508032,9.574218711350113e-05,312389632
n8_lowrank4_d3_stack_nonlinear_T32_s9401103,8,lowrank,lowrank,4,3,stack_nonlinear,32,9401103,432,24,10368,packed_exact,True,6912,7392,59136,3840,0.01983559998916462,0.015625,0.0005926437461312162,6.1899959046125055,6.474288068294861,264960,9.574218711350113e-05,312389632
n8_lowrank4_d3_stack_nonlinear_T32_s9401103,8,lowrank,lowrank,4,3,stack_nonlinear,32,9401103,432,24,10368,SnAp1,False,4560,5256,42048,5568,0.03345575003186241,0.03125,0.001013879684251151,10.58968585132915,10.919869495526385,145008,9.574218711350113e-05,312389632
n8_lowrank4_d3_stack_nonlinear_T32_s9401103,8,lowrank,lowrank,4,3,stack_nonlinear,32,9401103,432,24,10368,SnAp2,True,6912,7392,59136,3840,0.019681849982589483,0.0234375,0.0005866015617357334,6.126887001655026,6.424104467414957,264960,9.574218711350113e-05,312389632
n8_lowrank4_d3_stack_nonlinear_T32_s9401103,8,lowrank,lowrank,4,3,stack_nonlinear,32,9401103,432,24,10368,local_block,False,3456,3912,31296,3648,0.019333750009536743,0.015625,0.0005801828156108968,6.059845018195558,6.310485544703256,58752,9.574218711350113e-05,312389632
n8_lowrank4_d3_stack_nonlinear_T32_s9401104,8,lowrank,lowrank,4,3,stack_nonlinear,32,9401104,432,24,10368,BPTT,True,8009,8009,64072,0,0.015025350032374263,0.015625,0.0003195375011273427,3.177896585052263,4.669738331635218,,0.00010054999984276947,312389632
n8_lowrank4_d3_stack_nonlinear_T32_s9401104,8,lowrank,lowrank,4,3,stack_nonlinear,32,9401104,432,24,10368,RTRL,True,10368,10368,82944,0,0.01704910001717508,0.015625,0.0005308593754307367,5.279556203489251,5.298700908700535,508032,0.00010054999984276947,312389632
n8_lowrank4_d3_stack_nonlinear_T32_s9401104,8,lowrank,lowrank,4,3,stack_nonlinear,32,9401104,432,24,10368,packed_exact,True,6912,7392,59136,3840,0.021442700002808124,0.0234375,0.0006396687476808438,6.361698147002457,6.664190712437276,264960,0.00010054999984276947,312389632
n8_lowrank4_d3_stack_nonlinear_T32_s9401104,8,lowrank,lowrank,4,3,stack_nonlinear,32,9401104,432,24,10368,SnAp1,False,4560,5256,42048,5568,0.036531099991407245,0.0390625,0.0011058593718189513,10.998104162587659,11.353524381070086,145008,0.00010054999984276947,312389632
n8_lowrank4_d3_stack_nonlinear_T32_s9401104,8,lowrank,lowrank,4,3,stack_nonlinear,32,9401104,432,24,10368,SnAp2,True,6912,7392,59136,3840,0.020551350084133446,0.015625,0.0006147234362288145,6.113609519543119,6.387167490138518,264960,0.00010054999984276947,312389632
n8_lowrank4_d3_stack_nonlinear_T32_s9401104,8,lowrank,lowrank,4,3,stack_nonlinear,32,9401104,432,24,10368,local_block,False,3456,3912,31296,3648,0.018982149951625615,0.015625,0.0005699875000573229,5.668697175023523,5.899474757989837,58752,0.00010054999984276947,312389632
n8_lowrank4_d3_stack_nonlinear_T128_s9401100,8,lowrank,lowrank,4,3,stack_nonlinear,128,9401100,432,24,10368,BPTT,True,32585,32585,260680,0,0.06045650003943592,0.0625,0.0003187046872881183,3.2471702530803577,4.812266171757765,,9.814843770072912e-05,312397824
n8_lowrank4_d3_stack_nonlinear_T128_s9401100,8,lowrank,lowrank,4,3,stack_nonlinear,128,9401100,432,24,10368,RTRL,True,10368,10368,82944,0,0.06661059998441488,0.0625,0.0005189054700167617,5.286945795296209,5.302125276461485,508032,9.814843770072912e-05,312397824
n8_lowrank4_d3_stack_nonlinear_T128_s9401100,8,lowrank,lowrank,4,3,stack_nonlinear,128,9401100,432,24,10368,packed_exact,True,6912,7392,59136,3840,0.07573585002683103,0.078125,0.0005837355447511072,5.947476683541452,6.028484428236823,264960,9.814843770072912e-05,312397824
n8_lowrank4_d3_stack_nonlinear_T128_s9401100,8,lowrank,lowrank,4,3,stack_nonlinear,128,9401100,432,24,10368,SnAp1,False,4560,5256,42048,5568,0.12875994999194518,0.1171875,0.000997846874724928,10.166711749070615,10.249140311120804,145008,9.814843770072912e-05,312397824
n8_lowrank4_d3_stack_nonlinear_T128_s9401100,8,lowrank,lowrank,4,3,stack_nonlinear,128,9401100,432,24,10368,SnAp2,True,6912,7392,59136,3840,0.07501044997479767,0.078125,0.000578607811803522,5.895232011413094,5.970743438779702,264960,9.814843770072912e-05,312397824
n8_lowrank4_d3_stack_nonlinear_T128_s9401100,8,lowrank,lowrank,4,3,stack_nonlinear,128,9401100,432,24,10368,local_block,False,3456,3912,31296,3648,0.07836144999600947,0.078125,0.00060539218611666,6.168128604987084,6.237479092234966,58752,9.814843770072912e-05,312397824
n8_lowrank4_d3_stack_nonlinear_T128_s9401101,8,lowrank,lowrank,4,3,stack_nonlinear,128,9401101,432,24,10368,BPTT,True,32585,32585,260680,0,0.060166349983774126,0.0625,0.000313608203214244,3.313004237985838,4.965674786380268,,9.465976518185926e-05,312397824
n8_lowrank4_d3_stack_nonlinear_T128_s9401101,8,lowrank,lowrank,4,3,stack_nonlinear,128,9401101,432,24,10368,RTRL,True,10368,10368,82944,0,0.06675654998980463,0.0703125,0.0005200566392886685,5.493956574786993,5.509579976174465,508032,9.465976518185926e-05,312397824
n8_lowrank4_d3_stack_nonlinear_T128_s9401101,8,lowrank,lowrank,4,3,stack_nonlinear,128,9401101,432,24,10368,packed_exact,True,6912,7392,59136,3840,0.07691780000459403,0.078125,0.0005925644536546315,6.259940033827503,6.348212584104869,264960,9.465976518185926e-05,312397824
n8_lowrank4_d3_stack_nonlinear_T128_s9401101,8,lowrank,lowrank,4,3,stack_nonlinear,128,9401101,432,24,10368,SnAp1,False,4560,5256,42048,5568,0.12857190001523122,0.125,0.0009963699212676147,10.525801742201665,10.61135073533324,145008,9.465976518185926e-05,312397824
n8_lowrank4_d3_stack_nonlinear_T128_s9401101,8,lowrank,lowrank,4,3,stack_nonlinear,128,9401101,432,24,10368,SnAp2,True,6912,7392,59136,3840,0.07578305003698915,0.078125,0.000584468360102619,6.174411683567407,6.254558917154805,264960,9.465976518185926e-05,312397824
n8_lowrank4_d3_stack_nonlinear_T128_s9401101,8,lowrank,lowrank,4,3,stack_nonlinear,128,9401101,432,24,10368,local_block,False,3456,3912,31296,3648,0.07801019999897107,0.078125,0.0006024035160407948,6.3638813690638685,6.438371005052507,58752,9.465976518185926e-05,312397824
n8_lowrank4_d3_stack_nonlinear_T128_s9401102,8,lowrank,lowrank,4,3,stack_nonlinear,128,9401102,432,24,10368,BPTT,True,32585,32585,260680,0,0.06099059997359291,0.0625,0.000318145703204209,3.351630860802109,5.019761165823839,,9.492265598964877e-05,312397824
n8_lowrank4_d3_stack_nonlinear_T128_s9401102,8,lowrank,lowrank,4,3,stack_nonlinear,128,9401102,432,24,10368,RTRL,True,10368,10368,82944,0,0.06479840003885329,0.0625,0.0005049117175985884,5.319190791012512,5.3331577696134636,508032,9.492265598964877e-05,312397824
n8_lowrank4_d3_stack_nonlinear_T128_s9401102,8,lowrank,lowrank,4,3,stack_nonlinear,128,9401102,432,24,10368,packed_exact,True,6912,7392,59136,3840,0.07612659997539595,0.078125,0.0005870394525118172,6.184397669781104,6.265512233166301,264960,9.492265598964877e-05,312397824
n8_lowrank4_d3_stack_nonlinear_T128_s9401102,8,lowrank,lowrank,4,3,stack_nonlinear,128,9401102,432,24,10368,SnAp1,False,4560,5256,42048,5568,0.12996975000714883,0.1328125,0.0010069843733617745,10.608472370090288,10.697010754119411,145008,9.492265598964877e-05,312397824
n8_lowrank4_d3_stack_nonlinear_T128_s9401102,8,lowrank,lowrank,4,3,stack_nonlinear,128,9401102,432,24,10368,SnAp2,True,6912,7392,59136,3840,0.07525899994652718,0.078125,0.0005793046889266407,6.1029127649969395,6.194105410897481,264960,9.492265598964877e-05,312397824
n8_lowrank4_d3_stack_nonlinear_T128_s9401102,8,lowrank,lowrank,4,3,stack_nonlinear,128,9401102,432,24,10368,local_block,False,3456,3912,31296,3648,0.07885985006578267,0.078125,0.0006093148422223749,6.419066511253331,6.490469237461196,58752,9.492265598964877e-05,312397824
n8_lowrank4_d3_stack_nonlinear_T128_s9401103,8,lowrank,lowrank,4,3,stack_nonlinear,128,9401103,432,24,10368,BPTT,True,32585,32585,260680,0,0.0598681999836117,0.0625,0.0003109296876573353,3.2870139071165827,4.944536441633981,,9.459335933570401e-05,312397824
n8_lowrank4_d3_stack_nonlinear_T128_s9401103,8,lowrank,lowrank,4,3,stack_nonlinear,128,9401103,432,24,10368,RTRL,True,10368,10368,82944,0,0.06437884998740628,0.0625,0.0005015609376641805,5.302284866363422,5.317072668300625,508032,9.459335933570401e-05,312397824
n8_lowrank4_d3_stack_nonlinear_T128_s9401103,8,lowrank,lowrank,4,3,stack_nonlinear,128,9401103,432,24,10368,packed_exact,True,6912,7392,59136,3840,0.07633190002525225,0.078125,0.0005888140622118954,6.224687085297848,6.304279424424619,264960,9.459335933570401e-05,312397824
n8_lowrank4_d3_stack_nonlinear_T128_s9401103,8,lowrank,lowrank,4,3,stack_nonlinear,128,9401103,432,24,10368,SnAp1,False,4560,5256,42048,5568,0.12767114990856498,0.125,0.000989365626082872,10.459144627390758,10.544406770890378,145008,9.459335933570401e-05,312397824
n8_lowrank4_d3_stack_nonlinear_T128_s9401103,8,lowrank,lowrank,4,3,stack_nonlinear,128,9401103,432,24,10368,SnAp2,True,6912,7392,59136,3840,0.07756350003182888,0.0703125,0.0005983308606118953,6.325294553589841,6.405997717536851,264960,9.459335933570401e-05,312397824
n8_lowrank4_d3_stack_nonlinear_T128_s9401103,8,lowrank,lowrank,4,3,stack_nonlinear,128,9401103,432,24,10368,local_block,False,3456,3912,31296,3648,0.08441669994499534,0.0859375,0.0006519691391986271,6.892335189036289,6.972005994413897,58752,9.459335933570401e-05,312397824
n8_lowrank4_d3_stack_nonlinear_T128_s9401104,8,lowrank,lowrank,4,3,stack_nonlinear,128,9401104,432,24,10368,BPTT,True,32585,32585,260680,0,0.05981790000805631,0.0625,0.0003111988285127154,3.2973618415122252,4.951648945301509,,9.437812514079269e-05,312397824
n8_lowrank4_d3_stack_nonlinear_T128_s9401104,8,lowrank,lowrank,4,3,stack_nonlinear,128,9401104,432,24,10368,RTRL,True,10368,10368,82944,0,0.06512799998745322,0.0625,0.0005074906234767695,5.377206028618372,5.391212202434993,508032,9.437812514079269e-05,312397824
n8_lowrank4_d3_stack_nonlinear_T128_s9401104,8,lowrank,lowrank,4,3,stack_nonlinear,128,9401104,432,24,10368,packed_exact,True,6912,7392,59136,3840,0.0755347500089556,0.0703125,0.0005825429675496707,6.172436321241143,6.252669605002594,264960,9.437812514079269e-05,312397824
n8_lowrank4_d3_stack_nonlinear_T128_s9401104,8,lowrank,lowrank,4,3,stack_nonlinear,128,9401104,432,24,10368,SnAp1,False,4560,5256,42048,5568,0.12835075001930818,0.125,0.000994646094568452,10.53894737879827,10.624710260242653,145008,9.437812514079269e-05,312397824
n8_lowrank4_d3_stack_nonlinear_T128_s9401104,8,lowrank,lowrank,4,3,stack_nonlinear,128,9401104,432,24,10368,SnAp2,True,6912,7392,59136,3840,0.07585765002295375,0.0703125,0.0005852078115822223,6.200672144198807,6.2793988534973835,264960,9.437812514079269e-05,312397824
n8_lowrank4_d3_stack_nonlinear_T128_s9401104,8,lowrank,lowrank,4,3,stack_nonlinear,128,9401104,432,24,10368,local_block,False,3456,3912,31296,3648,0.0796880999696441,0.078125,0.0006155781261441007,6.5224661458975275,6.596478581070651,58752,9.437812514079269e-05,312397824
n8_lowrank8_d1_stack_nonlinear_T32_s9401100,8,lowrank,lowrank,8,1,stack_nonlinear,32,9401100,208,8,1664,BPTT,True,2505,2505,20040,0,0.004971450020093471,0.0078125,9.901718658511527e-05,2.811740085676675,4.411615860437981,,3.5215625757700764e-05,312397824
n8_lowrank8_d1_stack_nonlinear_T32_s9401100,8,lowrank,lowrank,8,1,stack_nonlinear,32,9401100,208,8,1664,RTRL,True,1664,1664,13312,0,0.004690550034865737,0.0078125,0.0001451093703508377,4.120596105525854,4.16234797581301,28288,3.5215625757700764e-05,312397824
n8_lowrank8_d1_stack_nonlinear_T32_s9401100,8,lowrank,lowrank,8,1,stack_nonlinear,32,9401100,208,8,1664,packed_exact,True,1664,1880,15040,1728,0.006015450053382665,0.0078125,0.00017605624816496857,4.999378667194904,5.338051223670254,28288,3.5215625757700764e-05,312397824
n8_lowrank8_d1_stack_nonlinear_T32_s9401100,8,lowrank,lowrank,8,1,stack_nonlinear,32,9401100,208,8,1664,SnAp1,False,656,880,7040,1792,0.010855400003492832,0.0078125,0.0003243468763685087,9.210311314646518,9.632975215127896,9136,3.5215625757700764e-05,312397824
n8_lowrank8_d1_stack_nonlinear_T32_s9401100,8,lowrank,lowrank,8,1,stack_nonlinear,32,9401100,208,8,1664,SnAp2,True,1664,1880,15040,1728,0.005931749998126179,0.0078125,0.00017371249668940436,4.932824362816209,5.263776617710904,28288,3.5215625757700764e-05,312397824
n8_lowrank8_d1_stack_nonlinear_T32_s9401100,8,lowrank,lowrank,8,1,stack_nonlinear,32,9401100,208,8,1664,local_block,True,1664,1880,15040,1728,0.005912500026170164,0.0078125,0.00017269687486987095,4.903984272723211,5.24669438189421,28288,3.5215625757700764e-05,312397824
n8_lowrank8_d1_stack_nonlinear_T32_s9401100,8,lowrank,lowrank,8,1,stack_nonlinear,32,9401100,208,8,1664,online_svd_factor,True,1728,1728,13824,0,0.00817024998832494,0.0078125,0.0002538093740440672,7.207294165106964,7.250199496435821,,3.5215625757700764e-05,312397824
n8_lowrank8_d1_stack_nonlinear_T32_s9401101,8,lowrank,lowrank,8,1,stack_nonlinear,32,9401101,208,8,1664,BPTT,True,2505,2505,20040,0,0.005060099996626377,0.0,0.00010235156150883995,2.858108978131098,4.4156376980842085,,3.581093733373564e-05,312397824
n8_lowrank8_d1_stack_nonlinear_T32_s9401101,8,lowrank,lowrank,8,1,stack_nonlinear,32,9401101,208,8,1664,RTRL,True,1664,1664,13312,0,0.005283799953758717,0.0078125,0.0001635249991522869,4.566342333581937,4.610846876644305,28288,3.581093733373564e-05,312397824
n8_lowrank8_d1_stack_nonlinear_T32_s9401101,8,lowrank,lowrank,8,1,stack_nonlinear,32,9401101,208,8,1664,packed_exact,True,1664,1880,15040,1728,0.0059908999828621745,0.0,0.00017510624820715748,4.889742107984392,5.227889533292857,28288,3.581093733373564e-05,312397824
n8_lowrank8_d1_stack_nonlinear_T32_s9401101,8,lowrank,lowrank,8,1,stack_nonlinear,32,9401101,208,8,1664,SnAp1,False,656,880,7040,1792,0.010651000018697232,0.015625,0.0003198375015927013,8.931279810188014,9.294471895063566,9136,3.581093733373564e-05,312397824
n8_lowrank8_d1_stack_nonlinear_T32_s9401101,8,lowrank,lowrank,8,1,stack_nonlinear,32,9401101,208,8,1664,SnAp2,True,1664,1880,15040,1728,0.005843450024258345,0.0078125,0.00017047499932232313,4.760417124343948,5.099219033455678,28288,3.581093733373564e-05,312397824
n8_lowrank8_d1_stack_nonlinear_T32_s9401101,8,lowrank,lowrank,8,1,stack_nonlinear,32,9401101,208,8,1664,local_block,True,1664,1880,15040,1728,0.0060746000381186604,0.0078125,0.00017826562361733522,4.977965864339451,5.300929417794879,28288,3.581093733373564e-05,312397824
n8_lowrank8_d1_stack_nonlinear_T32_s9401101,8,lowrank,lowrank,8,1,stack_nonlinear,32,9401101,208,8,1664,online_svd_factor,True,1728,1728,13824,0,0.008514099987223744,0.0078125,0.0002644406267791055,7.384353677053564,7.429730814392711,,3.581093733373564e-05,312397824
n8_lowrank8_d1_stack_nonlinear_T32_s9401102,8,lowrank,lowrank,8,1,stack_nonlinear,32,9401102,208,8,1664,BPTT,True,2505,2505,20040,0,0.004747900005895644,0.0078125,9.567499910190236e-05,2.3559831543124803,3.653636182797416,,4.060937317262869e-05,312397824
n8_lowrank8_d1_stack_nonlinear_T32_s9401102,8,lowrank,lowrank,8,1,stack_nonlinear,32,9401102,208,8,1664,RTRL,True,1664,1664,13312,0,0.004882599983830005,0.0,0.00015115937458176631,3.7222779563524493,3.7572914225016807,28288,4.060937317262869e-05,312397824
n8_lowrank8_d1_stack_nonlinear_T32_s9401102,8,lowrank,lowrank,8,1,stack_nonlinear,32,9401102,208,8,1664,packed_exact,True,1664,1880,15040,1728,0.005864800012204796,0.0078125,0.00017140624731837306,4.220854298581081,4.513120643411701,28288,4.060937317262869e-05,312397824
n8_lowrank8_d1_stack_nonlinear_T32_s9401102,8,lowrank,lowrank,8,1,stack_nonlinear,32,9401102,208,8,1664,SnAp1,False,656,880,7040,1792,0.009968500002287328,0.015625,0.00029826875288563315,7.344825334232704,7.67102766514616,9136,4.060937317262869e-05,312397824
n8_lowrank8_d1_stack_nonlinear_T32_s9401102,8,lowrank,lowrank,8,1,stack_nonlinear,32,9401102,208,8,1664,SnAp2,True,1664,1880,15040,1728,0.005849600012879819,0.0,0.00017134218614955898,4.219276801471196,4.501423836940782,28288,4.060937317262869e-05,312397824
n8_lowrank8_d1_stack_nonlinear_T32_s9401102,8,lowrank,lowrank,8,1,stack_nonlinear,32,9401102,208,8,1664,local_block,True,1664,1880,15040,1728,0.005726150062400848,0.0078125,0.00016764218526077457,4.128164809344258,4.406425794590597,28288,4.060937317262869e-05,312397824
n8_lowrank8_d1_stack_nonlinear_T32_s9401102,8,lowrank,lowrank,8,1,stack_nonlinear,32,9401102,208,8,1664,online_svd_factor,True,1728,1728,13824,0,0.007877399970311671,0.0078125,0.00024479999956383836,6.0281649392420835,6.06187019991141,,4.060937317262869e-05,312397824
n8_lowrank8_d1_stack_nonlinear_T32_s9401103,8,lowrank,lowrank,8,1,stack_nonlinear,32,9401103,208,8,1664,BPTT,True,2505,2505,20040,0,0.004699300043284893,0.0078125,9.695624976302497e-05,3.284912531668325,4.975436614447813,,2.951562601083424e-05,312397824
n8_lowrank8_d1_stack_nonlinear_T32_s9401103,8,lowrank,lowrank,8,1,stack_nonlinear,32,9401103,208,8,1664,RTRL,True,1664,1664,13312,0,0.004561349982395768,0.0078125,0.00014117500177235343,4.783059716251067,4.8293804406366005,28288,2.951562601083424e-05,312397824
n8_lowrank8_d1_stack_nonlinear_T32_s9401103,8,lowrank,lowrank,8,1,stack_nonlinear,32,9401103,208,8,1664,packed_exact,True,1664,1880,15040,1728,0.005801699997391552,0.0078125,0.00016981406224658713,5.753361361343101,6.14261492715538,28288,2.951562601083424e-05,312397824
n8_lowrank8_d1_stack_nonlinear_T32_s9401103,8,lowrank,lowrank,8,1,stack_nonlinear,32,9401103,208,8,1664,SnAp1,False,656,880,7040,1792,0.010353200021199882,0.0078125,0.00031134687560552265,10.54854386253699,10.961566613689172,9136,2.951562601083424e-05,312397824
n8_lowrank8_d1_stack_nonlinear_T32_s9401103,8,lowrank,lowrank,8,1,stack_nonlinear,32,9401103,208,8,1664,SnAp2,True,1664,1880,15040,1728,0.006020700035151094,0.0078125,0.00017653281065577175,5.980994968257567,6.3744836727978935,28288,2.951562601083424e-05,312397824
n8_lowrank8_d1_stack_nonlinear_T32_s9401103,8,lowrank,lowrank,8,1,stack_nonlinear,32,9401103,208,8,1664,local_block,True,1664,1880,15040,1728,0.005828000023029745,0.0,0.00017073437084036414,5.784541746724024,6.170460374204066,28288,2.951562601083424e-05,312397824
n8_lowrank8_d1_stack_nonlinear_T32_s9401103,8,lowrank,lowrank,8,1,stack_nonlinear,32,9401103,208,8,1664,online_svd_factor,True,1728,1728,13824,0,0.007941799995023757,0.0078125,0.0002467499980411958,8.359978472102261,8.40846979675759,,2.951562601083424e-05,312397824
n8_lowrank8_d1_stack_nonlinear_T32_s9401104,8,lowrank,lowrank,8,1,stack_nonlinear,32,9401104,208,8,1664,BPTT,True,2505,2505,20040,0,0.004841749963816255,0.0,9.555625001667067e-05,2.9368036548059893,4.650163184940697,,3.2537500374019146e-05,312397824
n8_lowrank8_d1_stack_nonlinear_T32_s9401104,8,lowrank,lowrank,8,1,stack_nonlinear,32,9401104,208,8,1664,RTRL,True,1664,1664,13312,0,0.004827150027267635,0.0078125,0.0001494187454227358,4.592201112721158,4.63614096406018,28288,3.2537500374019146e-05,312397824
n8_lowrank8_d1_stack_nonlinear_T32_s9401104,8,lowrank,lowrank,8,1,stack_nonlinear,32,9401104,208,8,1664,packed_exact,True,1664,1880,15040,1728,0.00582205003593117,0.0078125,0.00017020937411871273,5.231175479436126,5.591673039768153,28288,3.2537500374019146e-05,312397824
n8_lowrank8_d1_stack_nonlinear_T32_s9401104,8,lowrank,lowrank,8,1,stack_nonlinear,32,9401104,208,8,1664,SnAp1,False,656,880,7040,1792,0.010005649994127452,0.0078125,0.00030051406247366685,9.23592958952754,9.6097290425589,9136,3.2537500374019146e-05,312397824
n8_lowrank8_d1_stack_nonlinear_T32_s9401104,8,lowrank,lowrank,8,1,stack_nonlinear,32,9401104,208,8,1664,SnAp2,True,1664,1880,15040,1728,0.005827350018080324,0.0078125,0.00017065312931663357,5.244813748904273,5.596763303010787,28288,3.2537500374019146e-05,312397824
n8_lowrank8_d1_stack_nonlinear_T32_s9401104,8,lowrank,lowrank,8,1,stack_nonlinear,32,9401104,208,8,1664,local_block,True,1664,1880,15040,1728,0.005696200008969754,0.0078125,0.00016654687715345062,5.118613146031235,5.470802865435876,28288,3.2537500374019146e-05,312397824
n8_lowrank8_d1_stack_nonlinear_T32_s9401104,8,lowrank,lowrank,8,1,stack_nonlinear,32,9401104,208,8,1664,online_svd_factor,True,1728,1728,13824,0,0.007801750034559518,0.0078125,0.0002424343747406965,7.4509219194439975,7.493036827581888,,3.2537500374019146e-05,312397824
n8_lowrank8_d1_stack_nonlinear_T128_s9401100,8,lowrank,lowrank,8,1,stack_nonlinear,128,9401100,208,8,1664,BPTT,True,10185,10185,81480,0,0.020010149921290576,0.015625,0.0001015628909044608,3.271275808228167,5.0352667240833835,,3.104687493760139e-05,312397824
n8_lowrank8_d1_stack_nonlinear_T128_s9401100,8,lowrank,lowrank,8,1,stack_nonlinear,128,9401100,208,8,1664,RTRL,True,1664,1664,13312,0,0.019581899978220463,0.0234375,0.0001518011713415035,4.889418714334259,4.92750377895736,28288,3.104687493760139e-05,312397824
n8_lowrank8_d1_stack_nonlinear_T128_s9401100,8,lowrank,lowrank,8,1,stack_nonlinear,128,9401100,208,8,1664,packed_exact,True,1664,1880,15040,1728,0.02269670000532642,0.0234375,0.00017356327953166328,5.590362311198604,5.71129845267808,28288,3.104687493760139e-05,312397824
n8_lowrank8_d1_stack_nonlinear_T128_s9401100,8,lowrank,lowrank,8,1,stack_nonlinear,128,9401100,208,8,1664,SnAp1,False,656,880,7040,1792,0.03895375004503876,0.0390625,0.0003003386750606296,9.67371678032833,9.802151515684137,9136,3.104687493760139e-05,312397824
n8_lowrank8_d1_stack_nonlinear_T128_s9401100,8,lowrank,lowrank,8,1,stack_nonlinear,128,9401100,208,8,1664,SnAp2,True,1664,1880,15040,1728,0.021940549951978028,0.0234375,0.00016778163944763946,5.404139379079223,5.521024156032857,28288,3.104687493760139e-05,312397824
n8_lowrank8_d1_stack_nonlinear_T128_s9401100,8,lowrank,lowrank,8,1,stack_nonlinear,128,9401100,208,8,1664,local_block,True,1664,1880,15040,1728,0.021923999942373484,0.0234375,0.00016731523464841302,5.389116778570675,5.516859583904571,28288,3.104687493760139e-05,312397824
n8_lowrank8_d1_stack_nonlinear_T128_s9401100,8,lowrank,lowrank,8,1,stack_nonlinear,128,9401100,208,8,1664,online_svd_factor,True,1728,1728,13824,0,0.0315355000202544,0.03125,0.00024509452987331315,7.894338169812868,7.935455481538768,,3.104687493760139e-05,312397824
n8_lowrank8_d1_stack_nonlinear_T128_s9401101,8,lowrank,lowrank,8,1,stack_nonlinear,128,9401101,208,8,1664,BPTT,True,10185,10185,81480,0,0.023737950017675757,0.0234375,0.00012236718748681596,3.7426523571974823,5.672150584068331,,3.269531225669198e-05,312397824
n8_lowrank8_d1_stack_nonlinear_T128_s9401101,8,lowrank,lowrank,8,1,stack_nonlinear,128,9401101,208,8,1664,RTRL,True,1664,1664,13312,0,0.01933575002476573,0.0234375,0.00014982539005359286,4.582473134904134,4.620250936357509,28288,3.269531225669198e-05,312397824
n8_lowrank8_d1_stack_nonlinear_T128_s9401101,8,lowrank,lowrank,8,1,stack_nonlinear,128,9401101,208,8,1664,packed_exact,True,1664,1880,15040,1728,0.022407350013963878,0.015625,0.00017105664210248506,5.231839988543731,5.354205538999328,28288,3.269531225669198e-05,312397824
n8_lowrank8_d1_stack_nonlinear_T128_s9401101,8,lowrank,lowrank,8,1,stack_nonlinear,128,9401101,208,8,1664,SnAp1,False,656,880,7040,1792,0.04040865000570193,0.0390625,0.00031164062647803803,9.531660809088997,9.655591471065744,9136,3.269531225669198e-05,312397824
n8_lowrank8_d1_stack_nonlinear_T128_s9401101,8,lowrank,lowrank,8,1,stack_nonlinear,128,9401101,208,8,1664,SnAp2,True,1664,1880,15040,1728,0.023280849971342832,0.0234375,0.00017797929695007042,5.443572324764758,5.562927155218984,28288,3.269531225669198e-05,312397824
n8_lowrank8_d1_stack_nonlinear_T128_s9401101,8,lowrank,lowrank,8,1,stack_nonlinear,128,9401101,208,8,1664,local_block,True,1664,1880,15040,1728,0.02295835001859814,0.0234375,0.00017524609256724943,5.35997610884969,5.48586623403747,28288,3.269531225669198e-05,312397824
n8_lowrank8_d1_stack_nonlinear_T128_s9401101,8,lowrank,lowrank,8,1,stack_nonlinear,128,9401101,208,8,1664,online_svd_factor,True,1728,1728,13824,0,0.03131330001633614,0.03125,0.00024345703013750608,7.44623658052619,7.482270071531583,,3.269531225669198e-05,312397824
n8_lowrank8_d1_stack_nonlinear_T128_s9401102,8,lowrank,lowrank,8,1,stack_nonlinear,128,9401102,208,8,1664,BPTT,True,10185,10185,81480,0,0.01887249993160367,0.015625,9.524609367872472e-05,2.921729339607323,4.522850904578328,,3.259921868448146e-05,312397824
n8_lowrank8_d1_stack_nonlinear_T128_s9401102,8,lowrank,lowrank,8,1,stack_nonlinear,128,9401102,208,8,1664,RTRL,True,1664,1664,13312,0,0.01902850001351908,0.0234375,0.00014750976606592303,4.524947898096209,4.560236789551832,28288,3.259921868448146e-05,312397824
n8_lowrank8_d1_stack_nonlinear_T128_s9401102,8,lowrank,lowrank,8,1,stack_nonlinear,128,9401102,208,8,1664,packed_exact,True,1664,1880,15040,1728,0.02265584998531267,0.0234375,0.00017287304626734112,5.302981275119813,5.429542030543015,28288,3.259921868448146e-05,312397824
n8_lowrank8_d1_stack_nonlinear_T128_s9401102,8,lowrank,lowrank,8,1,stack_nonlinear,128,9401102,208,8,1664,SnAp1,False,656,880,7040,1792,0.03817969997180626,0.0390625,0.0002944246102742909,9.031646222074913,9.149878986876738,9136,3.259921868448146e-05,312397824
n8_lowrank8_d1_stack_nonlinear_T128_s9401102,8,lowrank,lowrank,8,1,stack_nonlinear,128,9401102,208,8,1664,SnAp2,True,1664,1880,15040,1728,0.0221313500078395,0.0234375,0.00016917656239456846,5.189589481636974,5.30384404637753,28288,3.259921868448146e-05,312397824
n8_lowrank8_d1_stack_nonlinear_T128_s9401102,8,lowrank,lowrank,8,1,stack_nonlinear,128,9401102,208,8,1664,local_block,True,1664,1880,15040,1728,0.02316059998702258,0.0234375,0.0001769996097209514,5.429566009973434,5.5505068741033865,28288,3.259921868448146e-05,312397824
n8_lowrank8_d1_stack_nonlinear_T128_s9401102,8,lowrank,lowrank,8,1,stack_nonlinear,128,9401102,208,8,1664,online_svd_factor,True,1728,1728,13824,0,0.03091959998710081,0.03125,0.0002404753909104329,7.376722529393286,7.4099743689322555,,3.259921868448146e-05,312397824
n8_lowrank8_d1_stack_nonlinear_T128_s9401103,8,lowrank,lowrank,8,1,stack_nonlinear,128,9401103,208,8,1664,BPTT,True,10185,10185,81480,0,0.018729150004219264,0.0234375,9.679570348453126e-05,2.919930760428118,4.41392115407883,,3.3149999580928124e-05,312397824
n8_lowrank8_d1_stack_nonlinear_T128_s9401103,8,lowrank,lowrank,8,1,stack_nonlinear,128,9401103,208,8,1664,RTRL,True,1664,1664,13312,0,0.018653749953955412,0.015625,0.00014466718675976153,4.364017755312176,4.396151534165313,28288,3.3149999580928124e-05,312397824
n8_lowrank8_d1_stack_nonlinear_T128_s9401103,8,lowrank,lowrank,8,1,stack_nonlinear,128,9401103,208,8,1664,packed_exact,True,1664,1880,15040,1728,0.021902050008066,0.0234375,0.00016723828184694867,5.0448954437744336,5.161682288118597,28288,3.3149999580928124e-05,312397824
n8_lowrank8_d1_stack_nonlinear_T128_s9401103,8,lowrank,lowrank,8,1,stack_nonlinear,128,9401103,208,8,1664,SnAp1,False,656,880,7040,1792,0.038379550038371235,0.0390625,0.00029567265573859913,8.919235579981898,9.044954403175302,9136,3.3149999580928124e-05,312397824
n8_lowrank8_d1_stack_nonlinear_T128_s9401103,8,lowrank,lowrank,8,1,stack_nonlinear,128,9401103,208,8,1664,SnAp2,True,1664,1880,15040,1728,0.0222776000155136,0.0234375,0.0001703820307739079,5.139729500085188,5.2501886069805845,28288,3.3149999580928124e-05,312397824
n8_lowrank8_d1_stack_nonlinear_T128_s9401103,8,lowrank,lowrank,8,1,stack_nonlinear,128,9401103,208,8,1664,local_block,True,1664,1880,15040,1728,0.022820649959612638,0.0234375,0.00017449101733291172,5.263680830732197,5.378169835997389,28288,3.3149999580928124e-05,312397824
n8_lowrank8_d1_stack_nonlinear_T128_s9401103,8,lowrank,lowrank,8,1,stack_nonlinear,128,9401103,208,8,1664,online_svd_factor,True,1728,1728,13824,0,0.033335949934553355,0.03125,0.0002591207021396258,7.816612531383055,7.856323141962659,,3.3149999580928124e-05,312397824
n8_lowrank8_d1_stack_nonlinear_T128_s9401104,8,lowrank,lowrank,8,1,stack_nonlinear,128,9401104,208,8,1664,BPTT,True,10185,10185,81480,0,0.019284199981484562,0.0234375,9.729453131512855e-05,2.9973164334545066,4.641259181756034,,3.246054711780744e-05,312397824
n8_lowrank8_d1_stack_nonlinear_T128_s9401104,8,lowrank,lowrank,8,1,stack_nonlinear,128,9401104,208,8,1664,RTRL,True,1664,1664,13312,0,0.019315149926114827,0.015625,0.00014971211203373969,4.6121253437410346,4.648708114811488,28288,3.246054711780744e-05,312397824
n8_lowrank8_d1_stack_nonlinear_T128_s9401104,8,lowrank,lowrank,8,1,stack_nonlinear,128,9401104,208,8,1664,packed_exact,True,1664,1880,15040,1728,0.02272499998798594,0.0234375,0.00017367343707519467,5.35029297087601,5.46937985246541,28288,3.246054711780744e-05,312397824
n8_lowrank8_d1_stack_nonlinear_T128_s9401104,8,lowrank,lowrank,8,1,stack_nonlinear,128,9401104,208,8,1664,SnAp1,False,656,880,7040,1792,0.039534299983642995,0.0390625,0.00030479062525046174,9.389571412468817,9.514988071558824,9136,3.246054711780744e-05,312397824
n8_lowrank8_d1_stack_nonlinear_T128_s9401104,8,lowrank,lowrank,8,1,stack_nonlinear,128,9401104,208,8,1664,SnAp2,True,1664,1880,15040,1728,0.023265200026798993,0.0234375,0.00017786679700293462,5.479476250274265,5.599393459072545,28288,3.246054711780744e-05,312397824
n8_lowrank8_d1_stack_nonlinear_T128_s9401104,8,lowrank,lowrank,8,1,stack_nonlinear,128,9401104,208,8,1664,local_block,True,1664,1880,15040,1728,0.021989199973177165,0.0234375,0.00016812617195682833,5.179400437911796,5.292289873210562,28288,3.246054711780744e-05,312397824
n8_lowrank8_d1_stack_nonlinear_T128_s9401104,8,lowrank,lowrank,8,1,stack_nonlinear,128,9401104,208,8,1664,online_svd_factor,True,1728,1728,13824,0,0.030673850036691874,0.03125,0.00023835937599869794,7.343048628651643,7.382483497334281,,3.246054711780744e-05,312397824
n8_lowrank8_d2_stack_nonlinear_T32_s9401100,8,lowrank,lowrank,8,2,stack_nonlinear,32,9401100,416,16,6656,BPTT,True,5257,5257,42056,0,0.009795850026421249,0.0078125,0.0002015078116528457,3.0642478306730903,4.655047853177784,,6.576093801413663e-05,312397824
n8_lowrank8_d2_stack_nonlinear_T32_s9401100,8,lowrank,lowrank,8,2,stack_nonlinear,32,9401100,416,16,6656,RTRL,True,6656,6656,53248,0,0.011313299997709692,0.015625,0.00035193906114727724,5.351795028708698,5.376149361683789,219648,6.576093801413663e-05,312397824
n8_lowrank8_d2_stack_nonlinear_T32_s9401100,8,lowrank,lowrank,8,2,stack_nonlinear,32,9401100,416,16,6656,packed_exact,True,4992,5432,43456,3520,0.013818849984090775,0.0078125,0.00040702968726691324,6.189535909287274,6.566802041509875,138112,6.576093801413663e-05,312397824
n8_lowrank8_d2_stack_nonlinear_T32_s9401100,8,lowrank,lowrank,8,2,stack_nonlinear,32,9401100,416,16,6656,SnAp1,False,2976,3496,27968,4160,0.02214205003110692,0.015625,0.0006650593750237022,10.113289060456138,10.522037616363457,67552,6.576093801413663e-05,312397824
n8_lowrank8_d2_stack_nonlinear_T32_s9401100,8,lowrank,lowrank,8,2,stack_nonlinear,32,9401100,416,16,6656,SnAp2,True,4992,5432,43456,3520,0.013231849996373057,0.0078125,0.0003900906231137924,5.931950408461853,6.287856056702977,138112,6.576093801413663e-05,312397824
n8_lowrank8_d2_stack_nonlinear_T32_s9401100,8,lowrank,lowrank,8,2,stack_nonlinear,32,9401100,416,16,6656,local_block,False,3328,3760,30080,3456,0.012369599950034171,0.015625,0.0003652171853900654,5.553710096281697,5.878109560351332,56576,6.576093801413663e-05,312397824
n8_lowrank8_d2_stack_nonlinear_T32_s9401101,8,lowrank,lowrank,8,2,stack_nonlinear,32,9401101,416,16,6656,BPTT,True,5257,5257,42056,0,0.009568749985191971,0.015625,0.0001997531253437046,3.0943241675508295,4.632094973715186,,6.455468610511161e-05,312397824
n8_lowrank8_d2_stack_nonlinear_T32_s9401101,8,lowrank,lowrank,8,2,stack_nonlinear,32,9401101,416,16,6656,RTRL,True,6656,6656,53248,0,0.010729700035881251,0.0078125,0.00033368749609508086,5.169066976048057,5.194094284268217,219648,6.455468610511161e-05,312397824
n8_lowrank8_d2_stack_nonlinear_T32_s9401101,8,lowrank,lowrank,8,2,stack_nonlinear,32,9401101,416,16,6656,packed_exact,True,4992,5432,43456,3520,0.012600299960467964,0.015625,0.0003703390611917712,5.736826922041942,6.099624946258471,138112,6.455468610511161e-05,312397824
n8_lowrank8_d2_stack_nonlinear_T32_s9401101,8,lowrank,lowrank,8,2,stack_nonlinear,32,9401101,416,16,6656,SnAp1,False,2976,3496,27968,4160,0.021909100003540516,0.015625,0.0006584984403161798,10.200629575426564,10.605881871934747,67552,6.455468610511161e-05,312397824
n8_lowrank8_d2_stack_nonlinear_T32_s9401101,8,lowrank,lowrank,8,2,stack_nonlinear,32,9401101,416,16,6656,SnAp2,True,4992,5432,43456,3520,0.012891799968201667,0.015625,0.0003795343782257987,5.8792692076268365,6.2407359296942175,138112,6.455468610511161e-05,312397824
n8_lowrank8_d2_stack_nonlinear_T32_s9401101,8,lowrank,lowrank,8,2,stack_nonlinear,32,9401101,416,16,6656,local_block,False,3328,3760,30080,3456,0.012708399968687445,0.0078125,0.00037553906440734863,5.817378831272985,6.151954613718372,56576,6.455468610511161e-05,312397824
n8_lowrank8_d2_stack_nonlinear_T32_s9401102,8,lowrank,lowrank,8,2,stack_nonlinear,32,9401102,416,16,6656,BPTT,True,5257,5257,42056,0,0.009980450035072863,0.0078125,0.00020303906239860225,3.168308357146332,4.866850324367134,,6.408437548088841e-05,312397824
n8_lowrank8_d2_stack_nonlinear_T32_s9401102,8,lowrank,lowrank,8,2,stack_nonlinear,32,9401102,416,16,6656,RTRL,True,6656,6656,53248,0,0.010320749948732555,0.015625,0.00032104843921842985,5.009777138487909,5.03279361744076,219648,6.408437548088841e-05,312397824
n8_lowrank8_d2_stack_nonlinear_T32_s9401102,8,lowrank,lowrank,8,2,stack_nonlinear,32,9401102,416,16,6656,packed_exact,True,4992,5432,43456,3520,0.0128438999527134,0.0078125,0.0003780515617108904,5.8992782386345475,6.263178356821048,138112,6.408437548088841e-05,312397824
n8_lowrank8_d2_stack_nonlinear_T32_s9401102,8,lowrank,lowrank,8,2,stack_nonlinear,32,9401102,416,16,6656,SnAp1,False,2976,3496,27968,4160,0.022313199937343597,0.0234375,0.0006724593731632922,10.493343628882467,10.880772306971085,67552,6.408437548088841e-05,312397824
n8_lowrank8_d2_stack_nonlinear_T32_s9401102,8,lowrank,lowrank,8,2,stack_nonlinear,32,9401102,416,16,6656,SnAp2,True,4992,5432,43456,3520,0.014966599992476404,0.0078125,0.00044351405995257664,6.920783055533463,7.2982883308954065,138112,6.408437548088841e-05,312397824
n8_lowrank8_d2_stack_nonlinear_T32_s9401102,8,lowrank,lowrank,8,2,stack_nonlinear,32,9401102,416,16,6656,local_block,False,3328,3760,30080,3456,0.013929700013250113,0.015625,0.00041180937296303455,6.426049561579118,6.792656121676406,56576,6.408437548088841e-05,312397824
n8_lowrank8_d2_stack_nonlinear_T32_s9401103,8,lowrank,lowrank,8,2,stack_nonlinear,32,9401103,416,16,6656,BPTT,True,5257,5257,42056,0,0.012943100009579211,0.015625,0.0002689062512217788,3.4131926064473936,5.133909710224856,,7.878437645558733e-05,312397824
n8_lowrank8_d2_stack_nonlinear_T32_s9401103,8,lowrank,lowrank,8,2,stack_nonlinear,32,9401103,416,16,6656,RTRL,True,6656,6656,53248,0,0.01233955001225695,0.015625,0.0003836828091152711,4.870036755721007,4.894510247224054,219648,7.878437645558733e-05,312397824
n8_lowrank8_d2_stack_nonlinear_T32_s9401103,8,lowrank,lowrank,8,2,stack_nonlinear,32,9401103,416,16,6656,packed_exact,True,4992,5432,43456,3520,0.012807550025172532,0.015625,0.00037677030923077837,4.782297280009228,5.080143504242422,138112,7.878437645558733e-05,312397824
n8_lowrank8_d2_stack_nonlinear_T32_s9401103,8,lowrank,lowrank,8,2,stack_nonlinear,32,9401103,416,16,6656,SnAp1,False,2976,3496,27968,4160,0.02162454999051988,0.0234375,0.0006510078164865263,8.26315883649235,8.577426357936496,67552,7.878437645558733e-05,312397824
n8_lowrank8_d2_stack_nonlinear_T32_s9401103,8,lowrank,lowrank,8,2,stack_nonlinear,32,9401103,416,16,6656,SnAp2,True,4992,5432,43456,3520,0.01388024998595938,0.0078125,0.0004076375007571187,5.1740905887211515,5.505632354731531,138112,7.878437645558733e-05,312397824
n8_lowrank8_d2_stack_nonlinear_T32_s9401103,8,lowrank,lowrank,8,2,stack_nonlinear,32,9401103,416,16,6656,local_block,False,3328,3760,30080,3456,0.013347549946047366,0.0078125,0.0003952593706344487,5.016976568409677,5.294335686582678,56576,7.878437645558733e-05,312397824
n8_lowrank8_d2_stack_nonlinear_T32_s9401104,8,lowrank,lowrank,8,2,stack_nonlinear,32,9401104,416,16,6656,BPTT,True,5257,5257,42056,0,0.010638899984769523,0.0078125,0.00021153593843337148,3.3210597818171514,5.2196247248611725,,6.369531183736399e-05,312397824
n8_lowrank8_d2_stack_nonlinear_T32_s9401104,8,lowrank,lowrank,8,2,stack_nonlinear,32,9401104,416,16,6656,RTRL,True,6656,6656,53248,0,0.010737899981904775,0.015625,0.00033382968649675604,5.241040146708723,5.268195802091723,219648,6.369531183736399e-05,312397824
n8_lowrank8_d2_stack_nonlinear_T32_s9401104,8,lowrank,lowrank,8,2,stack_nonlinear,32,9401104,416,16,6656,packed_exact,True,4992,5432,43456,3520,0.012679149978794158,0.0078125,0.00037280155811458826,5.852888499336948,6.220605966244611,138112,6.369531183736399e-05,312397824
n8_lowrank8_d2_stack_nonlinear_T32_s9401104,8,lowrank,lowrank,8,2,stack_nonlinear,32,9401104,416,16,6656,SnAp1,False,2976,3496,27968,4160,0.021804099960718304,0.015625,0.0006546374988829484,10.277640221849653,10.697461149295249,67552,6.369531183736399e-05,312397824
n8_lowrank8_d2_stack_nonlinear_T32_s9401104,8,lowrank,lowrank,8,2,stack_nonlinear,32,9401104,416,16,6656,SnAp2,True,4992,5432,43456,3520,0.012791950022801757,0.015625,0.0003767609359783819,5.91504971261279,6.275947580463221,138112,6.369531183736399e-05,312397824
n8_lowrank8_d2_stack_nonlinear_T32_s9401104,8,lowrank,lowrank,8,2,stack_nonlinear,32,9401104,416,16,6656,local_block,False,3328,3760,30080,3456,0.012912800011690706,0.015625,0.00038212499566725455,5.999264068962421,6.33523863413484,56576,6.369531183736399e-05,312397824
n8_lowrank8_d2_stack_nonlinear_T128_s9401100,8,lowrank,lowrank,8,2,stack_nonlinear,128,9401100,416,16,6656,BPTT,True,21385,21385,171080,0,0.038878949999343604,0.0390625,0.0002021921873165411,3.352431038724473,5.0361660413235905,,6.0312109326332575e-05,312397824
n8_lowrank8_d2_stack_nonlinear_T128_s9401100,8,lowrank,lowrank,8,2,stack_nonlinear,128,9401100,416,16,6656,RTRL,True,6656,6656,53248,0,0.04290795000270009,0.046875,0.00033398476534785004,5.53760710872751,5.558060614035536,219648,6.0312109326332575e-05,312397824
n8_lowrank8_d2_stack_nonlinear_T128_s9401100,8,lowrank,lowrank,8,2,stack_nonlinear,128,9401100,416,16,6656,packed_exact,True,4992,5432,43456,3520,0.048673850018531084,0.0390625,0.00037350781121858745,6.192915740977277,6.304943692356465,138112,6.0312109326332575e-05,312397824
n8_lowrank8_d2_stack_nonlinear_T128_s9401100,8,lowrank,lowrank,8,2,stack_nonlinear,128,9401100,416,16,6656,SnAp1,False,2976,3496,27968,4160,0.08349195000482723,0.078125,0.0006451601566368481,10.69702525484659,10.815089485320382,67552,6.0312109326332575e-05,312397824
n8_lowrank8_d2_stack_nonlinear_T128_s9401100,8,lowrank,lowrank,8,2,stack_nonlinear,128,9401100,416,16,6656,SnAp2,True,4992,5432,43456,3520,0.050227100029587746,0.046875,0.00038588945290030097,6.39820853905734,6.506143183585038,138112,6.0312109326332575e-05,312397824
n8_lowrank8_d2_stack_nonlinear_T128_s9401100,8,lowrank,lowrank,8,2,stack_nonlinear,128,9401100,416,16,6656,local_block,False,3328,3760,30080,3456,0.0505026500322856,0.046875,0.00038774921904405346,6.429044239624367,6.541836420318463,56576,6.0312109326332575e-05,312397824
n8_lowrank8_d2_stack_nonlinear_T128_s9401101,8,lowrank,lowrank,8,2,stack_nonlinear,128,9401101,416,16,6656,BPTT,True,21385,21385,171080,0,0.04034509998746216,0.0390625,0.00020823593740715296,3.157669017742845,4.779602175452623,,6.594609385501826e-05,312397824
n8_lowrank8_d2_stack_nonlinear_T128_s9401101,8,lowrank,lowrank,8,2,stack_nonlinear,128,9401101,416,16,6656,RTRL,True,6656,6656,53248,0,0.04271019995212555,0.046875,0.0003323890618958103,5.040314633745615,5.059790771831886,219648,6.594609385501826e-05,312397824
n8_lowrank8_d2_stack_nonlinear_T128_s9401101,8,lowrank,lowrank,8,2,stack_nonlinear,128,9401101,416,16,6656,packed_exact,True,4992,5432,43456,3520,0.04884859995217994,0.046875,0.0003748769509002159,5.684596751467624,5.786994571132815,138112,6.594609385501826e-05,312397824
n8_lowrank8_d2_stack_nonlinear_T128_s9401101,8,lowrank,lowrank,8,2,stack_nonlinear,128,9401101,416,16,6656,SnAp1,False,2976,3496,27968,4160,0.08447130001150072,0.0859375,0.0006528945309582923,9.90042764918986,10.007143604148904,67552,6.594609385501826e-05,312397824
n8_lowrank8_d2_stack_nonlinear_T128_s9401101,8,lowrank,lowrank,8,2,stack_nonlinear,128,9401101,416,16,6656,SnAp2,True,4992,5432,43456,3520,0.0499016500543803,0.0546875,0.00038318164024531143,5.8105282336772195,5.911747281149684,138112,6.594609385501826e-05,312397824
n8_lowrank8_d2_stack_nonlinear_T128_s9401101,8,lowrank,lowrank,8,2,stack_nonlinear,128,9401101,416,16,6656,local_block,False,3328,3760,30080,3456,0.05005580000579357,0.046875,0.0003846250006063201,5.832415206455045,5.930009113276752,56576,6.594609385501826e-05,312397824
n8_lowrank8_d2_stack_nonlinear_T128_s9401102,8,lowrank,lowrank,8,2,stack_nonlinear,128,9401102,416,16,6656,BPTT,True,21385,21385,171080,0,0.04154354997444898,0.0390625,0.00021460859352373518,3.2865021655862527,4.9702753596160125,,6.53000006423099e-05,312397824
n8_lowrank8_d2_stack_nonlinear_T128_s9401102,8,lowrank,lowrank,8,2,stack_nonlinear,128,9401102,416,16,6656,RTRL,True,6656,6656,53248,0,0.04428114998154342,0.0390625,0.0003445468769314175,5.276368660679229,5.297802156630586,219648,6.53000006423099e-05,312397824
n8_lowrank8_d2_stack_nonlinear_T128_s9401102,8,lowrank,lowrank,8,2,stack_nonlinear,128,9401102,416,16,6656,packed_exact,True,4992,5432,43456,3520,0.05448189994785935,0.0546875,0.0004182789048172708,6.405496182281121,6.518221120305256,138112,6.53000006423099e-05,312397824
n8_lowrank8_d2_stack_nonlinear_T128_s9401102,8,lowrank,lowrank,8,2,stack_nonlinear,128,9401102,416,16,6656,SnAp1,False,2976,3496,27968,4160,0.09414910001214594,0.09375,0.0007253039066199563,11.107257266242803,11.264009749003142,67552,6.53000006423099e-05,312397824
n8_lowrank8_d2_stack_nonlinear_T128_s9401102,8,lowrank,lowrank,8,2,stack_nonlinear,128,9401102,416,16,6656,SnAp2,True,4992,5432,43456,3520,0.05121599999256432,0.046875,0.00039316601350947167,6.020918983800549,6.1274884533868645,138112,6.53000006423099e-05,312397824
n8_lowrank8_d2_stack_nonlinear_T128_s9401102,8,lowrank,lowrank,8,2,stack_nonlinear,128,9401102,416,16,6656,local_block,False,3328,3760,30080,3456,0.04820794996339828,0.0546875,0.0003695425807563879,5.659151257602742,5.767604982916681,56576,6.53000006423099e-05,312397824
n8_lowrank8_d2_stack_nonlinear_T128_s9401103,8,lowrank,lowrank,8,2,stack_nonlinear,128,9401103,416,16,6656,BPTT,True,21385,21385,171080,0,0.03909865004243329,0.0390625,0.00020319648456279538,3.2118388670432556,4.828245588154524,,6.32648439022887e-05,312397824
n8_lowrank8_d2_stack_nonlinear_T128_s9401103,8,lowrank,lowrank,8,2,stack_nonlinear,128,9401103,416,16,6656,RTRL,True,6656,6656,53248,0,0.042298999964259565,0.046875,0.00032914999974309467,5.202731555798357,5.223452976998856,219648,6.32648439022887e-05,312397824
n8_lowrank8_d2_stack_nonlinear_T128_s9401103,8,lowrank,lowrank,8,2,stack_nonlinear,128,9401103,416,16,6656,packed_exact,True,4992,5432,43456,3520,0.04983059997903183,0.046875,0.0003821613290710957,6.040658689703499,6.153521265893815,138112,6.32648439022887e-05,312397824
n8_lowrank8_d2_stack_nonlinear_T128_s9401103,8,lowrank,lowrank,8,2,stack_nonlinear,128,9401103,416,16,6656,SnAp1,False,2976,3496,27968,4160,0.08708334999391809,0.09375,0.000672491796194663,10.629786698491081,10.753818864680275,67552,6.32648439022887e-05,312397824
n8_lowrank8_d2_stack_nonlinear_T128_s9401103,8,lowrank,lowrank,8,2,stack_nonlinear,128,9401103,416,16,6656,SnAp2,True,4992,5432,43456,3520,0.04840820003300905,0.046875,0.00037150820207898505,5.872269323113673,5.977870795697982,138112,6.32648439022887e-05,312397824
n8_lowrank8_d2_stack_nonlinear_T128_s9401103,8,lowrank,lowrank,8,2,stack_nonlinear,128,9401103,416,16,6656,local_block,False,3328,3760,30080,3456,0.04904055001679808,0.046875,0.00037702890676882816,5.959532712214415,6.055958939817675,56576,6.32648439022887e-05,312397824
n8_lowrank8_d2_stack_nonlinear_T128_s9401104,8,lowrank,lowrank,8,2,stack_nonlinear,128,9401104,416,16,6656,BPTT,True,21385,21385,171080,0,0.03892685001483187,0.0390625,0.00020054648439327138,3.1287837861988392,4.744602041028659,,6.409726529454929e-05,312397824
n8_lowrank8_d2_stack_nonlinear_T128_s9401104,8,lowrank,lowrank,8,2,stack_nonlinear,128,9401104,416,16,6656,RTRL,True,6656,6656,53248,0,0.04257099999813363,0.0390625,0.00033134023351522046,5.169334947327262,5.188769535752744,219648,6.409726529454929e-05,312397824
n8_lowrank8_d2_stack_nonlinear_T128_s9401104,8,lowrank,lowrank,8,2,stack_nonlinear,128,9401104,416,16,6656,packed_exact,True,4992,5432,43456,3520,0.05261189996963367,0.0546875,0.0004027667978334648,6.283681464140645,6.412605383770035,138112,6.409726529454929e-05,312397824
n8_lowrank8_d2_stack_nonlinear_T128_s9401104,8,lowrank,lowrank,8,2,stack_nonlinear,128,9401104,416,16,6656,SnAp1,False,2976,3496,27968,4160,0.08677415002603084,0.09375,0.0006699421896882995,10.451962133012719,10.576473800607141,67552,6.409726529454929e-05,312397824
n8_lowrank8_d2_stack_nonlinear_T128_s9401104,8,lowrank,lowrank,8,2,stack_nonlinear,128,9401104,416,16,6656,SnAp2,True,4992,5432,43456,3520,0.05045879993122071,0.046875,0.00038745898336856044,6.044859817155245,6.150174623693105,138112,6.409726529454929e-05,312397824
n8_lowrank8_d2_stack_nonlinear_T128_s9401104,8,lowrank,lowrank,8,2,stack_nonlinear,128,9401104,416,16,6656,local_block,False,3328,3760,30080,3456,0.05134369997540489,0.046875,0.00039488593847636366,6.160729894820396,6.2580307321155155,56576,6.409726529454929e-05,312397824
n8_lowrank8_d3_stack_nonlinear_T32_s9401100,8,lowrank,lowrank,8,3,stack_nonlinear,32,9401100,624,24,14976,BPTT,True,8009,8009,64072,0,0.014962300017941743,0.015625,0.0002978750017064158,2.70718549194624,4.249446213037825,,0.00011003124927810859,312471552
n8_lowrank8_d3_stack_nonlinear_T32_s9401100,8,lowrank,lowrank,8,3,stack_nonlinear,32,9401100,624,24,14976,RTRL,True,14976,14976,119808,0,0.016844249970745295,0.015625,0.0005245500015007565,4.767282067069278,4.783939244889749,733824,0.00011003124927810859,312471552
n8_lowrank8_d3_stack_nonlinear_T32_s9401100,8,lowrank,lowrank,8,3,stack_nonlinear,32,9401100,624,24,14976,packed_exact,True,9984,10656,85248,5376,0.02084160002414137,0.0234375,0.0006146296891529346,5.5859557460756655,5.9192275378808965,382720,0.00011003124927810859,312471552
n8_lowrank8_d3_stack_nonlinear_T32_s9401100,8,lowrank,lowrank,8,3,stack_nonlinear,32,9401100,624,24,14976,SnAp1,False,6960,7848,62784,7104,0.033834600006230175,0.03125,0.0010185234405071242,9.256674328333432,9.609372402218609,228496,0.00011003124927810859,312471552
n8_lowrank8_d3_stack_nonlinear_T32_s9401100,8,lowrank,lowrank,8,3,stack_nonlinear,32,9401100,624,24,14976,SnAp2,True,9984,10656,85248,5376,0.020333549997303635,0.015625,0.0005928171958657913,5.3877166691747815,5.774936134821838,382720,0.00011003124927810859,312471552
n8_lowrank8_d3_stack_nonlinear_T32_s9401100,8,lowrank,lowrank,8,3,stack_nonlinear,32,9401100,624,24,14976,local_block,False,4992,5640,45120,5184,0.019787700031884015,0.015625,0.0005866281262569828,5.331468379262473,5.619909162654606,84864,0.00011003124927810859,312471552
n8_lowrank8_d3_stack_nonlinear_T32_s9401100,8,lowrank,lowrank,8,3,stack_nonlinear,32,9401100,624,24,14976,online_svd_factor,True,15552,15552,124416,0,0.028134599968325347,0.03125,0.0008774859379627742,7.974879352181958,7.990514101934228,,0.00011003124927810859,312471552
n8_lowrank8_d3_stack_nonlinear_T32_s9401101,8,lowrank,lowrank,8,3,stack_nonlinear,32,9401101,624,24,14976,BPTT,True,8009,8009,64072,0,0.014768850000109524,0.015625,0.00031076718732947484,3.1368841230736386,4.658649321167977,,9.906874947773758e-05,313110528
n8_lowrank8_d3_stack_nonlinear_T32_s9401101,8,lowrank,lowrank,8,3,stack_nonlinear,32,9401101,624,24,14976,RTRL,True,14976,14976,119808,0,0.017184700001962483,0.015625,0.0005352937496354571,5.403255339926811,5.420699038721645,733824,9.906874947773758e-05,313110528
n8_lowrank8_d3_stack_nonlinear_T32_s9401101,8,lowrank,lowrank,8,3,stack_nonlinear,32,9401101,624,24,14976,packed_exact,True,9984,10656,85248,5376,0.020900000003166497,0.0234375,0.0006157437528599985,6.215317707208634,6.592644032977535,382720,9.906874947773758e-05,313110528
n8_lowrank8_d3_stack_nonlinear_T32_s9401101,8,lowrank,lowrank,8,3,stack_nonlinear,32,9401101,624,24,14976,SnAp1,False,6960,7848,62784,7104,0.03437284997198731,0.03125,0.0010301062484359136,10.397892916447843,10.842486326790501,228496,9.906874947773758e-05,313110528
n8_lowrank8_d3_stack_nonlinear_T32_s9401101,8,lowrank,lowrank,8,3,stack_nonlinear,32,9401101,624,24,14976,SnAp2,True,9984,10656,85248,5376,0.02056504995562136,0.0078125,0.0006062000011297641,6.118983073123251,6.486988222835937,382720,9.906874947773758e-05,313110528
n8_lowrank8_d3_stack_nonlinear_T32_s9401101,8,lowrank,lowrank,8,3,stack_nonlinear,32,9401101,624,24,14976,local_block,False,4992,5640,45120,5184,0.019335249962750822,0.0234375,0.0005729312488256255,5.7831682730019,6.099063170992616,84864,9.906874947773758e-05,313110528
n8_lowrank8_d3_stack_nonlinear_T32_s9401101,8,lowrank,lowrank,8,3,stack_nonlinear,32,9401101,624,24,14976,online_svd_factor,True,15552,15552,124416,0,0.028046099992934614,0.0234375,0.0008748812488192925,8.831051703301181,8.846792044913796,,9.906874947773758e-05,313110528
n8_lowrank8_d3_stack_nonlinear_T32_s9401102,8,lowrank,lowrank,8,3,stack_nonlinear,32,9401102,624,24,14976,BPTT,True,8009,8009,64072,0,0.014791049994528294,0.015625,0.0003105750001850538,3.2677056097933708,4.863237242720717,,9.504375157121103e-05,313274368
n8_lowrank8_d3_stack_nonlinear_T32_s9401102,8,lowrank,lowrank,8,3,stack_nonlinear,32,9401102,624,24,14976,RTRL,True,14976,14976,119808,0,0.016163300024345517,0.0234375,0.0005033937504776986,5.296442345297508,5.314427486401897,733824,9.504375157121103e-05,313274368
n8_lowrank8_d3_stack_nonlinear_T32_s9401102,8,lowrank,lowrank,8,3,stack_nonlinear,32,9401102,624,24,14976,packed_exact,True,9984,10656,85248,5376,0.020041449985001236,0.015625,0.000589620311075123,6.203672533205437,6.589547462907545,382720,9.504375157121103e-05,313274368
n8_lowrank8_d3_stack_nonlinear_T32_s9401102,8,lowrank,lowrank,8,3,stack_nonlinear,32,9401102,624,24,14976,SnAp1,False,6960,7848,62784,7104,0.03454399999463931,0.0390625,0.0010404328149888897,10.946882859620192,11.357927080810448,228496,9.504375157121103e-05,313274368
n8_lowrank8_d3_stack_nonlinear_T32_s9401102,8,lowrank,lowrank,8,3,stack_nonlinear,32,9401102,624,24,14976,SnAp2,True,9984,10656,85248,5376,0.02169039996806532,0.0234375,0.0006406921893358231,6.741023778462573,7.1317155288655085,382720,9.504375157121103e-05,313274368
n8_lowrank8_d3_stack_nonlinear_T32_s9401102,8,lowrank,lowrank,8,3,stack_nonlinear,32,9401102,624,24,14976,local_block,False,4992,5640,45120,5184,0.021934100019279867,0.0234375,0.0006514296874229331,6.853998044625299,7.211843117208321,84864,9.504375157121103e-05,313274368
n8_lowrank8_d3_stack_nonlinear_T32_s9401102,8,lowrank,lowrank,8,3,stack_nonlinear,32,9401102,624,24,14976,online_svd_factor,True,15552,15552,124416,0,0.028937650029547513,0.03125,0.0009025968720379751,9.496646093159624,9.514581952773787,,9.504375157121103e-05,313274368
n8_lowrank8_d3_stack_nonlinear_T32_s9401103,8,lowrank,lowrank,8,3,stack_nonlinear,32,9401103,624,24,14976,BPTT,True,8009,8009,64072,0,0.015420599956996739,0.015625,0.0003260578123445157,3.332220834345613,4.9248210851523675,,9.785000111151021e-05,313802752
n8_lowrank8_d3_stack_nonlinear_T32_s9401103,8,lowrank,lowrank,8,3,stack_nonlinear,32,9401103,624,24,14976,RTRL,True,14976,14976,119808,0,0.018451749987434596,0.015625,0.0005746093775087502,5.872349218002801,5.892868477847191,733824,9.785000111151021e-05,313802752
n8_lowrank8_d3_stack_nonlinear_T32_s9401103,8,lowrank,lowrank,8,3,stack_nonlinear,32,9401103,624,24,14976,packed_exact,True,9984,10656,85248,5376,0.02120534999994561,0.0234375,0.0006186578139022458,6.32251207843341,6.7722757278574015,382720,9.785000111151021e-05,313802752
n8_lowrank8_d3_stack_nonlinear_T32_s9401103,8,lowrank,lowrank,8,3,stack_nonlinear,32,9401103,624,24,14976,SnAp1,False,6960,7848,62784,7104,0.03367879998404533,0.0390625,0.0010135359370906372,10.358057491850285,10.755876214063875,228496,9.785000111151021e-05,313802752
n8_lowrank8_d3_stack_nonlinear_T32_s9401103,8,lowrank,lowrank,8,3,stack_nonlinear,32,9401103,624,24,14976,SnAp2,True,9984,10656,85248,5376,0.02146055002231151,0.015625,0.000634442189038964,6.483824035075394,6.8537780335124205,382720,9.785000111151021e-05,313802752
n8_lowrank8_d3_stack_nonlinear_T32_s9401103,8,lowrank,lowrank,8,3,stack_nonlinear,32,9401103,624,24,14976,local_block,False,4992,5640,45120,5184,0.01954219996696338,0.015625,0.0005787328136648284,5.9144895972489815,6.241121533270673,84864,9.785000111151021e-05,313802752
n8_lowrank8_d3_stack_nonlinear_T32_s9401103,8,lowrank,lowrank,8,3,stack_nonlinear,32,9401103,624,24,14976,online_svd_factor,True,15552,15552,124416,0,0.027753349975682795,0.03125,0.0008657046892039943,8.84726294706358,8.863486733655916,,9.785000111151021e-05,313802752
n8_lowrank8_d3_stack_nonlinear_T32_s9401104,8,lowrank,lowrank,8,3,stack_nonlinear,32,9401104,624,24,14976,BPTT,True,8009,8009,64072,0,0.017104699974879622,0.015625,0.000352823439243366,3.5113360477357123,5.319618019878004,,0.00010048125113826245,314028032
n8_lowrank8_d3_stack_nonlinear_T32_s9401104,8,lowrank,lowrank,8,3,stack_nonlinear,32,9401104,624,24,14976,RTRL,True,14976,14976,119808,0,0.01682069996604696,0.015625,0.0005234609361650655,5.209538398808172,5.231293081887247,733824,0.00010048125113826245,314028032
n8_lowrank8_d3_stack_nonlinear_T32_s9401104,8,lowrank,lowrank,8,3,stack_nonlinear,32,9401104,624,24,14976,packed_exact,True,9984,10656,85248,5376,0.02040415001101792,0.0234375,0.0006006687526678434,5.977918724771069,6.345757846575078,382720,0.00010048125113826245,314028032
n8_lowrank8_d3_stack_nonlinear_T32_s9401104,8,lowrank,lowrank,8,3,stack_nonlinear,32,9401104,624,24,14976,SnAp1,False,6960,7848,62784,7104,0.03391865000594407,0.0390625,0.0010202890625805594,10.15402426843431,10.548811849757401,228496,0.00010048125113826245,314028032
n8_lowrank8_d3_stack_nonlinear_T32_s9401104,8,lowrank,lowrank,8,3,stack_nonlinear,32,9401104,624,24,14976,SnAp2,True,9984,10656,85248,5376,0.020711249962914735,0.0234375,0.0006104812509875046,6.075573742085286,6.4412669429294835,382720,0.00010048125113826245,314028032
n8_lowrank8_d3_stack_nonlinear_T32_s9401104,8,lowrank,lowrank,8,3,stack_nonlinear,32,9401104,624,24,14976,local_block,False,4992,5640,45120,5184,0.01938144996529445,0.015625,0.0005730703142035054,5.703256156862132,6.027694764489424,84864,0.00010048125113826245,314028032
n8_lowrank8_d3_stack_nonlinear_T32_s9401104,8,lowrank,lowrank,8,3,stack_nonlinear,32,9401104,624,24,14976,online_svd_factor,True,15552,15552,124416,0,0.027223450015299022,0.03125,0.000849231253596372,8.45163892742366,8.466582604624259,,0.00010048125113826245,314028032
n8_lowrank8_d3_stack_nonlinear_T128_s9401100,8,lowrank,lowrank,8,3,stack_nonlinear,128,9401100,624,24,14976,BPTT,True,32585,32585,260680,0,0.06219964998308569,0.0625,0.00032336640606445144,3.425137263861098,5.147081582628752,,9.440976555197267e-05,314040320
n8_lowrank8_d3_stack_nonlinear_T128_s9401100,8,lowrank,lowrank,8,3,stack_nonlinear,128,9401100,624,24,14976,RTRL,True,14976,14976,119808,0,0.06601920002140105,0.0703125,0.0005144109377397399,5.448704747143516,5.463153066334659,733824,9.440976555197267e-05,314040320
n8_lowrank8_d3_stack_nonlinear_T128_s9401100,8,lowrank,lowrank,8,3,stack_nonlinear,128,9401100,624,24,14976,packed_exact,True,9984,10656,85248,5376,0.07855009997729212,0.078125,0.0006030683575772855,6.387775184605196,6.500097235542517,382720,9.440976555197267e-05,314040320
n8_lowrank8_d3_stack_nonlinear_T128_s9401100,8,lowrank,lowrank,8,3,stack_nonlinear,128,9401100,624,24,14976,SnAp1,False,6960,7848,62784,7104,0.13233654998475686,0.1328125,0.0010230890629827627,10.836686830024497,10.950978330591886,228496,9.440976555197267e-05,314040320
n8_lowrank8_d3_stack_nonlinear_T128_s9401100,8,lowrank,lowrank,8,3,stack_nonlinear,128,9401100,624,24,14976,SnAp2,True,9984,10656,85248,5376,0.07878649997292086,0.0859375,0.0006054449204384582,6.412948034545856,6.519659565297831,382720,9.440976555197267e-05,314040320
n8_lowrank8_d3_stack_nonlinear_T128_s9401100,8,lowrank,lowrank,8,3,stack_nonlinear,128,9401100,624,24,14976,local_block,False,4992,5640,45120,5184,0.0750067500048317,0.0703125,0.0005771648434347298,6.113401935279672,6.2068815761454195,84864,9.440976555197267e-05,314040320
n8_lowrank8_d3_stack_nonlinear_T128_s9401100,8,lowrank,lowrank,8,3,stack_nonlinear,128,9401100,624,24,14976,online_svd_factor,True,15552,15552,124416,0,0.11292039998807013,0.1171875,0.0008808542975202727,9.330118472070154,9.344273018252027,,9.440976555197267e-05,314040320
n8_lowrank8_d3_stack_nonlinear_T128_s9401101,8,lowrank,lowrank,8,3,stack_nonlinear,128,9401101,624,24,14976,BPTT,True,32585,32585,260680,0,0.05905184999573976,0.0625,0.0003084121094616421,3.3216586158309167,4.968749612468085,,9.284882798965555e-05,314040320
n8_lowrank8_d3_stack_nonlinear_T128_s9401101,8,lowrank,lowrank,8,3,stack_nonlinear,128,9401101,624,24,14976,RTRL,True,14976,14976,119808,0,0.06570949999149889,0.0703125,0.0005119027318869485,5.513292337346256,5.528938596196162,733824,9.284882798965555e-05,314040320
n8_lowrank8_d3_stack_nonlinear_T128_s9401101,8,lowrank,lowrank,8,3,stack_nonlinear,128,9401101,624,24,14976,packed_exact,True,9984,10656,85248,5376,0.07650304998969659,0.0703125,0.0005874789067092934,6.327262491398873,6.437131097778566,382720,9.284882798965555e-05,314040320
n8_lowrank8_d3_stack_nonlinear_T128_s9401101,8,lowrank,lowrank,8,3,stack_nonlinear,128,9401101,624,24,14976,SnAp1,False,6960,7848,62784,7104,0.13119030004600063,0.1328125,0.0010130554674105952,10.91080511563874,11.03863388801815,228496,9.284882798965555e-05,314040320
n8_lowrank8_d3_stack_nonlinear_T128_s9401101,8,lowrank,lowrank,8,3,stack_nonlinear,128,9401101,624,24,14976,SnAp2,True,9984,10656,85248,5376,0.07718534994637594,0.078125,0.0005929179687882424,6.38584225160387,6.494541282990071,382720,9.284882798965555e-05,314040320
n8_lowrank8_d3_stack_nonlinear_T128_s9401101,8,lowrank,lowrank,8,3,stack_nonlinear,128,9401101,624,24,14976,local_block,False,4992,5640,45120,5184,0.07630375004373491,0.078125,0.0005865710950274661,6.317485182395808,6.420361571856287,84864,9.284882798965555e-05,314040320
n8_lowrank8_d3_stack_nonlinear_T128_s9401101,8,lowrank,lowrank,8,3,stack_nonlinear,128,9401101,624,24,14976,online_svd_factor,True,15552,15552,124416,0,0.11524294997798279,0.109375,0.000898977733868378,9.68216565930735,9.696789568558675,,9.284882798965555e-05,314040320
n8_lowrank8_d3_stack_nonlinear_T128_s9401102,8,lowrank,lowrank,8,3,stack_nonlinear,128,9401102,624,24,14976,BPTT,True,32585,32585,260680,0,0.06085389998042956,0.0625,0.000321246484418225,3.418737574335004,5.059479356654575,,9.396640643899445e-05,314040320
n8_lowrank8_d3_stack_nonlinear_T128_s9401102,8,lowrank,lowrank,8,3,stack_nonlinear,128,9401102,624,24,14976,RTRL,True,14976,14976,119808,0,0.06592374999308959,0.0625,0.0005135097649144882,5.464822848662119,5.480993860879243,733824,9.396640643899445e-05,314040320
n8_lowrank8_d3_stack_nonlinear_T128_s9401102,8,lowrank,lowrank,8,3,stack_nonlinear,128,9401102,624,24,14976,packed_exact,True,9984,10656,85248,5376,0.07657979993382469,0.078125,0.0005881187507839059,6.258819221374913,6.36695293196537,382720,9.396640643899445e-05,314040320
n8_lowrank8_d3_stack_nonlinear_T128_s9401102,8,lowrank,lowrank,8,3,stack_nonlinear,128,9401102,624,24,14976,SnAp1,False,6960,7848,62784,7104,0.13032645004568622,0.1328125,0.0010069062504953763,10.715598144631478,10.835525477319926,228496,9.396640643899445e-05,314040320
n8_lowrank8_d3_stack_nonlinear_T128_s9401102,8,lowrank,lowrank,8,3,stack_nonlinear,128,9401102,624,24,14976,SnAp2,True,9984,10656,85248,5376,0.07752615003846586,0.078125,0.0005956625004728267,6.339100568452055,6.445633818813045,382720,9.396640643899445e-05,314040320
n8_lowrank8_d3_stack_nonlinear_T128_s9401102,8,lowrank,lowrank,8,3,stack_nonlinear,128,9401102,624,24,14976,local_block,False,4992,5640,45120,5184,0.07833985006436706,0.078125,0.0006024109388818033,6.410918132459443,6.513285990405669,84864,9.396640643899445e-05,314040320
n8_lowrank8_d3_stack_nonlinear_T128_s9401102,8,lowrank,lowrank,8,3,stack_nonlinear,128,9401102,624,24,14976,online_svd_factor,True,15552,15552,124416,0,0.1141228000051342,0.109375,0.0008900843740775599,9.4723679217788,9.488331083715027,,9.396640643899445e-05,314040320
n8_lowrank8_d3_stack_nonlinear_T128_s9401103,8,lowrank,lowrank,8,3,stack_nonlinear,128,9401103,624,24,14976,BPTT,True,32585,32585,260680,0,0.05988394998712465,0.0625,0.00031264023436960997,3.350871459224051,5.014335289061933,,9.330117200079258e-05,314040320
n8_lowrank8_d3_stack_nonlinear_T128_s9401103,8,lowrank,lowrank,8,3,stack_nonlinear,128,9401103,624,24,14976,RTRL,True,14976,14976,119808,0,0.06633780000265688,0.0625,0.0005168160146240552,5.5392231795294595,5.55474332644347,733824,9.330117200079258e-05,314040320
n8_lowrank8_d3_stack_nonlinear_T128_s9401103,8,lowrank,lowrank,8,3,stack_nonlinear,128,9401103,624,24,14976,packed_exact,True,9984,10656,85248,5376,0.077024599944707,0.078125,0.0005914933585700055,6.339613381973175,6.449594085087288,382720,9.330117200079258e-05,314040320
n8_lowrank8_d3_stack_nonlinear_T128_s9401103,8,lowrank,lowrank,8,3,stack_nonlinear,128,9401103,624,24,14976,SnAp1,False,6960,7848,62784,7104,0.13297929998952895,0.140625,0.001028155078074633,11.019744511525523,11.134916731371495,228496,9.330117200079258e-05,314040320
n8_lowrank8_d3_stack_nonlinear_T128_s9401103,8,lowrank,lowrank,8,3,stack_nonlinear,128,9401103,624,24,14976,SnAp2,True,9984,10656,85248,5376,0.07687340001575649,0.078125,0.0005904582026232674,6.328518602298496,6.436933478370409,382720,9.330117200079258e-05,314040320
n8_lowrank8_d3_stack_nonlinear_T128_s9401103,8,lowrank,lowrank,8,3,stack_nonlinear,128,9401103,624,24,14976,local_block,False,4992,5640,45120,5184,0.07716009998694062,0.078125,0.0005930292963967077,6.356075531309188,6.460940074180985,84864,9.330117200079258e-05,314040320
n8_lowrank8_d3_stack_nonlinear_T128_s9401103,8,lowrank,lowrank,8,3,stack_nonlinear,128,9401103,624,24,14976,online_svd_factor,True,15552,15552,124416,0,0.11632445000577718,0.1171875,0.0009073976561921882,9.725469002516709,9.740336012739629,,9.330117200079258e-05,314040320
n8_lowrank8_d3_stack_nonlinear_T128_s9401104,8,lowrank,lowrank,8,3,stack_nonlinear,128,9401104,624,24,14976,BPTT,True,32585,32585,260680,0,0.06020499998703599,0.0625,0.0003170382815369521,3.3709826037990602,5.0011214003220825,,9.404921911482234e-05,314040320
n8_lowrank8_d3_stack_nonlinear_T128_s9401104,8,lowrank,lowrank,8,3,stack_nonlinear,128,9401104,624,24,14976,RTRL,True,14976,14976,119808,0,0.06662845000391826,0.0625,0.0005189679714021622,5.518046574831921,5.5347058758680765,733824,9.404921911482234e-05,314040320
n8_lowrank8_d3_stack_nonlinear_T128_s9401104,8,lowrank,lowrank,8,3,stack_nonlinear,128,9401104,624,24,14976,packed_exact,True,9984,10656,85248,5376,0.07812019996345043,0.078125,0.0005999968766445818,6.3796050864820115,6.489304940100984,382720,9.404921911482234e-05,314040320
n8_lowrank8_d3_stack_nonlinear_T128_s9401104,8,lowrank,lowrank,8,3,stack_nonlinear,128,9401104,624,24,14976,SnAp1,False,6960,7848,62784,7104,0.13273414998548105,0.1328125,0.001026206639380689,10.911378627480351,11.02598784467887,228496,9.404921911482234e-05,314040320
n8_lowrank8_d3_stack_nonlinear_T128_s9401104,8,lowrank,lowrank,8,3,stack_nonlinear,128,9401104,624,24,14976,SnAp2,True,9984,10656,85248,5376,0.08127695001894608,0.0859375,0.0006246515627026383,6.64175171874651,6.751530507103836,382720,9.404921911482234e-05,314040320
n8_lowrank8_d3_stack_nonlinear_T128_s9401104,8,lowrank,lowrank,8,3,stack_nonlinear,128,9401104,624,24,14976,local_block,False,4992,5640,45120,5184,0.07674089999636635,0.078125,0.0005899679667891178,6.272970390842275,6.374728964943886,84864,9.404921911482234e-05,314040320
n8_lowrank8_d3_stack_nonlinear_T128_s9401104,8,lowrank,lowrank,8,3,stack_nonlinear,128,9401104,624,24,14976,online_svd_factor,True,15552,15552,124416,0,0.11543745000381023,0.109375,0.0009005191409414692,9.574977330136553,9.589181990482187,,9.404921911482234e-05,314040320
n8_mix1_d1_none_T32_s9401100,8,mix,block,1,1,none,32,9401100,80,8,640,BPTT,True,2505,2505,20040,0,0.004700700053945184,0.0078125,8.809531209408306e-05,2.2297318170582465,3.7180257608143528,,3.950937571062241e-05,314040320
n8_mix1_d1_none_T32_s9401100,8,mix,block,1,1,none,32,9401100,80,8,640,RTRL,True,640,640,5120,0,0.005618049995973706,0.0078125,0.00017328281501249876,4.385865681140345,4.443605073895828,10880,3.950937571062241e-05,314040320
n8_mix1_d1_none_T32_s9401100,8,mix,block,1,1,none,32,9401100,80,8,640,packed_exact,True,80,168,1344,704,0.01012390002142638,0.0078125,0.00030947968843975104,7.833069565727028,8.007513912312092,240,3.950937571062241e-05,314040320
n8_mix1_d1_none_T32_s9401100,8,mix,block,1,1,none,32,9401100,80,8,640,SnAp1,True,80,168,1344,704,0.00972690002527088,0.0078125,0.00029754999923170544,7.531123787200383,7.6935061696758575,240,3.950937571062241e-05,314040320
n8_mix1_d1_none_T32_s9401100,8,mix,block,1,1,none,32,9401100,80,8,640,SnAp2,True,80,168,1344,704,0.009864400024525821,0.015625,0.0003017906237801071,7.638455894380744,7.802262000397873,240,3.950937571062241e-05,314040320
n8_mix1_d1_none_T32_s9401100,8,mix,block,1,1,none,32,9401100,80,8,640,local_block,True,80,168,1344,704,0.009798349987249821,0.0078125,0.0002998921863763826,7.5904055931654275,7.7500196243099095,240,3.950937571062241e-05,314040320
n8_mix1_d1_none_T32_s9401101,8,mix,block,1,1,none,32,9401101,80,8,640,BPTT,True,2505,2505,20040,0,0.004201199975796044,0.0078125,7.926406215119641e-05,2.060981644082957,3.4136671613238145,,3.845937317237258e-05,314040320
n8_mix1_d1_none_T32_s9401101,8,mix,block,1,1,none,32,9401101,80,8,640,RTRL,True,640,640,5120,0,0.005409600038547069,0.0078125,0.00016765468717494514,4.35926728247824,4.395547489734792,10880,3.845937317237258e-05,314040320
n8_mix1_d1_none_T32_s9401101,8,mix,block,1,1,none,32,9401101,80,8,640,packed_exact,True,80,168,1344,704,0.009541449951939285,0.0078125,0.00029143593928893097,7.577761030652599,7.752864552984819,240,3.845937317237258e-05,314040320
n8_mix1_d1_none_T32_s9401101,8,mix,block,1,1,none,32,9401101,80,8,640,SnAp1,True,80,168,1344,704,0.010090600000694394,0.0078125,0.00030901406171324197,8.034817944854682,8.19907408808782,240,3.845937317237258e-05,314040320
n8_mix1_d1_none_T32_s9401101,8,mix,block,1,1,none,32,9401101,80,8,640,SnAp2,True,80,168,1344,704,0.009648900013417006,0.0078125,0.0002947046850749757,7.662753205938308,7.840172643164272,240,3.845937317237258e-05,314040320
n8_mix1_d1_none_T32_s9401101,8,mix,block,1,1,none,32,9401101,80,8,640,local_block,True,80,168,1344,704,0.009575150033924729,0.0078125,0.0002928296908066841,7.61400061031258,7.780247411184952,240,3.845937317237258e-05,314040320
n8_mix1_d1_none_T32_s9401102,8,mix,block,1,1,none,32,9401102,80,8,640,BPTT,True,2505,2505,20040,0,0.004249849996995181,0.0078125,7.912187356851064e-05,1.754122263193327,2.944332963321752,,4.51062478532549e-05,314040320
n8_mix1_d1_none_T32_s9401102,8,mix,block,1,1,none,32,9401102,80,8,640,RTRL,True,640,640,5120,0,0.005322999961208552,0.0,0.00016496406169608235,3.6572330785030798,3.687820572638559,10880,4.51062478532549e-05,314040320
n8_mix1_d1_none_T32_s9401102,8,mix,block,1,1,none,32,9401102,80,8,640,packed_exact,True,80,168,1344,704,0.009744249982759356,0.0078125,0.000297520315143629,6.595989010470524,6.750900960591791,240,4.51062478532549e-05,314040320
n8_mix1_d1_none_T32_s9401102,8,mix,block,1,1,none,32,9401102,80,8,640,SnAp1,True,80,168,1344,704,0.009706849989015609,0.0078125,0.0002969734377984423,6.583864806591588,6.724989920323169,240,4.51062478532549e-05,314040320
n8_mix1_d1_none_T32_s9401102,8,mix,block,1,1,none,32,9401102,80,8,640,SnAp2,True,80,168,1344,704,0.01035404996946454,0.0078125,0.0003169624997099163,7.027019865210182,7.17337568397231,240,4.51062478532549e-05,314040320
n8_mix1_d1_none_T32_s9401102,8,mix,block,1,1,none,32,9401102,80,8,640,local_block,True,80,168,1344,704,0.009858549979981035,0.015625,0.0003015859401784837,6.686123420410396,6.83008899070234,240,4.51062478532549e-05,314040320
n8_mix1_d1_none_T32_s9401103,8,mix,block,1,1,none,32,9401103,80,8,640,BPTT,True,2505,2505,20040,0,0.004266650008503348,0.0,8.148281449393835e-05,2.1898462808424943,3.583312210834622,,3.720937638718169e-05,314040320
n8_mix1_d1_none_T32_s9401103,8,mix,block,1,1,none,32,9401103,80,8,640,RTRL,True,640,640,5120,0,0.005410800047684461,0.0078125,0.00016767812485340983,4.506340635990166,4.54421755771184,10880,3.720937638718169e-05,314040320
n8_mix1_d1_none_T32_s9401103,8,mix,block,1,1,none,32,9401103,80,8,640,packed_exact,True,80,168,1344,704,0.00967329996638,0.0078125,0.0002955921918328386,7.944024343677728,8.124044348496835,240,3.720937638718169e-05,314040320
n8_mix1_d1_none_T32_s9401103,8,mix,block,1,1,none,32,9401103,80,8,640,SnAp1,True,80,168,1344,704,0.009743600036017597,0.015625,0.0002982093756145332,8.014361017812266,8.18308530509109,240,3.720937638718169e-05,314040320
n8_mix1_d1_none_T32_s9401103,8,mix,block,1,1,none,32,9401103,80,8,640,SnAp2,True,80,168,1344,704,0.009874699986539781,0.0078125,0.00030067031548242085,8.08049864512105,8.29318856001233,240,3.720937638718169e-05,314040320
n8_mix1_d1_none_T32_s9401103,8,mix,block,1,1,none,32,9401103,80,8,640,local_block,True,80,168,1344,704,0.009714749990962446,0.0078125,0.0002972421843878692,7.988367805332706,8.158855823290796,240,3.720937638718169e-05,314040320
n8_mix1_d1_none_T32_s9401104,8,mix,block,1,1,none,32,9401104,80,8,640,BPTT,True,2505,2505,20040,0,0.0042120999423787,0.0078125,7.966406337800436e-05,2.0835716390215575,3.442664267505745,,3.823437691607978e-05,314040320
n8_mix1_d1_none_T32_s9401104,8,mix,block,1,1,none,32,9401104,80,8,640,RTRL,True,640,640,5120,0,0.005465850001201034,0.0078125,0.00016941406101977918,4.4309355790372695,4.467388416252644,10880,3.823437691607978e-05,314040320
n8_mix1_d1_none_T32_s9401104,8,mix,block,1,1,none,32,9401104,80,8,640,packed_exact,True,80,168,1344,704,0.009982949995901436,0.0078125,0.0003049921906495001,7.976910185274476,8.15933755260752,240,3.823437691607978e-05,314040320
n8_mix1_d1_none_T32_s9401104,8,mix,block,1,1,none,32,9401104,80,8,640,SnAp1,True,80,168,1344,704,0.00995994999539107,0.0078125,0.00030479218730761204,7.971679203157857,8.140539024321667,240,3.823437691607978e-05,314040320
n8_mix1_d1_none_T32_s9401104,8,mix,block,1,1,none,32,9401104,80,8,640,SnAp2,True,80,168,1344,704,0.010259250004310161,0.015625,0.00031210312590701506,8.162892953428974,8.385165092094411,240,3.823437691607978e-05,314040320
n8_mix1_d1_none_T32_s9401104,8,mix,block,1,1,none,32,9401104,80,8,640,local_block,True,80,168,1344,704,0.009813549928367138,0.0078125,0.00030001718914718367,7.846791640038705,8.020882253020293,240,3.823437691607978e-05,314040320
n8_mix1_d1_none_T128_s9401100,8,mix,block,1,1,none,128,9401100,80,8,640,BPTT,True,10185,10185,81480,0,0.02020050003193319,0.0234375,9.47257813095348e-05,2.617553406909606,4.360933916702986,,3.6188671856507426e-05,314040320
n8_mix1_d1_none_T128_s9401100,8,mix,block,1,1,none,128,9401100,80,8,640,RTRL,True,640,640,5120,0,0.021979100012686104,0.0234375,0.00017053984447557013,4.71252012651312,4.744902480255933,10880,3.6188671856507426e-05,314040320
n8_mix1_d1_none_T128_s9401100,8,mix,block,1,1,none,128,9401100,80,8,640,packed_exact,True,80,168,1344,704,0.03861594997579232,0.03125,0.000298515624308493,8.248869300651444,8.336506804728957,240,3.6188671856507426e-05,314040320
n8_mix1_d1_none_T128_s9401100,8,mix,block,1,1,none,128,9401100,80,8,640,SnAp1,True,80,168,1344,704,0.039140949957072735,0.0390625,0.0003031523438039585,8.376995569386883,8.44984509937587,240,3.6188671856507426e-05,314040320
n8_mix1_d1_none_T128_s9401100,8,mix,block,1,1,none,128,9401100,80,8,640,SnAp2,True,80,168,1344,704,0.03840344998752698,0.0390625,0.00029761093901470304,8.223870171162051,8.29063178160278,240,3.6188671856507426e-05,314040320
n8_mix1_d1_none_T128_s9401100,8,mix,block,1,1,none,128,9401100,80,8,640,local_block,True,80,168,1344,704,0.03979094995884225,0.0390625,0.00030828007811578573,8.518690029248779,8.590168707657481,240,3.6188671856507426e-05,314040320
n8_mix1_d1_none_T128_s9401101,8,mix,block,1,1,none,128,9401101,80,8,640,BPTT,True,10185,10185,81480,0,0.018493799958378077,0.0234375,9.129023464993224e-05,2.2416693935281415,3.547835090852503,,4.072421870660037e-05,314040320
n8_mix1_d1_none_T128_s9401101,8,mix,block,1,1,none,128,9401101,80,8,640,RTRL,True,640,640,5120,0,0.021248299977742136,0.0234375,0.0001648820339141821,4.048746400810849,4.076256066987619,10880,4.072421870660037e-05,314040320
n8_mix1_d1_none_T128_s9401101,8,mix,block,1,1,none,128,9401101,80,8,640,packed_exact,True,80,168,1344,704,0.039269000000786036,0.0390625,0.0003040687506654649,7.466533682478801,7.53333206258462,240,4.072421870660037e-05,314040320
n8_mix1_d1_none_T128_s9401101,8,mix,block,1,1,none,128,9401101,80,8,640,SnAp1,True,80,168,1344,704,0.03952714998740703,0.0390625,0.0003060011713387212,7.513985069752268,7.582855339753094,240,4.072421870660037e-05,314040320
n8_mix1_d1_none_T128_s9401101,8,mix,block,1,1,none,128,9401101,80,8,640,SnAp2,True,80,168,1344,704,0.037770100054331124,0.0390625,0.0002926554693658545,7.186275849128137,7.245784352558667,240,4.072421870660037e-05,314040320
n8_mix1_d1_none_T128_s9401101,8,mix,block,1,1,none,128,9401101,80,8,640,local_block,True,80,168,1344,704,0.03802885004552081,0.0390625,0.0002947328107438807,7.237285824125877,7.295422734100946,240,4.072421870660037e-05,314040320
n8_mix1_d1_none_T128_s9401102,8,mix,block,1,1,none,128,9401102,80,8,640,BPTT,True,10185,10185,81480,0,0.01677235000533983,0.015625,8.033007861740771e-05,2.148222029242539,3.504168012135076,,3.739375051736715e-05,314040320
n8_mix1_d1_none_T128_s9401102,8,mix,block,1,1,none,128,9401102,80,8,640,RTRL,True,640,640,5120,0,0.021662249986547977,0.0234375,0.00016811445266284863,4.495790080879145,4.525791761414944,10880,3.739375051736715e-05,314040320
n8_mix1_d1_none_T128_s9401102,8,mix,block,1,1,none,128,9401102,80,8,640,packed_exact,True,80,168,1344,704,0.03771215002052486,0.0390625,0.00029200546805441263,7.808937697190701,7.879021707076809,240,3.739375051736715e-05,314040320
n8_mix1_d1_none_T128_s9401102,8,mix,block,1,1,none,128,9401102,80,8,640,SnAp1,True,80,168,1344,704,0.03857604996301234,0.0390625,0.00029894921999584767,7.994630542796281,8.059512249140752,240,3.739375051736715e-05,314040320
n8_mix1_d1_none_T128_s9401102,8,mix,block,1,1,none,128,9401102,80,8,640,SnAp2,True,80,168,1344,704,0.03922764997696504,0.0390625,0.0003040246097043564,8.130358829964253,8.195647968039587,240,3.739375051736715e-05,314040320
n8_mix1_d1_none_T128_s9401102,8,mix,block,1,1,none,128,9401102,80,8,640,local_block,True,80,168,1344,704,0.039291499997489154,0.0390625,0.0003042585931325448,8.13661611694272,8.208987851802062,240,3.739375051736715e-05,314040320
n8_mix1_d1_none_T128_s9401103,8,mix,block,1,1,none,128,9401103,80,8,640,BPTT,True,10185,10185,81480,0,0.017073849972803146,0.015625,7.874726588852354e-05,2.0842517640612583,3.530499750094983,,3.77820315407007e-05,314040320
n8_mix1_d1_none_T128_s9401103,8,mix,block,1,1,none,128,9401103,80,8,640,RTRL,True,640,640,5120,0,0.020850999979302287,0.0234375,0.0001617734378669411,4.28175593714887,4.311531982149154,10880,3.77820315407007e-05,314040320
n8_mix1_d1_none_T128_s9401103,8,mix,block,1,1,none,128,9401103,80,8,640,packed_exact,True,80,168,1344,704,0.040724099962972105,0.0390625,0.0003154382816319412,8.348896784232878,8.420855575698328,240,3.77820315407007e-05,314040320
n8_mix1_d1_none_T128_s9401103,8,mix,block,1,1,none,128,9401103,80,8,640,SnAp1,True,80,168,1344,704,0.03921469999477267,0.0390625,0.00030370312470040517,8.038295250832157,8.108744586143546,240,3.77820315407007e-05,314040320
n8_mix1_d1_none_T128_s9401103,8,mix,block,1,1,none,128,9401103,80,8,640,SnAp2,True,80,168,1344,704,0.03885049995733425,0.0390625,0.0003010800783158629,7.968869487378527,8.033435962534396,240,3.77820315407007e-05,314040320
n8_mix1_d1_none_T128_s9401103,8,mix,block,1,1,none,128,9401103,80,8,640,local_block,True,80,168,1344,704,0.04076939995866269,0.046875,0.00031598242412655964,8.363298934472793,8.430222626698521,240,3.77820315407007e-05,314040320
n8_mix1_d1_none_T128_s9401104,8,mix,block,1,1,none,128,9401104,80,8,640,BPTT,True,10185,10185,81480,0,0.017045949993189424,0.015625,7.867148451623507e-05,1.949179779835388,3.29948222137763,,4.0361328046856215e-05,314040320
n8_mix1_d1_none_T128_s9401104,8,mix,block,1,1,none,128,9401104,80,8,640,RTRL,True,640,640,5120,0,0.020767849986441433,0.015625,0.00016117851555463858,3.9933897954874884,4.019908062259894,10880,4.0361328046856215e-05,314040320
n8_mix1_d1_none_T128_s9401104,8,mix,block,1,1,none,128,9401104,80,8,640,packed_exact,True,80,168,1344,704,0.037937949935439974,0.0390625,0.00029381093690972193,7.279516089476326,7.343421245369822,240,4.0361328046856215e-05,314040320
n8_mix1_d1_none_T128_s9401104,8,mix,block,1,1,none,128,9401104,80,8,640,SnAp1,True,80,168,1344,704,0.03831844998057932,0.0390625,0.0002968886728922371,7.355770666108248,7.417072355145003,240,4.0361328046856215e-05,314040320
n8_mix1_d1_none_T128_s9401104,8,mix,block,1,1,none,128,9401104,80,8,640,SnAp2,True,80,168,1344,704,0.03846314991824329,0.0390625,0.00029785117294522934,7.3796177519096595,7.44508105351309,240,4.0361328046856215e-05,314040320
n8_mix1_d1_none_T128_s9401104,8,mix,block,1,1,none,128,9401104,80,8,640,local_block,True,80,168,1344,704,0.03789954993408173,0.0390625,0.00029370585889409995,7.276912656420308,7.335988387604018,240,4.0361328046856215e-05,314040320
n8_mix1_d1_fixed_linear_T32_s9401100,8,mix,block,1,1,fixed_linear,32,9401100,80,8,640,BPTT,True,2569,2569,20552,0,0.004721550038084388,0.0,8.660312414576765e-05,2.2913721752113947,3.903882108703202,,3.779531107284129e-05,314040320
n8_mix1_d1_fixed_linear_T32_s9401100,8,mix,block,1,1,fixed_linear,32,9401100,80,8,640,RTRL,True,640,640,5120,0,0.005618749943096191,0.0078125,0.00017384062266501132,4.5995288232970415,4.64570685457137,10880,3.779531107284129e-05,314040320
n8_mix1_d1_fixed_linear_T32_s9401100,8,mix,block,1,1,fixed_linear,32,9401100,80,8,640,packed_exact,True,80,168,1344,704,0.00984605000121519,0.0078125,0.00030090624750300776,7.9614703242707545,8.1409321369251,240,3.779531107284129e-05,314040320
n8_mix1_d1_fixed_linear_T32_s9401100,8,mix,block,1,1,fixed_linear,32,9401100,80,8,640,SnAp1,True,80,168,1344,704,0.009991550003178418,0.0078125,0.00030599062301917,8.095994300177802,8.261234759982967,240,3.779531107284129e-05,314040320
n8_mix1_d1_fixed_linear_T32_s9401100,8,mix,block,1,1,fixed_linear,32,9401100,80,8,640,SnAp2,True,80,168,1344,704,0.011199849948752671,0.015625,0.0003433874990150798,9.085452381997433,9.260283907281249,240,3.779531107284129e-05,314040320
n8_mix1_d1_fixed_linear_T32_s9401100,8,mix,block,1,1,fixed_linear,32,9401100,80,8,640,local_block,True,80,168,1344,704,0.010753900045529008,0.0078125,0.0003295734368293779,8.719955663129882,8.891562653766988,240,3.779531107284129e-05,314040320
n8_mix1_d1_fixed_linear_T32_s9401101,8,mix,block,1,1,fixed_linear,32,9401101,80,8,640,BPTT,True,2569,2569,20552,0,0.004938000056426972,0.0,9.466250048717484e-05,2.1459336449177737,3.498158063237039,,4.4112501200288534e-05,314040320
n8_mix1_d1_fixed_linear_T32_s9401101,8,mix,block,1,1,fixed_linear,32,9401101,80,8,640,RTRL,True,640,640,5120,0,0.005534500000067055,0.0078125,0.0001715671860438306,3.889309863996295,3.920728144994966,10880,4.4112501200288534e-05,314040320
n8_mix1_d1_fixed_linear_T32_s9401101,8,mix,block,1,1,fixed_linear,32,9401101,80,8,640,packed_exact,True,80,168,1344,704,0.010114299948327243,0.0078125,0.0003092765600740677,7.011086464352303,7.165131533805636,240,4.4112501200288534e-05,314040320
n8_mix1_d1_fixed_linear_T32_s9401101,8,mix,block,1,1,fixed_linear,32,9401101,80,8,640,SnAp1,True,80,168,1344,704,0.009745449991896749,0.015625,0.00029802656172250863,6.756056755189372,6.903832336870107,240,4.4112501200288534e-05,314040320
n8_mix1_d1_fixed_linear_T32_s9401101,8,mix,block,1,1,fixed_linear,32,9401101,80,8,640,SnAp2,True,80,168,1344,704,0.009900500008370727,0.0078125,0.00030282343504950404,6.864798567520885,7.013672243539923,240,4.4112501200288534e-05,314040320
n8_mix1_d1_fixed_linear_T32_s9401101,8,mix,block,1,1,fixed_linear,32,9401101,80,8,640,local_block,True,80,168,1344,704,0.01063939998857677,0.0078125,0.00032561405896558426,7.3814463044651495,7.537120784274398,240,4.4112501200288534e-05,314040320
n8_mix1_d1_fixed_linear_T32_s9401102,8,mix,block,1,1,fixed_linear,32,9401102,80,8,640,BPTT,True,2569,2569,20552,0,0.004370749986264855,0.0,8.409531255892944e-05,2.1094693238051083,3.426158195346225,,3.9865624785306863e-05,314040320
n8_mix1_d1_fixed_linear_T32_s9401102,8,mix,block,1,1,fixed_linear,32,9401102,80,8,640,RTRL,True,640,640,5120,0,0.0054708499810658395,0.0078125,0.0001694828151812544,4.25135228894544,4.2885082782226736,10880,3.9865624785306863e-05,314040320
n8_mix1_d1_fixed_linear_T32_s9401102,8,mix,block,1,1,fixed_linear,32,9401102,80,8,640,packed_exact,True,80,168,1344,704,0.010026900039520115,0.0078125,0.0003062140622205334,7.681155478425956,7.8599201172056,240,3.9865624785306863e-05,314040320
n8_mix1_d1_fixed_linear_T32_s9401102,8,mix,block,1,1,fixed_linear,32,9401102,80,8,640,SnAp1,True,80,168,1344,704,0.009621799981687218,0.015625,0.00029435781107167713,7.383750101921583,7.542368921772088,240,3.9865624785306863e-05,314040320
n8_mix1_d1_fixed_linear_T32_s9401102,8,mix,block,1,1,fixed_linear,32,9401102,80,8,640,SnAp2,True,80,168,1344,704,0.00962589995469898,0.0078125,0.0002943421877716901,7.383358202883974,7.545582822402206,240,3.9865624785306863e-05,314040320
n8_mix1_d1_fixed_linear_T32_s9401102,8,mix,block,1,1,fixed_linear,32,9401102,80,8,640,local_block,True,80,168,1344,704,0.010099750012159348,0.0078125,0.0003091640610364266,7.755154038131972,7.917025998707175,240,3.9865624785306863e-05,314040320
n8_mix1_d1_fixed_linear_T32_s9401103,8,mix,block,1,1,fixed_linear,32,9401103,80,8,640,BPTT,True,2569,2569,20552,0,0.004199950082693249,0.0078125,7.901874778326601e-05,2.1111249991981413,3.5065332056061305,,3.7429686926770955e-05,314040320
n8_mix1_d1_fixed_linear_T32_s9401103,8,mix,block,1,1,fixed_linear,32,9401103,80,8,640,RTRL,True,640,640,5120,0,0.005299549957271665,0.0078125,0.0001642328115849523,4.387768775791911,4.424587800820987,10880,3.7429686926770955e-05,314040320
n8_mix1_d1_fixed_linear_T32_s9401103,8,mix,block,1,1,fixed_linear,32,9401103,80,8,640,packed_exact,True,80,168,1344,704,0.010186650033574551,0.0078125,0.00031113906152313575,8.31262794508171,8.504821698669419,240,3.7429686926770955e-05,314040320
n8_mix1_d1_fixed_linear_T32_s9401103,8,mix,block,1,1,fixed_linear,32,9401103,80,8,640,SnAp1,True,80,168,1344,704,0.009823550004512072,0.0078125,0.0003005875023518456,8.030724460504516,8.201669926911297,240,3.7429686926770955e-05,314040320
n8_mix1_d1_fixed_linear_T32_s9401103,8,mix,block,1,1,fixed_linear,32,9401103,80,8,640,SnAp2,True,80,168,1344,704,0.009805700043216348,0.015625,0.0003000359356519766,8.015988384807487,8.186767015979054,240,3.7429686926770955e-05,314040320
n8_mix1_d1_fixed_linear_T32_s9401103,8,mix,block,1,1,fixed_linear,32,9401103,80,8,640,local_block,True,80,168,1344,704,0.0096906500402838,0.0078125,0.00029561875635408796,7.897975661203076,8.090711908740884,240,3.7429686926770955e-05,314040320
n8_mix1_d1_fixed_linear_T32_s9401104,8,mix,block,1,1,fixed_linear,32,9401104,80,8,640,BPTT,True,2569,2569,20552,0,0.004260649962816387,0.0078125,8.107500070764218e-05,1.978192964324717,3.248684746503524,,4.0984374209074304e-05,314040320
n8_mix1_d1_fixed_linear_T32_s9401104,8,mix,block,1,1,fixed_linear,32,9401104,80,8,640,RTRL,True,640,640,5120,0,0.005551949958316982,0.0,0.00017204374671564437,4.197788792333259,4.233282550865241,10880,4.0984374209074304e-05,314040320
n8_mix1_d1_fixed_linear_T32_s9401104,8,mix,block,1,1,fixed_linear,32,9401104,80,8,640,packed_exact,True,80,168,1344,704,0.009779749962035567,0.015625,0.0002986484378197929,7.286885394328395,7.456919672716269,240,4.0984374209074304e-05,314040320
n8_mix1_d1_fixed_linear_T32_s9401104,8,mix,block,1,1,fixed_linear,32,9401104,80,8,640,SnAp1,True,80,168,1344,704,0.010400100029073656,0.0078125,0.0003184984361723764,7.771216282274184,7.929927739059956,240,4.0984374209074304e-05,314040320
n8_mix1_d1_fixed_linear_T32_s9401104,8,mix,block,1,1,fixed_linear,32,9401104,80,8,640,SnAp2,True,80,168,1344,704,0.0104400499840267,0.015625,0.0003194593791704392,7.794662852256216,7.960389009150697,240,4.0984374209074304e-05,314040320
n8_mix1_d1_fixed_linear_T32_s9401104,8,mix,block,1,1,fixed_linear,32,9401104,80,8,640,local_block,True,80,168,1344,704,0.010033300030045211,0.0078125,0.00030448906545643695,7.42939403937563,7.650247978398855,240,4.0984374209074304e-05,314040320
n8_mix1_d1_fixed_linear_T128_s9401100,8,mix,block,1,1,fixed_linear,128,9401100,80,8,640,BPTT,True,10249,10249,81992,0,0.01724290003767237,0.015625,8.12515622783394e-05,2.0083809521882587,3.329773666912327,,4.045625018989085e-05,314040320
n8_mix1_d1_fixed_linear_T128_s9401100,8,mix,block,1,1,fixed_linear,128,9401100,80,8,640,RTRL,True,640,640,5120,0,0.022603049990721047,0.0234375,0.00017535663846501848,4.3344758261564325,4.364871366566576,10880,4.045625018989085e-05,314040320
n8_mix1_d1_fixed_linear_T128_s9401100,8,mix,block,1,1,fixed_linear,128,9401100,80,8,640,packed_exact,True,80,168,1344,704,0.040636899997480214,0.0390625,0.00031447422134078806,7.773192519443347,7.847385255434389,240,4.045625018989085e-05,314040320
n8_mix1_d1_fixed_linear_T128_s9401100,8,mix,block,1,1,fixed_linear,128,9401100,80,8,640,SnAp1,True,80,168,1344,704,0.041685600008349866,0.046875,0.00032307304991263663,7.985738875852752,8.049899546711103,240,4.045625018989085e-05,314040320
n8_mix1_d1_fixed_linear_T128_s9401100,8,mix,block,1,1,fixed_linear,128,9401100,80,8,640,SnAp2,True,80,168,1344,704,0.03929705003974959,0.0390625,0.000304503514598764,7.526735996774434,7.588647044511764,240,4.045625018989085e-05,314040320
n8_mix1_d1_fixed_linear_T128_s9401100,8,mix,block,1,1,fixed_linear,128,9401100,80,8,640,local_block,True,80,168,1344,704,0.038689800014253706,0.0390625,0.00029960742131152074,7.405714071503003,7.471381089265815,240,4.045625018989085e-05,314040320
n8_mix1_d1_fixed_linear_T128_s9401101,8,mix,block,1,1,fixed_linear,128,9401101,80,8,640,BPTT,True,10249,10249,81992,0,0.01690489996690303,0.015625,7.917460925455089e-05,2.080697641040031,3.470768775171902,,3.805195319728227e-05,314040320
n8_mix1_d1_fixed_linear_T128_s9401101,8,mix,block,1,1,fixed_linear,128,9401101,80,8,640,RTRL,True,640,640,5120,0,0.021634349948726594,0.015625,0.00016781093609097297,4.4100478948071,4.441778799057759,10880,3.805195319728227e-05,314040320
n8_mix1_d1_fixed_linear_T128_s9401101,8,mix,block,1,1,fixed_linear,128,9401101,80,8,640,packed_exact,True,80,168,1344,704,0.041065850004088134,0.046875,0.0003178949218636262,8.354234018303448,8.431287389995331,240,3.805195319728227e-05,314040320
n8_mix1_d1_fixed_linear_T128_s9401101,8,mix,block,1,1,fixed_linear,128,9401101,80,8,640,SnAp1,True,80,168,1344,704,0.038970749999862164,0.0390625,0.000301704687444726,7.928756925578112,8.00113946307671,240,3.805195319728227e-05,314040320
n8_mix1_d1_fixed_linear_T128_s9401101,8,mix,block,1,1,fixed_linear,128,9401101,80,8,640,SnAp2,True,80,168,1344,704,0.03851685003610328,0.0390625,0.0002985398432429065,7.8455852632613,7.907948623476929,240,3.805195319728227e-05,314040320
n8_mix1_d1_fixed_linear_T128_s9401101,8,mix,block,1,1,fixed_linear,128,9401101,80,8,640,local_block,True,80,168,1344,704,0.03836290002800524,0.03125,0.0002972964862237859,7.812910014958687,7.876340930909079,240,3.805195319728227e-05,314040320
n8_mix1_d1_fixed_linear_T128_s9401102,8,mix,block,1,1,fixed_linear,128,9401102,80,8,640,BPTT,True,10249,10249,81992,0,0.016872799955308437,0.015625,7.806757821526844e-05,2.233293871702686,3.7709637278484296,,3.495624969218625e-05,314040320
n8_mix1_d1_fixed_linear_T128_s9401102,8,mix,block,1,1,fixed_linear,128,9401102,80,8,640,RTRL,True,640,640,5120,0,0.0211037999833934,0.0234375,0.00016379414046241436,4.685689738022074,4.716565387365196,10880,3.495624969218625e-05,314040320
n8_mix1_d1_fixed_linear_T128_s9401102,8,mix,block,1,1,fixed_linear,128,9401102,80,8,640,packed_exact,True,80,168,1344,704,0.040125000057742,0.0390625,0.00031075781225808896,8.889907098001776,8.967682909679542,240,3.495624969218625e-05,314040320
n8_mix1_d1_fixed_linear_T128_s9401102,8,mix,block,1,1,fixed_linear,128,9401102,80,8,640,SnAp1,True,80,168,1344,704,0.03973349998705089,0.0390625,0.0003079128919125651,8.808521927379203,8.880185128046579,240,3.495624969218625e-05,314040320
n8_mix1_d1_fixed_linear_T128_s9401102,8,mix,block,1,1,fixed_linear,128,9401102,80,8,640,SnAp2,True,80,168,1344,704,0.03857824997976422,0.0390625,0.00029890546920796623,8.550844894404689,8.621994081770108,240,3.495624969218625e-05,314040320
n8_mix1_d1_fixed_linear_T128_s9401102,8,mix,block,1,1,fixed_linear,128,9401102,80,8,640,local_block,True,80,168,1344,704,0.04027719999430701,0.046875,0.00031210195356834447,8.92835920090445,9.001698629754912,240,3.495624969218625e-05,314040320
n8_mix1_d1_fixed_linear_T128_s9401103,8,mix,block,1,1,fixed_linear,128,9401103,80,8,640,BPTT,True,10249,10249,81992,0,0.016949350014328957,0.015625,7.80097657298029e-05,1.9538121499314274,3.3164763973807925,,3.9926952922542114e-05,314040320
n8_mix1_d1_fixed_linear_T128_s9401103,8,mix,block,1,1,fixed_linear,128,9401103,80,8,640,RTRL,True,640,640,5120,0,0.021395499992650002,0.015625,0.00016602929645159747,4.1583262507833405,4.186453797685288,10880,3.9926952922542114e-05,314040320
n8_mix1_d1_fixed_linear_T128_s9401103,8,mix,block,1,1,fixed_linear,128,9401103,80,8,640,packed_exact,True,80,168,1344,704,0.03810450009768829,0.0390625,0.00029521015585487476,7.393756203424275,7.455900969721082,240,3.9926952922542114e-05,314040320
n8_mix1_d1_fixed_linear_T128_s9401103,8,mix,block,1,1,fixed_linear,128,9401103,80,8,640,SnAp1,True,80,168,1344,704,0.03779235004913062,0.0390625,0.0002928507810793235,7.334663921072341,7.394822623494968,240,3.9926952922542114e-05,314040320
n8_mix1_d1_fixed_linear_T128_s9401103,8,mix,block,1,1,fixed_linear,128,9401103,80,8,640,SnAp2,True,80,168,1344,704,0.038817950000520796,0.0390625,0.00030086874903645366,7.535479845410092,7.595501589299845,240,3.9926952922542114e-05,314040320
n8_mix1_d1_fixed_linear_T128_s9401103,8,mix,block,1,1,fixed_linear,128,9401103,80,8,640,local_block,True,80,168,1344,704,0.04059639998013154,0.046875,0.00031322734503191896,7.845010002130061,7.94349059043057,240,3.9926952922542114e-05,314040320
n8_mix1_d1_fixed_linear_T128_s9401104,8,mix,block,1,1,fixed_linear,128,9401104,80,8,640,BPTT,True,10249,10249,81992,0,0.017120199976488948,0.015625,7.832031269572326e-05,1.7242862175421332,2.9446508515964043,,4.542187480183202e-05,314040320
n8_mix1_d1_fixed_linear_T128_s9401104,8,mix,block,1,1,fixed_linear,128,9401104,80,8,640,RTRL,True,640,640,5120,0,0.022137299994938076,0.0234375,0.0001716761730676808,3.7795924060086685,3.807585155060093,10880,4.542187480183202e-05,314040320
n8_mix1_d1_fixed_linear_T128_s9401104,8,mix,block,1,1,fixed_linear,128,9401104,80,8,640,packed_exact,True,80,168,1344,704,0.03788694995455444,0.0390625,0.0002934234380518319,6.459958760662983,6.516503288587687,240,4.542187480183202e-05,314040320
n8_mix1_d1_fixed_linear_T128_s9401104,8,mix,block,1,1,fixed_linear,128,9401104,80,8,640,SnAp1,True,80,168,1344,704,0.03803330002119765,0.03125,0.00029475585870386567,6.489293099191431,6.541675298784059,240,4.542187480183202e-05,314040320
n8_mix1_d1_fixed_linear_T128_s9401104,8,mix,block,1,1,fixed_linear,128,9401104,80,8,640,SnAp2,True,80,168,1344,704,0.03795829997397959,0.0390625,0.00029419570364552783,6.476960824031463,6.528775393805513,240,4.542187480183202e-05,314040320
n8_mix1_d1_fixed_linear_T128_s9401104,8,mix,block,1,1,fixed_linear,128,9401104,80,8,640,local_block,True,80,168,1344,704,0.03804040001705289,0.0390625,0.00029481406181730563,6.4905744886914,6.542896488306973,240,4.542187480183202e-05,314040320
n8_mix1_d1_trainable_linear_T32_s9401100,8,mix,block,1,1,trainable_linear,32,9401100,144,8,1152,BPTT,True,2513,2513,20104,0,0.004281849949620664,0.0,7.945625111460686e-05,1.8240907563484206,3.071848817591868,,4.355937380751129e-05,314040320
n8_mix1_d1_trainable_linear_T32_s9401100,8,mix,block,1,1,trainable_linear,32,9401100,144,8,1152,RTRL,True,1152,1152,9216,0,0.005557450000196695,0.0078125,0.00017227812531928066,3.9550184095982885,3.98697908913005,19584,4.355937380751129e-05,314040320
n8_mix1_d1_trainable_linear_T32_s9401100,8,mix,block,1,1,trainable_linear,32,9401100,144,8,1152,packed_exact,True,80,168,1344,704,0.009792249999009073,0.0078125,0.00029690312294405885,6.81605581053742,7.025073726295536,240,4.355937380751129e-05,314040320
n8_mix1_d1_trainable_linear_T32_s9401100,8,mix,block,1,1,trainable_linear,32,9401100,144,8,1152,SnAp1,True,80,168,1344,704,0.009765999973751605,0.015625,0.0002965671901620226,6.808343744162896,7.006241653710635,240,4.355937380751129e-05,314040320
n8_mix1_d1_trainable_linear_T32_s9401100,8,mix,block,1,1,trainable_linear,32,9401100,144,8,1152,SnAp2,True,80,168,1344,704,0.010172049980610609,0.0078125,0.00030552187308785506,7.013917932749792,7.297546638268421,240,4.355937380751129e-05,314040320
n8_mix1_d1_trainable_linear_T32_s9401100,8,mix,block,1,1,trainable_linear,32,9401100,144,8,1152,local_block,True,80,168,1344,704,0.01069334999192506,0.015625,0.0003229375015507685,7.413731496183304,7.671533312768491,240,4.355937380751129e-05,314040320
n8_mix1_d1_trainable_linear_T32_s9401101,8,mix,block,1,1,trainable_linear,32,9401101,144,8,1152,BPTT,True,2513,2513,20104,0,0.004902699962258339,0.0078125,9.269531255995389e-05,2.0436460209031053,3.3777946103904517,,4.535781226877589e-05,314040320
n8_mix1_d1_trainable_linear_T32_s9401101,8,mix,block,1,1,trainable_linear,32,9401101,144,8,1152,RTRL,True,1152,1152,9216,0,0.006543150055222213,0.0,0.00020243281687726267,4.463019858138451,4.508009293174238,19584,4.535781226877589e-05,314040320
n8_mix1_d1_trainable_linear_T32_s9401101,8,mix,block,1,1,trainable_linear,32,9401101,144,8,1152,packed_exact,True,80,168,1344,704,0.011523450026288629,0.0078125,0.0003486468758637784,7.686589331024357,7.939267687507412,240,4.535781226877589e-05,314040320
n8_mix1_d1_trainable_linear_T32_s9401101,8,mix,block,1,1,trainable_linear,32,9401101,144,8,1152,SnAp1,True,80,168,1344,704,0.011053249996621162,0.015625,0.0003350624974700622,7.387095644838182,7.615315755257288,240,4.535781226877589e-05,314040320
n8_mix1_d1_trainable_linear_T32_s9401101,8,mix,block,1,1,trainable_linear,32,9401101,144,8,1152,SnAp2,True,80,168,1344,704,0.010903350019361824,0.0078125,0.0003293109348305734,7.260291410863957,7.512039736087839,240,4.535781226877589e-05,314040320
n8_mix1_d1_trainable_linear_T32_s9401101,8,mix,block,1,1,trainable_linear,32,9401101,144,8,1152,local_block,True,80,168,1344,704,0.010342950001358986,0.0078125,0.0003131124994979473,6.903165823839624,7.125943059757526,240,4.535781226877589e-05,314040320
n8_mix1_d1_trainable_linear_T32_s9401102,8,mix,block,1,1,trainable_linear,32,9401102,144,8,1152,BPTT,True,2513,2513,20104,0,0.004591249977238476,0.0,8.326406168635003e-05,1.893575414765262,3.2629166112692114,,4.3971875129500404e-05,314040320
n8_mix1_d1_trainable_linear_T32_s9401102,8,mix,block,1,1,trainable_linear,32,9401102,144,8,1152,RTRL,True,1152,1152,9216,0,0.005652599968016148,0.0078125,0.00017515312538307626,3.9832989807061314,4.01719845879385,19584,4.3971875129500404e-05,314040320
n8_mix1_d1_trainable_linear_T32_s9401102,8,mix,block,1,1,trainable_linear,32,9401102,144,8,1152,packed_exact,True,80,168,1344,704,0.009640249947551638,0.0078125,0.00029202500263636466,6.641176929033151,6.851147693241698,240,4.3971875129500404e-05,314040320
n8_mix1_d1_trainable_linear_T32_s9401102,8,mix,block,1,1,trainable_linear,32,9401102,144,8,1152,SnAp1,True,80,168,1344,704,0.010118149977643043,0.015625,0.0003074374999414431,6.99168500401716,7.190782423313444,240,4.3971875129500404e-05,314040320
n8_mix1_d1_trainable_linear_T32_s9401102,8,mix,block,1,1,trainable_linear,32,9401102,144,8,1152,SnAp2,True,80,168,1344,704,0.010806349979247898,0.0078125,0.0003276156221545534,7.450572011989513,7.679873461319311,240,4.3971875129500404e-05,314040320
n8_mix1_d1_trainable_linear_T32_s9401102,8,mix,block,1,1,trainable_linear,32,9401102,144,8,1152,local_block,True,80,168,1344,704,0.010650050011463463,0.015625,0.0003230296879337402,7.346279570347956,7.568793959276728,240,4.3971875129500404e-05,314040320
n8_mix1_d1_trainable_linear_T32_s9401103,8,mix,block,1,1,trainable_linear,32,9401103,144,8,1152,BPTT,True,2513,2513,20104,0,0.004543349961750209,0.0078125,8.603437527199276e-05,2.082211383871891,3.4362046352701605,,4.1318751755170524e-05,314040320
n8_mix1_d1_trainable_linear_T32_s9401103,8,mix,block,1,1,trainable_linear,32,9401103,144,8,1152,RTRL,True,1152,1152,9216,0,0.005451499950140715,0.0,0.0001688765642029466,4.087165198106785,4.123052275425503,19584,4.1318751755170524e-05,314040320
n8_mix1_d1_trainable_linear_T32_s9401103,8,mix,block,1,1,trainable_linear,32,9401103,144,8,1152,packed_exact,True,80,168,1344,704,0.010482349956873804,0.015625,0.0003174234334437642,7.6823093622145215,7.9279606047468425,240,4.1318751755170524e-05,314040320
n8_mix1_d1_trainable_linear_T32_s9401103,8,mix,block,1,1,trainable_linear,32,9401103,144,8,1152,SnAp1,True,80,168,1344,704,0.010282000002916902,0.0078125,0.00031212343492370564,7.5540383401017746,7.776432889237632,240,4.1318751755170524e-05,314040320
n8_mix1_d1_trainable_linear_T32_s9401103,8,mix,block,1,1,trainable_linear,32,9401103,144,8,1152,SnAp2,True,80,168,1344,704,0.009772299963515252,0.0078125,0.00029667812123079784,7.18022952360056,7.390939001966259,240,4.1318751755170524e-05,314040320
n8_mix1_d1_trainable_linear_T32_s9401103,8,mix,block,1,1,trainable_linear,32,9401103,144,8,1152,local_block,True,80,168,1344,704,0.010207249957602471,0.0078125,0.000310254692521994,7.508810875032533,7.719898293761048,240,4.1318751755170524e-05,314040320
n8_mix1_d1_trainable_linear_T32_s9401104,8,mix,block,1,1,trainable_linear,32,9401104,144,8,1152,BPTT,True,2513,2513,20104,0,0.004305000009480864,0.0078125,8.228124897868838e-05,2.2445760266316728,3.6699202187125333,,3.66578133252915e-05,314040320
n8_mix1_d1_trainable_linear_T32_s9401104,8,mix,block,1,1,trainable_linear,32,9401104,144,8,1152,RTRL,True,1152,1152,9216,0,0.005289700056891888,0.0,0.0001639609381527407,4.472741914467068,4.50935589940994,19584,3.66578133252915e-05,314040320
n8_mix1_d1_trainable_linear_T32_s9401104,8,mix,block,1,1,trainable_linear,32,9401104,144,8,1152,packed_exact,True,80,168,1344,704,0.009694000007584691,0.015625,0.00029383750188571867,8.015685476880039,8.263927189241658,240,3.66578133252915e-05,314040320
n8_mix1_d1_trainable_linear_T32_s9401104,8,mix,block,1,1,trainable_linear,32,9401104,144,8,1152,SnAp1,True,80,168,1344,704,0.009962550015188754,0.0078125,0.0003021874999831198,8.243467696820588,8.492860313625183,240,3.66578133252915e-05,314040320
n8_mix1_d1_trainable_linear_T32_s9401104,8,mix,block,1,1,trainable_linear,32,9401104,144,8,1152,SnAp2,True,80,168,1344,704,0.009836649987846613,0.0078125,0.00029888593780924566,8.153403345611832,8.385533239325106,240,3.66578133252915e-05,314040320
n8_mix1_d1_trainable_linear_T32_s9401104,8,mix,block,1,1,trainable_linear,32,9401104,144,8,1152,local_block,True,80,168,1344,704,0.010302399983629584,0.015625,0.00031338437293015886,8.548910709683387,8.7825751261137,240,3.66578133252915e-05,314040320
n8_mix1_d1_trainable_linear_T128_s9401100,8,mix,block,1,1,trainable_linear,128,9401100,144,8,1152,BPTT,True,10193,10193,81544,0,0.017292500007897615,0.0234375,8.111367196761421e-05,2.1106390479755777,3.5153431201500247,,3.8430859149229946e-05,314040320
n8_mix1_d1_trainable_linear_T128_s9401100,8,mix,block,1,1,trainable_linear,128,9401100,144,8,1152,RTRL,True,1152,1152,9216,0,0.021059249993413687,0.0234375,0.00016341484388249228,4.252177742057237,4.281075006277633,19584,3.8430859149229946e-05,314040320
n8_mix1_d1_trainable_linear_T128_s9401100,8,mix,block,1,1,trainable_linear,128,9401100,144,8,1152,packed_exact,True,80,168,1344,704,0.03822990000480786,0.0390625,0.0002954230471914343,7.687130960155852,7.7716475873671955,240,3.8430859149229946e-05,314040320
n8_mix1_d1_trainable_linear_T128_s9401100,8,mix,block,1,1,trainable_linear,128,9401100,144,8,1152,SnAp1,True,80,168,1344,704,0.03814880002755672,0.03125,0.0002949945314867364,7.675980657659778,7.755161003764829,240,3.8430859149229946e-05,314040320
n8_mix1_d1_trainable_linear_T128_s9401100,8,mix,block,1,1,trainable_linear,128,9401100,144,8,1152,SnAp2,True,80,168,1344,704,0.03804795001633465,0.0234375,0.00029431406164803775,7.658274318177324,7.7346594919559735,240,3.8430859149229946e-05,314040320
n8_mix1_d1_trainable_linear_T128_s9401100,8,mix,block,1,1,trainable_linear,128,9401100,144,8,1152,local_block,True,80,168,1344,704,0.038766149955336004,0.0390625,0.00029782968613289995,7.74975352428122,7.880660313890773,240,3.8430859149229946e-05,314040320
n8_mix1_d1_trainable_linear_T128_s9401101,8,mix,block,1,1,trainable_linear,128,9401101,144,8,1152,BPTT,True,10193,10193,81544,0,0.017171199957374483,0.015625,8.15937501101871e-05,2.2838648980458065,3.7549502860028343,,3.572617197278305e-05,314040320
n8_mix1_d1_trainable_linear_T128_s9401101,8,mix,block,1,1,trainable_linear,128,9401101,144,8,1152,RTRL,True,1152,1152,9216,0,0.022452599951066077,0.0234375,0.00017422929931854014,4.876797308462594,4.909872159024915,19584,3.572617197278305e-05,314040320
n8_mix1_d1_trainable_linear_T128_s9401101,8,mix,block,1,1,trainable_linear,128,9401101,144,8,1152,packed_exact,True,80,168,1344,704,0.04115345003083348,0.046875,0.0003181496076649637,8.90522521996862,8.999322082724696,240,3.572617197278305e-05,314040320
n8_mix1_d1_trainable_linear_T128_s9401101,8,mix,block,1,1,trainable_linear,128,9401101,144,8,1152,SnAp1,True,80,168,1344,704,0.039588249986991286,0.0390625,0.00030616093727076077,8.569654132102388,8.657048487002411,240,3.572617197278305e-05,314040320
n8_mix1_d1_trainable_linear_T128_s9401101,8,mix,block,1,1,trainable_linear,128,9401101,144,8,1152,SnAp2,True,80,168,1344,704,0.0386770999757573,0.0390625,0.00029908867145422846,8.371696572531771,8.457800734733054,240,3.572617197278305e-05,314040320
n8_mix1_d1_trainable_linear_T128_s9401101,8,mix,block,1,1,trainable_linear,128,9401101,144,8,1152,local_block,True,80,168,1344,704,0.04052129993215203,0.0390625,0.00031346640571427997,8.774139192776804,8.861085255960518,240,3.572617197278305e-05,314040320
n8_mix1_d1_trainable_linear_T128_s9401102,8,mix,block,1,1,trainable_linear,128,9401102,144,8,1152,BPTT,True,10193,10193,81544,0,0.016582499956712127,0.015625,7.937500004118192e-05,2.0105673518548337,3.281518996830883,,3.947890627387096e-05,314040320
n8_mix1_d1_trainable_linear_T128_s9401102,8,mix,block,1,1,trainable_linear,128,9401102,144,8,1152,RTRL,True,1152,1152,9216,0,0.021597850020043552,0.015625,0.00016745078028179705,4.241525312787706,4.274009064766467,19584,3.947890627387096e-05,314040320
n8_mix1_d1_trainable_linear_T128_s9401102,8,mix,block,1,1,trainable_linear,128,9401102,144,8,1152,packed_exact,True,80,168,1344,704,0.039326049969531596,0.0390625,0.00030387500055439887,7.697148407465329,7.782251191449757,240,3.947890627387096e-05,314040320
n8_mix1_d1_trainable_linear_T128_s9401102,8,mix,block,1,1,trainable_linear,128,9401102,144,8,1152,SnAp1,True,80,168,1344,704,0.0383382499567233,0.03125,0.0002964121085824445,7.508113485368369,7.5867749655753745,240,3.947890627387096e-05,314040320
n8_mix1_d1_trainable_linear_T128_s9401102,8,mix,block,1,1,trainable_linear,128,9401102,144,8,1152,SnAp2,True,80,168,1344,704,0.03929069999139756,0.0234375,0.00030387070364668034,7.697039566868563,7.775255767051313,240,3.947890627387096e-05,314040320
n8_mix1_d1_trainable_linear_T128_s9401102,8,mix,block,1,1,trainable_linear,128,9401102,144,8,1152,local_block,True,80,168,1344,704,0.0380876999697648,0.0390625,0.0002946007812170137,7.462232595131306,7.537193506567002,240,3.947890627387096e-05,314040320
n8_mix1_d1_trainable_linear_T128_s9401103,8,mix,block,1,1,trainable_linear,128,9401103,144,8,1152,BPTT,True,10193,10193,81544,0,0.016606149962171912,0.015625,7.914648449514061e-05,2.030454550333165,3.328285931744886,,3.897968781529926e-05,314040320
n8_mix1_d1_trainable_linear_T128_s9401103,8,mix,block,1,1,trainable_linear,128,9401103,144,8,1152,RTRL,True,1152,1152,9216,0,0.021129150001797825,0.0234375,0.00016401015727751656,4.207580062073861,4.234807758625919,19584,3.897968781529926e-05,314040320
n8_mix1_d1_trainable_linear_T128_s9401103,8,mix,block,1,1,trainable_linear,128,9401103,144,8,1152,packed_exact,True,80,168,1344,704,0.040415049996227026,0.0390625,0.0003126445321868232,8.020703851407255,8.100182320382691,240,3.897968781529926e-05,314040320
n8_mix1_d1_trainable_linear_T128_s9401103,8,mix,block,1,1,trainable_linear,128,9401103,144,8,1152,SnAp1,True,80,168,1344,704,0.03840759996091947,0.0390625,0.0002955531249426713,7.582234273992023,7.697839349470422,240,3.897968781529926e-05,314040320
n8_mix1_d1_trainable_linear_T128_s9401103,8,mix,block,1,1,trainable_linear,128,9401103,144,8,1152,SnAp2,True,80,168,1344,704,0.03825640003196895,0.0390625,0.000295867187105614,7.590291346291598,7.667535118956233,240,3.897968781529926e-05,314040320
n8_mix1_d1_trainable_linear_T128_s9401103,8,mix,block,1,1,trainable_linear,128,9401103,144,8,1152,local_block,True,80,168,1344,704,0.03863934997934848,0.0390625,0.0002989652343785565,7.669769850265827,7.744287823546348,240,3.897968781529926e-05,314040320
n8_mix1_d1_trainable_linear_T128_s9401104,8,mix,block,1,1,trainable_linear,128,9401104,144,8,1152,BPTT,True,10193,10193,81544,0,0.016697349958121777,0.015625,7.88921879575355e-05,2.136235749460418,3.5322607687435292,,3.69304689229466e-05,314040320
n8_mix1_d1_trainable_linear_T128_s9401104,8,mix,block,1,1,trainable_linear,128,9401104,144,8,1152,RTRL,True,1152,1152,9216,0,0.022130600060336292,0.0234375,0.0001716300785119529,4.647384220060937,4.6816441278369325,19584,3.69304689229466e-05,314040320
n8_mix1_d1_trainable_linear_T128_s9401104,8,mix,block,1,1,trainable_linear,128,9401104,144,8,1152,packed_exact,True,80,168,1344,704,0.040418799966573715,0.046875,0.00031226054852595553,8.455363758783298,8.550443142157167,240,3.69304689229466e-05,314040320
n8_mix1_d1_trainable_linear_T128_s9401104,8,mix,block,1,1,trainable_linear,128,9401104,144,8,1152,SnAp1,True,80,168,1344,704,0.038497500005178154,0.0390625,0.0002977023441417259,8.061157976706593,8.143999455245941,240,3.69304689229466e-05,314040320
n8_mix1_d1_trainable_linear_T128_s9401104,8,mix,block,1,1,trainable_linear,128,9401104,144,8,1152,SnAp2,True,80,168,1344,704,0.0394397999625653,0.0390625,0.0003050285149583942,8.259535387834351,8.343339421181575,240,3.69304689229466e-05,314040320
n8_mix1_d1_trainable_linear_T128_s9401104,8,mix,block,1,1,trainable_linear,128,9401104,144,8,1152,local_block,True,80,168,1344,704,0.04040810000151396,0.0390625,0.0003125624984932074,8.463539933526214,8.548179605314356,240,3.69304689229466e-05,314040320
n8_mix1_d1_nonlinear_trainable_T32_s9401100,8,mix,block,1,1,nonlinear_trainable,32,9401100,144,8,1152,BPTT,True,2521,2521,20168,0,0.004687500069849193,0.0078125,8.614218677394092e-05,2.1690601343761813,3.688476398793095,,3.971406113123521e-05,314040320
n8_mix1_d1_nonlinear_trainable_T32_s9401100,8,mix,block,1,1,nonlinear_trainable,32,9401100,144,8,1152,RTRL,True,1152,1152,9216,0,0.005414850020315498,0.0078125,0.00016781406156951562,4.22555781981031,4.260809857135764,19584,3.971406113123521e-05,314040320
n8_mix1_d1_nonlinear_trainable_T32_s9401100,8,mix,block,1,1,nonlinear_trainable,32,9401100,144,8,1152,packed_exact,True,80,168,1344,704,0.009924250014591962,0.0078125,0.0003000718788825907,7.5558094623212275,7.809143767270846,240,3.971406113123521e-05,314040320
n8_mix1_d1_nonlinear_trainable_T32_s9401100,8,mix,block,1,1,nonlinear_trainable,32,9401100,144,8,1152,SnAp1,True,80,168,1344,704,0.010001450020354241,0.0078125,0.00030350781526067294,7.642326335192229,7.8698905182036984,240,3.971406113123521e-05,314040320
n8_mix1_d1_nonlinear_trainable_T32_s9401100,8,mix,block,1,1,nonlinear_trainable,32,9401100,144,8,1152,SnAp2,True,80,168,1344,704,0.010275299951899797,0.015625,0.0003119718730886234,7.855451298665014,8.085376170313648,240,3.971406113123521e-05,314040320
n8_mix1_d1_nonlinear_trainable_T32_s9401100,8,mix,block,1,1,nonlinear_trainable,32,9401100,144,8,1152,local_block,True,80,168,1344,704,0.009865850035566837,0.0078125,0.0002994187507283641,7.5393636963727815,7.763190286499779,240,3.971406113123521e-05,314040320
n8_mix1_d1_nonlinear_trainable_T32_s9401101,8,mix,block,1,1,nonlinear_trainable,32,9401101,144,8,1152,BPTT,True,2521,2521,20168,0,0.004524999996647239,0.0078125,8.399218677368481e-05,1.9180404292571078,3.229144455775178,,4.379062374937348e-05,314040320
n8_mix1_d1_nonlinear_trainable_T32_s9401101,8,mix,block,1,1,nonlinear_trainable,32,9401101,144,8,1152,RTRL,True,1152,1152,9216,0,0.005856850009877235,0.0078125,0.0001815140658436576,4.145044082553278,4.179583370544754,19584,4.379062374937348e-05,314040320
n8_mix1_d1_nonlinear_trainable_T32_s9401101,8,mix,block,1,1,nonlinear_trainable,32,9401101,144,8,1152,packed_exact,True,80,168,1344,704,0.009719899971969426,0.0078125,0.000294535942884977,6.726004739523514,6.936345000758075,240,4.379062374937348e-05,314040320
n8_mix1_d1_nonlinear_trainable_T32_s9401101,8,mix,block,1,1,nonlinear_trainable,32,9401101,144,8,1152,SnAp1,True,80,168,1344,704,0.009776150051038712,0.0078125,0.00029683906177524477,6.77859862134281,6.976486355696879,240,4.379062374937348e-05,314040320
n8_mix1_d1_nonlinear_trainable_T32_s9401101,8,mix,block,1,1,nonlinear_trainable,32,9401101,144,8,1152,SnAp2,True,80,168,1344,704,0.009990249993279576,0.015625,0.00030356562456290703,6.932205996888779,7.1292730169081775,240,4.379062374937348e-05,314040320
n8_mix1_d1_nonlinear_trainable_T32_s9401101,8,mix,block,1,1,nonlinear_trainable,32,9401101,144,8,1152,local_block,True,80,168,1344,704,0.009838700003456324,0.0078125,0.0002988812484545633,6.825233871185483,7.021123445687595,240,4.379062374937348e-05,314040320
n8_mix1_d1_nonlinear_trainable_T32_s9401102,8,mix,block,1,1,nonlinear_trainable,32,9401102,144,8,1152,BPTT,True,2521,2521,20168,0,0.004563900001812726,0.0078125,8.38046871649567e-05,1.7470683437550956,2.9732246663961686,,4.7968751459848136e-05,314040320
n8_mix1_d1_nonlinear_trainable_T32_s9401102,8,mix,block,1,1,nonlinear_trainable,32,9401102,144,8,1152,RTRL,True,1152,1152,9216,0,0.005794550001155585,0.0078125,0.00017945781291928142,3.7411399600320046,3.7749510259336927,19584,4.7968751459848136e-05,314040320
n8_mix1_d1_nonlinear_trainable_T32_s9401102,8,mix,block,1,1,nonlinear_trainable,32,9401102,144,8,1152,packed_exact,True,80,168,1344,704,0.010624699993059039,0.0078125,0.00032126405858434737,6.697361278065761,6.921628449325208,240,4.7968751459848136e-05,314040320
n8_mix1_d1_nonlinear_trainable_T32_s9401102,8,mix,block,1,1,nonlinear_trainable,32,9401102,144,8,1152,SnAp1,True,80,168,1344,704,0.011055000009946525,0.015625,0.0003359843722137157,7.004234256439815,7.201954184694609,240,4.7968751459848136e-05,314040320
n8_mix1_d1_nonlinear_trainable_T32_s9401102,8,mix,block,1,1,nonlinear_trainable,32,9401102,144,8,1152,SnAp2,True,80,168,1344,704,0.010064149973914027,0.0078125,0.0003054343742405763,6.36736135390636,6.556449294872038,240,4.7968751459848136e-05,314040320
n8_mix1_d1_nonlinear_trainable_T32_s9401102,8,mix,block,1,1,nonlinear_trainable,32,9401102,144,8,1152,local_block,True,80,168,1344,704,0.010537449968978763,0.0,0.0003201484341843752,6.674103962292055,6.864788044488095,240,4.7968751459848136e-05,314040320
n8_mix1_d1_nonlinear_trainable_T32_s9401103,8,mix,block,1,1,nonlinear_trainable,32,9401103,144,8,1152,BPTT,True,2521,2521,20168,0,0.005093600018881261,0.0078125,0.00010274218584527262,2.6465024729236912,4.100136951763639,,3.882187411363702e-05,314040320
n8_mix1_d1_nonlinear_trainable_T32_s9401103,8,mix,block,1,1,nonlinear_trainable,32,9401103,144,8,1152,RTRL,True,1152,1152,9216,0,0.005820899968966842,0.0,0.00017926718646776862,4.617685018065553,4.685583274464238,19584,3.882187411363702e-05,314040320
n8_mix1_d1_nonlinear_trainable_T32_s9401103,8,mix,block,1,1,nonlinear_trainable,32,9401103,144,8,1152,packed_exact,True,80,168,1344,704,0.010730599984526634,0.015625,0.0003256218751630513,8.387587734943212,8.63768834381607,240,3.882187411363702e-05,314040320
n8_mix1_d1_nonlinear_trainable_T32_s9401103,8,mix,block,1,1,nonlinear_trainable,32,9401103,144,8,1152,SnAp1,True,80,168,1344,704,0.010626500006765127,0.0078125,0.0003226515582355205,8.311076309481468,8.55389217530744,240,3.882187411363702e-05,314040320
n8_mix1_d1_nonlinear_trainable_T32_s9401103,8,mix,block,1,1,nonlinear_trainable,32,9401103,144,8,1152,SnAp2,True,80,168,1344,704,0.010428200068417937,0.015625,0.00031615000261808746,8.14360485773233,8.394268941889843,240,3.882187411363702e-05,314040320
n8_mix1_d1_nonlinear_trainable_T32_s9401103,8,mix,block,1,1,nonlinear_trainable,32,9401103,144,8,1152,local_block,True,80,168,1344,704,0.010139400023035705,0.0078125,0.00030711874751432333,7.910971701555264,8.16179687236076,240,3.882187411363702e-05,314040320
n8_mix1_d1_nonlinear_trainable_T32_s9401104,8,mix,block,1,1,nonlinear_trainable,32,9401104,144,8,1152,BPTT,True,2521,2521,20168,0,0.004508399986661971,0.0078125,8.472343688481487e-05,2.2377533298069063,3.721183687921796,,3.7860936572542414e-05,314040320
n8_mix1_d1_nonlinear_trainable_T32_s9401104,8,mix,block,1,1,nonlinear_trainable,32,9401104,144,8,1152,RTRL,True,1152,1152,9216,0,0.005677049979567528,0.0078125,0.00017585468594916165,4.6447526624762725,4.685774519115972,19584,3.7860936572542414e-05,314040320
n8_mix1_d1_nonlinear_trainable_T32_s9401104,8,mix,block,1,1,nonlinear_trainable,32,9401104,144,8,1152,packed_exact,True,80,168,1344,704,0.010383050015661865,0.0078125,0.0003145374994346639,8.307705194561231,8.57005511122898,240,3.7860936572542414e-05,314040320
n8_mix1_d1_nonlinear_trainable_T32_s9401104,8,mix,block,1,1,nonlinear_trainable,32,9401104,144,8,1152,SnAp1,True,80,168,1344,704,0.009931899956427515,0.0078125,0.0003014359426742885,7.96166101429452,8.197680821859233,240,3.7860936572542414e-05,314040320
n8_mix1_d1_nonlinear_trainable_T32_s9401104,8,mix,block,1,1,nonlinear_trainable,32,9401104,144,8,1152,SnAp2,True,80,168,1344,704,0.010110100032761693,0.015625,0.00030709531165484805,8.111138800447963,8.344765201950393,240,3.7860936572542414e-05,314040320
n8_mix1_d1_nonlinear_trainable_T32_s9401104,8,mix,block,1,1,nonlinear_trainable,32,9401104,144,8,1152,local_block,True,80,168,1344,704,0.01020829996559769,0.0078125,0.00031033437335281633,8.19669034753561,8.425818344818243,240,3.7860936572542414e-05,314040320
n8_mix1_d1_nonlinear_trainable_T128_s9401100,8,mix,block,1,1,nonlinear_trainable,128,9401100,144,8,1152,BPTT,True,10201,10201,81608,0,0.01678379997611046,0.015625,8.044960986808292e-05,2.1338092428853743,3.4778590344557774,,3.770234388866811e-05,314040320
n8_mix1_d1_nonlinear_trainable_T128_s9401100,8,mix,block,1,1,nonlinear_trainable,128,9401100,144,8,1152,RTRL,True,1152,1152,9216,0,0.022042150027118623,0.0234375,0.00017099335809689364,4.53535086841876,4.567469269161865,19584,3.770234388866811e-05,314040320
n8_mix1_d1_nonlinear_trainable_T128_s9401100,8,mix,block,1,1,nonlinear_trainable,128,9401100,144,8,1152,packed_exact,True,80,168,1344,704,0.04064374999143183,0.0390625,0.00031423789096152177,8.334704385738991,8.422004152996397,240,3.770234388866811e-05,314040320
n8_mix1_d1_nonlinear_trainable_T128_s9401100,8,mix,block,1,1,nonlinear_trainable,128,9401100,144,8,1152,SnAp1,True,80,168,1344,704,0.040138249984011054,0.0390625,0.0003101785150647629,8.227035326522252,8.317256850822385,240,3.770234388866811e-05,314040320
n8_mix1_d1_nonlinear_trainable_T128_s9401100,8,mix,block,1,1,nonlinear_trainable,128,9401100,144,8,1152,SnAp2,True,80,168,1344,704,0.03903174999868497,0.0390625,0.00030180898511389387,8.005045681114966,8.087973197771886,240,3.770234388866811e-05,314040320
n8_mix1_d1_nonlinear_trainable_T128_s9401100,8,mix,block,1,1,nonlinear_trainable,128,9401100,144,8,1152,local_block,True,80,168,1344,704,0.041386199998669326,0.0390625,0.0003199359380232636,8.485836821392533,8.575851104758097,240,3.770234388866811e-05,314040320
n8_mix1_d1_nonlinear_trainable_T128_s9401101,8,mix,block,1,1,nonlinear_trainable,128,9401101,144,8,1152,BPTT,True,10201,10201,81608,0,0.017485199961811304,0.015625,8.337734379892936e-05,2.1783538335267907,3.5689544282340204,,3.827539057965623e-05,314040320
n8_mix1_d1_nonlinear_trainable_T128_s9401101,8,mix,block,1,1,nonlinear_trainable,128,9401101,144,8,1152,RTRL,True,1152,1152,9216,0,0.021765200013760477,0.0078125,0.00016890390588741866,4.412859106843258,4.44255754238814,19584,3.827539057965623e-05,314040320
n8_mix1_d1_nonlinear_trainable_T128_s9401101,8,mix,block,1,1,nonlinear_trainable,128,9401101,144,8,1152,packed_exact,True,80,168,1344,704,0.046197000017855316,0.046875,0.0003569613281797501,9.326131563226394,9.429402474375381,240,3.827539057965623e-05,314040320
n8_mix1_d1_nonlinear_trainable_T128_s9401101,8,mix,block,1,1,nonlinear_trainable,128,9401101,144,8,1152,SnAp1,True,80,168,1344,704,0.04313539993017912,0.0390625,0.00033351601769027184,8.71358887889544,8.80449047941632,240,3.827539057965623e-05,314040320
n8_mix1_d1_nonlinear_trainable_T128_s9401101,8,mix,block,1,1,nonlinear_trainable,128,9401101,144,8,1152,SnAp2,True,80,168,1344,704,0.03852285002358258,0.0390625,0.0002979054715979146,7.783211799705434,7.863009658461908,240,3.827539057965623e-05,314040320
n8_mix1_d1_nonlinear_trainable_T128_s9401101,8,mix,block,1,1,nonlinear_trainable,128,9401101,144,8,1152,local_block,True,80,168,1344,704,0.038280799926724285,0.0390625,0.0002961167965622735,7.7364800744753905,7.813604117380101,240,3.827539057965623e-05,314040320
n8_mix1_d1_nonlinear_trainable_T128_s9401102,8,mix,block,1,1,nonlinear_trainable,128,9401102,144,8,1152,BPTT,True,10201,10201,81608,0,0.017064050014596432,0.015625,8.267421890195692e-05,2.193973073301503,3.5378004956089653,,3.7682421861973125e-05,314040320
n8_mix1_d1_nonlinear_trainable_T128_s9401102,8,mix,block,1,1,nonlinear_trainable,128,9401102,144,8,1152,RTRL,True,1152,1152,9216,0,0.02151065005455166,0.0234375,0.0001669054686317395,4.429265964992835,4.459690891597734,19584,3.7682421861973125e-05,314040320
n8_mix1_d1_nonlinear_trainable_T128_s9401102,8,mix,block,1,1,nonlinear_trainable,128,9401102,144,8,1152,packed_exact,True,80,168,1344,704,0.038106299994979054,0.0390625,0.00029464843555615516,7.8192542038678505,7.900380442670024,240,3.7682421861973125e-05,314040320
n8_mix1_d1_nonlinear_trainable_T128_s9401102,8,mix,block,1,1,nonlinear_trainable,128,9401102,144,8,1152,SnAp1,True,80,168,1344,704,0.03864584997063503,0.0390625,0.000298910937999608,7.932370671250599,8.012242525214832,240,3.7682421861973125e-05,314040320
n8_mix1_d1_nonlinear_trainable_T128_s9401102,8,mix,block,1,1,nonlinear_trainable,128,9401102,144,8,1152,SnAp2,True,80,168,1344,704,0.039186949958093464,0.0390625,0.00030319960933411494,8.046181597475455,8.124425963622889,240,3.7682421861973125e-05,314040320
n8_mix1_d1_nonlinear_trainable_T128_s9401102,8,mix,block,1,1,nonlinear_trainable,128,9401102,144,8,1152,local_block,True,80,168,1344,704,0.03923090000171214,0.0390625,0.0003034367186955933,8.052473904332665,8.13353789695426,240,3.7682421861973125e-05,314040320
n8_mix1_d1_nonlinear_trainable_T128_s9401103,8,mix,block,1,1,nonlinear_trainable,128,9401103,144,8,1152,BPTT,True,10201,10201,81608,0,0.01748664997285232,0.015625,8.41519527057244e-05,2.142186615547725,3.477681065153707,,3.928320347768022e-05,314040320
n8_mix1_d1_nonlinear_trainable_T128_s9401103,8,mix,block,1,1,nonlinear_trainable,128,9401103,144,8,1152,RTRL,True,1152,1152,9216,0,0.024255050055216998,0.0234375,0.00018806328171194764,4.787371320640912,4.823755747518096,19584,3.928320347768022e-05,314040320
n8_mix1_d1_nonlinear_trainable_T128_s9401103,8,mix,block,1,1,nonlinear_trainable,128,9401103,144,8,1152,packed_exact,True,80,168,1344,704,0.0422045499435626,0.0390625,0.00032612109407637035,8.30179479282194,8.393486713002508,240,3.928320347768022e-05,314040320
n8_mix1_d1_nonlinear_trainable_T128_s9401103,8,mix,block,1,1,nonlinear_trainable,128,9401103,144,8,1152,SnAp1,True,80,168,1344,704,0.039799600024707615,0.0390625,0.000307638673348265,7.831303104469522,7.915199058796052,240,3.928320347768022e-05,314040320
n8_mix1_d1_nonlinear_trainable_T128_s9401103,8,mix,block,1,1,nonlinear_trainable,128,9401103,144,8,1152,SnAp2,True,80,168,1344,704,0.04186925000976771,0.046875,0.00032380156062572496,8.242748349423726,8.326803487072095,240,3.928320347768022e-05,314040320
n8_mix1_d1_nonlinear_trainable_T128_s9401103,8,mix,block,1,1,nonlinear_trainable,128,9401103,144,8,1152,local_block,True,80,168,1344,704,0.04222249996382743,0.03125,0.0003258230494793679,8.294207718178912,8.397056547458567,240,3.928320347768022e-05,314040320
n8_mix1_d1_nonlinear_trainable_T128_s9401104,8,mix,block,1,1,nonlinear_trainable,128,9401104,144,8,1152,BPTT,True,10201,10201,81608,0,0.016844000027049333,0.015625,8.086406296570203e-05,2.163564360945876,3.5208662246069755,,3.737539054782246e-05,314040320
n8_mix1_d1_nonlinear_trainable_T128_s9401104,8,mix,block,1,1,nonlinear_trainable,128,9401104,144,8,1152,RTRL,True,1152,1152,9216,0,0.02171010000165552,0.0234375,0.00016834335974635906,4.504123094873371,4.538016961880695,19584,3.737539054782246e-05,314040320
n8_mix1_d1_nonlinear_trainable_T128_s9401104,8,mix,block,1,1,nonlinear_trainable,128,9401104,144,8,1152,packed_exact,True,80,168,1344,704,0.03852855000877753,0.0390625,0.0002979273440359975,7.971216880123147,8.053542519065699,240,3.737539054782246e-05,314040320
n8_mix1_d1_nonlinear_trainable_T128_s9401104,8,mix,block,1,1,nonlinear_trainable,128,9401104,144,8,1152,SnAp1,True,80,168,1344,704,0.03886654996313155,0.0390625,0.0003006246092809306,8.043383757991135,8.124193945169516,240,3.737539054782246e-05,314040320
n8_mix1_d1_nonlinear_trainable_T128_s9401104,8,mix,block,1,1,nonlinear_trainable,128,9401104,144,8,1152,SnAp2,True,80,168,1344,704,0.038874350022524595,0.0390625,0.0002999710950462031,8.025898610006092,8.125824375329977,240,3.737539054782246e-05,314040320
n8_mix1_d1_nonlinear_trainable_T128_s9401104,8,mix,block,1,1,nonlinear_trainable,128,9401104,144,8,1152,local_block,True,80,168,1344,704,0.03938584995921701,0.03125,0.0003047882805731206,8.154785170288418,8.232742141187071,240,3.737539054782246e-05,314040320
n8_mix1_d1_feedback_T32_s9401100,8,mix,block,1,1,feedback,32,9401100,144,8,1152,BPTT,True,2841,2841,22728,0,0.0053037499892525375,0.0,0.00010104374996444676,2.3635101085311954,3.8768685337821855,,4.275156243238598e-05,314040320
n8_mix1_d1_feedback_T32_s9401100,8,mix,block,1,1,feedback,32,9401100,144,8,1152,RTRL,True,1152,1152,9216,0,0.007738049956969917,0.0078125,0.0002403187481831992,5.621285738112541,5.6562625409949066,19584,4.275156243238598e-05,314040320
n8_mix1_d1_feedback_T32_s9401100,8,mix,block,1,1,feedback,32,9401100,144,8,1152,packed_exact,True,1152,1304,10432,1216,0.008081650012172759,0.0078125,0.00024343281256733462,5.69412668723716,5.907422992547309,19584,4.275156243238598e-05,314040320
n8_mix1_d1_feedback_T32_s9401100,8,mix,block,1,1,feedback,32,9401100,144,8,1152,SnAp1,False,592,752,6016,1280,0.012209450011141598,0.015625,0.00037144218367757276,8.688388506619603,8.924710376412802,8944,4.275156243238598e-05,314040320
n8_mix1_d1_feedback_T32_s9401100,8,mix,block,1,1,feedback,32,9401100,144,8,1152,SnAp2,True,1152,1304,10432,1216,0.00808970001526177,0.0078125,0.00024315468363056425,5.6876209849669745,5.913307282669558,19584,4.275156243238598e-05,314040320
n8_mix1_d1_feedback_T32_s9401100,8,mix,block,1,1,feedback,32,9401100,144,8,1152,local_block,False,592,752,6016,1280,0.01274779997766018,0.015625,0.00038839999797346536,9.085048028074809,9.31822667140934,8944,4.275156243238598e-05,314040320
n8_mix1_d1_feedback_T32_s9401101,8,mix,block,1,1,feedback,32,9401101,144,8,1152,BPTT,True,2841,2841,22728,0,0.0055114999413490295,0.0078125,0.00010758281314338092,2.4854885115194105,3.979135173061371,,4.328437353251502e-05,314040320
n8_mix1_d1_feedback_T32_s9401101,8,mix,block,1,1,feedback,32,9401101,144,8,1152,RTRL,True,1152,1152,9216,0,0.007359399925917387,0.0078125,0.0002285078171553323,5.279222003379078,5.313262706971085,19584,4.328437353251502e-05,314040320
n8_mix1_d1_feedback_T32_s9401101,8,mix,block,1,1,feedback,32,9401101,144,8,1152,packed_exact,True,1152,1304,10432,1216,0.008194750000257045,0.0078125,0.00024566562206018716,5.675619213378341,5.916360030385148,19584,4.328437353251502e-05,314040320
n8_mix1_d1_feedback_T32_s9401101,8,mix,block,1,1,feedback,32,9401101,144,8,1152,SnAp1,False,592,752,6016,1280,0.012302299961447716,0.015625,0.00037452499964274466,8.652660742829124,8.881886057711945,8944,4.328437353251502e-05,314040320
n8_mix1_d1_feedback_T32_s9401101,8,mix,block,1,1,feedback,32,9401101,144,8,1152,SnAp2,True,1152,1304,10432,1216,0.00805519992718473,0.0078125,0.00024292343732668087,5.612266448634123,5.81560912589917,19584,4.328437353251502e-05,314040320
n8_mix1_d1_feedback_T32_s9401101,8,mix,block,1,1,feedback,32,9401101,144,8,1152,local_block,False,592,752,6016,1280,0.012057149957399815,0.015625,0.0003670484366011806,8.479929513718282,8.704895217801973,8944,4.328437353251502e-05,314040320
n8_mix1_d1_feedback_T32_s9401102,8,mix,block,1,1,feedback,32,9401102,144,8,1152,BPTT,True,2841,2841,22728,0,0.005446149967610836,0.0078125,0.00010381562424299773,2.432792563980578,3.9882463622823745,,4.267343865649309e-05,314040320
n8_mix1_d1_feedback_T32_s9401102,8,mix,block,1,1,feedback,32,9401102,144,8,1152,RTRL,True,1152,1152,9216,0,0.007290099980309606,0.0078125,0.0002256874995509861,5.288711354332023,5.338581364827774,19584,4.267343865649309e-05,314040320
n8_mix1_d1_feedback_T32_s9401102,8,mix,block,1,1,feedback,32,9401102,144,8,1152,packed_exact,True,1152,1304,10432,1216,0.0079894500086084,0.0078125,0.00024055468929873314,5.637105817394233,5.850719338058858,19584,4.267343865649309e-05,314040320
n8_mix1_d1_feedback_T32_s9401102,8,mix,block,1,1,feedback,32,9401102,144,8,1152,SnAp1,False,592,752,6016,1280,0.012072000012267381,0.0078125,0.00036722812183143105,8.605543246408958,8.840393749847346,8944,4.267343865649309e-05,314040320
n8_mix1_d1_feedback_T32_s9401102,8,mix,block,1,1,feedback,32,9401102,144,8,1152,SnAp2,True,1152,1304,10432,1216,0.007921300013549626,0.0078125,0.0002389015589869814,5.598366724323743,5.800812712002074,19584,4.267343865649309e-05,314040320
n8_mix1_d1_feedback_T32_s9401102,8,mix,block,1,1,feedback,32,9401102,144,8,1152,local_block,False,592,752,6016,1280,0.012445450003724545,0.0078125,0.00037868437902943697,8.874006664373114,9.11387328654413,8944,4.267343865649309e-05,314040320
n8_mix1_d1_feedback_T32_s9401103,8,mix,block,1,1,feedback,32,9401103,144,8,1152,BPTT,True,2841,2841,22728,0,0.005393299972638488,0.0,0.00010288437442795839,2.4081483402759036,3.9449219238625144,,4.2723437218228355e-05,314040320
n8_mix1_d1_feedback_T32_s9401103,8,mix,block,1,1,feedback,32,9401103,144,8,1152,RTRL,True,1152,1152,9216,0,0.007139149936847389,0.0078125,0.0002216812481492525,5.188750310910614,5.221921503808543,19584,4.2723437218228355e-05,314040320
n8_mix1_d1_feedback_T32_s9401103,8,mix,block,1,1,feedback,32,9401103,144,8,1152,packed_exact,True,1152,1304,10432,1216,0.00800435000564903,0.0078125,0.0002411187524558045,5.6437114650721245,5.854770916461032,19584,4.2723437218228355e-05,314040320
n8_mix1_d1_feedback_T32_s9401103,8,mix,block,1,1,feedback,32,9401103,144,8,1152,SnAp1,False,592,752,6016,1280,0.012519199983216822,0.0078125,0.0003812640588876093,8.924002461228456,9.157151787136778,8944,4.2723437218228355e-05,314040320
n8_mix1_d1_feedback_T32_s9401103,8,mix,block,1,1,feedback,32,9401103,144,8,1152,SnAp2,True,1152,1304,10432,1216,0.00792135001393035,0.0078125,0.00023887343741080258,5.591156820801979,5.794060685494361,19584,4.2723437218228355e-05,314040320
n8_mix1_d1_feedback_T32_s9401103,8,mix,block,1,1,feedback,32,9401103,144,8,1152,local_block,False,592,752,6016,1280,0.01201280002715066,0.015625,0.0003655531218100805,8.556266667938267,8.786746228561643,8944,4.2723437218228355e-05,314040320
n8_mix1_d1_feedback_T32_s9401104,8,mix,block,1,1,feedback,32,9401104,144,8,1152,BPTT,True,2841,2841,22728,0,0.0056983999675139785,0.0078125,0.0001088562512450153,2.5560610498751832,4.181391180164155,,4.2587500502122566e-05,314040320
n8_mix1_d1_feedback_T32_s9401104,8,mix,block,1,1,feedback,32,9401104,144,8,1152,RTRL,True,1152,1152,9216,0,0.007572549977339804,0.0078125,0.00023513437554356642,5.521206287554897,5.556611306175966,19584,4.2587500502122566e-05,314040320
n8_mix1_d1_feedback_T32_s9401104,8,mix,block,1,1,feedback,32,9401104,144,8,1152,packed_exact,True,1152,1304,10432,1216,0.00883865007199347,0.0078125,0.00026552499912213534,6.234810589762166,6.485654511140651,19584,4.2587500502122566e-05,314040320
n8_mix1_d1_feedback_T32_s9401104,8,mix,block,1,1,feedback,32,9401104,144,8,1152,SnAp1,False,592,752,6016,1280,0.013771799975074828,0.015625,0.00041902031080098823,9.83904445812931,10.105517913633808,8944,4.2587500502122566e-05,314040320
n8_mix1_d1_feedback_T32_s9401104,8,mix,block,1,1,feedback,32,9401104,144,8,1152,SnAp2,True,1152,1304,10432,1216,0.009231000032741576,0.0078125,0.00027884843439096585,6.547659080792215,6.773554390889809,19584,4.2587500502122566e-05,314040320
n8_mix1_d1_feedback_T32_s9401104,8,mix,block,1,1,feedback,32,9401104,144,8,1152,local_block,False,592,752,6016,1280,0.013131999992765486,0.0078125,0.00039989687138586305,9.390005674691619,9.636043321055395,8944,4.2587500502122566e-05,314040320
n8_mix1_d1_feedback_T128_s9401100,8,mix,block,1,1,feedback,128,9401100,144,8,1152,BPTT,True,11289,11289,90312,0,0.0219370499253273,0.0234375,0.0001066929689841345,2.178345292289076,3.499122725598511,,4.8978905851981835e-05,314040320
n8_mix1_d1_feedback_T128_s9401100,8,mix,block,1,1,feedback,128,9401100,144,8,1152,RTRL,True,1152,1152,9216,0,0.030447399942204356,0.03125,0.00023653320567973424,4.829287252650283,4.856586890024342,19584,4.8978905851981835e-05,314040320
n8_mix1_d1_feedback_T128_s9401100,8,mix,block,1,1,feedback,128,9401100,144,8,1152,packed_exact,True,1152,1304,10432,1216,0.03313835000153631,0.03125,0.0002555769528953533,5.2181025371968754,5.285813451394746,19584,4.8978905851981835e-05,314040320
n8_mix1_d1_feedback_T128_s9401100,8,mix,block,1,1,feedback,128,9401100,144,8,1152,SnAp1,False,592,752,6016,1280,0.04740979999769479,0.046875,0.0003670617197713,7.494281739992106,7.562215938455952,8944,4.8978905851981835e-05,314040320
n8_mix1_d1_feedback_T128_s9401100,8,mix,block,1,1,feedback,128,9401100,144,8,1152,SnAp2,True,1152,1304,10432,1216,0.030800750013440847,0.03125,0.00023771406267769635,4.853396754024829,4.912948856130275,19584,4.8978905851981835e-05,314040320
n8_mix1_d1_feedback_T128_s9401100,8,mix,block,1,1,feedback,128,9401100,144,8,1152,local_block,False,592,752,6016,1280,0.0475270000169985,0.046875,0.0003681175785459345,7.515839158563796,7.580910213774746,8944,4.8978905851981835e-05,314040320
n8_mix1_d1_feedback_T128_s9401101,8,mix,block,1,1,feedback,128,9401101,144,8,1152,BPTT,True,11289,11289,90312,0,0.02103610004996881,0.0234375,0.00010147539069293998,2.2378363894996074,3.6242893060938224,,4.534531262834207e-05,314040320
n8_mix1_d1_feedback_T128_s9401101,8,mix,block,1,1,feedback,128,9401101,144,8,1152,RTRL,True,1152,1152,9216,0,0.028248150018043816,0.0234375,0.00021945078333374113,4.839547256678926,4.866846410890788,19584,4.534531262834207e-05,314040320
n8_mix1_d1_feedback_T128_s9401101,8,mix,block,1,1,feedback,128,9401101,144,8,1152,packed_exact,True,1152,1304,10432,1216,0.031312800012528896,0.03125,0.0002415656244920683,5.327245761253901,5.394851990610838,19584,4.534531262834207e-05,314040320
n8_mix1_d1_feedback_T128_s9401101,8,mix,block,1,1,feedback,128,9401101,144,8,1152,SnAp1,False,592,752,6016,1280,0.04793740005698055,0.0390625,0.00037045507724542404,8.169644352917734,8.259088232883434,8944,4.534531262834207e-05,314040320
n8_mix1_d1_feedback_T128_s9401101,8,mix,block,1,1,feedback,128,9401101,144,8,1152,SnAp2,True,1152,1304,10432,1216,0.0308804499800317,0.0234375,0.0002383562487011659,5.2564694096339,5.320362822202874,19584,4.534531262834207e-05,314040320
n8_mix1_d1_feedback_T128_s9401101,8,mix,block,1,1,feedback,128,9401101,144,8,1152,local_block,False,592,752,6016,1280,0.04749910003738478,0.046875,0.00036766328230442014,8.108076910128533,8.183573946960268,8944,4.534531262834207e-05,314040320
n8_mix1_d1_feedback_T128_s9401102,8,mix,block,1,1,feedback,128,9401102,144,8,1152,BPTT,True,11289,11289,90312,0,0.02300080005079508,0.0234375,0.00010916406245087273,2.276901019327654,3.747981471736583,,4.794414053321816e-05,314040320
n8_mix1_d1_feedback_T128_s9401102,8,mix,block,1,1,feedback,128,9401102,144,8,1152,RTRL,True,1152,1152,9216,0,0.029110650008078665,0.03125,0.00022619882793151191,4.717966062501209,4.74358181539497,19584,4.794414053321816e-05,314040320
n8_mix1_d1_feedback_T128_s9401102,8,mix,block,1,1,feedback,128,9401102,144,8,1152,packed_exact,True,1152,1304,10432,1216,0.031854650005698204,0.03125,0.0002457363270877977,5.125471524878811,5.190716746650014,19584,4.794414053321816e-05,314040320
n8_mix1_d1_feedback_T128_s9401102,8,mix,block,1,1,feedback,128,9401102,144,8,1152,SnAp1,False,592,752,6016,1280,0.05048219999298453,0.0546875,0.0003907097643605084,8.149270380387874,8.226076910731907,8944,4.794414053321816e-05,314040320
n8_mix1_d1_feedback_T128_s9401102,8,mix,block,1,1,feedback,128,9401102,144,8,1152,SnAp2,True,1152,1304,10432,1216,0.031184300023596734,0.03125,0.00024064101626208867,5.019195538511327,5.081483184906651,19584,4.794414053321816e-05,314040320
n8_mix1_d1_feedback_T128_s9401102,8,mix,block,1,1,feedback,128,9401102,144,8,1152,local_block,False,592,752,6016,1280,0.0472287000156939,0.046875,0.0003657343740997021,7.62834352711574,7.695918933346284,8944,4.794414053321816e-05,314040320
n8_mix1_d1_feedback_T128_s9401103,8,mix,block,1,1,feedback,128,9401103,144,8,1152,BPTT,True,11289,11289,90312,0,0.021199350070673972,0.015625,0.00010270273423884646,2.387416335373971,3.8499822930358434,,4.301835951991961e-05,314040320
n8_mix1_d1_feedback_T128_s9401103,8,mix,block,1,1,feedback,128,9401103,144,8,1152,RTRL,True,1152,1152,9216,0,0.02901110000675544,0.03125,0.0002253523421131831,5.238515476370825,5.268662527631421,19584,4.301835951991961e-05,314040320
n8_mix1_d1_feedback_T128_s9401103,8,mix,block,1,1,feedback,128,9401103,144,8,1152,packed_exact,True,1152,1304,10432,1216,0.03276465000817552,0.03125,0.0002527179685785086,5.874653785007486,5.950339135325298,19584,4.301835951991961e-05,314040320
n8_mix1_d1_feedback_T128_s9401103,8,mix,block,1,1,feedback,128,9401103,144,8,1152,SnAp1,False,592,752,6016,1280,0.04768089996650815,0.046875,0.0003690843755066453,8.579694335757761,8.659257004346152,8944,4.301835951991961e-05,314040320
n8_mix1_d1_feedback_T128_s9401103,8,mix,block,1,1,feedback,128,9401103,144,8,1152,SnAp2,True,1152,1304,10432,1216,0.03131435008253902,0.03125,0.0002416996103420388,5.618522255134346,5.686952332679126,19584,4.301835951991961e-05,314040320
n8_mix1_d1_feedback_T128_s9401103,8,mix,block,1,1,feedback,128,9401103,144,8,1152,local_block,False,592,752,6016,1280,0.04729289992246777,0.046875,0.0003662773428914079,8.514442367840724,8.588792896046954,8944,4.301835951991961e-05,314040320
n8_mix1_d1_feedback_T128_s9401104,8,mix,block,1,1,feedback,128,9401104,144,8,1152,BPTT,True,11289,11289,90312,0,0.022035100031644106,0.0234375,0.00010453085951667163,2.4376155753115105,4.0144472115280685,,4.288242189431912e-05,314040320
n8_mix1_d1_feedback_T128_s9401104,8,mix,block,1,1,feedback,128,9401104,144,8,1152,RTRL,True,1152,1152,9216,0,0.02836980001302436,0.03125,0.00022048828031984158,5.14169374256007,5.168529500221968,19584,4.288242189431912e-05,314040320
n8_mix1_d1_feedback_T128_s9401104,8,mix,block,1,1,feedback,128,9401104,144,8,1152,packed_exact,True,1152,1304,10432,1216,0.03182585001923144,0.03125,0.000245575780809304,5.726723677466472,5.798167227774612,19584,4.288242189431912e-05,314040320
n8_mix1_d1_feedback_T128_s9401104,8,mix,block,1,1,feedback,128,9401104,144,8,1152,SnAp1,False,592,752,6016,1280,0.04854734998662025,0.046875,0.0003758843727155181,8.765465104603004,8.84456042863371,8944,4.288242189431912e-05,314040320
n8_mix1_d1_feedback_T128_s9401104,8,mix,block,1,1,feedback,128,9401104,144,8,1152,SnAp2,True,1152,1304,10432,1216,0.030696500034537166,0.03125,0.00023690195303061046,5.524453670420938,5.592417497100168,19584,4.288242189431912e-05,314040320
n8_mix1_d1_feedback_T128_s9401104,8,mix,block,1,1,feedback,128,9401104,144,8,1152,local_block,False,592,752,6016,1280,0.047918799915350974,0.046875,0.0003711429681061418,8.65489754801627,8.730048532736296,8944,4.288242189431912e-05,314040320
n8_positive1_d1_none_T32_s9401100,8,positive,block,1,1,none,32,9401100,80,8,640,BPTT,True,2249,2249,17992,0,0.004502450057771057,0.0,9.100781062443275e-05,2.519356294126563,3.8950214184249314,,3.612343789427541e-05,314040320
n8_positive1_d1_none_T32_s9401100,8,positive,block,1,1,none,32,9401100,80,8,640,RTRL,True,640,640,5120,0,0.005379950045607984,0.0078125,0.0001665671843511518,4.611055704018366,4.654137278331765,10880,3.612343789427541e-05,314040320
n8_positive1_d1_none_T32_s9401100,8,positive,block,1,1,none,32,9401100,80,8,640,packed_exact,True,80,168,1344,704,0.009942749980837107,0.0078125,0.00030325937223096844,8.39508612437541,8.60136673066765,240,3.612343789427541e-05,314040320
n8_positive1_d1_none_T32_s9401100,8,positive,block,1,1,none,32,9401100,80,8,640,SnAp1,True,80,168,1344,704,0.009742099966388196,0.015625,0.00029732499933743384,8.230805722523764,8.427786547909847,240,3.612343789427541e-05,314040320
n8_positive1_d1_none_T32_s9401100,8,positive,block,1,1,none,32,9401100,80,8,640,SnAp2,True,80,168,1344,704,0.01021569996373728,0.0078125,0.00031235937240126077,8.647000136461577,8.837492843320458,240,3.612343789427541e-05,314040320
n8_positive1_d1_none_T32_s9401100,8,positive,block,1,1,none,32,9401100,80,8,640,local_block,True,80,168,1344,704,0.010453850030899048,0.0078125,0.000320106251820107,8.861455898992249,9.043513920843221,240,3.612343789427541e-05,314040320
n8_positive1_d1_none_T32_s9401100,8,positive,block,1,1,none,32,9401100,80,8,640,shared_exact,True,17,17,136,0,0.001720000000204891,0.0078125,1.528593202237971e-05,0.4231582848542253,1.4879536151491484,,3.612343789427541e-05,314040320
n8_positive1_d1_none_T32_s9401101,8,positive,block,1,1,none,32,9401101,80,8,640,BPTT,True,2249,2249,17992,0,0.004139049968216568,0.0,7.640781223017257e-05,1.7990875310761356,3.0455463956222597,,4.247031392878853e-05,314040320
n8_positive1_d1_none_T32_s9401101,8,positive,block,1,1,none,32,9401101,80,8,640,RTRL,True,640,640,5120,0,0.004966999986208975,0.0078125,0.00015386562517960556,3.6228982304580435,3.6547587057936806,10880,4.247031392878853e-05,314040320
n8_positive1_d1_none_T32_s9401101,8,positive,block,1,1,none,32,9401101,80,8,640,packed_exact,True,80,168,1344,704,0.009387300000526011,0.0078125,0.0002866671893571038,6.7498250622250815,6.90725115685072,240,4.247031392878853e-05,314040320
n8_positive1_d1_none_T32_s9401101,8,positive,block,1,1,none,32,9401101,80,8,640,SnAp1,True,80,168,1344,704,0.009229700022842735,0.015625,0.00028210937489348,6.642507408033355,6.791287820416234,240,4.247031392878853e-05,314040320
n8_positive1_d1_none_T32_s9401101,8,positive,block,1,1,none,32,9401101,80,8,640,SnAp2,True,80,168,1344,704,0.00930095004150644,0.0078125,0.00028440468668122776,6.696552494481184,6.843714159599272,240,4.247031392878853e-05,314040320
n8_positive1_d1_none_T32_s9401101,8,positive,block,1,1,none,32,9401101,80,8,640,local_block,True,80,168,1344,704,0.009400300041306764,0.0078125,0.00028755156017723493,6.770648332371236,6.916816691851938,240,4.247031392878853e-05,314040320
n8_positive1_d1_none_T32_s9401101,8,positive,block,1,1,none,32,9401101,80,8,640,shared_exact,True,17,17,136,0,0.0016196999931707978,0.0,1.4328104953165166e-05,0.337367531052151,1.1917883364708919,,4.247031392878853e-05,314040320
n8_positive1_d1_none_T32_s9401102,8,positive,block,1,1,none,32,9401102,80,8,640,BPTT,True,2249,2249,17992,0,0.004095749987754971,0.0078125,7.835625001462176e-05,2.3157699506448512,3.7827290201910557,,3.3835938666015863e-05,314040320
n8_positive1_d1_none_T32_s9401102,8,positive,block,1,1,none,32,9401102,80,8,640,RTRL,True,640,640,5120,0,0.005064750032033771,0.0078125,0.0001561328081152169,4.614407469417527,4.677672461323557,10880,3.3835938666015863e-05,314040320
n8_positive1_d1_none_T32_s9401102,8,positive,block,1,1,none,32,9401102,80,8,640,packed_exact,True,80,168,1344,704,0.010477749980054796,0.0078125,0.00031978124934539665,9.450934773876348,9.676979560362431,240,3.3835938666015863e-05,314040320
n8_positive1_d1_none_T32_s9401102,8,positive,block,1,1,none,32,9401102,80,8,640,SnAp1,True,80,168,1344,704,0.010272849991451949,0.0078125,0.0003140062508464325,9.280258305995043,9.487739217215985,240,3.3835938666015863e-05,314040320
n8_positive1_d1_none_T32_s9401102,8,positive,block,1,1,none,32,9401102,80,8,640,SnAp2,True,80,168,1344,704,0.009854999952949584,0.0078125,0.00030105625046417117,8.897529146030342,9.10182370199743,240,3.3835938666015863e-05,314040320
n8_positive1_d1_none_T32_s9401102,8,positive,block,1,1,none,32,9401102,80,8,640,local_block,True,80,168,1344,704,0.009775049984455109,0.0,0.00029878749955969397,8.830477632346287,9.027983973769002,240,3.3835938666015863e-05,314040320
n8_positive1_d1_none_T32_s9401102,8,positive,block,1,1,none,32,9401102,80,8,640,shared_exact,True,17,17,136,0,0.0016715499805286527,0.0,1.474842065363191e-05,0.4358803460193326,1.543800436781886,,3.3835938666015863e-05,314040320
n8_positive1_d1_none_T32_s9401103,8,positive,block,1,1,none,32,9401103,80,8,640,BPTT,True,2249,2249,17992,0,0.00398914999095723,0.0078125,7.500312494812533e-05,2.0363990981121574,3.384651243463985,,3.683125032694079e-05,314040320
n8_positive1_d1_none_T32_s9401103,8,positive,block,1,1,none,32,9401103,80,8,640,RTRL,True,640,640,5120,0,0.005147149960976094,0.0078125,0.00015946875100780744,4.32971320800265,4.367172845143621,10880,3.683125032694079e-05,314040320
n8_positive1_d1_none_T32_s9401103,8,positive,block,1,1,none,32,9401103,80,8,640,packed_exact,True,80,168,1344,704,0.009415199980139732,0.0078125,0.0002875468744605314,7.807143985285799,7.988460798034629,240,3.683125032694079e-05,314040320
n8_positive1_d1_none_T32_s9401103,8,positive,block,1,1,none,32,9401103,80,8,640,SnAp1,True,80,168,1344,704,0.009300150035414845,0.0078125,0.000284507810647483,7.724630799171521,7.890845030425924,240,3.683125032694079e-05,314040320
n8_positive1_d1_none_T32_s9401103,8,positive,block,1,1,none,32,9401103,80,8,640,SnAp2,True,80,168,1344,704,0.009554699936416,0.0,0.000291825001113466,7.923298789017924,8.106821526897658,240,3.683125032694079e-05,314040320
n8_positive1_d1_none_T32_s9401103,8,positive,block,1,1,none,32,9401103,80,8,640,local_block,True,80,168,1344,704,0.009291599970310926,0.015625,0.00028407030913513154,7.712752258300172,7.883590605660929,240,3.683125032694079e-05,314040320
n8_positive1_d1_none_T32_s9401103,8,positive,block,1,1,none,32,9401103,80,8,640,shared_exact,True,17,17,136,0,0.0016056000022217631,0.0,1.4178118362906389e-05,0.3849480600590848,1.3622942372045626,,3.683125032694079e-05,314040320
n8_positive1_d1_none_T32_s9401104,8,positive,block,1,1,none,32,9401104,80,8,640,BPTT,True,2249,2249,17992,0,0.003997199994046241,0.0078125,7.532031122536864e-05,2.0461394354022455,3.393352837845203,,3.681093767227139e-05,314040320
n8_positive1_d1_none_T32_s9401104,8,positive,block,1,1,none,32,9401104,80,8,640,RTRL,True,640,640,5120,0,0.005216399964410812,0.0,0.00016163124928425532,4.390848468008666,4.428371272124112,10880,3.681093767227139e-05,314040320
n8_positive1_d1_none_T32_s9401104,8,positive,block,1,1,none,32,9401104,80,8,640,packed_exact,True,80,168,1344,704,0.009296950011048466,0.015625,0.00028393437423801515,7.713315448954039,7.892482675444373,240,3.681093767227139e-05,314040320
n8_positive1_d1_none_T32_s9401104,8,positive,block,1,1,none,32,9401104,80,8,640,SnAp1,True,80,168,1344,704,0.009317749994806945,0.0078125,0.0002849343818525085,7.740481494638516,7.910140456896164,240,3.681093767227139e-05,314040320
n8_positive1_d1_none_T32_s9401104,8,positive,block,1,1,none,32,9401104,80,8,640,SnAp2,True,80,168,1344,704,0.00926395005080849,0.0078125,0.000283165625660331,7.692431748991589,7.86446793790412,240,3.681093767227139e-05,314040320
n8_positive1_d1_none_T32_s9401104,8,positive,block,1,1,none,32,9401104,80,8,640,local_block,True,80,168,1344,704,0.009441050002351403,0.0078125,0.0002888453091145493,7.846725114316445,8.014813836044198,240,3.681093767227139e-05,314040320
n8_positive1_d1_none_T32_s9401104,8,positive,block,1,1,none,32,9401104,80,8,640,shared_exact,True,17,17,136,0,0.0016057000029832125,0.0078125,1.4148419722914696e-05,0.3843536898972364,1.363130859093087,,3.681093767227139e-05,314040320
n8_positive1_d1_none_T128_s9401100,8,positive,block,1,1,none,128,9401100,80,8,640,BPTT,True,9161,9161,73288,0,0.01567970000905916,0.015625,7.342421895373263e-05,2.0759859953948427,3.4634814317992944,,3.5368359476706246e-05,314040320
n8_positive1_d1_none_T128_s9401100,8,positive,block,1,1,none,128,9401100,80,8,640,RTRL,True,640,640,5120,0,0.019950899994000793,0.0234375,0.00015476913995371433,4.375920801631921,4.406944752577101,10880,3.5368359476706246e-05,314040320
n8_positive1_d1_none_T128_s9401100,8,positive,block,1,1,none,128,9401100,80,8,640,packed_exact,True,80,168,1344,704,0.0362288499600254,0.03125,0.00028060273461960605,7.9337220829937625,8.002573331090135,240,3.5368359476706246e-05,314040320
n8_positive1_d1_none_T128_s9401100,8,positive,block,1,1,none,128,9401100,80,8,640,SnAp1,True,80,168,1344,704,0.036076950025744736,0.0390625,0.00027954492270509945,7.903813658340838,7.9690202272955055,240,3.5368359476706246e-05,314040320
n8_positive1_d1_none_T128_s9401100,8,positive,block,1,1,none,128,9401100,80,8,640,SnAp2,True,80,168,1344,704,0.0362131999572739,0.0390625,0.00028032148384227185,7.925770038242593,7.9991164094713465,240,3.5368359476706246e-05,314040320
n8_positive1_d1_none_T128_s9401100,8,positive,block,1,1,none,128,9401100,80,8,640,local_block,True,80,168,1344,704,0.03686205000849441,0.03125,0.0002855742195606581,8.074285145985877,8.14244058679144,240,3.5368359476706246e-05,314040320
n8_positive1_d1_none_T128_s9401100,8,positive,block,1,1,none,128,9401100,80,8,640,shared_exact,True,17,17,136,0,0.006583000009413809,0.0,1.2862885796494083e-05,0.36368341610431876,1.4541157219185468,,3.5368359476706246e-05,314040320
n8_positive1_d1_none_T128_s9401101,8,positive,block,1,1,none,128,9401101,80,8,640,BPTT,True,9161,9161,73288,0,0.03639530000509694,0.03125,7.802070331308641e-05,2.2355752493909935,8.147319840928379,,3.4899609545391286e-05,314040320
n8_positive1_d1_none_T128_s9401101,8,positive,block,1,1,none,128,9401101,80,8,640,RTRL,True,640,640,5120,0,0.0205062500317581,0.0234375,0.00015903085886748158,4.556809114458492,4.590454748920429,10880,3.4899609545391286e-05,314040320
n8_positive1_d1_none_T128_s9401101,8,positive,block,1,1,none,128,9401101,80,8,640,packed_exact,True,80,168,1344,704,0.03814305004198104,0.0390625,0.0002953023463305726,8.461479947117894,8.538564824497548,240,3.4899609545391286e-05,314040320
n8_positive1_d1_none_T128_s9401101,8,positive,block,1,1,none,128,9401101,80,8,640,SnAp1,True,80,168,1344,704,0.03801010001916438,0.0390625,0.0002945191399703617,8.439038253058474,8.508803114645056,240,3.4899609545391286e-05,314040320
n8_positive1_d1_none_T128_s9401101,8,positive,block,1,1,none,128,9401101,80,8,640,SnAp2,True,80,168,1344,704,0.037456649995874614,0.0390625,0.0002901874977396801,8.31492104122985,8.384909799984111,240,3.4899609545391286e-05,314040320
n8_positive1_d1_none_T128_s9401101,8,positive,block,1,1,none,128,9401101,80,8,640,local_block,True,80,168,1344,704,0.03759969997918233,0.0390625,0.0002910843772951921,8.340619883342839,8.416932450356116,240,3.4899609545391286e-05,314040320
n8_positive1_d1_none_T128_s9401101,8,positive,block,1,1,none,128,9401101,80,8,640,shared_exact,True,17,17,136,0,0.006102799961809069,0.0078125,1.1862890914926538e-05,0.33991471736947004,1.3661506625058948,,3.4899609545391286e-05,314040320
n8_positive1_d1_none_T128_s9401102,8,positive,block,1,1,none,128,9401102,80,8,640,BPTT,True,9161,9161,73288,0,0.015744649979751557,0.015625,7.546835922767059e-05,2.10314384607041,3.4278918398222396,,3.588359368222882e-05,314040320
n8_positive1_d1_none_T128_s9401102,8,positive,block,1,1,none,128,9401102,80,8,640,RTRL,True,640,640,5120,0,0.019527000084053725,0.0234375,0.00015148085958571755,4.221451756676694,4.251377091927716,10880,3.588359368222882e-05,314040320
n8_positive1_d1_none_T128_s9401102,8,positive,block,1,1,none,128,9401102,80,8,640,packed_exact,True,80,168,1344,704,0.036889149982016534,0.03125,0.00028578398496392765,7.96419632589533,8.03142758739998,240,3.588359368222882e-05,314040320
n8_positive1_d1_none_T128_s9401102,8,positive,block,1,1,none,128,9401102,80,8,640,SnAp1,True,80,168,1344,704,0.03702679992420599,0.0390625,0.0002869457021006383,7.996570929927422,8.061396441213184,240,3.588359368222882e-05,314040320
n8_positive1_d1_none_T128_s9401102,8,positive,block,1,1,none,128,9401102,80,8,640,SnAp2,True,80,168,1344,704,0.0367077499977313,0.0390625,0.00028435625063139014,7.924408384219784,7.991933567102613,240,3.588359368222882e-05,314040320
n8_positive1_d1_none_T128_s9401102,8,positive,block,1,1,none,128,9401102,80,8,640,local_block,True,80,168,1344,704,0.03636364999692887,0.0390625,0.0002817968743329402,7.853083970028865,7.917016843875967,240,3.588359368222882e-05,314040320
n8_positive1_d1_none_T128_s9401102,8,positive,block,1,1,none,128,9401102,80,8,640,shared_exact,True,17,17,136,0,0.006243599986191839,0.0,1.2210547993163345e-05,0.340282194177518,1.3593433624314188,,3.588359368222882e-05,314040320
n8_positive1_d1_none_T128_s9401103,8,positive,block,1,1,none,128,9401103,80,8,640,BPTT,True,9161,9161,73288,0,0.016404549998696893,0.015625,7.448828137057717e-05,2.1270970840772154,3.6597693021493125,,3.501875016809208e-05,314040320
n8_positive1_d1_none_T128_s9401103,8,positive,block,1,1,none,128,9401103,80,8,640,RTRL,True,640,640,5120,0,0.02073779999045655,0.0234375,0.0001608773445695988,4.594034447185521,4.6264947106268695,10880,3.501875016809208e-05,314040320
n8_positive1_d1_none_T128_s9401103,8,positive,block,1,1,none,128,9401103,80,8,640,packed_exact,True,80,168,1344,704,0.037231149966828525,0.03125,0.00028827031201217324,8.231884651178543,8.306074823334997,240,3.501875016809208e-05,314040320
n8_positive1_d1_none_T128_s9401103,8,positive,block,1,1,none,128,9401103,80,8,640,SnAp1,True,80,168,1344,704,0.03669295000145212,0.0390625,0.0002843574211510713,8.120147629088383,8.186005226067236,240,3.501875016809208e-05,314040320
n8_positive1_d1_none_T128_s9401103,8,positive,block,1,1,none,128,9401103,80,8,640,SnAp2,True,80,168,1344,704,0.037303649995010346,0.0390625,0.0002890085934268427,8.252967111606905,8.322249200417323,240,3.501875016809208e-05,314040320
n8_positive1_d1_none_T128_s9401103,8,positive,block,1,1,none,128,9401103,80,8,640,local_block,True,80,168,1344,704,0.03631799994036555,0.03125,0.0002813124983731541,8.03319641685775,8.102355828582231,240,3.501875016809208e-05,314040320
n8_positive1_d1_none_T128_s9401103,8,positive,block,1,1,none,128,9401103,80,8,640,shared_exact,True,17,17,136,0,0.006202400021720678,0.0078125,1.1976173482253216e-05,0.34199317293640896,1.383723003736567,,3.501875016809208e-05,314040320
n8_positive1_d1_none_T128_s9401104,8,positive,block,1,1,none,128,9401104,80,8,640,BPTT,True,9161,9161,73288,0,0.016272149980068207,0.015625,7.576796861030743e-05,2.174116730916965,3.6478097795367894,,3.485000024738838e-05,314040320
n8_positive1_d1_none_T128_s9401104,8,positive,block,1,1,none,128,9401104,80,8,640,RTRL,True,640,640,5120,0,0.019929700007196516,0.0234375,0.00015462812552868854,4.436961963587826,4.467741182236887,10880,3.485000024738838e-05,314040320
n8_positive1_d1_none_T128_s9401104,8,positive,block,1,1,none,128,9401104,80,8,640,packed_exact,True,80,168,1344,704,0.03832085005706176,0.0390625,0.0002967433601952507,8.514873976722233,8.590577875052679,240,3.485000024738838e-05,314040320
n8_positive1_d1_none_T128_s9401104,8,positive,block,1,1,none,128,9401104,80,8,640,SnAp1,True,80,168,1344,704,0.03800844994839281,0.0390625,0.00029437656348818564,8.446960154906911,8.520545569983783,240,3.485000024738838e-05,314040320
n8_positive1_d1_none_T128_s9401104,8,positive,block,1,1,none,128,9401104,80,8,640,SnAp2,True,80,168,1344,704,0.036297650018241256,0.03125,0.0002812199209074606,8.069438132314932,8.137026937001547,240,3.485000024738838e-05,314040320
n8_positive1_d1_none_T128_s9401104,8,positive,block,1,1,none,128,9401104,80,8,640,local_block,True,80,168,1344,704,0.039102999959141016,0.0390625,0.00030290351605799515,8.691635980137315,8.765916356160785,240,3.485000024738838e-05,314040320
n8_positive1_d1_none_T128_s9401104,8,positive,block,1,1,none,128,9401104,80,8,640,shared_exact,True,17,17,136,0,0.0064044499304145575,0.0078125,1.2769534350809408e-05,0.3664141825010846,1.4357177826738547,,3.485000024738838e-05,314040320
n16_block1_d1_stack_nonlinear_T32_s9401100,16,block,block,1,1,stack_nonlinear,32,9401100,288,16,4608,BPTT,True,8977,8977,71816,0,0.005090849997941405,0.0078125,9.195468737743795e-05,1.3642179851592122,2.3602076893157644,,6.740468779753428e-05,293298176
n16_block1_d1_stack_nonlinear_T32_s9401100,16,block,block,1,1,stack_nonlinear,32,9401100,288,16,4608,RTRL,True,4608,4608,36864,0,0.008342249959241599,0.0078125,0.00025923749853973277,3.8459861919161042,3.867613956010882,152064,6.740468779753428e-05,293298176
n16_block1_d1_stack_nonlinear_T32_s9401100,16,block,block,1,1,stack_nonlinear,32,9401100,288,16,4608,packed_exact,True,288,592,4736,2432,0.017241150024347007,0.015625,0.0005217624966462608,7.740744949572296,7.993300701565644,864,6.740468779753428e-05,293298176
n16_block1_d1_stack_nonlinear_T32_s9401100,16,block,block,1,1,stack_nonlinear,32,9401100,288,16,4608,SnAp1,True,288,592,4736,2432,0.01736130000790581,0.0234375,0.0005261515616439283,7.805860079410906,8.049004349322173,864,6.740468779753428e-05,293298176
n16_block1_d1_stack_nonlinear_T32_s9401100,16,block,block,1,1,stack_nonlinear,32,9401100,288,16,4608,SnAp2,True,288,592,4736,2432,0.0174036500393413,0.015625,0.0005275375006021932,7.826421541878144,8.068638569516684,864,6.740468779753428e-05,293298176
n16_block1_d1_stack_nonlinear_T32_s9401100,16,block,block,1,1,stack_nonlinear,32,9401100,288,16,4608,local_block,True,288,592,4736,2432,0.017441049974877387,0.015625,0.0005290890640026191,7.849440169382012,8.0859778381001,864,6.740468779753428e-05,293298176
n16_block1_d1_stack_nonlinear_T32_s9401101,16,block,block,1,1,stack_nonlinear,32,9401101,288,16,4608,BPTT,True,8977,8977,71816,0,0.0055196500034071505,0.0078125,9.848749868979212e-05,2.021941266317386,3.5411880524140047,,4.870937664236408e-05,293543936
n16_block1_d1_stack_nonlinear_T32_s9401101,16,block,block,1,1,stack_nonlinear,32,9401101,288,16,4608,RTRL,True,4608,4608,36864,0,0.008432750008068979,0.0078125,0.0002620625018607825,5.380124319490029,5.410117228290722,152064,4.870937664236408e-05,293543936
n16_block1_d1_stack_nonlinear_T32_s9401101,16,block,block,1,1,stack_nonlinear,32,9401101,288,16,4608,packed_exact,True,288,592,4736,2432,0.01710379996802658,0.015625,0.0005177734383323696,10.629851458251792,10.97311823399449,864,4.870937664236408e-05,293543936
n16_block1_d1_stack_nonlinear_T32_s9401101,16,block,block,1,1,stack_nonlinear,32,9401101,288,16,4608,SnAp1,True,288,592,4736,2432,0.017884549975860864,0.015625,0.0005427156229416141,11.141912714801554,11.474016406515986,864,4.870937664236408e-05,293543936
n16_block1_d1_stack_nonlinear_T32_s9401101,16,block,block,1,1,stack_nonlinear,32,9401101,288,16,4608,SnAp2,True,288,592,4736,2432,0.017221599991898984,0.0234375,0.00052208125089237,10.71829054035357,11.048694047108283,864,4.870937664236408e-05,293543936
n16_block1_d1_stack_nonlinear_T32_s9401101,16,block,block,1,1,stack_nonlinear,32,9401101,288,16,4608,local_block,True,288,592,4736,2432,0.017387900035828352,0.015625,0.0005274031227600062,10.827548187124759,11.155385545358188,864,4.870937664236408e-05,293543936
n16_block1_d1_stack_nonlinear_T32_s9401102,16,block,block,1,1,stack_nonlinear,32,9401102,288,16,4608,BPTT,True,8977,8977,71816,0,0.005225300032179803,0.0,9.563437561155297e-05,1.8581621053081734,3.1727132786240095,,5.146718649484683e-05,293785600
n16_block1_d1_stack_nonlinear_T32_s9401102,16,block,block,1,1,stack_nonlinear,32,9401102,288,16,4608,RTRL,True,4608,4608,36864,0,0.00818859995342791,0.0078125,0.0002544859416957479,4.944625090808653,4.971978574547565,152064,5.146718649484683e-05,293785600
n16_block1_d1_stack_nonlinear_T32_s9401102,16,block,block,1,1,stack_nonlinear,32,9401102,288,16,4608,packed_exact,True,288,592,4736,2432,0.01724955003010109,0.015625,0.000522212496434804,10.146513380658389,10.47363330215518,864,5.146718649484683e-05,293785600
n16_block1_d1_stack_nonlinear_T32_s9401102,16,block,block,1,1,stack_nonlinear,32,9401102,288,16,4608,SnAp1,True,288,592,4736,2432,0.01760645001195371,0.015625,0.0005341093765309779,10.377668042616936,10.690336898999572,864,5.146718649484683e-05,293785600
n16_block1_d1_stack_nonlinear_T32_s9401102,16,block,block,1,1,stack_nonlinear,32,9401102,288,16,4608,SnAp2,True,288,592,4736,2432,0.017867199960164726,0.015625,0.0005410874964582035,10.513251904927426,10.848659831270409,864,5.146718649484683e-05,293785600
n16_block1_d1_stack_nonlinear_T32_s9401102,16,block,block,1,1,stack_nonlinear,32,9401102,288,16,4608,local_block,True,288,592,4736,2432,0.017983949976041913,0.015625,0.0005446640625450527,10.582744067418323,10.919548454578532,864,5.146718649484683e-05,293785600
n16_block1_d1_stack_nonlinear_T32_s9401103,16,block,block,1,1,stack_nonlinear,32,9401103,288,16,4608,BPTT,True,8977,8977,71816,0,0.0054552999790757895,0.0,9.522968684905209e-05,1.5405439563477556,2.7578484487427266,,6.181562457641121e-05,293875712
n16_block1_d1_stack_nonlinear_T32_s9401103,16,block,block,1,1,stack_nonlinear,32,9401103,288,16,4608,RTRL,True,4608,4608,36864,0,0.009334550006315112,0.015625,0.00028991249564569443,4.689954969027762,4.718947510378493,152064,6.181562457641121e-05,293875712
n16_block1_d1_stack_nonlinear_T32_s9401103,16,block,block,1,1,stack_nonlinear,32,9401103,288,16,4608,packed_exact,True,288,592,4736,2432,0.01852974999928847,0.015625,0.0005596499959210632,9.053536217680234,9.367448625581492,864,6.181562457641121e-05,293875712
n16_block1_d1_stack_nonlinear_T32_s9401103,16,block,block,1,1,stack_nonlinear,32,9401103,288,16,4608,SnAp1,True,288,592,4736,2432,0.017867100017610937,0.0234375,0.0005413406233856222,8.757342938700926,9.03245545727943,864,6.181562457641121e-05,293875712
n16_block1_d1_stack_nonlinear_T32_s9401103,16,block,block,1,1,stack_nonlinear,32,9401103,288,16,4608,SnAp2,True,288,592,4736,2432,0.01779399998486042,0.015625,0.0005394562522269553,8.72685920305028,8.99550078701431,864,6.181562457641121e-05,293875712
n16_block1_d1_stack_nonlinear_T32_s9401103,16,block,block,1,1,stack_nonlinear,32,9401103,288,16,4608,local_block,True,288,592,4736,2432,0.01756795000983402,0.015625,0.0005304750047798734,8.58156830760717,8.88122447308913,864,6.181562457641121e-05,293875712
n16_block1_d1_stack_nonlinear_T32_s9401104,16,block,block,1,1,stack_nonlinear,32,9401104,288,16,4608,BPTT,True,8977,8977,71816,0,0.0057828500284813344,0.0078125,0.0001031468746077735,1.9994547351355823,3.5030590226296554,,5.1587501729954965e-05,294064128
n16_block1_d1_stack_nonlinear_T32_s9401104,16,block,block,1,1,stack_nonlinear,32,9401104,288,16,4608,RTRL,True,4608,4608,36864,0,0.009217149985488504,0.0078125,0.00028637968716793694,5.55133855225338,5.58344419457056,152064,5.1587501729954965e-05,294064128
n16_block1_d1_stack_nonlinear_T32_s9401104,16,block,block,1,1,stack_nonlinear,32,9401104,288,16,4608,packed_exact,True,288,592,4736,2432,0.019302700005937368,0.0234375,0.0005843390590598574,11.32714396829481,11.692936369416804,864,5.1587501729954965e-05,294064128
n16_block1_d1_stack_nonlinear_T32_s9401104,16,block,block,1,1,stack_nonlinear,32,9401104,288,16,4608,SnAp1,True,288,592,4736,2432,0.01868719997582957,0.015625,0.000566782809983124,10.98682415268065,11.32008683617996,864,5.1587501729954965e-05,294064128
n16_block1_d1_stack_nonlinear_T32_s9401104,16,block,block,1,1,stack_nonlinear,32,9401104,288,16,4608,SnAp2,True,288,592,4736,2432,0.02002915000775829,0.0234375,0.0006076125009712996,11.778288938122417,12.132995720919029,864,5.1587501729954965e-05,294064128
n16_block1_d1_stack_nonlinear_T32_s9401104,16,block,block,1,1,stack_nonlinear,32,9401104,288,16,4608,local_block,True,288,592,4736,2432,0.019943600054830313,0.015625,0.0006048703162377933,11.725132947978508,12.081172392799866,864,5.1587501729954965e-05,294064128
n16_block1_d1_stack_nonlinear_T128_s9401100,16,block,block,1,1,stack_nonlinear,128,9401100,288,16,4608,BPTT,True,36625,36625,293000,0,0.020509299996774644,0.0234375,9.344492173113395e-05,1.7150774376813913,2.940823073523596,,5.448437468658085e-05,296017920
n16_block1_d1_stack_nonlinear_T128_s9401100,16,block,block,1,1,stack_nonlinear,128,9401100,288,16,4608,RTRL,True,4608,4608,36864,0,0.032319449936039746,0.03125,0.00025123828072537435,4.611198755067161,4.634277333231441,152064,5.448437468658085e-05,296017920
n16_block1_d1_stack_nonlinear_T128_s9401100,16,block,block,1,1,stack_nonlinear,128,9401100,288,16,4608,packed_exact,True,288,592,4736,2432,0.06534140004077926,0.0703125,0.0005053238287473505,9.274655929414722,9.369285978871954,864,5.448437468658085e-05,296017920
n16_block1_d1_stack_nonlinear_T128_s9401100,16,block,block,1,1,stack_nonlinear,128,9401100,288,16,4608,SnAp1,True,288,592,4736,2432,0.06701760005671531,0.0625,0.0005184332017051929,9.515263865786453,9.609635853488863,864,5.448437468658085e-05,296017920
n16_block1_d1_stack_nonlinear_T128_s9401100,16,block,block,1,1,stack_nonlinear,128,9401100,288,16,4608,SnAp2,True,288,592,4736,2432,0.06563465000363067,0.0703125,0.0005078867193333281,9.321694930976555,9.411335013075899,864,5.448437468658085e-05,296017920
n16_block1_d1_stack_nonlinear_T128_s9401100,16,block,block,1,1,stack_nonlinear,128,9401100,288,16,4608,local_block,True,288,592,4736,2432,0.06633840000722557,0.0703125,0.0005134023440405144,9.422928077890965,9.512245538978279,864,5.448437468658085e-05,296017920
n16_block1_d1_stack_nonlinear_T128_s9401101,16,block,block,1,1,stack_nonlinear,128,9401101,288,16,4608,BPTT,True,36625,36625,293000,0,0.022427249990869313,0.0234375,9.964921900973422e-05,1.8406690265733816,3.236442231092865,,5.413749977378757e-05,296529920
n16_block1_d1_stack_nonlinear_T128_s9401101,16,block,block,1,1,stack_nonlinear,128,9401101,288,16,4608,RTRL,True,4608,4608,36864,0,0.03316009999252856,0.03125,0.00025775546782824676,4.761126186197602,4.785283440759547,152064,5.413749977378757e-05,296529920
n16_block1_d1_stack_nonlinear_T128_s9401101,16,block,block,1,1,stack_nonlinear,128,9401101,288,16,4608,packed_exact,True,288,592,4736,2432,0.07257850002497435,0.078125,0.0005615085938188713,10.371897412424353,10.47369261259555,864,5.413749977378757e-05,296529920
n16_block1_d1_stack_nonlinear_T128_s9401101,16,block,block,1,1,stack_nonlinear,128,9401101,288,16,4608,SnAp1,True,288,592,4736,2432,0.06622500001685694,0.0625,0.0005124121080370969,9.46501242536505,9.556828719345525,864,5.413749977378757e-05,296529920
n16_block1_d1_stack_nonlinear_T128_s9401101,16,block,block,1,1,stack_nonlinear,128,9401101,288,16,4608,SnAp2,True,288,592,4736,2432,0.0657546499860473,0.0703125,0.0005089289056741109,9.400672506130867,9.488953223967005,864,5.413749977378757e-05,296529920
n16_block1_d1_stack_nonlinear_T128_s9401101,16,block,block,1,1,stack_nonlinear,128,9401101,288,16,4608,local_block,True,288,592,4736,2432,0.06587940006284043,0.0625,0.0005093132808724476,9.407772486734753,9.506955717229877,864,5.413749977378757e-05,296529920
n16_block1_d1_stack_nonlinear_T128_s9401102,16,block,block,1,1,stack_nonlinear,128,9401102,288,16,4608,BPTT,True,36625,36625,293000,0,0.020866600039880723,0.0234375,9.546406226945692e-05,1.8696819663901714,3.19278408830703,,5.1058984354313e-05,296529920
n16_block1_d1_stack_nonlinear_T128_s9401102,16,block,block,1,1,stack_nonlinear,128,9401102,288,16,4608,RTRL,True,4608,4608,36864,0,0.03212009998969734,0.03125,0.0002497894524822186,4.892174328201628,4.914674358349501,152064,5.1058984354313e-05,296529920
n16_block1_d1_stack_nonlinear_T128_s9401102,16,block,block,1,1,stack_nonlinear,128,9401102,288,16,4608,packed_exact,True,288,592,4736,2432,0.06588979996740818,0.0703125,0.0005097968751215376,9.984469561398054,10.081752873760284,864,5.1058984354313e-05,296529920
n16_block1_d1_stack_nonlinear_T128_s9401102,16,block,block,1,1,stack_nonlinear,128,9401102,288,16,4608,SnAp1,True,288,592,4736,2432,0.06910510000307113,0.0703125,0.0005348460922505183,10.475063282478695,10.57372371584177,864,5.1058984354313e-05,296529920
n16_block1_d1_stack_nonlinear_T128_s9401102,16,block,block,1,1,stack_nonlinear,128,9401102,288,16,4608,SnAp2,True,288,592,4736,2432,0.06712015002267435,0.0625,0.0005195457024456118,10.175402214041991,10.27000788760987,864,5.1058984354313e-05,296529920
n16_block1_d1_stack_nonlinear_T128_s9401102,16,block,block,1,1,stack_nonlinear,128,9401102,288,16,4608,local_block,True,288,592,4736,2432,0.075201699975878,0.078125,0.0005814632813780918,11.388069871173908,11.50656027516378,864,5.1058984354313e-05,296529920
n16_block1_d1_stack_nonlinear_T128_s9401103,16,block,block,1,1,stack_nonlinear,128,9401103,288,16,4608,BPTT,True,36625,36625,293000,0,0.02075139997759834,0.0234375,9.45164060794923e-05,1.8326566966862503,3.1434846962057685,,5.15734377586341e-05,296529920
n16_block1_d1_stack_nonlinear_T128_s9401103,16,block,block,1,1,stack_nonlinear,128,9401103,288,16,4608,RTRL,True,4608,4608,36864,0,0.03241824998985976,0.03125,0.00025210507919837255,4.888273695816733,4.910814346545648,152064,5.15734377586341e-05,296529920
n16_block1_d1_stack_nonlinear_T128_s9401103,16,block,block,1,1,stack_nonlinear,128,9401103,288,16,4608,packed_exact,True,288,592,4736,2432,0.06471949996193871,0.0625,0.0005006316400795185,9.70716054303954,9.803905177292515,864,5.15734377586341e-05,296529920
n16_block1_d1_stack_nonlinear_T128_s9401103,16,block,block,1,1,stack_nonlinear,128,9401103,288,16,4608,SnAp1,True,288,592,4736,2432,0.06580540002323687,0.0703125,0.0005093851564197394,9.876889704418847,9.968400595817755,864,5.15734377586341e-05,296529920
n16_block1_d1_stack_nonlinear_T128_s9401103,16,block,block,1,1,stack_nonlinear,128,9401103,288,16,4608,SnAp2,True,288,592,4736,2432,0.06560599996009842,0.0625,0.0005077851587884652,9.845866028262872,9.938194872465361,864,5.15734377586341e-05,296529920
n16_block1_d1_stack_nonlinear_T128_s9401103,16,block,block,1,1,stack_nonlinear,128,9401103,288,16,4608,local_block,True,288,592,4736,2432,0.06571190006798133,0.0703125,0.0005084164081381459,9.858105843507204,9.954236940413349,864,5.15734377586341e-05,296529920
n16_block1_d1_stack_nonlinear_T128_s9401104,16,block,block,1,1,stack_nonlinear,128,9401104,288,16,4608,BPTT,True,36625,36625,293000,0,0.020194050041027367,0.015625,9.215585896527045e-05,1.8527718600342111,3.1718486279178046,,4.973945306119276e-05,296583168
n16_block1_d1_stack_nonlinear_T128_s9401104,16,block,block,1,1,stack_nonlinear,128,9401104,288,16,4608,RTRL,True,4608,4608,36864,0,0.0319039499736391,0.0390625,0.0002481417968738242,4.988832437874694,5.011104743399814,152064,4.973945306119276e-05,296583168
n16_block1_d1_stack_nonlinear_T128_s9401104,16,block,block,1,1,stack_nonlinear,128,9401104,288,16,4608,packed_exact,True,288,592,4736,2432,0.06617785000707954,0.0546875,0.0005112136718707916,10.27783058333719,10.394453926629302,864,4.973945306119276e-05,296583168
n16_block1_d1_stack_nonlinear_T128_s9401104,16,block,block,1,1,stack_nonlinear,128,9401104,288,16,4608,SnAp1,True,288,592,4736,2432,0.06941599998390302,0.0703125,0.000537208986315818,10.800460263503663,10.90306520272858,864,4.973945306119276e-05,296583168
n16_block1_d1_stack_nonlinear_T128_s9401104,16,block,block,1,1,stack_nonlinear,128,9401104,288,16,4608,SnAp2,True,288,592,4736,2432,0.06751954997889698,0.0625,0.0005225750014687947,10.506247441560895,10.605192694040515,864,4.973945306119276e-05,296583168
n16_block1_d1_stack_nonlinear_T128_s9401104,16,block,block,1,1,stack_nonlinear,128,9401104,288,16,4608,local_block,True,288,592,4736,2432,0.06739455001661554,0.0625,0.0005214218740547949,10.483064086235673,10.58555914068957,864,4.973945306119276e-05,296583168
n16_block1_d3_stack_nonlinear_T32_s9401100,16,block,block,1,3,stack_nonlinear,32,9401100,864,48,41472,BPTT,True,27921,27921,223368,0,0.016055449959822,0.0234375,0.0002937562494480517,1.760864687762466,3.0075397261237073,,0.00016682499881426338,303624192
n16_block1_d3_stack_nonlinear_T32_s9401100,16,block,block,1,3,stack_nonlinear,32,9401100,864,48,41472,RTRL,True,41472,41472,331776,0,0.029758250049781054,0.03125,0.0009270874961657682,5.557245633179667,5.574376266539188,4022784,0.00016682499881426338,303624192
n16_block1_d3_stack_nonlinear_T32_s9401100,16,block,block,1,3,stack_nonlinear,32,9401100,864,48,41472,packed_exact,True,14688,16368,130944,13440,0.06071069999597967,0.046875,0.0018320953113288851,10.982138914136426,11.372452500279323,808992,0.00016682499881426338,303624192
n16_block1_d3_stack_nonlinear_T32_s9401100,16,block,block,1,3,stack_nonlinear,32,9401100,864,48,41472,SnAp1,True,14688,16368,130944,13440,0.0601236000075005,0.046875,0.0018169203103752807,10.891175323179056,11.262475729589212,808992,0.00016682499881426338,303624192
n16_block1_d3_stack_nonlinear_T32_s9401100,16,block,block,1,3,stack_nonlinear,32,9401100,864,48,41472,SnAp2,True,14688,16368,130944,13440,0.060452650010120124,0.046875,0.0018292374970769743,10.965008302584062,11.324114049115364,808992,0.00016682499881426338,303624192
n16_block1_d3_stack_nonlinear_T32_s9401100,16,block,block,1,3,stack_nonlinear,32,9401100,864,48,41472,local_block,False,864,1776,14208,7296,0.054466200002934784,0.0546875,0.0016567359380132984,9.930981266529756,10.202719989147015,2592,0.00016682499881426338,303624192
n16_block1_d3_stack_nonlinear_T32_s9401101,16,block,block,1,3,stack_nonlinear,32,9401101,864,48,41472,BPTT,True,27921,27921,223368,0,0.016551150009036064,0.015625,0.00030720781069248915,2.0385177574736515,3.4321040214578176,,0.00015070156223373488,304439296
n16_block1_d3_stack_nonlinear_T32_s9401101,16,block,block,1,3,stack_nonlinear,32,9401101,864,48,41472,RTRL,True,41472,41472,331776,0,0.02952530002221465,0.03125,0.0009196937480737688,6.1027486008893765,6.1224688849819175,4022784,0.00015070156223373488,304439296
n16_block1_d3_stack_nonlinear_T32_s9401101,16,block,block,1,3,stack_nonlinear,32,9401101,864,48,41472,packed_exact,True,14688,16368,130944,13440,0.06691235007019714,0.0703125,0.002025487498030998,13.440388195110481,13.875177594048743,808992,0.00015070156223373488,304439296
n16_block1_d3_stack_nonlinear_T32_s9401101,16,block,block,1,3,stack_nonlinear,32,9401101,864,48,41472,SnAp1,True,14688,16368,130944,13440,0.0639118499821052,0.0625,0.001935062504344387,12.840361278691635,13.25298346173149,808992,0.00015070156223373488,304439296
n16_block1_d3_stack_nonlinear_T32_s9401101,16,block,block,1,3,stack_nonlinear,32,9401101,864,48,41472,SnAp2,True,14688,16368,130944,13440,0.06138835003366694,0.0625,0.0018568515606602887,12.321382294500385,12.729701737110837,808992,0.00015070156223373488,304439296
n16_block1_d3_stack_nonlinear_T32_s9401101,16,block,block,1,3,stack_nonlinear,32,9401101,864,48,41472,local_block,False,864,1776,14208,7296,0.05688844999531284,0.0625,0.0017323046868114034,11.494935162812952,11.796586817038117,2592,0.00015070156223373488,304439296
n16_block1_d3_stack_nonlinear_T32_s9401102,16,block,block,1,3,stack_nonlinear,32,9401102,864,48,41472,BPTT,True,27921,27921,223368,0,0.01603509997949004,0.015625,0.0002952828108391259,1.8083613813894763,3.0688011718352146,,0.00016328750098182354,304517120
n16_block1_d3_stack_nonlinear_T32_s9401102,16,block,block,1,3,stack_nonlinear,32,9401102,864,48,41472,RTRL,True,41472,41472,331776,0,0.029236849979497492,0.03125,0.0009107453097385587,5.5775567894810205,5.595355164146951,4022784,0.00016328750098182354,304517120
n16_block1_d3_stack_nonlinear_T32_s9401102,16,block,block,1,3,stack_nonlinear,32,9401102,864,48,41472,packed_exact,True,14688,16368,130944,13440,0.06047934992238879,0.0625,0.0018246328127133893,11.174356896530002,11.574552085802539,808992,0.00016328750098182354,304517120
n16_block1_d3_stack_nonlinear_T32_s9401102,16,block,block,1,3,stack_nonlinear,32,9401102,864,48,41472,SnAp1,True,14688,16368,130944,13440,0.06111665000207722,0.0625,0.0018423328110657167,11.282754650466464,11.696518723607108,808992,0.00016328750098182354,304517120
n16_block1_d3_stack_nonlinear_T32_s9401102,16,block,block,1,3,stack_nonlinear,32,9401102,864,48,41472,SnAp2,True,14688,16368,130944,13440,0.05961559992283583,0.0625,0.0017995499965763884,11.020745530159754,11.40924740954912,808992,0.00016328750098182354,304517120
n16_block1_d3_stack_nonlinear_T32_s9401102,16,block,block,1,3,stack_nonlinear,32,9401102,864,48,41472,local_block,False,864,1776,14208,7296,0.0539128000382334,0.0546875,0.0016337609431502642,10.005425604082994,10.317844238318862,2592,0.00016328750098182354,304517120
n16_block1_d3_stack_nonlinear_T32_s9401103,16,block,block,1,3,stack_nonlinear,32,9401103,864,48,41472,BPTT,True,27921,27921,223368,0,0.016447799920570105,0.015625,0.0002932937495643273,1.7910897873155676,3.138863181676163,,0.00016375156155845616,304611328
n16_block1_d3_stack_nonlinear_T32_s9401103,16,block,block,1,3,stack_nonlinear,32,9401103,864,48,41472,RTRL,True,41472,41472,331776,0,0.029462700011208653,0.03125,0.0009170750054181553,5.600404641581248,5.622599055469739,4022784,0.00016375156155845616,304611328
n16_block1_d3_stack_nonlinear_T32_s9401103,16,block,block,1,3,stack_nonlinear,32,9401103,864,48,41472,packed_exact,True,14688,16368,130944,13440,0.059762499993667006,0.0625,0.0018055390610243194,11.026087591719097,11.40494849043259,808992,0.00016375156155845616,304611328
n16_block1_d3_stack_nonlinear_T32_s9401103,16,block,block,1,3,stack_nonlinear,32,9401103,864,48,41472,SnAp1,True,14688,16368,130944,13440,0.06216864992165938,0.0625,0.0018826234372681938,11.496827385039216,11.864133029096788,808992,0.00016375156155845616,304611328
n16_block1_d3_stack_nonlinear_T32_s9401103,16,block,block,1,3,stack_nonlinear,32,9401103,864,48,41472,SnAp2,True,14688,16368,130944,13440,0.06014560000039637,0.0625,0.0018096234343829565,11.05103009192957,11.478058481545675,808992,0.00016375156155845616,304611328
n16_block1_d3_stack_nonlinear_T32_s9401103,16,block,block,1,3,stack_nonlinear,32,9401103,864,48,41472,local_block,False,864,1776,14208,7296,0.05677334999199957,0.0546875,0.0017235953146155225,10.525672538397334,10.83450545671067,2592,0.00016375156155845616,304611328
n16_block1_d3_stack_nonlinear_T32_s9401104,16,block,block,1,3,stack_nonlinear,32,9401104,864,48,41472,BPTT,True,27921,27921,223368,0,0.015965000027790666,0.015625,0.0002888250019168481,1.804328101823674,3.116733532911439,,0.0001600734376552282,304623616
n16_block1_d3_stack_nonlinear_T32_s9401104,16,block,block,1,3,stack_nonlinear,32,9401104,864,48,41472,RTRL,True,41472,41472,331776,0,0.029241500014904886,0.03125,0.0009109234360948903,5.690659546256946,5.708610303190625,4022784,0.0001600734376552282,304623616
n16_block1_d3_stack_nonlinear_T32_s9401104,16,block,block,1,3,stack_nonlinear,32,9401104,864,48,41472,packed_exact,True,14688,16368,130944,13440,0.059796150017064065,0.046875,0.0018079578112519812,11.294552286345123,11.673577549186971,808992,0.0001600734376552282,304623616
n16_block1_d3_stack_nonlinear_T32_s9401104,16,block,block,1,3,stack_nonlinear,32,9401104,864,48,41472,SnAp1,True,14688,16368,130944,13440,0.060502750042360276,0.0625,0.0018309578081243671,11.438236317932702,11.811522052122342,808992,0.0001600734376552282,304623616
n16_block1_d3_stack_nonlinear_T32_s9401104,16,block,block,1,3,stack_nonlinear,32,9401104,864,48,41472,SnAp2,True,14688,16368,130944,13440,0.06604950001928955,0.0625,0.001999862499360461,12.49340633058581,12.894374643520903,808992,0.0001600734376552282,304623616
n16_block1_d3_stack_nonlinear_T32_s9401104,16,block,block,1,3,stack_nonlinear,32,9401104,864,48,41472,local_block,False,864,1776,14208,7296,0.053803800023160875,0.0546875,0.0016344765608664602,10.210791901569912,10.503733632216786,2592,0.0001600734376552282,304623616
n16_block1_d3_stack_nonlinear_T128_s9401100,16,block,block,1,3,stack_nonlinear,128,9401100,864,48,41472,BPTT,True,113937,113937,911496,0,0.06701990001602098,0.0625,0.00031261015647032764,2.1015864044400576,3.5199619784359,,0.00014874960925226333,311984128
n16_block1_d3_stack_nonlinear_T128_s9401100,16,block,block,1,3,stack_nonlinear,128,9401100,864,48,41472,RTRL,True,41472,41472,331776,0,0.11576384998625144,0.1171875,0.0009027679684550094,6.06904430198544,6.080050109468293,4022784,0.00014874960925226333,311984128
n16_block1_d3_stack_nonlinear_T128_s9401100,16,block,block,1,3,stack_nonlinear,128,9401100,864,48,41472,packed_exact,True,14688,16368,130944,13440,0.23273200006224215,0.234375,0.0018009949235420208,12.107560702816553,12.223351440223036,808992,0.00014874960925226333,311984128
n16_block1_d3_stack_nonlinear_T128_s9401100,16,block,block,1,3,stack_nonlinear,128,9401100,864,48,41472,SnAp1,True,14688,16368,130944,13440,0.23253135004779324,0.2265625,0.0017998535167862428,12.099887359931715,12.212813071445048,808992,0.00014874960925226333,311984128
n16_block1_d3_stack_nonlinear_T128_s9401100,16,block,block,1,3,stack_nonlinear,128,9401100,864,48,41472,SnAp2,True,14688,16368,130944,13440,0.22946055000647902,0.21875,0.0017764054678082175,11.942253003136466,12.051531133002563,808992,0.00014874960925226333,311984128
n16_block1_d3_stack_nonlinear_T128_s9401100,16,block,block,1,3,stack_nonlinear,128,9401100,864,48,41472,local_block,False,864,1776,14208,7296,0.21422094997251406,0.2109375,0.0016608281252956658,11.165260424174157,11.25112986900032,2592,0.00014874960925226333,311984128
n16_block1_d3_stack_nonlinear_T128_s9401101,16,block,block,1,3,stack_nonlinear,128,9401101,864,48,41472,BPTT,True,113937,113937,911496,0,0.06479725003009662,0.0703125,0.00030064531210882706,2.0122883458336283,3.3883040971058085,,0.00014940468781787786,312246272
n16_block1_d3_stack_nonlinear_T128_s9401101,16,block,block,1,3,stack_nonlinear,128,9401101,864,48,41472,RTRL,True,41472,41472,331776,0,0.11458524997578934,0.109375,0.0008935914065659745,5.98101317714508,5.991761560568211,4022784,0.00014940468781787786,312246272
n16_block1_d3_stack_nonlinear_T128_s9401101,16,block,block,1,3,stack_nonlinear,128,9401101,864,48,41472,packed_exact,True,14688,16368,130944,13440,0.23267240001587197,0.234375,0.0018010578141911537,12.054894933327775,12.166640496179172,808992,0.00014940468781787786,312246272
n16_block1_d3_stack_nonlinear_T128_s9401101,16,block,block,1,3,stack_nonlinear,128,9401101,864,48,41472,SnAp1,True,14688,16368,130944,13440,0.23602410004241392,0.2421875,0.0018279246100973978,12.234720588724842,12.341903781687845,808992,0.00014940468781787786,312246272
n16_block1_d3_stack_nonlinear_T128_s9401101,16,block,block,1,3,stack_nonlinear,128,9401101,864,48,41472,SnAp2,True,14688,16368,130944,13440,0.2375550500000827,0.234375,0.0018399394543848757,12.315138709889313,12.421958475546361,808992,0.00014940468781787786,312246272
n16_block1_d3_stack_nonlinear_T128_s9401101,16,block,block,1,3,stack_nonlinear,128,9401101,864,48,41472,local_block,False,864,1776,14208,7296,0.20632459997432306,0.1953125,0.0015991312488949916,10.703353905764384,10.788891304831713,2592,0.00014940468781787786,312246272
n16_block1_d3_stack_nonlinear_T128_s9401102,16,block,block,1,3,stack_nonlinear,128,9401102,864,48,41472,BPTT,True,113937,113937,911496,0,0.06674919999204576,0.0703125,0.0003104515621998871,2.090313484282485,3.5111846388909753,,0.00014851914056634996,312418304
n16_block1_d3_stack_nonlinear_T128_s9401102,16,block,block,1,3,stack_nonlinear,128,9401102,864,48,41472,RTRL,True,41472,41472,331776,0,0.11509634996764362,0.109375,0.0008974121092251153,6.042400365387263,6.054372727268162,4022784,0.00014851914056634996,312418304
n16_block1_d3_stack_nonlinear_T128_s9401102,16,block,block,1,3,stack_nonlinear,128,9401102,864,48,41472,packed_exact,True,14688,16368,130944,13440,0.23283125000307336,0.2265625,0.0018027703117695637,12.138302880659262,12.247540173694897,808992,0.00014851914056634996,312418304
n16_block1_d3_stack_nonlinear_T128_s9401102,16,block,block,1,3,stack_nonlinear,128,9401102,864,48,41472,SnAp1,True,14688,16368,130944,13440,0.23231764999218285,0.234375,0.0017986214843404014,12.110368249383175,12.220523453359853,808992,0.00014851914056634996,312418304
n16_block1_d3_stack_nonlinear_T128_s9401102,16,block,block,1,3,stack_nonlinear,128,9401102,864,48,41472,SnAp2,True,14688,16368,130944,13440,0.23141434998251498,0.2109375,0.0017918523435582756,12.064790684388436,12.17300748135369,808992,0.00014851914056634996,312418304
n16_block1_d3_stack_nonlinear_T128_s9401102,16,block,block,1,3,stack_nonlinear,128,9401102,864,48,41472,local_block,False,864,1776,14208,7296,0.20602679997682571,0.203125,0.0015973101549207058,10.75491110997318,10.837555137210611,2592,0.00014851914056634996,312418304
n16_block1_d3_stack_nonlinear_T128_s9401103,16,block,block,1,3,stack_nonlinear,128,9401103,864,48,41472,BPTT,True,113937,113937,911496,0,0.06415210000704974,0.0625,0.00029698007801925996,1.7906588981652174,3.021944305357964,,0.00016584960894761025,312512512
n16_block1_d3_stack_nonlinear_T128_s9401103,16,block,block,1,3,stack_nonlinear,128,9401103,864,48,41472,RTRL,True,41472,41472,331776,0,0.11344679998001084,0.1171875,0.0008846039081618073,5.333771443749634,5.344016970964377,4022784,0.00016584960894761025,312512512
n16_block1_d3_stack_nonlinear_T128_s9401103,16,block,block,1,3,stack_nonlinear,128,9401103,864,48,41472,packed_exact,True,14688,16368,130944,13440,0.23348600004101172,0.234375,0.0018079351580126968,10.901051678595156,10.99857507590878,808992,0.00016584960894761025,312512512
n16_block1_d3_stack_nonlinear_T128_s9401103,16,block,block,1,3,stack_nonlinear,128,9401103,864,48,41472,SnAp1,True,14688,16368,130944,13440,0.2328099000151269,0.2265625,0.0018026144521172682,10.868970168550057,10.966726755700238,808992,0.00016584960894761025,312512512
n16_block1_d3_stack_nonlinear_T128_s9401103,16,block,block,1,3,stack_nonlinear,128,9401103,864,48,41472,SnAp2,True,14688,16368,130944,13440,0.2352902499260381,0.234375,0.0018222128906018042,10.987140109431417,11.083565943938028,808992,0.00016584960894761025,312512512
n16_block1_d3_stack_nonlinear_T128_s9401103,16,block,block,1,3,stack_nonlinear,128,9401103,864,48,41472,local_block,False,864,1776,14208,7296,0.20544874999905005,0.203125,0.0015923117202873982,9.600937442007409,9.677854349807957,2592,0.00016584960894761025,312512512
n16_block1_d3_stack_nonlinear_T128_s9401104,16,block,block,1,3,stack_nonlinear,128,9401104,864,48,41472,BPTT,True,113937,113937,911496,0,0.06399310001870617,0.0625,0.00029533906217693584,1.931351237312065,3.26936606325776,,0.000152918359162868,312512512
n16_block1_d3_stack_nonlinear_T128_s9401104,16,block,block,1,3,stack_nonlinear,128,9401104,864,48,41472,RTRL,True,41472,41472,331776,0,0.11662814998999238,0.1171875,0.0009093562525777088,5.946678067668678,5.9584567005873605,4022784,0.000152918359162868,312512512
n16_block1_d3_stack_nonlinear_T128_s9401104,16,block,block,1,3,stack_nonlinear,128,9401104,864,48,41472,packed_exact,True,14688,16368,130944,13440,0.22936335002304986,0.234375,0.001775749217813427,11.612400417677375,11.718025107414249,808992,0.000152918359162868,312512512
n16_block1_d3_stack_nonlinear_T128_s9401104,16,block,block,1,3,stack_nonlinear,128,9401104,864,48,41472,SnAp1,True,14688,16368,130944,13440,0.23444964998634532,0.234375,0.0018151609392589307,11.870130893345948,11.977880880656778,808992,0.000152918359162868,312512512
n16_block1_d3_stack_nonlinear_T128_s9401104,16,block,block,1,3,stack_nonlinear,128,9401104,864,48,41472,SnAp2,True,14688,16368,130944,13440,0.230510100023821,0.234375,0.0017838656285675825,11.665477175750032,11.77661182277053,808992,0.000152918359162868,312512512
n16_block1_d3_stack_nonlinear_T128_s9401104,16,block,block,1,3,stack_nonlinear,128,9401104,864,48,41472,local_block,False,864,1776,14208,7296,0.21276355005102232,0.21875,0.0016492023437422176,10.784855087188777,10.869952070328223,2592,0.000152918359162868,312512512
n16_block4_d1_stack_nonlinear_T32_s9401100,16,block,block,4,1,stack_nonlinear,32,9401100,336,16,5376,BPTT,True,8977,8977,71816,0,0.0042187999351881444,0.0,8.031249853956979e-05,2.4124660127461284,3.960199082992992,,3.329062383272685e-05,312512512
n16_block4_d1_stack_nonlinear_T32_s9401100,16,block,block,4,1,stack_nonlinear,32,9401100,336,16,5376,RTRL,True,5376,5376,43008,0,0.007054800051264465,0.0078125,0.0002190375034842873,6.579555390276561,6.622360178942803,177408,3.329062383272685e-05,312512512
n16_block4_d1_stack_nonlinear_T32_s9401100,16,block,block,4,1,stack_nonlinear,32,9401100,336,16,5376,packed_exact,True,1344,1696,13568,2816,0.010057799983769655,0.0078125,0.0002971296889882069,8.925326556845988,9.441284461116593,12096,3.329062383272685e-05,312512512
n16_block4_d1_stack_nonlinear_T32_s9401100,16,block,block,4,1,stack_nonlinear,32,9401100,336,16,5376,SnAp1,False,336,688,5504,2816,0.015994250075891614,0.015625,0.0004811750004591886,14.453769411979664,15.0138464626865,1008,3.329062383272685e-05,312512512
n16_block4_d1_stack_nonlinear_T32_s9401100,16,block,block,4,1,stack_nonlinear,32,9401100,336,16,5376,SnAp2,True,1344,1696,13568,2816,0.00978310004575178,0.0078125,0.0002891828098654514,8.686614324756686,9.183422875037824,12096,3.329062383272685e-05,312512512
n16_block4_d1_stack_nonlinear_T32_s9401100,16,block,block,4,1,stack_nonlinear,32,9401100,336,16,5376,local_block,True,1344,1696,13568,2816,0.010028699995018542,0.0078125,0.0002966796873806743,8.911809189019127,9.413968221774201,12096,3.329062383272685e-05,312512512
n16_block4_d1_stack_nonlinear_T32_s9401101,16,block,block,4,1,stack_nonlinear,32,9401101,336,16,5376,BPTT,True,8977,8977,71816,0,0.004017300030682236,0.0,7.946406185510568e-05,2.542595745084549,4.016898380807314,,3.125312468910124e-05,312512512
n16_block4_d1_stack_nonlinear_T32_s9401101,16,block,block,4,1,stack_nonlinear,32,9401101,336,16,5376,RTRL,True,5376,5376,43008,0,0.007167400035541505,0.0078125,0.00022246093249123078,7.118038106724367,7.16668343849727,177408,3.125312468910124e-05,312512512
n16_block4_d1_stack_nonlinear_T32_s9401101,16,block,block,4,1,stack_nonlinear,32,9401101,336,16,5376,packed_exact,True,1344,1696,13568,2816,0.009798700048122555,0.015625,0.00028907500018249266,9.24947515034554,9.79772037356037,12096,3.125312468910124e-05,312512512
n16_block4_d1_stack_nonlinear_T32_s9401101,16,block,block,4,1,stack_nonlinear,32,9401101,336,16,5376,SnAp1,False,336,688,5504,2816,0.015974149981047958,0.015625,0.0004809328165720217,15.38831145225409,15.972552884666591,1008,3.125312468910124e-05,312512512
n16_block4_d1_stack_nonlinear_T32_s9401101,16,block,block,4,1,stack_nonlinear,32,9401101,336,16,5376,SnAp2,True,1344,1696,13568,2816,0.010129100061021745,0.0078125,0.00029967187401780393,9.58854120984284,10.128087353048354,12096,3.125312468910124e-05,312512512
n16_block4_d1_stack_nonlinear_T32_s9401101,16,block,block,4,1,stack_nonlinear,32,9401101,336,16,5376,local_block,True,1344,1696,13568,2816,0.010658650018740445,0.015625,0.0003155859394610161,10.097740389173596,10.657584366333564,12096,3.125312468910124e-05,312512512
n16_block4_d1_stack_nonlinear_T32_s9401102,16,block,block,4,1,stack_nonlinear,32,9401102,336,16,5376,BPTT,True,8977,8977,71816,0,0.004048700036946684,0.0078125,7.764375004626345e-05,2.4229363908784967,3.948218083161947,,3.2045310945250094e-05,312512512
n16_block4_d1_stack_nonlinear_T32_s9401102,16,block,block,4,1,stack_nonlinear,32,9401102,336,16,5376,RTRL,True,5376,5376,43008,0,0.0075039000366814435,0.0078125,0.000232918753681588,7.268419210521416,7.317665805987548,177408,3.2045310945250094e-05,312512512
n16_block4_d1_stack_nonlinear_T32_s9401102,16,block,block,4,1,stack_nonlinear,32,9401102,336,16,5376,packed_exact,True,1344,1696,13568,2816,0.010456350049935281,0.0078125,0.00030929218519304413,9.651714277994511,10.196840954945129,12096,3.2045310945250094e-05,312512512
n16_block4_d1_stack_nonlinear_T32_s9401102,16,block,block,4,1,stack_nonlinear,32,9401102,336,16,5376,SnAp1,False,336,688,5504,2816,0.016868799983058125,0.015625,0.0005073484371678205,15.832220758744802,16.450144620884167,1008,3.2045310945250094e-05,312512512
n16_block4_d1_stack_nonlinear_T32_s9401102,16,block,block,4,1,stack_nonlinear,32,9401102,336,16,5376,SnAp2,True,1344,1696,13568,2816,0.010380899941083044,0.015625,0.0003053765631193528,9.52952410544848,10.123263391423876,12096,3.2045310945250094e-05,312512512
n16_block4_d1_stack_nonlinear_T32_s9401102,16,block,block,4,1,stack_nonlinear,32,9401102,336,16,5376,local_block,True,1344,1696,13568,2816,0.010208650026470423,0.0078125,0.00030170624995662365,9.4149889970515,9.955288431192065,12096,3.2045310945250094e-05,312512512
n16_block4_d1_stack_nonlinear_T32_s9401103,16,block,block,4,1,stack_nonlinear,32,9401103,336,16,5376,BPTT,True,8977,8977,71816,0,0.00396490003913641,0.0,7.81906237534713e-05,2.3872721544404016,3.7829405737050545,,3.2753125196904875e-05,312512512
n16_block4_d1_stack_nonlinear_T32_s9401103,16,block,block,4,1,stack_nonlinear,32,9401103,336,16,5376,RTRL,True,5376,5376,43008,0,0.006963250052649528,0.0078125,0.000216179687413387,6.600276648831534,6.643688589626885,177408,3.2753125196904875e-05,312512512
n16_block4_d1_stack_nonlinear_T32_s9401103,16,block,block,4,1,stack_nonlinear,32,9401103,336,16,5376,packed_exact,True,1344,1696,13568,2816,0.009911499975714833,0.0078125,0.0002914953092840733,8.89977086252579,9.456635737171059,12096,3.2753125196904875e-05,312512512
n16_block4_d1_stack_nonlinear_T32_s9401103,16,block,block,4,1,stack_nonlinear,32,9401103,336,16,5376,SnAp1,False,336,688,5504,2816,0.016055600019171834,0.015625,0.00048319062261725776,14.752504370572815,15.318767219396008,1008,3.2753125196904875e-05,312512512
n16_block4_d1_stack_nonlinear_T32_s9401103,16,block,block,4,1,stack_nonlinear,32,9401103,336,16,5376,SnAp2,True,1344,1696,13568,2816,0.009822049993090332,0.0078125,0.00029020156398473773,8.860270958575928,9.37129084442538,12096,3.2753125196904875e-05,312512512
n16_block4_d1_stack_nonlinear_T32_s9401103,16,block,block,4,1,stack_nonlinear,32,9401103,336,16,5376,local_block,True,1344,1696,13568,2816,0.009860599995590746,0.0078125,0.0002916812554758508,8.90544806708748,9.408071688112681,12096,3.2753125196904875e-05,312512512
n16_block4_d1_stack_nonlinear_T32_s9401104,16,block,block,4,1,stack_nonlinear,32,9401104,336,16,5376,BPTT,True,8977,8977,71816,0,0.0039738500490784645,0.0,7.818125050107483e-05,2.3699142734844187,3.7643632151405093,,3.298906267446e-05,312512512
n16_block4_d1_stack_nonlinear_T32_s9401104,16,block,block,4,1,stack_nonlinear,32,9401104,336,16,5376,RTRL,True,5376,5376,43008,0,0.006932999996934086,0.0078125,0.00021524531257455237,6.524747753478744,6.567517605522165,177408,3.298906267446e-05,312512512
n16_block4_d1_stack_nonlinear_T32_s9401104,16,block,block,4,1,stack_nonlinear,32,9401104,336,16,5376,packed_exact,True,1344,1696,13568,2816,0.009979650028981268,0.015625,0.000293385935947299,8.893430493690177,9.453559395826925,12096,3.298906267446e-05,312512512
n16_block4_d1_stack_nonlinear_T32_s9401104,16,block,block,4,1,stack_nonlinear,32,9401104,336,16,5376,SnAp1,False,336,688,5504,2816,0.01592420000815764,0.015625,0.00047917344090819824,14.525221454053995,15.084734451706334,1008,3.298906267446e-05,312512512
n16_block4_d1_stack_nonlinear_T32_s9401104,16,block,block,4,1,stack_nonlinear,32,9401104,336,16,5376,SnAp2,True,1344,1696,13568,2816,0.009801100008189678,0.0078125,0.00028949374791409355,8.77544629778822,9.284421878802018,12096,3.298906267446e-05,312512512
n16_block4_d1_stack_nonlinear_T32_s9401104,16,block,block,4,1,stack_nonlinear,32,9401104,336,16,5376,local_block,True,1344,1696,13568,2816,0.0100527000031434,0.0078125,0.0002964812520076521,8.987259048047664,9.52275844264719,12096,3.298906267446e-05,312512512
n16_block4_d1_stack_nonlinear_T128_s9401100,16,block,block,4,1,stack_nonlinear,128,9401100,336,16,5376,BPTT,True,36625,36625,293000,0,0.0159968999796547,0.015625,8.010625060705934e-05,2.6783689764468117,4.178590963187392,,2.9908594115113374e-05,312512512
n16_block4_d1_stack_nonlinear_T128_s9401100,16,block,block,4,1,stack_nonlinear,128,9401100,336,16,5376,RTRL,True,5376,5376,43008,0,0.026938349939882755,0.03125,0.00020933515588694718,6.99916402226229,7.036634958344188,177408,2.9908594115113374e-05,312512512
n16_block4_d1_stack_nonlinear_T128_s9401100,16,block,block,4,1,stack_nonlinear,128,9401100,336,16,5376,packed_exact,True,1344,1696,13568,2816,0.03685595002025366,0.0390625,0.00028289882948229206,9.458780589734841,9.627236520212486,12096,2.9908594115113374e-05,312512512
n16_block4_d1_stack_nonlinear_T128_s9401100,16,block,block,4,1,stack_nonlinear,128,9401100,336,16,5376,SnAp1,False,336,688,5504,2816,0.06327969999983907,0.0625,0.0004887777336080035,16.34238412299744,16.529451513032736,1008,2.9908594115113374e-05,312512512
n16_block4_d1_stack_nonlinear_T128_s9401100,16,block,block,4,1,stack_nonlinear,128,9401100,336,16,5376,SnAp2,True,1344,1696,13568,2816,0.03906924993498251,0.0390625,0.00029981718626004294,10.02444933072062,10.205378224809744,12096,2.9908594115113374e-05,312512512
n16_block4_d1_stack_nonlinear_T128_s9401100,16,block,block,4,1,stack_nonlinear,128,9401100,336,16,5376,local_block,True,1344,1696,13568,2816,0.036637999990489334,0.0390625,0.00028083046890969854,9.389624528281978,9.570305238154218,12096,2.9908594115113374e-05,312512512
n16_block4_d1_stack_nonlinear_T128_s9401101,16,block,block,4,1,stack_nonlinear,128,9401101,336,16,5376,BPTT,True,36625,36625,293000,0,0.016282299999147654,0.015625,8.010468764041434e-05,2.620175054194891,4.1608126287769664,,3.0572265586670255e-05,312512512
n16_block4_d1_stack_nonlinear_T128_s9401101,16,block,block,4,1,stack_nonlinear,128,9401101,336,16,5376,RTRL,True,5376,5376,43008,0,0.028627649997361004,0.03125,0.00022235625010580407,7.273136152616479,7.315568909027714,177408,3.0572265586670255e-05,312512512
n16_block4_d1_stack_nonlinear_T128_s9401101,16,block,block,4,1,stack_nonlinear,128,9401101,336,16,5376,packed_exact,True,1344,1696,13568,2816,0.038452700013294816,0.03125,0.0002950644543489034,9.65137678502812,9.826282517473864,12096,3.0572265586670255e-05,312512512
n16_block4_d1_stack_nonlinear_T128_s9401101,16,block,block,4,1,stack_nonlinear,128,9401101,336,16,5376,SnAp1,False,336,688,5504,2816,0.05995170003734529,0.0546875,0.0004624230477929814,15.12557342150663,15.32018146361957,1008,3.0572265586670255e-05,312512512
n16_block4_d1_stack_nonlinear_T128_s9401101,16,block,block,4,1,stack_nonlinear,128,9401101,336,16,5376,SnAp2,True,1344,1696,13568,2816,0.03678980004042387,0.03125,0.0002824121092999121,9.237526361901226,9.401341617977078,12096,3.0572265586670255e-05,312512512
n16_block4_d1_stack_nonlinear_T128_s9401101,16,block,block,4,1,stack_nonlinear,128,9401101,336,16,5376,local_block,True,1344,1696,13568,2816,0.03762565000215545,0.0390625,0.0002889019538088178,9.449805183387562,9.614936446515895,12096,3.0572265586670255e-05,312512512
n16_block4_d1_stack_nonlinear_T128_s9401102,16,block,block,4,1,stack_nonlinear,128,9401102,336,16,5376,BPTT,True,36625,36625,293000,0,0.015999399998690933,0.0078125,7.783867204125272e-05,2.4224928885137875,3.890100481718859,,3.213164109183708e-05,312512512
n16_block4_d1_stack_nonlinear_T128_s9401102,16,block,block,4,1,stack_nonlinear,128,9401102,336,16,5376,RTRL,True,5376,5376,43008,0,0.027683200023602694,0.015625,0.0002150082041225687,6.691479078458607,6.730904268669298,177408,3.213164109183708e-05,312512512
n16_block4_d1_stack_nonlinear_T128_s9401102,16,block,block,4,1,stack_nonlinear,128,9401102,336,16,5376,packed_exact,True,1344,1696,13568,2816,0.03682455001398921,0.03125,0.00028243398355698446,8.789902225963047,8.953535742604124,12096,3.213164109183708e-05,312512512
n16_block4_d1_stack_nonlinear_T128_s9401102,16,block,block,4,1,stack_nonlinear,128,9401102,336,16,5376,SnAp1,False,336,688,5504,2816,0.06024775002151728,0.0625,0.0004651472659134015,14.47629968802217,14.648661912344076,1008,3.213164109183708e-05,312512512
n16_block4_d1_stack_nonlinear_T128_s9401102,16,block,block,4,1,stack_nonlinear,128,9401102,336,16,5376,SnAp2,True,1344,1696,13568,2816,0.0370330999721773,0.03125,0.0002840417996594624,8.839940631965485,9.004242662418386,12096,3.213164109183708e-05,312512512
n16_block4_d1_stack_nonlinear_T128_s9401102,16,block,block,4,1,stack_nonlinear,128,9401102,336,16,5376,local_block,True,1344,1696,13568,2816,0.03983064997009933,0.0390625,0.00030538828195858514,9.50428523354096,9.684440082036591,12096,3.213164109183708e-05,312512512
n16_block4_d1_stack_nonlinear_T128_s9401103,16,block,block,4,1,stack_nonlinear,128,9401103,336,16,5376,BPTT,True,36625,36625,293000,0,0.0160003500059247,0.015625,7.844101537557435e-05,2.6118438129860926,4.162205409266616,,3.003281244673417e-05,312512512
n16_block4_d1_stack_nonlinear_T128_s9401103,16,block,block,4,1,stack_nonlinear,128,9401103,336,16,5376,RTRL,True,5376,5376,43008,0,0.02721904998179525,0.03125,0.00021142773402971216,7.039891265751344,7.080549927181371,177408,3.003281244673417e-05,312512512
n16_block4_d1_stack_nonlinear_T128_s9401103,16,block,block,4,1,stack_nonlinear,128,9401103,336,16,5376,packed_exact,True,1344,1696,13568,2816,0.03691445000004023,0.03125,0.00028326875099082827,9.431975493245272,9.602635155692017,12096,3.003281244673417e-05,312512512
n16_block4_d1_stack_nonlinear_T128_s9401103,16,block,block,4,1,stack_nonlinear,128,9401103,336,16,5376,SnAp1,False,336,688,5504,2816,0.06228779995581135,0.0625,0.00048104687630257104,16.017376899208156,16.203059171292917,1008,3.003281244673417e-05,312512512
n16_block4_d1_stack_nonlinear_T128_s9401103,16,block,block,4,1,stack_nonlinear,128,9401103,336,16,5376,SnAp2,True,1344,1696,13568,2816,0.0389691999880597,0.03125,0.0002984890625157277,9.93876491071638,10.137141682840383,12096,3.003281244673417e-05,312512512
n16_block4_d1_stack_nonlinear_T128_s9401103,16,block,block,4,1,stack_nonlinear,128,9401103,336,16,5376,local_block,True,1344,1696,13568,2816,0.03688834997592494,0.03125,0.00028319687453404185,9.429582228980932,9.5958457003667,12096,3.003281244673417e-05,312512512
n16_block4_d1_stack_nonlinear_T128_s9401104,16,block,block,4,1,stack_nonlinear,128,9401104,336,16,5376,BPTT,True,36625,36625,293000,0,0.015403299999888986,0.015625,7.43496093491558e-05,2.462034988866998,3.984917493569133,,3.019843734364258e-05,312512512
n16_block4_d1_stack_nonlinear_T128_s9401104,16,block,block,4,1,stack_nonlinear,128,9401104,336,16,5376,RTRL,True,5376,5376,43008,0,0.026919699972495437,0.03125,0.00020916054518238525,6.926204253625661,6.964272807956912,177408,3.019843734364258e-05,312512512
n16_block4_d1_stack_nonlinear_T128_s9401104,16,block,block,4,1,stack_nonlinear,128,9401104,336,16,5376,packed_exact,True,1344,1696,13568,2816,0.036616450059227645,0.03125,0.00028108515516578336,9.307937095127798,9.47287479919682,12096,3.019843734364258e-05,312512512
n16_block4_d1_stack_nonlinear_T128_s9401104,16,block,block,4,1,stack_nonlinear,128,9401104,336,16,5376,SnAp1,False,336,688,5504,2816,0.060309800086542964,0.0546875,0.0004655468737837509,15.416257089268182,15.602473327160697,1008,3.019843734364258e-05,312512512
n16_block4_d1_stack_nonlinear_T128_s9401104,16,block,block,4,1,stack_nonlinear,128,9401104,336,16,5376,SnAp2,True,1344,1696,13568,2816,0.03672864998225123,0.03125,0.0002819031233229907,9.335023534995507,9.50190152957518,12096,3.019843734364258e-05,312512512
n16_block4_d1_stack_nonlinear_T128_s9401104,16,block,block,4,1,stack_nonlinear,128,9401104,336,16,5376,local_block,True,1344,1696,13568,2816,0.03677265002625063,0.0390625,0.000282279686871334,9.347493171886256,9.51328458028849,12096,3.019843734364258e-05,312512512
n16_block4_d3_stack_nonlinear_T32_s9401100,16,block,block,4,3,stack_nonlinear,32,9401100,1008,48,48384,BPTT,True,27921,27921,223368,0,0.012393200013320893,0.015625,0.00025117656332440674,2.7064161311177113,4.173005333913741,,9.28078134165844e-05,312512512
n16_block4_d3_stack_nonlinear_T32_s9401100,16,block,block,4,3,stack_nonlinear,32,9401100,1008,48,48384,RTRL,True,48384,48384,387072,0,0.025837299996055663,0.015625,0.0008049437492445577,8.673232561049836,8.699866909400297,4693248,9.28078134165844e-05,312512512
n16_block4_d3_stack_nonlinear_T32_s9401100,16,block,block,4,3,stack_nonlinear,32,9401100,1008,48,48384,packed_exact,True,20160,21408,171264,9984,0.035762300016358495,0.0390625,0.0010509343755984446,11.323770455415628,12.041786508801609,1170624,9.28078134165844e-05,312512512
n16_block4_d3_stack_nonlinear_T32_s9401100,16,block,block,4,3,stack_nonlinear,32,9401100,1008,48,48384,SnAp1,False,17136,18960,151680,14592,0.0569673499558121,0.0546875,0.0017120390675700037,18.44714366758337,19.181894504164752,943824,9.28078134165844e-05,312512512
n16_block4_d3_stack_nonlinear_T32_s9401100,16,block,block,4,3,stack_nonlinear,32,9401100,1008,48,48384,SnAp2,True,20160,21408,171264,9984,0.036255049984902143,0.03125,0.00106579687417252,11.483913206623033,12.207703967150406,1170624,9.28078134165844e-05,312512512
n16_block4_d3_stack_nonlinear_T32_s9401100,16,block,block,4,3,stack_nonlinear,32,9401100,1008,48,48384,local_block,False,4032,5088,40704,8448,0.03556300001218915,0.03125,0.001056685936418944,11.385743263617483,11.974678741674978,36288,9.28078134165844e-05,312512512
n16_block4_d3_stack_nonlinear_T32_s9401101,16,block,block,4,3,stack_nonlinear,32,9401101,1008,48,48384,BPTT,True,27921,27921,223368,0,0.012379749969113618,0.0,0.00023976093871169724,2.351642140965751,3.794501238194017,,0.0001019546871248167,312512512
n16_block4_d3_stack_nonlinear_T32_s9401101,16,block,block,4,3,stack_nonlinear,32,9401101,1008,48,48384,RTRL,True,48384,48384,387072,0,0.025492349988780916,0.03125,0.0007944046847114805,7.791742656607252,7.81362740267284,4693248,0.0001019546871248167,312512512
n16_block4_d3_stack_nonlinear_T32_s9401101,16,block,block,4,3,stack_nonlinear,32,9401101,1008,48,48384,packed_exact,True,20160,21408,171264,9984,0.034352999995462596,0.03125,0.0010096781261381693,9.903204596195602,10.529493838218045,1170624,0.0001019546871248167,312512512
n16_block4_d3_stack_nonlinear_T32_s9401101,16,block,block,4,3,stack_nonlinear,32,9401101,1008,48,48384,SnAp1,False,17136,18960,151680,14592,0.05729445005999878,0.0625,0.0017184953157993732,16.85548123643916,17.56124818649117,943824,0.0001019546871248167,312512512
n16_block4_d3_stack_nonlinear_T32_s9401101,16,block,block,4,3,stack_nonlinear,32,9401101,1008,48,48384,SnAp2,True,20160,21408,171264,9984,0.034593199961818755,0.0390625,0.0010182921851082938,9.987693688487933,10.60311722092178,1170624,0.0001019546871248167,312512512
n16_block4_d3_stack_nonlinear_T32_s9401101,16,block,block,4,3,stack_nonlinear,32,9401101,1008,48,48384,local_block,False,4032,5088,40704,8448,0.03202134999446571,0.03125,0.000952921876887558,9.346523477836342,9.814822795758273,36288,0.0001019546871248167,312512512
n16_block4_d3_stack_nonlinear_T32_s9401102,16,block,block,4,3,stack_nonlinear,32,9401102,1008,48,48384,BPTT,True,27921,27921,223368,0,0.012545099947601557,0.015625,0.0002541421890782658,2.7659853448225857,4.266750575023869,,9.188124931824859e-05,312631296
n16_block4_d3_stack_nonlinear_T32_s9401102,16,block,block,4,3,stack_nonlinear,32,9401102,1008,48,48384,RTRL,True,48384,48384,387072,0,0.02514119999250397,0.0234375,0.0007831875063857296,8.523910070845982,8.55084694206164,4693248,9.188124931824859e-05,312631296
n16_block4_d3_stack_nonlinear_T32_s9401102,16,block,block,4,3,stack_nonlinear,32,9401102,1008,48,48384,packed_exact,True,20160,21408,171264,9984,0.03547735000029206,0.0390625,0.0010444390627526445,11.367271021043983,12.066305102894741,1170624,9.188124931824859e-05,312631296
n16_block4_d3_stack_nonlinear_T32_s9401102,16,block,block,4,3,stack_nonlinear,32,9401102,1008,48,48384,SnAp1,False,17136,18960,151680,14592,0.05644000001484528,0.0625,0.0016947296862781513,18.444782791406386,19.19597321053857,943824,9.188124931824859e-05,312631296
n16_block4_d3_stack_nonlinear_T32_s9401102,16,block,block,4,3,stack_nonlinear,32,9401102,1008,48,48384,SnAp2,True,20160,21408,171264,9984,0.034306650049984455,0.03125,0.0010099281280417927,10.991667348184503,11.668134924337464,1170624,9.188124931824859e-05,312631296
n16_block4_d3_stack_nonlinear_T32_s9401102,16,block,block,4,3,stack_nonlinear,32,9401102,1008,48,48384,local_block,False,4032,5088,40704,8448,0.03175424999790266,0.0390625,0.0009445578143640887,10.280202123639274,10.800030689584592,36288,9.188124931824859e-05,312631296
n16_block4_d3_stack_nonlinear_T32_s9401103,16,block,block,4,3,stack_nonlinear,32,9401103,1008,48,48384,BPTT,True,27921,27921,223368,0,0.012333499966189265,0.015625,0.00024228124857472721,2.702288180557219,4.298809671043385,,8.965781307779253e-05,312893440
n16_block4_d3_stack_nonlinear_T32_s9401103,16,block,block,4,3,stack_nonlinear,32,9401103,1008,48,48384,RTRL,True,48384,48384,387072,0,0.026374249951913953,0.015625,0.0008217437516577775,9.165333432177105,9.192676942523564,4693248,8.965781307779253e-05,312893440
n16_block4_d3_stack_nonlinear_T32_s9401103,16,block,block,4,3,stack_nonlinear,32,9401103,1008,48,48384,packed_exact,True,20160,21408,171264,9984,0.03597470000386238,0.03125,0.0010596234333206667,11.818528658526095,12.538889099885445,1170624,8.965781307779253e-05,312893440
n16_block4_d3_stack_nonlinear_T32_s9401103,16,block,block,4,3,stack_nonlinear,32,9401103,1008,48,48384,SnAp1,False,17136,18960,151680,14592,0.06267170002683997,0.0625,0.0018852359389711637,21.0270123066176,21.844059749030958,943824,8.965781307779253e-05,312893440
n16_block4_d3_stack_nonlinear_T32_s9401103,16,block,block,4,3,stack_nonlinear,32,9401103,1008,48,48384,SnAp2,True,20160,21408,171264,9984,0.03701329999603331,0.0390625,0.0010858171881409362,12.110681165051568,12.900890454158725,1170624,8.965781307779253e-05,312893440
n16_block4_d3_stack_nonlinear_T32_s9401103,16,block,block,4,3,stack_nonlinear,32,9401103,1008,48,48384,local_block,False,4032,5088,40704,8448,0.03262074996018782,0.0390625,0.0009706234341138043,10.825865597141354,11.369878444072441,36288,8.965781307779253e-05,312893440
n16_block4_d3_stack_nonlinear_T32_s9401104,16,block,block,4,3,stack_nonlinear,32,9401104,1008,48,48384,BPTT,True,27921,27921,223368,0,0.0121431999723427,0.015625,0.00024272968767036218,2.6623763577281645,4.1622649283010995,,9.117031368077733e-05,312893440
n16_block4_d3_stack_nonlinear_T32_s9401104,16,block,block,4,3,stack_nonlinear,32,9401104,1008,48,48384,RTRL,True,48384,48384,387072,0,0.025557850021868944,0.0234375,0.0007962249983393122,8.733380046570916,8.760338545942743,4693248,9.117031368077733e-05,312893440
n16_block4_d3_stack_nonlinear_T32_s9401104,16,block,block,4,3,stack_nonlinear,32,9401104,1008,48,48384,packed_exact,True,20160,21408,171264,9984,0.034728099999483675,0.0390625,0.0010210374985035742,11.19923204474894,11.90358002697849,1170624,9.117031368077733e-05,312893440
n16_block4_d3_stack_nonlinear_T32_s9401104,16,block,block,4,3,stack_nonlinear,32,9401104,1008,48,48384,SnAp1,False,17136,18960,151680,14592,0.057228550023864955,0.0546875,0.0017149500035884557,18.81039928844779,19.615948613576514,943824,9.117031368077733e-05,312893440
n16_block4_d3_stack_nonlinear_T32_s9401104,16,block,block,4,3,stack_nonlinear,32,9401104,1008,48,48384,SnAp2,True,20160,21408,171264,9984,0.03514779999386519,0.03125,0.0010347296883992385,11.349414591488946,12.047438529762031,1170624,9.117031368077733e-05,312893440
n16_block4_d3_stack_nonlinear_T32_s9401104,16,block,block,4,3,stack_nonlinear,32,9401104,1008,48,48384,local_block,False,4032,5088,40704,8448,0.032692299981135875,0.0390625,0.0009733484366734046,10.676155399459034,11.205778867753322,36288,9.117031368077733e-05,312893440
n16_block4_d3_stack_nonlinear_T128_s9401100,16,block,block,4,3,stack_nonlinear,128,9401100,1008,48,48384,BPTT,True,113937,113937,911496,0,0.0496878499398008,0.046875,0.00025214140623575076,2.6641984517021644,4.101688130281181,,9.464062486586045e-05,313085952
n16_block4_d3_stack_nonlinear_T128_s9401100,16,block,block,4,3,stack_nonlinear,128,9401100,1008,48,48384,RTRL,True,48384,48384,387072,0,0.1072875500540249,0.09375,0.0008362593744095648,8.83615651941059,8.856492505042898,4693248,9.464062486586045e-05,313085952
n16_block4_d3_stack_nonlinear_T128_s9401100,16,block,block,4,3,stack_nonlinear,128,9401100,1008,48,48384,packed_exact,True,20160,21408,171264,9984,0.13281964999623597,0.140625,0.001020467966554861,10.782557363724388,10.964144806380125,1170624,9.464062486586045e-05,313085952
n16_block4_d3_stack_nonlinear_T128_s9401100,16,block,block,4,3,stack_nonlinear,128,9401100,1008,48,48384,SnAp1,False,17136,18960,151680,14592,0.21775209996849298,0.2109375,0.0016826707042127964,17.77958151267219,17.975243542770798,943824,9.464062486586045e-05,313085952
n16_block4_d3_stack_nonlinear_T128_s9401100,16,block,block,4,3,stack_nonlinear,128,9401100,1008,48,48384,SnAp2,True,20160,21408,171264,9984,0.13208920002216473,0.1328125,0.001014993750686699,10.72471522800391,10.903846806123683,1170624,9.464062486586045e-05,313085952
n16_block4_d3_stack_nonlinear_T128_s9401100,16,block,block,4,3,stack_nonlinear,128,9401100,1008,48,48384,local_block,False,4032,5088,40704,8448,0.12120390002382919,0.125,0.0009338835925518651,9.86768202212857,10.005274904706818,36288,9.464062486586045e-05,313085952
n16_block4_d3_stack_nonlinear_T128_s9401101,16,block,block,4,3,stack_nonlinear,128,9401101,1008,48,48384,BPTT,True,113937,113937,911496,0,0.050275799992959946,0.046875,0.0002557445309321338,2.8382182574884047,4.359015913317093,,9.010742223836132e-05,313257984
n16_block4_d3_stack_nonlinear_T128_s9401101,16,block,block,4,3,stack_nonlinear,128,9401101,1008,48,48384,RTRL,True,48384,48384,387072,0,0.10401354997884482,0.109375,0.0008108558581625402,8.998768780862267,9.018190056088137,4693248,9.010742223836132e-05,313257984
n16_block4_d3_stack_nonlinear_T128_s9401101,16,block,block,4,3,stack_nonlinear,128,9401101,1008,48,48384,packed_exact,True,20160,21408,171264,9984,0.1353466000291519,0.125,0.0010395738299848745,11.537049936184923,11.734830344281955,1170624,9.010742223836132e-05,313257984
n16_block4_d3_stack_nonlinear_T128_s9401101,16,block,block,4,3,stack_nonlinear,128,9401101,1008,48,48384,SnAp1,False,17136,18960,151680,14592,0.23656534997280687,0.2421875,0.0018297621099918615,20.306452726520003,20.510705453026887,943824,9.010742223836132e-05,313257984
n16_block4_d3_stack_nonlinear_T128_s9401101,16,block,block,4,3,stack_nonlinear,128,9401101,1008,48,48384,SnAp2,True,20160,21408,171264,9984,0.14398020005319268,0.140625,0.00110722226645521,12.287803145963636,12.48338133500271,1170624,9.010742223836132e-05,313257984
n16_block4_d3_stack_nonlinear_T128_s9401101,16,block,block,4,3,stack_nonlinear,128,9401101,1008,48,48384,local_block,False,4032,5088,40704,8448,0.12546440004371107,0.125,0.0009656441402512428,10.716588226182107,10.87802315272756,36288,9.010742223836132e-05,313257984
n16_block4_d3_stack_nonlinear_T128_s9401102,16,block,block,4,3,stack_nonlinear,128,9401102,1008,48,48384,BPTT,True,113937,113937,911496,0,0.05426939995959401,0.0546875,0.0002711246092985675,2.8955187152777513,4.527959016025459,,9.36359374463791e-05,313257984
n16_block4_d3_stack_nonlinear_T128_s9401102,16,block,block,4,3,stack_nonlinear,128,9401102,1008,48,48384,RTRL,True,48384,48384,387072,0,0.10576630005380139,0.109375,0.0008245324229392281,8.8057261498706,8.824594933366328,4693248,9.36359374463791e-05,313257984
n16_block4_d3_stack_nonlinear_T128_s9401102,16,block,block,4,3,stack_nonlinear,128,9401102,1008,48,48384,packed_exact,True,20160,21408,171264,9984,0.1396691999398172,0.140625,0.0010735347627814917,11.464986543187594,11.653278156740631,1170624,9.36359374463791e-05,313257984
n16_block4_d3_stack_nonlinear_T128_s9401102,16,block,block,4,3,stack_nonlinear,128,9401102,1008,48,48384,SnAp1,False,17136,18960,151680,14592,0.22132180002517998,0.21875,0.001708358205632976,18.24468523755927,18.465950252133478,943824,9.36359374463791e-05,313257984
n16_block4_d3_stack_nonlinear_T128_s9401102,16,block,block,4,3,stack_nonlinear,128,9401102,1008,48,48384,SnAp2,True,20160,21408,171264,9984,0.14665049995528534,0.140625,0.0011274624985162518,12.040916439394827,12.235761846852435,1170624,9.36359374463791e-05,313257984
n16_block4_d3_stack_nonlinear_T128_s9401102,16,block,block,4,3,stack_nonlinear,128,9401102,1008,48,48384,local_block,False,4032,5088,40704,8448,0.12208509998163208,0.1171875,0.0009405441414855886,10.04469189005764,10.18615148860651,36288,9.36359374463791e-05,313257984
n16_block4_d3_stack_nonlinear_T128_s9401103,16,block,block,4,3,stack_nonlinear,128,9401103,1008,48,48384,BPTT,True,113937,113937,911496,0,0.04977375001180917,0.046875,0.0002508035163373279,2.7991219910090632,4.339888758703369,,8.96007809387811e-05,313831424
n16_block4_d3_stack_nonlinear_T128_s9401103,16,block,block,4,3,stack_nonlinear,128,9401103,1008,48,48384,RTRL,True,48384,48384,387072,0,0.0987295500235632,0.1015625,0.0007696859374846099,8.590169967497166,8.608458558928051,4693248,8.96007809387811e-05,313831424
n16_block4_d3_stack_nonlinear_T128_s9401103,16,block,block,4,3,stack_nonlinear,128,9401103,1008,48,48384,packed_exact,True,20160,21408,171264,9984,0.13282965001417324,0.1328125,0.0010204746095041628,11.389126286760744,11.581725403093852,1170624,8.96007809387811e-05,313831424
n16_block4_d3_stack_nonlinear_T128_s9401103,16,block,block,4,3,stack_nonlinear,128,9401103,1008,48,48384,SnAp1,False,17136,18960,151680,14592,0.21913869999116287,0.21875,0.0016932289049691462,18.897479321369186,19.107211742391872,943824,8.96007809387811e-05,313831424
n16_block4_d3_stack_nonlinear_T128_s9401103,16,block,block,4,3,stack_nonlinear,128,9401103,1008,48,48384,SnAp2,True,20160,21408,171264,9984,0.13680844998452812,0.125,0.0010503867179068038,11.722963872652748,11.92864620492967,1170624,8.96007809387811e-05,313831424
n16_block4_d3_stack_nonlinear_T128_s9401103,16,block,block,4,3,stack_nonlinear,128,9401103,1008,48,48384,local_block,False,4032,5088,40704,8448,0.12065879994770512,0.125,0.00092954531282885,10.3742992314314,10.520520744517851,36288,8.96007809387811e-05,313831424
n16_block4_d3_stack_nonlinear_T128_s9401104,16,block,block,4,3,stack_nonlinear,128,9401104,1008,48,48384,BPTT,True,113937,113937,911496,0,0.0534066500258632,0.0546875,0.0002676597655408841,2.9658618690122345,4.623311921272703,,9.024687506098417e-05,313831424
n16_block4_d3_stack_nonlinear_T128_s9401104,16,block,block,4,3,stack_nonlinear,128,9401104,1008,48,48384,RTRL,True,48384,48384,387072,0,0.10035054996842518,0.1015625,0.0007822343754924077,8.667717025811854,8.687155883220807,4693248,9.024687506098417e-05,313831424
n16_block4_d3_stack_nonlinear_T128_s9401104,16,block,block,4,3,stack_nonlinear,128,9401104,1008,48,48384,packed_exact,True,20160,21408,171264,9984,0.13175189995672554,0.1328125,0.0010118660143234592,11.212200019554057,11.40551091344008,1170624,9.024687506098417e-05,313831424
n16_block4_d3_stack_nonlinear_T128_s9401104,16,block,block,4,3,stack_nonlinear,128,9401104,1008,48,48384,SnAp1,False,17136,18960,151680,14592,0.21980015002191067,0.21875,0.0016990292961054365,18.826461248185275,19.027680137243422,943824,9.024687506098417e-05,313831424
n16_block4_d3_stack_nonlinear_T128_s9401104,16,block,block,4,3,stack_nonlinear,128,9401104,1008,48,48384,SnAp2,True,20160,21408,171264,9984,0.13400600000750273,0.1328125,0.001027071483349573,11.380687504753283,11.600644059433188,1170624,9.024687506098417e-05,313831424
n16_block4_d3_stack_nonlinear_T128_s9401104,16,block,block,4,3,stack_nonlinear,128,9401104,1008,48,48384,local_block,False,4032,5088,40704,8448,0.12030604999745265,0.1171875,0.0009271589851778117,10.273585479289844,10.414665493624783,36288,9.024687506098417e-05,313831424
n16_block16_d1_stack_nonlinear_T32_s9401100,16,block,block,16,1,stack_nonlinear,32,9401100,528,16,8448,BPTT,True,8977,8977,71816,0,0.003817850025370717,0.0078125,7.857031232560985e-05,3.3948825515421928,5.155077046556148,,2.314374978595879e-05,313831424
n16_block16_d1_stack_nonlinear_T32_s9401100,16,block,block,16,1,stack_nonlinear,32,9401100,528,16,8448,RTRL,True,8448,8448,67584,0,0.006625049980357289,0.0,0.0002055203149211593,8.880164918039668,8.945517204466633,278784,2.314374978595879e-05,313831424
n16_block16_d1_stack_nonlinear_T32_s9401100,16,block,block,16,1,stack_nonlinear,32,9401100,528,16,8448,packed_exact,True,8448,8992,71936,4352,0.009061349963303655,0.0078125,0.0002515640608180547,10.86963275807093,12.235147241569104,278784,2.314374978595879e-05,313831424
n16_block16_d1_stack_nonlinear_T32_s9401100,16,block,block,16,1,stack_nonlinear,32,9401100,528,16,8448,SnAp1,False,528,1072,8576,4352,0.01595989998895675,0.015625,0.00047274999633373227,20.426681099903163,21.549959676693618,1584,2.314374978595879e-05,313831424
n16_block16_d1_stack_nonlinear_T32_s9401100,16,block,block,16,1,stack_nonlinear,32,9401100,528,16,8448,SnAp2,True,8448,8992,71936,4352,0.008861849957611412,0.0,0.00024647188001836184,10.64960874092647,11.965771049917354,278784,2.314374978595879e-05,313831424
n16_block16_d1_stack_nonlinear_T32_s9401100,16,block,block,16,1,stack_nonlinear,32,9401100,528,16,8448,local_block,True,8448,8992,71936,4352,0.008987250039353967,0.0078125,0.00024753593243076466,10.6955845409694,12.135093333069253,278784,2.314374978595879e-05,313831424
n16_block16_d1_stack_nonlinear_T32_s9401101,16,block,block,16,1,stack_nonlinear,32,9401101,528,16,8448,BPTT,True,8977,8977,71816,0,0.0034800500725395977,0.0,6.957812365726568e-05,2.7869569088461796,4.356052000881895,,2.4965625925688073e-05,313831424
n16_block16_d1_stack_nonlinear_T32_s9401101,16,block,block,16,1,stack_nonlinear,32,9401101,528,16,8448,RTRL,True,8448,8448,67584,0,0.00679920002585277,0.0078125,0.00021098906290717423,8.451182579407298,8.510701932342723,278784,2.4965625925688073e-05,313831424
n16_block16_d1_stack_nonlinear_T32_s9401101,16,block,block,16,1,stack_nonlinear,32,9401101,528,16,8448,packed_exact,True,8448,8992,71936,4352,0.009538749989587814,0.015625,0.00026627812621882185,10.665790115233532,11.939854344605369,278784,2.4965625925688073e-05,313831424
n16_block16_d1_stack_nonlinear_T32_s9401101,16,block,block,16,1,stack_nonlinear,32,9401101,528,16,8448,SnAp1,False,528,1072,8576,4352,0.015906000044196844,0.015625,0.00047080313015612774,18.858054332685512,19.909875396703153,1584,2.4965625925688073e-05,313831424
n16_block16_d1_stack_nonlinear_T32_s9401101,16,block,block,16,1,stack_nonlinear,32,9401101,528,16,8448,SnAp2,True,8448,8992,71936,4352,0.008889099990483373,0.0078125,0.0002475843739375705,9.917010479710088,11.126673752520766,278784,2.4965625925688073e-05,313831424
n16_block16_d1_stack_nonlinear_T32_s9401101,16,block,block,16,1,stack_nonlinear,32,9401101,528,16,8448,local_block,True,8448,8992,71936,4352,0.009050799999386072,0.0078125,0.00025245468532375526,10.112091163874851,11.329077060703398,278784,2.4965625925688073e-05,313831424
n16_block16_d1_stack_nonlinear_T32_s9401102,16,block,block,16,1,stack_nonlinear,32,9401102,528,16,8448,BPTT,True,8977,8977,71816,0,0.0034908000379800797,0.0,6.999843753874302e-05,2.5943365303728187,4.043085807159098,,2.6981248083757237e-05,313831424
n16_block16_d1_stack_nonlinear_T32_s9401102,16,block,block,16,1,stack_nonlinear,32,9401102,528,16,8448,RTRL,True,8448,8448,67584,0,0.006599950022064149,0.0078125,0.00020477343605307397,7.589472340842081,7.644140017142744,278784,2.6981248083757237e-05,313831424
n16_block16_d1_stack_nonlinear_T32_s9401102,16,block,block,16,1,stack_nonlinear,32,9401102,528,16,8448,packed_exact,True,8448,8992,71936,4352,0.008937800012063235,0.0078125,0.00024851250782376155,9.210563835012753,10.351865470045436,278784,2.6981248083757237e-05,313831424
n16_block16_d1_stack_nonlinear_T32_s9401102,16,block,block,16,1,stack_nonlinear,32,9401102,528,16,8448,SnAp1,False,528,1072,8576,4352,0.01627144997473806,0.015625,0.00048260780931741465,17.88678595664911,18.845785418528212,1584,2.6981248083757237e-05,313831424
n16_block16_d1_stack_nonlinear_T32_s9401102,16,block,block,16,1,stack_nonlinear,32,9401102,528,16,8448,SnAp2,True,8448,8992,71936,4352,0.008909250027500093,0.0078125,0.00024773281438683625,9.181666230479971,10.31879854093865,278784,2.6981248083757237e-05,313831424
n16_block16_d1_stack_nonlinear_T32_s9401102,16,block,block,16,1,stack_nonlinear,32,9401102,528,16,8448,local_block,True,8448,8992,71936,4352,0.009063399978913367,0.0078125,0.0002528640652599279,9.371844640950933,10.49733683415292,278784,2.6981248083757237e-05,313831424
n16_block16_d1_stack_nonlinear_T32_s9401103,16,block,block,16,1,stack_nonlinear,32,9401103,528,16,8448,BPTT,True,8977,8977,71816,0,0.0035325500066392124,0.0,7.205000110843685e-05,2.826702532070589,4.330962827382841,,2.548906377342064e-05,313831424
n16_block16_d1_stack_nonlinear_T32_s9401103,16,block,block,16,1,stack_nonlinear,32,9401103,528,16,8448,RTRL,True,8448,8448,67584,0,0.00670215004356578,0.0078125,0.0002079562491417164,8.158646036994423,8.21694318485843,278784,2.548906377342064e-05,313831424
n16_block16_d1_stack_nonlinear_T32_s9401103,16,block,block,16,1,stack_nonlinear,32,9401103,528,16,8448,packed_exact,True,8448,8992,71936,4352,0.009379199938848615,0.0078125,0.0002616749989101663,10.266167531152497,11.499049188093624,278784,2.548906377342064e-05,313831424
n16_block16_d1_stack_nonlinear_T32_s9401103,16,block,block,16,1,stack_nonlinear,32,9401103,528,16,8448,SnAp1,False,528,1072,8576,4352,0.015912050032056868,0.0078125,0.0004721749974123668,18.524611245421227,19.508427925089137,1584,2.548906377342064e-05,313831424
n16_block16_d1_stack_nonlinear_T32_s9401103,16,block,block,16,1,stack_nonlinear,32,9401103,528,16,8448,SnAp2,True,8448,8992,71936,4352,0.008834199979901314,0.0078125,0.00024531093731638975,9.624164288536713,10.830870518665094,278784,2.548906377342064e-05,313831424
n16_block16_d1_stack_nonlinear_T32_s9401103,16,block,block,16,1,stack_nonlinear,32,9401103,528,16,8448,local_block,True,8448,8992,71936,4352,0.008923500019591302,0.0078125,0.000248487502176431,9.74878890748226,10.940353796086296,278784,2.548906377342064e-05,313831424
n16_block16_d1_stack_nonlinear_T32_s9401104,16,block,block,16,1,stack_nonlinear,32,9401104,528,16,8448,BPTT,True,8977,8977,71816,0,0.0034723500721156597,0.0,6.971406219236087e-05,2.711290772599896,4.220163055027888,,2.5712499336805195e-05,313831424
n16_block16_d1_stack_nonlinear_T32_s9401104,16,block,block,16,1,stack_nonlinear,32,9401104,528,16,8448,RTRL,True,8448,8448,67584,0,0.006706100015435368,0.0078125,0.0002080687518173363,8.092124732483866,8.150340530388673,278784,2.5712499336805195e-05,313831424
n16_block16_d1_stack_nonlinear_T32_s9401104,16,block,block,16,1,stack_nonlinear,32,9401104,528,16,8448,packed_exact,True,8448,8992,71936,4352,0.009171099925879389,0.0078125,0.0002557437528594164,9.94628135948424,11.146208267412284,278784,2.5712499336805195e-05,313831424
n16_block16_d1_stack_nonlinear_T32_s9401104,16,block,block,16,1,stack_nonlinear,32,9401104,528,16,8448,SnAp1,False,528,1072,8576,4352,0.015892900002654642,0.015625,0.00047106562669796403,18.32049154489135,19.315630059036774,1584,2.5712499336805195e-05,313831424
n16_block16_d1_stack_nonlinear_T32_s9401104,16,block,block,16,1,stack_nonlinear,32,9401104,528,16,8448,SnAp2,True,8448,8992,71936,4352,0.008918299979995936,0.0078125,0.00024847500208124984,9.663588079342393,10.83896476667839,278784,2.5712499336805195e-05,313831424
n16_block16_d1_stack_nonlinear_T32_s9401104,16,block,block,16,1,stack_nonlinear,32,9401104,528,16,8448,local_block,True,8448,8992,71936,4352,0.009089800005313009,0.0078125,0.0002534984414523933,9.858957627255334,11.047399416338724,278784,2.5712499336805195e-05,313831424
n16_block16_d1_stack_nonlinear_T128_s9401100,16,block,block,16,1,stack_nonlinear,128,9401100,528,16,8448,BPTT,True,36625,36625,293000,0,0.01616515003843233,0.015625,8.313320313391159e-05,3.0258622623074807,4.596681479796387,,2.7474219223222462e-05,314204160
n16_block16_d1_stack_nonlinear_T128_s9401100,16,block,block,16,1,stack_nonlinear,128,9401100,528,16,8448,RTRL,True,8448,8448,67584,0,0.029518250026740134,0.03125,0.00022931054763830616,8.346389965633033,8.39373546742992,278784,2.7474219223222462e-05,314204160
n16_block16_d1_stack_nonlinear_T128_s9401100,16,block,block,16,1,stack_nonlinear,128,9401100,528,16,8448,packed_exact,True,8448,8992,71936,4352,0.03149040008429438,0.03125,0.00023753398318149266,8.645704587692817,8.954531106405513,278784,2.7474219223222462e-05,314204160
n16_block16_d1_stack_nonlinear_T128_s9401100,16,block,block,16,1,stack_nonlinear,128,9401100,528,16,8448,SnAp1,False,528,1072,8576,4352,0.0607949499390088,0.0625,0.0004676296862271556,17.02067245033459,17.287499329445836,1584,2.7474219223222462e-05,314204160
n16_block16_d1_stack_nonlinear_T128_s9401100,16,block,block,16,1,stack_nonlinear,128,9401100,528,16,8448,SnAp2,True,8448,8992,71936,4352,0.03260159998899326,0.0234375,0.0002458941403347126,8.949995569914927,9.270509121464888,278784,2.7474219223222462e-05,314204160
n16_block16_d1_stack_nonlinear_T128_s9401100,16,block,block,16,1,stack_nonlinear,128,9401100,528,16,8448,local_block,True,8448,8992,71936,4352,0.03226780006662011,0.03125,0.0002430421877761546,8.84619088904715,9.175590613595665,278784,2.7474219223222462e-05,314204160
n16_block16_d1_stack_nonlinear_T128_s9401101,16,block,block,16,1,stack_nonlinear,128,9401101,528,16,8448,BPTT,True,36625,36625,293000,0,0.014225050050299615,0.015625,6.912539038239629e-05,2.857205118778025,4.593541623435014,,2.419335942249745e-05,314204160
n16_block16_d1_stack_nonlinear_T128_s9401101,16,block,block,16,1,stack_nonlinear,128,9401101,528,16,8448,RTRL,True,8448,8448,67584,0,0.02626095007872209,0.03125,0.0002038972634181846,8.427819380411474,8.480164697558878,278784,2.419335942249745e-05,314204160
n16_block16_d1_stack_nonlinear_T128_s9401101,16,block,block,16,1,stack_nonlinear,128,9401101,528,16,8448,packed_exact,True,8448,8992,71936,4352,0.033458499994594604,0.03125,0.00025243359414162114,10.434003386354135,10.804391678019675,278784,2.419335942249745e-05,314204160
n16_block16_d1_stack_nonlinear_T128_s9401101,16,block,block,16,1,stack_nonlinear,128,9401101,528,16,8448,SnAp1,False,528,1072,8576,4352,0.05910225003026426,0.0625,0.00045410781149257673,18.76993614496964,19.085250638324748,1584,2.419335942249745e-05,314204160
n16_block16_d1_stack_nonlinear_T128_s9401101,16,block,block,16,1,stack_nonlinear,128,9401101,528,16,8448,SnAp2,True,8448,8992,71936,4352,0.03143465000903234,0.03125,0.00023724843595118728,9.806345278802807,10.150851682350359,278784,2.419335942249745e-05,314204160
n16_block16_d1_stack_nonlinear_T128_s9401101,16,block,block,16,1,stack_nonlinear,128,9401101,528,16,8448,local_block,True,8448,8992,71936,4352,0.031264400051441044,0.03125,0.00023588515705341706,9.749995977576681,10.095874704145126,278784,2.419335942249745e-05,314204160
n16_block16_d1_stack_nonlinear_T128_s9401102,16,block,block,16,1,stack_nonlinear,128,9401102,528,16,8448,BPTT,True,36625,36625,293000,0,0.013461599999573082,0.015625,6.828671894254512e-05,2.759887004299837,4.250517097160085,,2.4742577807046473e-05,314204160
n16_block16_d1_stack_nonlinear_T128_s9401102,16,block,block,16,1,stack_nonlinear,128,9401102,528,16,8448,RTRL,True,8448,8448,67584,0,0.025353250035550445,0.0234375,0.00019694375032486278,7.959710255767081,8.005320522679273,278784,2.4742577807046473e-05,314204160
n16_block16_d1_stack_nonlinear_T128_s9401102,16,block,block,16,1,stack_nonlinear,128,9401102,528,16,8448,packed_exact,True,8448,8992,71936,4352,0.03196374996332452,0.03125,0.00024119804811562062,9.748299065545607,10.092594172518096,278784,2.4742577807046473e-05,314204160
n16_block16_d1_stack_nonlinear_T128_s9401102,16,block,block,16,1,stack_nonlinear,128,9401102,528,16,8448,SnAp1,False,528,1072,8576,4352,0.05906890000915155,0.0625,0.0004542515639514022,18.359104192532246,18.651079322465428,1584,2.4742577807046473e-05,314204160
n16_block16_d1_stack_nonlinear_T128_s9401102,16,block,block,16,1,stack_nonlinear,128,9401102,528,16,8448,SnAp2,True,8448,8992,71936,4352,0.03241564997006208,0.03125,0.00024407187447650358,9.864448093480139,10.235282166880257,278784,2.4742577807046473e-05,314204160
n16_block16_d1_stack_nonlinear_T128_s9401102,16,block,block,16,1,stack_nonlinear,128,9401102,528,16,8448,local_block,True,8448,8992,71936,4352,0.0316667499137111,0.03125,0.00023884296751930378,9.653115749777832,9.998816034051698,278784,2.4742577807046473e-05,314204160
n16_block16_d1_stack_nonlinear_T128_s9401103,16,block,block,16,1,stack_nonlinear,128,9401103,528,16,8448,BPTT,True,36625,36625,293000,0,0.013574349984992296,0.015625,6.789804638174246e-05,2.676032256690247,4.179681011550467,,2.537265618229867e-05,314204160
n16_block16_d1_stack_nonlinear_T128_s9401103,16,block,block,16,1,stack_nonlinear,128,9401103,528,16,8448,RTRL,True,8448,8448,67584,0,0.027055900020059198,0.0234375,0.00021011171929785633,8.281029695442038,8.330787970641344,278784,2.537265618229867e-05,314204160
n16_block16_d1_stack_nonlinear_T128_s9401103,16,block,block,16,1,stack_nonlinear,128,9401103,528,16,8448,packed_exact,True,8448,8992,71936,4352,0.034066000021994114,0.0390625,0.00025723476574057713,10.138267112925998,10.489269363824157,278784,2.537265618229867e-05,314204160
n16_block16_d1_stack_nonlinear_T128_s9401103,16,block,block,16,1,stack_nonlinear,128,9401103,528,16,8448,SnAp1,False,528,1072,8576,4352,0.06404374993871897,0.0625,0.0004924249997202423,19.407703954298032,19.719724762017915,1584,2.537265618229867e-05,314204160
n16_block16_d1_stack_nonlinear_T128_s9401103,16,block,block,16,1,stack_nonlinear,128,9401103,528,16,8448,SnAp2,True,8448,8992,71936,4352,0.03322069998830557,0.0390625,0.00025015156188601395,9.859100288464601,10.228992849385001,278784,2.537265618229867e-05,314204160
n16_block16_d1_stack_nonlinear_T128_s9401103,16,block,block,16,1,stack_nonlinear,128,9401103,528,16,8448,local_block,True,8448,8992,71936,4352,0.03298900002846494,0.03125,0.00024876171664800495,9.804323002711655,10.157650065119563,278784,2.537265618229867e-05,314204160
n16_block16_d1_stack_nonlinear_T128_s9401104,16,block,block,16,1,stack_nonlinear,128,9401104,528,16,8448,BPTT,True,36625,36625,293000,0,0.013795799983199686,0.015625,7.011210936980206e-05,2.705970156116931,4.159746726733907,,2.5910156182362698e-05,314204160
n16_block16_d1_stack_nonlinear_T128_s9401104,16,block,block,16,1,stack_nonlinear,128,9401104,528,16,8448,RTRL,True,8448,8448,67584,0,0.025245299970265478,0.0234375,0.0001960398458322743,7.566139102076142,7.612030766219569,278784,2.5910156182362698e-05,314204160
n16_block16_d1_stack_nonlinear_T128_s9401104,16,block,block,16,1,stack_nonlinear,128,9401104,528,16,8448,packed_exact,True,8448,8992,71936,4352,0.03121419996023178,0.03125,0.00023546914098915295,9.087908977925773,9.411789549740707,278784,2.5910156182362698e-05,314204160
n16_block16_d1_stack_nonlinear_T128_s9401104,16,block,block,16,1,stack_nonlinear,128,9401104,528,16,8448,SnAp1,False,528,1072,8576,4352,0.05835449998266995,0.0546875,0.00044872265607409645,17.31840799861895,17.595205829941733,1584,2.5910156182362698e-05,314204160
n16_block16_d1_stack_nonlinear_T128_s9401104,16,block,block,16,1,stack_nonlinear,128,9401104,528,16,8448,SnAp2,True,8448,8992,71936,4352,0.03141310001956299,0.0234375,0.0002369289049966028,9.144248430192121,9.471762430744906,278784,2.5910156182362698e-05,314204160
n16_block16_d1_stack_nonlinear_T128_s9401104,16,block,block,16,1,stack_nonlinear,128,9401104,528,16,8448,local_block,True,8448,8992,71936,4352,0.031417350051924586,0.03125,0.00023717851536275703,9.15388211840293,9.473043911936731,278784,2.5910156182362698e-05,314204160
n16_block16_d3_stack_nonlinear_T32_s9401100,16,block,block,16,3,stack_nonlinear,32,9401100,1584,48,76032,BPTT,True,27921,27921,223368,0,0.012910399993415922,0.015625,0.00027375156423659064,3.408314609627174,5.023111127739139,,8.031874858716037e-05,323002368
n16_block16_d3_stack_nonlinear_T32_s9401100,16,block,block,16,3,stack_nonlinear,32,9401100,1584,48,76032,RTRL,True,76032,76032,608256,0,0.02723135007545352,0.0234375,0.0008481234399368986,10.559470296235148,10.595031730785193,7375104,8.031874858716037e-05,323002368
n16_block16_d3_stack_nonlinear_T32_s9401100,16,block,block,16,3,stack_nonlinear,32,9401100,1584,48,76032,packed_exact,True,50688,52368,418944,13440,0.03496630000881851,0.0390625,0.0009783265577425482,12.180550306767875,13.604505728694273,3835392,8.031874858716037e-05,323002368
n16_block16_d3_stack_nonlinear_T32_s9401100,16,block,block,16,3,stack_nonlinear,32,9401100,1584,48,76032,SnAp1,False,26928,29328,234624,19200,0.05879720003576949,0.0625,0.0017336656292172847,21.584818734270293,22.8765080810973,1483152,8.031874858716037e-05,323002368
n16_block16_d3_stack_nonlinear_T32_s9401100,16,block,block,16,3,stack_nonlinear,32,9401100,1584,48,76032,SnAp2,True,50688,52368,418944,13440,0.033686499984469265,0.0390625,0.0009365578116558027,11.660512995162867,13.106567806796582,3835392,8.031874858716037e-05,323002368
n16_block16_d3_stack_nonlinear_T32_s9401100,16,block,block,16,3,stack_nonlinear,32,9401100,1584,48,76032,local_block,False,25344,26976,215808,13056,0.0299189499928616,0.03125,0.0008446453139185905,10.51616625976185,11.640709096236932,836352,8.031874858716037e-05,323002368
n16_block16_d3_stack_nonlinear_T32_s9401101,16,block,block,16,3,stack_nonlinear,32,9401101,1584,48,76032,BPTT,True,27921,27921,223368,0,0.011655149981379509,0.015625,0.00024626874983368907,3.3523769389254983,4.958055991127724,,7.346093661908526e-05,325115904
n16_block16_d3_stack_nonlinear_T32_s9401101,16,block,block,16,3,stack_nonlinear,32,9401101,1584,48,76032,RTRL,True,76032,76032,608256,0,0.026424549985677004,0.0234375,0.0008228843817050802,11.201659270585635,11.240901968541888,7375104,7.346093661908526e-05,325115904
n16_block16_d3_stack_nonlinear_T32_s9401101,16,block,block,16,3,stack_nonlinear,32,9401101,1584,48,76032,packed_exact,True,50688,52368,418944,13440,0.03427624999312684,0.0390625,0.0009570281254127622,13.027714721025282,14.580984964013266,3835392,7.346093661908526e-05,325115904
n16_block16_d3_stack_nonlinear_T32_s9401101,16,block,block,16,3,stack_nonlinear,32,9401101,1584,48,76032,SnAp1,False,26928,29328,234624,19200,0.06001585000194609,0.0625,0.0017752968742570374,24.166542872471528,25.530511845850313,1483152,7.346093661908526e-05,325115904
n16_block16_d3_stack_nonlinear_T32_s9401101,16,block,block,16,3,stack_nonlinear,32,9401101,1584,48,76032,SnAp2,True,50688,52368,418944,13440,0.03518990002339706,0.03125,0.0009810687479330227,13.35497194951554,14.969648174148904,3835392,7.346093661908526e-05,325115904
n16_block16_d3_stack_nonlinear_T32_s9401101,16,block,block,16,3,stack_nonlinear,32,9401101,1584,48,76032,local_block,False,25344,26976,215808,13056,0.029724199965130538,0.03125,0.0008392328127229121,11.424205180973395,12.64456038352504,836352,7.346093661908526e-05,325115904
n16_block16_d3_stack_nonlinear_T32_s9401102,16,block,block,16,3,stack_nonlinear,32,9401102,1584,48,76032,BPTT,True,27921,27921,223368,0,0.01111060002585873,0.015625,0.0002321156243851874,3.225157911705117,4.824298190840047,,7.19703130016569e-05,325509120
n16_block16_d3_stack_nonlinear_T32_s9401102,16,block,block,16,3,stack_nonlinear,32,9401102,1584,48,76032,RTRL,True,76032,76032,608256,0,0.02556830004323274,0.0234375,0.0007963968710100744,11.065630227170747,11.101929990670296,7375104,7.19703130016569e-05,325509120
n16_block16_d3_stack_nonlinear_T32_s9401102,16,block,block,16,3,stack_nonlinear,32,9401102,1584,48,76032,packed_exact,True,50688,52368,418944,13440,0.03479349997360259,0.0390625,0.0009731312529766001,13.521286936103731,15.107574621080905,3835392,7.19703130016569e-05,325509120
n16_block16_d3_stack_nonlinear_T32_s9401102,16,block,block,16,3,stack_nonlinear,32,9401102,1584,48,76032,SnAp1,False,26928,29328,234624,19200,0.05845335003687069,0.0625,0.00172623594153265,23.985388829598513,25.38084263452009,1483152,7.19703130016569e-05,325509120
n16_block16_d3_stack_nonlinear_T32_s9401102,16,block,block,16,3,stack_nonlinear,32,9401102,1584,48,76032,SnAp2,True,50688,52368,418944,13440,0.03391584998462349,0.03125,0.0009482078148721484,13.174985286646159,14.726493019352073,3835392,7.19703130016569e-05,325509120
n16_block16_d3_stack_nonlinear_T32_s9401102,16,block,block,16,3,stack_nonlinear,32,9401102,1584,48,76032,local_block,False,25344,26976,215808,13056,0.029385949950665236,0.0234375,0.0008278468740172684,11.502616002214825,12.759579577445317,836352,7.19703130016569e-05,325509120
n16_block16_d3_stack_nonlinear_T32_s9401103,16,block,block,16,3,stack_nonlinear,32,9401103,1584,48,76032,BPTT,True,27921,27921,223368,0,0.01093044999288395,0.0078125,0.00022295781309367158,2.9198486100553587,4.473276072970754,,7.635937436134554e-05,325513216
n16_block16_d3_stack_nonlinear_T32_s9401103,16,block,block,16,3,stack_nonlinear,32,9401103,1584,48,76032,RTRL,True,76032,76032,608256,0,0.026218999933917075,0.03125,0.0008167015676008305,10.695498416946945,10.730100328711897,7375104,7.635937436134554e-05,325513216
n16_block16_d3_stack_nonlinear_T32_s9401103,16,block,block,16,3,stack_nonlinear,32,9401103,1584,48,76032,packed_exact,True,50688,52368,418944,13440,0.03411285002948716,0.03125,0.0009523031258140691,12.471332220554986,13.960650834786241,3835392,7.635937436134554e-05,325513216
n16_block16_d3_stack_nonlinear_T32_s9401103,16,block,block,16,3,stack_nonlinear,32,9401103,1584,48,76032,SnAp1,False,26928,29328,234624,19200,0.058450100012123585,0.0625,0.00172633594047511,22.60804197145192,23.92064681849334,1483152,7.635937436134554e-05,325513216
n16_block16_d3_stack_nonlinear_T32_s9401103,16,block,block,16,3,stack_nonlinear,32,9401103,1584,48,76032,SnAp2,True,50688,52368,418944,13440,0.03339100000448525,0.03125,0.0009316359373769956,12.200675361329388,13.665234411197405,3835392,7.635937436134554e-05,325513216
n16_block16_d3_stack_nonlinear_T32_s9401103,16,block,block,16,3,stack_nonlinear,32,9401103,1584,48,76032,local_block,False,25344,26976,215808,13056,0.02911714999936521,0.03125,0.0008206562506529735,10.747288823628761,11.91616543601195,836352,7.635937436134554e-05,325513216
n16_block16_d3_stack_nonlinear_T32_s9401104,16,block,block,16,3,stack_nonlinear,32,9401104,1584,48,76032,BPTT,True,27921,27921,223368,0,0.011418999987654388,0.015625,0.00023670937662245706,3.230493699770059,4.870028814995535,,7.327343701035716e-05,325513216
n16_block16_d3_stack_nonlinear_T32_s9401104,16,block,block,16,3,stack_nonlinear,32,9401104,1584,48,76032,RTRL,True,76032,76032,608256,0,0.02584274997934699,0.015625,0.0008050437518249964,10.986843045334478,11.021537542185195,7375104,7.327343701035716e-05,325513216
n16_block16_d3_stack_nonlinear_T32_s9401104,16,block,block,16,3,stack_nonlinear,32,9401104,1584,48,76032,packed_exact,True,50688,52368,418944,13440,0.03480289998697117,0.0390625,0.0009714531279314542,13.257916750843009,14.84290445443577,3835392,7.327343701035716e-05,325513216
n16_block16_d3_stack_nonlinear_T32_s9401104,16,block,block,16,3,stack_nonlinear,32,9401104,1584,48,76032,SnAp1,False,26928,29328,234624,19200,0.06801410001935437,0.0625,0.002006378132136888,27.38206659874966,29.006973226933443,1483152,7.327343701035716e-05,325513216
n16_block16_d3_stack_nonlinear_T32_s9401104,16,block,block,16,3,stack_nonlinear,32,9401104,1584,48,76032,SnAp2,True,50688,52368,418944,13440,0.034713199944235384,0.0390625,0.0009672703126852866,13.200831735906746,14.804648758376404,3835392,7.327343701035716e-05,325513216
n16_block16_d3_stack_nonlinear_T32_s9401104,16,block,block,16,3,stack_nonlinear,32,9401104,1584,48,76032,local_block,False,25344,26976,215808,13056,0.029895850049797446,0.03125,0.000844162497742218,11.520716540468767,12.750122720790554,836352,7.327343701035716e-05,325513216
n16_block16_d3_stack_nonlinear_T128_s9401100,16,block,block,16,3,stack_nonlinear,128,9401100,1584,48,76032,BPTT,True,113937,113937,911496,0,0.043221250001806766,0.046875,0.0002229093747700972,3.1255367357715578,4.7346036360748265,,7.131875054255943e-05,325513216
n16_block16_d3_stack_nonlinear_T128_s9401100,16,block,block,16,3,stack_nonlinear,128,9401100,1584,48,76032,RTRL,True,76032,76032,608256,0,0.10394214995903894,0.1015625,0.0008100511722659576,11.358179526470531,11.38617881521077,7375104,7.131875054255943e-05,325513216
n16_block16_d3_stack_nonlinear_T128_s9401100,16,block,block,16,3,stack_nonlinear,128,9401100,1584,48,76032,packed_exact,True,50688,52368,418944,13440,0.12615685001946986,0.125,0.0009561390620547172,13.40655935193567,13.81965308252213,3835392,7.131875054255943e-05,325513216
n16_block16_d3_stack_nonlinear_T128_s9401100,16,block,block,16,3,stack_nonlinear,128,9401100,1584,48,76032,SnAp1,False,26928,29328,234624,19200,0.22354415000882,0.21875,0.0017194066399497387,24.108759994662044,24.487791200179817,1483152,7.131875054255943e-05,325513216
n16_block16_d3_stack_nonlinear_T128_s9401100,16,block,block,16,3,stack_nonlinear,128,9401100,1584,48,76032,SnAp2,True,50688,52368,418944,13440,0.12159420002717525,0.1171875,0.0009203527342833695,12.904779280087773,13.319844788158784,3835392,7.131875054255943e-05,325513216
n16_block16_d3_stack_nonlinear_T128_s9401100,16,block,block,16,3,stack_nonlinear,128,9401100,1584,48,76032,local_block,False,25344,26976,215808,13056,0.10784964996855706,0.109375,0.0008192679702005989,11.487413393644651,11.81421973841992,836352,7.131875054255943e-05,325513216
n16_block16_d3_stack_nonlinear_T128_s9401101,16,block,block,16,3,stack_nonlinear,128,9401101,1584,48,76032,BPTT,True,113937,113937,911496,0,0.04447139997500926,0.0390625,0.0002301671875102329,3.1916928824421738,4.817797211475548,,7.211445335997269e-05,325513216
n16_block16_d3_stack_nonlinear_T128_s9401101,16,block,block,16,3,stack_nonlinear,128,9401101,1584,48,76032,RTRL,True,76032,76032,608256,0,0.10931994998827577,0.1171875,0.0008519175794390321,11.813409652937773,11.84314751746359,7375104,7.211445335997269e-05,325513216
n16_block16_d3_stack_nonlinear_T128_s9401101,16,block,block,16,3,stack_nonlinear,128,9401101,1584,48,76032,packed_exact,True,50688,52368,418944,13440,0.12208775006001815,0.1171875,0.0009233332034455088,12.803719094097818,13.226343720346453,3835392,7.211445335997269e-05,325513216
n16_block16_d3_stack_nonlinear_T128_s9401101,16,block,block,16,3,stack_nonlinear,128,9401101,1584,48,76032,SnAp1,False,26928,29328,234624,19200,0.2205055999220349,0.21875,0.0016938222661337932,23.487972066830554,23.88841513908066,1483152,7.211445335997269e-05,325513216
n16_block16_d3_stack_nonlinear_T128_s9401101,16,block,block,16,3,stack_nonlinear,128,9401101,1584,48,76032,SnAp2,True,50688,52368,418944,13440,0.132630150008481,0.1328125,0.001006336327009194,13.954710604070996,14.368451796604594,3835392,7.211445335997269e-05,325513216
n16_block16_d3_stack_nonlinear_T128_s9401101,16,block,block,16,3,stack_nonlinear,128,9401101,1584,48,76032,local_block,False,25344,26976,215808,13056,0.11239125003339723,0.1015625,0.0008532937495147053,11.83249279108213,12.175875985677004,836352,7.211445335997269e-05,325513216
n16_block16_d3_stack_nonlinear_T128_s9401102,16,block,block,16,3,stack_nonlinear,128,9401102,1584,48,76032,BPTT,True,113937,113937,911496,0,0.04461520002223551,0.046875,0.00023029062549539958,3.1883616094559173,4.8257429689077185,,7.222851536425878e-05,325513216
n16_block16_d3_stack_nonlinear_T128_s9401102,16,block,block,16,3,stack_nonlinear,128,9401102,1584,48,76032,RTRL,True,76032,76032,608256,0,0.10382920003030449,0.109375,0.0008091480485745706,11.202612216157576,11.230545459032752,7375104,7.222851536425878e-05,325513216
n16_block16_d3_stack_nonlinear_T128_s9401102,16,block,block,16,3,stack_nonlinear,128,9401102,1584,48,76032,packed_exact,True,50688,52368,418944,13440,0.12110410002060235,0.1171875,0.000916410156605707,12.687650465804522,13.09906172983769,3835392,7.222851536425878e-05,325513216
n16_block16_d3_stack_nonlinear_T128_s9401102,16,block,block,16,3,stack_nonlinear,128,9401102,1584,48,76032,SnAp1,False,26928,29328,234624,19200,0.2254559500142932,0.234375,0.0017350160151181626,24.021205563595313,24.386138917625544,1483152,7.222851536425878e-05,325513216
n16_block16_d3_stack_nonlinear_T128_s9401102,16,block,block,16,3,stack_nonlinear,128,9401102,1584,48,76032,SnAp2,True,50688,52368,418944,13440,0.12966739997500554,0.1171875,0.0009816253909775696,13.590551958974814,14.025299526037497,3835392,7.222851536425878e-05,325513216
n16_block16_d3_stack_nonlinear_T128_s9401102,16,block,block,16,3,stack_nonlinear,128,9401102,1584,48,76032,local_block,False,25344,26976,215808,13056,0.1063995499862358,0.109375,0.0008079246081251767,11.185673747420902,11.508563897172353,836352,7.222851536425878e-05,325513216
n16_block16_d3_stack_nonlinear_T128_s9401103,16,block,block,16,3,stack_nonlinear,128,9401103,1584,48,76032,BPTT,True,113937,113937,911496,0,0.0688553000218235,0.0703125,0.00023904257841422805,3.290066088207087,7.403835526196705,,7.265585918503348e-05,325513216
n16_block16_d3_stack_nonlinear_T128_s9401103,16,block,block,16,3,stack_nonlinear,128,9401103,1584,48,76032,RTRL,True,76032,76032,608256,0,0.10391740000341088,0.109375,0.0008098093740045442,11.145823380082723,11.173974083206259,7375104,7.265585918503348e-05,325513216
n16_block16_d3_stack_nonlinear_T128_s9401103,16,block,block,16,3,stack_nonlinear,128,9401103,1584,48,76032,packed_exact,True,50688,52368,418944,13440,0.12233704997925088,0.125,0.0009254863271053182,12.737944846930679,13.154592261153468,3835392,7.265585918503348e-05,325513216
n16_block16_d3_stack_nonlinear_T128_s9401103,16,block,block,16,3,stack_nonlinear,128,9401103,1584,48,76032,SnAp1,False,26928,29328,234624,19200,0.21925435005687177,0.21875,0.001685469529547845,23.19798497262886,23.575863378849967,1483152,7.265585918503348e-05,325513216
n16_block16_d3_stack_nonlinear_T128_s9401103,16,block,block,16,3,stack_nonlinear,128,9401103,1584,48,76032,SnAp2,True,50688,52368,418944,13440,0.12306524999439716,0.125,0.0009317164067397243,12.823692640767097,13.232893759231441,3835392,7.265585918503348e-05,325513216
n16_block16_d3_stack_nonlinear_T128_s9401103,16,block,block,16,3,stack_nonlinear,128,9401103,1584,48,76032,local_block,False,25344,26976,215808,13056,0.10883984994143248,0.109375,0.0008256050778072677,11.36322778462629,11.703272622541618,836352,7.265585918503348e-05,325513216
n16_block16_d3_stack_nonlinear_T128_s9401104,16,block,block,16,3,stack_nonlinear,128,9401104,1584,48,76032,BPTT,True,113937,113937,911496,0,0.04443449998507276,0.046875,0.00022813789064457524,3.183955737172117,4.844845450298439,,7.165234364947537e-05,325513216
n16_block16_d3_stack_nonlinear_T128_s9401104,16,block,block,16,3,stack_nonlinear,128,9401104,1584,48,76032,RTRL,True,76032,76032,608256,0,0.10251960001187399,0.1015625,0.0007989374994394893,11.150193542138787,11.17806249312586,7375104,7.165234364947537e-05,325513216
n16_block16_d3_stack_nonlinear_T128_s9401104,16,block,block,16,3,stack_nonlinear,128,9401104,1584,48,76032,packed_exact,True,50688,52368,418944,13440,0.1217637499794364,0.125,0.0009220507795362209,12.868396657713122,13.27631795783294,3835392,7.165234364947537e-05,325513216
n16_block16_d3_stack_nonlinear_T128_s9401104,16,block,block,16,3,stack_nonlinear,128,9401104,1584,48,76032,SnAp1,False,26928,29328,234624,19200,0.22221345000434667,0.21875,0.0017097097666010086,23.861184150025036,24.228692178607748,1483152,7.165234364947537e-05,325513216
n16_block16_d3_stack_nonlinear_T128_s9401104,16,block,block,16,3,stack_nonlinear,128,9401104,1584,48,76032,SnAp2,True,50688,52368,418944,13440,0.12380370002938434,0.125,0.0009375734371133149,13.085035176238504,13.498740686155449,3835392,7.165234364947537e-05,325513216
n16_block16_d3_stack_nonlinear_T128_s9401104,16,block,block,16,3,stack_nonlinear,128,9401104,1584,48,76032,local_block,False,25344,26976,215808,13056,0.10648820002097636,0.109375,0.0008083878897195973,11.282085812492697,11.610772520348247,836352,7.165234364947537e-05,325513216
n16_lowrank0_d1_stack_nonlinear_T32_s9401100,16,lowrank,lowrank,0,1,stack_nonlinear,32,9401100,288,16,4608,BPTT,True,8977,8977,71816,0,0.003386200056411326,0.0078125,6.778750139346812e-05,2.5942715277682544,4.049752080533259,,2.612968637549784e-05,325513216
n16_lowrank0_d1_stack_nonlinear_T32_s9401100,16,lowrank,lowrank,0,1,stack_nonlinear,32,9401100,288,16,4608,RTRL,True,4608,4608,36864,0,0.0032167500467039645,0.0,9.90390581137035e-05,3.7902888190259247,3.847097034190241,152064,2.612968637549784e-05,325513216
n16_lowrank0_d1_stack_nonlinear_T32_s9401100,16,lowrank,lowrank,0,1,stack_nonlinear,32,9401100,288,16,4608,packed_exact,True,288,592,4736,2432,0.011949349951464683,0.015625,0.00035415624915913213,13.553788747010344,14.290917258518252,864,2.612968637549784e-05,325513216
n16_lowrank0_d1_stack_nonlinear_T32_s9401100,16,lowrank,lowrank,0,1,stack_nonlinear,32,9401100,288,16,4608,SnAp1,True,288,592,4736,2432,0.012650949938688427,0.0078125,0.00037874531517445575,14.494828209251311,15.13000117577879,864,2.612968637549784e-05,325513216
n16_lowrank0_d1_stack_nonlinear_T32_s9401100,16,lowrank,lowrank,0,1,stack_nonlinear,32,9401100,288,16,4608,SnAp2,True,288,592,4736,2432,0.012284049938898534,0.0078125,0.00036752031155629084,14.065240059709236,14.691204290555335,864,2.612968637549784e-05,325513216
n16_lowrank0_d1_stack_nonlinear_T32_s9401100,16,lowrank,lowrank,0,1,stack_nonlinear,32,9401100,288,16,4608,local_block,True,288,592,4736,2432,0.01217119995271787,0.015625,0.0003635500015661819,13.913293728128618,14.556240478993761,864,2.612968637549784e-05,325513216
n16_lowrank0_d1_stack_nonlinear_T32_s9401100,16,lowrank,lowrank,0,1,stack_nonlinear,32,9401100,288,16,4608,online_svd_factor,True,4864,4864,38912,0,0.008734600036405027,0.0078125,0.00027107813002658077,10.374335387384304,10.446212297198173,,2.612968637549784e-05,325513216
n16_lowrank0_d1_stack_nonlinear_T32_s9401101,16,lowrank,lowrank,0,1,stack_nonlinear,32,9401101,288,16,4608,BPTT,True,8977,8977,71816,0,0.0033305500401183963,0.0078125,6.655312427028548e-05,2.462792667241597,3.851459973996203,,2.702343772398308e-05,325513216
n16_lowrank0_d1_stack_nonlinear_T32_s9401101,16,lowrank,lowrank,0,1,stack_nonlinear,32,9401101,288,16,4608,RTRL,True,4608,4608,36864,0,0.0032246499322354794,0.0,9.924531332217157e-05,3.6725643249338393,3.728996710619312,152064,2.702343772398308e-05,325513216
n16_lowrank0_d1_stack_nonlinear_T32_s9401101,16,lowrank,lowrank,0,1,stack_nonlinear,32,9401101,288,16,4608,packed_exact,True,288,592,4736,2432,0.012861749972216785,0.015625,0.00038484687320305966,14.24122560326628,14.873373652052612,864,2.702343772398308e-05,325513216
n16_lowrank0_d1_stack_nonlinear_T32_s9401101,16,lowrank,lowrank,0,1,stack_nonlinear,32,9401101,288,16,4608,SnAp1,True,288,592,4736,2432,0.012167499982751906,0.0078125,0.00036392655965755694,13.467071191115522,14.070540482106841,864,2.702343772398308e-05,325513216
n16_lowrank0_d1_stack_nonlinear_T32_s9401101,16,lowrank,lowrank,0,1,stack_nonlinear,32,9401101,288,16,4608,SnAp2,True,288,592,4736,2432,0.012046399991959333,0.015625,0.00036055000418855343,13.342122044989422,13.930500019789594,864,2.702343772398308e-05,325513216
n16_lowrank0_d1_stack_nonlinear_T32_s9401101,16,lowrank,lowrank,0,1,stack_nonlinear,32,9401101,288,16,4608,local_block,True,288,592,4736,2432,0.011804799956735224,0.015625,0.00035287656464788597,13.058167071568061,13.651112875271972,864,2.702343772398308e-05,325513216
n16_lowrank0_d1_stack_nonlinear_T32_s9401101,16,lowrank,lowrank,0,1,stack_nonlinear,32,9401101,288,16,4608,online_svd_factor,True,4864,4864,38912,0,0.008372949960175902,0.0078125,0.00026011562658823095,9.625556498216378,9.682509269473163,,2.702343772398308e-05,325513216
n16_lowrank0_d1_stack_nonlinear_T32_s9401102,16,lowrank,lowrank,0,1,stack_nonlinear,32,9401102,288,16,4608,BPTT,True,8977,8977,71816,0,0.003724199952557683,0.0,8.027656258491334e-05,3.211263290003752,4.6555410318360515,,2.4998436856549233e-05,325513216
n16_lowrank0_d1_stack_nonlinear_T32_s9401102,16,lowrank,lowrank,0,1,stack_nonlinear,32,9401102,288,16,4608,RTRL,True,4608,4608,36864,0,0.0029522500699386,0.0078125,9.085781675821636e-05,3.634539922619718,3.6905433413694033,152064,2.4998436856549233e-05,325513216
n16_lowrank0_d1_stack_nonlinear_T32_s9401102,16,lowrank,lowrank,0,1,stack_nonlinear,32,9401102,288,16,4608,packed_exact,True,288,592,4736,2432,0.012184249993879348,0.0078125,0.0003642859373940155,14.572348642614338,15.231264838424348,864,2.4998436856549233e-05,325513216
n16_lowrank0_d1_stack_nonlinear_T32_s9401102,16,lowrank,lowrank,0,1,stack_nonlinear,32,9401102,288,16,4608,SnAp1,True,288,592,4736,2432,0.011784249974880368,0.015625,0.0003522468759911135,14.090756074567512,14.731233549850266,864,2.4998436856549233e-05,325513216
n16_lowrank0_d1_stack_nonlinear_T32_s9401102,16,lowrank,lowrank,0,1,stack_nonlinear,32,9401102,288,16,4608,SnAp2,True,288,592,4736,2432,0.011941250006202608,0.015625,0.0003560531222319696,14.243015444331224,14.927495860448884,864,2.4998436856549233e-05,325513216
n16_lowrank0_d1_stack_nonlinear_T32_s9401102,16,lowrank,lowrank,0,1,stack_nonlinear,32,9401102,288,16,4608,local_block,True,288,592,4736,2432,0.012439350015483797,0.0078125,0.0003724250018422026,14.897931577855141,15.550159804573022,864,2.4998436856549233e-05,325513216
n16_lowrank0_d1_stack_nonlinear_T32_s9401102,16,lowrank,lowrank,0,1,stack_nonlinear,32,9401102,288,16,4608,online_svd_factor,True,4864,4864,38912,0,0.008545000047888607,0.0078125,0.00026554999749350827,10.622664089652389,10.681917954664456,,2.4998436856549233e-05,325513216
n16_lowrank0_d1_stack_nonlinear_T32_s9401103,16,lowrank,lowrank,0,1,stack_nonlinear,32,9401103,288,16,4608,BPTT,True,8977,8977,71816,0,0.003180750005412847,0.0078125,6.355468758556526e-05,2.7152870570253227,4.246662229724889,,2.3406249965773895e-05,325513216
n16_lowrank0_d1_stack_nonlinear_T32_s9401103,16,lowrank,lowrank,0,1,stack_nonlinear,32,9401103,288,16,4608,RTRL,True,4608,4608,36864,0,0.0034810000215657055,0.0,0.0001073093771992717,4.584646295591403,4.647530075641982,152064,2.3406249965773895e-05,325513216
n16_lowrank0_d1_stack_nonlinear_T32_s9401103,16,lowrank,lowrank,0,1,stack_nonlinear,32,9401103,288,16,4608,packed_exact,True,288,592,4736,2432,0.01199445000384003,0.015625,0.00035815937553707045,15.30186920419947,16.013951964458045,864,2.3406249965773895e-05,325513216
n16_lowrank0_d1_stack_nonlinear_T32_s9401103,16,lowrank,lowrank,0,1,stack_nonlinear,32,9401103,288,16,4608,SnAp1,True,288,592,4736,2432,0.011888649954926223,0.015625,0.0003552828111423878,15.178971926810355,15.872696892270442,864,2.3406249965773895e-05,325513216
n16_lowrank0_d1_stack_nonlinear_T32_s9401103,16,lowrank,lowrank,0,1,stack_nonlinear,32,9401103,288,16,4608,SnAp2,True,288,592,4736,2432,0.01220485003432259,0.0078125,0.0003648203128250316,15.586448634808866,16.29485988273604,864,2.3406249965773895e-05,325513216
n16_lowrank0_d1_stack_nonlinear_T32_s9401103,16,lowrank,lowrank,0,1,stack_nonlinear,32,9401103,288,16,4608,local_block,True,288,592,4736,2432,0.012141399958636612,0.015625,0.0003634015592979267,15.525834331826566,16.210146830962,864,2.3406249965773895e-05,325513216
n16_lowrank0_d1_stack_nonlinear_T32_s9401103,16,lowrank,lowrank,0,1,stack_nonlinear,32,9401103,288,16,4608,online_svd_factor,True,4864,4864,38912,0,0.008144250023178756,0.0078125,0.00025311249737569597,10.813885083933272,10.873498044175962,,2.3406249965773895e-05,325513216
n16_lowrank0_d1_stack_nonlinear_T32_s9401104,16,lowrank,lowrank,0,1,stack_nonlinear,32,9401104,288,16,4608,BPTT,True,8977,8977,71816,0,0.0031896998989395797,0.0,6.366249908751342e-05,2.718985610413659,4.257190384381873,,2.3414062525262125e-05,325513216
n16_lowrank0_d1_stack_nonlinear_T32_s9401104,16,lowrank,lowrank,0,1,stack_nonlinear,32,9401104,288,16,4608,RTRL,True,4608,4608,36864,0,0.0029512500041164458,0.0078125,9.086718455364462e-05,3.880880750856684,3.93893894018319,152064,2.3414062525262125e-05,325513216
n16_lowrank0_d1_stack_nonlinear_T32_s9401104,16,lowrank,lowrank,0,1,stack_nonlinear,32,9401104,288,16,4608,packed_exact,True,288,592,4736,2432,0.011882950027938932,0.0078125,0.00035510312591213733,15.166232922159752,15.859793146637392,864,2.3414062525262125e-05,325513216
n16_lowrank0_d1_stack_nonlinear_T32_s9401104,16,lowrank,lowrank,0,1,stack_nonlinear,32,9401104,288,16,4608,SnAp1,True,288,592,4736,2432,0.012398549995850772,0.015625,0.0003715656239364762,15.869335940125001,16.547947924556034,864,2.3414062525262125e-05,325513216
n16_lowrank0_d1_stack_nonlinear_T32_s9401104,16,lowrank,lowrank,0,1,stack_nonlinear,32,9401104,288,16,4608,SnAp2,True,288,592,4736,2432,0.011962050048168749,0.015625,0.00035794843824987765,15.287754436620151,15.965365412429147,864,2.3414062525262125e-05,325513216
n16_lowrank0_d1_stack_nonlinear_T32_s9401104,16,lowrank,lowrank,0,1,stack_nonlinear,32,9401104,288,16,4608,local_block,True,288,592,4736,2432,0.012137649988289922,0.0,0.0003631593735917704,15.510310233431172,16.199733033292297,864,2.3414062525262125e-05,325513216
n16_lowrank0_d1_stack_nonlinear_T32_s9401104,16,lowrank,lowrank,0,1,stack_nonlinear,32,9401104,288,16,4608,online_svd_factor,True,4864,4864,38912,0,0.008470600005239248,0.0078125,0.0002632656269270228,11.243910647414465,11.305438766900323,,2.3414062525262125e-05,325513216
n16_lowrank0_d1_stack_nonlinear_T128_s9401100,16,lowrank,lowrank,0,1,stack_nonlinear,128,9401100,288,16,4608,BPTT,True,36625,36625,293000,0,0.012666850001551211,0.015625,6.272539076235262e-05,2.8579539744874203,4.508899061123038,,2.1947656023257878e-05,325513216
n16_lowrank0_d1_stack_nonlinear_T128_s9401100,16,lowrank,lowrank,0,1,stack_nonlinear,128,9401100,288,16,4608,RTRL,True,4608,4608,36864,0,0.011499100073706359,0.0078125,8.878789139998844e-05,4.045438442533459,4.093226139075224,152064,2.1947656023257878e-05,325513216
n16_lowrank0_d1_stack_nonlinear_T128_s9401100,16,lowrank,lowrank,0,1,stack_nonlinear,128,9401100,288,16,4608,packed_exact,True,288,592,4736,2432,0.044168799999170005,0.046875,0.000340199218953785,15.500480716176558,15.722350925668197,864,2.1947656023257878e-05,325513216
n16_lowrank0_d1_stack_nonlinear_T128_s9401100,16,lowrank,lowrank,0,1,stack_nonlinear,128,9401100,288,16,4608,SnAp1,True,288,592,4736,2432,0.045044400030747056,0.046875,0.0003468023437562806,15.801338575234412,16.034030006087843,864,2.1947656023257878e-05,325513216
n16_lowrank0_d1_stack_nonlinear_T128_s9401100,16,lowrank,lowrank,0,1,stack_nonlinear,128,9401100,288,16,4608,SnAp2,True,288,592,4736,2432,0.047011550050228834,0.046875,0.00036224179802957224,16.504805690671727,16.734257835014795,864,2.1947656023257878e-05,325513216
n16_lowrank0_d1_stack_nonlinear_T128_s9401100,16,lowrank,lowrank,0,1,stack_nonlinear,128,9401100,288,16,4608,local_block,True,288,592,4736,2432,0.0457402000320144,0.046875,0.0003523175782902399,16.0526289421016,16.281707366446536,864,2.1947656023257878e-05,325513216
n16_lowrank0_d1_stack_nonlinear_T128_s9401100,16,lowrank,lowrank,0,1,stack_nonlinear,128,9401100,288,16,4608,online_svd_factor,True,4864,4864,38912,0,0.03569640003843233,0.03125,0.00027750429762818385,12.643915019176227,12.706510663586403,,2.1947656023257878e-05,325513216
n16_lowrank0_d1_stack_nonlinear_T128_s9401101,16,lowrank,lowrank,0,1,stack_nonlinear,128,9401101,288,16,4608,BPTT,True,36625,36625,293000,0,0.015408799983561039,0.0,7.781601561873686e-05,2.9045987600029988,4.493409567739199,,2.6790624815475894e-05,325513216
n16_lowrank0_d1_stack_nonlinear_T128_s9401101,16,lowrank,lowrank,0,1,stack_nonlinear,128,9401101,288,16,4608,RTRL,True,4608,4608,36864,0,0.012543749995529652,0.0078125,9.674492048361572e-05,3.611148345735108,3.657923154650196,152064,2.6790624815475894e-05,325513216
n16_lowrank0_d1_stack_nonlinear_T128_s9401101,16,lowrank,lowrank,0,1,stack_nonlinear,128,9401101,288,16,4608,packed_exact,True,288,592,4736,2432,0.04701780003961176,0.046875,0.0003622289068516693,13.520733814405995,13.711011420580109,864,2.6790624815475894e-05,325513216
n16_lowrank0_d1_stack_nonlinear_T128_s9401101,16,lowrank,lowrank,0,1,stack_nonlinear,128,9401101,288,16,4608,SnAp1,True,288,592,4736,2432,0.04572424996877089,0.046875,0.00035123984389429097,13.110550661416209,13.33379513697158,864,2.6790624815475894e-05,325513216
n16_lowrank0_d1_stack_nonlinear_T128_s9401101,16,lowrank,lowrank,0,1,stack_nonlinear,128,9401101,288,16,4608,SnAp2,True,288,592,4736,2432,0.04540055000688881,0.046875,0.0003498488272271061,13.058628891141506,13.239399953222712,864,2.6790624815475894e-05,325513216
n16_lowrank0_d1_stack_nonlinear_T128_s9401101,16,lowrank,lowrank,0,1,stack_nonlinear,128,9401101,288,16,4608,local_block,True,288,592,4736,2432,0.044982950028497726,0.046875,0.0003466484372438572,12.939169565153701,13.117622284592315,864,2.6790624815475894e-05,325513216
n16_lowrank0_d1_stack_nonlinear_T128_s9401101,16,lowrank,lowrank,0,1,stack_nonlinear,128,9401101,288,16,4608,online_svd_factor,True,4864,4864,38912,0,0.03149730002041906,0.03125,0.0002449796861583309,9.14423190372237,9.18502864731163,,2.6790624815475894e-05,325513216
n16_lowrank0_d1_stack_nonlinear_T128_s9401102,16,lowrank,lowrank,0,1,stack_nonlinear,128,9401102,288,16,4608,BPTT,True,36625,36625,293000,0,0.01295370003208518,0.015625,6.50667971058283e-05,2.896181857114875,4.504538110756649,,2.2466405880550155e-05,325513216
n16_lowrank0_d1_stack_nonlinear_T128_s9401102,16,lowrank,lowrank,0,1,stack_nonlinear,128,9401102,288,16,4608,RTRL,True,4608,4608,36864,0,0.012063699949067086,0.0078125,9.303320393883041e-05,4.140991862849414,4.195048213460776,152064,2.2466405880550155e-05,325513216
n16_lowrank0_d1_stack_nonlinear_T128_s9401102,16,lowrank,lowrank,0,1,stack_nonlinear,128,9401102,288,16,4608,packed_exact,True,288,592,4736,2432,0.045707550016231835,0.046875,0.0003519949209476181,15.667611580557738,15.894408584995563,864,2.2466405880550155e-05,325513216
n16_lowrank0_d1_stack_nonlinear_T128_s9401102,16,lowrank,lowrank,0,1,stack_nonlinear,128,9401102,288,16,4608,SnAp1,True,288,592,4736,2432,0.0450517000281252,0.046875,0.00034720507755992003,15.454411328894665,15.666342375414665,864,2.2466405880550155e-05,325513216
n16_lowrank0_d1_stack_nonlinear_T128_s9401102,16,lowrank,lowrank,0,1,stack_nonlinear,128,9401102,288,16,4608,SnAp2,True,288,592,4736,2432,0.04536529997130856,0.046875,0.0003494710945233237,15.555273788847167,15.775394066599548,864,2.2466405880550155e-05,325513216
n16_lowrank0_d1_stack_nonlinear_T128_s9401102,16,lowrank,lowrank,0,1,stack_nonlinear,128,9401102,288,16,4608,local_block,True,288,592,4736,2432,0.04579809994902462,0.046875,0.00035291992162456154,15.708784195432655,15.925896547676594,864,2.2466405880550155e-05,325513216
n16_lowrank0_d1_stack_nonlinear_T128_s9401102,16,lowrank,lowrank,0,1,stack_nonlinear,128,9401102,288,16,4608,online_svd_factor,True,4864,4864,38912,0,0.03255454997997731,0.03125,0.00025312656316600624,11.266891754374718,11.320565606746914,,2.2466405880550155e-05,325513216
n16_lowrank0_d1_stack_nonlinear_T128_s9401103,16,lowrank,lowrank,0,1,stack_nonlinear,128,9401103,288,16,4608,BPTT,True,36625,36625,293000,0,0.01328249997459352,0.0,6.450195314755547e-05,2.7438061520973194,4.414183816233519,,2.350820341234794e-05,325513216
n16_lowrank0_d1_stack_nonlinear_T128_s9401103,16,lowrank,lowrank,0,1,stack_nonlinear,128,9401103,288,16,4608,RTRL,True,4608,4608,36864,0,0.01216645009117201,0.015625,9.393476511831977e-05,3.995829178038315,4.0432860678479186,152064,2.350820341234794e-05,325513216
n16_lowrank0_d1_stack_nonlinear_T128_s9401103,16,lowrank,lowrank,0,1,stack_nonlinear,128,9401103,288,16,4608,packed_exact,True,288,592,4736,2432,0.04433795000659302,0.046875,0.00034139101717300946,14.522207894189402,14.73486630818256,864,2.350820341234794e-05,325513216
n16_lowrank0_d1_stack_nonlinear_T128_s9401103,16,lowrank,lowrank,0,1,stack_nonlinear,128,9401103,288,16,4608,SnAp1,True,288,592,4736,2432,0.04624915006570518,0.046875,0.000356386329713132,15.1600836296123,15.370016948999757,864,2.350820341234794e-05,325513216
n16_lowrank0_d1_stack_nonlinear_T128_s9401103,16,lowrank,lowrank,0,1,stack_nonlinear,128,9401103,288,16,4608,SnAp2,True,288,592,4736,2432,0.04804955003783107,0.046875,0.0003697359370562481,15.727953794292944,15.968345308488315,864,2.350820341234794e-05,325513216
n16_lowrank0_d1_stack_nonlinear_T128_s9401103,16,lowrank,lowrank,0,1,stack_nonlinear,128,9401103,288,16,4608,local_block,True,288,592,4736,2432,0.04523564997361973,0.046875,0.0003484367175587977,14.821920307860596,15.033199654605468,864,2.350820341234794e-05,325513216
n16_lowrank0_d1_stack_nonlinear_T128_s9401103,16,lowrank,lowrank,0,1,stack_nonlinear,128,9401103,288,16,4608,online_svd_factor,True,4864,4864,38912,0,0.03132969996659085,0.03125,0.00024365351691812975,10.364616667820226,10.411824191568227,,2.350820341234794e-05,325513216
n16_lowrank0_d1_stack_nonlinear_T128_s9401104,16,lowrank,lowrank,0,1,stack_nonlinear,128,9401104,288,16,4608,BPTT,True,36625,36625,293000,0,0.012456399970687926,0.0078125,6.319101521512493e-05,2.8760467097671247,4.429178443782527,,2.1971484329696978e-05,325513216
n16_lowrank0_d1_stack_nonlinear_T128_s9401104,16,lowrank,lowrank,0,1,stack_nonlinear,128,9401104,288,16,4608,RTRL,True,4608,4608,36864,0,0.011333500035107136,0.015625,8.748359186938615e-05,3.9816878348606632,4.029903837884932,152064,2.1971484329696978e-05,325513216
n16_lowrank0_d1_stack_nonlinear_T128_s9401104,16,lowrank,lowrank,0,1,stack_nonlinear,128,9401104,288,16,4608,packed_exact,True,288,592,4736,2432,0.044602250040043145,0.03125,0.0003434679688325559,15.63244265515187,15.859423660642724,864,2.1971484329696978e-05,325513216
n16_lowrank0_d1_stack_nonlinear_T128_s9401104,16,lowrank,lowrank,0,1,stack_nonlinear,128,9401104,288,16,4608,SnAp1,True,288,592,4736,2432,0.04530569998314604,0.046875,0.0003490742205940478,15.887603011064392,16.109552536690632,864,2.1971484329696978e-05,325513216
n16_lowrank0_d1_stack_nonlinear_T128_s9401104,16,lowrank,lowrank,0,1,stack_nonlinear,128,9401104,288,16,4608,SnAp2,True,288,592,4736,2432,0.04471729998476803,0.046875,0.0003445945317253063,15.683716518849266,15.90033248954457,864,2.1971484329696978e-05,325513216
n16_lowrank0_d1_stack_nonlinear_T128_s9401104,16,lowrank,lowrank,0,1,stack_nonlinear,128,9401104,288,16,4608,local_block,True,288,592,4736,2432,0.04625840007793158,0.046875,0.00035615390515886247,16.209824507736133,16.448308415848604,864,2.1971484329696978e-05,325513216
n16_lowrank0_d1_stack_nonlinear_T128_s9401104,16,lowrank,lowrank,0,1,stack_nonlinear,128,9401104,288,16,4608,online_svd_factor,True,4864,4864,38912,0,0.03444675001082942,0.0390625,0.000267852735305496,12.190925805748243,12.248386609723257,,2.1971484329696978e-05,325513216
n16_lowrank0_d3_stack_nonlinear_T32_s9401100,16,lowrank,lowrank,0,3,stack_nonlinear,32,9401100,864,48,41472,BPTT,True,27921,27921,223368,0,0.011195049970410764,0.0078125,0.00023967187553353142,3.134630320331743,4.575571158062431,,7.645937512279488e-05,325513216
n16_lowrank0_d3_stack_nonlinear_T32_s9401100,16,lowrank,lowrank,0,3,stack_nonlinear,32,9401100,864,48,41472,RTRL,True,41472,41472,331776,0,0.013148750003892928,0.015625,0.00040849531069397926,5.342645163368518,5.374075278038109,4022784,7.645937512279488e-05,325513216
n16_lowrank0_d3_stack_nonlinear_T32_s9401100,16,lowrank,lowrank,0,3,stack_nonlinear,32,9401100,864,48,41472,packed_exact,True,14688,16368,130944,13440,0.044082899985369295,0.046875,0.0013159843783796532,17.211550267918916,18.01728855788266,808992,7.645937512279488e-05,325513216
n16_lowrank0_d3_stack_nonlinear_T32_s9401100,16,lowrank,lowrank,0,3,stack_nonlinear,32,9401100,864,48,41472,SnAp1,True,14688,16368,130944,13440,0.04480324999894947,0.046875,0.0013350953158806078,17.46149917830776,18.311705532756278,808992,7.645937512279488e-05,325513216
n16_lowrank0_d3_stack_nonlinear_T32_s9401100,16,lowrank,lowrank,0,3,stack_nonlinear,32,9401100,864,48,41472,SnAp2,True,14688,16368,130944,13440,0.0474684500368312,0.046875,0.0014215828123269603,18.592655381290747,19.401009506926133,808992,7.645937512279488e-05,325513216
n16_lowrank0_d3_stack_nonlinear_T32_s9401100,16,lowrank,lowrank,0,3,stack_nonlinear,32,9401100,864,48,41472,local_block,False,864,1776,14208,7296,0.038539249973837286,0.0390625,0.0011582999995880527,15.149221370535738,15.75152242283185,2592,7.645937512279488e-05,325513216
n16_lowrank0_d3_stack_nonlinear_T32_s9401100,16,lowrank,lowrank,0,3,stack_nonlinear,32,9401100,864,48,41472,online_svd_factor,True,43776,43776,350208,0,0.04922530002659187,0.046875,0.0015364031296485336,20.094372039806075,20.11905830201304,,7.645937512279488e-05,325513216
n16_lowrank0_d3_stack_nonlinear_T32_s9401101,16,lowrank,lowrank,0,3,stack_nonlinear,32,9401101,864,48,41472,BPTT,True,27921,27921,223368,0,0.010140600032173097,0.015625,0.0002104937502735993,3.176514855346625,4.782173847569336,,6.626562753808685e-05,325513216
n16_lowrank0_d3_stack_nonlinear_T32_s9401101,16,lowrank,lowrank,0,3,stack_nonlinear,32,9401101,864,48,41472,RTRL,True,41472,41472,331776,0,0.013397250033449382,0.015625,0.0004160046901233727,6.277835215312339,6.31796723428993,4022784,6.626562753808685e-05,325513216
n16_lowrank0_d3_stack_nonlinear_T32_s9401101,16,lowrank,lowrank,0,3,stack_nonlinear,32,9401101,864,48,41472,packed_exact,True,14688,16368,130944,13440,0.04516029998194426,0.046875,0.0013481671921908855,20.34489436346185,21.29700459902266,808992,6.626562753808685e-05,325513216
n16_lowrank0_d3_stack_nonlinear_T32_s9401101,16,lowrank,lowrank,0,3,stack_nonlinear,32,9401101,864,48,41472,SnAp1,True,14688,16368,130944,13440,0.04538859997410327,0.046875,0.0013525968734029448,20.411741707652673,21.404667878161888,808992,6.626562753808685e-05,325513216
n16_lowrank0_d3_stack_nonlinear_T32_s9401101,16,lowrank,lowrank,0,3,stack_nonlinear,32,9401101,864,48,41472,SnAp2,True,14688,16368,130944,13440,0.04477034992305562,0.046875,0.00133856562206347,20.199999181990933,21.11310927058461,808992,6.626562753808685e-05,325513216
n16_lowrank0_d3_stack_nonlinear_T32_s9401101,16,lowrank,lowrank,0,3,stack_nonlinear,32,9401101,864,48,41472,local_block,False,864,1776,14208,7296,0.03953894996084273,0.0390625,0.0011905234368896345,17.9659271498692,18.646049727155546,2592,6.626562753808685e-05,325513216
n16_lowrank0_d3_stack_nonlinear_T32_s9401101,16,lowrank,lowrank,0,3,stack_nonlinear,32,9401101,864,48,41472,online_svd_factor,True,43776,43776,350208,0,0.04801474994746968,0.046875,0.0014986671867518453,22.61605665607665,22.643125729036857,,6.626562753808685e-05,325513216
n16_lowrank0_d3_stack_nonlinear_T32_s9401102,16,lowrank,lowrank,0,3,stack_nonlinear,32,9401102,864,48,41472,BPTT,True,27921,27921,223368,0,0.009908349951729178,0.015625,0.0002029859369940823,3.004764667644015,4.583485605347022,,6.755468712071888e-05,325513216
n16_lowrank0_d3_stack_nonlinear_T32_s9401102,16,lowrank,lowrank,0,3,stack_nonlinear,32,9401102,864,48,41472,RTRL,True,41472,41472,331776,0,0.01308259996585548,0.0078125,0.00040681562677491456,6.022019257493461,6.051856153258624,4022784,6.755468712071888e-05,325513216
n16_lowrank0_d3_stack_nonlinear_T32_s9401102,16,lowrank,lowrank,0,3,stack_nonlinear,32,9401102,864,48,41472,packed_exact,True,14688,16368,130944,13440,0.0445762500166893,0.046875,0.0013320812449819641,19.718561387184895,20.620446521086883,808992,6.755468712071888e-05,325513216
n16_lowrank0_d3_stack_nonlinear_T32_s9401102,16,lowrank,lowrank,0,3,stack_nonlinear,32,9401102,864,48,41472,SnAp1,True,14688,16368,130944,13440,0.04389550001360476,0.0390625,0.0013117406269884668,19.417462842280838,20.30553961376339,808992,6.755468712071888e-05,325513216
n16_lowrank0_d3_stack_nonlinear_T32_s9401102,16,lowrank,lowrank,0,3,stack_nonlinear,32,9401102,864,48,41472,SnAp2,True,14688,16368,130944,13440,0.044193900015670806,0.046875,0.0013215968720032834,19.563363081552225,20.443575928666313,808992,6.755468712071888e-05,325513216
n16_lowrank0_d3_stack_nonlinear_T32_s9401102,16,lowrank,lowrank,0,3,stack_nonlinear,32,9401102,864,48,41472,local_block,False,864,1776,14208,7296,0.03953050001291558,0.0390625,0.001189498434541747,17.607933442369987,18.286342192601754,2592,6.755468712071888e-05,325513216
n16_lowrank0_d3_stack_nonlinear_T32_s9401102,16,lowrank,lowrank,0,3,stack_nonlinear,32,9401102,864,48,41472,online_svd_factor,True,43776,43776,350208,0,0.05044985003769398,0.0546875,0.0015746406243124511,23.309124672557505,23.33750448522779,,6.755468712071888e-05,325513216
n16_lowrank0_d3_stack_nonlinear_T32_s9401103,16,lowrank,lowrank,0,3,stack_nonlinear,32,9401103,864,48,41472,BPTT,True,27921,27921,223368,0,0.010380249936133623,0.0,0.0002138328109140275,3.2464239121132388,4.924801335201318,,6.586718700418714e-05,325513216
n16_lowrank0_d3_stack_nonlinear_T32_s9401103,16,lowrank,lowrank,0,3,stack_nonlinear,32,9401103,864,48,41472,RTRL,True,41472,41472,331776,0,0.01349879993358627,0.015625,0.0004195031269773608,6.3689242862412385,6.404364860727314,4022784,6.586718700418714e-05,325513216
n16_lowrank0_d3_stack_nonlinear_T32_s9401103,16,lowrank,lowrank,0,3,stack_nonlinear,32,9401103,864,48,41472,packed_exact,True,14688,16368,130944,13440,0.04591555002843961,0.046875,0.0013691718741029035,20.786858166811736,21.78415389589242,808992,6.586718700418714e-05,325513216
n16_lowrank0_d3_stack_nonlinear_T32_s9401103,16,lowrank,lowrank,0,3,stack_nonlinear,32,9401103,864,48,41472,SnAp1,True,14688,16368,130944,13440,0.04501880001043901,0.0390625,0.0013444171872833977,20.411030870316864,21.358700201312484,808992,6.586718700418714e-05,325513216
n16_lowrank0_d3_stack_nonlinear_T32_s9401103,16,lowrank,lowrank,0,3,stack_nonlinear,32,9401103,864,48,41472,SnAp2,True,14688,16368,130944,13440,0.04432639997685328,0.046875,0.0013198109372751787,20.037457151332106,21.03019822584208,808992,6.586718700418714e-05,325513216
n16_lowrank0_d3_stack_nonlinear_T32_s9401103,16,lowrank,lowrank,0,3,stack_nonlinear,32,9401103,864,48,41472,local_block,False,864,1776,14208,7296,0.03811999998288229,0.0390625,0.0011461765607236885,17.401328534810915,18.08563647008858,2592,6.586718700418714e-05,325513216
n16_lowrank0_d3_stack_nonlinear_T32_s9401103,16,lowrank,lowrank,0,3,stack_nonlinear,32,9401103,864,48,41472,online_svd_factor,True,43776,43776,350208,0,0.04754900006810203,0.046875,0.0014842796863376861,22.534432603647264,22.55912723331771,,6.586718700418714e-05,325513216
n16_lowrank0_d3_stack_nonlinear_T32_s9401104,16,lowrank,lowrank,0,3,stack_nonlinear,32,9401104,864,48,41472,BPTT,True,27921,27921,223368,0,0.010031650017481297,0.015625,0.00020587343715305906,2.997042998359625,4.56367860981838,,6.869218668725807e-05,325513216
n16_lowrank0_d3_stack_nonlinear_T32_s9401104,16,lowrank,lowrank,0,3,stack_nonlinear,32,9401104,864,48,41472,RTRL,True,41472,41472,331776,0,0.012918049993459135,0.0,0.0004016187485831324,5.8466438171727315,5.876782815686366,4022784,6.869218668725807e-05,325513216
n16_lowrank0_d3_stack_nonlinear_T32_s9401104,16,lowrank,lowrank,0,3,stack_nonlinear,32,9401104,864,48,41472,packed_exact,True,14688,16368,130944,13440,0.04416410002158955,0.046875,0.001317040623689536,19.17307756827951,20.09148626987409,808992,6.869218668725807e-05,325513216
n16_lowrank0_d3_stack_nonlinear_T32_s9401104,16,lowrank,lowrank,0,3,stack_nonlinear,32,9401104,864,48,41472,SnAp1,True,14688,16368,130944,13440,0.04363359999842942,0.046875,0.0013010906241106568,18.940882316561922,19.850146948427955,808992,6.869218668725807e-05,325513216
n16_lowrank0_d3_stack_nonlinear_T32_s9401104,16,lowrank,lowrank,0,3,stack_nonlinear,32,9401104,864,48,41472,SnAp2,True,14688,16368,130944,13440,0.0444580499897711,0.046875,0.001329374999841093,19.352637671784628,20.225212344827785,808992,6.869218668725807e-05,325513216
n16_lowrank0_d3_stack_nonlinear_T32_s9401104,16,lowrank,lowrank,0,3,stack_nonlinear,32,9401104,864,48,41472,local_block,False,864,1776,14208,7296,0.03846474998863414,0.03125,0.0011571562481549336,16.845529367455384,17.498692283845784,2592,6.869218668725807e-05,325513216
n16_lowrank0_d3_stack_nonlinear_T32_s9401104,16,lowrank,lowrank,0,3,stack_nonlinear,32,9401104,864,48,41472,online_svd_factor,True,43776,43776,350208,0,0.049200600013136864,0.0546875,0.0015354484385170508,22.352592231597512,22.38273120363085,,6.869218668725807e-05,325513216
n16_lowrank0_d3_stack_nonlinear_T128_s9401100,16,lowrank,lowrank,0,3,stack_nonlinear,128,9401100,864,48,41472,BPTT,True,113937,113937,911496,0,0.04353540000738576,0.046875,0.00022544804687640863,3.37797325174431,5.096151127113864,,6.674062524325564e-05,325513216
n16_lowrank0_d3_stack_nonlinear_T128_s9401100,16,lowrank,lowrank,0,3,stack_nonlinear,128,9401100,864,48,41472,RTRL,True,41472,41472,331776,0,0.05325415002880618,0.0546875,0.0004144312497373903,6.209579970623214,6.233805056270302,4022784,6.674062524325564e-05,325513216
n16_lowrank0_d3_stack_nonlinear_T128_s9401100,16,lowrank,lowrank,0,3,stack_nonlinear,128,9401100,864,48,41472,packed_exact,True,14688,16368,130944,13440,0.16770474996883422,0.171875,0.0012941414056513167,19.39060955653984,19.631122039329664,808992,6.674062524325564e-05,325513216
n16_lowrank0_d3_stack_nonlinear_T128_s9401100,16,lowrank,lowrank,0,3,stack_nonlinear,128,9401100,864,48,41472,SnAp1,True,14688,16368,130944,13440,0.16871050000190735,0.15625,0.0013021195331930357,19.510148855319862,19.74885276337885,808992,6.674062524325564e-05,325513216
n16_lowrank0_d3_stack_nonlinear_T128_s9401100,16,lowrank,lowrank,0,3,stack_nonlinear,128,9401100,864,48,41472,SnAp2,True,14688,16368,130944,13440,0.17405224998947233,0.1640625,0.0013424574217424379,20.114546677521542,20.374145403742126,808992,6.674062524325564e-05,325513216
n16_lowrank0_d3_stack_nonlinear_T128_s9401100,16,lowrank,lowrank,0,3,stack_nonlinear,128,9401100,864,48,41472,local_block,False,864,1776,14208,7296,0.14711445005377755,0.1484375,0.0011363632825123204,17.02656033518586,17.220870150018275,2592,6.674062524325564e-05,325513216
n16_lowrank0_d3_stack_nonlinear_T128_s9401100,16,lowrank,lowrank,0,3,stack_nonlinear,128,9401100,864,48,41472,online_svd_factor,True,43776,43776,350208,0,0.19215665000956506,0.1953125,0.0014997164057604095,22.47081744131489,22.493403721168026,,6.674062524325564e-05,325513216
n16_lowrank0_d3_stack_nonlinear_T128_s9401101,16,lowrank,lowrank,0,3,stack_nonlinear,128,9401101,864,48,41472,BPTT,True,113937,113937,911496,0,0.040866199939046055,0.046875,0.0002106035158249142,3.1936085754165653,4.841393185363451,,6.594531259906944e-05,325513216
n16_lowrank0_d3_stack_nonlinear_T128_s9401101,16,lowrank,lowrank,0,3,stack_nonlinear,128,9401101,864,48,41472,RTRL,True,41472,41472,331776,0,0.0517334999749437,0.0546875,0.0004024886711704312,6.103370433884496,6.128835433861465,4022784,6.594531259906944e-05,325513216
n16_lowrank0_d3_stack_nonlinear_T128_s9401101,16,lowrank,lowrank,0,3,stack_nonlinear,128,9401101,864,48,41472,packed_exact,True,14688,16368,130944,13440,0.16780220001237467,0.1640625,0.0012946304696015432,19.63188009241178,19.879421841047975,808992,6.594531259906944e-05,325513216
n16_lowrank0_d3_stack_nonlinear_T128_s9401101,16,lowrank,lowrank,0,3,stack_nonlinear,128,9401101,864,48,41472,SnAp1,True,14688,16368,130944,13440,0.16692975000478327,0.171875,0.0012884375000794535,19.537969406754087,19.77606323350376,808992,6.594531259906944e-05,325513216
n16_lowrank0_d3_stack_nonlinear_T128_s9401101,16,lowrank,lowrank,0,3,stack_nonlinear,128,9401101,864,48,41472,SnAp2,True,14688,16368,130944,13440,0.17312980006681755,0.171875,0.0013361511719267583,20.26150334672328,20.510579292349863,808992,6.594531259906944e-05,325513216
n16_lowrank0_d3_stack_nonlinear_T128_s9401101,16,lowrank,lowrank,0,3,stack_nonlinear,128,9401101,864,48,41472,local_block,False,864,1776,14208,7296,0.1467269500135444,0.1484375,0.0011330457009535166,17.18159572374982,17.382650135424353,2592,6.594531259906944e-05,325513216
n16_lowrank0_d3_stack_nonlinear_T128_s9401101,16,lowrank,lowrank,0,3,stack_nonlinear,128,9401101,864,48,41472,online_svd_factor,True,43776,43776,350208,0,0.1908625999931246,0.1953125,0.0014896734351168561,22.58952723711673,22.611373025280454,,6.594531259906944e-05,325513216
n16_lowrank0_d3_stack_nonlinear_T128_s9401102,16,lowrank,lowrank,0,3,stack_nonlinear,128,9401102,864,48,41472,BPTT,True,113937,113937,911496,0,0.040375900047365576,0.046875,0.0002078894531223341,3.255684628802005,4.939945063949626,,6.38542969682021e-05,325513216
n16_lowrank0_d3_stack_nonlinear_T128_s9401102,16,lowrank,lowrank,0,3,stack_nonlinear,128,9401102,864,48,41472,RTRL,True,41472,41472,331776,0,0.051777700020466,0.046875,0.0004030867175970343,6.312601292874021,6.334942214011509,4022784,6.38542969682021e-05,325513216
n16_lowrank0_d3_stack_nonlinear_T128_s9401102,16,lowrank,lowrank,0,3,stack_nonlinear,128,9401102,864,48,41472,packed_exact,True,14688,16368,130944,13440,0.16807154996786267,0.1640625,0.0012970132797818223,20.312075167434756,20.563361378448793,808992,6.38542969682021e-05,325513216
n16_lowrank0_d3_stack_nonlinear_T128_s9401102,16,lowrank,lowrank,0,3,stack_nonlinear,128,9401102,864,48,41472,SnAp1,True,14688,16368,130944,13440,0.16770859999815002,0.171875,0.0012944128916387854,20.27135139054732,20.518954865919305,808992,6.38542969682021e-05,325513216
n16_lowrank0_d3_stack_nonlinear_T128_s9401102,16,lowrank,lowrank,0,3,stack_nonlinear,128,9401102,864,48,41472,SnAp2,True,14688,16368,130944,13440,0.17234595003537834,0.171875,0.0013289093776620575,20.811588894696033,21.086329324428927,808992,6.38542969682021e-05,325513216
n16_lowrank0_d3_stack_nonlinear_T128_s9401102,16,lowrank,lowrank,0,3,stack_nonlinear,128,9401102,864,48,41472,local_block,False,864,1776,14208,7296,0.15388729999540374,0.1484375,0.0011899765618181846,18.635810247989482,18.827934662138404,2592,6.38542969682021e-05,325513216
n16_lowrank0_d3_stack_nonlinear_T128_s9401102,16,lowrank,lowrank,0,3,stack_nonlinear,128,9401102,864,48,41472,online_svd_factor,True,43776,43776,350208,0,0.19544984999811277,0.1953125,0.0015254703139362391,23.88986154989517,23.913064987163526,,6.38542969682021e-05,325513216
n16_lowrank0_d3_stack_nonlinear_T128_s9401103,16,lowrank,lowrank,0,3,stack_nonlinear,128,9401103,864,48,41472,BPTT,True,113937,113937,911496,0,0.04110669996589422,0.0390625,0.00021253359409456607,3.2474021984663026,4.906944403073098,,6.544726556967362e-05,325513216
n16_lowrank0_d3_stack_nonlinear_T128_s9401103,16,lowrank,lowrank,0,3,stack_nonlinear,128,9401103,864,48,41472,RTRL,True,41472,41472,331776,0,0.05187520000617951,0.046875,0.0004037835910821741,6.16960216087738,6.192390110123565,4022784,6.544726556967362e-05,325513216
n16_lowrank0_d3_stack_nonlinear_T128_s9401103,16,lowrank,lowrank,0,3,stack_nonlinear,128,9401103,864,48,41472,packed_exact,True,14688,16368,130944,13440,0.16818044998217374,0.1640625,0.0012964914071744715,19.809710854829486,20.075854262955797,808992,6.544726556967362e-05,325513216
n16_lowrank0_d3_stack_nonlinear_T128_s9401103,16,lowrank,lowrank,0,3,stack_nonlinear,128,9401103,864,48,41472,SnAp1,True,14688,16368,130944,13440,0.1712656000163406,0.171875,0.0013221554681877024,20.2018442891272,20.44413144661093,808992,6.544726556967362e-05,325513216
n16_lowrank0_d3_stack_nonlinear_T128_s9401103,16,lowrank,lowrank,0,3,stack_nonlinear,128,9401103,864,48,41472,SnAp2,True,14688,16368,130944,13440,0.1749951000092551,0.1796875,0.0013506777345355658,20.637649606577774,20.889325274665154,808992,6.544726556967362e-05,325513216
n16_lowrank0_d3_stack_nonlinear_T128_s9401103,16,lowrank,lowrank,0,3,stack_nonlinear,128,9401103,864,48,41472,local_block,False,864,1776,14208,7296,0.14664819999597967,0.1484375,0.001132621094257047,17.305858150044255,17.505529871968715,2592,6.544726556967362e-05,325513216
n16_lowrank0_d3_stack_nonlinear_T128_s9401103,16,lowrank,lowrank,0,3,stack_nonlinear,128,9401103,864,48,41472,online_svd_factor,True,43776,43776,350208,0,0.19830649998039007,0.1953125,0.0015478234372494626,23.64993287002474,23.672028427948323,,6.544726556967362e-05,325513216
n16_lowrank0_d3_stack_nonlinear_T128_s9401104,16,lowrank,lowrank,0,3,stack_nonlinear,128,9401104,864,48,41472,BPTT,True,113937,113937,911496,0,0.039804300060495734,0.0390625,0.00020625468732760055,3.1431343522230506,4.738917410623717,,6.562070348081761e-05,325513216
n16_lowrank0_d3_stack_nonlinear_T128_s9401104,16,lowrank,lowrank,0,3,stack_nonlinear,128,9401104,864,48,41472,RTRL,True,41472,41472,331776,0,0.05266990000382066,0.0546875,0.0004098003905710357,6.244986244178706,6.270636734336971,4022784,6.562070348081761e-05,325513216
n16_lowrank0_d3_stack_nonlinear_T128_s9401104,16,lowrank,lowrank,0,3,stack_nonlinear,128,9401104,864,48,41472,packed_exact,True,14688,16368,130944,13440,0.168616299983114,0.171875,0.0013012062509005773,19.829203008787445,20.074683350555034,808992,6.562070348081761e-05,325513216
n16_lowrank0_d3_stack_nonlinear_T128_s9401104,16,lowrank,lowrank,0,3,stack_nonlinear,128,9401104,864,48,41472,SnAp1,True,14688,16368,130944,13440,0.17037209996487945,0.171875,0.001315185937073693,20.042240745836427,20.28372084375339,808992,6.562070348081761e-05,325513216
n16_lowrank0_d3_stack_nonlinear_T128_s9401104,16,lowrank,lowrank,0,3,stack_nonlinear,128,9401104,864,48,41472,SnAp2,True,14688,16368,130944,13440,0.17246464994968846,0.1796875,0.0013311707020875474,20.285834065717967,20.532850247876574,808992,6.562070348081761e-05,325513216
n16_lowrank0_d3_stack_nonlinear_T128_s9401104,16,lowrank,lowrank,0,3,stack_nonlinear,128,9401104,864,48,41472,local_block,False,864,1776,14208,7296,0.14775874995393679,0.125,0.0011415066401241347,17.395525795571857,17.591479103124485,2592,6.562070348081761e-05,325513216
n16_lowrank0_d3_stack_nonlinear_T128_s9401104,16,lowrank,lowrank,0,3,stack_nonlinear,128,9401104,864,48,41472,online_svd_factor,True,43776,43776,350208,0,0.19252974999835715,0.1875,0.0015026421860966366,22.8989039493594,22.921709035043467,,6.562070348081761e-05,325513216
n16_lowrank1_d1_stack_nonlinear_T32_s9401100,16,lowrank,lowrank,1,1,stack_nonlinear,32,9401100,320,16,5120,BPTT,True,8977,8977,71816,0,0.0061230999999679625,0.0,0.00011715156324498821,2.641895758322773,4.3150811088284735,,4.434374932316132e-05,325513216
n16_lowrank1_d1_stack_nonlinear_T32_s9401100,16,lowrank,lowrank,1,1,stack_nonlinear,32,9401100,320,16,5120,RTRL,True,5120,5120,40960,0,0.006117299955803901,0.0078125,0.00018957968313770834,4.275229001411669,4.310993692159982,168960,4.434374932316132e-05,325513216
n16_lowrank1_d1_stack_nonlinear_T32_s9401100,16,lowrank,lowrank,1,1,stack_nonlinear,32,9401100,320,16,5120,packed_exact,True,5120,5456,43648,2688,0.0077033499837853014,0.0078125,0.00021386718799476512,4.822938773989946,5.428717478058501,168960,4.434374932316132e-05,325513216
n16_lowrank1_d1_stack_nonlinear_T32_s9401100,16,lowrank,lowrank,1,1,stack_nonlinear,32,9401100,320,16,5120,SnAp1,False,560,912,7296,2816,0.014990500058047473,0.015625,0.00045012343434791546,10.150775277651368,10.564129870933227,9360,4.434374932316132e-05,325513216
n16_lowrank1_d1_stack_nonlinear_T32_s9401100,16,lowrank,lowrank,1,1,stack_nonlinear,32,9401100,320,16,5120,SnAp2,True,5120,5456,43648,2688,0.006546700024046004,0.0078125,0.0001837937470554607,4.144749820680202,4.613601214919834,168960,4.434374932316132e-05,325513216
n16_lowrank1_d1_stack_nonlinear_T32_s9401100,16,lowrank,lowrank,1,1,stack_nonlinear,32,9401100,320,16,5120,local_block,True,5120,5456,43648,2688,0.00647974997991696,0.0078125,0.00018314219050807878,4.130056508605176,4.566420069640811,168960,4.434374932316132e-05,325513216
n16_lowrank1_d1_stack_nonlinear_T32_s9401100,16,lowrank,lowrank,1,1,stack_nonlinear,32,9401100,320,16,5120,online_svd_factor,True,5376,5376,43008,0,0.01085194997722283,0.015625,0.00033762812381610274,7.6138831057245575,7.647604047118425,,4.434374932316132e-05,325513216
n16_lowrank1_d1_stack_nonlinear_T32_s9401101,16,lowrank,lowrank,1,1,stack_nonlinear,32,9401101,320,16,5120,BPTT,True,8977,8977,71816,0,0.0049570000264793634,0.0078125,0.00010233437569695525,2.9581754531495603,4.477868415343393,,3.45937478414271e-05,325513216
n16_lowrank1_d1_stack_nonlinear_T32_s9401101,16,lowrank,lowrank,1,1,stack_nonlinear,32,9401101,320,16,5120,RTRL,True,5120,5120,40960,0,0.004825199954211712,0.0,0.00014935156286810525,4.317299286354052,4.358807818693273,168960,3.45937478414271e-05,325513216
n16_lowrank1_d1_stack_nonlinear_T32_s9401101,16,lowrank,lowrank,1,1,stack_nonlinear,32,9401101,320,16,5120,packed_exact,True,5120,5456,43648,2688,0.006556349981110543,0.0,0.00018545312559581362,5.360885627249894,5.92262907878247,168960,3.45937478414271e-05,325513216
n16_lowrank1_d1_stack_nonlinear_T32_s9401101,16,lowrank,lowrank,1,1,stack_nonlinear,32,9401101,320,16,5120,SnAp1,False,560,912,7296,2816,0.014587099954951555,0.015625,0.00043759062282333616,12.649413553836096,13.177146219651434,9360,3.45937478414271e-05,325513216
n16_lowrank1_d1_stack_nonlinear_T32_s9401101,16,lowrank,lowrank,1,1,stack_nonlinear,32,9401101,320,16,5120,SnAp2,True,5120,5456,43648,2688,0.006392050010617822,0.0078125,0.00018044375065073837,5.216079838410896,5.7742099453184474,168960,3.45937478414271e-05,325513216
n16_lowrank1_d1_stack_nonlinear_T32_s9401101,16,lowrank,lowrank,1,1,stack_nonlinear,32,9401101,320,16,5120,local_block,True,5120,5456,43648,2688,0.0064207499963231385,0.0078125,0.00017878749713418074,5.168202588332366,5.800135859949099,168960,3.45937478414271e-05,325513216
n16_lowrank1_d1_stack_nonlinear_T32_s9401101,16,lowrank,lowrank,1,1,stack_nonlinear,32,9401101,320,16,5120,online_svd_factor,True,5376,5376,43008,0,0.011474650062154979,0.015625,0.0003569218752090819,10.317525491749603,10.365538191641926,,3.45937478414271e-05,325513216
n16_lowrank1_d1_stack_nonlinear_T32_s9401102,16,lowrank,lowrank,1,1,stack_nonlinear,32,9401102,320,16,5120,BPTT,True,8977,8977,71816,0,0.0050275500398129225,0.0078125,0.00010412656411062926,2.988787644407047,4.509619966148345,,3.483906402834691e-05,325513216
n16_lowrank1_d1_stack_nonlinear_T32_s9401102,16,lowrank,lowrank,1,1,stack_nonlinear,32,9401102,320,16,5120,RTRL,True,5120,5120,40960,0,0.004909649956971407,0.0,0.00015189531040959992,4.359913638495278,4.403865759152441,168960,3.483906402834691e-05,325513216
n16_lowrank1_d1_stack_nonlinear_T32_s9401102,16,lowrank,lowrank,1,1,stack_nonlinear,32,9401102,320,16,5120,packed_exact,True,5120,5456,43648,2688,0.006384900014381856,0.0078125,0.00018029062266577967,5.174955978125177,5.727137941681967,168960,3.483906402834691e-05,325513216
n16_lowrank1_d1_stack_nonlinear_T32_s9401102,16,lowrank,lowrank,1,1,stack_nonlinear,32,9401102,320,16,5120,SnAp1,False,560,912,7296,2816,0.014920549932867289,0.015625,0.0004482140648178756,12.8652728573071,13.383459010917258,9360,3.483906402834691e-05,325513216
n16_lowrank1_d1_stack_nonlinear_T32_s9401102,16,lowrank,lowrank,1,1,stack_nonlinear,32,9401102,320,16,5120,SnAp2,True,5120,5456,43648,2688,0.006397650053258985,0.0,0.00018086562522512395,5.191460513346802,5.7385744921755775,168960,3.483906402834691e-05,325513216
n16_lowrank1_d1_stack_nonlinear_T32_s9401102,16,lowrank,lowrank,1,1,stack_nonlinear,32,9401102,320,16,5120,local_block,True,5120,5456,43648,2688,0.006531550025101751,0.0,0.0001851562465162715,5.3146159829557575,5.858680305485653,168960,3.483906402834691e-05,325513216
n16_lowrank1_d1_stack_nonlinear_T32_s9401102,16,lowrank,lowrank,1,1,stack_nonlinear,32,9401102,320,16,5120,online_svd_factor,True,5376,5376,43008,0,0.011162750015500933,0.015625,0.0003474515633570263,9.973045288309734,10.012781563263948,,3.483906402834691e-05,325513216
n16_lowrank1_d1_stack_nonlinear_T32_s9401103,16,lowrank,lowrank,1,1,stack_nonlinear,32,9401103,320,16,5120,BPTT,True,8977,8977,71816,0,0.005103549920022488,0.0078125,0.0001002921871986473,2.9274378274944266,4.655249547500861,,3.425937393330969e-05,325513216
n16_lowrank1_d1_stack_nonlinear_T32_s9401103,16,lowrank,lowrank,1,1,stack_nonlinear,32,9401103,320,16,5120,RTRL,True,5120,5120,40960,0,0.004974749987013638,0.0078125,0.00015398750292661134,4.494755310659441,4.5377635153754134,168960,3.425937393330969e-05,325513216
n16_lowrank1_d1_stack_nonlinear_T32_s9401103,16,lowrank,lowrank,1,1,stack_nonlinear,32,9401103,320,16,5120,packed_exact,True,5120,5456,43648,2688,0.006462399964220822,0.0,0.00018230937712360173,5.32144508765661,5.894736993005842,168960,3.425937393330969e-05,325513216
n16_lowrank1_d1_stack_nonlinear_T32_s9401103,16,lowrank,lowrank,1,1,stack_nonlinear,32,9401103,320,16,5120,SnAp1,False,560,912,7296,2816,0.014502250007353723,0.0,0.00043259218728053384,12.626972930755553,13.228359444396364,9360,3.425937393330969e-05,325513216
n16_lowrank1_d1_stack_nonlinear_T32_s9401103,16,lowrank,lowrank,1,1,stack_nonlinear,32,9401103,320,16,5120,SnAp2,True,5120,5456,43648,2688,0.006594599923118949,0.0,0.00018631874991115183,5.43847503675477,6.015324389716841,168960,3.425937393330969e-05,325513216
n16_lowrank1_d1_stack_nonlinear_T32_s9401103,16,lowrank,lowrank,1,1,stack_nonlinear,32,9401103,320,16,5120,local_block,True,5120,5456,43648,2688,0.006490350002422929,0.0078125,0.000183585938430042,5.358706752418063,5.920231874947238,168960,3.425937393330969e-05,325513216
n16_lowrank1_d1_stack_nonlinear_T32_s9401103,16,lowrank,lowrank,1,1,stack_nonlinear,32,9401103,320,16,5120,online_svd_factor,True,5376,5376,43008,0,0.011060499935410917,0.015625,0.0003441734352236381,10.046109887869413,10.088935765563766,,3.425937393330969e-05,325513216
n16_lowrank1_d1_stack_nonlinear_T32_s9401104,16,lowrank,lowrank,1,1,stack_nonlinear,32,9401104,320,16,5120,BPTT,True,8977,8977,71816,0,0.005139950022567064,0.0,0.00010670937626855448,2.9863134490624543,4.495124519702157,,3.573281173885334e-05,325513216
n16_lowrank1_d1_stack_nonlinear_T32_s9401104,16,lowrank,lowrank,1,1,stack_nonlinear,32,9401104,320,16,5120,RTRL,True,5120,5120,40960,0,0.004975099989678711,0.0078125,0.00015402343524328899,4.310420248172487,4.350955525518036,168960,3.573281173885334e-05,325513216
n16_lowrank1_d1_stack_nonlinear_T32_s9401104,16,lowrank,lowrank,1,1,stack_nonlinear,32,9401104,320,16,5120,packed_exact,True,5120,5456,43648,2688,0.006469599960837513,0.0,0.00018265625112690032,5.111723433963434,5.657965016963427,168960,3.573281173885334e-05,325513216
n16_lowrank1_d1_stack_nonlinear_T32_s9401104,16,lowrank,lowrank,1,1,stack_nonlinear,32,9401104,320,16,5120,SnAp1,False,560,912,7296,2816,0.01459509995765984,0.0078125,0.00043636093505483586,12.211771585284113,12.764091362587692,9360,3.573281173885334e-05,325513216
n16_lowrank1_d1_stack_nonlinear_T32_s9401104,16,lowrank,lowrank,1,1,stack_nonlinear,32,9401104,320,16,5120,SnAp2,True,5120,5456,43648,2688,0.006627549999393523,0.0078125,0.00018700780856306665,5.233503871169688,5.796099646304904,168960,3.573281173885334e-05,325513216
n16_lowrank1_d1_stack_nonlinear_T32_s9401104,16,lowrank,lowrank,1,1,stack_nonlinear,32,9401104,320,16,5120,local_block,True,5120,5456,43648,2688,0.006540000031236559,0.0078125,0.00018510781410441268,5.180331608305525,5.7195331414101815,168960,3.573281173885334e-05,325513216
n16_lowrank1_d1_stack_nonlinear_T32_s9401104,16,lowrank,lowrank,1,1,stack_nonlinear,32,9401104,320,16,5120,online_svd_factor,True,5376,5376,43008,0,0.01105794997420162,0.015625,0.0003440281270741252,9.627793345466102,9.670689763214519,,3.573281173885334e-05,325513216
n16_lowrank1_d1_stack_nonlinear_T128_s9401100,16,lowrank,lowrank,1,1,stack_nonlinear,128,9401100,320,16,5120,BPTT,True,36625,36625,293000,0,0.019679299963172525,0.015625,0.0001028132810461102,3.1083056792466346,4.648086257736074,,3.307695305920788e-05,325513216
n16_lowrank1_d1_stack_nonlinear_T128_s9401100,16,lowrank,lowrank,1,1,stack_nonlinear,128,9401100,320,16,5120,RTRL,True,5120,5120,40960,0,0.019535299972631037,0.0234375,0.0001513550787421991,4.57584707005125,4.614074662892631,168960,3.307695305920788e-05,325513216
n16_lowrank1_d1_stack_nonlinear_T128_s9401100,16,lowrank,lowrank,1,1,stack_nonlinear,128,9401100,320,16,5120,packed_exact,True,5120,5456,43648,2688,0.024160650034900755,0.0234375,0.00018090468574882834,5.469206472101836,5.706543709143638,168960,3.307695305920788e-05,325513216
n16_lowrank1_d1_stack_nonlinear_T128_s9401100,16,lowrank,lowrank,1,1,stack_nonlinear,128,9401100,320,16,5120,SnAp1,False,560,912,7296,2816,0.05561860010493547,0.046875,0.00042914999949061894,12.974290549750416,13.136648727650797,9360,3.307695305920788e-05,325513216
n16_lowrank1_d1_stack_nonlinear_T128_s9401100,16,lowrank,lowrank,1,1,stack_nonlinear,128,9401100,320,16,5120,SnAp2,True,5120,5456,43648,2688,0.02445884997723624,0.0234375,0.00018475546858098824,5.585625382430939,5.776976044471678,168960,3.307695305920788e-05,325513216
n16_lowrank1_d1_stack_nonlinear_T128_s9401100,16,lowrank,lowrank,1,1,stack_nonlinear,128,9401100,320,16,5120,local_block,True,5120,5456,43648,2688,0.024200899992138147,0.03125,0.00018342382782066124,5.545366512215677,5.716050412809912,168960,3.307695305920788e-05,325513216
n16_lowrank1_d1_stack_nonlinear_T128_s9401100,16,lowrank,lowrank,1,1,stack_nonlinear,128,9401100,320,16,5120,online_svd_factor,True,5376,5376,43008,0,0.043230450013652444,0.0390625,0.00033655820197964204,10.175006185642356,10.210671162096084,,3.307695305920788e-05,325513216
n16_lowrank1_d1_stack_nonlinear_T128_s9401101,16,lowrank,lowrank,1,1,stack_nonlinear,128,9401101,320,16,5120,BPTT,True,36625,36625,293000,0,0.019753100001253188,0.0234375,0.00010120820343217929,3.246413368293279,4.950093419325868,,3.117539017694071e-05,325513216
n16_lowrank1_d1_stack_nonlinear_T128_s9401101,16,lowrank,lowrank,1,1,stack_nonlinear,128,9401101,320,16,5120,RTRL,True,5120,5120,40960,0,0.020107900025323033,0.015625,0.00015577538943034597,4.996742255548972,5.039005704699474,168960,3.117539017694071e-05,325513216
n16_lowrank1_d1_stack_nonlinear_T128_s9401101,16,lowrank,lowrank,1,1,stack_nonlinear,128,9401101,320,16,5120,packed_exact,True,5120,5456,43648,2688,0.024979000038001686,0.03125,0.0001889441405182879,6.06068246286274,6.259695121353519,168960,3.117539017694071e-05,325513216
n16_lowrank1_d1_stack_nonlinear_T128_s9401101,16,lowrank,lowrank,1,1,stack_nonlinear,128,9401101,320,16,5120,SnAp1,False,560,912,7296,2816,0.055730750027578324,0.0546875,0.0004288074223950389,13.754677005204316,13.966031607601256,9360,3.117539017694071e-05,325513216
n16_lowrank1_d1_stack_nonlinear_T128_s9401101,16,lowrank,lowrank,1,1,stack_nonlinear,128,9401101,320,16,5120,SnAp2,True,5120,5456,43648,2688,0.023594949976541102,0.015625,0.00017884492308439803,5.736734073554051,5.912854519077474,168960,3.117539017694071e-05,325513216
n16_lowrank1_d1_stack_nonlinear_T128_s9401101,16,lowrank,lowrank,1,1,stack_nonlinear,128,9401101,320,16,5120,local_block,True,5120,5456,43648,2688,0.025160349963698536,0.0234375,0.00019101757970929611,6.127191307795878,6.305141105716999,168960,3.117539017694071e-05,325513216
n16_lowrank1_d1_stack_nonlinear_T128_s9401101,16,lowrank,lowrank,1,1,stack_nonlinear,128,9401101,320,16,5120,online_svd_factor,True,5376,5376,43008,0,0.04323054995620623,0.046875,0.00033631953192525543,10.787981482073596,10.833502631914904,,3.117539017694071e-05,325513216
n16_lowrank1_d1_stack_nonlinear_T128_s9401102,16,lowrank,lowrank,1,1,stack_nonlinear,128,9401102,320,16,5120,BPTT,True,36625,36625,293000,0,0.019153950037434697,0.015625,9.80355462161242e-05,3.096304949974302,4.726161246602638,,3.166210944982595e-05,325513216
n16_lowrank1_d1_stack_nonlinear_T128_s9401102,16,lowrank,lowrank,1,1,stack_nonlinear,128,9401102,320,16,5120,RTRL,True,5120,5120,40960,0,0.019088100001681596,0.0234375,0.000147896874750586,4.6710998515419195,4.70991301130624,168960,3.166210944982595e-05,325513216
n16_lowrank1_d1_stack_nonlinear_T128_s9401102,16,lowrank,lowrank,1,1,stack_nonlinear,128,9401102,320,16,5120,packed_exact,True,5120,5456,43648,2688,0.02346164995105937,0.0234375,0.0001777210941327212,5.613052864160892,5.789069124819759,168960,3.166210944982595e-05,325513216
n16_lowrank1_d1_stack_nonlinear_T128_s9401102,16,lowrank,lowrank,1,1,stack_nonlinear,128,9401102,320,16,5120,SnAp1,False,560,912,7296,2816,0.05532119999406859,0.0546875,0.00042700156200226047,13.486200680308992,13.650286808544802,9360,3.166210944982595e-05,325513216
n16_lowrank1_d1_stack_nonlinear_T128_s9401102,16,lowrank,lowrank,1,1,stack_nonlinear,128,9401102,320,16,5120,SnAp2,True,5120,5456,43648,2688,0.023501600022427738,0.0234375,0.0001779343756425078,5.6197890391502625,5.798926646570164,168960,3.166210944982595e-05,325513216
n16_lowrank1_d1_stack_nonlinear_T128_s9401102,16,lowrank,lowrank,1,1,stack_nonlinear,128,9401102,320,16,5120,local_block,True,5120,5456,43648,2688,0.023664999986067414,0.0234375,0.00017932499940798152,5.663709794578052,5.839244939890384,168960,3.166210944982595e-05,325513216
n16_lowrank1_d1_stack_nonlinear_T128_s9401102,16,lowrank,lowrank,1,1,stack_nonlinear,128,9401102,320,16,5120,online_svd_factor,True,5376,5376,43008,0,0.042590349970851094,0.046875,0.00033164296837639995,10.47444324270135,10.509000029658582,,3.166210944982595e-05,325513216
n16_lowrank1_d1_stack_nonlinear_T128_s9401103,16,lowrank,lowrank,1,1,stack_nonlinear,128,9401103,320,16,5120,BPTT,True,36625,36625,293000,0,0.0218336500111036,0.0234375,0.00011210351567569887,3.5639242643043167,5.422825236002519,,3.145507798762992e-05,325513216
n16_lowrank1_d1_stack_nonlinear_T128_s9401103,16,lowrank,lowrank,1,1,stack_nonlinear,128,9401103,320,16,5120,RTRL,True,5120,5120,40960,0,0.023274300037883222,0.0234375,0.00017951913969227462,5.707159262579881,5.78063958758804,168960,3.145507798762992e-05,325513216
n16_lowrank1_d1_stack_nonlinear_T128_s9401103,16,lowrank,lowrank,1,1,stack_nonlinear,128,9401103,320,16,5120,packed_exact,True,5120,5456,43648,2688,0.025928450049832463,0.0234375,0.0001956124992830155,6.218789200266564,6.4398510184580555,168960,3.145507798762992e-05,325513216
n16_lowrank1_d1_stack_nonlinear_T128_s9401103,16,lowrank,lowrank,1,1,stack_nonlinear,128,9401103,320,16,5120,SnAp1,False,560,912,7296,2816,0.05832725000800565,0.0625,0.000449835545168753,14.300887931215943,14.486743312693305,9360,3.145507798762992e-05,325513216
n16_lowrank1_d1_stack_nonlinear_T128_s9401103,16,lowrank,lowrank,1,1,stack_nonlinear,128,9401103,320,16,5120,SnAp2,True,5120,5456,43648,2688,0.024534199968911707,0.0234375,0.00018547929630585713,5.896640802442106,6.093561024789083,168960,3.145507798762992e-05,325513216
n16_lowrank1_d1_stack_nonlinear_T128_s9401103,16,lowrank,lowrank,1,1,stack_nonlinear,128,9401103,320,16,5120,local_block,True,5120,5456,43648,2688,0.02462804998503998,0.0234375,0.00018619374986883486,5.919354259495327,6.1168705600981506,168960,3.145507798762992e-05,325513216
n16_lowrank1_d1_stack_nonlinear_T128_s9401103,16,lowrank,lowrank,1,1,stack_nonlinear,128,9401103,320,16,5120,online_svd_factor,True,5376,5376,43008,0,0.04245005000848323,0.046875,0.0003303968746877217,10.503769051777718,10.543321997856657,,3.145507798762992e-05,325513216
n16_lowrank1_d1_stack_nonlinear_T128_s9401104,16,lowrank,lowrank,1,1,stack_nonlinear,128,9401104,320,16,5120,BPTT,True,36625,36625,293000,0,0.019102050049696118,0.015625,9.694257869341527e-05,3.0011367574048173,4.619992038601464,,3.230195306969108e-05,325513216
n16_lowrank1_d1_stack_nonlinear_T128_s9401104,16,lowrank,lowrank,1,1,stack_nonlinear,128,9401104,320,16,5120,RTRL,True,5120,5120,40960,0,0.01960599998710677,0.0234375,0.00015200937286863336,4.705887985803055,4.741876584638865,168960,3.230195306969108e-05,325513216
n16_lowrank1_d1_stack_nonlinear_T128_s9401104,16,lowrank,lowrank,1,1,stack_nonlinear,128,9401104,320,16,5120,packed_exact,True,5120,5456,43648,2688,0.024060899973846972,0.0234375,0.0001821703131099639,5.639606766715734,5.819331748768378,168960,3.230195306969108e-05,325513216
n16_lowrank1_d1_stack_nonlinear_T128_s9401104,16,lowrank,lowrank,1,1,stack_nonlinear,128,9401104,320,16,5120,SnAp1,False,560,912,7296,2816,0.05678520002402365,0.046875,0.0004380828122521052,13.562115309465863,13.733979930889902,9360,3.230195306969108e-05,325513216
n16_lowrank1_d1_stack_nonlinear_T128_s9401104,16,lowrank,lowrank,1,1,stack_nonlinear,128,9401104,320,16,5120,SnAp2,True,5120,5456,43648,2688,0.02378539997152984,0.015625,0.00018020234392679413,5.578682612101185,5.75269974780364,168960,3.230195306969108e-05,325513216
n16_lowrank1_d1_stack_nonlinear_T128_s9401104,16,lowrank,lowrank,1,1,stack_nonlinear,128,9401104,320,16,5120,local_block,True,5120,5456,43648,2688,0.02365475002443418,0.0234375,0.00017925351539815892,5.5493088919862394,5.72110095532559,168960,3.230195306969108e-05,325513216
n16_lowrank1_d1_stack_nonlinear_T128_s9401104,16,lowrank,lowrank,1,1,stack_nonlinear,128,9401104,320,16,5120,online_svd_factor,True,5376,5376,43008,0,0.04302294994704425,0.0390625,0.00033504492239444517,10.372280638003211,10.405463587174287,,3.230195306969108e-05,325513216
n16_lowrank1_d3_stack_nonlinear_T32_s9401100,16,lowrank,lowrank,1,3,stack_nonlinear,32,9401100,960,48,46080,BPTT,True,27921,27921,223368,0,0.015086700033862144,0.015625,0.00032037343771662563,3.26464033520851,4.804222554971004,,9.813437463890295e-05,325513216
n16_lowrank1_d3_stack_nonlinear_T32_s9401100,16,lowrank,lowrank,1,3,stack_nonlinear,32,9401100,960,48,46080,RTRL,True,46080,46080,368640,0,0.019805499992799014,0.015625,0.0006160203101899242,6.277314268895521,6.306881529049994,4469760,9.813437463890295e-05,325513216
n16_lowrank1_d3_stack_nonlinear_T32_s9401100,16,lowrank,lowrank,1,3,stack_nonlinear,32,9401100,960,48,46080,packed_exact,True,30720,31776,254208,8448,0.024924800032749772,0.0234375,0.0007095421842677752,7.230312384204002,7.937076115168463,2324480,9.813437463890295e-05,325513216
n16_lowrank1_d3_stack_nonlinear_T32_s9401100,16,lowrank,lowrank,1,3,stack_nonlinear,32,9401100,960,48,46080,SnAp1,False,17040,18912,151296,14976,0.05290094995871186,0.0546875,0.0015843468736420618,16.144667752475662,16.845826880669733,970160,9.813437463890295e-05,325513216
n16_lowrank1_d3_stack_nonlinear_T32_s9401100,16,lowrank,lowrank,1,3,stack_nonlinear,32,9401100,960,48,46080,SnAp2,True,30720,31776,254208,8448,0.026261999970301986,0.03125,0.0007493312477890868,7.6357672889478305,8.36289528609882,2324480,9.813437463890295e-05,325513216
n16_lowrank1_d3_stack_nonlinear_T32_s9401100,16,lowrank,lowrank,1,3,stack_nonlinear,32,9401100,960,48,46080,local_block,False,15360,16368,130944,8064,0.022864049999043345,0.0234375,0.0006579375003639143,6.704455016755069,7.280848989960934,506880,9.813437463890295e-05,325513216
n16_lowrank1_d3_stack_nonlinear_T32_s9401100,16,lowrank,lowrank,1,3,stack_nonlinear,32,9401100,960,48,46080,online_svd_factor,True,48384,48384,387072,0,0.05371429998194799,0.0546875,0.0016766578155511525,17.085326336674722,17.10483080584534,,9.813437463890295e-05,325513216
n16_lowrank1_d3_stack_nonlinear_T32_s9401101,16,lowrank,lowrank,1,3,stack_nonlinear,32,9401101,960,48,46080,BPTT,True,27921,27921,223368,0,0.015794199949596077,0.015625,0.0003366515629750211,3.467730038539108,5.084079099089447,,9.708124889584724e-05,325513216
n16_lowrank1_d3_stack_nonlinear_T32_s9401101,16,lowrank,lowrank,1,3,stack_nonlinear,32,9401101,960,48,46080,RTRL,True,46080,46080,368640,0,0.020079199981410056,0.0234375,0.0006215218782017473,6.402079549558963,6.463400569684113,4469760,9.708124889584724e-05,325513216
n16_lowrank1_d3_stack_nonlinear_T32_s9401101,16,lowrank,lowrank,1,3,stack_nonlinear,32,9401101,960,48,46080,packed_exact,True,30720,31776,254208,8448,0.02494099992327392,0.0234375,0.0007079687475197716,7.292538523884356,8.028391233805502,2324480,9.708124889584724e-05,325513216
n16_lowrank1_d3_stack_nonlinear_T32_s9401101,16,lowrank,lowrank,1,3,stack_nonlinear,32,9401101,960,48,46080,SnAp1,False,17040,18912,151296,14976,0.05528785003116354,0.0546875,0.0016599031223449856,17.098081671011442,17.79690036051614,970160,9.708124889584724e-05,325513216
n16_lowrank1_d3_stack_nonlinear_T32_s9401101,16,lowrank,lowrank,1,3,stack_nonlinear,32,9401101,960,48,46080,SnAp2,True,30720,31776,254208,8448,0.025979449972510338,0.0234375,0.0007401296843454475,7.623817088915791,8.362663448138605,2324480,9.708124889584724e-05,325513216
n16_lowrank1_d3_stack_nonlinear_T32_s9401101,16,lowrank,lowrank,1,3,stack_nonlinear,32,9401101,960,48,46080,local_block,False,15360,16368,130944,8064,0.022526249988004565,0.0234375,0.0006463437548518414,6.657761021855679,7.2510945226957695,506880,9.708124889584724e-05,325513216
n16_lowrank1_d3_stack_nonlinear_T32_s9401101,16,lowrank,lowrank,1,3,stack_nonlinear,32,9401101,960,48,46080,online_svd_factor,True,48384,48384,387072,0,0.05337809992488474,0.0546875,0.001666265627136454,17.1636196081912,17.18216073262734,,9.708124889584724e-05,325513216
n16_lowrank1_d3_stack_nonlinear_T32_s9401102,16,lowrank,lowrank,1,3,stack_nonlinear,32,9401102,960,48,46080,BPTT,True,27921,27921,223368,0,0.014902250026352704,0.015625,0.0003129046890535392,3.2222919342135428,4.795729512595044,,9.710625090519898e-05,325513216
n16_lowrank1_d3_stack_nonlinear_T32_s9401102,16,lowrank,lowrank,1,3,stack_nonlinear,32,9401102,960,48,46080,RTRL,True,46080,46080,368640,0,0.019772399973589927,0.015625,0.0006148671855044086,6.331901188366126,6.363004373198431,4469760,9.710625090519898e-05,325513216
n16_lowrank1_d3_stack_nonlinear_T32_s9401102,16,lowrank,lowrank,1,3,stack_nonlinear,32,9401102,960,48,46080,packed_exact,True,30720,31776,254208,8448,0.02507125004194677,0.0234375,0.0007139109347917838,7.351853543277528,8.06824026782492,2324480,9.710625090519898e-05,325513216
n16_lowrank1_d3_stack_nonlinear_T32_s9401102,16,lowrank,lowrank,1,3,stack_nonlinear,32,9401102,960,48,46080,SnAp1,False,17040,18912,151296,14976,0.05284634995041415,0.046875,0.0015841484382690396,16.313557814270695,17.006613071311822,970160,9.710625090519898e-05,325513216
n16_lowrank1_d3_stack_nonlinear_T32_s9401102,16,lowrank,lowrank,1,3,stack_nonlinear,32,9401102,960,48,46080,SnAp2,True,30720,31776,254208,8448,0.02617004996864125,0.03125,0.0007475609381799586,7.698381218627965,8.421847758476835,2324480,9.710625090519898e-05,325513216
n16_lowrank1_d3_stack_nonlinear_T32_s9401102,16,lowrank,lowrank,1,3,stack_nonlinear,32,9401102,960,48,46080,local_block,False,15360,16368,130944,8064,0.02511190000222996,0.015625,0.0007184953083196888,7.3990634137562115,8.08132193092084,506880,9.710625090519898e-05,325513216
n16_lowrank1_d3_stack_nonlinear_T32_s9401102,16,lowrank,lowrank,1,3,stack_nonlinear,32,9401102,960,48,46080,online_svd_factor,True,48384,48384,387072,0,0.05626679997658357,0.0625,0.001755507808411494,18.078216304791,18.107356456226825,,9.710625090519898e-05,325513216
n16_lowrank1_d3_stack_nonlinear_T32_s9401103,16,lowrank,lowrank,1,3,stack_nonlinear,32,9401103,960,48,46080,BPTT,True,27921,27921,223368,0,0.019630900002084672,0.0234375,0.0003985671883128816,3.9194695442488943,6.032759104090905,,0.0001016890637401957,325513216
n16_lowrank1_d3_stack_nonlinear_T32_s9401103,16,lowrank,lowrank,1,3,stack_nonlinear,32,9401103,960,48,46080,RTRL,True,46080,46080,368640,0,0.01961435005068779,0.015625,0.0006099999955040403,5.998678452409815,6.027673149297636,4469760,0.0001016890637401957,325513216
n16_lowrank1_d3_stack_nonlinear_T32_s9401103,16,lowrank,lowrank,1,3,stack_nonlinear,32,9401103,960,48,46080,packed_exact,True,30720,31776,254208,8448,0.02932185004465282,0.0234375,0.0008462390615022741,8.321829608583291,9.010878654920706,2324480,0.0001016890637401957,325513216
n16_lowrank1_d3_stack_nonlinear_T32_s9401103,16,lowrank,lowrank,1,3,stack_nonlinear,32,9401103,960,48,46080,SnAp1,False,17040,18912,151296,14976,0.05707265000091866,0.0546875,0.0017081484365917277,16.797759501020263,17.5389589295994,970160,0.0001016890637401957,325513216
n16_lowrank1_d3_stack_nonlinear_T32_s9401103,16,lowrank,lowrank,1,3,stack_nonlinear,32,9401103,960,48,46080,SnAp2,True,30720,31776,254208,8448,0.02747179998550564,0.0234375,0.0007880203156673815,7.749312331960161,8.442340975234147,2324480,0.0001016890637401957,325513216
n16_lowrank1_d3_stack_nonlinear_T32_s9401103,16,lowrank,lowrank,1,3,stack_nonlinear,32,9401103,960,48,46080,local_block,False,15360,16368,130944,8064,0.024037999974098057,0.03125,0.0006924390618223697,6.809375918648192,7.387102128403553,506880,0.0001016890637401957,325513216
n16_lowrank1_d3_stack_nonlinear_T32_s9401103,16,lowrank,lowrank,1,3,stack_nonlinear,32,9401103,960,48,46080,online_svd_factor,True,48384,48384,387072,0,0.05651229998329654,0.0546875,0.0017642218772380147,17.34918006271949,17.36675813035289,,0.0001016890637401957,325513216
n16_lowrank1_d3_stack_nonlinear_T32_s9401104,16,lowrank,lowrank,1,3,stack_nonlinear,32,9401104,960,48,46080,BPTT,True,27921,27921,223368,0,0.015178549976553768,0.015625,0.000317374999212916,2.7922193980653307,4.173084066969641,,0.00011366406215529423,325513216
n16_lowrank1_d3_stack_nonlinear_T32_s9401104,16,lowrank,lowrank,1,3,stack_nonlinear,32,9401104,960,48,46080,RTRL,True,46080,46080,368640,0,0.023151549976319075,0.015625,0.000720348434697371,6.337521473701956,6.365124763634648,4469760,0.00011366406215529423,325513216
n16_lowrank1_d3_stack_nonlinear_T32_s9401104,16,lowrank,lowrank,1,3,stack_nonlinear,32,9401104,960,48,46080,packed_exact,True,30720,31776,254208,8448,0.031086400034837425,0.03125,0.0008825328095554141,7.76439617607233,8.546676783040008,2324480,0.00011366406215529423,325513216
n16_lowrank1_d3_stack_nonlinear_T32_s9401104,16,lowrank,lowrank,1,3,stack_nonlinear,32,9401104,960,48,46080,SnAp1,False,17040,18912,151296,14976,0.05827814998337999,0.0625,0.0017524796858197078,15.41806312909503,16.022585788746575,970160,0.00011366406215529423,325513216
n16_lowrank1_d3_stack_nonlinear_T32_s9401104,16,lowrank,lowrank,1,3,stack_nonlinear,32,9401104,960,48,46080,SnAp2,True,30720,31776,254208,8448,0.029280099959578365,0.03125,0.000839789057863527,7.3883428230477985,8.050065309883921,2324480,0.00011366406215529423,325513216
n16_lowrank1_d3_stack_nonlinear_T32_s9401104,16,lowrank,lowrank,1,3,stack_nonlinear,32,9401104,960,48,46080,local_block,False,15360,16368,130944,8064,0.022371149971149862,0.0234375,0.0006383500003721565,5.616111093231973,6.150567060002532,506880,0.00011366406215529423,325513216
n16_lowrank1_d3_stack_nonlinear_T32_s9401104,16,lowrank,lowrank,1,3,stack_nonlinear,32,9401104,960,48,46080,online_svd_factor,True,48384,48384,387072,0,0.05707794998306781,0.0625,0.001781851562554948,15.676472657826379,15.692611218961162,,0.00011366406215529423,325513216
n16_lowrank1_d3_stack_nonlinear_T128_s9401100,16,lowrank,lowrank,1,3,stack_nonlinear,128,9401100,960,48,46080,BPTT,True,113937,113937,911496,0,0.06478725001215935,0.0625,0.0003341050783092214,3.47306805668647,5.261502646966715,,9.619882848710404e-05,325513216
n16_lowrank1_d3_stack_nonlinear_T128_s9401100,16,lowrank,lowrank,1,3,stack_nonlinear,128,9401100,960,48,46080,RTRL,True,46080,46080,368640,0,0.08534960000542924,0.078125,0.0006648656253673835,6.911369252864781,6.931412372987507,4469760,9.619882848710404e-05,325513216
n16_lowrank1_d3_stack_nonlinear_T128_s9401100,16,lowrank,lowrank,1,3,stack_nonlinear,128,9401100,960,48,46080,packed_exact,True,30720,31776,254208,8448,0.0991710500093177,0.09375,0.0007548230455540761,7.8464889585974955,8.053880077153508,2324480,9.619882848710404e-05,325513216
n16_lowrank1_d3_stack_nonlinear_T128_s9401100,16,lowrank,lowrank,1,3,stack_nonlinear,128,9401100,960,48,46080,SnAp1,False,17040,18912,151296,14976,0.21970600000349805,0.21875,0.0016985667962217121,17.656834526310412,17.842765364418426,970160,9.619882848710404e-05,325513216
n16_lowrank1_d3_stack_nonlinear_T128_s9401100,16,lowrank,lowrank,1,3,stack_nonlinear,128,9401100,960,48,46080,SnAp2,True,30720,31776,254208,8448,0.0980043500312604,0.0859375,0.0007462093767571787,7.756948691503161,7.959130029549814,2324480,9.619882848710404e-05,325513216
n16_lowrank1_d3_stack_nonlinear_T128_s9401100,16,lowrank,lowrank,1,3,stack_nonlinear,128,9401100,960,48,46080,local_block,False,15360,16368,130944,8064,0.09139300003880635,0.0859375,0.0006985164063735283,7.261173731103889,7.42220902304326,506880,9.619882848710404e-05,325513216
n16_lowrank1_d3_stack_nonlinear_T128_s9401100,16,lowrank,lowrank,1,3,stack_nonlinear,128,9401100,960,48,46080,online_svd_factor,True,48384,48384,387072,0,0.22322310000890866,0.2109375,0.0017422039086341101,18.110448287503438,18.128396117145876,,9.619882848710404e-05,325513216
n16_lowrank1_d3_stack_nonlinear_T128_s9401101,16,lowrank,lowrank,1,3,stack_nonlinear,128,9401101,960,48,46080,BPTT,True,113937,113937,911496,0,0.06357555004069582,0.0546875,0.0003238734375372587,3.214786727005752,4.930114348520752,,0.00010074492183775874,325513216
n16_lowrank1_d3_stack_nonlinear_T128_s9401101,16,lowrank,lowrank,1,3,stack_nonlinear,128,9401101,960,48,46080,RTRL,True,46080,46080,368640,0,0.08133005001582205,0.078125,0.0006338187513392768,6.291322081325238,6.306928470021088,4469760,0.00010074492183775874,325513216
n16_lowrank1_d3_stack_nonlinear_T128_s9401101,16,lowrank,lowrank,1,3,stack_nonlinear,128,9401101,960,48,46080,packed_exact,True,30720,31776,254208,8448,0.09492804994806647,0.09375,0.0007221812506941205,7.16841342988119,7.361417098656297,2324480,0.00010074492183775874,325513216
n16_lowrank1_d3_stack_nonlinear_T128_s9401101,16,lowrank,lowrank,1,3,stack_nonlinear,128,9401101,960,48,46080,SnAp1,False,17040,18912,151296,14976,0.21471960004419088,0.2109375,0.001659540627770184,16.472697556336737,16.65093232239248,970160,0.00010074492183775874,325513216
n16_lowrank1_d3_stack_nonlinear_T128_s9401101,16,lowrank,lowrank,1,3,stack_nonlinear,128,9401101,960,48,46080,SnAp2,True,30720,31776,254208,8448,0.09630619996460155,0.09375,0.000733551952180278,7.281279679402621,7.468288956887715,2324480,0.00010074492183775874,325513216
n16_lowrank1_d3_stack_nonlinear_T128_s9401101,16,lowrank,lowrank,1,3,stack_nonlinear,128,9401101,960,48,46080,local_block,False,15360,16368,130944,8064,0.08760425000218675,0.0859375,0.0006683453125333472,6.634034751743233,6.7934759455594795,506880,0.00010074492183775874,325513216
n16_lowrank1_d3_stack_nonlinear_T128_s9401101,16,lowrank,lowrank,1,3,stack_nonlinear,128,9401101,960,48,46080,online_svd_factor,True,48384,48384,387072,0,0.21947704994818196,0.2109375,0.0017132785160356434,17.006102985465958,17.019859874242545,,0.00010074492183775874,325513216
n16_lowrank1_d3_stack_nonlinear_T128_s9401102,16,lowrank,lowrank,1,3,stack_nonlinear,128,9401102,960,48,46080,BPTT,True,113937,113937,911496,0,0.0623193999635987,0.0625,0.00032593007790637785,3.3621754649714743,5.022376053383288,,9.694023447082145e-05,325513216
n16_lowrank1_d3_stack_nonlinear_T128_s9401102,16,lowrank,lowrank,1,3,stack_nonlinear,128,9401102,960,48,46080,RTRL,True,46080,46080,368640,0,0.07730514998547733,0.078125,0.0006023589862707013,6.213714971485946,6.230091020084407,4469760,9.694023447082145e-05,325513216
n16_lowrank1_d3_stack_nonlinear_T128_s9401102,16,lowrank,lowrank,1,3,stack_nonlinear,128,9401102,960,48,46080,packed_exact,True,30720,31776,254208,8448,0.09588370000710711,0.09375,0.0007307105470317765,7.5377427238606165,7.7273529447775084,2324480,9.694023447082145e-05,325513216
n16_lowrank1_d3_stack_nonlinear_T128_s9401102,16,lowrank,lowrank,1,3,stack_nonlinear,128,9401102,960,48,46080,SnAp1,False,17040,18912,151296,14976,0.2157611500006169,0.21875,0.0016673246077516524,17.19951077953612,17.388383611628125,970160,9.694023447082145e-05,325513216
n16_lowrank1_d3_stack_nonlinear_T128_s9401102,16,lowrank,lowrank,1,3,stack_nonlinear,128,9401102,960,48,46080,SnAp2,True,30720,31776,254208,8448,0.09909094998147339,0.078125,0.0007533082020927395,7.770851867698769,7.985828082180632,2324480,9.694023447082145e-05,325513216
n16_lowrank1_d3_stack_nonlinear_T128_s9401102,16,lowrank,lowrank,1,3,stack_nonlinear,128,9401102,960,48,46080,local_block,False,15360,16368,130944,8064,0.08683889999520034,0.09375,0.0006635453100898303,6.844890707269274,6.998424440748661,506880,9.694023447082145e-05,325513216
n16_lowrank1_d3_stack_nonlinear_T128_s9401102,16,lowrank,lowrank,1,3,stack_nonlinear,128,9401102,960,48,46080,online_svd_factor,True,48384,48384,387072,0,0.22143890004372224,0.203125,0.0017283214847338968,17.828732251046013,17.84595855410582,,9.694023447082145e-05,325513216
n16_lowrank1_d3_stack_nonlinear_T128_s9401103,16,lowrank,lowrank,1,3,stack_nonlinear,128,9401103,960,48,46080,BPTT,True,113937,113937,911496,0,0.06229735002852976,0.046875,0.0003146972653667035,2.7505684653964164,4.253917805601349,,0.00011441171864134958,325513216
n16_lowrank1_d3_stack_nonlinear_T128_s9401103,16,lowrank,lowrank,1,3,stack_nonlinear,128,9401103,960,48,46080,RTRL,True,46080,46080,368640,0,0.08422264992259443,0.0703125,0.0006562257831319585,5.7356518276685655,5.751066939068466,4469760,0.00011441171864134958,325513216
n16_lowrank1_d3_stack_nonlinear_T128_s9401103,16,lowrank,lowrank,1,3,stack_nonlinear,128,9401103,960,48,46080,packed_exact,True,30720,31776,254208,8448,0.09857845003716648,0.078125,0.0007500472656829515,6.555685681413029,6.731339674474788,2324480,0.00011441171864134958,325513216
n16_lowrank1_d3_stack_nonlinear_T128_s9401103,16,lowrank,lowrank,1,3,stack_nonlinear,128,9401103,960,48,46080,SnAp1,False,17040,18912,151296,14976,0.2150596500141546,0.2109375,0.001658247656905587,14.493687155454364,14.685152322572996,970160,0.00011441171864134958,325513216
n16_lowrank1_d3_stack_nonlinear_T128_s9401103,16,lowrank,lowrank,1,3,stack_nonlinear,128,9401103,960,48,46080,SnAp2,True,30720,31776,254208,8448,0.09895885002333671,0.09375,0.0007526863264502026,6.578752031596299,6.757314941058021,2324480,0.00011441171864134958,325513216
n16_lowrank1_d3_stack_nonlinear_T128_s9401103,16,lowrank,lowrank,1,3,stack_nonlinear,128,9401103,960,48,46080,local_block,False,15360,16368,130944,8064,0.09289480000734329,0.09375,0.0007106691418812261,6.211506568736945,6.343236808917922,506880,0.00011441171864134958,325513216
n16_lowrank1_d3_stack_nonlinear_T128_s9401103,16,lowrank,lowrank,1,3,stack_nonlinear,128,9401103,960,48,46080,online_svd_factor,True,48384,48384,387072,0,0.22479655005736277,0.21875,0.0017548511737004446,15.338036999526578,15.350027673550123,,0.00011441171864134958,325513216
n16_lowrank1_d3_stack_nonlinear_T128_s9401104,16,lowrank,lowrank,1,3,stack_nonlinear,128,9401104,960,48,46080,BPTT,True,113937,113937,911496,0,0.06335964996833354,0.0625,0.00032153281244973186,2.9091513166143654,4.47861583806133,,0.00011052460922655882,325513216
n16_lowrank1_d3_stack_nonlinear_T128_s9401104,16,lowrank,lowrank,1,3,stack_nonlinear,128,9401104,960,48,46080,RTRL,True,46080,46080,368640,0,0.08169844996882603,0.0859375,0.0006365906269820698,5.759718414178283,5.774905198471208,4469760,0.00011052460922655882,325513216
n16_lowrank1_d3_stack_nonlinear_T128_s9401104,16,lowrank,lowrank,1,3,stack_nonlinear,128,9401104,960,48,46080,packed_exact,True,30720,31776,254208,8448,0.10017674998380244,0.1015625,0.0007619464849994984,6.893907975169789,7.081055203227916,2324480,0.00011052460922655882,325513216
n16_lowrank1_d3_stack_nonlinear_T128_s9401104,16,lowrank,lowrank,1,3,stack_nonlinear,128,9401104,960,48,46080,SnAp1,False,17040,18912,151296,14976,0.22219190001487732,0.203125,0.0017165699209726881,15.531110519051717,15.705771149192195,970160,0.00011052460922655882,325513216
n16_lowrank1_d3_stack_nonlinear_T128_s9401104,16,lowrank,lowrank,1,3,stack_nonlinear,128,9401104,960,48,46080,SnAp2,True,30720,31776,254208,8448,0.10298954998143017,0.1015625,0.0007853210940993449,7.105395799134244,7.279879701547754,2324480,0.00011052460922655882,325513216
n16_lowrank1_d3_stack_nonlinear_T128_s9401104,16,lowrank,lowrank,1,3,stack_nonlinear,128,9401104,960,48,46080,local_block,False,15360,16368,130944,8064,0.08426449995022267,0.0859375,0.0006422894543902657,5.811280029714188,5.956288020088494,506880,0.00011052460922655882,325513216
n16_lowrank1_d3_stack_nonlinear_T128_s9401104,16,lowrank,lowrank,1,3,stack_nonlinear,128,9401104,960,48,46080,online_svd_factor,True,48384,48384,387072,0,0.21964234998449683,0.21875,0.0017142738279289915,15.510336023129366,15.525554636763566,,0.00011052460922655882,325513216
n16_lowrank8_d1_stack_nonlinear_T32_s9401100,16,lowrank,lowrank,8,1,stack_nonlinear,32,9401100,544,16,8704,BPTT,True,8977,8977,71816,0,0.005314400012139231,0.0078125,0.00010599687448120676,3.1315146002807874,4.90643041103804,,3.384843694220763e-05,325513216
n16_lowrank8_d1_stack_nonlinear_T32_s9401100,16,lowrank,lowrank,8,1,stack_nonlinear,32,9401100,544,16,8704,RTRL,True,8704,8704,69632,0,0.005114450003020465,0.0,0.0001582140612299554,4.674191056446358,4.721829928728328,287232,3.384843694220763e-05,325513216
n16_lowrank8_d1_stack_nonlinear_T32_s9401100,16,lowrank,lowrank,8,1,stack_nonlinear,32,9401100,544,16,8704,packed_exact,True,8704,9264,74112,4480,0.0076627000235021114,0.0078125,0.00020711718570964877,6.118958640934525,7.074458892837231,287232,3.384843694220763e-05,325513216
n16_lowrank8_d1_stack_nonlinear_T32_s9401100,16,lowrank,lowrank,8,1,stack_nonlinear,32,9401100,544,16,8704,SnAp1,False,2464,3040,24320,4608,0.01542725000763312,0.015625,0.0004527468718151795,13.375709861822969,14.242949048479515,68832,3.384843694220763e-05,325513216
n16_lowrank8_d1_stack_nonlinear_T32_s9401100,16,lowrank,lowrank,8,1,stack_nonlinear,32,9401100,544,16,8704,SnAp2,True,8704,9264,74112,4480,0.007506649999413639,0.0078125,0.0002035859361058101,6.014633303552836,6.930388333210181,287232,3.384843694220763e-05,325513216
n16_lowrank8_d1_stack_nonlinear_T32_s9401100,16,lowrank,lowrank,8,1,stack_nonlinear,32,9401100,544,16,8704,local_block,True,8704,9264,74112,4480,0.008089349954389036,0.0078125,0.0002214296855527209,6.5417994317074974,7.46835626431647,287232,3.384843694220763e-05,325513216
n16_lowrank8_d1_stack_nonlinear_T32_s9401100,16,lowrank,lowrank,8,1,stack_nonlinear,32,9401100,544,16,8704,online_svd_factor,True,8960,8960,71680,0,0.012578649970237166,0.015625,0.00039157499850261956,11.568480966231602,11.61302698381777,,3.384843694220763e-05,325513216
n16_lowrank8_d1_stack_nonlinear_T32_s9401101,16,lowrank,lowrank,8,1,stack_nonlinear,32,9401101,544,16,8704,BPTT,True,8977,8977,71816,0,0.004922499996609986,0.0078125,9.854843847278971e-05,2.8718241415125214,4.482742999893879,,3.431562436162494e-05,325513216
n16_lowrank8_d1_stack_nonlinear_T32_s9401101,16,lowrank,lowrank,8,1,stack_nonlinear,32,9401101,544,16,8704,RTRL,True,8704,8704,69632,0,0.005135999992489815,0.0,0.0001589937546668807,4.63327588014639,4.677169736850057,287232,3.431562436162494e-05,325513216
n16_lowrank8_d1_stack_nonlinear_T32_s9401101,16,lowrank,lowrank,8,1,stack_nonlinear,32,9401101,544,16,8704,packed_exact,True,8704,9264,74112,4480,0.007527399982791394,0.0078125,0.00020053906337125227,5.8439578793010245,6.854931356728845,287232,3.431562436162494e-05,325513216
n16_lowrank8_d1_stack_nonlinear_T32_s9401101,16,lowrank,lowrank,8,1,stack_nonlinear,32,9401101,544,16,8704,SnAp1,False,2464,3040,24320,4608,0.015506149968132377,0.015625,0.0004525765634753043,13.188644295262169,14.120890862939588,68832,3.431562436162494e-05,325513216
n16_lowrank8_d1_stack_nonlinear_T32_s9401101,16,lowrank,lowrank,8,1,stack_nonlinear,32,9401101,544,16,8704,SnAp2,True,8704,9264,74112,4480,0.0075495500350371,0.0078125,0.00020458125254663173,5.96175230241226,6.875102609490674,287232,3.431562436162494e-05,325513216
n16_lowrank8_d1_stack_nonlinear_T32_s9401101,16,lowrank,lowrank,8,1,stack_nonlinear,32,9401101,544,16,8704,local_block,True,8704,9264,74112,4480,0.007573600043542683,0.0078125,0.00020437031889741775,5.9556054333653465,6.897004083812672,287232,3.431562436162494e-05,325513216
n16_lowrank8_d1_stack_nonlinear_T32_s9401101,16,lowrank,lowrank,8,1,stack_nonlinear,32,9401101,544,16,8704,online_svd_factor,True,8960,8960,71680,0,0.012212149915285408,0.015625,0.0003801812490564771,11.078954736479533,11.121163958171904,,3.431562436162494e-05,325513216
n16_lowrank8_d1_stack_nonlinear_T32_s9401102,16,lowrank,lowrank,8,1,stack_nonlinear,32,9401102,544,16,8704,BPTT,True,8977,8977,71816,0,0.005760900035966188,0.0078125,0.00010312187623640057,3.048829041028026,5.3225852666826245,,3.382343675184529e-05,325513216
n16_lowrank8_d1_stack_nonlinear_T32_s9401102,16,lowrank,lowrank,8,1,stack_nonlinear,32,9401102,544,16,8704,RTRL,True,8704,8704,69632,0,0.00469370000064373,0.0078125,0.00014513437599816825,4.290941132416126,4.336582532882744,287232,3.382343675184529e-05,325513216
n16_lowrank8_d1_stack_nonlinear_T32_s9401102,16,lowrank,lowrank,8,1,stack_nonlinear,32,9401102,544,16,8704,packed_exact,True,8704,9264,74112,4480,0.007354500005021691,0.0078125,0.00019723749937838875,5.831385521982125,6.794937097703095,287232,3.382343675184529e-05,325513216
n16_lowrank8_d1_stack_nonlinear_T32_s9401102,16,lowrank,lowrank,8,1,stack_nonlinear,32,9401102,544,16,8704,SnAp1,False,2464,3040,24320,4608,0.015663250000216067,0.015625,0.00045791718548571225,13.538458224849958,14.471520623345524,68832,3.382343675184529e-05,325513216
n16_lowrank8_d1_stack_nonlinear_T32_s9401102,16,lowrank,lowrank,8,1,stack_nonlinear,32,9401102,544,16,8704,SnAp2,True,8704,9264,74112,4480,0.00744424998993054,0.0078125,0.00020107968884985894,5.9449810001607455,6.877858506576441,287232,3.382343675184529e-05,325513216
n16_lowrank8_d1_stack_nonlinear_T32_s9401102,16,lowrank,lowrank,8,1,stack_nonlinear,32,9401102,544,16,8704,local_block,True,8704,9264,74112,4480,0.00770880002528429,0.0078125,0.00020985937953810208,6.204555175093284,7.1222804044888015,287232,3.382343675184529e-05,325513216
n16_lowrank8_d1_stack_nonlinear_T32_s9401102,16,lowrank,lowrank,8,1,stack_nonlinear,32,9401102,544,16,8704,online_svd_factor,True,8960,8960,71680,0,0.012054899998474866,0.015625,0.0003752890606847359,11.095533060053732,11.13770985829189,,3.382343675184529e-05,325513216
n16_lowrank8_d1_stack_nonlinear_T32_s9401103,16,lowrank,lowrank,8,1,stack_nonlinear,32,9401103,544,16,8704,BPTT,True,8977,8977,71816,0,0.004971000016666949,0.0078125,0.00010403749911347404,2.954561656213601,4.4116082444531735,,3.521249891491607e-05,325513216
n16_lowrank8_d1_stack_nonlinear_T32_s9401103,16,lowrank,lowrank,8,1,stack_nonlinear,32,9401103,544,16,8704,RTRL,True,8704,8704,69632,0,0.005142450041603297,0.0078125,0.000158881248353282,4.512069669840434,4.563764820792926,287232,3.521249891491607e-05,325513216
n16_lowrank8_d1_stack_nonlinear_T32_s9401103,16,lowrank,lowrank,8,1,stack_nonlinear,32,9401103,544,16,8704,packed_exact,True,8704,9264,74112,4480,0.007659700000658631,0.0078125,0.0002071656272164546,5.883298078816523,6.797746038955122,287232,3.521249891491607e-05,325513216
n16_lowrank8_d1_stack_nonlinear_T32_s9401103,16,lowrank,lowrank,8,1,stack_nonlinear,32,9401103,544,16,8704,SnAp1,False,2464,3040,24320,4608,0.015484100033063442,0.015625,0.0004541093749139691,12.89625527603801,13.74165824477345,68832,3.521249891491607e-05,325513216
n16_lowrank8_d1_stack_nonlinear_T32_s9401103,16,lowrank,lowrank,8,1,stack_nonlinear,32,9401103,544,16,8704,SnAp2,True,8704,9264,74112,4480,0.007827100052963942,0.0,0.00021216406457824633,6.025248735992813,6.946308390271944,287232,3.521249891491607e-05,325513216
n16_lowrank8_d1_stack_nonlinear_T32_s9401103,16,lowrank,lowrank,8,1,stack_nonlinear,32,9401103,544,16,8704,local_block,True,8704,9264,74112,4480,0.007774300058372319,0.0078125,0.0002111078101734165,5.995252159851424,6.8994500336703535,287232,3.521249891491607e-05,325513216
n16_lowrank8_d1_stack_nonlinear_T32_s9401103,16,lowrank,lowrank,8,1,stack_nonlinear,32,9401103,544,16,8704,online_svd_factor,True,8960,8960,71680,0,0.011956000002101064,0.015625,0.00037214687108644284,10.568601563486336,10.610578958580815,,3.521249891491607e-05,325513216
n16_lowrank8_d1_stack_nonlinear_T32_s9401104,16,lowrank,lowrank,8,1,stack_nonlinear,32,9401104,544,16,8704,BPTT,True,8977,8977,71816,0,0.005034849920775741,0.0078125,0.00010410624781798106,3.4238436521914646,5.174563037250569,,3.0406250516534783e-05,325513216
n16_lowrank8_d1_stack_nonlinear_T32_s9401104,16,lowrank,lowrank,8,1,stack_nonlinear,32,9401104,544,16,8704,RTRL,True,8704,8704,69632,0,0.0052227500127628446,0.0078125,0.00016155937737494241,5.313360727824272,5.367677208674102,287232,3.0406250516534783e-05,325513216
n16_lowrank8_d1_stack_nonlinear_T32_s9401104,16,lowrank,lowrank,8,1,stack_nonlinear,32,9401104,544,16,8704,packed_exact,True,8704,9264,74112,4480,0.0077710499172098935,0.0078125,0.00020118905922572594,6.616700704886985,7.986690426718381,287232,3.0406250516534783e-05,325513216
n16_lowrank8_d1_stack_nonlinear_T32_s9401104,16,lowrank,lowrank,8,1,stack_nonlinear,32,9401104,544,16,8704,SnAp1,False,2464,3040,24320,4608,0.01537899998947978,0.015625,0.0004501859348238213,14.80570366869181,15.805755116366564,68832,3.0406250516534783e-05,325513216
n16_lowrank8_d1_stack_nonlinear_T32_s9401104,16,lowrank,lowrank,8,1,stack_nonlinear,32,9401104,544,16,8704,SnAp2,True,8704,9264,74112,4480,0.007578649965580553,0.0078125,0.0002046484387392411,6.730472691065747,7.788951528094648,287232,3.0406250516534783e-05,325513216
n16_lowrank8_d1_stack_nonlinear_T32_s9401104,16,lowrank,lowrank,8,1,stack_nonlinear,32,9401104,544,16,8704,local_block,True,8704,9264,74112,4480,0.0076101000304333866,0.0078125,0.00020649374710046686,6.791161145902435,7.821274307455971,287232,3.0406250516534783e-05,325513216
n16_lowrank8_d1_stack_nonlinear_T32_s9401104,16,lowrank,lowrank,8,1,stack_nonlinear,32,9401104,544,16,8704,online_svd_factor,True,8960,8960,71680,0,0.012563900032546371,0.015625,0.0003911328167305328,12.863566210435467,12.9125383546902,,3.0406250516534783e-05,325513216
n16_lowrank8_d1_stack_nonlinear_T128_s9401100,16,lowrank,lowrank,8,1,stack_nonlinear,128,9401100,544,16,8704,BPTT,True,36625,36625,293000,0,0.019176249974407256,0.015625,9.791757793209399e-05,3.042616463542282,4.655220549495977,,3.218203119104146e-05,325513216
n16_lowrank8_d1_stack_nonlinear_T128_s9401100,16,lowrank,lowrank,8,1,stack_nonlinear,128,9401100,544,16,8704,RTRL,True,8704,8704,69632,0,0.020771849958691746,0.0234375,0.000161080857651541,5.005304254890575,5.042567911234059,287232,3.218203119104146e-05,325513216
n16_lowrank8_d1_stack_nonlinear_T128_s9401100,16,lowrank,lowrank,8,1,stack_nonlinear,128,9401100,544,16,8704,packed_exact,True,8704,9264,74112,4480,0.026165549992583692,0.0234375,0.00019574609314076952,6.082465459646299,6.351940873575569,287232,3.218203119104146e-05,325513216
n16_lowrank8_d1_stack_nonlinear_T128_s9401100,16,lowrank,lowrank,8,1,stack_nonlinear,128,9401100,544,16,8704,SnAp1,False,2464,3040,24320,4608,0.05903085006866604,0.0546875,0.00045320937351789325,14.08268393090283,14.330311018088631,68832,3.218203119104146e-05,325513216
n16_lowrank8_d1_stack_nonlinear_T128_s9401100,16,lowrank,lowrank,8,1,stack_nonlinear,128,9401100,544,16,8704,SnAp2,True,8704,9264,74112,4480,0.026849949965253472,0.03125,0.00020074179656148772,6.237698154284568,6.5180856005737535,287232,3.218203119104146e-05,325513216
n16_lowrank8_d1_stack_nonlinear_T128_s9401100,16,lowrank,lowrank,8,1,stack_nonlinear,128,9401100,544,16,8704,local_block,True,8704,9264,74112,4480,0.02688400004990399,0.0234375,0.00020118125075896387,6.25135342032006,6.526351588657384,287232,3.218203119104146e-05,325513216
n16_lowrank8_d1_stack_nonlinear_T128_s9401100,16,lowrank,lowrank,8,1,stack_nonlinear,128,9401100,544,16,8704,online_svd_factor,True,8960,8960,71680,0,0.05047359998570755,0.0546875,0.00039304609435930615,12.213215878950448,12.252955618230487,,3.218203119104146e-05,325513216
n16_lowrank8_d1_stack_nonlinear_T128_s9401101,16,lowrank,lowrank,8,1,stack_nonlinear,128,9401101,544,16,8704,BPTT,True,36625,36625,293000,0,0.020999300002586097,0.0234375,0.00010533593695072341,3.0539417230952277,4.756407236379296,,3.4491796668589814e-05,325513216
n16_lowrank8_d1_stack_nonlinear_T128_s9401101,16,lowrank,lowrank,8,1,stack_nonlinear,128,9401101,544,16,8704,RTRL,True,8704,8704,69632,0,0.02052844996796921,0.0234375,0.00015912382968963357,4.613381877973922,4.649758228477823,287232,3.4491796668589814e-05,325513216
n16_lowrank8_d1_stack_nonlinear_T128_s9401101,16,lowrank,lowrank,8,1,stack_nonlinear,128,9401101,544,16,8704,packed_exact,True,8704,9264,74112,4480,0.02609959995606914,0.0234375,0.00019454921857686713,5.640448957941199,5.911641153865316,287232,3.4491796668589814e-05,325513216
n16_lowrank8_d1_stack_nonlinear_T128_s9401101,16,lowrank,lowrank,8,1,stack_nonlinear,128,9401101,544,16,8704,SnAp1,False,2464,3040,24320,4608,0.05751695000799373,0.0625,0.00044112421664976864,12.789250177027785,13.027769363683385,68832,3.4491796668589814e-05,325513216
n16_lowrank8_d1_stack_nonlinear_T128_s9401101,16,lowrank,lowrank,8,1,stack_nonlinear,128,9401101,544,16,8704,SnAp2,True,8704,9264,74112,4480,0.02732240007026121,0.0234375,0.00020482500121943303,5.938368568835914,6.188609210470648,287232,3.4491796668589814e-05,325513216
n16_lowrank8_d1_stack_nonlinear_T128_s9401101,16,lowrank,lowrank,8,1,stack_nonlinear,128,9401101,544,16,8704,local_block,True,8704,9264,74112,4480,0.026602650003042072,0.03125,0.0001992625011553173,5.7770983364510275,6.025583565440384,287232,3.4491796668589814e-05,325513216
n16_lowrank8_d1_stack_nonlinear_T128_s9401101,16,lowrank,lowrank,8,1,stack_nonlinear,128,9401101,544,16,8704,online_svd_factor,True,8960,8960,71680,0,0.04882740002358332,0.046875,0.00038032812472010846,11.026625500968954,11.059559069928866,,3.4491796668589814e-05,325513216
n16_lowrank8_d1_stack_nonlinear_T128_s9401102,16,lowrank,lowrank,8,1,stack_nonlinear,128,9401102,544,16,8704,BPTT,True,36625,36625,293000,0,0.019139950047247112,0.0234375,9.790859394342988e-05,3.0623724665013836,4.677007087214899,,3.197148453182308e-05,325513216
n16_lowrank8_d1_stack_nonlinear_T128_s9401102,16,lowrank,lowrank,8,1,stack_nonlinear,128,9401102,544,16,8704,RTRL,True,8704,8704,69632,0,0.020221150014549494,0.015625,0.0001567812510074873,4.903783896910817,4.941207354054001,287232,3.197148453182308e-05,325513216
n16_lowrank8_d1_stack_nonlinear_T128_s9401102,16,lowrank,lowrank,8,1,stack_nonlinear,128,9401102,544,16,8704,packed_exact,True,8704,9264,74112,4480,0.026687849953304976,0.03125,0.0001999027340389148,6.2525321224899635,6.521399641379308,287232,3.197148453182308e-05,325513216
n16_lowrank8_d1_stack_nonlinear_T128_s9401102,16,lowrank,lowrank,8,1,stack_nonlinear,128,9401102,544,16,8704,SnAp1,False,2464,3040,24320,4608,0.057817300024908036,0.0546875,0.00044322422036202624,13.863110420188946,14.128141469158026,68832,3.197148453182308e-05,325513216
n16_lowrank8_d1_stack_nonlinear_T128_s9401102,16,lowrank,lowrank,8,1,stack_nonlinear,128,9401102,544,16,8704,SnAp2,True,8704,9264,74112,4480,0.027528850070666522,0.03125,0.0002061593745565915,6.448226523588201,6.726905063260712,287232,3.197148453182308e-05,325513216
n16_lowrank8_d1_stack_nonlinear_T128_s9401102,16,lowrank,lowrank,8,1,stack_nonlinear,128,9401102,544,16,8704,local_block,True,8704,9264,74112,4480,0.026907150051556528,0.03125,0.00020130273424001643,6.296321149543372,6.57498745698058,287232,3.197148453182308e-05,325513216
n16_lowrank8_d1_stack_nonlinear_T128_s9401102,16,lowrank,lowrank,8,1,stack_nonlinear,128,9401102,544,16,8704,online_svd_factor,True,8960,8960,71680,0,0.04949940001824871,0.046875,0.0003855230456792924,12.058340465722162,12.09559294181817,,3.197148453182308e-05,325513216
n16_lowrank8_d1_stack_nonlinear_T128_s9401103,16,lowrank,lowrank,8,1,stack_nonlinear,128,9401103,544,16,8704,BPTT,True,36625,36625,293000,0,0.019317149999551475,0.0234375,9.896445317281177e-05,2.8020992561465947,4.273044031629472,,3.5317968468007166e-05,325513216
n16_lowrank8_d1_stack_nonlinear_T128_s9401103,16,lowrank,lowrank,8,1,stack_nonlinear,128,9401103,544,16,8704,RTRL,True,8704,8704,69632,0,0.02018434996716678,0.0234375,0.0001563433593219088,4.426737043596736,4.464872725092736,287232,3.5317968468007166e-05,325513216
n16_lowrank8_d1_stack_nonlinear_T128_s9401103,16,lowrank,lowrank,8,1,stack_nonlinear,128,9401103,544,16,8704,packed_exact,True,8704,9264,74112,4480,0.02703630004543811,0.0234375,0.00020238945307937684,5.730495321742858,5.98055616636954,287232,3.5317968468007166e-05,325513216
n16_lowrank8_d1_stack_nonlinear_T128_s9401103,16,lowrank,lowrank,8,1,stack_nonlinear,128,9401103,544,16,8704,SnAp1,False,2464,3040,24320,4608,0.06054465001216158,0.0625,0.0004648761723728967,13.16259661973495,13.39276008042435,68832,3.5317968468007166e-05,325513216
n16_lowrank8_d1_stack_nonlinear_T128_s9401103,16,lowrank,lowrank,8,1,stack_nonlinear,128,9401103,544,16,8704,SnAp2,True,8704,9264,74112,4480,0.026341000047978014,0.03125,0.00019645468819362577,5.562457205645464,5.826752551218866,287232,3.5317968468007166e-05,325513216
n16_lowrank8_d1_stack_nonlinear_T128_s9401103,16,lowrank,lowrank,8,1,stack_nonlinear,128,9401103,544,16,8704,local_block,True,8704,9264,74112,4480,0.026167900068685412,0.0234375,0.00019581445349103888,5.544329472642734,5.788462025266093,287232,3.5317968468007166e-05,325513216
n16_lowrank8_d1_stack_nonlinear_T128_s9401103,16,lowrank,lowrank,8,1,stack_nonlinear,128,9401103,544,16,8704,online_svd_factor,True,8960,8960,71680,0,0.04889469995396212,0.046875,0.00038082031369413016,10.782622280188534,10.815736577157747,,3.5317968468007166e-05,325513216
n16_lowrank8_d1_stack_nonlinear_T128_s9401104,16,lowrank,lowrank,8,1,stack_nonlinear,128,9401104,544,16,8704,BPTT,True,36625,36625,293000,0,0.019362499995622784,0.0234375,9.737500022310996e-05,2.9610623898503032,4.599933438635273,,3.288515654276125e-05,325513216
n16_lowrank8_d1_stack_nonlinear_T128_s9401104,16,lowrank,lowrank,8,1,stack_nonlinear,128,9401104,544,16,8704,RTRL,True,8704,8704,69632,0,0.02005180000560358,0.015625,0.0001555191397528688,4.729159174007399,4.763689883612889,287232,3.288515654276125e-05,325513216
n16_lowrank8_d1_stack_nonlinear_T128_s9401104,16,lowrank,lowrank,8,1,stack_nonlinear,128,9401104,544,16,8704,packed_exact,True,8704,9264,74112,4480,0.026528900023549795,0.0234375,0.00019866562342940597,6.0411943963556,6.3024492878567315,287232,3.288515654276125e-05,325513216
n16_lowrank8_d1_stack_nonlinear_T128_s9401104,16,lowrank,lowrank,8,1,stack_nonlinear,128,9401104,544,16,8704,SnAp1,False,2464,3040,24320,4608,0.05785909999394789,0.0625,0.00044389414142642636,13.498313162937862,13.74553951461175,68832,3.288515654276125e-05,325513216
n16_lowrank8_d1_stack_nonlinear_T128_s9401104,16,lowrank,lowrank,8,1,stack_nonlinear,128,9401104,544,16,8704,SnAp2,True,8704,9264,74112,4480,0.026397999958135188,0.0234375,0.00019737773618544452,6.002031218212088,6.2713514653567275,287232,3.288515654276125e-05,325513216
n16_lowrank8_d1_stack_nonlinear_T128_s9401104,16,lowrank,lowrank,8,1,stack_nonlinear,128,9401104,544,16,8704,local_block,True,8704,9264,74112,4480,0.02677205001236871,0.03125,0.00020064296859345632,6.101323201322034,6.3602142337276035,287232,3.288515654276125e-05,325513216
n16_lowrank8_d1_stack_nonlinear_T128_s9401104,16,lowrank,lowrank,8,1,stack_nonlinear,128,9401104,544,16,8704,online_svd_factor,True,8960,8960,71680,0,0.049128750048112124,0.046875,0.00038261171903286595,11.634784786119171,11.671477350329441,,3.288515654276125e-05,325513216
n16_lowrank8_d3_stack_nonlinear_T32_s9401100,16,lowrank,lowrank,8,3,stack_nonlinear,32,9401100,1632,48,78336,BPTT,True,27921,27921,223368,0,0.015307450026739389,0.015625,0.0003114093724434497,3.0274334638914886,4.650458784984567,,0.00010286249926139135,325513216
n16_lowrank8_d3_stack_nonlinear_T32_s9401100,16,lowrank,lowrank,8,3,stack_nonlinear,32,9401100,1632,48,78336,RTRL,True,78336,78336,626688,0,0.022395449981559068,0.0234375,0.0006957640634936979,6.764020595354595,6.803818854772929,7598592,0.00010286249926139135,325513216
n16_lowrank8_d3_stack_nonlinear_T32_s9401100,16,lowrank,lowrank,8,3,stack_nonlinear,32,9401100,1632,48,78336,packed_exact,True,52224,53952,431616,13824,0.031769950001034886,0.03125,0.0008726875021238811,8.484020011085203,9.651825929384007,3951616,0.00010286249926139135,325513216
n16_lowrank8_d3_stack_nonlinear_T32_s9401100,16,lowrank,lowrank,8,3,stack_nonlinear,32,9401100,1632,48,78336,SnAp1,False,33504,36048,288384,20352,0.06266490003326908,0.0625,0.0018420140640955651,17.907537511942905,19.037823697665914,2098336,0.00010286249926139135,325513216
n16_lowrank8_d3_stack_nonlinear_T32_s9401100,16,lowrank,lowrank,8,3,stack_nonlinear,32,9401100,1632,48,78336,SnAp2,True,52224,53952,431616,13824,0.030762449954636395,0.03125,0.0008383281219721539,8.14998787694063,9.34574376459093,3951616,0.00010286249926139135,325513216
n16_lowrank8_d3_stack_nonlinear_T32_s9401100,16,lowrank,lowrank,8,3,stack_nonlinear,32,9401100,1632,48,78336,local_block,False,26112,27792,222336,13440,0.025244700023904443,0.0234375,0.0006938843762327451,6.745746809723777,7.6694313419537945,861696,0.00010286249926139135,325513216
n16_lowrank8_d3_stack_nonlinear_T32_s9401100,16,lowrank,lowrank,8,3,stack_nonlinear,32,9401100,1632,48,78336,online_svd_factor,True,80640,80640,645120,0,0.06921524996869266,0.0703125,0.002161092186725,21.009524386854455,21.027843743375797,,0.00010286249926139135,325513216
n16_lowrank8_d3_stack_nonlinear_T32_s9401101,16,lowrank,lowrank,8,3,stack_nonlinear,32,9401101,1632,48,78336,BPTT,True,27921,27921,223368,0,0.015061499958392233,0.015625,0.0003077484398090746,3.0270648175835837,4.629606799587965,,0.00010166562606173102,325513216
n16_lowrank8_d3_stack_nonlinear_T32_s9401101,16,lowrank,lowrank,8,3,stack_nonlinear,32,9401101,1632,48,78336,RTRL,True,78336,78336,626688,0,0.022919050010386854,0.03125,0.0007123953109839931,7.0072387155854345,7.044862069601605,7598592,0.00010166562606173102,325513216
n16_lowrank8_d3_stack_nonlinear_T32_s9401101,16,lowrank,lowrank,8,3,stack_nonlinear,32,9401101,1632,48,78336,packed_exact,True,52224,53952,431616,13824,0.02987755002686754,0.03125,0.0008180328113667201,8.04630673173658,9.18376716406278,3951616,0.00010166562606173102,325513216
n16_lowrank8_d3_stack_nonlinear_T32_s9401101,16,lowrank,lowrank,8,3,stack_nonlinear,32,9401101,1632,48,78336,SnAp1,False,33504,36048,288384,20352,0.057836699939798564,0.0546875,0.0016979453084786655,16.701272340050107,17.777856126329855,2098336,0.00010166562606173102,325513216
n16_lowrank8_d3_stack_nonlinear_T32_s9401101,16,lowrank,lowrank,8,3,stack_nonlinear,32,9401101,1632,48,78336,SnAp2,True,52224,53952,431616,13824,0.030473349965177476,0.03125,0.0008358499962923815,8.22155952479805,9.36690426549449,3951616,0.00010166562606173102,325513216
n16_lowrank8_d3_stack_nonlinear_T32_s9401101,16,lowrank,lowrank,8,3,stack_nonlinear,32,9401101,1632,48,78336,local_block,False,26112,27792,222336,13440,0.027054399950429797,0.0234375,0.0007529484373662854,7.406126008697352,8.315986742043735,861696,0.00010166562606173102,325513216
n16_lowrank8_d3_stack_nonlinear_T32_s9401101,16,lowrank,lowrank,8,3,stack_nonlinear,32,9401101,1632,48,78336,online_svd_factor,True,80640,80640,645120,0,0.0699517999892123,0.0703125,0.0021839828077645507,21.48201798746062,21.501797946294616,,0.00010166562606173102,325513216
n16_lowrank8_d3_stack_nonlinear_T32_s9401102,16,lowrank,lowrank,8,3,stack_nonlinear,32,9401102,1632,48,78336,BPTT,True,27921,27921,223368,0,0.015589800023008138,0.015625,0.0003202437510481104,3.3418554737883306,5.083906630851825,,9.582812708686106e-05,325513216
n16_lowrank8_d3_stack_nonlinear_T32_s9401102,16,lowrank,lowrank,8,3,stack_nonlinear,32,9401102,1632,48,78336,RTRL,True,78336,78336,626688,0,0.023665999993681908,0.0234375,0.0007355812504101777,7.6760474484013255,7.717593177337185,7598592,9.582812708686106e-05,325513216
n16_lowrank8_d3_stack_nonlinear_T32_s9401102,16,lowrank,lowrank,8,3,stack_nonlinear,32,9401102,1632,48,78336,packed_exact,True,52224,53952,431616,13824,0.03143154998542741,0.0390625,0.0008601750014349818,8.976226788355127,10.249975314181846,3951616,9.582812708686106e-05,325513216
n16_lowrank8_d3_stack_nonlinear_T32_s9401102,16,lowrank,lowrank,8,3,stack_nonlinear,32,9401102,1632,48,78336,SnAp1,False,33504,36048,288384,20352,0.058641400013584644,0.0625,0.001723370314721251,17.983971586537887,19.1232345464026,2098336,9.582812708686106e-05,325513216
n16_lowrank8_d3_stack_nonlinear_T32_s9401102,16,lowrank,lowrank,8,3,stack_nonlinear,32,9401102,1632,48,78336,SnAp2,True,52224,53952,431616,13824,0.03584094997495413,0.0390625,0.0009924984315148322,10.357068030925891,11.687901253690297,3951616,9.582812708686106e-05,325513216
n16_lowrank8_d3_stack_nonlinear_T32_s9401102,16,lowrank,lowrank,8,3,stack_nonlinear,32,9401102,1632,48,78336,local_block,False,26112,27792,222336,13440,0.026535250013694167,0.0234375,0.0007293250037037069,7.6107613273358465,8.653269015435422,861696,9.582812708686106e-05,325513216
n16_lowrank8_d3_stack_nonlinear_T32_s9401102,16,lowrank,lowrank,8,3,stack_nonlinear,32,9401102,1632,48,78336,online_svd_factor,True,80640,80640,645120,0,0.0695144499768503,0.0703125,0.0021703578113374533,22.648442344805357,22.668986943755247,,9.582812708686106e-05,325513216
n16_lowrank8_d3_stack_nonlinear_T32_s9401103,16,lowrank,lowrank,8,3,stack_nonlinear,32,9401103,1632,48,78336,BPTT,True,27921,27921,223368,0,0.015157199988607317,0.015625,0.0003160328124067746,3.3174944362935346,4.97218214552744,,9.526249959890265e-05,325513216
n16_lowrank8_d3_stack_nonlinear_T32_s9401103,16,lowrank,lowrank,8,3,stack_nonlinear,32,9401103,1632,48,78336,RTRL,True,78336,78336,626688,0,0.022532649978529662,0.015625,0.0007011953130131587,7.360664647321893,7.391631699712015,7598592,9.526249959890265e-05,325513216
n16_lowrank8_d3_stack_nonlinear_T32_s9401103,16,lowrank,lowrank,8,3,stack_nonlinear,32,9401103,1632,48,78336,packed_exact,True,52224,53952,431616,13824,0.030938550014980137,0.03125,0.0008511015603289707,8.93427701259662,10.149111056700285,3951616,9.526249959890265e-05,325513216
n16_lowrank8_d3_stack_nonlinear_T32_s9401103,16,lowrank,lowrank,8,3,stack_nonlinear,32,9401103,1632,48,78336,SnAp1,False,33504,36048,288384,20352,0.05930785002419725,0.0546875,0.0017402078101440566,18.267501036306026,19.455402924127277,2098336,9.526249959890265e-05,325513216
n16_lowrank8_d3_stack_nonlinear_T32_s9401103,16,lowrank,lowrank,8,3,stack_nonlinear,32,9401103,1632,48,78336,SnAp2,True,52224,53952,431616,13824,0.0315229999832809,0.03125,0.0008594406208430883,9.021814716826812,10.340834574205058,3951616,9.526249959890265e-05,325513216
n16_lowrank8_d3_stack_nonlinear_T32_s9401103,16,lowrank,lowrank,8,3,stack_nonlinear,32,9401103,1632,48,78336,local_block,False,26112,27792,222336,13440,0.025782849988900125,0.0234375,0.0007132953105610795,7.4876820738944385,8.457830369196087,861696,9.526249959890265e-05,325513216
n16_lowrank8_d3_stack_nonlinear_T32_s9401103,16,lowrank,lowrank,8,3,stack_nonlinear,32,9401103,1632,48,78336,online_svd_factor,True,80640,80640,645120,0,0.06938755005830899,0.0703125,0.0021663234401785303,22.740568946854346,22.761957207210777,,9.526249959890265e-05,325513216
n16_lowrank8_d3_stack_nonlinear_T32_s9401104,16,lowrank,lowrank,8,3,stack_nonlinear,32,9401104,1632,48,78336,BPTT,True,27921,27921,223368,0,0.014846250007394701,0.015625,0.00031138749909587204,2.949181629953707,4.394071687471221,,0.00010558437497820705,325513216
n16_lowrank8_d3_stack_nonlinear_T32_s9401104,16,lowrank,lowrank,8,3,stack_nonlinear,32,9401104,1632,48,78336,RTRL,True,78336,78336,626688,0,0.022683650022372603,0.0234375,0.0007049374999041902,6.676532394586713,6.713721261744038,7598592,0.00010558437497820705,325513216
n16_lowrank8_d3_stack_nonlinear_T32_s9401104,16,lowrank,lowrank,8,3,stack_nonlinear,32,9401104,1632,48,78336,packed_exact,True,52224,53952,431616,13824,0.03100399993127212,0.03125,0.000852618746648659,8.075236007455102,9.176310396800972,3951616,0.00010558437497820705,325513216
n16_lowrank8_d3_stack_nonlinear_T32_s9401104,16,lowrank,lowrank,8,3,stack_nonlinear,32,9401104,1632,48,78336,SnAp1,False,33504,36048,288384,20352,0.05837465001968667,0.046875,0.0017104671878769295,16.200002966631903,17.277251615039923,2098336,0.00010558437497820705,325513216
n16_lowrank8_d3_stack_nonlinear_T32_s9401104,16,lowrank,lowrank,8,3,stack_nonlinear,32,9401104,1632,48,78336,SnAp2,True,52224,53952,431616,13824,0.029999950027558953,0.0234375,0.0008170593791874126,7.738449740845236,8.879139915870317,3951616,0.00010558437497820705,325513216
n16_lowrank8_d3_stack_nonlinear_T32_s9401104,16,lowrank,lowrank,8,3,stack_nonlinear,32,9401104,1632,48,78336,local_block,False,26112,27792,222336,13440,0.025631349999457598,0.015625,0.000706560935213929,6.6919081100756195,7.586157399220999,861696,0.00010558437497820705,325513216
n16_lowrank8_d3_stack_nonlinear_T32_s9401104,16,lowrank,lowrank,8,3,stack_nonlinear,32,9401104,1632,48,78336,online_svd_factor,True,80640,80640,645120,0,0.06845809996593744,0.0546875,0.0021375078067649156,20.244546669013328,20.261668683241307,,0.00010558437497820705,325513216
n16_lowrank8_d3_stack_nonlinear_T128_s9401100,16,lowrank,lowrank,8,3,stack_nonlinear,128,9401100,1632,48,78336,BPTT,True,113937,113937,911496,0,0.060707900032866746,0.0625,0.0003171757812197029,3.3428985364655777,4.998715474491767,,9.488046907790704e-05,325607424
n16_lowrank8_d3_stack_nonlinear_T128_s9401100,16,lowrank,lowrank,8,3,stack_nonlinear,128,9401100,1632,48,78336,RTRL,True,78336,78336,626688,0,0.09061069996096194,0.0859375,0.0007058007809064293,7.438841605292773,7.460925312919317,7598592,9.488046907790704e-05,325607424
n16_lowrank8_d3_stack_nonlinear_T128_s9401100,16,lowrank,lowrank,8,3,stack_nonlinear,128,9401100,1632,48,78336,packed_exact,True,52224,53952,431616,13824,0.11320174997672439,0.1171875,0.0008534261710337887,8.994750756691921,9.321082413357182,3951616,9.488046907790704e-05,325607424
n16_lowrank8_d3_stack_nonlinear_T128_s9401100,16,lowrank,lowrank,8,3,stack_nonlinear,128,9401100,1632,48,78336,SnAp1,False,33504,36048,288384,20352,0.22514145000604913,0.2109375,0.0017249875008928939,18.180638414387413,18.53824707304091,2098336,9.488046907790704e-05,325607424
n16_lowrank8_d3_stack_nonlinear_T128_s9401100,16,lowrank,lowrank,8,3,stack_nonlinear,128,9401100,1632,48,78336,SnAp2,True,52224,53952,431616,13824,0.10840600007213652,0.1015625,0.0008169023421942256,8.60980505401445,8.926198234413796,3951616,9.488046907790704e-05,325607424
n16_lowrank8_d3_stack_nonlinear_T128_s9401100,16,lowrank,lowrank,8,3,stack_nonlinear,128,9401100,1632,48,78336,local_block,False,26112,27792,222336,13440,0.09308890003012493,0.09375,0.0007028101567811973,7.40732169235077,7.664981408220011,861696,9.488046907790704e-05,325607424
n16_lowrank8_d3_stack_nonlinear_T128_s9401100,16,lowrank,lowrank,8,3,stack_nonlinear,128,9401100,1632,48,78336,online_svd_factor,True,80640,80640,645120,0,0.27399150002747774,0.2734375,0.002139098045972787,22.545188348682785,22.560581906556994,,9.488046907790704e-05,325607424
n16_lowrank8_d3_stack_nonlinear_T128_s9401101,16,lowrank,lowrank,8,3,stack_nonlinear,128,9401101,1632,48,78336,BPTT,True,113937,113937,911496,0,0.061468950007110834,0.0625,0.00032131054695128114,3.439709785927882,5.14094130653816,,9.341210943603073e-05,325947392
n16_lowrank8_d3_stack_nonlinear_T128_s9401101,16,lowrank,lowrank,8,3,stack_nonlinear,128,9401101,1632,48,78336,RTRL,True,78336,78336,626688,0,0.08794540003873408,0.09375,0.0006850140612186806,7.333246892232778,7.355293033748721,7598592,9.341210943603073e-05,325947392
n16_lowrank8_d3_stack_nonlinear_T128_s9401101,16,lowrank,lowrank,8,3,stack_nonlinear,128,9401101,1632,48,78336,packed_exact,True,52224,53952,431616,13824,0.10716149996733293,0.109375,0.0008071800803008955,8.641064688231435,8.962427072349847,3951616,9.341210943603073e-05,325947392
n16_lowrank8_d3_stack_nonlinear_T128_s9401101,16,lowrank,lowrank,8,3,stack_nonlinear,128,9401101,1632,48,78336,SnAp1,False,33504,36048,288384,20352,0.22659449995262548,0.21875,0.0017415929692106147,18.644188421879818,18.951178188435833,2098336,9.341210943603073e-05,325947392
n16_lowrank8_d3_stack_nonlinear_T128_s9401101,16,lowrank,lowrank,8,3,stack_nonlinear,128,9401101,1632,48,78336,SnAp2,True,52224,53952,431616,13824,0.11114630004158244,0.1171875,0.0008381093730349676,8.972170504391732,9.295694897774485,3951616,9.341210943603073e-05,325947392
n16_lowrank8_d3_stack_nonlinear_T128_s9401101,16,lowrank,lowrank,8,3,stack_nonlinear,128,9401101,1632,48,78336,local_block,False,26112,27792,222336,13440,0.09706455003470182,0.09375,0.0007337378906413505,7.854847675223729,8.117971018151653,861696,9.341210943603073e-05,325947392
n16_lowrank8_d3_stack_nonlinear_T128_s9401101,16,lowrank,lowrank,8,3,stack_nonlinear,128,9401101,1632,48,78336,online_svd_factor,True,80640,80640,645120,0,0.27450410003075376,0.2734375,0.00214306992256752,22.942099643249243,22.958086424104103,,9.341210943603073e-05,325947392
n16_lowrank8_d3_stack_nonlinear_T128_s9401102,16,lowrank,lowrank,8,3,stack_nonlinear,128,9401102,1632,48,78336,BPTT,True,113937,113937,911496,0,0.06072445004247129,0.0625,0.0003206871087968466,3.308197558460256,4.893995381779572,,9.693710944702616e-05,326017024
n16_lowrank8_d3_stack_nonlinear_T128_s9401102,16,lowrank,lowrank,8,3,stack_nonlinear,128,9401102,1632,48,78336,RTRL,True,78336,78336,626688,0,0.08940554998116568,0.09375,0.0006964078133933072,7.184119862516404,7.205505334461826,7598592,9.693710944702616e-05,326017024
n16_lowrank8_d3_stack_nonlinear_T128_s9401102,16,lowrank,lowrank,8,3,stack_nonlinear,128,9401102,1632,48,78336,packed_exact,True,52224,53952,431616,13824,0.1096988000208512,0.109375,0.0008263742179224209,8.524848973075837,8.841009186799017,3951616,9.693710944702616e-05,326017024
n16_lowrank8_d3_stack_nonlinear_T128_s9401102,16,lowrank,lowrank,8,3,stack_nonlinear,128,9401102,1632,48,78336,SnAp1,False,33504,36048,288384,20352,0.2273394499788992,0.21875,0.001746926173382235,18.02123235722114,18.32207978030066,2098336,9.693710944702616e-05,326017024
n16_lowrank8_d3_stack_nonlinear_T128_s9401102,16,lowrank,lowrank,8,3,stack_nonlinear,128,9401102,1632,48,78336,SnAp2,True,52224,53952,431616,13824,0.11205049994168803,0.1015625,0.0008449089855275815,8.716053019811822,9.030540891801815,3951616,9.693710944702616e-05,326017024
n16_lowrank8_d3_stack_nonlinear_T128_s9401102,16,lowrank,lowrank,8,3,stack_nonlinear,128,9401102,1632,48,78336,local_block,False,26112,27792,222336,13440,0.09465804998762906,0.09375,0.0007148171875996923,7.374030355117232,7.628822643329179,861696,9.693710944702616e-05,326017024
n16_lowrank8_d3_stack_nonlinear_T128_s9401102,16,lowrank,lowrank,8,3,stack_nonlinear,128,9401102,1632,48,78336,online_svd_factor,True,80640,80640,645120,0,0.2735064000589773,0.28125,0.0021353468737288495,22.028167395436586,22.042835428556426,,9.693710944702616e-05,326017024
n16_lowrank8_d3_stack_nonlinear_T128_s9401103,16,lowrank,lowrank,8,3,stack_nonlinear,128,9401103,1632,48,78336,BPTT,True,113937,113937,911496,0,0.06107500003417954,0.0625,0.0003183480466759647,3.3455295651286523,5.014367834740861,,9.515624969935743e-05,326017024
n16_lowrank8_d3_stack_nonlinear_T128_s9401103,16,lowrank,lowrank,8,3,stack_nonlinear,128,9401103,1632,48,78336,RTRL,True,78336,78336,626688,0,0.08853710000403225,0.0859375,0.0006897183598084666,7.248271784434608,7.2690558525256055,7598592,9.515624969935743e-05,326017024
n16_lowrank8_d3_stack_nonlinear_T128_s9401103,16,lowrank,lowrank,8,3,stack_nonlinear,128,9401103,1632,48,78336,packed_exact,True,52224,53952,431616,13824,0.10808685002848506,0.109375,0.0008142183583004226,8.556646156956738,8.874125646139685,3951616,9.515624969935743e-05,326017024
n16_lowrank8_d3_stack_nonlinear_T128_s9401103,16,lowrank,lowrank,8,3,stack_nonlinear,128,9401103,1632,48,78336,SnAp1,False,33504,36048,288384,20352,0.2284276999416761,0.2265625,0.0017565535158610146,18.459675758668283,18.754326819653922,2098336,9.515624969935743e-05,326017024
n16_lowrank8_d3_stack_nonlinear_T128_s9401103,16,lowrank,lowrank,8,3,stack_nonlinear,128,9401103,1632,48,78336,SnAp2,True,52224,53952,431616,13824,0.11295114998938516,0.1171875,0.000852137110541662,8.955135508534195,9.273493460283255,3951616,9.515624969935743e-05,326017024
n16_lowrank8_d3_stack_nonlinear_T128_s9401103,16,lowrank,lowrank,8,3,stack_nonlinear,128,9401103,1632,48,78336,local_block,False,26112,27792,222336,13440,0.09199654997792095,0.09375,0.0006937214839126682,7.290340740670791,7.553082944875252,861696,9.515624969935743e-05,326017024
n16_lowrank8_d3_stack_nonlinear_T128_s9401103,16,lowrank,lowrank,8,3,stack_nonlinear,128,9401103,1632,48,78336,online_svd_factor,True,80640,80640,645120,0,0.2732106000185013,0.2734375,0.002133026953742956,22.416046875346325,22.431083816231514,,9.515624969935743e-05,326017024
n16_lowrank8_d3_stack_nonlinear_T128_s9401104,16,lowrank,lowrank,8,3,stack_nonlinear,128,9401104,1632,48,78336,BPTT,True,113937,113937,911496,0,0.061745950020849705,0.0625,0.0003238019530726888,3.385154758527929,5.043099902324429,,9.565351547280443e-05,326017024
n16_lowrank8_d3_stack_nonlinear_T128_s9401104,16,lowrank,lowrank,8,3,stack_nonlinear,128,9401104,1632,48,78336,RTRL,True,78336,78336,626688,0,0.09155589999863878,0.09375,0.0007130128924472956,7.454121146755079,7.477827293684038,7598592,9.565351547280443e-05,326017024
n16_lowrank8_d3_stack_nonlinear_T128_s9401104,16,lowrank,lowrank,8,3,stack_nonlinear,128,9401104,1632,48,78336,packed_exact,True,52224,53952,431616,13824,0.1128840500023216,0.1171875,0.0008515054673807754,8.901977759749665,9.219803749856693,3951616,9.565351547280443e-05,326017024
n16_lowrank8_d3_stack_nonlinear_T128_s9401104,16,lowrank,lowrank,8,3,stack_nonlinear,128,9401104,1632,48,78336,SnAp1,False,33504,36048,288384,20352,0.2273684000247158,0.2265625,0.001747524217080354,18.26931512597881,18.570311989193147,2098336,9.565351547280443e-05,326017024
n16_lowrank8_d3_stack_nonlinear_T128_s9401104,16,lowrank,lowrank,8,3,stack_nonlinear,128,9401104,1632,48,78336,SnAp2,True,52224,53952,431616,13824,0.11197394999908283,0.1171875,0.0008427707025475684,8.810661044519366,9.145471340429207,3951616,9.565351547280443e-05,326017024
n16_lowrank8_d3_stack_nonlinear_T128_s9401104,16,lowrank,lowrank,8,3,stack_nonlinear,128,9401104,1632,48,78336,local_block,False,26112,27792,222336,13440,0.0979226499912329,0.09375,0.000737311328521173,7.7081466883546,7.997831541006066,861696,9.565351547280443e-05,326017024
n16_lowrank8_d3_stack_nonlinear_T128_s9401104,16,lowrank,lowrank,8,3,stack_nonlinear,128,9401104,1632,48,78336,online_svd_factor,True,80640,80640,645120,0,0.28140295000048354,0.2578125,0.0021970511720610375,22.96884919703436,22.983583363476374,,9.565351547280443e-05,326017024
n16_positive1_d1_none_T32_s9401100,16,positive,block,1,1,none,32,9401100,288,16,4608,BPTT,True,8465,8465,67720,0,0.005110450030770153,0.0,9.426093856745865e-05,1.5784144130083488,2.6742280883115273,,5.971875179966446e-05,326017024
n16_positive1_d1_none_T32_s9401100,16,positive,block,1,1,none,32,9401100,288,16,4608,RTRL,True,4608,4608,36864,0,0.009268100024200976,0.015625,0.00028810781441279687,4.824411189625963,4.849869044950598,152064,5.971875179966446e-05,326017024
n16_positive1_d1_none_T32_s9401100,16,positive,block,1,1,none,32,9401100,288,16,4608,packed_exact,True,288,592,4736,2432,0.017132700013462454,0.015625,0.0005186328107811278,8.684588929804821,8.96530585931821,864,5.971875179966446e-05,326017024
n16_positive1_d1_none_T32_s9401100,16,positive,block,1,1,none,32,9401100,288,16,4608,SnAp1,True,288,592,4736,2432,0.017192950006574392,0.015625,0.0005207406247791369,8.719884610549792,8.996833850577374,864,5.971875179966446e-05,326017024
n16_positive1_d1_none_T32_s9401100,16,positive,block,1,1,none,32,9401100,288,16,4608,SnAp2,True,288,592,4736,2432,0.016886699944734573,0.015625,0.0005121062513353536,8.575300653524893,8.836577412790474,864,5.971875179966446e-05,326017024
n16_positive1_d1_none_T32_s9401100,16,positive,block,1,1,none,32,9401100,288,16,4608,local_block,True,288,592,4736,2432,0.016918200068175793,0.0234375,0.0005127578151586931,8.586211193409005,8.853060993372338,864,5.971875179966446e-05,326017024
n16_positive1_d1_none_T32_s9401100,16,positive,block,1,1,none,32,9401100,288,16,4608,shared_exact,True,33,33,264,0,0.0021408499451354146,0.0,1.6545312973903492e-05,0.27705389806885505,1.1202772792357258,,5.971875179966446e-05,326017024
n16_positive1_d1_none_T32_s9401101,16,positive,block,1,1,none,32,9401101,288,16,4608,BPTT,True,8465,8465,67720,0,0.0050615500076673925,0.0078125,9.147656237473711e-05,1.442279285385661,2.493865825603811,,6.342499909806065e-05,326017024
n16_positive1_d1_none_T32_s9401101,16,positive,block,1,1,none,32,9401101,288,16,4608,RTRL,True,4608,4608,36864,0,0.008038649975787848,0.0078125,0.00024975000269478187,3.9377218170495563,3.9607065875551815,152064,6.342499909806065e-05,326017024
n16_positive1_d1_none_T32_s9401101,16,positive,block,1,1,none,32,9401101,288,16,4608,packed_exact,True,288,592,4736,2432,0.01736975001404062,0.015625,0.0005248156248853775,8.274586241206976,8.558213569692692,864,6.342499909806065e-05,326017024
n16_positive1_d1_none_T32_s9401101,16,positive,block,1,1,none,32,9401101,288,16,4608,SnAp1,True,288,592,4736,2432,0.017341250088065863,0.015625,0.0005258843721094308,8.291436808637036,8.54417143016764,864,6.342499909806065e-05,326017024
n16_positive1_d1_none_T32_s9401101,16,positive,block,1,1,none,32,9401101,288,16,4608,SnAp2,True,288,592,4736,2432,0.018150700023397803,0.0234375,0.0005512234365596669,8.690949064223505,8.9429938320413,864,6.342499909806065e-05,326017024
n16_positive1_d1_none_T32_s9401101,16,positive,block,1,1,none,32,9401101,288,16,4608,local_block,True,288,592,4736,2432,0.01681749999988824,0.015625,0.0005097390640003141,8.036879325961243,8.286115608515274,864,6.342499909806065e-05,326017024
n16_positive1_d1_none_T32_s9401101,16,positive,block,1,1,none,32,9401101,288,16,4608,shared_exact,True,33,33,264,0,0.00214379996759817,0.0,1.6640624380670488e-05,0.26236696282711197,1.056267243833375,,6.342499909806065e-05,326017024
n16_positive1_d1_none_T32_s9401102,16,positive,block,1,1,none,32,9401102,288,16,4608,BPTT,True,8465,8465,67720,0,0.005084150063339621,0.0,9.325312566943467e-05,1.8792153726729077,3.2017066745139515,,4.9623437007539906e-05,326017024
n16_positive1_d1_none_T32_s9401102,16,positive,block,1,1,none,32,9401102,288,16,4608,RTRL,True,4608,4608,36864,0,0.008045399968978018,0.0078125,0.00024999062770802993,5.03775318243365,5.066532352290751,152064,4.9623437007539906e-05,326017024
n16_positive1_d1_none_T32_s9401102,16,positive,block,1,1,none,32,9401102,288,16,4608,packed_exact,True,288,592,4736,2432,0.017128449981100857,0.0234375,0.0005189078092371346,10.456909890346582,10.786517302863816,864,4.9623437007539906e-05,326017024
n16_positive1_d1_none_T32_s9401102,16,positive,block,1,1,none,32,9401102,288,16,4608,SnAp1,True,288,592,4736,2432,0.01755239994963631,0.015625,0.000531789060914889,10.716489888318048,11.053496724597943,864,4.9623437007539906e-05,326017024
n16_positive1_d1_none_T32_s9401102,16,positive,block,1,1,none,32,9401102,288,16,4608,SnAp2,True,288,592,4736,2432,0.020762250060215592,0.015625,0.0006312234363576863,12.720268373627096,13.07487658065994,864,4.9623437007539906e-05,326017024
n16_positive1_d1_none_T32_s9401102,16,positive,block,1,1,none,32,9401102,288,16,4608,local_block,True,288,592,4736,2432,0.01731935003772378,0.0078125,0.0005250390640867408,10.58046551686787,10.906735230706255,864,4.9623437007539906e-05,326017024
n16_positive1_d1_none_T32_s9401102,16,positive,block,1,1,none,32,9401102,288,16,4608,shared_exact,True,33,33,264,0,0.0021287499694153666,0.0,1.672656071605161e-05,0.3370697743791937,1.3405648732900641,,4.9623437007539906e-05,326017024
n16_positive1_d1_none_T32_s9401103,16,positive,block,1,1,none,32,9401103,288,16,4608,BPTT,True,8465,8465,67720,0,0.005037750001065433,0.0078125,9.17109373403946e-05,1.8533896692939669,3.1815022828893307,,4.948281457473058e-05,326017024
n16_positive1_d1_none_T32_s9401103,16,positive,block,1,1,none,32,9401103,288,16,4608,RTRL,True,4608,4608,36864,0,0.008119750011246651,0.0078125,0.00025232812186004594,5.099308194746515,5.127885105812807,152064,4.948281457473058e-05,326017024
n16_positive1_d1_none_T32_s9401103,16,positive,block,1,1,none,32,9401103,288,16,4608,packed_exact,True,288,592,4736,2432,0.017939899989869446,0.015625,0.0005442968758870848,10.999715367141649,11.329627861744818,864,4.948281457473058e-05,326017024
n16_positive1_d1_none_T32_s9401103,16,positive,block,1,1,none,32,9401103,288,16,4608,SnAp1,True,288,592,4736,2432,0.0187646999838762,0.0234375,0.000570378126212745,11.526792303848058,11.850515770693182,864,4.948281457473058e-05,326017024
n16_positive1_d1_none_T32_s9401103,16,positive,block,1,1,none,32,9401103,288,16,4608,SnAp2,True,288,592,4736,2432,0.01736955001251772,0.015625,0.0005265046875138069,10.640152384999485,10.969433379166956,864,4.948281457473058e-05,326017024
n16_positive1_d1_none_T32_s9401103,16,positive,block,1,1,none,32,9401103,288,16,4608,local_block,True,288,592,4736,2432,0.017097399977501482,0.015625,0.0005183140601729974,10.474627699081717,10.797561817952236,864,4.948281457473058e-05,326017024
n16_positive1_d1_none_T32_s9401103,16,positive,block,1,1,none,32,9401103,288,16,4608,shared_exact,True,33,33,264,0,0.0022490000119432807,0.0078125,1.8764058040687814e-05,0.3792035316089329,1.4203163457302221,,4.948281457473058e-05,326017024
n16_positive1_d1_none_T32_s9401104,16,positive,block,1,1,none,32,9401104,288,16,4608,BPTT,True,8465,8465,67720,0,0.005062650016043335,0.0078125,9.406406206835527e-05,1.9023256503490988,3.1995511796992524,,4.944687680108473e-05,326017024
n16_positive1_d1_none_T32_s9401104,16,positive,block,1,1,none,32,9401104,288,16,4608,RTRL,True,4608,4608,36864,0,0.008858799992594868,0.0078125,0.00027541406234377064,5.569898043342726,5.598685249267686,152064,4.944687680108473e-05,326017024
n16_positive1_d1_none_T32_s9401104,16,positive,block,1,1,none,32,9401104,288,16,4608,packed_exact,True,288,592,4736,2432,0.02075675001833588,0.0234375,0.0006277953161770711,12.696359341411407,13.11808712777521,864,4.944687680108473e-05,326017024
n16_positive1_d1_none_T32_s9401104,16,positive,block,1,1,none,32,9401104,288,16,4608,SnAp1,True,288,592,4736,2432,0.018661700014490634,0.015625,0.0005642015621560859,11.410256797932055,11.794033580702088,864,4.944687680108473e-05,326017024
n16_positive1_d1_none_T32_s9401104,16,positive,block,1,1,none,32,9401104,288,16,4608,SnAp2,True,288,592,4736,2432,0.016900649992749095,0.015625,0.0005124093731865287,10.36282585142542,10.681065143872205,864,4.944687680108473e-05,326017024
n16_positive1_d1_none_T32_s9401104,16,positive,block,1,1,none,32,9401104,288,16,4608,local_block,True,288,592,4736,2432,0.01734704995760694,0.015625,0.0005256593776721274,10.630790288065189,10.963186074541413,864,4.944687680108473e-05,326017024
n16_positive1_d1_none_T32_s9401104,16,positive,block,1,1,none,32,9401104,288,16,4608,shared_exact,True,33,33,264,0,0.0021607500384561718,0.0,1.665312265686225e-05,0.33678816002585077,1.3655754027375515,,4.944687680108473e-05,326017024
n16_positive1_d1_none_T128_s9401100,16,positive,block,1,1,none,128,9401100,288,16,4608,BPTT,True,34577,34577,276616,0,0.019544200040400028,0.015625,8.774804700806271e-05,1.6513029791445546,2.87340759033719,,5.31386717739224e-05,326017024
n16_positive1_d1_none_T128_s9401100,16,positive,block,1,1,none,128,9401100,288,16,4608,RTRL,True,4608,4608,36864,0,0.03325619996758178,0.0390625,0.00025853164106592885,4.865225878543737,4.8893593605822,152064,5.31386717739224e-05,326017024
n16_positive1_d1_none_T128_s9401100,16,positive,block,1,1,none,128,9401100,288,16,4608,packed_exact,True,288,592,4736,2432,0.0712782500195317,0.0703125,0.0005513812488970871,10.376270811640333,10.479398706967098,864,5.31386717739224e-05,326017024
n16_positive1_d1_none_T128_s9401100,16,positive,block,1,1,none,128,9401100,288,16,4608,SnAp1,True,288,592,4736,2432,0.06911649997346103,0.0703125,0.0005345617169041361,10.059749313615141,10.16157608041031,864,5.31386717739224e-05,326017024
n16_positive1_d1_none_T128_s9401100,16,positive,block,1,1,none,128,9401100,288,16,4608,SnAp2,True,288,592,4736,2432,0.06925380002940074,0.0703125,0.0005362222645999282,10.090998639959933,10.181762070221883,864,5.31386717739224e-05,326017024
n16_positive1_d1_none_T128_s9401100,16,positive,block,1,1,none,128,9401100,288,16,4608,local_block,True,288,592,4736,2432,0.06439020001562312,0.0625,0.0004983027356502134,9.377402916095347,9.46671079326685,864,5.31386717739224e-05,326017024
n16_positive1_d1_none_T128_s9401100,16,positive,block,1,1,none,128,9401100,288,16,4608,shared_exact,True,33,33,264,0,0.009467549971304834,0.0,1.4632420516136335e-05,0.2753629330140152,1.3919285462290605,,5.31386717739224e-05,326017024
n16_positive1_d1_none_T128_s9401101,16,positive,block,1,1,none,128,9401101,288,16,4608,BPTT,True,34577,34577,276616,0,0.020140650041867048,0.0234375,9.24367186598829e-05,1.649930635224267,2.8085662953375317,,5.6024608966254164e-05,326017024
n16_positive1_d1_none_T128_s9401101,16,positive,block,1,1,none,128,9401101,288,16,4608,RTRL,True,4608,4608,36864,0,0.03378159995190799,0.0234375,0.00026248398307870957,4.685155111690544,4.710764688839682,152064,5.6024608966254164e-05,326017024
n16_positive1_d1_none_T128_s9401101,16,positive,block,1,1,none,128,9401101,288,16,4608,packed_exact,True,288,592,4736,2432,0.07107035000808537,0.0703125,0.0005491976544362842,9.802793175532695,9.910593214003658,864,5.6024608966254164e-05,326017024
n16_positive1_d1_none_T128_s9401101,16,positive,block,1,1,none,128,9401101,288,16,4608,SnAp1,True,288,592,4736,2432,0.06535274995258078,0.0625,0.0005054769549133198,9.022409334758382,9.113287329003454,864,5.6024608966254164e-05,326017024
n16_positive1_d1_none_T128_s9401101,16,positive,block,1,1,none,128,9401101,288,16,4608,SnAp2,True,288,592,4736,2432,0.0657630999921821,0.0625,0.0005088820316814235,9.08318756830491,9.170509677245391,864,5.6024608966254164e-05,326017024
n16_positive1_d1_none_T128_s9401101,16,positive,block,1,1,none,128,9401101,288,16,4608,local_block,True,288,592,4736,2432,0.06857029994716868,0.0625,0.0005301847668306436,9.463426458719148,9.56196711091606,864,5.6024608966254164e-05,326017024
n16_positive1_d1_none_T128_s9401101,16,positive,block,1,1,none,128,9401101,288,16,4608,shared_exact,True,33,33,264,0,0.008339549996890128,0.015625,1.3103130640956806e-05,0.23388169739568088,1.1629306398184447,,5.6024608966254164e-05,326017024
n16_positive1_d1_none_T128_s9401102,16,positive,block,1,1,none,128,9401102,288,16,4608,BPTT,True,34577,34577,276616,0,0.020343850017525256,0.0234375,8.88105469130096e-05,1.7354151263800555,3.1057179331099345,,5.1175390581192914e-05,326017024
n16_positive1_d1_none_T128_s9401102,16,positive,block,1,1,none,128,9401102,288,16,4608,RTRL,True,4608,4608,36864,0,0.03224744996987283,0.03125,0.0002507996086933417,4.90078543309665,4.922936591757399,152064,5.1175390581192914e-05,326017024
n16_positive1_d1_none_T128_s9401102,16,positive,block,1,1,none,128,9401102,288,16,4608,packed_exact,True,288,592,4736,2432,0.0648414499592036,0.0703125,0.0005012062492824043,9.793892017046938,9.898777948798799,864,5.1175390581192914e-05,326017024
n16_positive1_d1_none_T128_s9401102,16,positive,block,1,1,none,128,9401102,288,16,4608,SnAp1,True,288,592,4736,2432,0.06500999996205792,0.0625,0.000503120701523585,9.831301643420835,9.924509005901532,864,5.1175390581192914e-05,326017024
n16_positive1_d1_none_T128_s9401102,16,positive,block,1,1,none,128,9401102,288,16,4608,SnAp2,True,288,592,4736,2432,0.06780934997368604,0.0625,0.0005249652335805877,10.258157829742363,10.351861327348823,864,5.1175390581192914e-05,326017024
n16_positive1_d1_none_T128_s9401102,16,positive,block,1,1,none,128,9401102,288,16,4608,local_block,True,288,592,4736,2432,0.0662805000320077,0.0546875,0.0005128445309310337,10.021311515295114,10.118465157164017,864,5.1175390581192914e-05,326017024
n16_positive1_d1_none_T128_s9401102,16,positive,block,1,1,none,128,9401102,288,16,4608,shared_exact,True,33,33,264,0,0.009090099949389696,0.015625,1.411250195815228e-05,0.27576735219562076,1.3877061815861491,,5.1175390581192914e-05,326017024
n16_positive1_d1_none_T128_s9401103,16,positive,block,1,1,none,128,9401103,288,16,4608,BPTT,True,34577,34577,276616,0,0.021042099979240447,0.0234375,9.45843753470399e-05,1.9677694714183738,3.4200616018898162,,4.806679680768866e-05,326017024
n16_positive1_d1_none_T128_s9401103,16,positive,block,1,1,none,128,9401103,288,16,4608,RTRL,True,4608,4608,36864,0,0.03220149996923283,0.03125,0.0002504558592590911,5.210579358161613,5.233846131169494,152064,4.806679680768866e-05,326017024
n16_positive1_d1_none_T128_s9401103,16,positive,block,1,1,none,128,9401103,288,16,4608,packed_exact,True,288,592,4736,2432,0.06810210004914552,0.0625,0.0005265343752398621,10.954222253387995,11.068922665319862,864,4.806679680768866e-05,326017024
n16_positive1_d1_none_T128_s9401103,16,positive,block,1,1,none,128,9401103,288,16,4608,SnAp1,True,288,592,4736,2432,0.067053499922622,0.0703125,0.0005188214840927685,10.79376032000907,10.898489246982432,864,4.806679680768866e-05,326017024
n16_positive1_d1_none_T128_s9401103,16,positive,block,1,1,none,128,9401103,288,16,4608,SnAp2,True,288,592,4736,2432,0.06777524994686246,0.0625,0.0005244507801762666,10.910874345851491,11.015798334312267,864,4.806679680768866e-05,326017024
n16_positive1_d1_none_T128_s9401103,16,positive,block,1,1,none,128,9401103,288,16,4608,local_block,True,288,592,4736,2432,0.06621970003470778,0.0625,0.0005120667951814539,10.653233191930626,10.762968220890512,864,4.806679680768866e-05,326017024
n16_positive1_d1_none_T128_s9401103,16,positive,block,1,1,none,128,9401103,288,16,4608,shared_exact,True,33,33,264,0,0.007992799975909293,0.0078125,1.250741797775845e-05,0.2602091008435534,1.299103621604404,,4.806679680768866e-05,326017024
n16_positive1_d1_none_T128_s9401104,16,positive,block,1,1,none,128,9401104,288,16,4608,BPTT,True,34577,34577,276616,0,0.021482700016349554,0.0234375,0.00010271210931023234,2.015800242192705,3.2938569897823937,,5.09535157107166e-05,326017024
n16_positive1_d1_none_T128_s9401104,16,positive,block,1,1,none,128,9401104,288,16,4608,RTRL,True,4608,4608,36864,0,0.033064200018998235,0.03125,0.000257156247698731,5.0468793784262,5.06960234333928,152064,5.09535157107166e-05,326017024
n16_positive1_d1_none_T128_s9401104,16,positive,block,1,1,none,128,9401104,288,16,4608,packed_exact,True,288,592,4736,2432,0.06720505002886057,0.0703125,0.0005201164053687535,10.207664733512432,10.304283149593273,864,5.09535157107166e-05,326017024
n16_positive1_d1_none_T128_s9401104,16,positive,block,1,1,none,128,9401104,288,16,4608,SnAp1,True,288,592,4736,2432,0.06619725003838539,0.0625,0.0005119593747622275,10.047577043924207,10.149761183527419,864,5.09535157107166e-05,326017024
n16_positive1_d1_none_T128_s9401104,16,positive,block,1,1,none,128,9401104,288,16,4608,SnAp2,True,288,592,4736,2432,0.068326500011608,0.0546875,0.0005282394545247371,10.36708551228855,10.476230617162653,864,5.09535157107166e-05,326017024
n16_positive1_d1_none_T128_s9401104,16,positive,block,1,1,none,128,9401104,288,16,4608,local_block,True,288,592,4736,2432,0.07321180001599714,0.0625,0.0005670503915098379,11.12877852686768,11.225274245495898,864,5.09535157107166e-05,326017024
n16_positive1_d1_none_T128_s9401104,16,positive,block,1,1,none,128,9401104,288,16,4608,shared_exact,True,33,33,264,0,0.007990950020030141,0.0078125,1.2605467873072485e-05,0.24739152337669387,1.225220598828184,,5.09535157107166e-05,326017024
