model,method,depth,T,seed,layer,parameter,relative_error,maximum_absolute_error,gradient_norm,cosine_similarity,numerically_degenerate
M1,G0,1,32,9401100,1,R,0.0,0.0,0.0819364646485806,1.0,False
M1,G0,1,32,9401100,1,W,0.0,0.0,0.19274219603921186,1.0,False
M1,G0,1,32,9401100,1,b,0.0,0.0,0.2757114117410753,0.9999999999999998,False
M1,G0,1,32,9401100,1,ALL,0.0,0.0,0.34623679893590575,0.9999999999999999,False
M1,G1,1,32,9401100,1,R,2.9655468921502142e-16,1.3877787807814457e-17,0.0819364646485806,0.9999999999999999,False
M1,G1,1,32,9401100,1,W,2.99484291016539e-16,2.0816681711721685e-17,0.19274219603921186,1.0,False
M1,G1,1,32,9401100,1,b,4.2802800896290605e-16,8.326672684688674e-17,0.2757114117410753,1.0,False
M1,G1,1,32,9401100,1,ALL,3.8586654234474698e-16,8.326672684688674e-17,0.34623679893590575,0.9999999999999999,False
M1,G0,1,32,9401101,1,R,0.0,0.0,0.05126732731308414,1.0000000000000002,False
M1,G0,1,32,9401101,1,W,0.0,0.0,0.17464496898412663,1.0000000000000002,False
M1,G0,1,32,9401101,1,b,0.0,0.0,0.31008216893084584,0.9999999999999999,False
M1,G0,1,32,9401101,1,ALL,0.0,0.0,0.35955549714912033,1.0,False
M1,G1,1,32,9401101,1,R,3.6174233319348655e-16,1.0408340855860843e-17,0.05126732731308414,1.0000000000000002,False
M1,G1,1,32,9401101,1,W,3.0663830958158714e-16,2.7755575615628914e-17,0.17464496898412663,1.0,False
M1,G1,1,32,9401101,1,b,3.649675669360532e-16,8.326672684688674e-17,0.31008216893084584,0.9999999999999999,False
M1,G1,1,32,9401101,1,ALL,3.5201043894759826e-16,8.326672684688674e-17,0.35955549714912033,1.0,False
M1,G0,1,32,9401102,1,R,0.0,0.0,0.11148362997862594,1.0000000000000002,False
M1,G0,1,32,9401102,1,W,0.0,0.0,0.23388798747249717,1.0000000000000002,False
M1,G0,1,32,9401102,1,b,0.0,0.0,0.4488218183577746,0.9999999999999999,False
M1,G0,1,32,9401102,1,ALL,0.0,0.0,0.5182404992579462,1.0000000000000002,False
M1,G1,1,32,9401102,1,R,2.6825345020433094e-16,1.3877787807814457e-17,0.11148362997862594,1.0000000000000002,False
M1,G1,1,32,9401102,1,W,3.0121806485457147e-16,3.469446951953614e-17,0.23388798747249717,1.0000000000000002,False
M1,G1,1,32,9401102,1,b,2.3446617807191404e-16,8.326672684688674e-17,0.4488218183577746,1.0,False
M1,G1,1,32,9401102,1,ALL,2.510849918348612e-16,8.326672684688674e-17,0.5182404992579462,1.0000000000000002,False
M1,G0,1,32,9401103,1,R,0.0,0.0,0.07043242013900651,1.0000000000000002,False
M1,G0,1,32,9401103,1,W,0.0,0.0,0.13029866164939916,1.0000000000000002,False
M1,G0,1,32,9401103,1,b,0.0,0.0,0.3544593114326585,1.0,False
M1,G0,1,32,9401103,1,ALL,0.0,0.0,0.38416125584912464,0.9999999999999997,False
M1,G1,1,32,9401103,1,R,2.25370398672574e-16,6.938893903907228e-18,0.07043242013900651,1.0000000000000004,False
M1,G1,1,32,9401103,1,W,2.6633120896143155e-16,1.3877787807814457e-17,0.13029866164939916,1.0000000000000002,False
M1,G1,1,32,9401103,1,b,1.9987657064381537e-16,5.551115123125783e-17,0.3544593114326585,1.0,False
M1,G1,1,32,9401103,1,ALL,2.0947367441706878e-16,5.551115123125783e-17,0.38416125584912464,1.0,False
M1,G0,1,32,9401104,1,R,0.0,0.0,0.09283439723749366,1.0,False
M1,G0,1,32,9401104,1,W,0.0,0.0,0.21535572757451557,0.9999999999999997,False
M1,G0,1,32,9401104,1,b,0.0,0.0,0.3117109843558771,0.9999999999999999,False
M1,G0,1,32,9401104,1,ALL,0.0,0.0,0.390076982758157,1.0000000000000002,False
M1,G1,1,32,9401104,1,R,2.819262534899215e-16,1.3877787807814457e-17,0.09283439723749366,0.9999999999999998,False
M1,G1,1,32,9401104,1,W,2.5213000880844263e-16,2.0816681711721685e-17,0.21535572757451557,0.9999999999999999,False
M1,G1,1,32,9401104,1,b,1.436201129026329e-16,2.7755575615628914e-17,0.3117109843558771,0.9999999999999999,False
M1,G1,1,32,9401104,1,ALL,1.9248158231013389e-16,2.7755575615628914e-17,0.390076982758157,1.0000000000000002,False
M1,G0,1,128,9401100,1,R,0.0,0.0,0.053634199746741426,1.0,False
M1,G0,1,128,9401100,1,W,0.0,0.0,0.21355250522974104,0.9999999999999999,False
M1,G0,1,128,9401100,1,b,0.0,0.0,0.3043640798236957,1.0000000000000002,False
M1,G0,1,128,9401100,1,ALL,0.0,0.0,0.3756578136539914,0.9999999999999998,False
M1,G1,1,128,9401100,1,R,4.0052593468938603e-16,1.0408340855860843e-17,0.053634199746741426,1.0,False
M1,G1,1,128,9401100,1,W,3.1084823624392087e-16,2.7755575615628914e-17,0.21355250522974104,1.0,False
M1,G1,1,128,9401100,1,b,4.0658662150292595e-16,8.326672684688674e-17,0.3043640798236957,1.0000000000000002,False
M1,G1,1,128,9401100,1,ALL,3.7817460195847805e-16,8.326672684688674e-17,0.3756578136539914,1.0,False
M1,G0,1,128,9401101,1,R,0.0,0.0,0.037214868626526086,0.9999999999999999,False
M1,G0,1,128,9401101,1,W,0.0,0.0,0.09126460608630435,1.0000000000000002,False
M1,G0,1,128,9401101,1,b,0.0,0.0,0.13915722495997124,1.0,False
M1,G0,1,128,9401101,1,ALL,0.0,0.0,0.17052538822573587,1.0000000000000002,False
M1,G1,1,128,9401101,1,R,5.076794625502109e-16,1.3877787807814457e-17,0.037214868626526086,1.0000000000000002,False
M1,G1,1,128,9401101,1,W,3.1887633663806473e-16,1.3877787807814457e-17,0.09126460608630435,1.0,False
M1,G1,1,128,9401101,1,b,1.805021789156872e-16,2.0816681711721685e-17,0.13915722495997124,1.0,False
M1,G1,1,128,9401101,1,ALL,2.511924445749406e-16,2.0816681711721685e-17,0.17052538822573587,1.0,False
M1,G0,1,128,9401102,1,R,0.0,0.0,0.07684884301083261,0.9999999999999999,False
M1,G0,1,128,9401102,1,W,0.0,0.0,0.0972096033705964,1.0,False
M1,G0,1,128,9401102,1,b,0.0,0.0,0.2718747881250555,1.0,False
M1,G0,1,128,9401102,1,ALL,0.0,0.0,0.2987831187962534,1.0000000000000002,False
M1,G1,1,128,9401102,1,R,3.077961444782883e-16,1.3877787807814457e-17,0.07684884301083261,1.0000000000000002,False
M1,G1,1,128,9401102,1,W,3.6038088783571843e-16,1.3877787807814457e-17,0.0972096033705964,1.0000000000000002,False
M1,G1,1,128,9401102,1,b,2.564968276879917e-16,5.551115123125783e-17,0.2718747881250555,1.0000000000000002,False
M1,G1,1,128,9401102,1,ALL,2.7292704686087867e-16,5.551115123125783e-17,0.2987831187962534,1.0000000000000002,False
M1,G0,1,128,9401103,1,R,0.0,0.0,0.07037130094328048,1.0000000000000002,False
M1,G0,1,128,9401103,1,W,0.0,0.0,0.26444423700660985,0.9999999999999998,False
M1,G0,1,128,9401103,1,b,0.0,0.0,0.4161301710654867,1.0,False
M1,G0,1,128,9401103,1,ALL,0.0,0.0,0.4980433653342337,1.0,False
M1,G1,1,128,9401103,1,R,3.244981041972211e-16,1.734723475976807e-17,0.07037130094328048,1.0000000000000002,False
M1,G1,1,128,9401103,1,W,2.545259232112266e-16,2.7755575615628914e-17,0.26444423700660985,1.0,False
M1,G1,1,128,9401103,1,b,3.4988720745127434e-16,1.3877787807814457e-16,0.4161301710654867,1.0,False
M1,G1,1,128,9401103,1,ALL,3.2531481817259565e-16,1.3877787807814457e-16,0.4980433653342337,1.0,False
M1,G0,1,128,9401104,1,R,0.0,0.0,0.08695272871528655,1.0000000000000002,False
M1,G0,1,128,9401104,1,W,0.0,0.0,0.17341174431912276,1.0000000000000002,False
M1,G0,1,128,9401104,1,b,0.0,0.0,0.3298812710444837,0.9999999999999999,False
M1,G0,1,128,9401104,1,ALL,0.0,0.0,0.38269317094084543,1.0000000000000002,False
M1,G1,1,128,9401104,1,R,2.934895292563074e-16,1.3877787807814457e-17,0.08695272871528655,0.9999999999999999,False
M1,G1,1,128,9401104,1,W,3.5575930890423253e-16,2.7755575615628914e-17,0.17341174431912276,1.0000000000000002,False
M1,G1,1,128,9401104,1,b,2.2017274378993232e-16,5.551115123125783e-17,0.3298812710444837,0.9999999999999999,False
M1,G1,1,128,9401104,1,ALL,2.577873539987901e-16,5.551115123125783e-17,0.38269317094084543,1.0000000000000002,False
M1,G0,2,32,9401100,1,R,0.0,0.0,0.0425612971269545,1.0000000000000002,False
M1,G0,2,32,9401100,1,W,0.0,0.0,0.10071360789326586,1.0000000000000002,False
M1,G0,2,32,9401100,1,b,0.0,0.0,0.13982085322548138,1.0,False
M1,G0,2,32,9401100,2,R,0.0,0.0,0.0478680926883094,1.0,False
M1,G0,2,32,9401100,2,W,0.0,0.0,0.062109607531138124,1.0,False
M1,G0,2,32,9401100,2,b,0.0,0.0,0.3219829292195547,0.9999999999999999,False
M1,G0,2,32,9401100,1,ALL,0.0,0.0,0.17749525578084904,0.9999999999999998,False
M1,G0,2,32,9401100,2,ALL,0.0,0.0,0.33139397151139205,1.0000000000000002,False
M1,G1,2,32,9401100,1,R,3.6242518321342986e-16,6.938893903907228e-18,0.0425612971269545,1.0000000000000002,False
M1,G1,2,32,9401100,1,W,2.51775116080851e-16,1.0408340855860843e-17,0.10071360789326586,1.0,False
M1,G1,2,32,9401100,1,b,3.271510558917396e-16,3.122502256758253e-17,0.13982085322548138,1.0,False
M1,G1,2,32,9401100,2,R,3.2216931120258654e-16,6.938893903907228e-18,0.0478680926883094,0.9999999999999998,False
M1,G1,2,32,9401100,2,W,2.6768247532088696e-16,1.0408340855860843e-17,0.062109607531138124,1.0000000000000002,False
M1,G1,2,32,9401100,2,b,4.4299913351296895e-16,1.1102230246251565e-16,0.3219829292195547,1.0,False
M1,G1,2,32,9401100,1,ALL,3.072083763508764e-16,3.122502256758253e-17,0.17749525578084904,0.9999999999999998,False
M1,G1,2,32,9401100,2,ALL,4.3582419223055345e-16,1.1102230246251565e-16,0.33139397151139205,1.0000000000000002,False
M1,G0,2,32,9401101,1,R,0.0,0.0,0.016704046537395004,1.0,False
M1,G0,2,32,9401101,1,W,0.0,0.0,0.05012033005753747,0.9999999999999998,False
M1,G0,2,32,9401101,1,b,0.0,0.0,0.10658467033812984,1.0000000000000002,False
M1,G0,2,32,9401101,2,R,0.0,0.0,0.034718111212738385,1.0000000000000002,False
M1,G0,2,32,9401101,2,W,0.0,0.0,0.040149265587142484,1.0,False
M1,G0,2,32,9401101,2,b,0.0,0.0,0.2381606894877768,1.0,False
M1,G0,2,32,9401101,1,ALL,0.0,0.0,0.11895950826599681,1.0000000000000002,False
M1,G0,2,32,9401101,2,ALL,0.0,0.0,0.24400373929647104,1.0000000000000002,False
M1,G1,2,32,9401101,1,R,3.362856060555443e-16,3.469446951953614e-18,0.016704046537395004,1.0,False
M1,G1,2,32,9401101,1,W,4.144435100191804e-16,1.3877787807814457e-17,0.05012033005753747,1.0000000000000002,False
M1,G1,2,32,9401101,1,b,2.484687126734483e-16,1.734723475976807e-17,0.10658467033812984,1.0,False
M1,G1,2,32,9401101,2,R,2.434190425019902e-16,3.469446951953614e-18,0.034718111212738385,1.0000000000000002,False
M1,G1,2,32,9401101,2,W,3.7354109677658196e-16,8.673617379884035e-18,0.040149265587142484,1.0,False
M1,G1,2,32,9401101,2,b,4.1740894444218793e-16,8.326672684688674e-17,0.2381606894877768,1.0000000000000002,False
M1,G1,2,32,9401101,1,ALL,2.868455149758847e-16,1.734723475976807e-17,0.11895950826599681,1.0000000000000004,False
M1,G1,2,32,9401101,2,ALL,4.1347682706194913e-16,8.326672684688674e-17,0.24400373929647104,1.0,False
M1,G0,2,32,9401102,1,R,0.0,0.0,0.029722719363868996,1.0000000000000002,False
M1,G0,2,32,9401102,1,W,0.0,0.0,0.05946747115874098,1.0000000000000002,False
M1,G0,2,32,9401102,1,b,0.0,0.0,0.11072164517481703,1.0000000000000002,False
M1,G0,2,32,9401102,2,R,0.0,0.0,0.037318943613693756,1.0,False
M1,G0,2,32,9401102,2,W,0.0,0.0,0.07926376398230016,0.9999999999999999,False
M1,G0,2,32,9401102,2,b,0.0,0.0,0.3096152543352135,1.0,False
M1,G0,2,32,9401102,1,ALL,0.0,0.0,0.12914760114929386,0.9999999999999998,False
M1,G0,2,32,9401102,2,ALL,0.0,0.0,0.3217717413791068,0.9999999999999998,False
M1,G1,2,32,9401102,1,R,3.480614735522475e-16,5.204170427930421e-18,0.029722719363868996,1.0000000000000002,False
M1,G1,2,32,9401102,1,W,4.190958839130301e-16,1.0408340855860843e-17,0.05946747115874098,1.0000000000000002,False
M1,G1,2,32,9401102,1,b,3.009614764141137e-16,2.0816681711721685e-17,0.11072164517481703,1.0,False
M1,G1,2,32,9401102,2,R,3.519935569658038e-16,6.938893903907228e-18,0.037318943613693756,1.0,False
M1,G1,2,32,9401102,2,W,2.946630276700648e-16,6.938893903907228e-18,0.07926376398230016,0.9999999999999999,False
M1,G1,2,32,9401102,2,b,1.142758792513051e-16,2.7755575615628914e-17,0.3096152543352135,1.0,False
M1,G1,2,32,9401102,1,ALL,3.320128293793676e-16,2.0816681711721685e-17,0.12914760114929386,0.9999999999999998,False
M1,G1,2,32,9401102,2,ALL,1.3793550751830409e-16,2.7755575615628914e-17,0.3217717413791068,1.0,False
M1,G0,2,32,9401103,1,R,0.0,0.0,0.03825434820335066,0.9999999999999999,False
M1,G0,2,32,9401103,1,W,0.0,0.0,0.07399166882249493,1.0,False
M1,G0,2,32,9401103,1,b,0.0,0.0,0.07512802999049192,0.9999999999999999,False
M1,G0,2,32,9401103,2,R,0.0,0.0,0.038423101632437597,1.0,False
M1,G0,2,32,9401103,2,W,0.0,0.0,0.06632720534647224,0.9999999999999998,False
M1,G0,2,32,9401103,2,b,0.0,0.0,0.2472909131687358,0.9999999999999999,False
M1,G0,2,32,9401103,1,ALL,0.0,0.0,0.11217122225354068,1.0,False
M1,G0,2,32,9401103,2,ALL,0.0,0.0,0.2588984910036305,1.0,False
M1,G1,2,32,9401103,1,R,3.9072778324584915e-16,8.673617379884035e-18,0.03825434820335066,0.9999999999999999,False
M1,G1,2,32,9401103,1,W,3.798640928922085e-16,1.3877787807814457e-17,0.07399166882249493,1.0,False
M1,G1,2,32,9401103,1,b,2.555630310504936e-16,1.0408340855860843e-17,0.07512802999049192,1.0,False
M1,G1,2,32,9401103,2,R,2.1097863851433155e-16,3.469446951953614e-18,0.038423101632437597,1.0,False
M1,G1,2,32,9401103,2,W,3.494564218207588e-16,1.0408340855860843e-17,0.06632720534647224,0.9999999999999998,False
M1,G1,2,32,9401103,2,b,2.882095177201938e-16,5.551115123125783e-17,0.2472909131687358,1.0,False
M1,G1,2,32,9401103,1,ALL,3.3142044970328933e-16,1.3877787807814457e-17,0.11217122225354068,1.0,False
M1,G1,2,32,9401103,2,ALL,2.911681578619357e-16,5.551115123125783e-17,0.2588984910036305,1.0000000000000002,False
M1,G0,2,32,9401104,1,R,0.0,0.0,0.03492759874813212,0.9999999999999998,False
M1,G0,2,32,9401104,1,W,0.0,0.0,0.07359187818512551,1.0,False
M1,G0,2,32,9401104,1,b,0.0,0.0,0.11729527772721139,1.0,False
M1,G0,2,32,9401104,2,R,0.0,0.0,0.05460375579127301,1.0,False
M1,G0,2,32,9401104,2,W,0.0,0.0,0.07730948426359303,1.0000000000000002,False
M1,G0,2,32,9401104,2,b,0.0,0.0,0.38241497879490205,1.0,False
M1,G0,2,32,9401104,1,ALL,0.0,0.0,0.14280715621504592,0.9999999999999998,False
M1,G0,2,32,9401104,2,ALL,0.0,0.0,0.3939537314334275,1.0,False
M1,G1,2,32,9401104,1,R,2.6019705535914767e-16,3.469446951953614e-18,0.03492759874813212,0.9999999999999998,False
M1,G1,2,32,9401104,1,W,2.632363412145842e-16,1.0408340855860843e-17,0.07359187818512551,1.0000000000000002,False
M1,G1,2,32,9401104,1,b,3.074802524011935e-16,2.7755575615628914e-17,0.11729527772721139,0.9999999999999999,False
M1,G1,2,32,9401104,2,R,2.668494769695786e-16,5.204170427930421e-18,0.05460375579127301,1.0,False
M1,G1,2,32,9401104,2,W,2.9648955421180563e-16,1.3877787807814457e-17,0.07730948426359303,0.9999999999999999,False
M1,G1,2,32,9401104,2,b,3.29714833621598e-16,8.326672684688674e-17,0.38241497879490205,1.0,False
M1,G1,2,32,9401104,1,ALL,2.936544444881839e-16,2.7755575615628914e-17,0.14280715621504592,0.9999999999999998,False
M1,G1,2,32,9401104,2,ALL,3.2739907515875453e-16,8.326672684688674e-17,0.3939537314334275,1.0000000000000002,False
M1,G0,2,128,9401100,1,R,0.0,0.0,0.0169376639376618,1.0,False
M1,G0,2,128,9401100,1,W,0.0,0.0,0.06038720925773021,1.0,False
M1,G0,2,128,9401100,1,b,0.0,0.0,0.1058732017142341,1.0,False
M1,G0,2,128,9401100,2,R,0.0,0.0,0.04656611463579777,1.0,False
M1,G0,2,128,9401100,2,W,0.0,0.0,0.0697938872262606,0.9999999999999998,False
M1,G0,2,128,9401100,2,b,0.0,0.0,0.3850433661258568,1.0000000000000002,False
M1,G0,2,128,9401100,1,ALL,0.0,0.0,0.12305541167630528,0.9999999999999999,False
M1,G0,2,128,9401100,2,ALL,0.0,0.0,0.3940786514440447,0.9999999999999998,False
M1,G1,2,128,9401100,1,R,4.2306831836346017e-16,2.168404344971009e-18,0.0169376639376618,1.0000000000000002,False
M1,G1,2,128,9401100,1,W,4.3375601625864227e-16,1.214306433183765e-17,0.06038720925773021,1.0000000000000002,False
M1,G1,2,128,9401100,1,b,6.866530882595921e-16,4.85722573273506e-17,0.1058732017142341,1.0000000000000002,False
M1,G1,2,128,9401100,2,R,4.933285334021682e-16,1.3877787807814457e-17,0.04656611463579777,0.9999999999999998,False
M1,G1,2,128,9401100,2,W,2.794433551614512e-16,1.0408340855860843e-17,0.0697938872262606,0.9999999999999998,False
M1,G1,2,128,9401100,2,b,3.8442898589336777e-16,1.1102230246251565e-16,0.3850433661258568,0.9999999999999998,False
M1,G1,2,128,9401100,1,ALL,6.30646916901852e-16,4.85722573273506e-17,0.12305541167630528,0.9999999999999999,False
M1,G1,2,128,9401100,2,ALL,3.8331990651568283e-16,1.1102230246251565e-16,0.3940786514440447,1.0,False
M1,G0,2,128,9401101,1,R,0.0,0.0,0.02592609509766633,1.0000000000000002,False
M1,G0,2,128,9401101,1,W,0.0,0.0,0.06942067844900475,1.0,False
M1,G0,2,128,9401101,1,b,0.0,0.0,0.08230777197530456,1.0000000000000002,False
M1,G0,2,128,9401101,2,R,0.0,0.0,0.036040772219283645,1.0000000000000002,False
M1,G0,2,128,9401101,2,W,0.0,0.0,0.07793393750063754,1.0000000000000002,False
M1,G0,2,128,9401101,2,b,0.0,0.0,0.19915297887439898,0.9999999999999998,False
M1,G0,2,128,9401101,1,ALL,0.0,0.0,0.1107518050908069,1.0000000000000002,False
M1,G0,2,128,9401101,2,ALL,0.0,0.0,0.21687449105660714,1.0,False
M1,G1,2,128,9401101,1,R,3.681754496629793e-16,6.938893903907228e-18,0.02592609509766633,1.0000000000000002,False
M1,G1,2,128,9401101,1,W,2.3834250628872857e-16,5.204170427930421e-18,0.06942067844900475,1.0,False
M1,G1,2,128,9401101,1,b,4.3093326191069446e-16,2.7755575615628914e-17,0.08230777197530456,1.0,False
M1,G1,2,128,9401101,2,R,2.947265660288953e-16,4.336808689942018e-18,0.036040772219283645,1.0000000000000002,False
M1,G1,2,128,9401101,2,W,3.991889734504488e-16,1.734723475976807e-17,0.07793393750063754,1.0,False
M1,G1,2,128,9401101,2,b,2.394993542173684e-16,2.7755575615628914e-17,0.19915297887439898,1.0,False
M1,G1,2,128,9401101,1,ALL,3.637480124150588e-16,2.7755575615628914e-17,0.1107518050908069,1.0000000000000002,False
M1,G1,2,128,9401101,2,ALL,2.671052754340244e-16,2.7755575615628914e-17,0.21687449105660714,0.9999999999999999,False
M1,G0,2,128,9401102,1,R,0.0,0.0,0.02488550487661577,1.0,False
M1,G0,2,128,9401102,1,W,0.0,0.0,0.03501050181803283,1.0,False
M1,G0,2,128,9401102,1,b,0.0,0.0,0.07730935557988967,1.0000000000000002,False
M1,G0,2,128,9401102,2,R,0.0,0.0,0.0323601469570303,1.0,False
M1,G0,2,128,9401102,2,W,0.0,0.0,0.05943603761079373,1.0000000000000002,False
M1,G0,2,128,9401102,2,b,0.0,0.0,0.25826770313549485,1.0,False
M1,G0,2,128,9401102,1,ALL,0.0,0.0,0.0884407148924768,0.9999999999999998,False
M1,G0,2,128,9401102,2,ALL,0.0,0.0,0.2669869438021949,1.0,False
M1,G1,2,128,9401102,1,R,4.3813227489211515e-16,6.938893903907228e-18,0.02488550487661577,1.0,False
M1,G1,2,128,9401102,1,W,4.924940354492821e-16,6.938893903907228e-18,0.03501050181803283,0.9999999999999998,False
M1,G1,2,128,9401102,1,b,3.7897540800442176e-16,2.0816681711721685e-17,0.07730935557988967,1.0000000000000002,False
M1,G1,2,128,9401102,2,R,3.0468315215040936e-16,3.469446951953614e-18,0.0323601469570303,0.9999999999999998,False
M1,G1,2,128,9401102,2,W,3.7970150461981195e-16,1.3877787807814457e-17,0.05943603761079373,1.0,False
M1,G1,2,128,9401102,2,b,2.734144162786659e-16,5.551115123125783e-17,0.25826770313549485,1.0,False
M1,G1,2,128,9401102,1,ALL,4.03673549473257e-16,2.0816681711721685e-17,0.0884407148924768,0.9999999999999998,False
M1,G1,2,128,9401102,2,ALL,2.8010935387722645e-16,5.551115123125783e-17,0.2669869438021949,1.0,False
M1,G0,2,128,9401103,1,R,0.0,0.0,0.025637949387134183,1.0,False
M1,G0,2,128,9401103,1,W,0.0,0.0,0.1066731436252074,0.9999999999999999,False
M1,G0,2,128,9401103,1,b,0.0,0.0,0.15527767505377385,1.0000000000000002,False
M1,G0,2,128,9401103,2,R,0.0,0.0,0.04772039264045332,1.0000000000000002,False
M1,G0,2,128,9401103,2,W,0.0,0.0,0.13009422848615496,0.9999999999999998,False
M1,G0,2,128,9401103,2,b,0.0,0.0,0.41927565099745284,1.0,False
M1,G0,2,128,9401103,1,ALL,0.0,0.0,0.19012527551529482,1.0,False
M1,G0,2,128,9401103,2,ALL,0.0,0.0,0.4415810408956716,1.0000000000000002,False
M1,G1,2,128,9401103,1,R,5.731814664591459e-16,1.0408340855860843e-17,0.025637949387134183,1.0,False
M1,G1,2,128,9401103,1,W,3.865851737634642e-16,1.3877787807814457e-17,0.1066731436252074,0.9999999999999999,False
M1,G1,2,128,9401103,1,b,3.285710455557134e-16,4.163336342344337e-17,0.15527767505377385,1.0000000000000002,False
M1,G1,2,128,9401103,2,R,3.618240066397608e-16,1.0408340855860843e-17,0.04772039264045332,1.0,False
M1,G1,2,128,9401103,2,W,2.8679182929239624e-16,2.0816681711721685e-17,0.13009422848615496,0.9999999999999998,False
M1,G1,2,128,9401103,2,b,3.4596432977770394e-16,1.1102230246251565e-16,0.41927565099745284,1.0,False
M1,G1,2,128,9401103,1,ALL,3.5359660774046017e-16,4.163336342344337e-17,0.19012527551529482,1.0,False
M1,G1,2,128,9401103,2,ALL,3.4142737199030636e-16,1.1102230246251565e-16,0.4415810408956716,1.0000000000000002,False
M1,G0,2,128,9401104,1,R,0.0,0.0,0.02294124357931744,1.0,False
M1,G0,2,128,9401104,1,W,0.0,0.0,0.042886524395030004,1.0000000000000002,False
M1,G0,2,128,9401104,1,b,0.0,0.0,0.11909240508217456,1.0000000000000002,False
M1,G0,2,128,9401104,2,R,0.0,0.0,0.047593578398196,1.0,False
M1,G0,2,128,9401104,2,W,0.0,0.0,0.07051637545313905,1.0000000000000002,False
M1,G0,2,128,9401104,2,b,0.0,0.0,0.341065069741383,1.0,False
M1,G0,2,128,9401104,1,ALL,0.0,0.0,0.1286411892820796,1.0000000000000004,False
M1,G0,2,128,9401104,2,ALL,0.0,0.0,0.3515154188787282,1.0,False
M1,G1,2,128,9401104,1,R,4.2996334644717704e-16,4.336808689942018e-18,0.02294124357931744,1.0,False
M1,G1,2,128,9401104,1,W,5.035719971921059e-16,8.673617379884035e-18,0.042886524395030004,0.9999999999999999,False
M1,G1,2,128,9401104,1,b,3.493610655642884e-16,2.7755575615628914e-17,0.11909240508217456,1.0000000000000002,False
M1,G1,2,128,9401104,2,R,3.5899104305535763e-16,1.0408340855860843e-17,0.047593578398196,1.0,False
M1,G1,2,128,9401104,2,W,3.3965063243870225e-16,1.3877787807814457e-17,0.07051637545313905,1.0,False
M1,G1,2,128,9401104,2,b,2.4264935507949497e-16,6.938893903907228e-17,0.341065069741383,1.0,False
M1,G1,2,128,9401104,1,ALL,3.723838022086725e-16,2.7755575615628914e-17,0.1286411892820796,1.0000000000000004,False
M1,G1,2,128,9401104,2,ALL,2.498698697024369e-16,6.938893903907228e-17,0.3515154188787282,1.0,False
M1,G0,3,32,9401100,1,R,0.0,0.0,0.007852226809396862,1.0000000000000002,False
M1,G0,3,32,9401100,1,W,0.0,0.0,0.018948365451768794,0.9999999999999999,False
M1,G0,3,32,9401100,1,b,0.0,0.0,0.016941457157252145,1.0,False
M1,G0,3,32,9401100,2,R,0.0,0.0,0.012914963423894638,1.0000000000000002,False
M1,G0,3,32,9401100,2,W,0.0,0.0,0.013604403813113123,0.9999999999999996,False
M1,G0,3,32,9401100,2,b,0.0,0.0,0.040632413225325785,1.0,False
M1,G0,3,32,9401100,3,R,0.0,0.0,0.024515575161739783,0.9999999999999998,False
M1,G0,3,32,9401100,3,W,0.0,0.0,0.022108771891974802,1.0,False
M1,G0,3,32,9401100,3,b,0.0,0.0,0.259216318052527,1.0000000000000002,False
M1,G0,3,32,9401100,1,ALL,0.0,0.0,0.026602838002194543,0.9999999999999997,False
M1,G0,3,32,9401100,2,ALL,0.0,0.0,0.0447534254316294,1.0,False
M1,G0,3,32,9401100,3,ALL,0.0,0.0,0.2613099897914183,1.0,False
M1,G1,3,32,9401100,1,R,4.356445329727139e-16,1.3010426069826053e-18,0.007852226809396862,1.0,False
M1,G1,3,32,9401100,1,W,5.43847961689649e-16,3.903127820947816e-18,0.018948365451768794,1.0,False
M1,G1,3,32,9401100,1,b,4.2238009823972947e-16,3.469446951953614e-18,0.016941457157252145,1.0000000000000002,False
M1,G1,3,32,9401100,2,R,3.5616102643429893e-16,2.6020852139652106e-18,0.012914963423894638,1.0000000000000002,False
M1,G1,3,32,9401100,2,W,5.781221513609315e-16,4.336808689942018e-18,0.013604403813113123,1.0,False
M1,G1,3,32,9401100,2,b,8.90579009615428e-16,2.0816681711721685e-17,0.040632413225325785,1.0,False
M1,G1,3,32,9401100,3,R,2.9932600123897035e-16,3.469446951953614e-18,0.024515575161739783,0.9999999999999998,False
M1,G1,3,32,9401100,3,W,3.4399465502000496e-16,4.336808689942018e-18,0.022108771891974802,0.9999999999999998,False
M1,G1,3,32,9401100,3,b,3.4799360406205183e-16,8.326672684688674e-17,0.259216318052527,1.0,False
M1,G1,3,32,9401100,1,ALL,4.888140919146585e-16,3.903127820947816e-18,0.026602838002194543,1.0,False
M1,G1,3,32,9401100,2,ALL,8.338091952216344e-16,2.0816681711721685e-17,0.0447534254316294,1.0,False
M1,G1,3,32,9401100,3,ALL,3.4756647081882405e-16,8.326672684688674e-17,0.2613099897914183,1.0,False
M1,G0,3,32,9401101,1,R,0.0,0.0,0.005702256663086358,1.0,False
M1,G0,3,32,9401101,1,W,0.0,0.0,0.019013576775072535,1.0000000000000002,False
M1,G0,3,32,9401101,1,b,0.0,0.0,0.0319730915678273,0.9999999999999998,False
M1,G0,3,32,9401101,2,R,0.0,0.0,0.01175749690061139,1.0000000000000002,False
M1,G0,3,32,9401101,2,W,0.0,0.0,0.014034636103267873,1.0000000000000002,False
M1,G0,3,32,9401101,2,b,0.0,0.0,0.08048952642311004,0.9999999999999999,False
M1,G0,3,32,9401101,3,R,0.0,0.0,0.024614241618780643,1.0,False
M1,G0,3,32,9401101,3,W,0.0,0.0,0.018135372751708952,1.0000000000000002,False
M1,G0,3,32,9401101,3,b,0.0,0.0,0.1352449993196284,1.0,False
M1,G0,3,32,9401101,1,ALL,0.0,0.0,0.037633899840940746,0.9999999999999997,False
M1,G0,3,32,9401101,2,ALL,0.0,0.0,0.08254558502873165,0.9999999999999998,False
M1,G0,3,32,9401101,3,ALL,0.0,0.0,0.13865771697340695,1.0000000000000004,False
M1,G1,3,32,9401101,1,R,3.1665842928727516e-16,6.505213034913027e-19,0.005702256663086358,1.0,False
M1,G1,3,32,9401101,1,W,3.101969799649784e-16,2.6020852139652106e-18,0.019013576775072535,1.0000000000000002,False
M1,G1,3,32,9401101,1,b,3.7259175652031703e-16,6.938893903907228e-18,0.0319730915678273,0.9999999999999998,False
M1,G1,3,32,9401101,2,R,4.679662557685103e-16,2.6020852139652106e-18,0.01175749690061139,1.0000000000000002,False
M1,G1,3,32,9401101,2,W,3.656619083558274e-16,2.168404344971009e-18,0.014034636103267873,0.9999999999999999,False
M1,G1,3,32,9401101,2,b,4.173906399747468e-16,2.7755575615628914e-17,0.08048952642311004,0.9999999999999999,False
M1,G1,3,32,9401101,3,R,3.5048687605416284e-16,6.938893903907228e-18,0.024614241618780643,1.0,False
M1,G1,3,32,9401101,3,W,2.8507336028703823e-16,2.6020852139652106e-18,0.018135372751708952,1.0000000000000002,False
M1,G1,3,32,9401101,3,b,1.7821388022332453e-16,1.3877787807814457e-17,0.1352449993196284,1.0,False
M1,G1,3,32,9401101,1,ALL,3.56462024693348e-16,6.938893903907228e-18,0.037633899840940746,1.0,False
M1,G1,3,32,9401101,2,ALL,4.170760724732608e-16,2.7755575615628914e-17,0.08254558502873165,0.9999999999999998,False
M1,G1,3,32,9401101,3,ALL,1.8835413005120024e-16,1.3877787807814457e-17,0.13865771697340695,1.0000000000000002,False
M1,G0,3,32,9401102,1,R,0.0,0.0,0.010103033154662596,1.0,False
M1,G0,3,32,9401102,1,W,0.0,0.0,0.02382139339534917,1.0000000000000004,False
M1,G0,3,32,9401102,1,b,0.0,0.0,0.018483539509207305,0.9999999999999999,False
M1,G0,3,32,9401102,2,R,0.0,0.0,0.010122999801836943,1.0,False
M1,G0,3,32,9401102,2,W,0.0,0.0,0.023442047953087557,0.9999999999999998,False
M1,G0,3,32,9401102,2,b,0.0,0.0,0.06984849759252133,1.0,False
M1,G0,3,32,9401102,3,R,0.0,0.0,0.042497932448199015,1.0,False
M1,G0,3,32,9401102,3,W,0.0,0.0,0.030203176816016874,0.9999999999999998,False
M1,G0,3,32,9401102,3,b,0.0,0.0,0.2652801539444385,1.0,False
M1,G0,3,32,9401102,1,ALL,0.0,0.0,0.031798919714490684,1.0,False
M1,G0,3,32,9401102,2,ALL,0.0,0.0,0.07436946519341998,0.9999999999999999,False
M1,G0,3,32,9401102,3,ALL,0.0,0.0,0.2703550743539619,0.9999999999999998,False
M1,G1,3,32,9401102,1,R,4.2091366175385355e-16,1.734723475976807e-18,0.010103033154662596,1.0000000000000002,False
M1,G1,3,32,9401102,1,W,4.491202798788536e-16,4.336808689942018e-18,0.02382139339534917,1.0000000000000004,False
M1,G1,3,32,9401102,1,b,6.801260116578885e-16,7.15573433840433e-18,0.018483539509207305,1.0,False
M1,G1,3,32,9401102,2,R,4.18147691186963e-16,1.734723475976807e-18,0.010122999801836943,1.0,False
M1,G1,3,32,9401102,2,W,3.7024895720100475e-16,3.469446951953614e-18,0.023442047953087557,0.9999999999999998,False
M1,G1,3,32,9401102,2,b,4.492999198102317e-16,1.734723475976807e-17,0.06984849759252133,0.9999999999999998,False
M1,G1,3,32,9401102,3,R,3.26438224474451e-16,6.938893903907228e-18,0.042497932448199015,1.0,False
M1,G1,3,32,9401102,3,W,3.9658581187654747e-16,6.938893903907228e-18,0.030203176816016874,0.9999999999999999,False
M1,G1,3,32,9401102,3,b,1.9232576611151735e-16,2.7755575615628914e-17,0.2652801539444385,1.0,False
M1,G1,3,32,9401102,1,ALL,5.360676601347948e-16,7.15573433840433e-18,0.031798919714490684,1.0,False
M1,G1,3,32,9401102,2,ALL,4.4151187082717465e-16,1.734723475976807e-17,0.07436946519341998,0.9999999999999999,False
M1,G1,3,32,9401102,3,ALL,2.0052337838868688e-16,2.7755575615628914e-17,0.2703550743539619,1.0,False
M1,G0,3,32,9401103,1,R,0.0,0.0,0.0065752092312566035,0.9999999999999999,False
M1,G0,3,32,9401103,1,W,0.0,0.0,0.01469043386762514,0.9999999999999999,False
M1,G0,3,32,9401103,1,b,0.0,0.0,0.02604299935189221,0.9999999999999999,False
M1,G0,3,32,9401103,2,R,0.0,0.0,0.011128730009770956,1.0000000000000002,False
M1,G0,3,32,9401103,2,W,0.0,0.0,0.020159826548415864,1.0000000000000002,False
M1,G0,3,32,9401103,2,b,0.0,0.0,0.08517580742771035,1.0,False
M1,G0,3,32,9401103,3,R,0.0,0.0,0.025968145472903874,1.0000000000000004,False
M1,G0,3,32,9401103,3,W,0.0,0.0,0.03333396125045979,0.9999999999999998,False
M1,G0,3,32,9401103,3,b,0.0,0.0,0.3007605576526084,1.0,False
M1,G0,3,32,9401103,1,ALL,0.0,0.0,0.0306150296242961,1.0,False
M1,G0,3,32,9401103,2,ALL,0.0,0.0,0.08823369769569327,0.9999999999999999,False
M1,G0,3,32,9401103,3,ALL,0.0,0.0,0.30371435690704024,1.0000000000000002,False
M1,G1,3,32,9401103,1,R,3.205275071407139e-16,8.673617379884035e-19,0.0065752092312566035,0.9999999999999999,False
M1,G1,3,32,9401103,1,W,4.0064442002970153e-16,1.951563910473908e-18,0.01469043386762514,0.9999999999999999,False
M1,G1,3,32,9401103,1,b,4.71596614854876e-16,8.673617379884035e-18,0.02604299935189221,0.9999999999999997,False
M1,G1,3,32,9401103,2,R,3.8995306311852463e-16,2.6020852139652106e-18,0.011128730009770956,1.0,False
M1,G1,3,32,9401103,2,W,3.13279271944163e-16,2.6020852139652106e-18,0.020159826548415864,0.9999999999999999,False
M1,G1,3,32,9401103,2,b,2.267904899429475e-16,1.3877787807814457e-17,0.08517580742771035,0.9999999999999999,False
M1,G1,3,32,9401103,3,R,2.9228015216036985e-16,4.336808689942018e-18,0.025968145472903874,1.0000000000000002,False
M1,G1,3,32,9401103,3,W,3.1709325407811323e-16,5.204170427930421e-18,0.03333396125045979,0.9999999999999998,False
M1,G1,3,32,9401103,3,b,3.0963950368724757e-16,5.551115123125783e-17,0.3007605576526084,1.0,False
M1,G1,3,32,9401103,1,ALL,4.50148909778494e-16,8.673617379884035e-18,0.0306150296242961,0.9999999999999998,False
M1,G1,3,32,9401103,2,ALL,2.355275286504317e-16,1.3877787807814457e-17,0.08823369769569327,0.9999999999999998,False
M1,G1,3,32,9401103,3,ALL,3.096070212789132e-16,5.551115123125783e-17,0.30371435690704024,1.0000000000000002,False
M1,G0,3,32,9401104,1,R,0.0,0.0,0.005477070503100134,1.0,False
M1,G0,3,32,9401104,1,W,0.0,0.0,0.016789904329581187,1.0000000000000002,False
M1,G0,3,32,9401104,1,b,0.0,0.0,0.012247641828374648,1.0,False
M1,G0,3,32,9401104,2,R,0.0,0.0,0.011384671667074055,1.0,False
M1,G0,3,32,9401104,2,W,0.0,0.0,0.022458608910305003,1.0000000000000002,False
M1,G0,3,32,9401104,2,b,0.0,0.0,0.07572518752508012,0.9999999999999999,False
M1,G0,3,32,9401104,3,R,0.0,0.0,0.015930855565736018,1.0000000000000002,False
M1,G0,3,32,9401104,3,W,0.0,0.0,0.022217510673536882,1.0,False
M1,G0,3,32,9401104,3,b,0.0,0.0,0.19177954821083315,1.0,False
M1,G0,3,32,9401104,1,ALL,0.0,0.0,0.02149195009878282,1.0000000000000002,False
M1,G0,3,32,9401104,2,ALL,0.0,0.0,0.07980165342185372,1.0000000000000002,False
M1,G0,3,32,9401104,3,ALL,0.0,0.0,0.19371836529233966,0.9999999999999998,False
M1,G1,3,32,9401104,1,R,7.092001191664571e-16,2.6020852139652106e-18,0.005477070503100134,1.0,False
M1,G1,3,32,9401104,1,W,3.6636116393702377e-16,3.0357660829594124e-18,0.016789904329581187,1.0000000000000002,False
M1,G1,3,32,9401104,1,b,3.706369845954102e-16,3.469446951953614e-18,0.012247641828374648,1.0,False
M1,G1,3,32,9401104,2,R,3.0920186600163724e-16,1.3010426069826053e-18,0.011384671667074055,1.0,False
M1,G1,3,32,9401104,2,W,3.4875433859338913e-16,3.0357660829594124e-18,0.022458608910305003,1.0000000000000002,False
M1,G1,3,32,9401104,2,b,6.289778471322444e-16,4.163336342344337e-17,0.07572518752508012,1.0,False
M1,G1,3,32,9401104,3,R,2.4546464981688887e-16,1.3010426069826053e-18,0.015930855565736018,1.0000000000000002,False
M1,G1,3,32,9401104,3,W,2.6824773929167754e-16,2.168404344971009e-18,0.022217510673536882,1.0,False
M1,G1,3,32,9401104,3,b,2.745097534496254e-16,4.163336342344337e-17,0.19177954821083315,1.0,False
M1,G1,3,32,9401104,1,ALL,3.989886563043991e-16,3.469446951953614e-18,0.02149195009878282,0.9999999999999999,False
M1,G1,3,32,9401104,2,ALL,6.0647086236612805e-16,4.163336342344337e-17,0.07980165342185372,1.0000000000000002,False
M1,G1,3,32,9401104,3,ALL,2.7424215472069384e-16,4.163336342344337e-17,0.19371836529233966,0.9999999999999998,False
M1,G0,3,128,9401100,1,R,0.0,0.0,0.005270301605576323,1.0000000000000002,False
M1,G0,3,128,9401100,1,W,0.0,0.0,0.017365398175125002,1.0000000000000002,False
M1,G0,3,128,9401100,1,b,0.0,0.0,0.045969774099442626,1.0,False
M1,G0,3,128,9401100,2,R,0.0,0.0,0.010295834453681443,0.9999999999999999,False
M1,G0,3,128,9401100,2,W,0.0,0.0,0.01563764325785091,1.0000000000000002,False
M1,G0,3,128,9401100,2,b,0.0,0.0,0.11242640254952313,1.0000000000000002,False
M1,G0,3,128,9401100,3,R,0.0,0.0,0.034057841978353744,1.0,False
M1,G0,3,128,9401100,3,W,0.0,0.0,0.039034099010478315,1.0,False
M1,G0,3,128,9401100,3,b,0.0,0.0,0.40620195540213694,0.9999999999999998,False
M1,G0,3,128,9401100,1,ALL,0.0,0.0,0.04942219403818655,0.9999999999999998,False
M1,G0,3,128,9401100,2,ALL,0.0,0.0,0.11397471686292907,0.9999999999999999,False
M1,G0,3,128,9401100,3,ALL,0.0,0.0,0.40949191207922775,0.9999999999999999,False
M1,G1,3,128,9401100,1,R,3.850723920447778e-16,5.421010862427522e-19,0.005270301605576323,1.0000000000000002,False
M1,G1,3,128,9401100,1,W,3.8939219691243653e-16,2.6020852139652106e-18,0.017365398175125002,1.0000000000000002,False
M1,G1,3,128,9401100,1,b,6.721383903998953e-16,2.0816681711721685e-17,0.045969774099442626,1.0,False
M1,G1,3,128,9401100,2,R,3.4768199686131267e-16,1.734723475976807e-18,0.010295834453681443,0.9999999999999999,False
M1,G1,3,128,9401100,2,W,2.896630739939624e-16,1.734723475976807e-18,0.01563764325785091,1.0,False
M1,G1,3,128,9401100,2,b,3.501515759778436e-16,2.7755575615628914e-17,0.11242640254952313,1.0,False
M1,G1,3,128,9401100,3,R,2.780708190198846e-16,4.336808689942018e-18,0.034057841978353744,1.0,False
M1,G1,3,128,9401100,3,W,2.6189702583710736e-16,3.469446951953614e-18,0.039034099010478315,0.9999999999999999,False
M1,G1,3,128,9401100,3,b,6.239608010073646e-16,2.220446049250313e-16,0.40620195540213694,1.0,False
M1,G1,3,128,9401100,1,ALL,6.412980118829429e-16,2.0816681711721685e-17,0.04942219403818655,0.9999999999999998,False
M1,G1,3,128,9401100,2,ALL,3.490895651042026e-16,2.7755575615628914e-17,0.11397471686292907,0.9999999999999999,False
M1,G1,3,128,9401100,3,ALL,6.198826012659339e-16,2.220446049250313e-16,0.40949191207922775,0.9999999999999999,False
M1,G0,3,128,9401101,1,R,0.0,0.0,0.01120486714540886,1.0,False
M1,G0,3,128,9401101,1,W,0.0,0.0,0.02561598285766691,0.9999999999999999,False
M1,G0,3,128,9401101,1,b,0.0,0.0,0.03844647639979167,0.9999999999999999,False
M1,G0,3,128,9401101,2,R,0.0,0.0,0.013889205150310871,1.0,False
M1,G0,3,128,9401101,2,W,0.0,0.0,0.025780169668146294,1.0000000000000002,False
M1,G0,3,128,9401101,2,b,0.0,0.0,0.08127279873683134,1.0000000000000002,False
M1,G0,3,128,9401101,3,R,0.0,0.0,0.028888437611529625,0.9999999999999998,False
M1,G0,3,128,9401101,3,W,0.0,0.0,0.027267854707071253,0.9999999999999999,False
M1,G0,3,128,9401101,3,b,0.0,0.0,0.1705828525893673,0.9999999999999999,False
M1,G0,3,128,9401101,1,ALL,0.0,0.0,0.04753797611457902,1.0000000000000002,False
M1,G0,3,128,9401101,2,ALL,0.0,0.0,0.08638747005407282,0.9999999999999999,False
M1,G0,3,128,9401101,3,ALL,0.0,0.0,0.1751473303407363,1.0,False
M1,G1,3,128,9401101,1,R,2.9415707910013075e-16,1.734723475976807e-18,0.01120486714540886,1.0,False
M1,G1,3,128,9401101,1,W,4.0600205494457884e-16,5.204170427930421e-18,0.02561598285766691,1.0,False
M1,G1,3,128,9401101,1,b,3.5901983590819016e-16,1.214306433183765e-17,0.03844647639979167,1.0,False
M1,G1,3,128,9401101,2,R,4.3771634498357035e-16,3.469446951953614e-18,0.013889205150310871,1.0000000000000002,False
M1,G1,3,128,9401101,2,W,3.908092264261791e-16,6.938893903907228e-18,0.025780169668146294,1.0000000000000002,False
M1,G1,3,128,9401101,2,b,3.7988667771495617e-16,2.7755575615628914e-17,0.08127279873683134,1.0000000000000002,False
M1,G1,3,128,9401101,3,R,4.116310443349593e-16,8.673617379884035e-18,0.028888437611529625,1.0,False
M1,G1,3,128,9401101,3,W,2.1013618511458857e-16,2.6020852139652106e-18,0.027267854707071253,0.9999999999999999,False
M1,G1,3,128,9401101,3,b,2.2654012877268257e-16,2.7755575615628914e-17,0.1705828525893673,1.0,False
M1,G1,3,128,9401101,1,ALL,3.7010517407397955e-16,1.214306433183765e-17,0.04753797611457902,1.0000000000000002,False
M1,G1,3,128,9401101,2,ALL,3.8247324304082976e-16,2.7755575615628914e-17,0.08638747005407282,0.9999999999999999,False
M1,G1,3,128,9401101,3,ALL,2.331527355231105e-16,2.7755575615628914e-17,0.1751473303407363,1.0000000000000002,False
M1,G0,3,128,9401102,1,R,0.0,0.0,0.008487115214575399,1.0,False
M1,G0,3,128,9401102,1,W,0.0,0.0,0.016615350078136405,1.0000000000000004,False
M1,G0,3,128,9401102,1,b,0.0,0.0,0.009789408713188386,1.0,False
M1,G0,3,128,9401102,2,R,0.0,0.0,0.011217164174090898,1.0,False
M1,G0,3,128,9401102,2,W,0.0,0.0,0.017888184287945925,1.0,False
M1,G0,3,128,9401102,2,b,0.0,0.0,0.057646995452754,0.9999999999999999,False
M1,G0,3,128,9401102,3,R,0.0,0.0,0.026429063763344363,1.0,False
M1,G0,3,128,9401102,3,W,0.0,0.0,0.01717890569905573,0.9999999999999998,False
M1,G0,3,128,9401102,3,b,0.0,0.0,0.16511074915632606,1.0,False
M1,G0,3,128,9401102,1,ALL,0.0,0.0,0.021069729609996268,0.9999999999999998,False
M1,G0,3,128,9401102,2,ALL,0.0,0.0,0.06139208413108211,1.0000000000000002,False
M1,G0,3,128,9401102,3,ALL,0.0,0.0,0.1680927413643647,1.0,False
M1,G1,3,128,9401102,1,R,4.591566014078676e-16,2.168404344971009e-18,0.008487115214575399,1.0000000000000002,False
M1,G1,3,128,9401102,1,W,5.056259420658989e-16,3.469446951953614e-18,0.016615350078136405,1.0000000000000004,False
M1,G1,3,128,9401102,1,b,1.0689667128657002e-15,5.936006894358137e-18,0.009789408713188386,1.0,False
M1,G1,3,128,9401102,2,R,3.098002656827121e-16,1.734723475976807e-18,0.011217164174090898,1.0,False
M1,G1,3,128,9401102,2,W,3.955474867615437e-16,3.469446951953614e-18,0.017888184287945925,1.0,False
M1,G1,3,128,9401102,2,b,2.5754753254280124e-16,1.0408340855860843e-17,0.057646995452754,1.0,False
M1,G1,3,128,9401102,3,R,3.0635184446018253e-16,3.469446951953614e-18,0.026429063763344363,0.9999999999999999,False
M1,G1,3,128,9401102,3,W,2.6044446261638704e-16,2.6020852139652106e-18,0.01717890569905573,0.9999999999999998,False
M1,G1,3,128,9401102,3,b,2.3114131978988444e-16,2.7755575615628914e-17,0.16511074915632606,1.0000000000000002,False
M1,G1,3,128,9401102,1,ALL,6.632254657892608e-16,5.936006894358137e-18,0.021069729609996268,1.0,False
M1,G1,3,128,9401102,2,ALL,2.738105431981681e-16,1.0408340855860843e-17,0.06139208413108211,1.0,False
M1,G1,3,128,9401102,3,ALL,2.336153114515417e-16,2.7755575615628914e-17,0.1680927413643647,1.0,False
M1,G0,3,128,9401103,1,R,0.0,0.0,0.010073095209090947,1.0000000000000002,False
M1,G0,3,128,9401103,1,W,0.0,0.0,0.037240903318097505,1.0000000000000002,False
M1,G0,3,128,9401103,1,b,0.0,0.0,0.03817497544003331,1.0,False
M1,G0,3,128,9401103,2,R,0.0,0.0,0.01850268802422509,0.9999999999999999,False
M1,G0,3,128,9401103,2,W,0.0,0.0,0.05993497836083155,1.0000000000000002,False
M1,G0,3,128,9401103,2,b,0.0,0.0,0.14012631423096125,1.0,False
M1,G0,3,128,9401103,3,R,0.0,0.0,0.026098599060933255,0.9999999999999999,False
M1,G0,3,128,9401103,3,W,0.0,0.0,0.049993763088773145,1.0,False
M1,G0,3,128,9401103,3,b,0.0,0.0,0.3543776797490396,1.0000000000000002,False
M1,G0,3,128,9401103,1,ALL,0.0,0.0,0.05427412714071451,1.0,False
M1,G0,3,128,9401103,2,ALL,0.0,0.0,0.15352503064708778,1.0,False
M1,G0,3,128,9401103,3,ALL,0.0,0.0,0.3588370843781794,1.0,False
M1,G1,3,128,9401103,1,R,3.816971071376735e-16,1.3010426069826053e-18,0.010073095209090947,1.0,False
M1,G1,3,128,9401103,1,W,3.6563671581639897e-16,5.204170427930421e-18,0.037240903318097505,1.0000000000000002,False
M1,G1,3,128,9401103,1,b,5.338455387165231e-16,1.214306433183765e-17,0.03817497544003331,1.0,False
M1,G1,3,128,9401103,2,R,3.808208636890902e-16,3.469446951953614e-18,0.01850268802422509,1.0,False
M1,G1,3,128,9401103,2,W,3.189040643206677e-16,8.673617379884035e-18,0.05993497836083155,1.0000000000000002,False
M1,G1,3,128,9401103,2,b,3.8516625919594434e-16,2.7755575615628914e-17,0.14012631423096125,0.9999999999999998,False
M1,G1,3,128,9401103,3,R,3.219605706863714e-16,3.469446951953614e-18,0.026098599060933255,0.9999999999999999,False
M1,G1,3,128,9401103,3,W,4.201668502052202e-16,1.3877787807814457e-17,0.049993763088773145,0.9999999999999998,False
M1,G1,3,128,9401103,3,b,6.439277609013765e-16,2.220446049250313e-16,0.3543776797490396,1.0000000000000002,False
M1,G1,3,128,9401103,1,ALL,4.57118513661734e-16,1.214306433183765e-17,0.05427412714071451,0.9999999999999999,False
M1,G1,3,128,9401103,2,ALL,3.7575851609860614e-16,2.7755575615628914e-17,0.15352503064708778,0.9999999999999999,False
M1,G1,3,128,9401103,3,ALL,6.390432044924093e-16,2.220446049250313e-16,0.3588370843781794,1.0000000000000004,False
M1,G0,3,128,9401104,1,R,0.0,0.0,0.02124072913055925,1.0,False
M1,G0,3,128,9401104,1,W,0.0,0.0,0.0416898721594727,0.9999999999999999,False
M1,G0,3,128,9401104,1,b,0.0,0.0,0.035908843910679576,0.9999999999999998,False
M1,G0,3,128,9401104,2,R,0.0,0.0,0.0190121701082107,1.0,False
M1,G0,3,128,9401104,2,W,0.0,0.0,0.04308403100881569,1.0000000000000002,False
M1,G0,3,128,9401104,2,b,0.0,0.0,0.11380351776121786,1.0000000000000002,False
M1,G0,3,128,9401104,3,R,0.0,0.0,0.02703077966134104,1.0000000000000002,False
M1,G0,3,128,9401104,3,W,0.0,0.0,0.028281282418966953,0.9999999999999999,False
M1,G0,3,128,9401104,3,b,0.0,0.0,0.2641527940814569,0.9999999999999998,False
M1,G0,3,128,9401104,1,ALL,0.0,0.0,0.05898015840664142,1.0,False
M1,G0,3,128,9401104,2,ALL,0.0,0.0,0.12316223851091683,0.9999999999999999,False
M1,G0,3,128,9401104,3,ALL,0.0,0.0,0.26703406637618715,0.9999999999999998,False
M1,G1,3,128,9401104,1,R,4.467786804593348e-16,3.903127820947816e-18,0.02124072913055925,1.0,False
M1,G1,3,128,9401104,1,W,4.3208166924576773e-16,6.938893903907228e-18,0.0416898721594727,1.0,False
M1,G1,3,128,9401104,1,b,5.888211920831812e-16,1.3877787807814457e-17,0.035908843910679576,0.9999999999999998,False
M1,G1,3,128,9401104,2,R,4.321927999511247e-16,3.469446951953614e-18,0.0190121701082107,1.0,False
M1,G1,3,128,9401104,2,W,4.0901741551047264e-16,1.0408340855860843e-17,0.04308403100881569,1.0000000000000002,False
M1,G1,3,128,9401104,2,b,3.063834143894365e-16,2.0816681711721685e-17,0.11380351776121786,1.0000000000000002,False
M1,G1,3,128,9401104,3,R,4.804311844246116e-16,8.673617379884035e-18,0.02703077966134104,1.0,False
M1,G1,3,128,9401104,3,W,3.8064582340218447e-16,5.204170427930421e-18,0.028281282418966953,0.9999999999999999,False
M1,G1,3,128,9401104,3,b,2.4501612362635734e-16,5.551115123125783e-17,0.2641527940814569,1.0,False
M1,G1,3,128,9401104,1,ALL,4.976779626170316e-16,1.3877787807814457e-17,0.05898015840664142,1.0,False
M1,G1,3,128,9401104,2,ALL,3.2414502621388073e-16,2.0816681711721685e-17,0.12316223851091683,0.9999999999999999,False
M1,G1,3,128,9401104,3,ALL,2.504689081450883e-16,5.551115123125783e-17,0.26703406637618715,0.9999999999999998,False
M2,G0,1,32,9401100,1,r,0.0,0.0,0.040443967859853665,0.9999999999999999,False
M2,G0,1,32,9401100,1,W,0.0,0.0,0.2545915694444659,1.0,False
M2,G0,1,32,9401100,1,b,0.0,0.0,0.6588301457191025,0.9999999999999999,False
M2,G0,1,32,9401100,1,ALL,0.0,0.0,0.7074671318702367,1.0,False
M2,G1,1,32,9401100,1,r,5.43949072174488e-16,2.0816681711721685e-17,0.040443967859853665,0.9999999999999999,False
M2,G1,1,32,9401100,1,W,2.4632212631909124e-16,2.0816681711721685e-17,0.2545915694444659,0.9999999999999998,False
M2,G1,1,32,9401100,1,b,3.734086922406758e-16,2.220446049250313e-16,0.6588301457191025,1.0,False
M2,G1,1,32,9401100,1,ALL,3.6020251118498007e-16,2.220446049250313e-16,0.7074671318702367,1.0000000000000002,False
M2,G2,1,32,9401100,1,r,5.446881347882681e-16,2.0816681711721685e-17,0.040443967859853665,0.9999999999999999,False
M2,G2,1,32,9401100,1,W,2.633974918569639e-16,2.7755575615628914e-17,0.2545915694444659,0.9999999999999998,False
M2,G2,1,32,9401100,1,b,2.8727858448038355e-16,1.6653345369377348e-16,0.6588301457191025,0.9999999999999998,False
M2,G2,1,32,9401100,1,ALL,2.8552727399388096e-16,1.6653345369377348e-16,0.7074671318702367,1.0,False
M2,G0,1,32,9401101,1,r,0.0,0.0,0.003167799228450887,0.9999999999999998,False
M2,G0,1,32,9401101,1,W,0.0,0.0,0.020610474425426236,1.0,False
M2,G0,1,32,9401101,1,b,0.0,0.0,0.06033698149631367,0.9999999999999999,False
M2,G0,1,32,9401101,1,ALL,0.0,0.0,0.06383868689187945,1.0,False
M2,G1,1,32,9401101,1,r,2.832682569680587e-16,8.673617379884035e-19,0.003167799228450887,1.0,False
M2,G1,1,32,9401101,1,W,2.478712112875774e-16,1.734723475976807e-18,0.020610474425426236,1.0,False
M2,G1,1,32,9401101,1,b,4.2107584062586103e-16,2.0816681711721685e-17,0.06033698149631367,0.9999999999999999,False
M2,G1,1,32,9401101,1,ALL,4.0618819800262704e-16,2.0816681711721685e-17,0.06383868689187945,0.9999999999999998,False
M2,G2,1,32,9401101,1,r,3.0862512683971296e-16,8.673617379884035e-19,0.003167799228450887,1.0,False
M2,G2,1,32,9401101,1,W,2.6443229815099644e-16,1.734723475976807e-18,0.020610474425426236,1.0,False
M2,G2,1,32,9401101,1,b,4.2498382082239786e-16,2.0816681711721685e-17,0.06033698149631367,1.0,False
M2,G2,1,32,9401101,1,ALL,4.10930364932176e-16,2.0816681711721685e-17,0.06383868689187945,0.9999999999999998,False
M2,G0,1,32,9401102,1,r,0.0,0.0,0.024998259687005527,1.0000000000000002,False
M2,G0,1,32,9401102,1,W,0.0,0.0,0.10738542624438638,1.0,False
M2,G0,1,32,9401102,1,b,0.0,0.0,0.39070210279593814,1.0,False
M2,G0,1,32,9401102,1,ALL,0.0,0.0,0.4059614216723497,0.9999999999999998,False
M2,G1,1,32,9401102,1,r,3.14343292886497e-16,5.204170427930421e-18,0.024998259687005527,1.0000000000000002,False
M2,G1,1,32,9401102,1,W,3.0324194233170527e-16,1.3877787807814457e-17,0.10738542624438638,1.0,False
M2,G1,1,32,9401102,1,b,1.4318620437683303e-16,2.7755575615628914e-17,0.39070210279593814,1.0,False
M2,G1,1,32,9401102,1,ALL,1.6062044166681532e-16,2.7755575615628914e-17,0.4059614216723497,0.9999999999999998,False
M2,G2,1,32,9401102,1,r,3.556695145986719e-16,6.938893903907228e-18,0.024998259687005527,1.0000000000000002,False
M2,G2,1,32,9401102,1,W,2.8466824771982104e-16,1.0408340855860843e-17,0.10738542624438638,1.0,False
M2,G2,1,32,9401102,1,b,1.6277366477615533e-16,4.163336342344337e-17,0.39070210279593814,1.0,False
M2,G2,1,32,9401102,1,ALL,1.7518780927091542e-16,4.163336342344337e-17,0.4059614216723497,0.9999999999999998,False
M2,G0,1,32,9401103,1,r,0.0,0.0,0.02333613877999654,1.0000000000000002,False
M2,G0,1,32,9401103,1,W,0.0,0.0,0.1205926427661447,1.0000000000000002,False
M2,G0,1,32,9401103,1,b,0.0,0.0,0.4073988920608454,1.0,False
M2,G0,1,32,9401103,1,ALL,0.0,0.0,0.4255126532958645,1.0000000000000002,False
M2,G1,1,32,9401103,1,r,1.1104381677266125e-16,1.734723475976807e-18,0.02333613877999654,1.0000000000000002,False
M2,G1,1,32,9401103,1,W,2.527358813990499e-16,1.3877787807814457e-17,0.1205926427661447,1.0,False
M2,G1,1,32,9401103,1,b,2.3166278219318946e-16,5.551115123125783e-17,0.4073988920608454,1.0,False
M2,G1,1,32,9401103,1,ALL,2.3315915537866115e-16,5.551115123125783e-17,0.4255126532958645,1.0000000000000002,False
M2,G2,1,32,9401103,1,r,1.7660996230810594e-16,3.469446951953614e-18,0.02333613877999654,1.0,False
M2,G2,1,32,9401103,1,W,2.360768742539506e-16,1.3877787807814457e-17,0.1205926427661447,1.0000000000000002,False
M2,G2,1,32,9401103,1,b,2.4147291913913387e-16,5.551115123125783e-17,0.4073988920608454,1.0,False
M2,G2,1,32,9401103,1,ALL,2.408747313647536e-16,5.551115123125783e-17,0.4255126532958645,1.0000000000000002,False
M2,G0,1,32,9401104,1,r,0.0,0.0,0.02203162553500279,1.0000000000000002,False
M2,G0,1,32,9401104,1,W,0.0,0.0,0.10850382046319189,1.0,False
M2,G0,1,32,9401104,1,b,0.0,0.0,0.3816790095086193,1.0,False
M2,G0,1,32,9401104,1,ALL,0.0,0.0,0.3974133086325921,0.9999999999999998,False
M2,G1,1,32,9401104,1,r,2.498769780053982e-16,3.469446951953614e-18,0.02203162553500279,1.0,False
M2,G1,1,32,9401104,1,W,3.402035251723538e-16,2.7755575615628914e-17,0.10850382046319189,1.0,False
M2,G1,1,32,9401104,1,b,2.84306574844797e-16,8.326672684688674e-17,0.3816790095086193,1.0,False
M2,G1,1,32,9401104,1,ALL,2.887487796948762e-16,8.326672684688674e-17,0.3974133086325921,1.0,False
M2,G2,1,32,9401104,1,r,1.928833231075989e-16,3.469446951953614e-18,0.02203162553500279,1.0000000000000002,False
M2,G2,1,32,9401104,1,W,3.414514988947653e-16,2.7755575615628914e-17,0.10850382046319189,0.9999999999999999,False
M2,G2,1,32,9401104,1,b,2.8931216659929214e-16,8.326672684688674e-17,0.3816790095086193,1.0,False
M2,G2,1,32,9401104,1,ALL,2.932748858499498e-16,8.326672684688674e-17,0.3974133086325921,0.9999999999999998,False
M2,G0,1,128,9401100,1,r,0.0,0.0,0.02073665478991659,1.0,False
M2,G0,1,128,9401100,1,W,0.0,0.0,0.2569346380935201,1.0,False
M2,G0,1,128,9401100,1,b,0.0,0.0,0.6534537809638838,1.0000000000000002,False
M2,G0,1,128,9401100,1,ALL,0.0,0.0,0.7024580136635354,1.0,False
M2,G1,1,128,9401100,1,r,1.8705811779897342e-16,3.469446951953614e-18,0.02073665478991659,1.0,False
M2,G1,1,128,9401100,1,W,2.5359029482123445e-16,3.469446951953614e-17,0.2569346380935201,1.0,False
M2,G1,1,128,9401100,1,b,1.4404038830344216e-16,5.551115123125783e-17,0.6534537809638838,1.0000000000000002,False
M2,G1,1,128,9401100,1,ALL,1.6305746180063272e-16,5.551115123125783e-17,0.7024580136635354,1.0000000000000002,False
M2,G2,1,128,9401100,1,r,8.934350806574635e-17,1.3010426069826053e-18,0.02073665478991659,1.0,False
M2,G2,1,128,9401100,1,W,2.479897290897179e-16,2.7755575615628914e-17,0.2569346380935201,1.0,False
M2,G2,1,128,9401100,1,b,1.1680678139223764e-16,5.551115123125783e-17,0.6534537809638838,1.0000000000000002,False
M2,G2,1,128,9401100,1,ALL,1.4156673520455156e-16,5.551115123125783e-17,0.7024580136635354,1.0,False
M2,G0,1,128,9401101,1,r,0.0,0.0,0.042139280954511436,1.0000000000000002,False
M2,G0,1,128,9401101,1,W,0.0,0.0,0.15176939114074497,1.0000000000000002,False
M2,G0,1,128,9401101,1,b,0.0,0.0,0.5402355147274518,0.9999999999999998,False
M2,G0,1,128,9401101,1,ALL,0.0,0.0,0.562729134183961,1.0000000000000002,False
M2,G1,1,128,9401101,1,r,3.4352359722329836e-16,1.3877787807814457e-17,0.042139280954511436,1.0000000000000002,False
M2,G1,1,128,9401101,1,W,2.6164050921416478e-16,1.3877787807814457e-17,0.15176939114074497,1.0000000000000002,False
M2,G1,1,128,9401101,1,b,4.846878250855357e-16,2.220446049250313e-16,0.5402355147274518,0.9999999999999998,False
M2,G1,1,128,9401101,1,ALL,4.713364109033153e-16,2.220446049250313e-16,0.562729134183961,0.9999999999999998,False
M2,G2,1,128,9401101,1,r,3.4272777322977903e-16,1.3877787807814457e-17,0.042139280954511436,1.0000000000000002,False
M2,G2,1,128,9401101,1,W,2.768389329183639e-16,2.0816681711721685e-17,0.15176939114074497,1.0000000000000002,False
M2,G2,1,128,9401101,1,b,4.854105738775556e-16,2.220446049250313e-16,0.5402355147274518,0.9999999999999998,False
M2,G2,1,128,9401101,1,ALL,4.726483440062516e-16,2.220446049250313e-16,0.562729134183961,0.9999999999999998,False
M2,G0,1,128,9401102,1,r,0.0,0.0,0.022363960417437986,1.0,False
M2,G0,1,128,9401102,1,W,0.0,0.0,0.0795617544464657,1.0000000000000002,False
M2,G0,1,128,9401102,1,b,0.0,0.0,0.36391305734301954,1.0000000000000002,False
M2,G0,1,128,9401102,1,ALL,0.0,0.0,0.37317949139910717,1.0,False
M2,G1,1,128,9401102,1,r,1.8403607684823424e-16,3.469446951953614e-18,0.022363960417437986,1.0,False
M2,G1,1,128,9401102,1,W,3.1735015836962807e-16,1.3877787807814457e-17,0.0795617544464657,1.0000000000000002,False
M2,G1,1,128,9401102,1,b,2.256216964183637e-16,5.551115123125783e-17,0.36391305734301954,1.0000000000000002,False
M2,G1,1,128,9401102,1,ALL,2.3045141298482816e-16,5.551115123125783e-17,0.37317949139910717,1.0,False
M2,G2,1,128,9401102,1,r,1.2426959962866182e-16,1.734723475976807e-18,0.022363960417437986,1.0,False
M2,G2,1,128,9401102,1,W,3.2242164857537816e-16,1.3877787807814457e-17,0.0795617544464657,1.0,False
M2,G2,1,128,9401102,1,b,2.3816429640757366e-16,5.551115123125783e-17,0.36391305734301954,1.0000000000000004,False
M2,G2,1,128,9401102,1,ALL,2.4232403599371046e-16,5.551115123125783e-17,0.37317949139910717,1.0,False
M2,G0,1,128,9401103,1,r,0.0,0.0,0.0384827477686862,0.9999999999999999,False
M2,G0,1,128,9401103,1,W,0.0,0.0,0.27598158379415616,1.0000000000000002,False
M2,G0,1,128,9401103,1,b,0.0,0.0,0.6458276657021753,1.0,False
M2,G0,1,128,9401103,1,ALL,0.0,0.0,0.7033776583427142,1.0,False
M2,G1,1,128,9401103,1,r,3.418321096319595e-16,1.0408340855860843e-17,0.0384827477686862,0.9999999999999999,False
M2,G1,1,128,9401103,1,W,2.613704468075228e-16,3.469446951953614e-17,0.27598158379415616,1.0000000000000002,False
M2,G1,1,128,9401103,1,b,4.471764119566571e-16,2.7755575615628914e-16,0.6458276657021753,0.9999999999999999,False
M2,G1,1,128,9401103,1,ALL,4.2361530453824784e-16,2.7755575615628914e-16,0.7033776583427142,0.9999999999999999,False
M2,G2,1,128,9401103,1,r,3.9636930143370223e-16,1.0408340855860843e-17,0.0384827477686862,0.9999999999999999,False
M2,G2,1,128,9401103,1,W,2.4791426660820146e-16,3.469446951953614e-17,0.27598158379415616,1.0000000000000002,False
M2,G2,1,128,9401103,1,b,4.0547745877973305e-16,2.220446049250313e-16,0.6458276657021753,0.9999999999999999,False
M2,G2,1,128,9401103,1,ALL,3.854098569312374e-16,2.220446049250313e-16,0.7033776583427142,0.9999999999999999,False
M2,G0,1,128,9401104,1,r,0.0,0.0,0.036760049045968794,1.0000000000000002,False
M2,G0,1,128,9401104,1,W,0.0,0.0,0.15635181627161462,1.0,False
M2,G0,1,128,9401104,1,b,0.0,0.0,0.5766513332222246,0.9999999999999998,False
M2,G0,1,128,9401104,1,ALL,0.0,0.0,0.598601663683174,1.0000000000000002,False
M2,G1,1,128,9401104,1,r,6.471504778797737e-16,1.734723475976807e-17,0.036760049045968794,1.0,False
M2,G1,1,128,9401104,1,W,4.1878973245831e-16,4.163336342344337e-17,0.15635181627161462,1.0,False
M2,G1,1,128,9401104,1,b,3.643983603399621e-16,1.3877787807814457e-16,0.5766513332222246,1.0,False
M2,G1,1,128,9401104,1,ALL,3.6982562183676774e-16,1.3877787807814457e-16,0.598601663683174,1.0000000000000002,False
M2,G2,1,128,9401104,1,r,7.491488514009501e-16,2.0816681711721685e-17,0.036760049045968794,1.0,False
M2,G2,1,128,9401104,1,W,4.714008285384783e-16,5.551115123125783e-17,0.15635181627161462,1.0,False
M2,G2,1,128,9401104,1,b,4.574253849363166e-16,1.6653345369377348e-16,0.5766513332222246,0.9999999999999998,False
M2,G2,1,128,9401104,1,ALL,4.598379793152741e-16,1.6653345369377348e-16,0.598601663683174,1.0000000000000002,False
M3,G0,2,32,9401100,1,r,0.0,0.0,0.010951856614319947,0.9999999999999998,False
M3,G0,2,32,9401100,1,W,0.0,0.0,0.13302549353608403,0.9999999999999998,False
M3,G0,2,32,9401100,1,b,0.0,0.0,0.4465746717880708,1.0,False
M3,G0,2,32,9401100,2,r,0.0,0.0,0.024631840386408265,1.0000000000000002,False
M3,G0,2,32,9401100,2,W,0.0,0.0,0.07169190481557061,1.0,False
M3,G0,2,32,9401100,2,b,0.0,0.0,0.5125794213509918,1.0,False
M3,G0,2,32,9401100,1,ALL,0.0,0.0,0.46609512181146295,1.0000000000000002,False
M3,G0,2,32,9401100,2,ALL,0.0,0.0,0.5181545329044454,1.0,False
M3,G1,2,32,9401100,1,r,3.5439030235251873e-16,2.6020852139652106e-18,0.010951856614319947,0.9999999999999999,False
M3,G1,2,32,9401100,1,W,3.1037516548059345e-16,1.3877787807814457e-17,0.13302549353608403,0.9999999999999998,False
M3,G1,2,32,9401100,1,b,2.21018425223279e-16,5.551115123125783e-17,0.4465746717880708,1.0,False
M3,G1,2,32,9401100,2,r,1.7719289510375954e-16,3.469446951953614e-18,0.024631840386408265,1.0,False
M3,G1,2,32,9401100,2,W,3.2623530670971723e-16,1.3877787807814457e-17,0.07169190481557061,1.0,False
M3,G1,2,32,9401100,2,b,2.9534699536793346e-16,1.1102230246251565e-16,0.5125794213509918,1.0000000000000002,False
M3,G1,2,32,9401100,1,ALL,2.296939648090791e-16,5.551115123125783e-17,0.46609512181146295,1.0000000000000002,False
M3,G1,2,32,9401100,2,ALL,2.957553451173962e-16,1.1102230246251565e-16,0.5181545329044454,1.0,False
M3,G3,2,32,9401100,1,r,0.2462278738486495,0.00225991788394634,0.010951856614319947,0.9905354749015157,False
M3,G3,2,32,9401100,1,W,0.3249641799631132,0.01682270485916274,0.13302549353608403,0.9525227448952636,False
M3,G3,2,32,9401100,1,b,0.3829279027483023,0.12226812356223565,0.4465746717880708,0.9988194801286191,False
M3,G3,2,32,9401100,2,r,1.507439875867167e-16,3.469446951953614e-18,0.024631840386408265,1.0,False
M3,G3,2,32,9401100,2,W,3.4402381848198507e-16,1.3877787807814457e-17,0.07169190481557061,1.0,False
M3,G3,2,32,9401100,2,b,2.6845002350622517e-16,1.1102230246251565e-16,0.5125794213509918,1.0,False
M3,G3,2,32,9401100,1,ALL,0.378475897912503,0.12226812356223565,0.46609512181146295,0.9894289187548838,False
M3,G3,2,32,9401100,2,ALL,2.698888785565391e-16,1.1102230246251565e-16,0.5181545329044454,1.0,False
M3,G0,2,32,9401101,1,r,0.0,0.0,0.017596902590744437,1.0,False
M3,G0,2,32,9401101,1,W,0.0,0.0,0.08260335227582934,1.0000000000000002,False
M3,G0,2,32,9401101,1,b,0.0,0.0,0.3320005049755332,1.0,False
M3,G0,2,32,9401101,2,r,0.0,0.0,0.02719025548271227,1.0,False
M3,G0,2,32,9401101,2,W,0.0,0.0,0.10693111681333446,1.0000000000000002,False
M3,G0,2,32,9401101,2,b,0.0,0.0,0.4171873923505219,1.0,False
M3,G0,2,32,9401101,1,ALL,0.0,0.0,0.34257451757537655,0.9999999999999999,False
M3,G0,2,32,9401101,2,ALL,0.0,0.0,0.4315308726758613,1.0000000000000002,False
M3,G1,2,32,9401101,1,r,4.2365543000046326e-16,6.938893903907228e-18,0.017596902590744437,1.0000000000000002,False
M3,G1,2,32,9401101,1,W,3.407610902523373e-16,1.3877787807814457e-17,0.08260335227582934,1.0000000000000002,False
M3,G1,2,32,9401101,1,b,3.185146146653879e-16,8.326672684688674e-17,0.3320005049755332,1.0,False
M3,G1,2,32,9401101,2,r,3.8742084322064513e-16,1.0408340855860843e-17,0.02719025548271227,1.0,False
M3,G1,2,32,9401101,2,W,3.4987051740601463e-16,1.734723475976807e-17,0.10693111681333446,1.0,False
M3,G1,2,32,9401101,2,b,2.1169791422353816e-16,5.551115123125783e-17,0.4171873923505219,1.0000000000000002,False
M3,G1,2,32,9401101,1,ALL,3.201721170387659e-16,8.326672684688674e-17,0.34257451757537655,1.0,False
M3,G1,2,32,9401101,2,ALL,2.236031877307194e-16,5.551115123125783e-17,0.4315308726758613,1.0000000000000002,False
M3,G3,2,32,9401101,1,r,0.35836368135524715,0.00410621361140899,0.017596902590744437,0.9888640895183751,False
M3,G3,2,32,9401101,1,W,0.36519003064567074,0.012966680391661592,0.08260335227582934,0.9385013274985514,False
M3,G3,2,32,9401101,1,b,0.3810827268529706,0.06747433616391507,0.3320005049755332,0.9992199721714725,False
M3,G3,2,32,9401101,2,r,5.136252366928307e-16,1.3877787807814457e-17,0.02719025548271227,1.0,False
M3,G3,2,32,9401101,2,W,3.7311642547283686e-16,1.734723475976807e-17,0.10693111681333446,1.0,False
M3,G3,2,32,9401101,2,b,2.292640036846483e-16,5.551115123125783e-17,0.4171873923505219,1.0,False
M3,G3,2,32,9401101,1,ALL,0.38011859385717944,0.06747433616391507,0.34257451757537655,0.9919101006774117,False
M3,G3,2,32,9401101,2,ALL,2.4232501091024697e-16,5.551115123125783e-17,0.4315308726758613,1.0000000000000002,False
M3,G0,2,32,9401102,1,r,0.0,0.0,0.027579807131306585,1.0000000000000002,False
M3,G0,2,32,9401102,1,W,0.0,0.0,0.0597073117753966,1.0,False
M3,G0,2,32,9401102,1,b,0.0,0.0,0.27313715488897655,1.0,False
M3,G0,2,32,9401102,2,r,0.0,0.0,0.024190024289860185,1.0000000000000002,False
M3,G0,2,32,9401102,2,W,0.0,0.0,0.08975645384889809,0.9999999999999998,False
M3,G0,2,32,9401102,2,b,0.0,0.0,0.536607664719445,1.0000000000000004,False
M3,G0,2,32,9401102,1,ALL,0.0,0.0,0.280943969897361,0.9999999999999998,False
M3,G0,2,32,9401102,2,ALL,0.0,0.0,0.5446000037810593,1.0,False
M3,G1,2,32,9401102,1,r,3.8773127149435007e-16,1.0408340855860843e-17,0.027579807131306585,1.0,False
M3,G1,2,32,9401102,1,W,2.685085482623399e-16,6.938893903907228e-18,0.0597073117753966,1.0,False
M3,G1,2,32,9401102,1,b,3.016608998294204e-16,6.245004513516506e-17,0.27313715488897655,1.0,False
M3,G1,2,32,9401102,2,r,2.3029045198120065e-16,5.204170427930421e-18,0.024190024289860185,1.0,False
M3,G1,2,32,9401102,2,W,2.873426179554367e-16,1.3877787807814457e-17,0.08975645384889809,0.9999999999999998,False
M3,G1,2,32,9401102,2,b,3.7855046711502313e-16,1.6653345369377348e-16,0.536607664719445,1.0,False
M3,G1,2,32,9401102,1,ALL,3.011932388488505e-16,6.245004513516506e-17,0.280943969897361,1.0,False
M3,G1,2,32,9401102,2,ALL,3.761284807880431e-16,1.6653345369377348e-16,0.5446000037810593,0.9999999999999997,False
M3,G3,2,32,9401102,1,r,0.38401208782960045,0.009308537101019209,0.027579807131306585,0.9805233057845844,False
M3,G3,2,32,9401102,1,W,0.6356113255931248,0.016299572957351596,0.0597073117753966,0.7767096722659137,False
M3,G3,2,32,9401102,1,b,0.4209254821221223,0.08324429541917115,0.27313715488897655,0.9931446127958811,False
M3,G3,2,32,9401102,2,r,2.33065135833198e-16,5.204170427930421e-18,0.024190024289860185,1.0,False
M3,G3,2,32,9401102,2,W,2.7029431202615153e-16,1.0408340855860843e-17,0.08975645384889809,0.9999999999999998,False
M3,G3,2,32,9401102,2,b,2.99654302872595e-16,1.1102230246251565e-16,0.536607664719445,1.0000000000000002,False
M3,G3,2,32,9401102,1,ALL,0.4325930195618987,0.08324429541917115,0.280943969897361,0.9746544770826463,False
M3,G3,2,32,9401102,2,ALL,2.987778079069485e-16,1.1102230246251565e-16,0.5446000037810593,0.9999999999999997,False
M3,G0,2,32,9401103,1,r,0.0,0.0,0.0316746005718057,0.9999999999999996,False
M3,G0,2,32,9401103,1,W,0.0,0.0,0.09429651901227748,0.9999999999999998,False
M3,G0,2,32,9401103,1,b,0.0,0.0,0.3723898809513444,1.0,False
M3,G0,2,32,9401103,2,r,0.0,0.0,0.02236154011330905,0.9999999999999998,False
M3,G0,2,32,9401103,2,W,0.0,0.0,0.047799394993516355,1.0,False
M3,G0,2,32,9401103,2,b,0.0,0.0,0.4143647723444687,1.0000000000000002,False
M3,G0,2,32,9401103,1,ALL,0.0,0.0,0.38544693182612394,1.0000000000000002,False
M3,G0,2,32,9401103,2,ALL,0.0,0.0,0.4177116052949316,1.0000000000000002,False
M3,G1,2,32,9401103,1,r,1.1389758123280436e-16,3.469446951953614e-18,0.0316746005718057,0.9999999999999998,False
M3,G1,2,32,9401103,1,W,3.6910444711073665e-16,2.0816681711721685e-17,0.09429651901227748,0.9999999999999998,False
M3,G1,2,32,9401103,1,b,3.3643500458921825e-16,8.326672684688674e-17,0.3723898809513444,1.0,False
M3,G1,2,32,9401103,2,r,3.398112405334745e-16,5.204170427930421e-18,0.02236154011330905,0.9999999999999998,False
M3,G1,2,32,9401103,2,W,2.8298663416593776e-16,5.204170427930421e-18,0.047799394993516355,1.0,False
M3,G1,2,32,9401103,2,b,9.619763403907035e-17,2.7755575615628914e-17,0.4143647723444687,1.0000000000000002,False
M3,G1,2,32,9401103,1,ALL,3.3747780862475863e-16,8.326672684688674e-17,0.38544693182612394,1.0000000000000002,False
M3,G1,2,32,9401103,2,ALL,1.0240040337291651e-16,2.7755575615628914e-17,0.4177116052949316,1.0000000000000002,False
M3,G3,2,32,9401103,1,r,0.36500658949055825,0.0100166303137227,0.0316746005718057,0.992651159903266,False
M3,G3,2,32,9401103,1,W,0.33608265110155966,0.014176265690312313,0.09429651901227748,0.9579622264585135,False
M3,G3,2,32,9401103,1,b,0.3350822861039176,0.09044723404067778,0.3723898809513444,0.9958578850945546,False
M3,G3,2,32,9401103,2,r,2.735867693966255e-16,5.204170427930421e-18,0.02236154011330905,1.0,False
M3,G3,2,32,9401103,2,W,3.0352837042370205e-16,5.204170427930421e-18,0.047799394993516355,1.0,False
M3,G3,2,32,9401103,2,b,1.072258133472492e-16,2.7755575615628914e-17,0.4143647723444687,1.0,False
M3,G3,2,32,9401103,1,ALL,0.33535323780317317,0.09044723404067778,0.38544693182612394,0.9924928451837051,False
M3,G3,2,32,9401103,2,ALL,1.1284846411116952e-16,2.7755575615628914e-17,0.4177116052949316,1.0000000000000002,False
M3,G0,2,32,9401104,1,r,0.0,0.0,0.013496537439624085,1.0,False
M3,G0,2,32,9401104,1,W,0.0,0.0,0.04410804464186948,0.9999999999999999,False
M3,G0,2,32,9401104,1,b,0.0,0.0,0.23192420081230442,1.0,False
M3,G0,2,32,9401104,2,r,0.0,0.0,0.017057737389423667,1.0000000000000004,False
M3,G0,2,32,9401104,2,W,0.0,0.0,0.07839789113869564,0.9999999999999999,False
M3,G0,2,32,9401104,2,b,0.0,0.0,0.42162546446774873,1.0000000000000002,False
M3,G0,2,32,9401104,1,ALL,0.0,0.0,0.23646672291765375,0.9999999999999999,False
M3,G0,2,32,9401104,2,ALL,0.0,0.0,0.42919136527601087,1.0,False
M3,G1,2,32,9401104,1,r,1.696981172420068e-16,1.734723475976807e-18,0.013496537439624085,1.0,False
M3,G1,2,32,9401104,1,W,3.2524739888943825e-16,6.938893903907228e-18,0.04410804464186948,1.0,False
M3,G1,2,32,9401104,1,b,3.015163518159121e-16,5.551115123125783e-17,0.23192420081230442,1.0,False
M3,G1,2,32,9401104,2,r,2.629909048675564e-16,3.469446951953614e-18,0.017057737389423667,1.0000000000000004,False
M3,G1,2,32,9401104,2,W,2.837400809542418e-16,1.0408340855860843e-17,0.07839789113869564,0.9999999999999999,False
M3,G1,2,32,9401104,2,b,2.638656016761647e-16,8.326672684688674e-17,0.42162546446774873,1.0000000000000002,False
M3,G1,2,32,9401104,1,ALL,3.020385233471825e-16,5.551115123125783e-17,0.23646672291765375,1.0,False
M3,G1,2,32,9401104,2,ALL,2.645514407947932e-16,8.326672684688674e-17,0.42919136527601087,0.9999999999999999,False
M3,G3,2,32,9401104,1,r,0.3533684764897036,0.004434671576131116,0.013496537439624085,0.9842185576894473,False
M3,G3,2,32,9401104,1,W,0.5333596342466095,0.009669923745522738,0.04410804464186948,0.8554187112694955,False
M3,G3,2,32,9401104,1,b,0.33707572341863845,0.053199746437546144,0.23192420081230442,0.992778029577199,False
M3,G3,2,32,9401104,2,r,2.0019106281856098e-16,2.6020852139652106e-18,0.017057737389423667,1.0000000000000002,False
M3,G3,2,32,9401104,2,W,2.8427670485590505e-16,1.0408340855860843e-17,0.07839789113869564,0.9999999999999999,False
M3,G3,2,32,9401104,2,b,2.6536893928842316e-16,8.326672684688674e-17,0.42162546446774873,1.0000000000000002,False
M3,G3,2,32,9401104,1,ALL,0.34583407745992406,0.053199746437546144,0.23646672291765375,0.9826943023291711,False
M3,G3,2,32,9401104,2,ALL,2.659313888186947e-16,8.326672684688674e-17,0.42919136527601087,0.9999999999999999,False
M3,G0,2,128,9401100,1,r,0.0,0.0,0.02981298870596775,1.0000000000000002,False
M3,G0,2,128,9401100,1,W,0.0,0.0,0.10024486226386102,1.0,False
M3,G0,2,128,9401100,1,b,0.0,0.0,0.4005013290613132,1.0,False
M3,G0,2,128,9401100,2,r,0.0,0.0,0.017695478873632844,1.0,False
M3,G0,2,128,9401100,2,W,0.0,0.0,0.10517944964633041,1.0,False
M3,G0,2,128,9401100,2,b,0.0,0.0,0.4826000009972117,1.0,False
M3,G0,2,128,9401100,1,ALL,0.0,0.0,0.4139313485177957,1.0,False
M3,G0,2,128,9401100,2,ALL,0.0,0.0,0.49424549321463807,1.0,False
M3,G1,2,128,9401100,1,r,3.3061776565573357e-16,6.938893903907228e-18,0.02981298870596775,1.0000000000000002,False
M3,G1,2,128,9401100,1,W,3.6302407915399483e-16,1.3877787807814457e-17,0.10024486226386102,1.0,False
M3,G1,2,128,9401100,1,b,2.888741519222484e-16,1.1102230246251565e-16,0.4005013290613132,0.9999999999999998,False
M3,G1,2,128,9401100,2,r,1.2068792375118068e-16,1.734723475976807e-18,0.017695478873632844,1.0,False
M3,G1,2,128,9401100,2,W,4.812185635134178e-16,4.163336342344337e-17,0.10517944964633041,1.0,False
M3,G1,2,128,9401100,2,b,2.2367148013149964e-16,5.551115123125783e-17,0.4826000009972117,1.0,False
M3,G1,2,128,9401100,1,ALL,2.93968460093368e-16,1.1102230246251565e-16,0.4139313485177957,1.0000000000000002,False
M3,G1,2,128,9401100,2,ALL,2.412571960598353e-16,5.551115123125783e-17,0.49424549321463807,1.0,False
M3,G3,2,128,9401100,1,r,0.4221352223466036,0.010707909203769024,0.02981298870596775,0.9923900232970457,False
M3,G3,2,128,9401100,1,W,0.3385066468487159,0.013565913434359327,0.10024486226386102,0.9449416937768788,False
M3,G3,2,128,9401100,1,b,0.38275058849936844,0.1036646283857903,0.4005013290613132,0.9992447842832086,False
M3,G3,2,128,9401100,2,r,1.3917870908906761e-16,1.734723475976807e-18,0.017695478873632844,1.0,False
M3,G3,2,128,9401100,2,W,4.489100302141191e-16,3.469446951953614e-17,0.10517944964633041,1.0000000000000002,False
M3,G3,2,128,9401100,2,b,2.218152531826356e-16,5.551115123125783e-17,0.4826000009972117,1.0,False
M3,G3,2,128,9401100,1,ALL,0.38051394482070117,0.1036646283857903,0.4139313485177957,0.9909502169549619,False
M3,G3,2,128,9401100,2,ALL,2.3677382946033937e-16,5.551115123125783e-17,0.49424549321463807,1.0,False
M3,G0,2,128,9401101,1,r,0.0,0.0,0.01599817651915509,1.0000000000000002,False
M3,G0,2,128,9401101,1,W,0.0,0.0,0.0557455488294563,1.0,False
M3,G0,2,128,9401101,1,b,0.0,0.0,0.25770403885624915,1.0000000000000002,False
M3,G0,2,128,9401101,2,r,0.0,0.0,0.03236797659009543,0.9999999999999998,False
M3,G0,2,128,9401101,2,W,0.0,0.0,0.03906465372933583,1.0000000000000002,False
M3,G0,2,128,9401101,2,b,0.0,0.0,0.3709876843562354,1.0,False
M3,G0,2,128,9401101,1,ALL,0.0,0.0,0.2641493507640299,1.0000000000000002,False
M3,G0,2,128,9401101,2,ALL,0.0,0.0,0.3744403757923705,1.0,False
M3,G1,2,128,9401101,1,r,1.6037450060041644e-16,1.734723475976807e-18,0.01599817651915509,1.0000000000000002,False
M3,G1,2,128,9401101,1,W,6.912407730149849e-16,3.469446951953614e-17,0.0557455488294563,0.9999999999999999,False
M3,G1,2,128,9401101,1,b,2.9679539690928646e-16,5.551115123125783e-17,0.25770403885624915,1.0,False
M3,G1,2,128,9401101,2,r,1.5298606490556124e-16,3.469446951953614e-18,0.03236797659009543,1.0,False
M3,G1,2,128,9401101,2,W,3.910029705334851e-16,1.3877787807814457e-17,0.03906465372933583,1.0000000000000002,False
M3,G1,2,128,9401101,2,b,2.5371121553999986e-16,8.326672684688674e-17,0.3709876843562354,1.0,False
M3,G1,2,128,9401101,1,ALL,3.2437014432184917e-16,5.551115123125783e-17,0.2641493507640299,1.0,False
M3,G1,2,128,9401101,2,ALL,2.5500331307440177e-16,8.326672684688674e-17,0.3744403757923705,1.0000000000000002,False
M3,G3,2,128,9401101,1,r,0.3207344814500216,0.0034040445040835953,0.01599817651915509,0.974944824940002,False
M3,G3,2,128,9401101,1,W,0.4693846053398942,0.010896724400077384,0.0557455488294563,0.8930595727960192,False
M3,G3,2,128,9401101,1,b,0.34419438900313315,0.056136366727742415,0.25770403885624915,0.9990700217912852,False
M3,G3,2,128,9401101,2,r,1.0864321071295246e-16,3.469446951953614e-18,0.03236797659009543,1.0,False
M3,G3,2,128,9401101,2,W,3.954911958724243e-16,1.3877787807814457e-17,0.03906465372933583,1.0000000000000002,False
M3,G3,2,128,9401101,2,b,2.538835151968983e-16,8.326672684688674e-17,0.3709876843562354,1.0,False
M3,G3,2,128,9401101,1,ALL,0.3506404851872844,0.056136366727742415,0.2641493507640299,0.9855008828480069,False
M3,G3,2,128,9401101,2,ALL,2.5507699354265254e-16,8.326672684688674e-17,0.3744403757923705,1.0000000000000002,False
M3,G0,2,128,9401102,1,r,0.0,0.0,0.015324482006163815,1.0,False
M3,G0,2,128,9401102,1,W,0.0,0.0,0.05729459908414135,1.0,False
M3,G0,2,128,9401102,1,b,0.0,0.0,0.29631727540232206,1.0,False
M3,G0,2,128,9401102,2,r,0.0,0.0,0.020033573253737884,1.0,False
M3,G0,2,128,9401102,2,W,0.0,0.0,0.0821051090585497,1.0000000000000002,False
M3,G0,2,128,9401102,2,b,0.0,0.0,0.4823985984250805,1.0,False
M3,G0,2,128,9401102,1,ALL,0.0,0.0,0.30219437210978184,1.0000000000000002,False
M3,G0,2,128,9401102,2,ALL,0.0,0.0,0.4897458532272747,0.9999999999999999,False
M3,G1,2,128,9401102,1,r,2.984932198687147e-16,3.469446951953614e-18,0.015324482006163815,1.0,False
M3,G1,2,128,9401102,1,W,3.1937582221499145e-16,6.938893903907228e-18,0.05729459908414135,1.0000000000000002,False
M3,G1,2,128,9401102,1,b,7.59884281414777e-16,2.220446049250313e-16,0.29631727540232206,1.0000000000000002,False
M3,G1,2,128,9401102,2,r,2.5430384460379156e-16,3.469446951953614e-18,0.020033573253737884,1.0,False
M3,G1,2,128,9401102,2,W,2.972676719933099e-16,1.0408340855860843e-17,0.0821051090585497,1.0000000000000002,False
M3,G1,2,128,9401102,2,b,2.382086500628741e-16,5.551115123125783e-17,0.4823985984250805,1.0,False
M3,G1,2,128,9401102,1,ALL,7.477156098735903e-16,2.220446049250313e-16,0.30219437210978184,1.0,False
M3,G1,2,128,9401102,2,ALL,2.400947084072318e-16,5.551115123125783e-17,0.4897458532272747,1.0,False
M3,G3,2,128,9401102,1,r,0.40640112059857847,0.004607906292237318,0.015324482006163815,0.9240065156231768,False
M3,G3,2,128,9401102,1,W,0.4206759010012537,0.00887894872137922,0.05729459908414135,0.9282266255783843,False
M3,G3,2,128,9401102,1,b,0.3904577640764986,0.06136254233349146,0.29631727540232206,0.995444290805994,False
M3,G3,2,128,9401102,2,r,2.228767564245211e-16,3.469446951953614e-18,0.020033573253737884,1.0000000000000002,False
M3,G3,2,128,9401102,2,W,2.5059129057263897e-16,1.0408340855860843e-17,0.0821051090585497,1.0000000000000002,False
M3,G3,2,128,9401102,2,b,2.841552377638008e-16,1.1102230246251565e-16,0.4823985984250805,1.0,False
M3,G3,2,128,9401102,1,ALL,0.3916261164914868,0.06136254233349146,0.30219437210978184,0.9916875151294384,False
M3,G3,2,128,9401102,2,ALL,2.831744291162251e-16,1.1102230246251565e-16,0.4897458532272747,1.0000000000000002,False
M3,G0,2,128,9401103,1,r,0.0,0.0,0.019133981927583966,1.0000000000000002,False
M3,G0,2,128,9401103,1,W,0.0,0.0,0.08182120773541929,0.9999999999999999,False
M3,G0,2,128,9401103,1,b,0.0,0.0,0.24827553224745327,0.9999999999999999,False
M3,G0,2,128,9401103,2,r,0.0,0.0,0.03894354026953612,0.9999999999999999,False
M3,G0,2,128,9401103,2,W,0.0,0.0,0.1170640105641996,1.0000000000000002,False
M3,G0,2,128,9401103,2,b,0.0,0.0,0.6649692526169924,1.0,False
M3,G0,2,128,9401103,1,ALL,0.0,0.0,0.2621098228080053,1.0,False
M3,G0,2,128,9401103,2,ALL,0.0,0.0,0.676317003204933,1.0000000000000002,False
M3,G1,2,128,9401103,1,r,3.4896799687934903e-16,6.071532165918825e-18,0.019133981927583966,1.0,False
M3,G1,2,128,9401103,1,W,4.1421991754759974e-16,1.214306433183765e-17,0.08182120773541929,1.0,False
M3,G1,2,128,9401103,1,b,3.259310830258698e-16,5.551115123125783e-17,0.24827553224745327,0.9999999999999998,False
M3,G1,2,128,9401103,2,r,2.328792428407694e-16,6.938893903907228e-18,0.03894354026953612,1.0,False
M3,G1,2,128,9401103,2,W,5.6326421649585e-16,4.163336342344337e-17,0.1170640105641996,1.0,False
M3,G1,2,128,9401103,2,b,3.265809911899232e-16,1.6653345369377348e-16,0.6649692526169924,0.9999999999999999,False
M3,G1,2,128,9401103,1,ALL,3.356810260119636e-16,5.551115123125783e-17,0.2621098228080053,1.0,False
M3,G1,2,128,9401103,2,ALL,3.3584417663913393e-16,1.6653345369377348e-16,0.676317003204933,0.9999999999999999,False
M3,G3,2,128,9401103,1,r,0.3844297135920133,0.004679226817077774,0.019133981927583966,0.954089537574264,False
M3,G3,2,128,9401103,1,W,0.42399539687950216,0.011135673770120265,0.08182120773541929,0.9180524118498832,False
M3,G3,2,128,9401103,1,b,0.4541315498469104,0.06571138582643661,0.24827553224745327,0.9700609744467128,False
M3,G3,2,128,9401103,2,r,9.271299623448252e-17,3.469446951953614e-18,0.03894354026953612,0.9999999999999999,False
M3,G3,2,128,9401103,2,W,5.057810324847108e-16,3.469446951953614e-17,0.1170640105641996,1.0,False
M3,G3,2,128,9401103,2,b,3.553236045562101e-16,1.6653345369377348e-16,0.6649692526169924,0.9999999999999999,False
M3,G3,2,128,9401103,1,ALL,0.4509381702114638,0.06571138582643661,0.2621098228080053,0.9596543898836065,False
M3,G3,2,128,9401103,2,ALL,3.602032625283913e-16,1.6653345369377348e-16,0.676317003204933,0.9999999999999999,False
M3,G0,2,128,9401104,1,r,0.0,0.0,0.025394505576011098,0.9999999999999998,False
M3,G0,2,128,9401104,1,W,0.0,0.0,0.06517087611593013,0.9999999999999998,False
M3,G0,2,128,9401104,1,b,0.0,0.0,0.28277681869038923,0.9999999999999998,False
M3,G0,2,128,9401104,2,r,0.0,0.0,0.02682413171568101,0.9999999999999999,False
M3,G0,2,128,9401104,2,W,0.0,0.0,0.07774829109069546,1.0000000000000002,False
M3,G0,2,128,9401104,2,b,0.0,0.0,0.44716993323010823,1.0,False
M3,G0,2,128,9401104,1,ALL,0.0,0.0,0.29129856366934803,1.0000000000000002,False
M3,G0,2,128,9401104,2,ALL,0.0,0.0,0.45467051806208325,0.9999999999999999,False
M3,G1,2,128,9401104,1,r,4.733926727669026e-16,1.0408340855860843e-17,0.025394505576011098,1.0,False
M3,G1,2,128,9401104,1,W,3.150943113065839e-16,6.938893903907228e-18,0.06517087611593013,0.9999999999999998,False
M3,G1,2,128,9401104,1,b,3.718280719628754e-16,5.551115123125783e-17,0.28277681869038923,0.9999999999999998,False
M3,G1,2,128,9401104,2,r,4.1566678393184767e-16,1.0408340855860843e-17,0.02682413171568101,0.9999999999999999,False
M3,G1,2,128,9401104,2,W,3.0050424280568353e-16,1.0408340855860843e-17,0.07774829109069546,1.0,False
M3,G1,2,128,9401104,2,b,2.4301663024486323e-16,8.326672684688674e-17,0.44716993323010823,1.0,False
M3,G1,2,128,9401104,1,ALL,3.700781887116099e-16,5.551115123125783e-17,0.29129856366934803,1.0000000000000002,False
M3,G1,2,128,9401104,2,ALL,2.4569605888219726e-16,8.326672684688674e-17,0.45467051806208325,0.9999999999999999,False
M3,G3,2,128,9401104,1,r,0.3312884529328068,0.005838253464909948,0.025394505576011098,0.9836226182677952,False
M3,G3,2,128,9401104,1,W,0.40311311565403085,0.0074176463376352825,0.06517087611593013,0.9164209298749779,False
M3,G3,2,128,9401104,1,b,0.3372011800784587,0.0471203442777008,0.28277681869038923,0.9933049630206455,False
M3,G3,2,128,9401104,2,r,2.9690709153340223e-16,6.938893903907228e-18,0.02682413171568101,1.0,False
M3,G3,2,128,9401104,2,W,2.646709641614556e-16,1.0408340855860843e-17,0.07774829109069546,1.0,False
M3,G3,2,128,9401104,2,b,2.4301663024486323e-16,8.326672684688674e-17,0.44716993323010823,1.0,False
M3,G3,2,128,9401104,1,ALL,0.340759390516119,0.0471203442777008,0.29129856366934803,0.9865316616425075,False
M3,G3,2,128,9401104,2,ALL,2.4388484869725306e-16,8.326672684688674e-17,0.45467051806208325,0.9999999999999999,False
M3,G0,3,32,9401100,1,r,0.0,0.0,0.00976113717304749,1.0,False
M3,G0,3,32,9401100,1,W,0.0,0.0,0.060813042176645404,1.0000000000000004,False
M3,G0,3,32,9401100,1,b,0.0,0.0,0.29968887679681994,1.0,False
M3,G0,3,32,9401100,2,r,0.0,0.0,0.02456298464241724,1.0,False
M3,G0,3,32,9401100,2,W,0.0,0.0,0.05253908094177963,0.9999999999999999,False
M3,G0,3,32,9401100,2,b,0.0,0.0,0.44778097525521704,1.0,False
M3,G0,3,32,9401100,3,r,0.0,0.0,0.04190863212115322,1.0,False
M3,G0,3,32,9401100,3,W,0.0,0.0,0.08539455838953493,1.0000000000000002,False
M3,G0,3,32,9401100,3,b,0.0,0.0,0.6342623332713154,0.9999999999999998,False
M3,G0,3,32,9401100,1,ALL,0.0,0.0,0.30595249430823246,1.0,False
M3,G0,3,32,9401100,2,ALL,0.0,0.0,0.4515213140498063,1.0000000000000002,False
M3,G0,3,32,9401100,3,ALL,0.0,0.0,0.6413558072205965,1.0000000000000002,False
M3,G1,3,32,9401100,1,r,4.1220784013864575e-16,3.469446951953614e-18,0.00976113717304749,1.0,False
M3,G1,3,32,9401100,1,W,4.351586521767316e-16,1.0408340855860843e-17,0.060813042176645404,1.0000000000000002,False
M3,G1,3,32,9401100,1,b,2.9310190573247488e-16,5.551115123125783e-17,0.29968887679681994,1.0,False
M3,G1,3,32,9401100,2,r,1.9027477068524194e-16,3.469446951953614e-18,0.02456298464241724,1.0,False
M3,G1,3,32,9401100,2,W,3.7973254439850963e-16,6.938893903907228e-18,0.05253908094177963,1.0000000000000002,False
M3,G1,3,32,9401100,2,b,1.7325254214911717e-16,6.245004513516506e-17,0.44778097525521704,1.0,False
M3,G1,3,32,9401100,3,r,1.168481581210439e-16,3.469446951953614e-18,0.04190863212115322,1.0,False
M3,G1,3,32,9401100,3,W,2.6229075621155036e-16,1.0408340855860843e-17,0.08539455838953493,0.9999999999999999,False
M3,G1,3,32,9401100,3,b,2.6708189941806746e-16,1.1102230246251565e-16,0.6342623332713154,0.9999999999999999,False
M3,G1,3,32,9401100,1,ALL,3.001358233202522e-16,5.551115123125783e-17,0.30595249430823246,0.9999999999999997,False
M3,G1,3,32,9401100,2,ALL,1.7770965652323834e-16,6.245004513516506e-17,0.4515213140498063,1.0000000000000002,False
M3,G1,3,32,9401100,3,ALL,2.6653610930118826e-16,1.1102230246251565e-16,0.6413558072205965,0.9999999999999999,False
M3,G3,3,32,9401100,1,r,0.4955012011765691,0.003591882084894955,0.00976113717304749,0.9483673361985573,False
M3,G3,3,32,9401100,1,W,0.5821505682187701,0.014901134834670702,0.060813042176645404,0.8407793862235421,False
M3,G3,3,32,9401100,1,b,0.6728630106432505,0.13295070459687186,0.29968887679681994,0.9832840769750946,False
M3,G3,3,32,9401100,2,r,0.3785200336841565,0.007040158590590151,0.02456298464241724,0.9955375103371654,False
M3,G3,3,32,9401100,2,W,0.42415805262108436,0.010575175047535808,0.05253908094177963,0.9305958448776048,False
M3,G3,3,32,9401100,2,b,0.40451805309994643,0.10518487812025137,0.44778097525521704,0.9929131709305836,False
M3,G3,3,32,9401100,3,r,1.1441717284655454e-16,3.469446951953614e-18,0.04190863212115322,1.0,False
M3,G3,3,32,9401100,3,W,2.928015249486664e-16,1.0408340855860843e-17,0.08539455838953493,0.9999999999999999,False
M3,G3,3,32,9401100,3,b,2.325897349041436e-16,1.1102230246251565e-16,0.6342623332713154,1.0,False
M3,G3,3,32,9401100,1,ALL,0.6693548373426689,0.13295070459687186,0.30595249430823246,0.9601433414897008,False
M3,G3,3,32,9401100,2,ALL,0.40471591293180564,0.10518487812025137,0.4515213140498063,0.9917079006929014,False
M3,G3,3,32,9401100,3,ALL,2.3341747577852625e-16,1.1102230246251565e-16,0.6413558072205965,1.0000000000000002,False
M3,G0,3,32,9401101,1,r,0.0,0.0,0.0031133893736350108,0.9999999999999998,False
M3,G0,3,32,9401101,1,W,0.0,0.0,0.014929465908026369,1.0,False
M3,G0,3,32,9401101,1,b,0.0,0.0,0.06426520024722646,1.0000000000000002,False
M3,G0,3,32,9401101,2,r,0.0,0.0,0.006487721342765216,1.0,False
M3,G0,3,32,9401101,2,W,0.0,0.0,0.02007627851316059,1.0000000000000002,False
M3,G0,3,32,9401101,2,b,0.0,0.0,0.08780977469645679,0.9999999999999999,False
M3,G0,3,32,9401101,3,r,0.0,0.0,0.015945986086219444,1.0000000000000002,False
M3,G0,3,32,9401101,3,W,0.0,0.0,0.041700967513631296,1.0000000000000002,False
M3,G0,3,32,9401101,3,b,0.0,0.0,0.2117806964730005,0.9999999999999999,False
M3,G0,3,32,9401101,1,ALL,0.0,0.0,0.06604996675628914,0.9999999999999998,False
M3,G0,3,32,9401101,2,ALL,0.0,0.0,0.09030893654230386,1.0000000000000004,False
M3,G0,3,32,9401101,3,ALL,0.0,0.0,0.2164354605013328,1.0,False
M3,G1,3,32,9401101,1,r,3.435065305651412e-16,8.673617379884035e-19,0.0031133893736350108,1.0,False
M3,G1,3,32,9401101,1,W,3.231197210863389e-16,2.6020852139652106e-18,0.014929465908026369,1.0000000000000002,False
M3,G1,3,32,9401101,1,b,2.9103878688493734e-16,1.3877787807814457e-17,0.06426520024722646,1.0000000000000002,False
M3,G1,3,32,9401101,2,r,1.6336606056771304e-16,8.673617379884035e-19,0.006487721342765216,1.0,False
M3,G1,3,32,9401101,2,W,2.668120200968529e-16,1.734723475976807e-18,0.02007627851316059,1.0000000000000002,False
M3,G1,3,32,9401101,2,b,2.0146706640052828e-16,1.0408340855860843e-17,0.08780977469645679,1.0000000000000002,False
M3,G1,3,32,9401101,3,r,3.546037666094157e-16,5.204170427930421e-18,0.015945986086219444,1.0000000000000002,False
M3,G1,3,32,9401101,3,W,2.932162428938922e-16,6.938893903907228e-18,0.041700967513631296,1.0000000000000002,False
M3,G1,3,32,9401101,3,b,3.4906138352385014e-16,5.551115123125783e-17,0.2117806964730005,0.9999999999999999,False
M3,G1,3,32,9401101,1,ALL,2.9288936692021704e-16,1.3877787807814457e-17,0.06604996675628914,0.9999999999999998,False
M3,G1,3,32,9401101,2,ALL,2.0501093586881803e-16,1.0408340855860843e-17,0.09030893654230386,1.0000000000000004,False
M3,G1,3,32,9401101,3,ALL,3.471793648543966e-16,5.551115123125783e-17,0.2164354605013328,1.0000000000000002,False
M3,G3,3,32,9401101,1,r,0.5578233152165097,0.0013673636446525023,0.0031133893736350108,0.9591057906412733,False
M3,G3,3,32,9401101,1,W,0.553231538385372,0.004131863982734478,0.014929465908026369,0.8471183502079072,False
M3,G3,3,32,9401101,1,b,0.5455655326309466,0.0219219171129161,0.06426520024722646,0.9961922647174745,False
M3,G3,3,32,9401101,2,r,0.34362936373454794,0.0018658774436677468,0.006487721342765216,0.9837014320422331,False
M3,G3,3,32,9401101,2,W,0.25707117875169305,0.0019239148081046289,0.02007627851316059,0.9917124213034644,False
M3,G3,3,32,9401101,2,b,0.33149567672540786,0.017356943112047378,0.08780977469645679,0.9936818440721742,False
M3,G3,3,32,9401101,3,r,3.5564620512950686e-16,4.336808689942018e-18,0.015945986086219444,1.0000000000000002,False
M3,G3,3,32,9401101,3,W,2.406097338476961e-16,5.204170427930421e-18,0.041700967513631296,1.0000000000000002,False
M3,G3,3,32,9401101,3,b,3.428553530261453e-16,5.551115123125783e-17,0.2117806964730005,0.9999999999999999,False
M3,G3,3,32,9401101,1,ALL,0.5459873255930394,0.0219219171129161,0.06604996675628914,0.9789155638788937,False
M3,G3,3,32,9401101,2,ALL,0.32827864039528576,0.017356943112047378,0.09030893654230386,0.9931434086834786,False
M3,G3,3,32,9401101,3,ALL,3.396817500356629e-16,5.551115123125783e-17,0.2164354605013328,1.0,False
M3,G0,3,32,9401102,1,r,0.0,0.0,0.009435549279844555,1.0000000000000002,False
M3,G0,3,32,9401102,1,W,0.0,0.0,0.03393240689650777,0.9999999999999998,False
M3,G0,3,32,9401102,1,b,0.0,0.0,0.18732482193265082,1.0000000000000002,False
M3,G0,3,32,9401102,2,r,0.0,0.0,0.007545846580490529,1.0,False
M3,G0,3,32,9401102,2,W,0.0,0.0,0.026823355810606957,1.0000000000000002,False
M3,G0,3,32,9401102,2,b,0.0,0.0,0.18508565169259333,0.9999999999999998,False
M3,G0,3,32,9401102,3,r,0.0,0.0,0.041510885171551326,1.0,False
M3,G0,3,32,9401102,3,W,0.0,0.0,0.0548709896837461,1.0,False
M3,G0,3,32,9401102,3,b,0.0,0.0,0.36911509680565296,0.9999999999999996,False
M3,G0,3,32,9401102,1,ALL,0.0,0.0,0.19060699551722093,1.0000000000000002,False
M3,G0,3,32,9401102,2,ALL,0.0,0.0,0.18717139386143036,1.0,False
M3,G0,3,32,9401102,3,ALL,0.0,0.0,0.37547294681034743,1.0000000000000002,False
M3,G1,3,32,9401102,1,r,3.151157082994534e-16,2.6020852139652106e-18,0.009435549279844555,1.0,False
M3,G1,3,32,9401102,1,W,3.7509681346379925e-16,6.071532165918825e-18,0.03393240689650777,0.9999999999999998,False
M3,G1,3,32,9401102,1,b,2.8531541103964813e-16,2.7755575615628914e-17,0.18732482193265082,1.0,False
M3,G1,3,32,9401102,2,r,3.2104162051404325e-16,1.734723475976807e-18,0.007545846580490529,1.0,False
M3,G1,3,32,9401102,2,W,3.3181769942389987e-16,3.469446951953614e-18,0.026823355810606957,1.0000000000000002,False
M3,G1,3,32,9401102,2,b,1.7383480096132037e-16,2.7755575615628914e-17,0.18508565169259333,1.0,False
M3,G1,3,32,9401102,3,r,1.9746693665583188e-16,6.938893903907228e-18,0.041510885171551326,1.0,False
M3,G1,3,32,9401102,3,W,2.7531678026003133e-16,6.938893903907228e-18,0.0548709896837461,1.0,False
M3,G1,3,32,9401102,3,b,2.2103498016712817e-16,5.551115123125783e-17,0.36911509680565296,0.9999999999999998,False
M3,G1,3,32,9401102,1,ALL,2.886656282447418e-16,2.7755575615628914e-17,0.19060699551722093,1.0000000000000002,False
M3,G1,3,32,9401102,2,ALL,1.788227234994269e-16,2.7755575615628914e-17,0.18717139386143036,0.9999999999999998,False
M3,G1,3,32,9401102,3,ALL,2.2206149990655457e-16,5.551115123125783e-17,0.37547294681034743,1.0000000000000002,False
M3,G3,3,32,9401102,1,r,0.7166259922591426,0.005000779104948982,0.009435549279844555,0.8246696889766709,False
M3,G3,3,32,9401102,1,W,0.880097043776861,0.013206791479165321,0.03393240689650777,0.47576935820489946,False
M3,G3,3,32,9401102,1,b,0.6918648225984761,0.0973681281631559,0.18732482193265082,0.998839706761106,False
M3,G3,3,32,9401102,2,r,0.4561622024932351,0.002364600718122036,0.007545846580490529,0.9578335835620561,False
M3,G3,3,32,9401102,2,W,0.5744382771160279,0.006568745574905188,0.026823355810606957,0.8536754523865762,False
M3,G3,3,32,9401102,2,b,0.4439355859224747,0.054686625141553424,0.18508565169259333,0.9913953784765659,False
M3,G3,3,32,9401102,3,r,1.7395785647285383e-16,6.938893903907228e-18,0.041510885171551326,1.0,False
M3,G3,3,32,9401102,3,W,2.891695114036867e-16,1.0408340855860843e-17,0.0548709896837461,1.0,False
M3,G3,3,32,9401102,3,b,1.8128835708959682e-16,4.163336342344337e-17,0.36911509680565296,0.9999999999999998,False
M3,G3,3,32,9401102,1,ALL,0.6986700999823522,0.0973681281631559,0.19060699551722093,0.9718458546456278,False
M3,G3,3,32,9401102,2,ALL,0.4470191651132355,0.054686625141553424,0.18717139386143036,0.9882311915112041,False
M3,G3,3,32,9401102,3,ALL,1.8416718592186148e-16,4.163336342344337e-17,0.37547294681034743,1.0000000000000004,False
M3,G0,3,32,9401103,1,r,0.0,0.0,0.01357103598746709,1.0000000000000002,False
M3,G0,3,32,9401103,1,W,0.0,0.0,0.05323932070174135,1.0000000000000002,False
M3,G0,3,32,9401103,1,b,0.0,0.0,0.24814772356411205,1.0,False
M3,G0,3,32,9401103,2,r,0.0,0.0,0.019456141730192746,1.0000000000000002,False
M3,G0,3,32,9401103,2,W,0.0,0.0,0.0475857684645484,0.9999999999999998,False
M3,G0,3,32,9401103,2,b,0.0,0.0,0.35704203776496585,0.9999999999999998,False
M3,G0,3,32,9401103,3,r,0.0,0.0,0.0229574298810887,0.9999999999999996,False
M3,G0,3,32,9401103,3,W,0.0,0.0,0.06523885435691505,0.9999999999999998,False
M3,G0,3,32,9401103,3,b,0.0,0.0,0.44959172240923556,1.0000000000000002,False
M3,G0,3,32,9401103,1,ALL,0.0,0.0,0.25415721708542327,1.0000000000000002,False
M3,G0,3,32,9401103,2,ALL,0.0,0.0,0.36072422089838413,1.0000000000000002,False
M3,G0,3,32,9401103,3,ALL,0.0,0.0,0.45488005953597377,0.9999999999999999,False
M3,G1,3,32,9401103,1,r,3.2528570333126917e-16,3.469446951953614e-18,0.01357103598746709,1.0000000000000002,False
M3,G1,3,32,9401103,1,W,3.5492921394341403e-16,1.0408340855860843e-17,0.05323932070174135,1.0000000000000002,False
M3,G1,3,32,9401103,1,b,3.877154664799667e-16,8.326672684688674e-17,0.24814772356411205,1.0000000000000002,False
M3,G1,3,32,9401103,2,r,2.874050336918242e-16,5.204170427930421e-18,0.019456141730192746,1.0000000000000002,False
M3,G1,3,32,9401103,2,W,3.239632738418513e-16,1.0408340855860843e-17,0.0475857684645484,1.0,False
M3,G1,3,32,9401103,2,b,2.3802168436914035e-16,5.551115123125783e-17,0.35704203776496585,1.0,False
M3,G1,3,32,9401103,3,r,2.5780725733566755e-16,3.469446951953614e-18,0.0229574298810887,0.9999999999999998,False
M3,G1,3,32,9401103,3,W,2.505594747787773e-16,6.938893903907228e-18,0.06523885435691505,0.9999999999999998,False
M3,G1,3,32,9401103,3,b,1.7461314125959565e-16,5.551115123125783e-17,0.44959172240923556,1.0000000000000002,False
M3,G1,3,32,9401103,1,ALL,3.861709117425618e-16,8.326672684688674e-17,0.25415721708542327,1.0,False
M3,G1,3,32,9401103,2,ALL,2.399381057160534e-16,5.551115123125783e-17,0.36072422089838413,1.0000000000000002,False
M3,G1,3,32,9401103,3,ALL,1.7676416465426105e-16,5.551115123125783e-17,0.45488005953597377,1.0,False
M3,G3,3,32,9401103,1,r,0.7450021419124438,0.008662682668544742,0.01357103598746709,0.8397091974629702,False
M3,G3,3,32,9401103,1,W,0.6420912491932607,0.013614561460983124,0.05323932070174135,0.8166716149374946,False
M3,G3,3,32,9401103,1,b,0.619603910022466,0.10766973011363302,0.24814772356411205,0.9821058858794022,False
M3,G3,3,32,9401103,2,r,0.46781910572087204,0.006076573584644451,0.019456141730192746,0.9895635153433839,False
M3,G3,3,32,9401103,2,W,0.5715249351180934,0.013550279601507854,0.0475857684645484,0.9089866453219949,False
M3,G3,3,32,9401103,2,b,0.40971013695149,0.08641975973706664,0.35704203776496585,0.9958639101118928,False
M3,G3,3,32,9401103,3,r,2.0542229300489972e-16,3.469446951953614e-18,0.0229574298810887,0.9999999999999998,False
M3,G3,3,32,9401103,3,W,2.4385887676035217e-16,6.938893903907228e-18,0.06523885435691505,0.9999999999999998,False
M3,G3,3,32,9401103,3,b,3.237414285091086e-16,1.1102230246251565e-16,0.44959172240923556,1.0,False
M3,G3,3,32,9401103,1,ALL,0.6210006803603364,0.10766973011363302,0.25415721708542327,0.9693303336412586,False
M3,G3,3,32,9401103,2,ALL,0.4132479019275647,0.08641975973706664,0.36072422089838413,0.9943726482019538,False
M3,G3,3,32,9401103,3,ALL,3.220503019660635e-16,1.1102230246251565e-16,0.45488005953597377,0.9999999999999999,False
M3,G0,3,32,9401104,1,r,0.0,0.0,0.007578868977249356,1.0,False
M3,G0,3,32,9401104,1,W,0.0,0.0,0.028345486688356413,1.0,False
M3,G0,3,32,9401104,1,b,0.0,0.0,0.18278506780154405,1.0000000000000002,False
M3,G0,3,32,9401104,2,r,0.0,0.0,0.01073982133739859,1.0,False
M3,G0,3,32,9401104,2,W,0.0,0.0,0.05603521607750897,1.0,False
M3,G0,3,32,9401104,2,b,0.0,0.0,0.32952454270275644,1.0,False
M3,G0,3,32,9401104,3,r,0.0,0.0,0.024549238715724904,1.0,False
M3,G0,3,32,9401104,3,W,0.0,0.0,0.06520823185264105,1.0000000000000002,False
M3,G0,3,32,9401104,3,b,0.0,0.0,0.4891887380581925,1.0000000000000002,False
M3,G0,3,32,9401104,1,ALL,0.0,0.0,0.18512505741198074,1.0000000000000002,False
M3,G0,3,32,9401104,2,ALL,0.0,0.0,0.3344274412285468,1.0000000000000002,False
M3,G0,3,32,9401104,3,ALL,0.0,0.0,0.49412589495576564,1.0,False
M3,G1,3,32,9401104,1,r,5.638586392196685e-16,3.469446951953614e-18,0.007578868977249356,1.0000000000000002,False
M3,G1,3,32,9401104,1,W,4.540584574055818e-16,6.938893903907228e-18,0.028345486688356413,1.0,False
M3,G1,3,32,9401104,1,b,4.956917885977177e-16,8.326672684688674e-17,0.18278506780154405,1.0,False
M3,G1,3,32,9401104,2,r,2.768817394585366e-16,2.6020852139652106e-18,0.01073982133739859,1.0000000000000002,False
M3,G1,3,32,9401104,2,W,2.7694849213474805e-16,5.204170427930421e-18,0.05603521607750897,1.0,False
M3,G1,3,32,9401104,2,b,3.88277245189702e-16,8.326672684688674e-17,0.32952454270275644,0.9999999999999999,False
M3,G1,3,32,9401104,3,r,2.9682282180430184e-16,6.938893903907228e-18,0.024549238715724904,1.0,False
M3,G1,3,32,9401104,3,W,3.2725725465945424e-16,1.734723475976807e-17,0.06520823185264105,0.9999999999999998,False
M3,G1,3,32,9401104,3,b,2.6650241540998896e-16,8.326672684688674e-17,0.4891887380581925,1.0,False
M3,G1,3,32,9401104,1,ALL,4.948781506550386e-16,8.326672684688674e-17,0.18512505741198074,0.9999999999999998,False
M3,G1,3,32,9401104,2,ALL,3.854913888643753e-16,8.326672684688674e-17,0.3344274412285468,1.0000000000000002,False
M3,G1,3,32,9401104,3,ALL,2.677572231103025e-16,8.326672684688674e-17,0.49412589495576564,1.0,False
M3,G3,3,32,9401104,1,r,0.5162653204841527,0.0022819593667051394,0.007578868977249356,0.9725079649011195,False
M3,G3,3,32,9401104,1,W,0.8257342531965026,0.012701916387511333,0.028345486688356413,0.5757275593347013,False
M3,G3,3,32,9401104,1,b,0.5611873160880293,0.08686413113813192,0.18278506780154405,0.9990923122333107,False
M3,G3,3,32,9401104,2,r,0.339117933263612,0.0028607517303553603,0.01073982133739859,0.9725748179043964,False
M3,G3,3,32,9401104,2,W,0.4326647877745478,0.01050139433001068,0.05603521607750897,0.9324910527037502,False
M3,G3,3,32,9401104,2,b,0.37390355175413514,0.0764668291567779,0.32952454270275644,0.9953141990208303,False
M3,G3,3,32,9401104,3,r,2.9365168800079557e-16,6.938893903907228e-18,0.024549238715724904,1.0,False
M3,G3,3,32,9401104,3,W,3.033978087970681e-16,1.3877787807814457e-17,0.06520823185264105,0.9999999999999998,False
M3,G3,3,32,9401104,3,b,2.8404423759303643e-16,8.326672684688674e-17,0.4891887380581925,1.0,False
M3,G3,3,32,9401104,1,ALL,0.5687283501326831,0.08686413113813192,0.18512505741198074,0.9800593439026004,False
M3,G3,3,32,9401104,2,ALL,0.37564463959091376,0.0764668291567779,0.3344274412285468,0.9932302371912614,False
M3,G3,3,32,9401104,3,ALL,2.8441663844551424e-16,8.326672684688674e-17,0.49412589495576564,1.0,False
M3,G0,3,128,9401100,1,r,0.0,0.0,0.008679974036387273,1.0,False
M3,G0,3,128,9401100,1,W,0.0,0.0,0.03537014990464368,1.0000000000000002,False
M3,G0,3,128,9401100,1,b,0.0,0.0,0.1761777734123156,1.0,False
M3,G0,3,128,9401100,2,r,0.0,0.0,0.01887195981164339,1.0,False
M3,G0,3,128,9401100,2,W,0.0,0.0,0.05169171476421999,1.0,False
M3,G0,3,128,9401100,2,b,0.0,0.0,0.288067366562589,1.0000000000000002,False
M3,G0,3,128,9401100,3,r,0.0,0.0,0.030141263495854678,0.9999999999999999,False
M3,G0,3,128,9401100,3,W,0.0,0.0,0.07584604745144763,0.9999999999999999,False
M3,G0,3,128,9401100,3,b,0.0,0.0,0.376733690857536,1.0000000000000002,False
M3,G0,3,128,9401100,1,ALL,0.0,0.0,0.1799027439981685,0.9999999999999998,False
M3,G0,3,128,9401100,2,ALL,0.0,0.0,0.2932763064427517,0.9999999999999999,False
M3,G0,3,128,9401100,3,ALL,0.0,0.0,0.3854729465296823,1.0000000000000002,False
M3,G1,3,128,9401100,1,r,1.581234055368634e-16,8.673617379884035e-19,0.008679974036387273,1.0,False
M3,G1,3,128,9401100,1,W,3.4282632108366864e-16,5.204170427930421e-18,0.03537014990464368,1.0000000000000002,False
M3,G1,3,128,9401100,1,b,6.884061436296344e-16,1.1102230246251565e-16,0.1761777734123156,0.9999999999999999,False
M3,G1,3,128,9401100,2,r,4.293650872881826e-16,6.938893903907228e-18,0.01887195981164339,1.0,False
M3,G1,3,128,9401100,2,W,2.9390772929691307e-16,6.938893903907228e-18,0.05169171476421999,1.0000000000000002,False
M3,G1,3,128,9401100,2,b,1.9578241760063275e-16,3.469446951953614e-17,0.288067366562589,1.0000000000000002,False
M3,G1,3,128,9401100,3,r,2.3406531779127696e-16,6.938893903907228e-18,0.030141263495854678,0.9999999999999999,False
M3,G1,3,128,9401100,3,W,4.0493608487869503e-16,2.0816681711721685e-17,0.07584604745144763,1.0,False
M3,G1,3,128,9401100,3,b,3.5332933505928377e-16,1.1102230246251565e-16,0.376733690857536,1.0000000000000002,False
M3,G1,3,128,9401100,1,ALL,6.775563921370066e-16,1.1102230246251565e-16,0.1799027439981685,0.9999999999999998,False
M3,G1,3,128,9401100,2,ALL,2.010675632769154e-16,3.469446951953614e-17,0.2932763064427517,1.0,False
M3,G1,3,128,9401100,3,ALL,3.5486373342225943e-16,1.1102230246251565e-16,0.3854729465296823,1.0000000000000004,False
M3,G3,3,128,9401100,1,r,0.7511879367089731,0.005501229866341174,0.008679974036387273,0.8803788980593236,False
M3,G3,3,128,9401100,1,W,0.6365112249681434,0.008730249800794376,0.03537014990464368,0.7778979833948357,False
M3,G3,3,128,9401100,1,b,0.6430651434491929,0.08291645774580114,0.1761777734123156,0.9795702224141413,False
M3,G3,3,128,9401100,2,r,0.29083327382019813,0.0038223132884666004,0.01887195981164339,0.998833139848982,False
M3,G3,3,128,9401100,2,W,0.29640723456026496,0.007030782593661933,0.05169171476421999,0.9731616666966861,False
M3,G3,3,128,9401100,2,b,0.34544022365335514,0.0714908411522443,0.288067366562589,0.9953320304919929,False
M3,G3,3,128,9401100,3,r,2.358344713118702e-16,6.938893903907228e-18,0.030141263495854678,0.9999999999999998,False
M3,G3,3,128,9401100,3,W,3.653071948376557e-16,2.0816681711721685e-17,0.07584604745144763,0.9999999999999999,False
M3,G3,3,128,9401100,3,b,3.542881681248913e-16,1.1102230246251565e-16,0.376733690857536,1.0000000000000002,False
M3,G3,3,128,9401100,1,ALL,0.6430859537590808,0.08291645774580114,0.1799027439981685,0.9539489947905051,False
M3,G3,3,128,9401100,2,ALL,0.343812989820132,0.0714908411522443,0.2932763064427517,0.9940221324647532,False
M3,G3,3,128,9401100,3,ALL,3.5411819239430004e-16,1.1102230246251565e-16,0.3854729465296823,1.0000000000000004,False
M3,G0,3,128,9401101,1,r,0.0,0.0,0.007429326698754344,1.0,False
M3,G0,3,128,9401101,1,W,0.0,0.0,0.02315708728890187,1.0,False
M3,G0,3,128,9401101,1,b,0.0,0.0,0.1638341207031155,1.0,False
M3,G0,3,128,9401101,2,r,0.0,0.0,0.01099370617491636,0.9999999999999999,False
M3,G0,3,128,9401101,2,W,0.0,0.0,0.03555293576935996,1.0,False
M3,G0,3,128,9401101,2,b,0.0,0.0,0.27066702874742393,1.0,False
M3,G0,3,128,9401101,3,r,0.0,0.0,0.04282357862223709,1.0000000000000002,False
M3,G0,3,128,9401101,3,W,0.0,0.0,0.06725279214103225,1.0,False
M3,G0,3,128,9401101,3,b,0.0,0.0,0.44031445741710207,1.0,False
M3,G0,3,128,9401101,1,ALL,0.0,0.0,0.16562929901881993,1.0000000000000002,False
M3,G0,3,128,9401101,2,ALL,0.0,0.0,0.27321331092799894,1.0,False
M3,G0,3,128,9401101,3,ALL,0.0,0.0,0.4474747125227266,1.0,False
M3,G1,3,128,9401101,1,r,2.789047616825637e-16,1.3010426069826053e-18,0.007429326698754344,1.0,False
M3,G1,3,128,9401101,1,W,5.525852641111331e-16,6.071532165918825e-18,0.02315708728890187,1.0,False
M3,G1,3,128,9401101,1,b,2.0963748202333075e-16,2.7755575615628914e-17,0.1638341207031155,1.0000000000000002,False
M3,G1,3,128,9401101,2,r,4.848718063269314e-16,4.336808689942018e-18,0.01099370617491636,1.0000000000000002,False
M3,G1,3,128,9401101,2,W,3.1391045451637317e-16,5.204170427930421e-18,0.03555293576935996,0.9999999999999998,False
M3,G1,3,128,9401101,2,b,2.0388494416230078e-16,2.7755575615628914e-17,0.27066702874742393,1.0,False
M3,G1,3,128,9401101,3,r,1.9217003831600612e-16,6.938893903907228e-18,0.04282357862223709,1.0000000000000002,False
M3,G1,3,128,9401101,3,W,3.272176357444293e-16,1.3877787807814457e-17,0.06725279214103225,1.0,False
M3,G1,3,128,9401101,3,b,1.963555160869463e-16,5.551115123125783e-17,0.44031445741710207,1.0,False
M3,G1,3,128,9401101,1,ALL,2.2164330348233928e-16,2.7755575615628914e-17,0.16562929901881993,1.0,False
M3,G1,3,128,9401101,2,ALL,2.0699550673793621e-16,2.7755575615628914e-17,0.27321331092799894,1.0,False
M3,G1,3,128,9401101,3,ALL,2.0022051140430187e-16,5.551115123125783e-17,0.4474747125227266,0.9999999999999999,False
M3,G3,3,128,9401101,1,r,0.5687262869588405,0.0028763753335873505,0.007429326698754344,0.9637177925336405,False
M3,G3,3,128,9401101,1,W,1.0151905763149025,0.00951726153499019,0.02315708728890187,0.3592950969222824,False
M3,G3,3,128,9401101,1,b,0.6502602473117618,0.06632670236992816,0.1638341207031155,0.9967261261147968,False
M3,G3,3,128,9401101,2,r,0.45756793665700507,0.00371590494807177,0.01099370617491636,0.9761326960907065,False
M3,G3,3,128,9401101,2,W,0.6625885925901327,0.011961075124681126,0.03555293576935996,0.8368044584951578,False
M3,G3,3,128,9401101,2,b,0.43260294966520874,0.09468497850612823,0.27066702874742393,0.995293355270877,False
M3,G3,3,128,9401101,3,r,9.981515511456057e-17,3.469446951953614e-18,0.04282357862223709,1.0000000000000002,False
M3,G3,3,128,9401101,3,W,3.6692508970200313e-16,1.734723475976807e-17,0.06725279214103225,1.0000000000000002,False
M3,G3,3,128,9401101,3,b,2.220279030571573e-16,8.326672684688674e-17,0.44031445741710207,0.9999999999999999,False
M3,G3,3,128,9401101,1,ALL,0.6591805038894147,0.06632670236992816,0.16562929901881993,0.9585621208282018,False
M3,G3,3,128,9401101,2,ALL,0.43754597584089017,0.09468497850612823,0.27321331092799894,0.9927802028206711,False
M3,G3,3,128,9401101,3,ALL,2.255300072054642e-16,8.326672684688674e-17,0.4474747125227266,1.0,False
M3,G0,3,128,9401102,1,r,0.0,0.0,0.0035154641550690442,1.0,False
M3,G0,3,128,9401102,1,W,0.0,0.0,0.00927993248608132,1.0,False
M3,G0,3,128,9401102,1,b,0.0,0.0,0.06670104531154158,1.0000000000000002,False
M3,G0,3,128,9401102,2,r,0.0,0.0,0.004998615266615473,0.9999999999999998,False
M3,G0,3,128,9401102,2,W,0.0,0.0,0.01647980293889227,0.9999999999999998,False
M3,G0,3,128,9401102,2,b,0.0,0.0,0.1051946683662933,1.0000000000000002,False
M3,G0,3,128,9401102,3,r,0.0,0.0,0.017256205114111335,1.0,False
M3,G0,3,128,9401102,3,W,0.0,0.0,0.020240713918289126,1.0,False
M3,G0,3,128,9401102,3,b,0.0,0.0,0.1390854817157273,0.9999999999999997,False
M3,G0,3,128,9401102,1,ALL,0.0,0.0,0.06743519170895955,1.0000000000000002,False
M3,G0,3,128,9401102,2,ALL,0.0,0.0,0.10659497320316186,1.0,False
M3,G0,3,128,9401102,3,ALL,0.0,0.0,0.14160591209041454,1.0,False
M3,G1,3,128,9401102,1,r,2.6934141520754043e-16,8.673617379884035e-19,0.0035154641550690442,1.0,False
M3,G1,3,128,9401102,1,W,3.949576414747439e-16,1.734723475976807e-18,0.00927993248608132,1.0000000000000002,False
M3,G1,3,128,9401102,1,b,2.113854632789108e-16,6.938893903907228e-18,0.06670104531154158,1.0000000000000002,False
M3,G1,3,128,9401102,2,r,1.6014818907114133e-16,4.336808689942018e-19,0.004998615266615473,1.0,False
M3,G1,3,128,9401102,2,W,4.4632886375080415e-16,4.336808689942018e-18,0.01647980293889227,1.0,False
M3,G1,3,128,9401102,2,b,2.670589965290315e-16,1.734723475976807e-17,0.1051946683662933,1.0000000000000002,False
M3,G1,3,128,9401102,3,r,2.1620401464129367e-16,3.469446951953614e-18,0.017256205114111335,1.0,False
M3,G1,3,128,9401102,3,W,2.814102484344661e-16,3.469446951953614e-18,0.020240713918289126,0.9999999999999999,False
M3,G1,3,128,9401102,3,b,4.694251213203451e-16,5.551115123125783e-17,0.1390854817157273,1.0,False
M3,G1,3,128,9401102,1,ALL,2.1648877606681372e-16,6.938893903907228e-18,0.06743519170895955,1.0000000000000002,False
M3,G1,3,128,9401102,2,ALL,2.7253779226510103e-16,1.734723475976807e-17,0.10659497320316186,1.0,False
M3,G1,3,128,9401102,3,ALL,4.635704254602137e-16,5.551115123125783e-17,0.14160591209041454,1.0,False
M3,G3,3,128,9401102,1,r,0.6185206728126538,0.0011354194766660152,0.0035154641550690442,0.9249355470271586,False
M3,G3,3,128,9401102,1,W,0.6163042229270306,0.0019524670185580755,0.00927993248608132,0.8474874885194497,False
M3,G3,3,128,9401102,1,b,0.680990294623978,0.021162353078049582,0.06670104531154158,0.9988250178813382,False
M3,G3,3,128,9401102,2,r,0.4706980531219906,0.0017956267149224442,0.004998615266615473,0.9929841928587007,False
M3,G3,3,128,9401102,2,W,0.4211958822927796,0.0024963324011627597,0.01647980293889227,0.9957070894177715,False
M3,G3,3,128,9401102,2,b,0.45618167381925945,0.03212416080790457,0.1051946683662933,0.998006336917982,False
M3,G3,3,128,9401102,3,r,4.077703127783735e-16,6.938893903907228e-18,0.017256205114111335,1.0,False
M3,G3,3,128,9401102,3,W,2.815637436962142e-16,2.6020852139652106e-18,0.020240713918289126,0.9999999999999999,False
M3,G3,3,128,9401102,3,b,4.421973093218357e-16,5.551115123125783e-17,0.1390854817157273,1.0,False
M3,G3,3,128,9401102,1,ALL,0.6796602165995738,0.021162353078049582,0.06743519170895955,0.9896311100242754,False
M3,G3,3,128,9401102,2,ALL,0.4554092921762582,0.03212416080790457,0.10659497320316186,0.9978784758300678,False
M3,G3,3,128,9401102,3,ALL,4.390086676641933e-16,5.551115123125783e-17,0.14160591209041454,1.0,False
M3,G0,3,128,9401103,1,r,0.0,0.0,0.003907556417383013,1.0000000000000002,False
M3,G0,3,128,9401103,1,W,0.0,0.0,0.025452973526845158,1.0,False
M3,G0,3,128,9401103,1,b,0.0,0.0,0.08234582343131507,0.9999999999999999,False
M3,G0,3,128,9401103,2,r,0.0,0.0,0.013433021086953425,1.0,False
M3,G0,3,128,9401103,2,W,0.0,0.0,0.039521483428958566,0.9999999999999999,False
M3,G0,3,128,9401103,2,b,0.0,0.0,0.22709539514196,1.0,False
M3,G0,3,128,9401103,3,r,0.0,0.0,0.016321244046573848,1.0,False
M3,G0,3,128,9401103,3,W,0.0,0.0,0.09193956039013328,1.0,False
M3,G0,3,128,9401103,3,b,0.0,0.0,0.45892564239725236,1.0,False
M3,G0,3,128,9401103,1,ALL,0.0,0.0,0.08627837211662392,1.0,False
M3,G0,3,128,9401103,2,ALL,0.0,0.0,0.23089978822560867,1.0000000000000002,False
M3,G0,3,128,9401103,3,ALL,0.0,0.0,0.46832895599320945,1.0000000000000004,False
M3,G1,3,128,9401103,1,r,2.421102826792059e-16,6.505213034913027e-19,0.003907556417383013,1.0000000000000002,False
M3,G1,3,128,9401103,1,W,5.167530680030511e-16,6.938893903907228e-18,0.025452973526845158,1.0,False
M3,G1,3,128,9401103,1,b,4.602234639180464e-16,3.469446951953614e-17,0.08234582343131507,1.0000000000000002,False
M3,G1,3,128,9401103,2,r,2.1657225816924938e-16,1.734723475976807e-18,0.013433021086953425,1.0,False
M3,G1,3,128,9401103,2,W,4.0177165585752643e-16,6.938893903907228e-18,0.039521483428958566,1.0,False
M3,G1,3,128,9401103,2,b,2.346972089486482e-16,2.7755575615628914e-17,0.22709539514196,1.0,False
M3,G1,3,128,9401103,3,r,1.7335268409719095e-16,1.734723475976807e-18,0.016321244046573848,1.0,False
M3,G1,3,128,9401103,3,W,2.2296873774109486e-16,1.3877787807814457e-17,0.09193956039013328,1.0000000000000002,False
M3,G1,3,128,9401103,3,b,1.6738892804106773e-16,5.551115123125783e-17,0.45892564239725236,1.0,False
M3,G1,3,128,9401103,1,ALL,4.650784509593499e-16,3.469446951953614e-17,0.08627837211662392,1.0,False
M3,G1,3,128,9401103,2,ALL,2.411854994358191e-16,2.7755575615628914e-17,0.23089978822560867,0.9999999999999999,False
M3,G1,3,128,9401103,3,ALL,1.6987544899976055e-16,5.551115123125783e-17,0.46832895599320945,1.0000000000000002,False
M3,G3,3,128,9401103,1,r,0.5357359600626054,0.0016002458487695877,0.003907556417383013,0.9121467099444173,False
M3,G3,3,128,9401103,1,W,0.5194448809951373,0.00566536101450466,0.025452973526845158,0.8817139647555077,False
M3,G3,3,128,9401103,1,b,0.5282769811430713,0.033185663194916795,0.08234582343131507,0.9695643510754991,False
M3,G3,3,128,9401103,2,r,0.26839940231940956,0.0027643148027768436,0.013433021086953425,0.995409062023466,False
M3,G3,3,128,9401103,2,W,0.3186635402222095,0.004769738606222316,0.039521483428958566,0.9650576309158776,False
M3,G3,3,128,9401103,2,b,0.25653021907173074,0.03880065501189596,0.22709539514196,0.9985287676150497,False
M3,G3,3,128,9401103,3,r,1.467462207727358e-16,1.734723475976807e-18,0.016321244046573848,1.0,False
M3,G3,3,128,9401103,3,W,2.449388602531907e-16,1.3877787807814457e-17,0.09193956039013328,1.0000000000000002,False
M3,G3,3,128,9401103,3,b,2.0596481215495946e-16,5.551115123125783e-17,0.45892564239725236,1.0,False
M3,G3,3,128,9401103,1,ALL,0.5275296207714395,0.033185663194916795,0.08627837211662392,0.9557963333785837,False
M3,G3,3,128,9401103,2,ALL,0.2586036896106384,0.03880065501189596,0.23089978822560867,0.9974592954863952,False
M3,G3,3,128,9401103,3,ALL,2.0754133695551294e-16,5.551115123125783e-17,0.46832895599320945,1.0000000000000002,False
M3,G0,3,128,9401104,1,r,0.0,0.0,0.007867796790536709,1.0,False
M3,G0,3,128,9401104,1,W,0.0,0.0,0.01660493494270942,1.0,False
M3,G0,3,128,9401104,1,b,0.0,0.0,0.08368496317455364,1.0000000000000002,False
M3,G0,3,128,9401104,2,r,0.0,0.0,0.010211736719303347,1.0000000000000002,False
M3,G0,3,128,9401104,2,W,0.0,0.0,0.02848079608587663,0.9999999999999998,False
M3,G0,3,128,9401104,2,b,0.0,0.0,0.15540996174121635,1.0,False
M3,G0,3,128,9401104,3,r,0.0,0.0,0.025025536937665845,1.0,False
M3,G0,3,128,9401104,3,W,0.0,0.0,0.05582723776150664,0.9999999999999999,False
M3,G0,3,128,9401104,3,b,0.0,0.0,0.40614081892652343,1.0,False
M3,G0,3,128,9401104,1,ALL,0.0,0.0,0.08567846376024252,1.0,False
M3,G0,3,128,9401104,2,ALL,0.0,0.0,0.15832779768858019,1.0000000000000004,False
M3,G0,3,128,9401104,3,ALL,0.0,0.0,0.4107229270121226,1.0000000000000002,False
M3,G1,3,128,9401104,1,r,4.272155733340676e-16,2.6020852139652106e-18,0.007867796790536709,1.0000000000000002,False
M3,G1,3,128,9401104,1,W,4.8576930437503e-16,3.469446951953614e-18,0.01660493494270942,1.0,False
M3,G1,3,128,9401104,1,b,3.7861195393891503e-16,2.7755575615628914e-17,0.08368496317455364,0.9999999999999999,False
M3,G1,3,128,9401104,2,r,2.9751895262609354e-16,2.168404344971009e-18,0.010211736719303347,1.0,False
M3,G1,3,128,9401104,2,W,3.73585459893808e-16,5.204170427930421e-18,0.02848079608587663,0.9999999999999998,False
M3,G1,3,128,9401104,2,b,7.293138812484601e-16,1.1102230246251565e-16,0.15540996174121635,1.0,False
M3,G1,3,128,9401104,3,r,3.612543668537574e-16,6.938893903907228e-18,0.025025536937665845,1.0,False
M3,G1,3,128,9401104,3,W,3.248020308842301e-16,6.938893903907228e-18,0.05582723776150664,1.0,False
M3,G1,3,128,9401104,3,b,1.7127937825755462e-16,4.163336342344337e-17,0.40614081892652343,1.0,False
M3,G1,3,128,9401104,1,ALL,3.836095883797762e-16,2.7755575615628914e-17,0.08567846376024252,1.0,False
M3,G1,3,128,9401104,2,ALL,7.192766971553177e-16,1.1102230246251565e-16,0.15832779768858019,1.0000000000000002,False
M3,G1,3,128,9401104,3,ALL,1.7640662507406978e-16,4.163336342344337e-17,0.4107229270121226,1.0,False
M3,G3,3,128,9401104,1,r,0.5085706411766544,0.0033826169592699427,0.007867796790536709,0.9881376231912687,False
M3,G3,3,128,9401104,1,W,0.7693856282063686,0.005143273370460355,0.01660493494270942,0.6393849198776058,False
M3,G3,3,128,9401104,1,b,0.6014885397107932,0.03177443447005496,0.08368496317455364,0.9768814673396669,False
M3,G3,3,128,9401104,2,r,0.4482737261550163,0.004116906292666111,0.010211736719303347,0.9919785138998453,False
M3,G3,3,128,9401104,2,W,0.4570270432881223,0.007154172372739037,0.02848079608587663,0.9664268254330762,False
M3,G3,3,128,9401104,2,b,0.3885335226015299,0.05059062386205519,0.15540996174121635,0.9903467492774313,False
M3,G3,3,128,9401104,3,r,2.748334287354171e-16,5.204170427930421e-18,0.025025536937665845,0.9999999999999998,False
M3,G3,3,128,9401104,3,W,2.9619550908396794e-16,6.938893903907228e-18,0.05582723776150664,0.9999999999999999,False
M3,G3,3,128,9401104,3,b,1.7128936354958447e-16,4.163336342344337e-17,0.40614081892652343,1.0,False
M3,G3,3,128,9401104,1,ALL,0.6079176097410799,0.03177443447005496,0.08567846376024252,0.9547703159454882,False
M3,G3,3,128,9401104,2,ALL,0.391203680388487,0.05059062386205519,0.15832779768858019,0.9895435974615545,False
M3,G3,3,128,9401104,3,ALL,1.7490097735845507e-16,4.163336342344337e-17,0.4107229270121226,1.0,False
