id,case,n,T,seed,samples,centered_1e-06,centered_1e-08,centered_1e-10,centered_1e-12,centered_1e-14,uncentered_1e-06,uncentered_1e-08,uncentered_1e-10,uncentered_1e-12,uncentered_1e-14,sample_cap_centered,QR_reconstruction_error,QR_orthogonality_error
shared_linear_n8_T32_s9401100,shared_linear,8,32,9401100,8,7,7,7,7,7,8,8,8,8,8,7,1.1590050534126093e-16,3.354518805907307e-16
shared_linear_n8_T32_s9401100,shared_linear,8,32,9401100,16,15,15,15,15,15,16,16,16,16,16,15,1.7767597556107692e-16,1.0645403161381613e-15
shared_linear_n8_T32_s9401100,shared_linear,8,32,9401100,32,16,16,16,16,16,17,17,17,17,17,31,2.0957362447572806e-16,1.109546054787529e-15
shared_linear_n8_T32_s9401100,shared_linear,8,32,9401100,64,16,16,16,16,16,17,17,17,17,17,63,1.9386987420930717e-16,1.109546054787529e-15
shared_linear_n8_T32_s9401100,shared_linear,8,32,9401100,128,16,16,16,16,16,17,17,17,17,17,127,1.829903410190873e-16,1.109546054787529e-15
shared_linear_n8_T32_s9401101,shared_linear,8,32,9401101,8,7,7,7,7,7,8,8,8,8,8,7,1.6471719304635777e-16,6.73621606717049e-16
shared_linear_n8_T32_s9401101,shared_linear,8,32,9401101,16,15,15,15,15,15,16,16,16,16,16,15,1.442102269892066e-16,9.597422792447908e-16
shared_linear_n8_T32_s9401101,shared_linear,8,32,9401101,32,16,16,16,16,16,17,17,17,17,17,31,1.5019173966560096e-16,9.83276620901999e-16
shared_linear_n8_T32_s9401101,shared_linear,8,32,9401101,64,16,16,16,16,16,17,17,17,17,17,63,1.644914690197514e-16,9.83276620901999e-16
shared_linear_n8_T32_s9401101,shared_linear,8,32,9401101,128,16,16,16,16,16,17,17,17,17,17,127,1.7639440154239067e-16,9.83276620901999e-16
shared_linear_n8_T32_s9401102,shared_linear,8,32,9401102,8,7,7,7,7,7,8,8,8,8,8,7,9.317260891694987e-17,5.079812747418993e-16
shared_linear_n8_T32_s9401102,shared_linear,8,32,9401102,16,15,15,15,15,15,16,16,16,16,16,15,1.3204729634044092e-16,9.572773859464405e-16
shared_linear_n8_T32_s9401102,shared_linear,8,32,9401102,32,16,16,16,16,16,17,17,17,17,17,31,1.338737913498286e-16,1.0013870110488427e-15
shared_linear_n8_T32_s9401102,shared_linear,8,32,9401102,64,16,16,16,16,16,17,17,17,17,17,63,1.582576330794356e-16,1.0013870110488427e-15
shared_linear_n8_T32_s9401102,shared_linear,8,32,9401102,128,16,16,16,16,16,17,17,17,17,17,127,1.6054970371582329e-16,1.0013870110488427e-15
shared_linear_n8_T32_s9401103,shared_linear,8,32,9401103,8,7,7,7,7,7,8,8,8,8,8,7,1.3462544232893042e-16,5.188850647841083e-16
shared_linear_n8_T32_s9401103,shared_linear,8,32,9401103,16,15,15,15,15,15,16,16,16,16,16,15,1.3655061862354555e-16,9.4045549858214e-16
shared_linear_n8_T32_s9401103,shared_linear,8,32,9401103,32,16,16,16,16,16,17,17,17,17,17,31,1.5617613012120992e-16,9.547207897640635e-16
shared_linear_n8_T32_s9401103,shared_linear,8,32,9401103,64,16,16,16,16,16,17,17,17,17,17,63,1.5374500611081979e-16,9.547207897640635e-16
shared_linear_n8_T32_s9401103,shared_linear,8,32,9401103,128,16,16,16,16,16,17,17,17,17,17,127,1.7951456173103313e-16,9.547207897640635e-16
shared_linear_n8_T32_s9401104,shared_linear,8,32,9401104,8,7,7,7,7,7,8,8,8,8,8,7,8.459523347591592e-17,4.511738741149267e-16
shared_linear_n8_T32_s9401104,shared_linear,8,32,9401104,16,15,15,15,15,15,16,16,16,16,16,15,1.1562290255272506e-16,9.53711820011231e-16
shared_linear_n8_T32_s9401104,shared_linear,8,32,9401104,32,16,16,16,16,16,17,17,17,17,17,31,1.445522759137543e-16,9.948761655128328e-16
shared_linear_n8_T32_s9401104,shared_linear,8,32,9401104,64,16,16,16,16,16,17,17,17,17,17,63,1.6822664757810947e-16,9.948761655128328e-16
shared_linear_n8_T32_s9401104,shared_linear,8,32,9401104,128,16,16,16,16,16,17,17,17,17,17,127,1.692262081213517e-16,9.948761655128328e-16
shared_linear_n8_T128_s9401100,shared_linear,8,128,9401100,8,7,7,7,7,7,8,8,8,8,8,7,1.256307125730517e-16,6.391579496768354e-16
shared_linear_n8_T128_s9401100,shared_linear,8,128,9401100,16,15,15,15,15,15,16,16,16,16,16,15,1.21616129267138e-16,1.0165589887078268e-15
shared_linear_n8_T128_s9401100,shared_linear,8,128,9401100,32,16,16,16,16,16,17,17,17,17,17,31,1.2795027490595798e-16,1.091925043161749e-15
shared_linear_n8_T128_s9401100,shared_linear,8,128,9401100,64,16,16,16,16,16,17,17,17,17,17,63,1.5240642783039585e-16,1.091925043161749e-15
shared_linear_n8_T128_s9401100,shared_linear,8,128,9401100,128,16,16,16,16,16,17,17,17,17,17,127,1.599213162591823e-16,1.091925043161749e-15
shared_linear_n8_T128_s9401101,shared_linear,8,128,9401101,8,7,7,7,7,7,8,8,8,8,8,7,9.26555167615574e-17,5.142071685424826e-16
shared_linear_n8_T128_s9401101,shared_linear,8,128,9401101,16,15,15,15,15,15,16,16,16,16,16,15,1.5753731679418656e-16,8.8061123773188655e-16
shared_linear_n8_T128_s9401101,shared_linear,8,128,9401101,32,16,16,16,16,16,17,17,17,17,17,31,1.9487947870120912e-16,9.108951708770253e-16
shared_linear_n8_T128_s9401101,shared_linear,8,128,9401101,64,16,16,16,16,16,17,17,17,17,17,63,2.1307954456978456e-16,9.108951708770253e-16
shared_linear_n8_T128_s9401101,shared_linear,8,128,9401101,128,16,16,16,16,16,17,17,17,17,17,127,2.0254736793876817e-16,9.108951708770253e-16
shared_linear_n8_T128_s9401102,shared_linear,8,128,9401102,8,7,7,7,7,7,8,8,8,8,8,7,1.0491217707782805e-16,4.519058206203655e-16
shared_linear_n8_T128_s9401102,shared_linear,8,128,9401102,16,15,15,15,15,15,16,16,16,16,16,15,1.5891510966101017e-16,7.510092108252071e-16
shared_linear_n8_T128_s9401102,shared_linear,8,128,9401102,32,16,16,16,16,16,17,17,17,17,17,31,1.6288854663514878e-16,8.368448846838809e-16
shared_linear_n8_T128_s9401102,shared_linear,8,128,9401102,64,16,16,16,16,16,17,17,17,17,17,63,1.692208381934915e-16,8.368448846838809e-16
shared_linear_n8_T128_s9401102,shared_linear,8,128,9401102,128,16,16,16,16,16,17,17,17,17,17,127,1.7009990156150294e-16,8.368448846838809e-16
shared_linear_n8_T128_s9401103,shared_linear,8,128,9401103,8,7,7,7,7,7,8,8,8,8,8,7,1.2613821362948186e-16,4.3991855529594666e-16
shared_linear_n8_T128_s9401103,shared_linear,8,128,9401103,16,15,15,15,15,15,16,16,16,16,16,15,1.26638195511529e-16,8.699470685942139e-16
shared_linear_n8_T128_s9401103,shared_linear,8,128,9401103,32,16,16,16,16,16,17,17,17,17,17,31,1.4229231583783563e-16,9.517540869632182e-16
shared_linear_n8_T128_s9401103,shared_linear,8,128,9401103,64,16,16,16,16,16,17,17,17,17,17,63,1.8422285313754421e-16,9.517540869632182e-16
shared_linear_n8_T128_s9401103,shared_linear,8,128,9401103,128,16,16,16,16,16,17,17,17,17,17,127,1.760099923540342e-16,9.517540869632182e-16
shared_linear_n8_T128_s9401104,shared_linear,8,128,9401104,8,7,7,7,7,7,8,8,8,8,8,7,1.0990607356968782e-16,5.431151948750564e-16
shared_linear_n8_T128_s9401104,shared_linear,8,128,9401104,16,15,15,15,15,15,16,16,16,16,16,15,1.9718445320853938e-16,1.133370470209956e-15
shared_linear_n8_T128_s9401104,shared_linear,8,128,9401104,32,16,16,16,16,16,17,17,17,17,17,31,1.9034189894983235e-16,1.1415549487188854e-15
shared_linear_n8_T128_s9401104,shared_linear,8,128,9401104,64,16,16,16,16,16,17,17,17,17,17,63,1.9579410744923692e-16,1.1415549487188854e-15
shared_linear_n8_T128_s9401104,shared_linear,8,128,9401104,128,16,16,16,16,16,17,17,17,17,17,127,2.014587333538018e-16,1.1415549487188854e-15
shared_linear_n16_T32_s9401100,shared_linear,16,32,9401100,8,7,7,7,7,7,8,8,8,8,8,7,8.640844947982313e-17,8.162859845693784e-16
shared_linear_n16_T32_s9401100,shared_linear,16,32,9401100,16,15,15,15,15,15,16,16,16,16,16,15,1.363435373742335e-16,1.0863121437673539e-15
shared_linear_n16_T32_s9401100,shared_linear,16,32,9401100,32,31,31,31,31,31,32,32,32,32,32,31,1.8341308886577522e-16,2.037574662337097e-15
shared_linear_n16_T32_s9401100,shared_linear,16,32,9401100,64,32,32,32,32,32,33,33,33,33,33,63,2.1246969527678778e-16,2.119928826216137e-15
shared_linear_n16_T32_s9401100,shared_linear,16,32,9401100,128,32,32,32,32,32,33,33,33,33,33,127,2.2309122645536334e-16,2.119928826216137e-15
shared_linear_n16_T32_s9401101,shared_linear,16,32,9401101,8,7,7,7,7,7,8,8,8,8,8,7,8.10346428476616e-17,6.629326316027871e-16
shared_linear_n16_T32_s9401101,shared_linear,16,32,9401101,16,15,15,15,15,15,16,16,16,16,16,15,1.2783748028535577e-16,9.966496448600409e-16
shared_linear_n16_T32_s9401101,shared_linear,16,32,9401101,32,31,31,31,31,31,32,32,32,32,32,31,1.87547958564985e-16,2.046019909874583e-15
shared_linear_n16_T32_s9401101,shared_linear,16,32,9401101,64,32,32,32,32,32,33,33,33,33,33,63,2.1482765284475725e-16,2.0823959092322932e-15
shared_linear_n16_T32_s9401101,shared_linear,16,32,9401101,128,32,32,32,32,32,33,33,33,33,33,127,2.130747124008285e-16,2.0823959092322932e-15
shared_linear_n16_T32_s9401102,shared_linear,16,32,9401102,8,7,7,7,7,7,8,8,8,8,8,7,1.0849670155265359e-16,6.513064311306636e-16
shared_linear_n16_T32_s9401102,shared_linear,16,32,9401102,16,15,15,15,15,15,16,16,16,16,16,15,1.147255767887518e-16,1.041789209714066e-15
shared_linear_n16_T32_s9401102,shared_linear,16,32,9401102,32,31,31,31,31,31,32,32,32,32,32,31,1.7983000021314884e-16,2.2158051842392384e-15
shared_linear_n16_T32_s9401102,shared_linear,16,32,9401102,64,32,32,32,32,32,33,33,33,33,33,63,2.466363865060914e-16,2.3923346838709913e-15
shared_linear_n16_T32_s9401102,shared_linear,16,32,9401102,128,32,32,32,32,32,33,33,33,33,33,127,2.531608317840552e-16,2.3923346838709913e-15
shared_linear_n16_T32_s9401103,shared_linear,16,32,9401103,8,7,7,7,7,7,8,8,8,8,8,7,9.273394285285153e-17,7.835042704446218e-16
shared_linear_n16_T32_s9401103,shared_linear,16,32,9401103,16,15,15,15,15,15,16,16,16,16,16,15,1.2658655170238085e-16,1.192938262942448e-15
shared_linear_n16_T32_s9401103,shared_linear,16,32,9401103,32,31,31,31,31,31,32,32,32,32,32,31,1.7149781167591448e-16,2.3262034911929766e-15
shared_linear_n16_T32_s9401103,shared_linear,16,32,9401103,64,32,32,32,32,32,33,33,33,33,33,63,2.1318964146848125e-16,2.44002747498241e-15
shared_linear_n16_T32_s9401103,shared_linear,16,32,9401103,128,32,32,32,32,32,33,33,33,33,33,127,2.410719983298996e-16,2.44002747498241e-15
shared_linear_n16_T32_s9401104,shared_linear,16,32,9401104,8,7,7,7,7,7,8,8,8,8,8,7,6.910517788784987e-17,6.726009433748447e-16
shared_linear_n16_T32_s9401104,shared_linear,16,32,9401104,16,15,15,15,15,15,16,16,16,16,16,15,1.4402851181553728e-16,9.192854950282379e-16
shared_linear_n16_T32_s9401104,shared_linear,16,32,9401104,32,31,31,31,31,31,32,32,32,32,32,31,1.769391985829282e-16,2.1025489619881445e-15
shared_linear_n16_T32_s9401104,shared_linear,16,32,9401104,64,32,32,32,32,32,33,33,33,33,33,63,2.294760912203058e-16,2.1754610637044674e-15
shared_linear_n16_T32_s9401104,shared_linear,16,32,9401104,128,32,32,32,32,32,33,33,33,33,33,127,2.4230788001563944e-16,2.1754610637044674e-15
shared_linear_n16_T128_s9401100,shared_linear,16,128,9401100,8,7,7,7,7,7,8,8,8,8,8,7,9.667782505713239e-17,1.077487623546032e-15
shared_linear_n16_T128_s9401100,shared_linear,16,128,9401100,16,15,15,15,15,15,16,16,16,16,16,15,1.0818641408493707e-16,1.1718182722841695e-15
shared_linear_n16_T128_s9401100,shared_linear,16,128,9401100,32,31,31,31,31,31,32,32,32,32,32,31,1.6360307307696606e-16,2.1346526326350372e-15
shared_linear_n16_T128_s9401100,shared_linear,16,128,9401100,64,32,32,32,32,32,33,33,33,33,33,63,2.1384645467321285e-16,2.2207750533846044e-15
shared_linear_n16_T128_s9401100,shared_linear,16,128,9401100,128,32,32,32,32,32,33,33,33,33,33,127,2.2500786495081326e-16,2.2207750533846044e-15
shared_linear_n16_T128_s9401101,shared_linear,16,128,9401101,8,7,7,7,7,7,8,8,8,8,8,7,9.9591130519126e-17,5.946795957418913e-16
shared_linear_n16_T128_s9401101,shared_linear,16,128,9401101,16,15,15,15,15,15,16,16,16,16,16,15,1.3525592165627022e-16,8.78230281802567e-16
shared_linear_n16_T128_s9401101,shared_linear,16,128,9401101,32,31,31,31,31,31,32,32,32,32,32,31,1.7345480151324492e-16,2.1696721533925054e-15
shared_linear_n16_T128_s9401101,shared_linear,16,128,9401101,64,32,32,32,32,32,33,33,33,33,33,63,2.168452157510273e-16,2.218607616535924e-15
shared_linear_n16_T128_s9401101,shared_linear,16,128,9401101,128,32,32,32,32,32,33,33,33,33,33,127,2.4441772790963027e-16,2.218607616535924e-15
shared_linear_n16_T128_s9401102,shared_linear,16,128,9401102,8,7,7,7,7,7,8,8,8,8,8,7,1.3379497834832836e-16,4.809416734395411e-16
shared_linear_n16_T128_s9401102,shared_linear,16,128,9401102,16,15,15,15,15,15,16,16,16,16,16,15,1.2999875593859042e-16,9.232421602059473e-16
shared_linear_n16_T128_s9401102,shared_linear,16,128,9401102,32,31,31,31,31,31,32,32,32,32,32,31,1.9492547861234322e-16,2.4423355883693217e-15
shared_linear_n16_T128_s9401102,shared_linear,16,128,9401102,64,32,32,32,32,32,33,33,33,33,33,63,2.273856545650791e-16,2.506099795912032e-15
shared_linear_n16_T128_s9401102,shared_linear,16,128,9401102,128,32,32,32,32,32,33,33,33,33,33,127,2.395795512781951e-16,2.506099795912032e-15
shared_linear_n16_T128_s9401103,shared_linear,16,128,9401103,8,7,7,7,7,7,8,8,8,8,8,7,8.926398486669443e-17,4.993041272083166e-16
shared_linear_n16_T128_s9401103,shared_linear,16,128,9401103,16,15,15,15,15,15,16,16,16,16,16,15,1.2452170002224251e-16,7.407964272634782e-16
shared_linear_n16_T128_s9401103,shared_linear,16,128,9401103,32,31,31,31,31,31,32,32,32,32,32,31,1.5950204548594118e-16,2.1976429591099217e-15
shared_linear_n16_T128_s9401103,shared_linear,16,128,9401103,64,32,32,32,32,32,33,33,33,33,33,63,1.8363322656855354e-16,2.2604140613449136e-15
shared_linear_n16_T128_s9401103,shared_linear,16,128,9401103,128,32,32,32,32,32,33,33,33,33,33,127,2.256001935230094e-16,2.2604140613449136e-15
shared_linear_n16_T128_s9401104,shared_linear,16,128,9401104,8,7,7,7,7,7,8,8,8,8,8,7,9.876411400742767e-17,4.476629423103326e-16
shared_linear_n16_T128_s9401104,shared_linear,16,128,9401104,16,15,15,15,15,15,16,16,16,16,16,15,1.88428385593647e-16,8.042253638885125e-16
shared_linear_n16_T128_s9401104,shared_linear,16,128,9401104,32,31,31,31,31,31,32,32,32,32,32,31,2.0567877546096246e-16,2.0682857336267883e-15
shared_linear_n16_T128_s9401104,shared_linear,16,128,9401104,64,32,32,32,32,32,33,33,33,33,33,63,2.185298376743776e-16,2.1081924235890063e-15
shared_linear_n16_T128_s9401104,shared_linear,16,128,9401104,128,32,32,32,32,32,33,33,33,33,33,127,2.3859482743833427e-16,2.1081924235890063e-15
independent_n8_T32_s9401100,independent,8,32,9401100,8,7,7,7,7,7,8,8,8,8,8,7,1.1138634136100307e-16,7.517311052233692e-16
independent_n8_T32_s9401100,independent,8,32,9401100,16,15,15,15,15,15,16,16,16,16,16,15,1.3743186065194572e-16,1.0154077002141892e-15
independent_n8_T32_s9401100,independent,8,32,9401100,32,31,31,31,31,31,32,32,32,32,32,31,1.8298205166248981e-16,1.3085900147518808e-15
independent_n8_T32_s9401100,independent,8,32,9401100,64,63,63,63,63,63,64,64,64,64,64,63,2.451080567373878e-16,2.0428382942056125e-15
independent_n8_T32_s9401100,independent,8,32,9401100,128,80,80,80,80,80,80,80,80,80,80,127,3.075445762031032e-16,2.4506533002591596e-15
independent_n8_T32_s9401101,independent,8,32,9401101,8,7,7,7,7,7,8,8,8,8,8,7,1.0233439462076563e-16,4.084691143966143e-16
independent_n8_T32_s9401101,independent,8,32,9401101,16,15,15,15,15,15,16,16,16,16,16,15,1.2991512420595149e-16,6.461331432360625e-16
independent_n8_T32_s9401101,independent,8,32,9401101,32,31,31,31,31,31,32,32,32,32,32,31,1.8339368306475273e-16,1.2633450032446185e-15
independent_n8_T32_s9401101,independent,8,32,9401101,64,63,63,63,63,63,64,64,64,64,64,63,2.4318521526326526e-16,1.8862039435277965e-15
independent_n8_T32_s9401101,independent,8,32,9401101,128,80,80,80,80,80,80,80,80,80,80,127,2.9447065199278444e-16,2.260776898847606e-15
independent_n8_T32_s9401102,independent,8,32,9401102,8,7,7,7,7,7,8,8,8,8,8,7,1.1402042357830686e-16,3.189762957965351e-16
independent_n8_T32_s9401102,independent,8,32,9401102,16,15,15,15,15,15,16,16,16,16,16,15,1.3526263927253591e-16,5.482550423096878e-16
independent_n8_T32_s9401102,independent,8,32,9401102,32,31,31,31,31,31,32,32,32,32,32,31,1.8552962391269738e-16,1.1420992194204408e-15
independent_n8_T32_s9401102,independent,8,32,9401102,64,63,63,63,63,63,64,64,64,64,64,63,2.5894259258137884e-16,1.8813688031038417e-15
independent_n8_T32_s9401102,independent,8,32,9401102,128,80,80,80,80,80,80,80,80,80,80,127,3.25639952374267e-16,2.2639312390617244e-15
independent_n8_T32_s9401103,independent,8,32,9401103,8,7,7,7,7,7,8,8,8,8,8,7,9.094982501065375e-17,7.193812056757214e-16
independent_n8_T32_s9401103,independent,8,32,9401103,16,15,15,15,15,15,16,16,16,16,16,15,1.3726776668619466e-16,9.668944716263087e-16
independent_n8_T32_s9401103,independent,8,32,9401103,32,31,31,31,31,31,32,32,32,32,32,31,2.0318984940107203e-16,1.2796737968196249e-15
independent_n8_T32_s9401103,independent,8,32,9401103,64,63,63,63,63,63,64,64,64,64,64,63,2.521364522383211e-16,1.901093207615623e-15
independent_n8_T32_s9401103,independent,8,32,9401103,128,80,80,80,80,80,80,80,80,80,80,127,3.26124383443401e-16,2.2962414270811655e-15
independent_n8_T32_s9401104,independent,8,32,9401104,8,7,7,7,7,7,8,8,8,8,8,7,1.1493174987390804e-16,3.4643220903868107e-16
independent_n8_T32_s9401104,independent,8,32,9401104,16,15,15,15,15,15,16,16,16,16,16,15,1.667944192055003e-16,5.220565128061916e-16
independent_n8_T32_s9401104,independent,8,32,9401104,32,31,31,31,31,31,32,32,32,32,32,31,1.945252335931765e-16,9.80896034968238e-16
independent_n8_T32_s9401104,independent,8,32,9401104,64,63,63,63,63,63,64,64,64,64,64,63,2.4499509087608376e-16,1.8361068513725576e-15
independent_n8_T32_s9401104,independent,8,32,9401104,128,80,80,80,80,80,80,80,80,80,80,127,3.0038458523479693e-16,2.1266059516571207e-15
independent_n8_T128_s9401100,independent,8,128,9401100,8,7,7,7,7,7,8,8,8,8,8,7,9.677940231622526e-17,4.213728275267203e-16
independent_n8_T128_s9401100,independent,8,128,9401100,16,15,15,15,15,15,16,16,16,16,16,15,1.4077188770596113e-16,6.73929030554808e-16
independent_n8_T128_s9401100,independent,8,128,9401100,32,31,31,31,31,31,32,32,32,32,32,31,1.9153152577226978e-16,1.2127437168425874e-15
independent_n8_T128_s9401100,independent,8,128,9401100,64,63,63,63,63,63,64,64,64,64,64,63,2.5082468547614165e-16,1.8737737451841444e-15
independent_n8_T128_s9401100,independent,8,128,9401100,128,80,80,80,80,80,80,80,80,80,80,127,3.0083962318666816e-16,2.220655877883467e-15
independent_n8_T128_s9401101,independent,8,128,9401101,8,7,7,7,7,7,8,8,8,8,8,7,8.223275032412267e-17,2.611774397982589e-16
independent_n8_T128_s9401101,independent,8,128,9401101,16,15,15,15,15,15,16,16,16,16,16,15,1.344572114470655e-16,4.481727218328462e-16
independent_n8_T128_s9401101,independent,8,128,9401101,32,31,31,31,31,31,32,32,32,32,32,31,1.7545447212825845e-16,1.0667391675202737e-15
independent_n8_T128_s9401101,independent,8,128,9401101,64,63,63,63,63,63,64,64,64,64,64,63,2.267994979427146e-16,1.7295283055160188e-15
independent_n8_T128_s9401101,independent,8,128,9401101,128,80,80,80,80,80,80,80,80,80,80,127,2.875413347622371e-16,2.078314222656667e-15
independent_n8_T128_s9401102,independent,8,128,9401102,8,7,7,7,7,7,8,8,8,8,8,7,9.957606934854593e-17,4.0496999753655863e-16
independent_n8_T128_s9401102,independent,8,128,9401102,16,15,15,15,15,15,16,16,16,16,16,15,1.4826205475538894e-16,7.719048351126559e-16
independent_n8_T128_s9401102,independent,8,128,9401102,32,31,31,31,31,31,32,32,32,32,32,31,1.949454657391476e-16,1.2016992989543754e-15
independent_n8_T128_s9401102,independent,8,128,9401102,64,63,63,63,63,63,64,64,64,64,64,63,2.46778693772353e-16,1.9603682293941456e-15
independent_n8_T128_s9401102,independent,8,128,9401102,128,80,80,80,80,80,80,80,80,80,80,127,3.125948125797047e-16,2.288420992472972e-15
independent_n8_T128_s9401103,independent,8,128,9401103,8,7,7,7,7,7,8,8,8,8,8,7,1.392146668828821e-16,5.966102808107681e-16
independent_n8_T128_s9401103,independent,8,128,9401103,16,15,15,15,15,15,16,16,16,16,16,15,1.708264964447692e-16,8.669747575040407e-16
independent_n8_T128_s9401103,independent,8,128,9401103,32,31,31,31,31,31,32,32,32,32,32,31,1.8268452847572755e-16,1.3057358108670518e-15
independent_n8_T128_s9401103,independent,8,128,9401103,64,63,63,63,63,63,64,64,64,64,64,63,2.634419789619169e-16,1.997258646917641e-15
independent_n8_T128_s9401103,independent,8,128,9401103,128,80,80,80,80,80,80,80,80,80,80,127,3.358745886568549e-16,2.362722633027717e-15
independent_n8_T128_s9401104,independent,8,128,9401104,8,7,7,7,7,7,8,8,8,8,8,7,1.1019934103210929e-16,4.1710747727995134e-16
independent_n8_T128_s9401104,independent,8,128,9401104,16,15,15,15,15,15,16,16,16,16,16,15,1.527788986085585e-16,7.88908969662074e-16
independent_n8_T128_s9401104,independent,8,128,9401104,32,31,31,31,31,31,32,32,32,32,32,31,1.974882973879702e-16,1.2662515789877267e-15
independent_n8_T128_s9401104,independent,8,128,9401104,64,63,63,63,63,63,64,64,64,64,64,63,2.507994706495063e-16,1.837979986388048e-15
independent_n8_T128_s9401104,independent,8,128,9401104,128,80,80,80,80,80,80,80,80,80,80,127,3.294970798419157e-16,2.186331870612863e-15
independent_n16_T32_s9401100,independent,16,32,9401100,8,7,7,7,7,7,8,8,8,8,8,7,1.1038891609430333e-16,5.93056294078196e-16
independent_n16_T32_s9401100,independent,16,32,9401100,16,15,15,15,15,15,16,16,16,16,16,15,1.3880231442989275e-16,8.237178170673965e-16
independent_n16_T32_s9401100,independent,16,32,9401100,32,31,31,31,31,31,32,32,32,32,32,31,1.7292428043897117e-16,1.112598115445596e-15
independent_n16_T32_s9401100,independent,16,32,9401100,64,63,63,63,63,63,64,64,64,64,64,63,2.40701255248944e-16,1.8875136338178895e-15
independent_n16_T32_s9401100,independent,16,32,9401100,128,127,127,127,127,127,128,128,128,128,128,127,3.4504371475266696e-16,3.0372856898043618e-15
independent_n16_T32_s9401101,independent,16,32,9401101,8,7,7,7,7,7,8,8,8,8,8,7,9.551196056980004e-17,6.032550531186623e-16
independent_n16_T32_s9401101,independent,16,32,9401101,16,15,15,15,15,15,16,16,16,16,16,15,1.2079795102215184e-16,8.673183864602378e-16
independent_n16_T32_s9401101,independent,16,32,9401101,32,31,31,31,31,31,32,32,32,32,32,31,1.7480260005416842e-16,1.2721203530730506e-15
independent_n16_T32_s9401101,independent,16,32,9401101,64,63,63,63,63,63,64,64,64,64,64,63,2.411963254975684e-16,1.9241172982806633e-15
independent_n16_T32_s9401101,independent,16,32,9401101,128,127,127,127,127,127,128,128,128,128,128,127,3.382284871888599e-16,3.1033972250779257e-15
independent_n16_T32_s9401102,independent,16,32,9401102,8,7,7,7,7,7,8,8,8,8,8,7,9.500343546826135e-17,3.0093559122267225e-16
independent_n16_T32_s9401102,independent,16,32,9401102,16,15,15,15,15,15,16,16,16,16,16,15,1.2774109713997747e-16,6.455253127626194e-16
independent_n16_T32_s9401102,independent,16,32,9401102,32,31,31,31,31,31,32,32,32,32,32,31,1.7613525628778144e-16,1.198808289421701e-15
independent_n16_T32_s9401102,independent,16,32,9401102,64,63,63,63,63,63,64,64,64,64,64,63,2.487114211936326e-16,1.8748019520795687e-15
independent_n16_T32_s9401102,independent,16,32,9401102,128,127,127,127,127,127,128,128,128,128,128,127,3.631134658222084e-16,2.976690149026735e-15
independent_n16_T32_s9401103,independent,16,32,9401103,8,7,7,7,7,7,8,8,8,8,8,7,1.1558524664171893e-16,5.695965788634614e-16
independent_n16_T32_s9401103,independent,16,32,9401103,16,15,15,15,15,15,16,16,16,16,16,15,1.4121099415466656e-16,7.755999199865513e-16
independent_n16_T32_s9401103,independent,16,32,9401103,32,31,31,31,31,31,32,32,32,32,32,31,1.853397241891624e-16,1.329685147506745e-15
independent_n16_T32_s9401103,independent,16,32,9401103,64,63,63,63,63,63,64,64,64,64,64,63,2.5405405318886846e-16,2.098258678377039e-15
independent_n16_T32_s9401103,independent,16,32,9401103,128,127,127,127,127,127,128,128,128,128,128,127,3.6112877832314853e-16,3.240768440156719e-15
independent_n16_T32_s9401104,independent,16,32,9401104,8,7,7,7,7,7,8,8,8,8,8,7,1.0626321658082523e-16,4.761236391687531e-16
independent_n16_T32_s9401104,independent,16,32,9401104,16,15,15,15,15,15,16,16,16,16,16,15,1.3421459415037637e-16,8.285841207221833e-16
independent_n16_T32_s9401104,independent,16,32,9401104,32,31,31,31,31,31,32,32,32,32,32,31,1.8111321106880204e-16,1.2712946837478897e-15
independent_n16_T32_s9401104,independent,16,32,9401104,64,63,63,63,63,63,64,64,64,64,64,63,2.4587962384252336e-16,1.9017893618688527e-15
independent_n16_T32_s9401104,independent,16,32,9401104,128,127,127,127,127,127,128,128,128,128,128,127,3.499012006799943e-16,2.9584161789868667e-15
independent_n16_T128_s9401100,independent,16,128,9401100,8,7,7,7,7,7,8,8,8,8,8,7,1.0481153316103637e-16,7.464666409104346e-16
independent_n16_T128_s9401100,independent,16,128,9401100,16,15,15,15,15,15,16,16,16,16,16,15,1.3839332891922884e-16,9.579845803213344e-16
independent_n16_T128_s9401100,independent,16,128,9401100,32,31,31,31,31,31,32,32,32,32,32,31,1.79883061738126e-16,1.2374534054038871e-15
independent_n16_T128_s9401100,independent,16,128,9401100,64,63,63,63,63,63,64,64,64,64,64,63,2.4420112591790287e-16,1.8717327780877775e-15
independent_n16_T128_s9401100,independent,16,128,9401100,128,127,127,127,127,127,128,128,128,128,128,127,3.4774332258754724e-16,3.116278837333543e-15
independent_n16_T128_s9401101,independent,16,128,9401101,8,7,7,7,7,7,8,8,8,8,8,7,1.1154974652735948e-16,6.681821132540781e-16
independent_n16_T128_s9401101,independent,16,128,9401101,16,15,15,15,15,15,16,16,16,16,16,15,1.4331019158872634e-16,8.245098117112083e-16
independent_n16_T128_s9401101,independent,16,128,9401101,32,31,31,31,31,31,32,32,32,32,32,31,1.7871773083346817e-16,1.2999458857456028e-15
independent_n16_T128_s9401101,independent,16,128,9401101,64,63,63,63,63,63,64,64,64,64,64,63,2.5097580579253863e-16,2.0994679298862815e-15
independent_n16_T128_s9401101,independent,16,128,9401101,128,127,127,127,127,127,128,128,128,128,128,127,3.484162043489383e-16,3.256874028753524e-15
independent_n16_T128_s9401102,independent,16,128,9401102,8,7,7,7,7,7,8,8,8,8,8,7,1.2447064588111926e-16,7.307147063016002e-16
independent_n16_T128_s9401102,independent,16,128,9401102,16,15,15,15,15,15,16,16,16,16,16,15,1.4917923976691826e-16,1.0190271090768829e-15
independent_n16_T128_s9401102,independent,16,128,9401102,32,31,31,31,31,31,32,32,32,32,32,31,1.9168032792416265e-16,1.2521212713110128e-15
independent_n16_T128_s9401102,independent,16,128,9401102,64,63,63,63,63,63,64,64,64,64,64,63,2.5418194707775763e-16,2.056056045119693e-15
independent_n16_T128_s9401102,independent,16,128,9401102,128,127,127,127,127,127,128,128,128,128,128,127,3.5845122869954974e-16,3.1897036154664044e-15
independent_n16_T128_s9401103,independent,16,128,9401103,8,7,7,7,7,7,8,8,8,8,8,7,1.1146712241708743e-16,4.633328578245898e-16
independent_n16_T128_s9401103,independent,16,128,9401103,16,15,15,15,15,15,16,16,16,16,16,15,1.5413403566210448e-16,6.279763142675441e-16
independent_n16_T128_s9401103,independent,16,128,9401103,32,31,31,31,31,31,32,32,32,32,32,31,1.92776036814394e-16,1.236349548056104e-15
independent_n16_T128_s9401103,independent,16,128,9401103,64,63,63,63,63,63,64,64,64,64,64,63,2.585432566848513e-16,1.8636078240984747e-15
independent_n16_T128_s9401103,independent,16,128,9401103,128,127,127,127,127,127,128,128,128,128,128,127,3.6311841037473783e-16,3.12602699796945e-15
independent_n16_T128_s9401104,independent,16,128,9401104,8,7,7,7,7,7,8,8,8,8,8,7,1.1109176177229374e-16,5.010675280701761e-16
independent_n16_T128_s9401104,independent,16,128,9401104,16,15,15,15,15,15,16,16,16,16,16,15,1.3209659520398455e-16,8.299008737034628e-16
independent_n16_T128_s9401104,independent,16,128,9401104,32,31,31,31,31,31,32,32,32,32,32,31,1.7497508384270891e-16,1.1879203970901433e-15
independent_n16_T128_s9401104,independent,16,128,9401104,64,63,63,63,63,63,64,64,64,64,64,63,2.4853507609283696e-16,2.066364228853848e-15
independent_n16_T128_s9401104,independent,16,128,9401104,128,127,127,127,127,127,128,128,128,128,128,127,3.5550487747873593e-16,3.1486423526098006e-15
rank1_feedback_n8_T32_s9401100,rank1_feedback,8,32,9401100,8,7,7,7,7,7,8,8,8,8,8,7,1.2754560163970515e-16,6.278460788941125e-16
rank1_feedback_n8_T32_s9401100,rank1_feedback,8,32,9401100,16,15,15,15,15,15,16,16,16,16,16,15,1.6371524023676977e-16,1.0827594520603806e-15
rank1_feedback_n8_T32_s9401100,rank1_feedback,8,32,9401100,32,31,31,31,31,31,32,32,32,32,32,31,1.9185223605700448e-16,2.1580940211001537e-15
rank1_feedback_n8_T32_s9401100,rank1_feedback,8,32,9401100,64,63,63,63,63,63,64,64,64,64,64,63,2.663178258516023e-16,3.4410153872494307e-15
rank1_feedback_n8_T32_s9401100,rank1_feedback,8,32,9401100,128,127,127,127,127,127,128,128,128,128,128,127,3.4544396803835184e-16,5.264318276835341e-15
rank1_feedback_n8_T32_s9401101,rank1_feedback,8,32,9401101,8,7,7,7,7,7,8,8,8,8,8,7,1.0831102551694106e-16,5.981343118911987e-16
rank1_feedback_n8_T32_s9401101,rank1_feedback,8,32,9401101,16,15,15,15,15,15,16,16,16,16,16,15,1.278991043729636e-16,1.1536274016982657e-15
rank1_feedback_n8_T32_s9401101,rank1_feedback,8,32,9401101,32,31,31,31,31,31,32,32,32,32,32,31,1.7780419850122133e-16,2.0058897833674472e-15
rank1_feedback_n8_T32_s9401101,rank1_feedback,8,32,9401101,64,63,63,63,63,63,64,64,64,64,64,63,2.426041268170483e-16,3.1991553229675162e-15
rank1_feedback_n8_T32_s9401101,rank1_feedback,8,32,9401101,128,127,127,127,127,127,128,128,128,128,128,127,3.3626612598355567e-16,4.925234404564009e-15
rank1_feedback_n8_T32_s9401102,rank1_feedback,8,32,9401102,8,7,7,7,7,7,8,8,8,8,8,7,1.3611568942666538e-16,4.471998437626386e-16
rank1_feedback_n8_T32_s9401102,rank1_feedback,8,32,9401102,16,15,15,15,15,15,16,16,16,16,16,15,1.560004326914209e-16,1.0539198265766038e-15
rank1_feedback_n8_T32_s9401102,rank1_feedback,8,32,9401102,32,31,31,31,31,31,32,32,32,32,32,31,2.0163278426853494e-16,1.9475454009375453e-15
rank1_feedback_n8_T32_s9401102,rank1_feedback,8,32,9401102,64,63,63,63,63,63,64,64,64,64,64,63,2.689817094649896e-16,3.2050163161708708e-15
rank1_feedback_n8_T32_s9401102,rank1_feedback,8,32,9401102,128,127,127,127,127,127,128,128,128,128,128,127,3.4771375829943687e-16,5.01644186241864e-15
rank1_feedback_n8_T32_s9401103,rank1_feedback,8,32,9401103,8,7,7,7,7,7,8,8,8,8,8,7,1.131650923581421e-16,7.874384154752008e-16
rank1_feedback_n8_T32_s9401103,rank1_feedback,8,32,9401103,16,15,15,15,15,15,16,16,16,16,16,15,1.5271311352011144e-16,1.2414338247003991e-15
rank1_feedback_n8_T32_s9401103,rank1_feedback,8,32,9401103,32,31,31,31,31,31,32,32,32,32,32,31,2.0318180610283331e-16,2.1023950987134117e-15
rank1_feedback_n8_T32_s9401103,rank1_feedback,8,32,9401103,64,63,63,63,63,63,64,64,64,64,64,63,2.790029658148538e-16,3.321034827551348e-15
rank1_feedback_n8_T32_s9401103,rank1_feedback,8,32,9401103,128,127,127,127,127,127,128,128,128,128,128,127,3.6162473036044577e-16,5.1899296235545256e-15
rank1_feedback_n8_T32_s9401104,rank1_feedback,8,32,9401104,8,7,7,7,7,7,8,8,8,8,8,7,1.20393282736165e-16,4.950323222051137e-16
rank1_feedback_n8_T32_s9401104,rank1_feedback,8,32,9401104,16,15,15,15,15,15,16,16,16,16,16,15,1.432868403196164e-16,1.0866415719329754e-15
rank1_feedback_n8_T32_s9401104,rank1_feedback,8,32,9401104,32,31,31,31,31,31,32,32,32,32,32,31,1.9115481971572333e-16,2.0220762584394195e-15
rank1_feedback_n8_T32_s9401104,rank1_feedback,8,32,9401104,64,63,63,63,63,63,64,64,64,64,64,63,2.5801381714931073e-16,3.437510077939376e-15
rank1_feedback_n8_T32_s9401104,rank1_feedback,8,32,9401104,128,127,127,127,127,127,128,128,128,128,128,127,3.5271733167275093e-16,5.33270345688698e-15
rank1_feedback_n8_T128_s9401100,rank1_feedback,8,128,9401100,8,7,7,7,7,7,8,8,8,8,8,7,9.761670215738716e-17,8.218267915161044e-16
rank1_feedback_n8_T128_s9401100,rank1_feedback,8,128,9401100,16,15,15,15,15,15,16,16,16,16,16,15,1.5002116740718668e-16,1.1731713557012796e-15
rank1_feedback_n8_T128_s9401100,rank1_feedback,8,128,9401100,32,31,31,31,31,31,32,32,32,32,32,31,2.0023780009470295e-16,2.057526294090045e-15
rank1_feedback_n8_T128_s9401100,rank1_feedback,8,128,9401100,64,63,63,63,63,63,64,64,64,64,64,63,2.573996265475501e-16,3.3580058020993126e-15
rank1_feedback_n8_T128_s9401100,rank1_feedback,8,128,9401100,128,127,127,127,127,127,128,128,128,128,128,127,3.3779143127652653e-16,5.1068033166584076e-15
rank1_feedback_n8_T128_s9401101,rank1_feedback,8,128,9401101,8,7,7,7,7,7,8,8,8,8,8,7,1.0644041316952428e-16,5.645790094684628e-16
rank1_feedback_n8_T128_s9401101,rank1_feedback,8,128,9401101,16,15,15,15,15,15,16,16,16,16,16,15,1.244916471630486e-16,1.2245119252435057e-15
rank1_feedback_n8_T128_s9401101,rank1_feedback,8,128,9401101,32,31,31,31,31,31,32,32,32,32,32,31,1.6626892810427424e-16,2.109055200927976e-15
rank1_feedback_n8_T128_s9401101,rank1_feedback,8,128,9401101,64,63,63,63,63,63,64,64,64,64,64,63,2.4029058928403645e-16,3.4329268969936753e-15
rank1_feedback_n8_T128_s9401101,rank1_feedback,8,128,9401101,128,127,127,127,127,127,128,128,128,128,128,127,3.2351627256223256e-16,5.061127658709256e-15
rank1_feedback_n8_T128_s9401102,rank1_feedback,8,128,9401102,8,7,7,7,7,7,8,8,8,8,8,7,9.93372839520219e-17,6.217608976980933e-16
rank1_feedback_n8_T128_s9401102,rank1_feedback,8,128,9401102,16,15,15,15,15,15,16,16,16,16,16,15,1.4400556106601716e-16,9.330055100368954e-16
rank1_feedback_n8_T128_s9401102,rank1_feedback,8,128,9401102,32,31,31,31,31,31,32,32,32,32,32,31,1.8070145589225924e-16,1.8299890588566784e-15
rank1_feedback_n8_T128_s9401102,rank1_feedback,8,128,9401102,64,63,63,63,63,63,64,64,64,64,64,63,2.5582476365284233e-16,3.199096500800416e-15
rank1_feedback_n8_T128_s9401102,rank1_feedback,8,128,9401102,128,127,127,127,127,127,128,128,128,128,128,127,3.4221131834775514e-16,4.92391059759121e-15
rank1_feedback_n8_T128_s9401103,rank1_feedback,8,128,9401103,8,7,7,7,7,7,8,8,8,8,8,7,1.2889380318974698e-16,5.356412804793006e-16
rank1_feedback_n8_T128_s9401103,rank1_feedback,8,128,9401103,16,15,15,15,15,15,16,16,16,16,16,15,1.5486362686244193e-16,8.09037589182467e-16
rank1_feedback_n8_T128_s9401103,rank1_feedback,8,128,9401103,32,31,31,31,31,31,32,32,32,32,32,31,1.9818068638703317e-16,1.7843183931395647e-15
rank1_feedback_n8_T128_s9401103,rank1_feedback,8,128,9401103,64,63,63,63,63,63,64,64,64,64,64,63,2.693138740987395e-16,3.1840072226622966e-15
rank1_feedback_n8_T128_s9401103,rank1_feedback,8,128,9401103,128,127,127,127,127,127,128,128,128,128,128,127,3.604063841188459e-16,5.200888161776475e-15
rank1_feedback_n8_T128_s9401104,rank1_feedback,8,128,9401104,8,7,7,7,7,7,8,8,8,8,8,7,1.1632063101213104e-16,3.7271570515422655e-16
rank1_feedback_n8_T128_s9401104,rank1_feedback,8,128,9401104,16,15,15,15,15,15,16,16,16,16,16,15,1.5880642051785022e-16,1.163159716473968e-15
rank1_feedback_n8_T128_s9401104,rank1_feedback,8,128,9401104,32,31,31,31,31,31,32,32,32,32,32,31,1.8790574774966719e-16,2.0215236447553627e-15
rank1_feedback_n8_T128_s9401104,rank1_feedback,8,128,9401104,64,63,63,63,63,63,64,64,64,64,64,63,2.483299837271099e-16,3.430889882948922e-15
rank1_feedback_n8_T128_s9401104,rank1_feedback,8,128,9401104,128,127,127,127,127,127,128,128,128,128,128,127,3.40067513596363e-16,5.307051227194964e-15
rank1_feedback_n16_T32_s9401100,rank1_feedback,16,32,9401100,8,7,7,7,7,7,8,8,8,8,8,7,1.1372619552948166e-16,9.646574226199838e-16
rank1_feedback_n16_T32_s9401100,rank1_feedback,16,32,9401100,16,15,15,15,15,15,16,16,16,16,16,15,1.4453551612037215e-16,1.5928824940060624e-15
rank1_feedback_n16_T32_s9401100,rank1_feedback,16,32,9401100,32,31,31,31,31,31,32,32,32,32,32,31,1.8030156577923592e-16,2.5635345099828183e-15
rank1_feedback_n16_T32_s9401100,rank1_feedback,16,32,9401100,64,63,63,63,63,63,64,64,64,64,64,63,2.546114698297619e-16,4.341714137723496e-15
rank1_feedback_n16_T32_s9401100,rank1_feedback,16,32,9401100,128,127,127,127,127,127,128,128,128,128,128,127,3.513459297606855e-16,7.108819289370388e-15
rank1_feedback_n16_T32_s9401101,rank1_feedback,16,32,9401101,8,7,7,7,7,7,8,8,8,8,8,7,1.23007870141972e-16,7.780652242096977e-16
rank1_feedback_n16_T32_s9401101,rank1_feedback,16,32,9401101,16,15,15,15,15,15,16,16,16,16,16,15,1.4485953879944557e-16,1.3396301606793288e-15
rank1_feedback_n16_T32_s9401101,rank1_feedback,16,32,9401101,32,31,31,31,31,31,32,32,32,32,32,31,1.9295338512957007e-16,2.0670508645977075e-15
rank1_feedback_n16_T32_s9401101,rank1_feedback,16,32,9401101,64,63,63,63,63,63,64,64,64,64,64,63,2.548933717813289e-16,3.9207944593771426e-15
rank1_feedback_n16_T32_s9401101,rank1_feedback,16,32,9401101,128,127,127,127,127,127,128,128,128,128,128,127,3.6289750671559e-16,6.973405351449696e-15
rank1_feedback_n16_T32_s9401102,rank1_feedback,16,32,9401102,8,7,7,7,7,7,8,8,8,8,8,7,1.2638672365565206e-16,8.239020968985096e-16
rank1_feedback_n16_T32_s9401102,rank1_feedback,16,32,9401102,16,15,15,15,15,15,16,16,16,16,16,15,1.469153177843698e-16,1.256508877913771e-15
rank1_feedback_n16_T32_s9401102,rank1_feedback,16,32,9401102,32,31,31,31,31,31,32,32,32,32,32,31,1.909533055110367e-16,2.2496827028001744e-15
rank1_feedback_n16_T32_s9401102,rank1_feedback,16,32,9401102,64,63,63,63,63,63,64,64,64,64,64,63,2.6815533558404856e-16,4.0455893540446804e-15
rank1_feedback_n16_T32_s9401102,rank1_feedback,16,32,9401102,128,127,127,127,127,127,128,128,128,128,128,127,3.778873908331813e-16,6.742221389885125e-15
rank1_feedback_n16_T32_s9401103,rank1_feedback,16,32,9401103,8,7,7,7,7,7,8,8,8,8,8,7,1.2176536189052912e-16,7.01626405787364e-16
rank1_feedback_n16_T32_s9401103,rank1_feedback,16,32,9401103,16,15,15,15,15,15,16,16,16,16,16,15,1.4674629634150658e-16,1.2845188517858231e-15
rank1_feedback_n16_T32_s9401103,rank1_feedback,16,32,9401103,32,31,31,31,31,31,32,32,32,32,32,31,1.8566556950907347e-16,2.0751309718201317e-15
rank1_feedback_n16_T32_s9401103,rank1_feedback,16,32,9401103,64,63,63,63,63,63,64,64,64,64,64,63,2.6237841884688205e-16,4.221957233582844e-15
rank1_feedback_n16_T32_s9401103,rank1_feedback,16,32,9401103,128,127,127,127,127,127,128,128,128,128,128,127,3.7073159626266765e-16,7.113346507555572e-15
rank1_feedback_n16_T32_s9401104,rank1_feedback,16,32,9401104,8,7,7,7,7,7,8,8,8,8,8,7,1.1933008769908322e-16,1.0003155309682825e-15
rank1_feedback_n16_T32_s9401104,rank1_feedback,16,32,9401104,16,15,15,15,15,15,16,16,16,16,16,15,1.4156127122006304e-16,1.4640821148465687e-15
rank1_feedback_n16_T32_s9401104,rank1_feedback,16,32,9401104,32,31,31,31,31,31,32,32,32,32,32,31,1.841832699448834e-16,2.453260393341e-15
rank1_feedback_n16_T32_s9401104,rank1_feedback,16,32,9401104,64,63,63,63,63,63,64,64,64,64,64,63,2.52493870132767e-16,4.0538671358593956e-15
rank1_feedback_n16_T32_s9401104,rank1_feedback,16,32,9401104,128,127,127,127,127,127,128,128,128,128,128,127,3.696490831525577e-16,7.19930707735714e-15
rank1_feedback_n16_T128_s9401100,rank1_feedback,16,128,9401100,8,7,7,7,7,7,8,8,8,8,8,7,1.1689678332905275e-16,6.0573871862327215e-16
rank1_feedback_n16_T128_s9401100,rank1_feedback,16,128,9401100,16,15,15,15,15,15,16,16,16,16,16,15,1.4180892957309878e-16,1.0001292539430596e-15
rank1_feedback_n16_T128_s9401100,rank1_feedback,16,128,9401100,32,31,31,31,31,31,32,32,32,32,32,31,1.811586876519512e-16,1.852980761648028e-15
rank1_feedback_n16_T128_s9401100,rank1_feedback,16,128,9401100,64,63,63,63,63,63,64,64,64,64,64,63,2.5302684467667113e-16,3.796072554300176e-15
rank1_feedback_n16_T128_s9401100,rank1_feedback,16,128,9401100,128,127,127,127,127,127,128,128,128,128,128,127,3.610941191969626e-16,6.946360913187088e-15
rank1_feedback_n16_T128_s9401101,rank1_feedback,16,128,9401101,8,7,7,7,7,7,8,8,8,8,8,7,1.066431249965159e-16,5.416196411890468e-16
rank1_feedback_n16_T128_s9401101,rank1_feedback,16,128,9401101,16,15,15,15,15,15,16,16,16,16,16,15,1.4369957675677628e-16,1.009638321979635e-15
rank1_feedback_n16_T128_s9401101,rank1_feedback,16,128,9401101,32,31,31,31,31,31,32,32,32,32,32,31,1.9383943784928995e-16,2.063871871454849e-15
rank1_feedback_n16_T128_s9401101,rank1_feedback,16,128,9401101,64,63,63,63,63,63,64,64,64,64,64,63,2.580996019406034e-16,3.975293719275504e-15
rank1_feedback_n16_T128_s9401101,rank1_feedback,16,128,9401101,128,127,127,127,127,127,128,128,128,128,128,127,3.680924283964488e-16,7.0049132151955956e-15
rank1_feedback_n16_T128_s9401102,rank1_feedback,16,128,9401102,8,7,7,7,7,7,8,8,8,8,8,7,1.092028498837139e-16,6.825735542606055e-16
rank1_feedback_n16_T128_s9401102,rank1_feedback,16,128,9401102,16,15,15,15,15,15,16,16,16,16,16,15,1.467618721351049e-16,9.506994815673583e-16
rank1_feedback_n16_T128_s9401102,rank1_feedback,16,128,9401102,32,31,31,31,31,31,32,32,32,32,32,31,1.8868820148506984e-16,1.9091535931873953e-15
rank1_feedback_n16_T128_s9401102,rank1_feedback,16,128,9401102,64,63,63,63,63,63,64,64,64,64,64,63,2.641957635373507e-16,3.9632927761981914e-15
rank1_feedback_n16_T128_s9401102,rank1_feedback,16,128,9401102,128,127,127,127,127,127,128,128,128,128,128,127,3.6664980257162373e-16,6.871600022769916e-15
rank1_feedback_n16_T128_s9401103,rank1_feedback,16,128,9401103,8,7,7,7,7,7,8,8,8,8,8,7,1.1990607682968293e-16,1.084105676908535e-15
rank1_feedback_n16_T128_s9401103,rank1_feedback,16,128,9401103,16,15,15,15,15,15,16,16,16,16,16,15,1.450681223580164e-16,1.3557658412863553e-15
rank1_feedback_n16_T128_s9401103,rank1_feedback,16,128,9401103,32,31,31,31,31,31,32,32,32,32,32,31,1.8739107700757007e-16,2.1464168292556916e-15
rank1_feedback_n16_T128_s9401103,rank1_feedback,16,128,9401103,64,63,63,63,63,63,64,64,64,64,64,63,2.5933925549935706e-16,4.240621684635119e-15
rank1_feedback_n16_T128_s9401103,rank1_feedback,16,128,9401103,128,127,127,127,127,127,128,128,128,128,128,127,3.7252381429500437e-16,7.307655536647692e-15
rank1_feedback_n16_T128_s9401104,rank1_feedback,16,128,9401104,8,7,7,7,7,7,8,8,8,8,8,7,1.25756110681568e-16,3.250150798590961e-16
rank1_feedback_n16_T128_s9401104,rank1_feedback,16,128,9401104,16,15,15,15,15,15,16,16,16,16,16,15,1.5492331246503246e-16,9.070301562361703e-16
rank1_feedback_n16_T128_s9401104,rank1_feedback,16,128,9401104,32,31,31,31,31,31,32,32,32,32,32,31,1.8948176290851584e-16,1.9402667515394144e-15
rank1_feedback_n16_T128_s9401104,rank1_feedback,16,128,9401104,64,63,63,63,63,63,64,64,64,64,64,63,2.6389977679916197e-16,3.941285071129614e-15
rank1_feedback_n16_T128_s9401104,rank1_feedback,16,128,9401104,128,127,127,127,127,127,128,128,128,128,128,127,3.6779786419933396e-16,6.990258676532554e-15
full_feedback_n8_T32_s9401100,full_feedback,8,32,9401100,8,7,7,7,7,7,8,8,8,8,8,7,1.0471451772887979e-16,4.0501076360130283e-16
full_feedback_n8_T32_s9401100,full_feedback,8,32,9401100,16,15,15,15,15,15,16,16,16,16,16,15,1.3347342285280527e-16,7.985452637205627e-16
full_feedback_n8_T32_s9401100,full_feedback,8,32,9401100,32,31,31,31,31,31,32,32,32,32,32,31,1.812418118056838e-16,1.22866667411262e-15
full_feedback_n8_T32_s9401100,full_feedback,8,32,9401100,64,63,63,63,63,63,64,64,64,64,64,63,2.5411281174686334e-16,2.1957013613105712e-15
full_feedback_n8_T32_s9401100,full_feedback,8,32,9401100,128,127,127,127,127,127,128,128,128,128,128,127,3.336989713304228e-16,3.77469288834675e-15
full_feedback_n8_T32_s9401101,full_feedback,8,32,9401101,8,7,7,7,7,7,8,8,8,8,8,7,1.1543979127699252e-16,6.319660804047989e-16
full_feedback_n8_T32_s9401101,full_feedback,8,32,9401101,16,15,15,15,15,15,16,16,16,16,16,15,1.5450923464189983e-16,8.862568769722914e-16
full_feedback_n8_T32_s9401101,full_feedback,8,32,9401101,32,31,31,31,31,31,32,32,32,32,32,31,1.9121461064682198e-16,1.2289818195240632e-15
full_feedback_n8_T32_s9401101,full_feedback,8,32,9401101,64,63,63,63,63,63,64,64,64,64,64,63,2.9018833000229814e-16,2.3381463723249283e-15
full_feedback_n8_T32_s9401101,full_feedback,8,32,9401101,128,127,127,127,127,127,128,128,128,128,128,127,3.682379662055411e-16,3.973166629863902e-15
full_feedback_n8_T32_s9401102,full_feedback,8,32,9401102,8,7,7,7,7,7,8,8,8,8,8,7,1.1872425326246237e-16,5.854524129436927e-16
full_feedback_n8_T32_s9401102,full_feedback,8,32,9401102,16,15,15,15,15,15,16,16,16,16,16,15,1.4793517485330624e-16,1.0133457437264467e-15
full_feedback_n8_T32_s9401102,full_feedback,8,32,9401102,32,31,31,31,31,31,32,32,32,32,32,31,2.0162670940148865e-16,1.459547031212421e-15
full_feedback_n8_T32_s9401102,full_feedback,8,32,9401102,64,63,63,63,63,63,64,64,64,64,64,63,2.9589535164680397e-16,2.4182531386020908e-15
full_feedback_n8_T32_s9401102,full_feedback,8,32,9401102,128,127,127,127,127,127,128,128,128,128,128,127,3.472293738618268e-16,4.0993821475519386e-15
full_feedback_n8_T32_s9401103,full_feedback,8,32,9401103,8,7,7,7,7,7,8,8,8,8,8,7,1.1104006818751108e-16,5.702399037106628e-16
full_feedback_n8_T32_s9401103,full_feedback,8,32,9401103,16,15,15,15,15,15,16,16,16,16,16,15,1.448085658627843e-16,7.635044941461896e-16
full_feedback_n8_T32_s9401103,full_feedback,8,32,9401103,32,31,31,31,31,31,32,32,32,32,32,31,1.992094451166624e-16,1.1656659784749421e-15
full_feedback_n8_T32_s9401103,full_feedback,8,32,9401103,64,63,63,63,63,63,64,64,64,64,64,63,2.728505479704227e-16,2.251621629053407e-15
full_feedback_n8_T32_s9401103,full_feedback,8,32,9401103,128,127,127,127,127,127,128,128,128,128,128,127,3.576773042166998e-16,3.929162001114693e-15
full_feedback_n8_T32_s9401104,full_feedback,8,32,9401104,8,7,7,7,7,7,8,8,8,8,8,7,1.243892765367335e-16,2.972185131864338e-16
full_feedback_n8_T32_s9401104,full_feedback,8,32,9401104,16,15,15,15,15,15,16,16,16,16,16,15,1.495393153772893e-16,9.84571277607619e-16
full_feedback_n8_T32_s9401104,full_feedback,8,32,9401104,32,31,31,31,31,31,32,32,32,32,32,31,1.9599568211765203e-16,1.2803976957401857e-15
full_feedback_n8_T32_s9401104,full_feedback,8,32,9401104,64,63,63,63,63,63,64,64,64,64,64,63,2.956720648706031e-16,2.380822637744025e-15
full_feedback_n8_T32_s9401104,full_feedback,8,32,9401104,128,127,127,127,127,127,128,128,128,128,128,127,4.00706351091449e-16,4.026068044679707e-15
full_feedback_n8_T128_s9401100,full_feedback,8,128,9401100,8,7,7,7,7,7,8,8,8,8,8,7,1.0743022356014624e-16,6.699505517273512e-16
full_feedback_n8_T128_s9401100,full_feedback,8,128,9401100,16,15,15,15,15,15,16,16,16,16,16,15,1.3930685754907123e-16,7.769168087106393e-16
full_feedback_n8_T128_s9401100,full_feedback,8,128,9401100,32,31,31,31,31,31,32,32,32,32,32,31,1.8177333949346458e-16,1.225418759337456e-15
full_feedback_n8_T128_s9401100,full_feedback,8,128,9401100,64,63,63,63,63,63,64,64,64,64,64,63,2.5040857504483537e-16,2.238038699508705e-15
full_feedback_n8_T128_s9401100,full_feedback,8,128,9401100,128,127,127,127,127,127,128,128,128,128,128,127,3.390861098465291e-16,3.9310024150044876e-15
full_feedback_n8_T128_s9401101,full_feedback,8,128,9401101,8,7,7,7,7,7,8,8,8,8,8,7,1.110498064403193e-16,6.322649166204679e-16
full_feedback_n8_T128_s9401101,full_feedback,8,128,9401101,16,15,15,15,15,15,16,16,16,16,16,15,1.4443835196217651e-16,8.564429877246928e-16
full_feedback_n8_T128_s9401101,full_feedback,8,128,9401101,32,31,31,31,31,31,32,32,32,32,32,31,1.9770696947323519e-16,1.2985701286427866e-15
full_feedback_n8_T128_s9401101,full_feedback,8,128,9401101,64,63,63,63,63,63,64,64,64,64,64,63,2.8289320147433283e-16,2.26483961392532e-15
full_feedback_n8_T128_s9401101,full_feedback,8,128,9401101,128,127,127,127,127,127,128,128,128,128,128,127,3.7173137181530224e-16,3.876911902008243e-15
full_feedback_n8_T128_s9401102,full_feedback,8,128,9401102,8,7,7,7,7,7,8,8,8,8,8,7,9.906976405658011e-17,5.47157404616832e-16
full_feedback_n8_T128_s9401102,full_feedback,8,128,9401102,16,15,15,15,15,15,16,16,16,16,16,15,1.2850595281367706e-16,8.218222235683523e-16
full_feedback_n8_T128_s9401102,full_feedback,8,128,9401102,32,31,31,31,31,31,32,32,32,32,32,31,1.8492099110345114e-16,1.2979568240713895e-15
full_feedback_n8_T128_s9401102,full_feedback,8,128,9401102,64,63,63,63,63,63,64,64,64,64,64,63,2.599091731465049e-16,2.3971996436395514e-15
full_feedback_n8_T128_s9401102,full_feedback,8,128,9401102,128,127,127,127,127,127,128,128,128,128,128,127,3.4126744733564047e-16,4.022388425653043e-15
full_feedback_n8_T128_s9401103,full_feedback,8,128,9401103,8,7,7,7,7,7,8,8,8,8,8,7,1.1789164078985497e-16,8.333162380894286e-16
full_feedback_n8_T128_s9401103,full_feedback,8,128,9401103,16,15,15,15,15,15,16,16,16,16,16,15,1.4612048202601005e-16,8.962392057982277e-16
full_feedback_n8_T128_s9401103,full_feedback,8,128,9401103,32,31,31,31,31,31,32,32,32,32,32,31,1.9532339306140513e-16,1.2642609793550727e-15
full_feedback_n8_T128_s9401103,full_feedback,8,128,9401103,64,63,63,63,63,63,64,64,64,64,64,63,2.6717799710872267e-16,2.2797977238664235e-15
full_feedback_n8_T128_s9401103,full_feedback,8,128,9401103,128,127,127,127,127,127,128,128,128,128,128,127,3.522544309420558e-16,3.978737421313467e-15
full_feedback_n8_T128_s9401104,full_feedback,8,128,9401104,8,7,7,7,7,7,8,8,8,8,8,7,1.0944068798628205e-16,5.543178004318939e-16
full_feedback_n8_T128_s9401104,full_feedback,8,128,9401104,16,15,15,15,15,15,16,16,16,16,16,15,1.383161575072435e-16,1.0075374203394992e-15
full_feedback_n8_T128_s9401104,full_feedback,8,128,9401104,32,31,31,31,31,31,32,32,32,32,32,31,1.8754544302744563e-16,1.4343741889935992e-15
full_feedback_n8_T128_s9401104,full_feedback,8,128,9401104,64,63,63,63,63,63,64,64,64,64,64,63,2.7547377846219837e-16,2.655262543497014e-15
full_feedback_n8_T128_s9401104,full_feedback,8,128,9401104,128,127,127,127,127,127,128,128,128,128,128,127,4.0136106042939635e-16,4.1950545605704294e-15
full_feedback_n16_T32_s9401100,full_feedback,16,32,9401100,8,7,7,7,7,7,8,8,8,8,8,7,1.0380932973441976e-16,6.094473570885015e-16
full_feedback_n16_T32_s9401100,full_feedback,16,32,9401100,16,15,15,15,15,15,16,16,16,16,16,15,1.3144569290249274e-16,1.141240242920807e-15
full_feedback_n16_T32_s9401100,full_feedback,16,32,9401100,32,31,31,31,31,31,32,32,32,32,32,31,1.7671956374613465e-16,1.654560388815974e-15
full_feedback_n16_T32_s9401100,full_feedback,16,32,9401100,64,63,63,63,63,63,64,64,64,64,64,63,2.544698108637458e-16,2.45217776639569e-15
full_feedback_n16_T32_s9401100,full_feedback,16,32,9401100,128,127,127,127,127,127,128,128,128,128,128,127,3.7014848962352455e-16,4.814643861056346e-15
full_feedback_n16_T32_s9401101,full_feedback,16,32,9401101,8,7,7,7,7,7,8,8,8,8,8,7,1.105980463404978e-16,9.698790695326118e-16
full_feedback_n16_T32_s9401101,full_feedback,16,32,9401101,16,15,15,15,15,15,16,16,16,16,16,15,1.3896349556970966e-16,1.2165525333722344e-15
full_feedback_n16_T32_s9401101,full_feedback,16,32,9401101,32,31,31,31,31,31,32,32,32,32,32,31,1.817634933333906e-16,1.6067790168292409e-15
full_feedback_n16_T32_s9401101,full_feedback,16,32,9401101,64,63,63,63,63,63,64,64,64,64,64,63,2.591047051466994e-16,2.3191122606299527e-15
full_feedback_n16_T32_s9401101,full_feedback,16,32,9401101,128,127,127,127,127,127,128,128,128,128,128,127,3.691599037991681e-16,4.903294782771448e-15
full_feedback_n16_T32_s9401102,full_feedback,16,32,9401102,8,7,7,7,7,7,8,8,8,8,8,7,1.1038487524963675e-16,8.761207589631132e-16
full_feedback_n16_T32_s9401102,full_feedback,16,32,9401102,16,15,15,15,15,15,16,16,16,16,16,15,1.3251600905428114e-16,1.2637016565166282e-15
full_feedback_n16_T32_s9401102,full_feedback,16,32,9401102,32,31,31,31,31,31,32,32,32,32,32,31,1.8019696266930775e-16,1.7903137872388892e-15
full_feedback_n16_T32_s9401102,full_feedback,16,32,9401102,64,63,63,63,63,63,64,64,64,64,64,63,2.6275443513884516e-16,2.5574174022824445e-15
full_feedback_n16_T32_s9401102,full_feedback,16,32,9401102,128,127,127,127,127,127,128,128,128,128,128,127,3.752716827986269e-16,4.9813436273353446e-15
full_feedback_n16_T32_s9401103,full_feedback,16,32,9401103,8,7,7,7,7,7,8,8,8,8,8,7,1.1025230149632313e-16,7.091365355139307e-16
full_feedback_n16_T32_s9401103,full_feedback,16,32,9401103,16,15,15,15,15,15,16,16,16,16,16,15,1.40978132022083e-16,1.0722422551607774e-15
full_feedback_n16_T32_s9401103,full_feedback,16,32,9401103,32,31,31,31,31,31,32,32,32,32,32,31,1.8692892172439125e-16,1.3597990216375363e-15
full_feedback_n16_T32_s9401103,full_feedback,16,32,9401103,64,63,63,63,63,63,64,64,64,64,64,63,2.6029147407665253e-16,2.3598195005416676e-15
full_feedback_n16_T32_s9401103,full_feedback,16,32,9401103,128,127,127,127,127,127,128,128,128,128,128,127,3.81411954047125e-16,4.8911321029941814e-15
full_feedback_n16_T32_s9401104,full_feedback,16,32,9401104,8,7,7,7,7,7,8,8,8,8,8,7,1.077281437325642e-16,8.454886199922132e-16
full_feedback_n16_T32_s9401104,full_feedback,16,32,9401104,16,15,15,15,15,15,16,16,16,16,16,15,1.380137942122924e-16,1.0467355689805627e-15
full_feedback_n16_T32_s9401104,full_feedback,16,32,9401104,32,31,31,31,31,31,32,32,32,32,32,31,1.7955109131990415e-16,1.452648594951417e-15
full_feedback_n16_T32_s9401104,full_feedback,16,32,9401104,64,63,63,63,63,63,64,64,64,64,64,63,2.5617463153896106e-16,2.361691791304281e-15
full_feedback_n16_T32_s9401104,full_feedback,16,32,9401104,128,127,127,127,127,127,128,128,128,128,128,127,3.765390079051295e-16,4.90000188737541e-15
full_feedback_n16_T128_s9401100,full_feedback,16,128,9401100,8,7,7,7,7,7,8,8,8,8,8,7,1.1277314108058076e-16,9.056164252306008e-16
full_feedback_n16_T128_s9401100,full_feedback,16,128,9401100,16,15,15,15,15,15,16,16,16,16,16,15,1.3862226444480488e-16,1.3916570898406147e-15
full_feedback_n16_T128_s9401100,full_feedback,16,128,9401100,32,31,31,31,31,31,32,32,32,32,32,31,1.8775188836063978e-16,1.9270307997723363e-15
full_feedback_n16_T128_s9401100,full_feedback,16,128,9401100,64,63,63,63,63,63,64,64,64,64,64,63,2.5909235086346684e-16,2.9553377008249785e-15
full_feedback_n16_T128_s9401100,full_feedback,16,128,9401100,128,127,127,127,127,127,128,128,128,128,128,127,3.7717502013066777e-16,5.017330565155303e-15
full_feedback_n16_T128_s9401101,full_feedback,16,128,9401101,8,7,7,7,7,7,8,8,8,8,8,7,1.0810180144315904e-16,8.05185325608058e-16
full_feedback_n16_T128_s9401101,full_feedback,16,128,9401101,16,15,15,15,15,15,16,16,16,16,16,15,1.3844915772531644e-16,1.0833181902263346e-15
full_feedback_n16_T128_s9401101,full_feedback,16,128,9401101,32,31,31,31,31,31,32,32,32,32,32,31,1.8153178316120395e-16,1.6752391609158534e-15
full_feedback_n16_T128_s9401101,full_feedback,16,128,9401101,64,63,63,63,63,63,64,64,64,64,64,63,2.5477254258883617e-16,2.5458914732102787e-15
full_feedback_n16_T128_s9401101,full_feedback,16,128,9401101,128,127,127,127,127,127,128,128,128,128,128,127,3.6908063255191613e-16,4.848901257056428e-15
full_feedback_n16_T128_s9401102,full_feedback,16,128,9401102,8,7,7,7,7,7,8,8,8,8,8,7,1.1044283107305095e-16,6.2991759938210155e-16
full_feedback_n16_T128_s9401102,full_feedback,16,128,9401102,16,15,15,15,15,15,16,16,16,16,16,15,1.4341741547623096e-16,8.689984226491933e-16
full_feedback_n16_T128_s9401102,full_feedback,16,128,9401102,32,31,31,31,31,31,32,32,32,32,32,31,1.8000298002593811e-16,1.27410184800667e-15
full_feedback_n16_T128_s9401102,full_feedback,16,128,9401102,64,63,63,63,63,63,64,64,64,64,64,63,2.5468533744384573e-16,2.089604982531986e-15
full_feedback_n16_T128_s9401102,full_feedback,16,128,9401102,128,127,127,127,127,127,128,128,128,128,128,127,3.779923029642423e-16,4.627629970062476e-15
full_feedback_n16_T128_s9401103,full_feedback,16,128,9401103,8,7,7,7,7,7,8,8,8,8,8,7,1.1888292842231634e-16,7.699678347735076e-16
full_feedback_n16_T128_s9401103,full_feedback,16,128,9401103,16,15,15,15,15,15,16,16,16,16,16,15,1.463196504557676e-16,1.2340238056468468e-15
full_feedback_n16_T128_s9401103,full_feedback,16,128,9401103,32,31,31,31,31,31,32,32,32,32,32,31,1.9190193891283407e-16,1.68606970878161e-15
full_feedback_n16_T128_s9401103,full_feedback,16,128,9401103,64,63,63,63,63,63,64,64,64,64,64,63,2.584441657951292e-16,2.4516174090365333e-15
full_feedback_n16_T128_s9401103,full_feedback,16,128,9401103,128,127,127,127,127,127,128,128,128,128,128,127,3.783005636836275e-16,4.80080543976912e-15
full_feedback_n16_T128_s9401104,full_feedback,16,128,9401104,8,7,7,7,7,7,8,8,8,8,8,7,1.1280544291497787e-16,9.49682359031379e-16
full_feedback_n16_T128_s9401104,full_feedback,16,128,9401104,16,15,15,15,15,15,16,16,16,16,16,15,1.3341791447627062e-16,1.3370959441358766e-15
full_feedback_n16_T128_s9401104,full_feedback,16,128,9401104,32,31,31,31,31,31,32,32,32,32,32,31,1.8650499048938565e-16,1.9026890692354778e-15
full_feedback_n16_T128_s9401104,full_feedback,16,128,9401104,64,63,63,63,63,63,64,64,64,64,64,63,2.6482325228113334e-16,2.6382968364826073e-15
full_feedback_n16_T128_s9401104,full_feedback,16,128,9401104,128,127,127,127,127,127,128,128,128,128,128,127,3.8629919581799194e-16,4.917821754479431e-15
deep3_n8_T32_s9401100,deep3,8,32,9401100,8,7,7,7,7,7,8,8,8,8,8,7,1.201499213235093e-16,7.004015034485664e-16
deep3_n8_T32_s9401100,deep3,8,32,9401100,16,15,15,15,15,15,16,16,16,16,16,15,1.596164972922122e-16,1.405226909375785e-15
deep3_n8_T32_s9401100,deep3,8,32,9401100,32,31,31,31,31,31,32,32,32,32,32,31,1.99151249211582e-16,2.203937304356905e-15
deep3_n8_T32_s9401100,deep3,8,32,9401100,64,63,63,63,63,63,64,64,64,64,64,63,2.607344535132977e-16,3.0073070264536865e-15
deep3_n8_T32_s9401100,deep3,8,32,9401100,128,127,127,127,127,127,128,128,128,128,128,127,3.695849211530981e-16,4.6721946881272575e-15
deep3_n8_T32_s9401101,deep3,8,32,9401101,8,7,7,7,7,7,8,8,8,8,8,7,1.1769782584805993e-16,1.8681668368714927e-15
deep3_n8_T32_s9401101,deep3,8,32,9401101,16,15,15,15,15,15,16,16,16,16,16,15,1.518796126223793e-16,2.451076288288952e-15
deep3_n8_T32_s9401101,deep3,8,32,9401101,32,31,31,31,31,31,32,32,32,32,32,31,1.953033909525218e-16,2.9318171974033248e-15
deep3_n8_T32_s9401101,deep3,8,32,9401101,64,63,63,63,63,63,64,64,64,64,64,63,2.6450218161726303e-16,3.824221161068401e-15
deep3_n8_T32_s9401101,deep3,8,32,9401101,128,127,127,127,127,127,128,128,128,128,128,127,3.629853533036376e-16,5.315929985923702e-15
deep3_n8_T32_s9401102,deep3,8,32,9401102,8,7,7,7,7,7,8,8,8,8,8,7,1.1577973379584623e-16,1.4540392199224212e-15
deep3_n8_T32_s9401102,deep3,8,32,9401102,16,15,15,15,15,15,16,16,16,16,16,15,1.503309532204549e-16,1.932108177614405e-15
deep3_n8_T32_s9401102,deep3,8,32,9401102,32,31,31,31,31,31,32,32,32,32,32,31,1.9482785373592368e-16,2.5440083956081845e-15
deep3_n8_T32_s9401102,deep3,8,32,9401102,64,63,63,63,63,63,64,64,64,64,64,63,2.619898146293706e-16,3.4088984677290025e-15
deep3_n8_T32_s9401102,deep3,8,32,9401102,128,127,127,127,127,127,128,128,128,128,128,127,3.707757992288054e-16,5.091081703836659e-15
deep3_n8_T32_s9401103,deep3,8,32,9401103,8,7,7,7,7,7,8,8,8,8,8,7,1.265098833497234e-16,1.1640743609552551e-15
deep3_n8_T32_s9401103,deep3,8,32,9401103,16,15,15,15,15,15,16,16,16,16,16,15,1.5355152939503378e-16,1.7854286937517027e-15
deep3_n8_T32_s9401103,deep3,8,32,9401103,32,31,31,31,31,31,32,32,32,32,32,31,2.0316401703010588e-16,2.4280107015238703e-15
deep3_n8_T32_s9401103,deep3,8,32,9401103,64,63,63,63,63,63,64,64,64,64,64,63,2.6572666124101768e-16,3.297916210128593e-15
deep3_n8_T32_s9401103,deep3,8,32,9401103,128,127,127,127,127,127,128,128,128,128,128,127,3.792548935201888e-16,4.7810891455794324e-15
deep3_n8_T32_s9401104,deep3,8,32,9401104,8,7,7,7,7,7,8,8,8,8,8,7,1.1372407614432442e-16,1.0525441457676573e-15
deep3_n8_T32_s9401104,deep3,8,32,9401104,16,15,15,15,15,15,16,16,16,16,16,15,1.479772104229607e-16,1.5483788146977727e-15
deep3_n8_T32_s9401104,deep3,8,32,9401104,32,31,31,31,31,31,32,32,32,32,32,31,2.0468535385638534e-16,2.289056645522274e-15
deep3_n8_T32_s9401104,deep3,8,32,9401104,64,63,63,63,63,63,64,64,64,64,64,63,2.7692861181037923e-16,3.3297375157099172e-15
deep3_n8_T32_s9401104,deep3,8,32,9401104,128,127,127,127,127,127,128,128,128,128,128,127,3.712529258940274e-16,5.113252902720927e-15
deep3_n8_T128_s9401100,deep3,8,128,9401100,8,7,7,7,7,7,8,8,8,8,8,7,1.206295278232798e-16,1.8905990088076203e-15
deep3_n8_T128_s9401100,deep3,8,128,9401100,16,15,15,15,15,15,16,16,16,16,16,15,1.5013589168203926e-16,2.26326681461209e-15
deep3_n8_T128_s9401100,deep3,8,128,9401100,32,31,31,31,31,31,32,32,32,32,32,31,1.9357207394445673e-16,2.8186456687334094e-15
deep3_n8_T128_s9401100,deep3,8,128,9401100,64,63,63,63,63,63,64,64,64,64,64,63,2.641812925491903e-16,3.5676326402792665e-15
deep3_n8_T128_s9401100,deep3,8,128,9401100,128,127,127,127,127,127,128,128,128,128,128,127,3.639735726066663e-16,5.379871029264432e-15
deep3_n8_T128_s9401101,deep3,8,128,9401101,8,7,7,7,7,7,8,8,8,8,8,7,1.250420696633876e-16,1.148053599496967e-15
deep3_n8_T128_s9401101,deep3,8,128,9401101,16,15,15,15,15,15,16,16,16,16,16,15,1.505003665519333e-16,1.6410517949897637e-15
deep3_n8_T128_s9401101,deep3,8,128,9401101,32,31,31,31,31,31,32,32,32,32,32,31,1.935678505049277e-16,2.5042105308244153e-15
deep3_n8_T128_s9401101,deep3,8,128,9401101,64,63,63,63,63,63,64,64,64,64,64,63,2.6569611234741943e-16,3.552548138946838e-15
deep3_n8_T128_s9401101,deep3,8,128,9401101,128,127,127,127,127,127,128,128,128,128,128,127,3.605056959225179e-16,5.1082612059401105e-15
deep3_n8_T128_s9401102,deep3,8,128,9401102,8,7,7,7,7,7,8,8,8,8,8,7,1.246171199985158e-16,1.0709406434312691e-15
deep3_n8_T128_s9401102,deep3,8,128,9401102,16,15,15,15,15,15,16,16,16,16,16,15,1.4985187478585433e-16,1.3705283268263391e-15
deep3_n8_T128_s9401102,deep3,8,128,9401102,32,31,31,31,31,31,32,32,32,32,32,31,1.9140192225320421e-16,1.974719867506359e-15
deep3_n8_T128_s9401102,deep3,8,128,9401102,64,63,63,63,63,63,64,64,64,64,64,63,2.6339940935678777e-16,3.1591631641595977e-15
deep3_n8_T128_s9401102,deep3,8,128,9401102,128,127,127,127,127,127,128,128,128,128,128,127,3.574550781113965e-16,4.792593977469701e-15
deep3_n8_T128_s9401103,deep3,8,128,9401103,8,7,7,7,7,7,8,8,8,8,8,7,1.085381235666245e-16,1.0412770636673382e-15
deep3_n8_T128_s9401103,deep3,8,128,9401103,16,15,15,15,15,15,16,16,16,16,16,15,1.488450858005733e-16,1.4781708150438155e-15
deep3_n8_T128_s9401103,deep3,8,128,9401103,32,31,31,31,31,31,32,32,32,32,32,31,1.9937290055477614e-16,2.08929358695077e-15
deep3_n8_T128_s9401103,deep3,8,128,9401103,64,63,63,63,63,63,64,64,64,64,64,63,2.7200985942016296e-16,3.20141037056158e-15
deep3_n8_T128_s9401103,deep3,8,128,9401103,128,127,127,127,127,127,128,128,128,128,128,127,3.8243444382202485e-16,4.939516835531831e-15
deep3_n8_T128_s9401104,deep3,8,128,9401104,8,7,7,7,7,7,8,8,8,8,8,7,1.252160297137648e-16,1.2193915330778422e-15
deep3_n8_T128_s9401104,deep3,8,128,9401104,16,15,15,15,15,15,16,16,16,16,16,15,1.514327160707861e-16,1.8434650831562097e-15
deep3_n8_T128_s9401104,deep3,8,128,9401104,32,31,31,31,31,31,32,32,32,32,32,31,2.0776897728095646e-16,2.4208139991119537e-15
deep3_n8_T128_s9401104,deep3,8,128,9401104,64,63,63,63,63,63,64,64,64,64,64,63,2.789264111415686e-16,3.579707430099678e-15
deep3_n8_T128_s9401104,deep3,8,128,9401104,128,127,127,127,127,127,128,128,128,128,128,127,3.819960261265923e-16,5.364723576829396e-15
deep3_n16_T32_s9401100,deep3,16,32,9401100,8,7,7,7,7,7,8,8,8,8,8,7,1.0859140408146716e-16,1.5326493096895518e-15
deep3_n16_T32_s9401100,deep3,16,32,9401100,16,15,15,15,15,15,16,16,16,16,16,15,1.337310579238313e-16,2.507674055128912e-15
deep3_n16_T32_s9401100,deep3,16,32,9401100,32,31,31,31,31,31,32,32,32,32,32,31,1.75333971306584e-16,3.5995625225481935e-15
deep3_n16_T32_s9401100,deep3,16,32,9401100,64,63,63,63,63,63,64,64,64,64,64,63,2.458442219008631e-16,4.865739983883646e-15
deep3_n16_T32_s9401100,deep3,16,32,9401100,128,127,127,127,127,127,128,128,128,128,128,127,3.5156334566281136e-16,8.682371620160113e-15
deep3_n16_T32_s9401101,deep3,16,32,9401101,8,7,7,7,7,7,8,8,8,8,8,7,1.1065291975062748e-16,1.745584811866299e-15
deep3_n16_T32_s9401101,deep3,16,32,9401101,16,15,15,15,15,15,16,16,16,16,16,15,1.3796515053002954e-16,2.9174261752216727e-15
deep3_n16_T32_s9401101,deep3,16,32,9401101,32,31,31,31,31,31,32,32,32,32,32,31,1.8869030572707565e-16,3.438747035764489e-15
deep3_n16_T32_s9401101,deep3,16,32,9401101,64,63,63,63,63,63,64,64,64,64,64,63,2.6215987647097343e-16,5.3176005405123835e-15
deep3_n16_T32_s9401101,deep3,16,32,9401101,128,127,127,127,127,127,128,128,128,128,128,127,3.761824805486301e-16,8.541135745834832e-15
deep3_n16_T32_s9401102,deep3,16,32,9401102,8,7,7,7,7,7,8,8,8,8,8,7,1.0714572363008157e-16,2.2130361101670118e-15
deep3_n16_T32_s9401102,deep3,16,32,9401102,16,15,15,15,15,15,16,16,16,16,16,15,1.3503539094289348e-16,2.641880242897882e-15
deep3_n16_T32_s9401102,deep3,16,32,9401102,32,31,31,31,31,31,32,32,32,32,32,31,1.7644067778618948e-16,3.679199701221832e-15
deep3_n16_T32_s9401102,deep3,16,32,9401102,64,63,63,63,63,63,64,64,64,64,64,63,2.483152892110105e-16,5.582866659107389e-15
deep3_n16_T32_s9401102,deep3,16,32,9401102,128,127,127,127,127,127,128,128,128,128,128,127,3.5980991970907593e-16,8.607763362472596e-15
deep3_n16_T32_s9401103,deep3,16,32,9401103,8,7,7,7,7,7,8,8,8,8,8,7,1.0560823689643673e-16,2.494019330560939e-15
deep3_n16_T32_s9401103,deep3,16,32,9401103,16,15,15,15,15,15,16,16,16,16,16,15,1.413617416644618e-16,3.0807149794193043e-15
deep3_n16_T32_s9401103,deep3,16,32,9401103,32,31,31,31,31,31,32,32,32,32,32,31,1.8491247286531207e-16,3.750623664184957e-15
deep3_n16_T32_s9401103,deep3,16,32,9401103,64,63,63,63,63,63,64,64,64,64,64,63,2.602385270048536e-16,5.794719352583279e-15
deep3_n16_T32_s9401103,deep3,16,32,9401103,128,127,127,127,127,127,128,128,128,128,128,127,3.7527637392282544e-16,9.069708824320586e-15
deep3_n16_T32_s9401104,deep3,16,32,9401104,8,7,7,7,7,7,8,8,8,8,8,7,1.1080292569879748e-16,2.0887873568798294e-15
deep3_n16_T32_s9401104,deep3,16,32,9401104,16,15,15,15,15,15,16,16,16,16,16,15,1.3422044433167806e-16,2.9353011202829277e-15
deep3_n16_T32_s9401104,deep3,16,32,9401104,32,31,31,31,31,31,32,32,32,32,32,31,1.797983854435813e-16,3.613806870926756e-15
deep3_n16_T32_s9401104,deep3,16,32,9401104,64,63,63,63,63,63,64,64,64,64,64,63,2.4995852820988867e-16,5.308790407435987e-15
deep3_n16_T32_s9401104,deep3,16,32,9401104,128,127,127,127,127,127,128,128,128,128,128,127,3.605554170510777e-16,8.30745410245046e-15
deep3_n16_T128_s9401100,deep3,16,128,9401100,8,7,7,7,7,7,8,8,8,8,8,7,1.1504807472135808e-16,2.030219037558669e-15
deep3_n16_T128_s9401100,deep3,16,128,9401100,16,15,15,15,15,15,16,16,16,16,16,15,1.401648210276923e-16,2.8145142805256733e-15
deep3_n16_T128_s9401100,deep3,16,128,9401100,32,31,31,31,31,31,32,32,32,32,32,31,1.8174032403615667e-16,3.556887898017736e-15
deep3_n16_T128_s9401100,deep3,16,128,9401100,64,63,63,63,63,63,64,64,64,64,64,63,2.4974801508399537e-16,5.550666561230648e-15
deep3_n16_T128_s9401100,deep3,16,128,9401100,128,127,127,127,127,127,128,128,128,128,128,127,3.5783727245074664e-16,8.424929034383413e-15
deep3_n16_T128_s9401101,deep3,16,128,9401101,8,7,7,7,7,7,8,8,8,8,8,7,1.0806559726615628e-16,2.0841533216703782e-15
deep3_n16_T128_s9401101,deep3,16,128,9401101,16,15,15,15,15,15,16,16,16,16,16,15,1.4381735613993815e-16,2.721036357291464e-15
deep3_n16_T128_s9401101,deep3,16,128,9401101,32,31,31,31,31,31,32,32,32,32,32,31,1.888800804601664e-16,3.825275320927369e-15
deep3_n16_T128_s9401101,deep3,16,128,9401101,64,63,63,63,63,63,64,64,64,64,64,63,2.6600006555605447e-16,5.1631855305037676e-15
deep3_n16_T128_s9401101,deep3,16,128,9401101,128,127,127,127,127,127,128,128,128,128,128,127,3.7766563287244636e-16,8.483566482901928e-15
deep3_n16_T128_s9401102,deep3,16,128,9401102,8,7,7,7,7,7,8,8,8,8,8,7,1.0991788266201822e-16,1.6861949348300224e-15
deep3_n16_T128_s9401102,deep3,16,128,9401102,16,15,15,15,15,15,16,16,16,16,16,15,1.3456941569690947e-16,2.211303389201495e-15
deep3_n16_T128_s9401102,deep3,16,128,9401102,32,31,31,31,31,31,32,32,32,32,32,31,1.7665074338019915e-16,3.1892992903994797e-15
deep3_n16_T128_s9401102,deep3,16,128,9401102,64,63,63,63,63,63,64,64,64,64,64,63,2.527500317585549e-16,4.7595316651683815e-15
deep3_n16_T128_s9401102,deep3,16,128,9401102,128,127,127,127,127,127,128,128,128,128,128,127,3.600473328175606e-16,8.078573224778301e-15
deep3_n16_T128_s9401103,deep3,16,128,9401103,8,7,7,7,7,7,8,8,8,8,8,7,1.1313599674184665e-16,2.3561090094577975e-15
deep3_n16_T128_s9401103,deep3,16,128,9401103,16,15,15,15,15,15,16,16,16,16,16,15,1.378562378545611e-16,3.0839225550399958e-15
deep3_n16_T128_s9401103,deep3,16,128,9401103,32,31,31,31,31,31,32,32,32,32,32,31,1.8627867135497277e-16,4.27851677299792e-15
deep3_n16_T128_s9401103,deep3,16,128,9401103,64,63,63,63,63,63,64,64,64,64,64,63,2.6662405744296338e-16,6.69937185441739e-15
deep3_n16_T128_s9401103,deep3,16,128,9401103,128,127,127,127,127,127,128,128,128,128,128,127,3.7652711174936197e-16,9.378047188279521e-15
deep3_n16_T128_s9401104,deep3,16,128,9401104,8,7,7,7,7,7,8,8,8,8,8,7,1.093351350773679e-16,2.280444168832922e-15
deep3_n16_T128_s9401104,deep3,16,128,9401104,16,15,15,15,15,15,16,16,16,16,16,15,1.3839123498751235e-16,3.4623973392811695e-15
deep3_n16_T128_s9401104,deep3,16,128,9401104,32,31,31,31,31,31,32,32,32,32,32,31,1.8409122430649106e-16,4.664194042454432e-15
deep3_n16_T128_s9401104,deep3,16,128,9401104,64,63,63,63,63,63,64,64,64,64,64,63,2.5451248063330026e-16,5.915128657064629e-15
deep3_n16_T128_s9401104,deep3,16,128,9401104,128,127,127,127,127,127,128,128,128,128,128,127,3.622976897504941e-16,9.045219264962315e-15
explicit_feedback_n8_T32_s9401100,explicit_feedback,8,32,9401100,8,7,7,7,7,7,8,8,8,8,8,7,1.0347800751462358e-16,8.005758504960756e-16
explicit_feedback_n8_T32_s9401100,explicit_feedback,8,32,9401100,16,15,15,15,15,15,16,16,16,16,16,15,1.4063633769783135e-16,9.639337908875845e-16
explicit_feedback_n8_T32_s9401100,explicit_feedback,8,32,9401100,32,31,31,31,31,31,32,32,32,32,32,31,1.7965620340655426e-16,1.5545546597331324e-15
explicit_feedback_n8_T32_s9401100,explicit_feedback,8,32,9401100,64,63,63,63,63,63,64,64,64,64,64,63,2.4453012936900513e-16,2.765034180423503e-15
explicit_feedback_n8_T32_s9401100,explicit_feedback,8,32,9401100,128,127,127,127,127,127,128,128,128,128,128,127,3.4369061446804245e-16,4.8525158045617935e-15
explicit_feedback_n8_T32_s9401101,explicit_feedback,8,32,9401101,8,7,7,7,7,7,8,8,8,8,8,7,1.088647576066497e-16,4.567669507519103e-16
explicit_feedback_n8_T32_s9401101,explicit_feedback,8,32,9401101,16,15,15,15,15,15,16,16,16,16,16,15,1.3012087129167897e-16,8.14809189398822e-16
explicit_feedback_n8_T32_s9401101,explicit_feedback,8,32,9401101,32,31,31,31,31,31,32,32,32,32,32,31,1.9715408085878636e-16,1.467981952721252e-15
explicit_feedback_n8_T32_s9401101,explicit_feedback,8,32,9401101,64,63,63,63,63,63,64,64,64,64,64,63,2.7310368187322483e-16,2.9414356310879377e-15
explicit_feedback_n8_T32_s9401101,explicit_feedback,8,32,9401101,128,127,127,127,127,127,128,128,128,128,128,127,3.8016111914217475e-16,5.001946184337096e-15
explicit_feedback_n8_T32_s9401102,explicit_feedback,8,32,9401102,8,7,7,7,7,7,8,8,8,8,8,7,1.0566256629294916e-16,6.305295908315536e-16
explicit_feedback_n8_T32_s9401102,explicit_feedback,8,32,9401102,16,15,15,15,15,15,16,16,16,16,16,15,1.3176013309368217e-16,9.016080483299071e-16
explicit_feedback_n8_T32_s9401102,explicit_feedback,8,32,9401102,32,31,31,31,31,31,32,32,32,32,32,31,1.817097477514927e-16,1.499241389301535e-15
explicit_feedback_n8_T32_s9401102,explicit_feedback,8,32,9401102,64,63,63,63,63,63,64,64,64,64,64,63,2.714469623352405e-16,3.0241330279340636e-15
explicit_feedback_n8_T32_s9401102,explicit_feedback,8,32,9401102,128,127,127,127,127,127,128,128,128,128,128,127,3.6733324038549675e-16,4.915949977208727e-15
explicit_feedback_n8_T32_s9401103,explicit_feedback,8,32,9401103,8,7,7,7,7,7,8,8,8,8,8,7,1.038491854872974e-16,3.9946401879570976e-16
explicit_feedback_n8_T32_s9401103,explicit_feedback,8,32,9401103,16,15,15,15,15,15,16,16,16,16,16,15,1.2407426597931412e-16,6.983231749881472e-16
explicit_feedback_n8_T32_s9401103,explicit_feedback,8,32,9401103,32,31,31,31,31,31,32,32,32,32,32,31,1.9474507245101007e-16,1.4721520627440792e-15
explicit_feedback_n8_T32_s9401103,explicit_feedback,8,32,9401103,64,63,63,63,63,63,64,64,64,64,64,63,2.579163452372847e-16,2.9764362157177555e-15
explicit_feedback_n8_T32_s9401103,explicit_feedback,8,32,9401103,128,127,127,127,127,127,128,128,128,128,128,127,3.5133708620347534e-16,5.054514275160713e-15
explicit_feedback_n8_T32_s9401104,explicit_feedback,8,32,9401104,8,7,7,7,7,7,8,8,8,8,8,7,1.0833595486821021e-16,6.453496473799721e-16
explicit_feedback_n8_T32_s9401104,explicit_feedback,8,32,9401104,16,15,15,15,15,15,16,16,16,16,16,15,1.3325929488677566e-16,7.96422758908512e-16
explicit_feedback_n8_T32_s9401104,explicit_feedback,8,32,9401104,32,31,31,31,31,31,32,32,32,32,32,31,1.7438142310748968e-16,1.4522661912429268e-15
explicit_feedback_n8_T32_s9401104,explicit_feedback,8,32,9401104,64,63,63,63,63,63,64,64,64,64,64,63,2.569213932966301e-16,2.9385402670411375e-15
explicit_feedback_n8_T32_s9401104,explicit_feedback,8,32,9401104,128,127,127,127,127,127,128,128,128,128,128,127,3.5467915880828033e-16,4.920631076132045e-15
explicit_feedback_n8_T128_s9401100,explicit_feedback,8,128,9401100,8,7,7,7,7,7,8,8,8,8,8,7,1.0088883576210765e-16,5.47831667390964e-16
explicit_feedback_n8_T128_s9401100,explicit_feedback,8,128,9401100,16,15,15,15,15,15,16,16,16,16,16,15,1.3290319977994803e-16,1.0787509751598503e-15
explicit_feedback_n8_T128_s9401100,explicit_feedback,8,128,9401100,32,31,31,31,31,31,32,32,32,32,32,31,1.7414194902760602e-16,1.59994735623372e-15
explicit_feedback_n8_T128_s9401100,explicit_feedback,8,128,9401100,64,63,63,63,63,63,64,64,64,64,64,63,2.684512288495187e-16,2.9807881811232567e-15
explicit_feedback_n8_T128_s9401100,explicit_feedback,8,128,9401100,128,127,127,127,127,127,128,128,128,128,128,127,3.550381905591836e-16,4.917312434280264e-15
explicit_feedback_n8_T128_s9401101,explicit_feedback,8,128,9401101,8,7,7,7,7,7,8,8,8,8,8,7,1.1968868114582095e-16,4.834529580305789e-16
explicit_feedback_n8_T128_s9401101,explicit_feedback,8,128,9401101,16,15,15,15,15,15,16,16,16,16,16,15,1.4406710058398115e-16,8.552289479498695e-16
explicit_feedback_n8_T128_s9401101,explicit_feedback,8,128,9401101,32,31,31,31,31,31,32,32,32,32,32,31,1.8976664137963104e-16,1.5932363763602195e-15
explicit_feedback_n8_T128_s9401101,explicit_feedback,8,128,9401101,64,63,63,63,63,63,64,64,64,64,64,63,2.549690107055675e-16,3.0015966057465487e-15
explicit_feedback_n8_T128_s9401101,explicit_feedback,8,128,9401101,128,127,127,127,127,127,128,128,128,128,128,127,3.655572131077009e-16,4.989843550283385e-15
explicit_feedback_n8_T128_s9401102,explicit_feedback,8,128,9401102,8,7,7,7,7,7,8,8,8,8,8,7,1.0145114546725344e-16,6.755410614482219e-16
explicit_feedback_n8_T128_s9401102,explicit_feedback,8,128,9401102,16,15,15,15,15,15,16,16,16,16,16,15,1.3285013891010078e-16,8.92293123380691e-16
explicit_feedback_n8_T128_s9401102,explicit_feedback,8,128,9401102,32,31,31,31,31,31,32,32,32,32,32,31,1.8002267185145595e-16,1.7537895981503187e-15
explicit_feedback_n8_T128_s9401102,explicit_feedback,8,128,9401102,64,63,63,63,63,63,64,64,64,64,64,63,2.516119720784928e-16,3.0846220730424733e-15
explicit_feedback_n8_T128_s9401102,explicit_feedback,8,128,9401102,128,127,127,127,127,127,128,128,128,128,128,127,3.413920587316059e-16,5.035855482927801e-15
explicit_feedback_n8_T128_s9401103,explicit_feedback,8,128,9401103,8,7,7,7,7,7,8,8,8,8,8,7,1.0231653701546865e-16,5.554201497689229e-16
explicit_feedback_n8_T128_s9401103,explicit_feedback,8,128,9401103,16,15,15,15,15,15,16,16,16,16,16,15,1.4589146916279715e-16,7.628895156527632e-16
explicit_feedback_n8_T128_s9401103,explicit_feedback,8,128,9401103,32,31,31,31,31,31,32,32,32,32,32,31,1.942827162663894e-16,1.6082985467197884e-15
explicit_feedback_n8_T128_s9401103,explicit_feedback,8,128,9401103,64,63,63,63,63,63,64,64,64,64,64,63,2.482406069027388e-16,3.0385022471207614e-15
explicit_feedback_n8_T128_s9401103,explicit_feedback,8,128,9401103,128,127,127,127,127,127,128,128,128,128,128,127,3.5567089954488475e-16,5.1104008432386355e-15
explicit_feedback_n8_T128_s9401104,explicit_feedback,8,128,9401104,8,7,7,7,7,7,8,8,8,8,8,7,1.1758455584692883e-16,2.583210480939191e-16
explicit_feedback_n8_T128_s9401104,explicit_feedback,8,128,9401104,16,15,15,15,15,15,16,16,16,16,16,15,1.4052039283831608e-16,6.095296782001557e-16
explicit_feedback_n8_T128_s9401104,explicit_feedback,8,128,9401104,32,31,31,31,31,31,32,32,32,32,32,31,1.8780631469489169e-16,1.5458957923882016e-15
explicit_feedback_n8_T128_s9401104,explicit_feedback,8,128,9401104,64,63,63,63,63,63,64,64,64,64,64,63,2.627445950868595e-16,3.130022602962224e-15
explicit_feedback_n8_T128_s9401104,explicit_feedback,8,128,9401104,128,127,127,127,127,127,128,128,128,128,128,127,3.5777397402348187e-16,5.053004003789173e-15
explicit_feedback_n16_T32_s9401100,explicit_feedback,16,32,9401100,8,7,7,7,7,7,8,8,8,8,8,7,1.1258384332119628e-16,8.991104996434408e-16
explicit_feedback_n16_T32_s9401100,explicit_feedback,16,32,9401100,16,15,15,15,15,15,16,16,16,16,16,15,1.3293704193419305e-16,1.3065108244497603e-15
explicit_feedback_n16_T32_s9401100,explicit_feedback,16,32,9401100,32,31,31,31,31,31,32,32,32,32,32,31,1.8170712025254112e-16,1.703598373068355e-15
explicit_feedback_n16_T32_s9401100,explicit_feedback,16,32,9401100,64,63,63,63,63,63,64,64,64,64,64,63,2.6961092489435416e-16,3.394937298255869e-15
explicit_feedback_n16_T32_s9401100,explicit_feedback,16,32,9401100,128,127,127,127,127,127,128,128,128,128,128,127,3.8620791738096182e-16,6.954198663247819e-15
explicit_feedback_n16_T32_s9401101,explicit_feedback,16,32,9401101,8,7,7,7,7,7,8,8,8,8,8,7,1.069740623097584e-16,9.364292886234153e-16
explicit_feedback_n16_T32_s9401101,explicit_feedback,16,32,9401101,16,15,15,15,15,15,16,16,16,16,16,15,1.275606060138747e-16,1.266516306026171e-15
explicit_feedback_n16_T32_s9401101,explicit_feedback,16,32,9401101,32,31,31,31,31,31,32,32,32,32,32,31,1.805967321262003e-16,1.98046289575024e-15
explicit_feedback_n16_T32_s9401101,explicit_feedback,16,32,9401101,64,63,63,63,63,63,64,64,64,64,64,63,2.5491874739995966e-16,3.3529647121742394e-15
explicit_feedback_n16_T32_s9401101,explicit_feedback,16,32,9401101,128,127,127,127,127,127,128,128,128,128,128,127,3.6531181301481855e-16,7.439625094604915e-15
explicit_feedback_n16_T32_s9401102,explicit_feedback,16,32,9401102,8,7,7,7,7,7,8,8,8,8,8,7,1.0910310159768359e-16,5.192909195631131e-16
explicit_feedback_n16_T32_s9401102,explicit_feedback,16,32,9401102,16,15,15,15,15,15,16,16,16,16,16,15,1.3585785287334232e-16,1.0259818765380214e-15
explicit_feedback_n16_T32_s9401102,explicit_feedback,16,32,9401102,32,31,31,31,31,31,32,32,32,32,32,31,1.8415389135358425e-16,1.8444359214426846e-15
explicit_feedback_n16_T32_s9401102,explicit_feedback,16,32,9401102,64,63,63,63,63,63,64,64,64,64,64,63,2.5685816238144854e-16,3.550159928222161e-15
explicit_feedback_n16_T32_s9401102,explicit_feedback,16,32,9401102,128,127,127,127,127,127,128,128,128,128,128,127,3.7842720533790554e-16,6.93860249609449e-15
explicit_feedback_n16_T32_s9401103,explicit_feedback,16,32,9401103,8,7,7,7,7,7,8,8,8,8,8,7,1.0932811388066204e-16,7.0567627802293475e-16
explicit_feedback_n16_T32_s9401103,explicit_feedback,16,32,9401103,16,15,15,15,15,15,16,16,16,16,16,15,1.3585341892100794e-16,1.2089517984179404e-15
explicit_feedback_n16_T32_s9401103,explicit_feedback,16,32,9401103,32,31,31,31,31,31,32,32,32,32,32,31,1.831096691462939e-16,1.6219365380987733e-15
explicit_feedback_n16_T32_s9401103,explicit_feedback,16,32,9401103,64,63,63,63,63,63,64,64,64,64,64,63,2.661875054780118e-16,3.44767863927563e-15
explicit_feedback_n16_T32_s9401103,explicit_feedback,16,32,9401103,128,127,127,127,127,127,128,128,128,128,128,127,3.879979775998855e-16,6.963736767451634e-15
explicit_feedback_n16_T32_s9401104,explicit_feedback,16,32,9401104,8,7,7,7,7,7,8,8,8,8,8,7,1.0881722395036783e-16,1.3679539170732558e-15
explicit_feedback_n16_T32_s9401104,explicit_feedback,16,32,9401104,16,15,15,15,15,15,16,16,16,16,16,15,1.2947128219558095e-16,1.82703323185463e-15
explicit_feedback_n16_T32_s9401104,explicit_feedback,16,32,9401104,32,31,31,31,31,31,32,32,32,32,32,31,1.844599894733223e-16,2.274114990909673e-15
explicit_feedback_n16_T32_s9401104,explicit_feedback,16,32,9401104,64,63,63,63,63,63,64,64,64,64,64,63,2.6025717623334377e-16,4.0319221540210424e-15
explicit_feedback_n16_T32_s9401104,explicit_feedback,16,32,9401104,128,127,127,127,127,127,128,128,128,128,128,127,3.7823402890877453e-16,7.18030786243086e-15
explicit_feedback_n16_T128_s9401100,explicit_feedback,16,128,9401100,8,7,7,7,7,7,8,8,8,8,8,7,9.918202609346258e-17,7.804708065766243e-16
explicit_feedback_n16_T128_s9401100,explicit_feedback,16,128,9401100,16,15,15,15,15,15,16,16,16,16,16,15,1.3431710238451464e-16,1.4658497035142229e-15
explicit_feedback_n16_T128_s9401100,explicit_feedback,16,128,9401100,32,31,31,31,31,31,32,32,32,32,32,31,1.8845189617204577e-16,2.083494748884185e-15
explicit_feedback_n16_T128_s9401100,explicit_feedback,16,128,9401100,64,63,63,63,63,63,64,64,64,64,64,63,2.7255866170316103e-16,3.6025106817388625e-15
explicit_feedback_n16_T128_s9401100,explicit_feedback,16,128,9401100,128,127,127,127,127,127,128,128,128,128,128,127,3.9150095227928863e-16,6.794981840442858e-15
explicit_feedback_n16_T128_s9401101,explicit_feedback,16,128,9401101,8,7,7,7,7,7,8,8,8,8,8,7,1.0478178423810294e-16,6.493000478723189e-16
explicit_feedback_n16_T128_s9401101,explicit_feedback,16,128,9401101,16,15,15,15,15,15,16,16,16,16,16,15,1.2696129331422228e-16,1.2530591070679644e-15
explicit_feedback_n16_T128_s9401101,explicit_feedback,16,128,9401101,32,31,31,31,31,31,32,32,32,32,32,31,1.7468076330738022e-16,1.7738588620067077e-15
explicit_feedback_n16_T128_s9401101,explicit_feedback,16,128,9401101,64,63,63,63,63,63,64,64,64,64,64,63,2.4973136743907703e-16,3.466763958192785e-15
explicit_feedback_n16_T128_s9401101,explicit_feedback,16,128,9401101,128,127,127,127,127,127,128,128,128,128,128,127,3.6182821483642287e-16,6.869773067141005e-15
explicit_feedback_n16_T128_s9401102,explicit_feedback,16,128,9401102,8,7,7,7,7,7,8,8,8,8,8,7,1.0453549077567929e-16,5.184654900417224e-16
explicit_feedback_n16_T128_s9401102,explicit_feedback,16,128,9401102,16,15,15,15,15,15,16,16,16,16,16,15,1.4175101693755847e-16,7.437493246524587e-16
explicit_feedback_n16_T128_s9401102,explicit_feedback,16,128,9401102,32,31,31,31,31,31,32,32,32,32,32,31,1.87269112127343e-16,1.151239026527925e-15
explicit_feedback_n16_T128_s9401102,explicit_feedback,16,128,9401102,64,63,63,63,63,63,64,64,64,64,64,63,2.5773315881981515e-16,3.1954285329689437e-15
explicit_feedback_n16_T128_s9401102,explicit_feedback,16,128,9401102,128,127,127,127,127,127,128,128,128,128,128,127,3.7195010886039565e-16,6.645260026300076e-15
explicit_feedback_n16_T128_s9401103,explicit_feedback,16,128,9401103,8,7,7,7,7,7,8,8,8,8,8,7,1.0362587828002163e-16,8.636937429199668e-16
explicit_feedback_n16_T128_s9401103,explicit_feedback,16,128,9401103,16,15,15,15,15,15,16,16,16,16,16,15,1.3976358924365525e-16,1.3345842145740785e-15
explicit_feedback_n16_T128_s9401103,explicit_feedback,16,128,9401103,32,31,31,31,31,31,32,32,32,32,32,31,1.9125184729342707e-16,2.046779090744469e-15
explicit_feedback_n16_T128_s9401103,explicit_feedback,16,128,9401103,64,63,63,63,63,63,64,64,64,64,64,63,2.7573288279356223e-16,3.947673024791041e-15
explicit_feedback_n16_T128_s9401103,explicit_feedback,16,128,9401103,128,127,127,127,127,127,128,128,128,128,128,127,3.869056733798437e-16,7.233706198535211e-15
explicit_feedback_n16_T128_s9401104,explicit_feedback,16,128,9401104,8,7,7,7,7,7,8,8,8,8,8,7,9.372976359429162e-17,9.98507180679189e-16
explicit_feedback_n16_T128_s9401104,explicit_feedback,16,128,9401104,16,15,15,15,15,15,16,16,16,16,16,15,1.3689438104885192e-16,1.1116165058212107e-15
explicit_feedback_n16_T128_s9401104,explicit_feedback,16,128,9401104,32,31,31,31,31,31,32,32,32,32,32,31,1.8348576154147106e-16,1.853779571415112e-15
explicit_feedback_n16_T128_s9401104,explicit_feedback,16,128,9401104,64,63,63,63,63,63,64,64,64,64,64,63,2.6057163701928893e-16,3.2034258356697895e-15
explicit_feedback_n16_T128_s9401104,explicit_feedback,16,128,9401104,128,127,127,127,127,127,128,128,128,128,128,127,3.7949826791990407e-16,6.6473095526859495e-15
block4_n8_T32_s9401100,block4,8,32,9401100,8,7,7,7,7,7,8,8,8,8,8,7,1.0085603561096003e-16,6.663331906112024e-16
block4_n8_T32_s9401100,block4,8,32,9401100,16,15,15,15,15,15,16,16,16,16,16,15,1.460657872676028e-16,8.262968298369316e-16
block4_n8_T32_s9401100,block4,8,32,9401100,32,31,31,31,31,31,32,32,32,32,32,31,2.1289705130530751e-16,1.1704849460825019e-15
block4_n8_T32_s9401100,block4,8,32,9401100,64,63,63,63,63,63,64,64,64,64,64,63,2.965623488687348e-16,2.1093467016453773e-15
block4_n8_T32_s9401100,block4,8,32,9401100,128,127,127,127,127,127,128,128,128,128,128,127,4.2214716897997927e-16,3.4505914802462998e-15
block4_n8_T32_s9401101,block4,8,32,9401101,8,7,7,7,7,7,8,8,8,8,8,7,1.2216200588515908e-16,5.286245145012799e-16
block4_n8_T32_s9401101,block4,8,32,9401101,16,15,15,15,15,15,16,16,16,16,16,15,1.5491158897460124e-16,6.512926109834429e-16
block4_n8_T32_s9401101,block4,8,32,9401101,32,31,31,31,31,31,32,32,32,32,32,31,2.0766440827790957e-16,1.162071265105397e-15
block4_n8_T32_s9401101,block4,8,32,9401101,64,63,63,63,63,63,64,64,64,64,64,63,2.8686128152618765e-16,2.1051308489923507e-15
block4_n8_T32_s9401101,block4,8,32,9401101,128,127,127,127,127,127,128,128,128,128,128,127,3.9245364304025946e-16,3.3732112405263438e-15
block4_n8_T32_s9401102,block4,8,32,9401102,8,7,7,7,7,7,8,8,8,8,8,7,1.2272934369694515e-16,6.103292308788145e-16
block4_n8_T32_s9401102,block4,8,32,9401102,16,15,15,15,15,15,16,16,16,16,16,15,1.6549238254921283e-16,8.262056784799102e-16
block4_n8_T32_s9401102,block4,8,32,9401102,32,31,31,31,31,31,32,32,32,32,32,31,2.2535848058428433e-16,1.294420078683314e-15
block4_n8_T32_s9401102,block4,8,32,9401102,64,63,63,63,63,63,64,64,64,64,64,63,2.9102270991737348e-16,2.25486065634455e-15
block4_n8_T32_s9401102,block4,8,32,9401102,128,127,127,127,127,127,128,128,128,128,128,127,3.9921105628885267e-16,3.5234276061619355e-15
block4_n8_T32_s9401103,block4,8,32,9401103,8,7,7,7,7,7,8,8,8,8,8,7,1.0414240706985524e-16,3.493563331845957e-16
block4_n8_T32_s9401103,block4,8,32,9401103,16,15,15,15,15,15,16,16,16,16,16,15,1.430280916899916e-16,6.923105196215162e-16
block4_n8_T32_s9401103,block4,8,32,9401103,32,31,31,31,31,31,32,32,32,32,32,31,2.0679900735674213e-16,1.2064134998890427e-15
block4_n8_T32_s9401103,block4,8,32,9401103,64,63,63,63,63,63,64,64,64,64,64,63,2.90955816081535e-16,2.042557620935394e-15
block4_n8_T32_s9401103,block4,8,32,9401103,128,127,127,127,127,127,128,128,128,128,128,127,4.1834092096523935e-16,3.3756513048117633e-15
block4_n8_T32_s9401104,block4,8,32,9401104,8,7,7,7,7,7,8,8,8,8,8,7,1.1579889802063948e-16,6.632674469394172e-16
block4_n8_T32_s9401104,block4,8,32,9401104,16,15,15,15,15,15,16,16,16,16,16,15,1.528939803973371e-16,9.712209748719072e-16
block4_n8_T32_s9401104,block4,8,32,9401104,32,31,31,31,31,31,32,32,32,32,32,31,2.0200618857235308e-16,1.4179107356711659e-15
block4_n8_T32_s9401104,block4,8,32,9401104,64,63,63,63,63,63,64,64,64,64,64,63,3.010884435080234e-16,2.306574022312072e-15
block4_n8_T32_s9401104,block4,8,32,9401104,128,127,127,127,127,127,128,128,128,128,128,127,4.071983675172983e-16,3.524428390399122e-15
block4_n8_T128_s9401100,block4,8,128,9401100,8,7,7,7,7,7,8,8,8,8,8,7,1.0772186373102531e-16,5.631885458554872e-16
block4_n8_T128_s9401100,block4,8,128,9401100,16,15,15,15,15,15,16,16,16,16,16,15,1.49125811575531e-16,7.039207797931769e-16
block4_n8_T128_s9401100,block4,8,128,9401100,32,31,31,31,31,31,32,32,32,32,32,31,2.1462646864071456e-16,1.090317243642477e-15
block4_n8_T128_s9401100,block4,8,128,9401100,64,63,63,63,63,63,64,64,64,64,64,63,2.925053069719054e-16,2.0386743903936925e-15
block4_n8_T128_s9401100,block4,8,128,9401100,128,127,127,127,127,127,128,128,128,128,128,127,4.1644115044720486e-16,3.415500020034103e-15
block4_n8_T128_s9401101,block4,8,128,9401101,8,7,7,7,7,7,8,8,8,8,8,7,9.562128029040378e-17,3.8989028161772515e-16
block4_n8_T128_s9401101,block4,8,128,9401101,16,15,15,15,15,15,16,16,16,16,16,15,1.4988860730421792e-16,5.857204022302001e-16
block4_n8_T128_s9401101,block4,8,128,9401101,32,31,31,31,31,31,32,32,32,32,32,31,1.984618572727697e-16,9.390292586850895e-16
block4_n8_T128_s9401101,block4,8,128,9401101,64,63,63,63,63,63,64,64,64,64,64,63,2.890438038325251e-16,1.912209988113789e-15
block4_n8_T128_s9401101,block4,8,128,9401101,128,127,127,127,127,127,128,128,128,128,128,127,3.9335553063277226e-16,3.26858997830888e-15
block4_n8_T128_s9401102,block4,8,128,9401102,8,7,7,7,7,7,8,8,8,8,8,7,1.1409630598828804e-16,2.6972788532853743e-16
block4_n8_T128_s9401102,block4,8,128,9401102,16,15,15,15,15,15,16,16,16,16,16,15,1.4540286045472845e-16,7.002586380312241e-16
block4_n8_T128_s9401102,block4,8,128,9401102,32,31,31,31,31,31,32,32,32,32,32,31,1.8768117590199538e-16,1.1296333780342442e-15
block4_n8_T128_s9401102,block4,8,128,9401102,64,63,63,63,63,63,64,64,64,64,64,63,2.7142150796654664e-16,2.1276167400643464e-15
block4_n8_T128_s9401102,block4,8,128,9401102,128,127,127,127,127,127,128,128,128,128,128,127,3.773987818401408e-16,3.4199923525640154e-15
block4_n8_T128_s9401103,block4,8,128,9401103,8,7,7,7,7,7,8,8,8,8,8,7,1.0308780420772625e-16,3.496906161039818e-16
block4_n8_T128_s9401103,block4,8,128,9401103,16,15,15,15,15,15,16,16,16,16,16,15,1.4630839091749256e-16,5.26520093396175e-16
block4_n8_T128_s9401103,block4,8,128,9401103,32,31,31,31,31,31,32,32,32,32,32,31,2.1562229812493294e-16,1.2221591880077981e-15
block4_n8_T128_s9401103,block4,8,128,9401103,64,63,63,63,63,63,64,64,64,64,64,63,3.044324152464135e-16,2.1665104872304503e-15
block4_n8_T128_s9401103,block4,8,128,9401103,128,127,127,127,127,127,128,128,128,128,128,127,4.1158797128245213e-16,3.396622739127579e-15
block4_n8_T128_s9401104,block4,8,128,9401104,8,7,7,7,7,7,8,8,8,8,8,7,1.0813065516414895e-16,5.976399135425048e-16
block4_n8_T128_s9401104,block4,8,128,9401104,16,15,15,15,15,15,16,16,16,16,16,15,1.5171274272469646e-16,7.981829423073389e-16
block4_n8_T128_s9401104,block4,8,128,9401104,32,31,31,31,31,31,32,32,32,32,32,31,2.2726390293095423e-16,1.38290399629195e-15
block4_n8_T128_s9401104,block4,8,128,9401104,64,63,63,63,63,63,64,64,64,64,64,63,3.0731381352760997e-16,2.2275320893083257e-15
block4_n8_T128_s9401104,block4,8,128,9401104,128,127,127,127,127,127,128,128,128,128,128,127,4.032745437329767e-16,3.4609581502101858e-15
block4_n16_T32_s9401100,block4,16,32,9401100,8,7,7,7,7,7,8,8,8,8,8,7,1.122768673993135e-16,5.291874741240958e-16
block4_n16_T32_s9401100,block4,16,32,9401100,16,15,15,15,15,15,16,16,16,16,16,15,1.4242318014701712e-16,8.01583011515099e-16
block4_n16_T32_s9401100,block4,16,32,9401100,32,31,31,31,31,31,32,32,32,32,32,31,1.8946118767473539e-16,1.2086410992782324e-15
block4_n16_T32_s9401100,block4,16,32,9401100,64,63,63,63,63,63,64,64,64,64,64,63,2.6883625339584324e-16,2.0929523046406267e-15
block4_n16_T32_s9401100,block4,16,32,9401100,128,127,127,127,127,127,128,128,128,128,128,127,4.0653291399689383e-16,3.755089310582672e-15
block4_n16_T32_s9401101,block4,16,32,9401101,8,7,7,7,7,7,8,8,8,8,8,7,1.1119400227479508e-16,6.904067683890654e-16
block4_n16_T32_s9401101,block4,16,32,9401101,16,15,15,15,15,15,16,16,16,16,16,15,1.5540574327666497e-16,9.181684291284436e-16
block4_n16_T32_s9401101,block4,16,32,9401101,32,31,31,31,31,31,32,32,32,32,32,31,2.0556626096203068e-16,1.3210721334855346e-15
block4_n16_T32_s9401101,block4,16,32,9401101,64,63,63,63,63,63,64,64,64,64,64,63,2.9077589720909084e-16,2.108132699215133e-15
block4_n16_T32_s9401101,block4,16,32,9401101,128,127,127,127,127,127,128,128,128,128,128,127,4.1504561575900766e-16,3.824001178436047e-15
block4_n16_T32_s9401102,block4,16,32,9401102,8,7,7,7,7,7,8,8,8,8,8,7,1.1405549706680783e-16,6.309383790219651e-16
block4_n16_T32_s9401102,block4,16,32,9401102,16,15,15,15,15,15,16,16,16,16,16,15,1.445652630172145e-16,9.454165249851543e-16
block4_n16_T32_s9401102,block4,16,32,9401102,32,31,31,31,31,31,32,32,32,32,32,31,1.8680743270929302e-16,1.2829739203279363e-15
block4_n16_T32_s9401102,block4,16,32,9401102,64,63,63,63,63,63,64,64,64,64,64,63,2.7221074385140423e-16,2.0112153906474635e-15
block4_n16_T32_s9401102,block4,16,32,9401102,128,127,127,127,127,127,128,128,128,128,128,127,3.8634401058892544e-16,3.689130024378484e-15
block4_n16_T32_s9401103,block4,16,32,9401103,8,7,7,7,7,7,8,8,8,8,8,7,1.184080950213989e-16,7.190109073975734e-16
block4_n16_T32_s9401103,block4,16,32,9401103,16,15,15,15,15,15,16,16,16,16,16,15,1.5365797488763101e-16,8.366254344958141e-16
block4_n16_T32_s9401103,block4,16,32,9401103,32,31,31,31,31,31,32,32,32,32,32,31,2.0413849936126704e-16,1.2282917615398626e-15
block4_n16_T32_s9401103,block4,16,32,9401103,64,63,63,63,63,63,64,64,64,64,64,63,2.852338948536767e-16,2.116343470899629e-15
block4_n16_T32_s9401103,block4,16,32,9401103,128,127,127,127,127,127,128,128,128,128,128,127,4.1259085966084183e-16,3.6398098382508164e-15
block4_n16_T32_s9401104,block4,16,32,9401104,8,7,7,7,7,7,8,8,8,8,8,7,1.0897779834219611e-16,4.669640254685281e-16
block4_n16_T32_s9401104,block4,16,32,9401104,16,15,15,15,15,15,16,16,16,16,16,15,1.4036046157127432e-16,9.022521458016497e-16
block4_n16_T32_s9401104,block4,16,32,9401104,32,31,31,31,31,31,32,32,32,32,32,31,1.9476324886883787e-16,1.173334325745527e-15
block4_n16_T32_s9401104,block4,16,32,9401104,64,63,63,63,63,63,64,64,64,64,64,63,2.7520467710361994e-16,2.066002137890856e-15
block4_n16_T32_s9401104,block4,16,32,9401104,128,127,127,127,127,127,128,128,128,128,128,127,3.9902837389091027e-16,3.5414193577726674e-15
block4_n16_T128_s9401100,block4,16,128,9401100,8,7,7,7,7,7,8,8,8,8,8,7,1.0638667979335585e-16,4.273550688771044e-16
block4_n16_T128_s9401100,block4,16,128,9401100,16,15,15,15,15,15,16,16,16,16,16,15,1.4670890661743748e-16,5.341394136804548e-16
block4_n16_T128_s9401100,block4,16,128,9401100,32,31,31,31,31,31,32,32,32,32,32,31,1.9478332992388264e-16,9.622507023338125e-16
block4_n16_T128_s9401100,block4,16,128,9401100,64,63,63,63,63,63,64,64,64,64,64,63,2.7680401019668565e-16,1.92648343613902e-15
block4_n16_T128_s9401100,block4,16,128,9401100,128,127,127,127,127,127,128,128,128,128,128,127,4.05507873770575e-16,3.554532399535285e-15
block4_n16_T128_s9401101,block4,16,128,9401101,8,7,7,7,7,7,8,8,8,8,8,7,1.1117887993930193e-16,6.550445181635645e-16
block4_n16_T128_s9401101,block4,16,128,9401101,16,15,15,15,15,15,16,16,16,16,16,15,1.5351842652938933e-16,8.322157498394211e-16
block4_n16_T128_s9401101,block4,16,128,9401101,32,31,31,31,31,31,32,32,32,32,32,31,2.092287337262993e-16,1.294337131797203e-15
block4_n16_T128_s9401101,block4,16,128,9401101,64,63,63,63,63,63,64,64,64,64,64,63,2.9004660728093507e-16,2.3149892296494534e-15
block4_n16_T128_s9401101,block4,16,128,9401101,128,127,127,127,127,127,128,128,128,128,128,127,4.204120308380981e-16,3.8645869406513874e-15
block4_n16_T128_s9401102,block4,16,128,9401102,8,7,7,7,7,7,8,8,8,8,8,7,1.1003588020014425e-16,4.781479689088559e-16
block4_n16_T128_s9401102,block4,16,128,9401102,16,15,15,15,15,15,16,16,16,16,16,15,1.4636987646072062e-16,7.204823497075244e-16
block4_n16_T128_s9401102,block4,16,128,9401102,32,31,31,31,31,31,32,32,32,32,32,31,2.0516490216427758e-16,1.1873193573214146e-15
block4_n16_T128_s9401102,block4,16,128,9401102,64,63,63,63,63,63,64,64,64,64,64,63,2.671936944651228e-16,1.9047048249991594e-15
block4_n16_T128_s9401102,block4,16,128,9401102,128,127,127,127,127,127,128,128,128,128,128,127,3.830303731977546e-16,3.4514449711176173e-15
block4_n16_T128_s9401103,block4,16,128,9401103,8,7,7,7,7,7,8,8,8,8,8,7,1.1304872255445237e-16,5.513395397038086e-16
block4_n16_T128_s9401103,block4,16,128,9401103,16,15,15,15,15,15,16,16,16,16,16,15,1.5252879026383343e-16,7.98175953505961e-16
block4_n16_T128_s9401103,block4,16,128,9401103,32,31,31,31,31,31,32,32,32,32,32,31,1.9574408870079535e-16,1.3581693927846475e-15
block4_n16_T128_s9401103,block4,16,128,9401103,64,63,63,63,63,63,64,64,64,64,64,63,2.8642745031696965e-16,1.9225356589578377e-15
block4_n16_T128_s9401103,block4,16,128,9401103,128,127,127,127,127,127,128,128,128,128,128,127,4.15454099488482e-16,3.4711273024688642e-15
block4_n16_T128_s9401104,block4,16,128,9401104,8,7,7,7,7,7,8,8,8,8,8,7,1.1066867649766793e-16,4.700153363469357e-16
block4_n16_T128_s9401104,block4,16,128,9401104,16,15,15,15,15,15,16,16,16,16,16,15,1.4092551343736722e-16,6.299446305446384e-16
block4_n16_T128_s9401104,block4,16,128,9401104,32,31,31,31,31,31,32,32,32,32,32,31,1.9660224469057983e-16,1.1442023021795055e-15
block4_n16_T128_s9401104,block4,16,128,9401104,64,63,63,63,63,63,64,64,64,64,64,63,2.8103795428346433e-16,2.2494745888419516e-15
block4_n16_T128_s9401104,block4,16,128,9401104,128,127,127,127,127,127,128,128,128,128,128,127,3.9540613195128946e-16,3.690719853076505e-15
deep2_n8_T32_s9401100,deep2,8,32,9401100,8,7,7,7,7,7,8,8,8,8,8,7,1.1613234170349163e-16,9.40137895676192e-16
deep2_n8_T32_s9401100,deep2,8,32,9401100,16,15,15,15,15,15,16,16,16,16,16,15,1.472384465222817e-16,1.1210690136356064e-15
deep2_n8_T32_s9401100,deep2,8,32,9401100,32,31,31,31,31,31,32,32,32,32,32,31,1.9190830640458598e-16,1.588545471203316e-15
deep2_n8_T32_s9401100,deep2,8,32,9401100,64,63,63,63,63,63,64,64,64,64,64,63,2.573594488300975e-16,2.3754650712119834e-15
deep2_n8_T32_s9401100,deep2,8,32,9401100,128,127,127,127,127,127,128,128,128,128,128,127,3.5717097271117926e-16,3.74064205042994e-15
deep2_n8_T32_s9401101,deep2,8,32,9401101,8,7,7,7,7,7,8,8,8,8,8,7,1.2195676309879084e-16,5.681282743548205e-16
deep2_n8_T32_s9401101,deep2,8,32,9401101,16,15,15,15,15,15,16,16,16,16,16,15,1.4695121899912134e-16,9.716540468842708e-16
deep2_n8_T32_s9401101,deep2,8,32,9401101,32,31,31,31,31,31,32,32,32,32,32,31,1.8827550595137596e-16,1.4061792398654425e-15
deep2_n8_T32_s9401101,deep2,8,32,9401101,64,63,63,63,63,63,64,64,64,64,64,63,2.514197321492584e-16,2.253163836198001e-15
deep2_n8_T32_s9401101,deep2,8,32,9401101,128,127,127,127,127,127,128,128,128,128,128,127,3.6072908258440374e-16,3.8459572230941716e-15
deep2_n8_T32_s9401102,deep2,8,32,9401102,8,7,7,7,7,7,8,8,8,8,8,7,1.0423430445511342e-16,1.179182752005587e-15
deep2_n8_T32_s9401102,deep2,8,32,9401102,16,15,15,15,15,15,16,16,16,16,16,15,1.4454841507426627e-16,1.483208935744034e-15
deep2_n8_T32_s9401102,deep2,8,32,9401102,32,31,31,31,31,31,32,32,32,32,32,31,1.9045537562842073e-16,1.9302543986951934e-15
deep2_n8_T32_s9401102,deep2,8,32,9401102,64,63,63,63,63,63,64,64,64,64,64,63,2.6384560937391393e-16,2.6956282535480635e-15
deep2_n8_T32_s9401102,deep2,8,32,9401102,128,127,127,127,127,127,128,128,128,128,128,127,3.697698952211857e-16,4.343572557452415e-15
deep2_n8_T32_s9401103,deep2,8,32,9401103,8,7,7,7,7,7,8,8,8,8,8,7,1.1835620963745378e-16,5.291691034945992e-16
deep2_n8_T32_s9401103,deep2,8,32,9401103,16,15,15,15,15,15,16,16,16,16,16,15,1.5097772816399609e-16,7.814477277656311e-16
deep2_n8_T32_s9401103,deep2,8,32,9401103,32,31,31,31,31,31,32,32,32,32,32,31,1.9881228571791764e-16,1.3152794302748993e-15
deep2_n8_T32_s9401103,deep2,8,32,9401103,64,63,63,63,63,63,64,64,64,64,64,63,2.697789611863649e-16,2.181165163986079e-15
deep2_n8_T32_s9401103,deep2,8,32,9401103,128,127,127,127,127,127,128,128,128,128,128,127,3.7893643790424507e-16,3.6661029782793615e-15
deep2_n8_T32_s9401104,deep2,8,32,9401104,8,7,7,7,7,7,8,8,8,8,8,7,1.1039660889563965e-16,4.968309638717459e-16
deep2_n8_T32_s9401104,deep2,8,32,9401104,16,15,15,15,15,15,16,16,16,16,16,15,1.539024642362902e-16,1.0901122532798664e-15
deep2_n8_T32_s9401104,deep2,8,32,9401104,32,31,31,31,31,31,32,32,32,32,32,31,2.0979897671961012e-16,1.5025145794379672e-15
deep2_n8_T32_s9401104,deep2,8,32,9401104,64,63,63,63,63,63,64,64,64,64,64,63,2.7692222913104917e-16,2.372014357573113e-15
deep2_n8_T32_s9401104,deep2,8,32,9401104,128,127,127,127,127,127,128,128,128,128,128,127,3.8043866945436436e-16,3.912546202083616e-15
deep2_n8_T128_s9401100,deep2,8,128,9401100,8,7,7,7,7,7,8,8,8,8,8,7,1.1792816148004566e-16,7.119111065307398e-16
deep2_n8_T128_s9401100,deep2,8,128,9401100,16,15,15,15,15,15,16,16,16,16,16,15,1.4110803255846884e-16,1.069455460255513e-15
deep2_n8_T128_s9401100,deep2,8,128,9401100,32,31,31,31,31,31,32,32,32,32,32,31,1.782445137567347e-16,1.5866309801809522e-15
deep2_n8_T128_s9401100,deep2,8,128,9401100,64,63,63,63,63,63,64,64,64,64,64,63,2.4915227538230556e-16,2.4856106749555327e-15
deep2_n8_T128_s9401100,deep2,8,128,9401100,128,127,127,127,127,127,128,128,128,128,128,127,3.5617476209418457e-16,4.005197145482962e-15
deep2_n8_T128_s9401101,deep2,8,128,9401101,8,7,7,7,7,7,8,8,8,8,8,7,1.1153852525081737e-16,9.33500901819108e-16
deep2_n8_T128_s9401101,deep2,8,128,9401101,16,15,15,15,15,15,16,16,16,16,16,15,1.401050002771537e-16,1.1708800112407484e-15
deep2_n8_T128_s9401101,deep2,8,128,9401101,32,31,31,31,31,31,32,32,32,32,32,31,1.8895371811076882e-16,1.671753425227887e-15
deep2_n8_T128_s9401101,deep2,8,128,9401101,64,63,63,63,63,63,64,64,64,64,64,63,2.71069396013716e-16,2.5804921333957502e-15
deep2_n8_T128_s9401101,deep2,8,128,9401101,128,127,127,127,127,127,128,128,128,128,128,127,3.6915399261772893e-16,4.2171222438011434e-15
deep2_n8_T128_s9401102,deep2,8,128,9401102,8,7,7,7,7,7,8,8,8,8,8,7,1.1716213096256293e-16,6.657691599258847e-16
deep2_n8_T128_s9401102,deep2,8,128,9401102,16,15,15,15,15,15,16,16,16,16,16,15,1.503330939116765e-16,1.0162785886060221e-15
deep2_n8_T128_s9401102,deep2,8,128,9401102,32,31,31,31,31,31,32,32,32,32,32,31,1.9373285639605e-16,1.7501298960138686e-15
deep2_n8_T128_s9401102,deep2,8,128,9401102,64,63,63,63,63,63,64,64,64,64,64,63,2.6144713286691253e-16,2.4373568181121553e-15
deep2_n8_T128_s9401102,deep2,8,128,9401102,128,127,127,127,127,127,128,128,128,128,128,127,3.665547697386335e-16,4.093740423354663e-15
deep2_n8_T128_s9401103,deep2,8,128,9401103,8,7,7,7,7,7,8,8,8,8,8,7,1.119558224208381e-16,6.891794359748448e-16
deep2_n8_T128_s9401103,deep2,8,128,9401103,16,15,15,15,15,15,16,16,16,16,16,15,1.4667735794873705e-16,9.52410006655912e-16
deep2_n8_T128_s9401103,deep2,8,128,9401103,32,31,31,31,31,31,32,32,32,32,32,31,2.037818488446335e-16,1.6554798741275443e-15
deep2_n8_T128_s9401103,deep2,8,128,9401103,64,63,63,63,63,63,64,64,64,64,64,63,2.747037575765164e-16,2.655616773151284e-15
deep2_n8_T128_s9401103,deep2,8,128,9401103,128,127,127,127,127,127,128,128,128,128,128,127,3.824243487725259e-16,4.0459111281024575e-15
deep2_n8_T128_s9401104,deep2,8,128,9401104,8,7,7,7,7,7,8,8,8,8,8,7,1.0985623028954601e-16,9.285252107807944e-16
deep2_n8_T128_s9401104,deep2,8,128,9401104,16,15,15,15,15,15,16,16,16,16,16,15,1.5179237362163736e-16,1.2677157917236477e-15
deep2_n8_T128_s9401104,deep2,8,128,9401104,32,31,31,31,31,31,32,32,32,32,32,31,2.0798238051844298e-16,1.6223574676052384e-15
deep2_n8_T128_s9401104,deep2,8,128,9401104,64,63,63,63,63,63,64,64,64,64,64,63,2.7869070427969487e-16,2.479984463866754e-15
deep2_n8_T128_s9401104,deep2,8,128,9401104,128,127,127,127,127,127,128,128,128,128,128,127,3.938267884760908e-16,3.959389351048689e-15
deep2_n16_T32_s9401100,deep2,16,32,9401100,8,7,7,7,7,7,8,8,8,8,8,7,1.1419818549175333e-16,1.4607079099857469e-15
deep2_n16_T32_s9401100,deep2,16,32,9401100,16,15,15,15,15,15,16,16,16,16,16,15,1.4868719903593961e-16,2.334815394092293e-15
deep2_n16_T32_s9401100,deep2,16,32,9401100,32,31,31,31,31,31,32,32,32,32,32,31,1.844505121056294e-16,2.66248064494556e-15
deep2_n16_T32_s9401100,deep2,16,32,9401100,64,63,63,63,63,63,64,64,64,64,64,63,2.573090288597925e-16,3.789687094558164e-15
deep2_n16_T32_s9401100,deep2,16,32,9401100,128,127,127,127,127,127,128,128,128,128,128,127,3.699702081412103e-16,5.994178999304552e-15
deep2_n16_T32_s9401101,deep2,16,32,9401101,8,7,7,7,7,7,8,8,8,8,8,7,1.0149723273060156e-16,1.482985227018889e-15
deep2_n16_T32_s9401101,deep2,16,32,9401101,16,15,15,15,15,15,16,16,16,16,16,15,1.3862908677638804e-16,1.863910357408029e-15
deep2_n16_T32_s9401101,deep2,16,32,9401101,32,31,31,31,31,31,32,32,32,32,32,31,1.7970496220321567e-16,2.3874542799526413e-15
deep2_n16_T32_s9401101,deep2,16,32,9401101,64,63,63,63,63,63,64,64,64,64,64,63,2.557923246851645e-16,3.64531192012426e-15
deep2_n16_T32_s9401101,deep2,16,32,9401101,128,127,127,127,127,127,128,128,128,128,128,127,3.7138359184762857e-16,6.230125829206412e-15
deep2_n16_T32_s9401102,deep2,16,32,9401102,8,7,7,7,7,7,8,8,8,8,8,7,1.190257483935245e-16,1.660578669195789e-15
deep2_n16_T32_s9401102,deep2,16,32,9401102,16,15,15,15,15,15,16,16,16,16,16,15,1.47914626532232e-16,1.9671971605275805e-15
deep2_n16_T32_s9401102,deep2,16,32,9401102,32,31,31,31,31,31,32,32,32,32,32,31,1.8782606029581533e-16,2.564017361067417e-15
deep2_n16_T32_s9401102,deep2,16,32,9401102,64,63,63,63,63,63,64,64,64,64,64,63,2.542046165561317e-16,3.765870646753235e-15
deep2_n16_T32_s9401102,deep2,16,32,9401102,128,127,127,127,127,127,128,128,128,128,128,127,3.7031015128414936e-16,6.251141628600505e-15
deep2_n16_T32_s9401103,deep2,16,32,9401103,8,7,7,7,7,7,8,8,8,8,8,7,1.1600855984329187e-16,1.3276329527431454e-15
deep2_n16_T32_s9401103,deep2,16,32,9401103,16,15,15,15,15,15,16,16,16,16,16,15,1.4361824931155192e-16,1.8306052354375875e-15
deep2_n16_T32_s9401103,deep2,16,32,9401103,32,31,31,31,31,31,32,32,32,32,32,31,1.8898564740932918e-16,2.5364275795709947e-15
deep2_n16_T32_s9401103,deep2,16,32,9401103,64,63,63,63,63,63,64,64,64,64,64,63,2.6577926301641254e-16,3.6679055479222564e-15
deep2_n16_T32_s9401103,deep2,16,32,9401103,128,127,127,127,127,127,128,128,128,128,128,127,3.818691823387315e-16,6.0148948767958325e-15
deep2_n16_T32_s9401104,deep2,16,32,9401104,8,7,7,7,7,7,8,8,8,8,8,7,1.1281726511738687e-16,1.826397056365955e-15
deep2_n16_T32_s9401104,deep2,16,32,9401104,16,15,15,15,15,15,16,16,16,16,16,15,1.4107695971895538e-16,2.181317470645848e-15
deep2_n16_T32_s9401104,deep2,16,32,9401104,32,31,31,31,31,31,32,32,32,32,32,31,1.85360101056458e-16,2.7370968613339042e-15
deep2_n16_T32_s9401104,deep2,16,32,9401104,64,63,63,63,63,63,64,64,64,64,64,63,2.5556857584886565e-16,3.805787798241474e-15
deep2_n16_T32_s9401104,deep2,16,32,9401104,128,127,127,127,127,127,128,128,128,128,128,127,3.696968416301981e-16,6.255405635559107e-15
deep2_n16_T128_s9401100,deep2,16,128,9401100,8,7,7,7,7,7,8,8,8,8,8,7,1.1507144887037613e-16,1.2497739445572838e-15
deep2_n16_T128_s9401100,deep2,16,128,9401100,16,15,15,15,15,15,16,16,16,16,16,15,1.4469575647505673e-16,2.0855983987207915e-15
deep2_n16_T128_s9401100,deep2,16,128,9401100,32,31,31,31,31,31,32,32,32,32,32,31,1.8083243331662307e-16,3.1886790340575003e-15
deep2_n16_T128_s9401100,deep2,16,128,9401100,64,63,63,63,63,63,64,64,64,64,64,63,2.532589474826955e-16,4.181386378481214e-15
deep2_n16_T128_s9401100,deep2,16,128,9401100,128,127,127,127,127,127,128,128,128,128,128,127,3.631638114071465e-16,6.1224805195198905e-15
deep2_n16_T128_s9401101,deep2,16,128,9401101,8,7,7,7,7,7,8,8,8,8,8,7,1.1379734601788414e-16,1.6276501925857862e-15
deep2_n16_T128_s9401101,deep2,16,128,9401101,16,15,15,15,15,15,16,16,16,16,16,15,1.4409242853745977e-16,1.957994598439936e-15
deep2_n16_T128_s9401101,deep2,16,128,9401101,32,31,31,31,31,31,32,32,32,32,32,31,1.8697593548118962e-16,2.707641225066774e-15
deep2_n16_T128_s9401101,deep2,16,128,9401101,64,63,63,63,63,63,64,64,64,64,64,63,2.631630582880557e-16,3.604961580881256e-15
deep2_n16_T128_s9401101,deep2,16,128,9401101,128,127,127,127,127,127,128,128,128,128,128,127,3.7618735536958127e-16,6.050418745787275e-15
deep2_n16_T128_s9401102,deep2,16,128,9401102,8,7,7,7,7,7,8,8,8,8,8,7,1.0688488638063808e-16,1.3809433614828675e-15
deep2_n16_T128_s9401102,deep2,16,128,9401102,16,15,15,15,15,15,16,16,16,16,16,15,1.4145810300387249e-16,1.9506891258905986e-15
deep2_n16_T128_s9401102,deep2,16,128,9401102,32,31,31,31,31,31,32,32,32,32,32,31,1.8043413825328895e-16,2.596308196119744e-15
deep2_n16_T128_s9401102,deep2,16,128,9401102,64,63,63,63,63,63,64,64,64,64,64,63,2.5494178810415916e-16,4.047235956390512e-15
deep2_n16_T128_s9401102,deep2,16,128,9401102,128,127,127,127,127,127,128,128,128,128,128,127,3.7499325586048904e-16,6.24290246888787e-15
deep2_n16_T128_s9401103,deep2,16,128,9401103,8,7,7,7,7,7,8,8,8,8,8,7,1.0807171186844952e-16,8.217650879940564e-16
deep2_n16_T128_s9401103,deep2,16,128,9401103,16,15,15,15,15,15,16,16,16,16,16,15,1.4709114885377969e-16,1.2143865553479555e-15
deep2_n16_T128_s9401103,deep2,16,128,9401103,32,31,31,31,31,31,32,32,32,32,32,31,1.9194632587768895e-16,2.125687279794062e-15
deep2_n16_T128_s9401103,deep2,16,128,9401103,64,63,63,63,63,63,64,64,64,64,64,63,2.693608869093334e-16,3.654864255261804e-15
deep2_n16_T128_s9401103,deep2,16,128,9401103,128,127,127,127,127,127,128,128,128,128,128,127,3.760082275045171e-16,6.1427016323164805e-15
deep2_n16_T128_s9401104,deep2,16,128,9401104,8,7,7,7,7,7,8,8,8,8,8,7,1.1099057667588912e-16,2.3554039910690876e-15
deep2_n16_T128_s9401104,deep2,16,128,9401104,16,15,15,15,15,15,16,16,16,16,16,15,1.375359656155444e-16,2.601601268021447e-15
deep2_n16_T128_s9401104,deep2,16,128,9401104,32,31,31,31,31,31,32,32,32,32,32,31,1.8278471496204943e-16,3.373392030852413e-15
deep2_n16_T128_s9401104,deep2,16,128,9401104,64,63,63,63,63,63,64,64,64,64,64,63,2.614639256594404e-16,4.260345908729214e-15
deep2_n16_T128_s9401104,deep2,16,128,9401104,128,127,127,127,127,127,128,128,128,128,128,127,3.8151507101714003e-16,6.5859208896201416e-15
