id,case,n,T,seed,P,N,full_size,method,all_stored_numbers,bytes,peak_stored_numbers,ratio_to_full,ratio_to_P,seconds,inclusive_to_inference,exact,peak_scratch_bound_scalars,relative_error,absolute_error,max_group_relative_error
independent_n8_T32_s9401100,independent,8,32,9401100,80,8,640,packed_exact,168,1344,168,0.2625,2.1,0.009620900033041835,5.089884800440287,True,6896,0.0,0.0,3.3188033458363953e-16
independent_n8_T32_s9401100,independent,8,32,9401100,80,8,640,online_svd,704,5632,704,1.1,8.8,0.008022499969229102,4.244259946021031,True,12096,1.2538008465300347e-16,2.7267684638010437e-16,9.228582628565577e-16
independent_n8_T32_s9401100,independent,8,32,9401100,80,8,640,online_local_residual,168,1344,168,0.2625,2.1,0.015024700085632503,7.948735807917548,True,10592,0.0,0.0,3.3188033458363953e-16
independent_n8_T32_s9401100,independent,8,32,9401100,80,8,640,unfused_kronecker_history,2448,19584,2448,3.825,30.6,0.0070677000330761075,3.739128236326927,True,13952,2.4908339240313594e-17,5.551115123125783e-17,3.3188033458363953e-16
independent_n8_T32_s9401101,independent,8,32,9401101,80,8,640,packed_exact,168,1344,168,0.2625,2.1,0.010057200095616281,8.013066694542282,True,6896,0.0,0.0,2.5982390149671767e-16
independent_n8_T32_s9401101,independent,8,32,9401101,80,8,640,online_svd,704,5632,704,1.1,8.8,0.007813000003807247,6.225001940873706,True,12096,1.9448121978114305e-16,4.440892098500626e-16,1.9532533135882097e-15
independent_n8_T32_s9401101,independent,8,32,9401101,80,8,640,online_local_residual,168,1344,168,0.2625,2.1,0.015322600025683641,12.208270171845932,True,10592,0.0,0.0,2.5982390149671767e-16
independent_n8_T32_s9401102,independent,8,32,9401102,80,8,640,packed_exact,168,1344,168,0.2625,2.1,0.0096497000195086,7.931694466732022,True,6896,0.0,0.0,4.536026322356601e-16
independent_n8_T32_s9401102,independent,8,32,9401102,80,8,640,online_svd,704,5632,704,1.1,8.8,0.008169100037775934,6.714696357069484,True,12096,1.0983183976762701e-16,2.220446049250313e-16,1.0123070369443558e-15
independent_n8_T32_s9401102,independent,8,32,9401102,80,8,640,online_local_residual,168,1344,168,0.2625,2.1,0.015574200078845024,12.801413136099034,True,10592,0.0,0.0,4.536026322356601e-16
independent_n8_T32_s9401103,independent,8,32,9401103,80,8,640,packed_exact,168,1344,168,0.2625,2.1,0.009596999967470765,7.810693931746155,True,6896,0.0,0.0,3.403788676794328e-16
independent_n8_T32_s9401103,independent,8,32,9401103,80,8,640,online_svd,704,5632,704,1.1,8.8,0.008165000006556511,6.6452345753967546,True,12096,2.0180235507319728e-16,4.831204880595408e-16,2.1177909463199046e-15
independent_n8_T32_s9401103,independent,8,32,9401103,80,8,640,online_local_residual,168,1344,168,0.2625,2.1,0.015117799979634583,12.303897985049533,True,10592,0.0,0.0,3.403788676794328e-16
independent_n8_T32_s9401104,independent,8,32,9401104,80,8,640,packed_exact,168,1344,168,0.2625,2.1,0.010509999934583902,8.570497205386527,True,6896,0.0,0.0,4.0431391481531513e-16
independent_n8_T32_s9401104,independent,8,32,9401104,80,8,640,online_svd,704,5632,704,1.1,8.8,0.00847650005016476,6.912256940396642,True,12096,1.5711126803209111e-16,3.5388358909926865e-16,1.917442834745681e-15
independent_n8_T32_s9401104,independent,8,32,9401104,80,8,640,online_local_residual,168,1344,168,0.2625,2.1,0.016058099921792746,13.09475750334446,True,10592,0.0,0.0,4.0431391481531513e-16
independent_n8_T128_s9401100,independent,8,128,9401100,80,8,640,packed_exact,168,1344,168,0.2625,2.1,0.039400799898430705,6.655203366576286,True,6896,0.0,0.0,3.2943952908113646e-16
independent_n8_T128_s9401100,independent,8,128,9401100,80,8,640,online_svd,704,5632,704,1.1,8.8,0.03177330002654344,5.366839603485118,True,12096,2.0824725883824822e-16,6.661338147750939e-16,1.580538783758289e-15
independent_n8_T128_s9401100,independent,8,128,9401100,80,8,640,online_local_residual,168,1344,168,0.2625,2.1,0.06153519998770207,10.393932894174847,True,10592,0.0,0.0,3.2943952908113646e-16
independent_n8_T128_s9401101,independent,8,128,9401101,80,8,640,packed_exact,168,1344,168,0.2625,2.1,0.03823449998162687,8.206413304653985,True,6896,0.0,0.0,3.6811525660660425e-16
independent_n8_T128_s9401101,independent,8,128,9401101,80,8,640,online_svd,704,5632,704,1.1,8.8,0.031293799984268844,6.71670498286865,True,12096,1.493015611415855e-16,4.440892098500626e-16,1.1363913335779493e-15
independent_n8_T128_s9401101,independent,8,128,9401101,80,8,640,online_local_residual,168,1344,168,0.2625,2.1,0.06184019998181611,13.272992719588467,True,10592,0.0,0.0,3.6811525660660425e-16
independent_n8_T128_s9401102,independent,8,128,9401102,80,8,640,packed_exact,168,1344,168,0.2625,2.1,0.038298700004816055,8.003573521231406,True,6896,0.0,0.0,4.917919466188563e-16
independent_n8_T128_s9401102,independent,8,128,9401102,80,8,640,online_svd,704,5632,704,1.1,8.8,0.03105760004837066,6.490345242759592,True,12096,1.155948967900629e-16,2.220446049250313e-16,9.354067815191788e-16
independent_n8_T128_s9401102,independent,8,128,9401102,80,8,640,online_local_residual,168,1344,168,0.2625,2.1,0.062107799923978746,12.97914401457454,True,10592,0.0,0.0,4.917919466188563e-16
independent_n8_T128_s9401103,independent,8,128,9401103,80,8,640,packed_exact,168,1344,168,0.2625,2.1,0.040955400094389915,7.546878479569731,True,6896,0.0,0.0,2.9124221183797064e-16
independent_n8_T128_s9401103,independent,8,128,9401103,80,8,640,online_svd,704,5632,704,1.1,8.8,0.03417610004544258,6.29765240613296,True,12096,1.3427613935351847e-16,2.220446049250313e-16,1.0379061419051524e-15
independent_n8_T128_s9401103,independent,8,128,9401103,80,8,640,online_local_residual,168,1344,168,0.2625,2.1,0.0654552000341937,12.061472708739432,True,10592,0.0,0.0,2.9124221183797064e-16
independent_n8_T128_s9401104,independent,8,128,9401104,80,8,640,packed_exact,168,1344,168,0.2625,2.1,0.0389925999334082,8.064319922361536,True,6896,0.0,0.0,3.5449529613124414e-16
independent_n8_T128_s9401104,independent,8,128,9401104,80,8,640,online_svd,704,5632,704,1.1,8.8,0.03334199998062104,6.895681620468911,True,12096,1.7867551484677207e-16,4.440892098500626e-16,1.3066521329589554e-15
independent_n8_T128_s9401104,independent,8,128,9401104,80,8,640,online_local_residual,168,1344,168,0.2625,2.1,0.06328100000973791,13.087566101183674,True,10592,0.0,0.0,3.5449529613124414e-16
independent_n16_T32_s9401100,independent,16,32,9401100,288,16,4608,packed_exact,592,4736,592,0.1284722222222222,2.0555555555555554,0.018426500027999282,10.792140349671433,True,45664,0.0,0.0,3.0831050941289775e-16
independent_n16_T32_s9401100,independent,16,32,9401100,288,16,4608,online_svd,4864,38912,4864,1.0555555555555556,16.88888888888889,0.014295800006948411,8.37284779265663,True,82944,1.2069569807910681e-16,2.498001805406602e-16,1.2600792798557218e-15
independent_n16_T32_s9401100,independent,16,32,9401100,288,16,4608,online_local_residual,592,4736,592,0.1284722222222222,2.0555555555555554,0.0309536000713706,18.129085599013912,True,70464,0.0,0.0,3.0831050941289775e-16
independent_n16_T32_s9401100,independent,16,32,9401100,288,16,4608,unfused_kronecker_history,9248,73984,9248,2.0069444444444446,32.111111111111114,0.010876800050027668,6.370387893351726,True,72448,2.943877870714483e-17,5.551115123125783e-17,3.0831050941289775e-16
independent_n16_T32_s9401101,independent,16,32,9401101,288,16,4608,packed_exact,592,4736,592,0.1284722222222222,2.0555555555555554,0.017436300055123866,10.049741014481395,True,45664,0.0,0.0,3.1388515449503844e-16
independent_n16_T32_s9401101,independent,16,32,9401101,288,16,4608,online_svd,4864,38912,4864,1.0555555555555556,16.88888888888889,0.01381279993802309,7.961268252044347,True,82944,1.1991386317285038e-16,2.220446049250313e-16,7.062416749237548e-16
independent_n16_T32_s9401101,independent,16,32,9401101,288,16,4608,online_local_residual,592,4736,592,0.1284722222222222,2.0555555555555554,0.028551600058563054,16.45625420705529,True,70464,0.0,0.0,3.1388515449503844e-16
independent_n16_T32_s9401102,independent,16,32,9401102,288,16,4608,packed_exact,592,4736,592,0.1284722222222222,2.0555555555555554,0.016920799971558154,9.942884456864146,True,45664,0.0,0.0,3.3798699334150514e-16
independent_n16_T32_s9401102,independent,16,32,9401102,288,16,4608,online_svd,4864,38912,4864,1.0555555555555556,16.88888888888889,0.013858700054697692,8.143554299903888,True,82944,2.030535117781904e-16,6.661338147750939e-16,1.919020283896104e-15
independent_n16_T32_s9401102,independent,16,32,9401102,288,16,4608,online_local_residual,592,4736,592,0.1284722222222222,2.0555555555555554,0.027792799985036254,16.331414557730522,True,70464,0.0,0.0,3.3798699334150514e-16
independent_n16_T32_s9401103,independent,16,32,9401103,288,16,4608,packed_exact,592,4736,592,0.1284722222222222,2.0555555555555554,0.018411400029435754,11.039995158261872,True,45664,0.0,0.0,3.2460902641551755e-16
independent_n16_T32_s9401103,independent,16,32,9401103,288,16,4608,online_svd,4864,38912,4864,1.0555555555555556,16.88888888888889,0.014521700097247958,8.707621283934573,True,82944,1.5520056630675616e-16,4.440892098500626e-16,9.517940816213232e-16
independent_n16_T32_s9401103,independent,16,32,9401103,288,16,4608,online_local_residual,592,4736,592,0.1284722222222222,2.0555555555555554,0.029933299985714257,17.948851601982877,True,70464,0.0,0.0,3.2460902641551755e-16
independent_n16_T32_s9401104,independent,16,32,9401104,288,16,4608,packed_exact,592,4736,592,0.1284722222222222,2.0555555555555554,0.017271299962885678,9.446644051332004,True,45664,0.0,0.0,4.1361924612094343e-16
independent_n16_T32_s9401104,independent,16,32,9401104,288,16,4608,online_svd,4864,38912,4864,1.0555555555555556,16.88888888888889,0.013470200006850064,7.36760898359743,True,82944,1.1569941058679842e-16,2.220446049250313e-16,1.4955457510907842e-15
independent_n16_T32_s9401104,independent,16,32,9401104,288,16,4608,online_local_residual,592,4736,592,0.1284722222222222,2.0555555555555554,0.028407300007529557,15.53754796727509,True,70464,0.0,0.0,4.1361924612094343e-16
independent_n16_T128_s9401100,independent,16,128,9401100,288,16,4608,packed_exact,592,4736,592,0.1284722222222222,2.0555555555555554,0.067794100032188,10.397389606529142,True,45664,0.0,0.0,3.0703832809496813e-16
independent_n16_T128_s9401100,independent,16,128,9401100,288,16,4608,online_svd,4864,38912,4864,1.0555555555555556,16.88888888888889,0.054587399936281145,8.371915321177859,True,82944,1.3784582813898663e-16,2.636779683484747e-16,2.127099518458646e-15
independent_n16_T128_s9401100,independent,16,128,9401100,288,16,4608,online_local_residual,592,4736,592,0.1284722222222222,2.0555555555555554,0.12488120002672076,19.15267686409624,True,70464,0.0,0.0,3.0703832809496813e-16
independent_n16_T128_s9401101,independent,16,128,9401101,288,16,4608,packed_exact,592,4736,592,0.1284722222222222,2.0555555555555554,0.06806780002079904,9.221030128776782,True,45664,0.0,0.0,3.969059313736705e-16
independent_n16_T128_s9401101,independent,16,128,9401101,288,16,4608,online_svd,4864,38912,4864,1.0555555555555556,16.88888888888889,0.05563200009055436,7.536373274916555,True,82944,1.4555250775727213e-16,4.440892098500626e-16,1.2752608242725081e-15
independent_n16_T128_s9401101,independent,16,128,9401101,288,16,4608,online_local_residual,592,4736,592,0.1284722222222222,2.0555555555555554,0.11776489997282624,15.953412486226954,True,70464,0.0,0.0,3.969059313736705e-16
independent_n16_T128_s9401102,independent,16,128,9401102,288,16,4608,packed_exact,592,4736,592,0.1284722222222222,2.0555555555555554,0.06758040003478527,10.219016417637304,True,45664,0.0,0.0,8.03234487804066e-16
independent_n16_T128_s9401102,independent,16,128,9401102,288,16,4608,online_svd,4864,38912,4864,1.0555555555555556,16.88888888888889,0.05610360007267445,8.483578225877832,True,82944,1.6150130957576554e-16,4.440892098500626e-16,1.2469468163959876e-15
independent_n16_T128_s9401102,independent,16,128,9401102,288,16,4608,online_local_residual,592,4736,592,0.1284722222222222,2.0555555555555554,0.11359890003222972,17.17759918345211,True,70464,0.0,0.0,8.03234487804066e-16
independent_n16_T128_s9401103,independent,16,128,9401103,288,16,4608,packed_exact,592,4736,592,0.1284722222222222,2.0555555555555554,0.06732050003483891,8.702123813287466,True,45664,0.0,0.0,4.945325541200282e-16
independent_n16_T128_s9401103,independent,16,128,9401103,288,16,4608,online_svd,4864,38912,4864,1.0555555555555556,16.88888888888889,0.053380100056529045,6.900130563753923,True,82944,1.5240077650487623e-16,4.440892098500626e-16,8.686150330833174e-16
independent_n16_T128_s9401103,independent,16,128,9401103,288,16,4608,online_local_residual,592,4736,592,0.1284722222222222,2.0555555555555554,0.11143150005955249,14.404092508474426,True,70464,0.0,0.0,4.945325541200282e-16
independent_n16_T128_s9401104,independent,16,128,9401104,288,16,4608,packed_exact,592,4736,592,0.1284722222222222,2.0555555555555554,0.07546500000171363,11.496450575858766,True,45664,0.0,0.0,2.8496211267439645e-16
independent_n16_T128_s9401104,independent,16,128,9401104,288,16,4608,online_svd,4864,38912,4864,1.0555555555555556,16.88888888888889,0.05883399990852922,8.962859234255964,True,82944,1.402235611839854e-16,3.0531133177191805e-16,1.0199098023585944e-15
independent_n16_T128_s9401104,independent,16,128,9401104,288,16,4608,online_local_residual,592,4736,592,0.1284722222222222,2.0555555555555554,0.1120373000157997,17.067929268602047,True,70464,0.0,0.0,2.8496211267439645e-16
shared_linear_n8_T32_s9401100,shared_linear,8,32,9401100,80,8,640,packed_exact,168,1344,168,0.2625,2.1,0.011249399976804852,8.142298514963194,True,6896,0.0,0.0,4.866093508370414e-16
shared_linear_n8_T32_s9401100,shared_linear,8,32,9401100,80,8,640,online_svd,704,5632,704,1.1,8.8,0.008045599912293255,5.823392923438391,True,12096,1.328327180693695e-16,3.191891195797325e-16,6.462146643736962e-16
shared_linear_n8_T32_s9401100,shared_linear,8,32,9401100,80,8,640,online_local_residual,168,1344,168,0.2625,2.1,0.015165899996645749,10.977055245202713,True,10592,0.0,0.0,4.866093508370414e-16
shared_linear_n8_T32_s9401100,shared_linear,8,32,9401100,80,8,640,shared_exact,17,136,17,0.0265625,0.2125,0.0016305999597534537,1.1802257594338454,True,944,0.0,0.0,4.866093508370414e-16
shared_linear_n8_T32_s9401100,shared_linear,8,32,9401100,80,8,640,unfused_kronecker_history,2448,19584,2448,3.825,30.6,0.006657999940216541,4.819050183799026,True,13952,1.6685441713299218e-17,2.7755575615628914e-17,4.866093508370414e-16
shared_linear_n8_T32_s9401101,shared_linear,8,32,9401101,80,8,640,packed_exact,168,1344,168,0.2625,2.1,0.01007909991312772,6.424310152567964,True,6896,0.0,0.0,3.403423323404414e-16
shared_linear_n8_T32_s9401101,shared_linear,8,32,9401101,80,8,640,online_svd,704,5632,704,1.1,8.8,0.007435899926349521,4.7395628381565045,True,12096,1.1573162854797922e-16,2.220446049250313e-16,1.0876593839592299e-15
shared_linear_n8_T32_s9401101,shared_linear,8,32,9401101,80,8,640,online_local_residual,168,1344,168,0.2625,2.1,0.015802199952304363,10.072152718148326,True,10592,0.0,0.0,3.403423323404414e-16
shared_linear_n8_T32_s9401101,shared_linear,8,32,9401101,80,8,640,shared_exact,17,136,17,0.0265625,0.2125,0.001956400112248957,1.2469884426124165,True,944,0.0,0.0,3.403423323404414e-16
shared_linear_n8_T32_s9401102,shared_linear,8,32,9401102,80,8,640,packed_exact,168,1344,168,0.2625,2.1,0.010454999981448054,8.589384954707345,True,6896,0.0,0.0,3.180068758570743e-16
shared_linear_n8_T32_s9401102,shared_linear,8,32,9401102,80,8,640,online_svd,704,5632,704,1.1,8.8,0.007995099993422627,6.568435362672632,True,12096,9.404453633096112e-17,2.3592239273284576e-16,7.791846925837128e-16
shared_linear_n8_T32_s9401102,shared_linear,8,32,9401102,80,8,640,online_local_residual,168,1344,168,0.2625,2.1,0.014832100016064942,12.185424863774857,True,10592,0.0,0.0,3.180068758570743e-16
shared_linear_n8_T32_s9401102,shared_linear,8,32,9401102,80,8,640,shared_exact,17,136,17,0.0265625,0.2125,0.001611500047147274,1.323940151510152,True,944,0.0,0.0,3.180068758570743e-16
shared_linear_n8_T32_s9401103,shared_linear,8,32,9401103,80,8,640,packed_exact,168,1344,168,0.2625,2.1,0.009739400004036725,8.26002873901405,True,6896,0.0,0.0,2.093818602132802e-16
shared_linear_n8_T32_s9401103,shared_linear,8,32,9401103,80,8,640,online_svd,704,5632,704,1.1,8.8,0.0073188000824302435,6.207107110388303,True,12096,1.598543775022328e-16,2.749536709423239e-16,9.437297544443182e-16
shared_linear_n8_T32_s9401103,shared_linear,8,32,9401103,80,8,640,online_local_residual,168,1344,168,0.2625,2.1,0.015115200076252222,12.819268843464984,True,10592,0.0,0.0,2.093818602132802e-16
shared_linear_n8_T32_s9401103,shared_linear,8,32,9401103,80,8,640,shared_exact,17,136,17,0.0265625,0.2125,0.0016524000093340874,1.4014078444041265,True,944,0.0,0.0,2.093818602132802e-16
shared_linear_n8_T32_s9401104,shared_linear,8,32,9401104,80,8,640,packed_exact,168,1344,168,0.2625,2.1,0.00922460004221648,7.8574099833964395,True,6896,0.0,0.0,4.084557864341117e-16
shared_linear_n8_T32_s9401104,shared_linear,8,32,9401104,80,8,640,online_svd,704,5632,704,1.1,8.8,0.00759619998279959,6.470357230402365,True,12096,1.1859433161470403e-16,2.220446049250313e-16,3.882121562133464e-15
shared_linear_n8_T32_s9401104,shared_linear,8,32,9401104,80,8,640,online_local_residual,168,1344,168,0.2625,2.1,0.014628799981437624,12.460646368754526,True,10592,0.0,0.0,4.084557864341117e-16
shared_linear_n8_T32_s9401104,shared_linear,8,32,9401104,80,8,640,shared_exact,17,136,17,0.0265625,0.2125,0.0016150999581441283,1.3757238771574514,True,944,0.0,0.0,4.084557864341117e-16
shared_linear_n8_T128_s9401100,shared_linear,8,128,9401100,80,8,640,packed_exact,168,1344,168,0.2625,2.1,0.03743630007375032,8.23264347235261,True,6896,0.0,0.0,3.7920299912493315e-16
shared_linear_n8_T128_s9401100,shared_linear,8,128,9401100,80,8,640,online_svd,704,5632,704,1.1,8.8,0.030166400014422834,6.633914560837009,True,12096,9.93351586516687e-17,2.220446049250313e-16,5.326755111144563e-16
shared_linear_n8_T128_s9401100,shared_linear,8,128,9401100,80,8,640,online_local_residual,168,1344,168,0.2625,2.1,0.060140399960801005,13.225518285369477,True,10592,0.0,0.0,3.7920299912493315e-16
shared_linear_n8_T128_s9401100,shared_linear,8,128,9401100,80,8,640,shared_exact,17,136,17,0.0265625,0.2125,0.006149600027129054,1.3523629317316679,True,944,0.0,0.0,3.7920299912493315e-16
shared_linear_n8_T128_s9401101,shared_linear,8,128,9401101,80,8,640,packed_exact,168,1344,168,0.2625,2.1,0.03738859994336963,8.139635024512504,True,6896,0.0,0.0,3.2948667888767083e-16
shared_linear_n8_T128_s9401101,shared_linear,8,128,9401101,80,8,640,online_svd,704,5632,704,1.1,8.8,0.030323600047267973,6.601558694037759,True,12096,1.1275461485640773e-16,2.220446049250313e-16,1.3011606612787665e-15
shared_linear_n8_T128_s9401101,shared_linear,8,128,9401101,80,8,640,online_local_residual,168,1344,168,0.2625,2.1,0.06048790004570037,13.168437184514202,True,10592,0.0,0.0,3.2948667888767083e-16
shared_linear_n8_T128_s9401101,shared_linear,8,128,9401101,80,8,640,shared_exact,17,136,17,0.0265625,0.2125,0.006546299904584885,1.4251534442324387,True,944,0.0,0.0,3.2948667888767083e-16
shared_linear_n8_T128_s9401102,shared_linear,8,128,9401102,80,8,640,packed_exact,168,1344,168,0.2625,2.1,0.03729729994665831,7.715139682130762,True,6896,0.0,0.0,3.922175210128545e-16
shared_linear_n8_T128_s9401102,shared_linear,8,128,9401102,80,8,640,online_svd,704,5632,704,1.1,8.8,0.030358499963767827,6.279812964890389,True,12096,1.436031822990985e-16,2.220446049250313e-16,9.269496774418843e-16
shared_linear_n8_T128_s9401102,shared_linear,8,128,9401102,80,8,640,online_local_residual,168,1344,168,0.2625,2.1,0.06152410001959652,12.72657876434563,True,10592,0.0,0.0,3.922175210128545e-16
shared_linear_n8_T128_s9401102,shared_linear,8,128,9401102,80,8,640,shared_exact,17,136,17,0.0265625,0.2125,0.0065731999929994345,1.359700465639612,True,944,0.0,0.0,3.922175210128545e-16
shared_linear_n8_T128_s9401103,shared_linear,8,128,9401103,80,8,640,packed_exact,168,1344,168,0.2625,2.1,0.04401199996937066,9.6687171057023,True,6896,0.0,0.0,3.4133926415445927e-16
shared_linear_n8_T128_s9401103,shared_linear,8,128,9401103,80,8,640,online_svd,704,5632,704,1.1,8.8,0.030659400043077767,6.735369123270375,True,12096,1.0950430051936443e-16,2.220446049250313e-16,7.821010406913827e-16
shared_linear_n8_T128_s9401103,shared_linear,8,128,9401103,80,8,640,online_local_residual,168,1344,168,0.2625,2.1,0.06626430002506822,14.557183758875837,True,10592,0.0,0.0,3.4133926415445927e-16
shared_linear_n8_T128_s9401103,shared_linear,8,128,9401103,80,8,640,shared_exact,17,136,17,0.0265625,0.2125,0.006438100012019277,1.4143453548521636,True,944,0.0,0.0,3.4133926415445927e-16
shared_linear_n8_T128_s9401104,shared_linear,8,128,9401104,80,8,640,packed_exact,168,1344,168,0.2625,2.1,0.038412900059483945,8.012703476087724,True,6896,0.0,0.0,4.091106434447872e-16
shared_linear_n8_T128_s9401104,shared_linear,8,128,9401104,80,8,640,online_svd,704,5632,704,1.1,8.8,0.031580999959260225,6.587609572826672,True,12096,1.21021385315515e-16,2.914335439641036e-16,3.7491896340266265e-16
shared_linear_n8_T128_s9401104,shared_linear,8,128,9401104,80,8,640,online_local_residual,168,1344,168,0.2625,2.1,0.06582390004768968,13.730475749163201,True,10592,0.0,0.0,4.091106434447872e-16
shared_linear_n8_T128_s9401104,shared_linear,8,128,9401104,80,8,640,shared_exact,17,136,17,0.0265625,0.2125,0.00645089999306947,1.3456195371429718,True,944,0.0,0.0,4.091106434447872e-16
shared_linear_n16_T32_s9401100,shared_linear,16,32,9401100,288,16,4608,packed_exact,592,4736,592,0.1284722222222222,2.0555555555555554,0.018345200107432902,9.262913710116141,True,45664,0.0,0.0,2.6124195222446984e-16
shared_linear_n16_T32_s9401100,shared_linear,16,32,9401100,288,16,4608,online_svd,4864,38912,4864,1.0555555555555556,16.88888888888889,0.013362300000153482,6.746932775072719,True,82944,1.619663509960851e-16,4.440892098500626e-16,1.6909491271034632e-15
shared_linear_n16_T32_s9401100,shared_linear,16,32,9401100,288,16,4608,online_local_residual,592,4736,592,0.1284722222222222,2.0555555555555554,0.030399099923670292,15.349205122274299,True,70464,0.0,0.0,2.6124195222446984e-16
shared_linear_n16_T32_s9401100,shared_linear,16,32,9401100,288,16,4608,shared_exact,33,264,33,0.007161458333333333,0.11458333333333333,0.0022542000515386462,1.138197481655255,True,5600,0.0,0.0,2.6124195222446984e-16
shared_linear_n16_T32_s9401100,shared_linear,16,32,9401100,288,16,4608,unfused_kronecker_history,9248,73984,9248,2.0069444444444446,32.111111111111114,0.010312799946404994,5.207170020158867,True,72448,2.6382910382457568e-17,2.7755575615628914e-17,2.6945423517785244e-16
shared_linear_n16_T32_s9401101,shared_linear,16,32,9401101,288,16,4608,packed_exact,592,4736,592,0.1284722222222222,2.0555555555555554,0.017209900077432394,10.510504431553173,True,45664,0.0,0.0,3.106162409955926e-16
shared_linear_n16_T32_s9401101,shared_linear,16,32,9401101,288,16,4608,online_svd,4864,38912,4864,1.0555555555555556,16.88888888888889,0.013634899980388582,8.327164947086628,True,82944,1.2542936573240934e-16,2.7755575615628914e-16,1.4421817373939905e-15
shared_linear_n16_T32_s9401101,shared_linear,16,32,9401101,288,16,4608,online_local_residual,592,4736,592,0.1284722222222222,2.0555555555555554,0.028296700096689165,17.281482775985683,True,70464,0.0,0.0,3.106162409955926e-16
shared_linear_n16_T32_s9401101,shared_linear,16,32,9401101,288,16,4608,shared_exact,33,264,33,0.007161458333333333,0.11458333333333333,0.002130500040948391,1.3011481775641498,True,5600,0.0,0.0,3.106162409955926e-16
shared_linear_n16_T32_s9401102,shared_linear,16,32,9401102,288,16,4608,packed_exact,592,4736,592,0.1284722222222222,2.0555555555555554,0.016585799981839955,10.593217545054523,True,45664,0.0,0.0,3.5675001214545063e-16
shared_linear_n16_T32_s9401102,shared_linear,16,32,9401102,288,16,4608,online_svd,4864,38912,4864,1.0555555555555556,16.88888888888889,0.013190099969506264,8.424411157193779,True,82944,1.4254739844706385e-16,2.393918396847994e-16,1.775524815405825e-15
shared_linear_n16_T32_s9401102,shared_linear,16,32,9401102,288,16,4608,online_local_residual,592,4736,592,0.1284722222222222,2.0555555555555554,0.02711050002835691,17.315259129498575,True,70464,0.0,0.0,3.5675001214545063e-16
shared_linear_n16_T32_s9401102,shared_linear,16,32,9401102,288,16,4608,shared_exact,33,264,33,0.007161458333333333,0.11458333333333333,0.0021306000417098403,1.36079717397091,True,5600,0.0,0.0,3.5675001214545063e-16
shared_linear_n16_T32_s9401103,shared_linear,16,32,9401103,288,16,4608,packed_exact,592,4736,592,0.1284722222222222,2.0555555555555554,0.016366099938750267,9.546255126103922,True,45664,0.0,0.0,2.533591839497685e-16
shared_linear_n16_T32_s9401103,shared_linear,16,32,9401103,288,16,4608,online_svd,4864,38912,4864,1.0555555555555556,16.88888888888889,0.012526100035756826,7.306404526670951,True,82944,1.5927379466871126e-16,4.440892098500626e-16,1.237345343016799e-15
shared_linear_n16_T32_s9401103,shared_linear,16,32,9401103,288,16,4608,online_local_residual,592,4736,592,0.1284722222222222,2.0555555555555554,0.027875600033439696,16.25968255774727,True,70464,0.0,0.0,2.533591839497685e-16
shared_linear_n16_T32_s9401103,shared_linear,16,32,9401103,288,16,4608,shared_exact,33,264,33,0.007161458333333333,0.11458333333333333,0.0021497999550774693,1.2539663645010954,True,5600,0.0,0.0,2.533591839497685e-16
shared_linear_n16_T32_s9401104,shared_linear,16,32,9401104,288,16,4608,packed_exact,592,4736,592,0.1284722222222222,2.0555555555555554,0.016318900045007467,10.098954394572232,True,45664,0.0,0.0,3.448306574111878e-16
shared_linear_n16_T32_s9401104,shared_linear,16,32,9401104,288,16,4608,online_svd,4864,38912,4864,1.0555555555555556,16.88888888888889,0.012920500012114644,7.995853888285524,True,82944,1.6401478090130482e-16,3.608224830031759e-16,1.1958403954267969e-15
shared_linear_n16_T32_s9401104,shared_linear,16,32,9401104,288,16,4608,online_local_residual,592,4736,592,0.1284722222222222,2.0555555555555554,0.028853900032117963,17.856241519112277,True,70464,0.0,0.0,3.448306574111878e-16
shared_linear_n16_T32_s9401104,shared_linear,16,32,9401104,288,16,4608,shared_exact,33,264,33,0.007161458333333333,0.11458333333333333,0.002131999935954809,1.3193885655930362,True,5600,0.0,0.0,3.448306574111878e-16
shared_linear_n16_T128_s9401100,shared_linear,16,128,9401100,288,16,4608,packed_exact,592,4736,592,0.1284722222222222,2.0555555555555554,0.06524559995159507,10.346918807189157,True,45664,0.0,0.0,3.4264176094418615e-16
shared_linear_n16_T128_s9401100,shared_linear,16,128,9401100,288,16,4608,online_svd,4864,38912,4864,1.0555555555555556,16.88888888888889,0.05238920007832348,8.30809740405719,True,82944,1.7688371865169393e-16,4.440892098500626e-16,1.587342713119594e-15
shared_linear_n16_T128_s9401100,shared_linear,16,128,9401100,288,16,4608,online_local_residual,592,4736,592,0.1284722222222222,2.0555555555555554,0.11049520003143698,17.52278872686576,True,70464,0.0,0.0,3.4264176094418615e-16
shared_linear_n16_T128_s9401100,shared_linear,16,128,9401100,288,16,4608,shared_exact,33,264,33,0.007161458333333333,0.11458333333333333,0.00881999998819083,1.398712308951476,True,5600,0.0,0.0,3.4264176094418615e-16
shared_linear_n16_T128_s9401101,shared_linear,16,128,9401101,288,16,4608,packed_exact,592,4736,592,0.1284722222222222,2.0555555555555554,0.07007459993474185,10.208408593697518,True,45664,0.0,0.0,4.510065899990922e-16
shared_linear_n16_T128_s9401101,shared_linear,16,128,9401101,288,16,4608,online_svd,4864,38912,4864,1.0555555555555556,16.88888888888889,0.05389619991183281,7.851552928735537,True,82944,1.2030945586118136e-16,2.7755575615628914e-16,9.623405483070748e-16
shared_linear_n16_T128_s9401101,shared_linear,16,128,9401101,288,16,4608,online_local_residual,592,4736,592,0.1284722222222222,2.0555555555555554,0.11502450006082654,16.75667211800298,True,70464,0.0,0.0,4.510065899990922e-16
shared_linear_n16_T128_s9401101,shared_linear,16,128,9401101,288,16,4608,shared_exact,33,264,33,0.007161458333333333,0.11458333333333333,0.009236999903805554,1.345638352353144,True,5600,0.0,0.0,4.510065899990922e-16
shared_linear_n16_T128_s9401102,shared_linear,16,128,9401102,288,16,4608,packed_exact,592,4736,592,0.1284722222222222,2.0555555555555554,0.06793280004058033,10.3365437221266,True,45664,0.0,0.0,2.6053604119805894e-16
shared_linear_n16_T128_s9401102,shared_linear,16,128,9401102,288,16,4608,online_svd,4864,38912,4864,1.0555555555555556,16.88888888888889,0.05240259994752705,7.973493882000379,True,82944,1.6024708308159238e-16,4.440892098500626e-16,8.586024261077633e-16
shared_linear_n16_T128_s9401102,shared_linear,16,128,9401102,288,16,4608,online_local_residual,592,4736,592,0.1284722222222222,2.0555555555555554,0.10857609997037798,16.52076175060328,True,70464,0.0,0.0,2.6053604119805894e-16
shared_linear_n16_T128_s9401102,shared_linear,16,128,9401102,288,16,4608,shared_exact,33,264,33,0.007161458333333333,0.11458333333333333,0.008022399968467653,1.2206752552657558,True,5600,0.0,0.0,2.6053604119805894e-16
shared_linear_n16_T128_s9401103,shared_linear,16,128,9401103,288,16,4608,packed_exact,592,4736,592,0.1284722222222222,2.0555555555555554,0.06738360004965216,10.615602719529107,True,45664,0.0,0.0,2.947013712729608e-16
shared_linear_n16_T128_s9401103,shared_linear,16,128,9401103,288,16,4608,online_svd,4864,38912,4864,1.0555555555555556,16.88888888888889,0.05451390007510781,8.588112025226229,True,82944,1.5056034467908508e-16,4.440892098500626e-16,8.707864364783775e-16
shared_linear_n16_T128_s9401103,shared_linear,16,128,9401103,288,16,4608,online_local_residual,592,4736,592,0.1284722222222222,2.0555555555555554,0.1256494999397546,19.794804259271938,True,70464,0.0,0.0,2.947013712729608e-16
shared_linear_n16_T128_s9401103,shared_linear,16,128,9401103,288,16,4608,shared_exact,33,264,33,0.007161458333333333,0.11458333333333333,0.008667099988088012,1.3654136931862062,True,5600,0.0,0.0,2.947013712729608e-16
shared_linear_n16_T128_s9401104,shared_linear,16,128,9401104,288,16,4608,packed_exact,592,4736,592,0.1284722222222222,2.0555555555555554,0.07520469999872148,11.13929157864058,True,45664,0.0,0.0,3.0409726140180953e-16
shared_linear_n16_T128_s9401104,shared_linear,16,128,9401104,288,16,4608,online_svd,4864,38912,4864,1.0555555555555556,16.88888888888889,0.05921390000730753,8.770740361986416,True,82944,1.295068502233503e-16,4.440892098500626e-16,6.612386523295884e-16
shared_linear_n16_T128_s9401104,shared_linear,16,128,9401104,288,16,4608,online_local_residual,592,4736,592,0.1284722222222222,2.0555555555555554,0.10962490004021674,16.237598525731265,True,70464,0.0,0.0,3.0409726140180953e-16
shared_linear_n16_T128_s9401104,shared_linear,16,128,9401104,288,16,4608,shared_exact,33,264,33,0.007161458333333333,0.11458333333333333,0.008475500042550266,1.2553878447803541,True,5600,0.0,0.0,3.0409726140180953e-16
rank1_feedback_n8_T32_s9401100,rank1_feedback,8,32,9401100,96,8,768,packed_exact,872,6976,872,1.1354166666666667,9.083333333333334,0.005513000069186091,4.67599661240304,True,10112,0.0,0.0,3.167967623185521e-16
rank1_feedback_n8_T32_s9401100,rank1_feedback,8,32,9401100,96,8,768,online_svd,832,6656,832,1.0833333333333333,8.666666666666666,0.007963099982589483,6.754113563490733,True,14272,1.2364515454346587e-15,1.9984014443252818e-15,5.4395734278379945e-15
rank1_feedback_n8_T32_s9401100,rank1_feedback,8,32,9401100,96,8,768,online_local_residual,1096,8768,1096,1.4270833333333333,11.416666666666666,0.01752879994455725,14.867514625723757,True,16096,3.175443460014877e-16,9.159339953157541e-16,1.1092504706155633e-15
rank1_feedback_n8_T32_s9401100,rank1_feedback,8,32,9401100,96,8,768,unfused_kronecker_history,2592,20736,2592,3.375,27.0,0.007446799892932177,6.316200006457644,True,15488,3.455225722646113e-17,5.551115123125783e-17,3.030475543132347e-16
rank1_feedback_n8_T32_s9401101,rank1_feedback,8,32,9401101,96,8,768,packed_exact,872,6976,872,1.1354166666666667,9.083333333333334,0.005676599917933345,4.864683978153547,True,10112,0.0,0.0,3.879992366966107e-16
rank1_feedback_n8_T32_s9401101,rank1_feedback,8,32,9401101,96,8,768,online_svd,832,6656,832,1.0833333333333333,8.666666666666666,0.007675000000745058,6.5772557650224295,True,14272,1.4950342869415507e-15,3.774758283725532e-15,2.56114552779717e-15
rank1_feedback_n8_T32_s9401101,rank1_feedback,8,32,9401101,96,8,768,online_local_residual,1096,8768,1096,1.4270833333333333,11.416666666666666,0.0176414999878034,15.118261561844827,True,16096,5.894200433549275e-17,1.6653345369377348e-16,3.868820470420265e-16
rank1_feedback_n8_T32_s9401102,rank1_feedback,8,32,9401102,96,8,768,packed_exact,872,6976,872,1.1354166666666667,9.083333333333334,0.005782200023531914,4.984225578195604,True,10112,0.0,0.0,8.409314566477607e-16
rank1_feedback_n8_T32_s9401102,rank1_feedback,8,32,9401102,96,8,768,online_svd,832,6656,832,1.0833333333333333,8.666666666666666,0.00726290000602603,6.260581065094339,True,14272,1.1315385919213927e-15,2.6645352591003757e-15,1.1513810690078768e-14
rank1_feedback_n8_T32_s9401102,rank1_feedback,8,32,9401102,96,8,768,online_local_residual,1096,8768,1096,1.4270833333333333,11.416666666666666,0.017286199959926307,14.900612161362215,True,16096,9.99543874573204e-17,1.942890293094024e-16,1.2289302798630437e-15
rank1_feedback_n8_T32_s9401103,rank1_feedback,8,32,9401103,96,8,768,packed_exact,872,6976,872,1.1354166666666667,9.083333333333334,0.00537509995047003,5.040416444603488,True,10112,0.0,0.0,3.358763643484218e-16
rank1_feedback_n8_T32_s9401103,rank1_feedback,8,32,9401103,96,8,768,online_svd,832,6656,832,1.0833333333333333,8.666666666666666,0.007577800075523555,7.105964254905895,True,14272,1.4426475042437052e-15,3.1086244689504383e-15,9.934606154135478e-15
rank1_feedback_n8_T32_s9401103,rank1_feedback,8,32,9401103,96,8,768,online_local_residual,1096,8768,1096,1.4270833333333333,11.416666666666666,0.017150099971331656,16.082239719939487,True,16096,4.8853116396457877e-17,1.1102230246251565e-16,3.5028899137253707e-16
rank1_feedback_n8_T32_s9401104,rank1_feedback,8,32,9401104,96,8,768,packed_exact,872,6976,872,1.1354166666666667,9.083333333333334,0.005383900017477572,5.101772010416375,True,10112,0.0,0.0,6.166785337129817e-16
rank1_feedback_n8_T32_s9401104,rank1_feedback,8,32,9401104,96,8,768,online_svd,832,6656,832,1.0833333333333333,8.666666666666666,0.008266900083981454,7.833696637094182,True,14272,1.388557857370664e-15,2.220446049250313e-15,1.2228102928472298e-14
rank1_feedback_n8_T32_s9401104,rank1_feedback,8,32,9401104,96,8,768,online_local_residual,1096,8768,1096,1.4270833333333333,11.416666666666666,0.017325399909168482,16.417511476611363,True,16096,5.360657027801433e-17,1.6653345369377348e-16,6.166785337129817e-16
rank1_feedback_n8_T128_s9401100,rank1_feedback,8,128,9401100,96,8,768,packed_exact,872,6976,872,1.1354166666666667,9.083333333333334,0.021232099970802665,4.667216141245675,True,10112,0.0,0.0,3.9909446925381955e-16
rank1_feedback_n8_T128_s9401100,rank1_feedback,8,128,9401100,96,8,768,online_svd,832,6656,832,1.0833333333333333,8.666666666666666,0.02941720001399517,6.466455551941355,True,14272,1.271817811231421e-15,2.1371793224034263e-15,4.6900887968122855e-15
rank1_feedback_n8_T128_s9401100,rank1_feedback,8,128,9401100,96,8,768,online_local_residual,1096,8768,1096,1.4270833333333333,11.416666666666666,0.06845570006407797,15.047854368559614,True,16096,3.957278592796232e-16,1.1657341758564144e-15,1.5030486727885784e-15
rank1_feedback_n8_T128_s9401101,rank1_feedback,8,128,9401101,96,8,768,packed_exact,872,6976,872,1.1354166666666667,9.083333333333334,0.021448599989525974,4.278339623479229,True,10112,0.0,0.0,4.153329240104358e-16
rank1_feedback_n8_T128_s9401101,rank1_feedback,8,128,9401101,96,8,768,online_svd,832,6656,832,1.0833333333333333,8.666666666666666,0.02980400004889816,5.944986358533695,True,14272,1.1050381094917307e-15,2.886579864025407e-15,6.2735355935149344e-15
rank1_feedback_n8_T128_s9401101,rank1_feedback,8,128,9401101,96,8,768,online_local_residual,1096,8768,1096,1.4270833333333333,11.416666666666666,0.06977070006541908,13.917120501736036,True,16096,1.634424352167026e-16,4.163336342344337e-16,1.3914642595036976e-15
rank1_feedback_n8_T128_s9401102,rank1_feedback,8,128,9401102,96,8,768,packed_exact,872,6976,872,1.1354166666666667,9.083333333333334,0.020894299959763885,5.0787049181023685,True,10112,0.0,0.0,6.606867965210764e-16
rank1_feedback_n8_T128_s9401102,rank1_feedback,8,128,9401102,96,8,768,online_svd,832,6656,832,1.0833333333333333,8.666666666666666,0.02921720000449568,7.101723323670021,True,14272,7.206791326437402e-16,1.1102230246251565e-15,3.496170462665597e-15
rank1_feedback_n8_T128_s9401102,rank1_feedback,8,128,9401102,96,8,768,online_local_residual,1096,8768,1096,1.4270833333333333,11.416666666666666,0.06837630004156381,16.61998975660621,True,16096,1.205243604796671e-16,3.191891195797325e-16,7.833387758061486e-16
rank1_feedback_n8_T128_s9401103,rank1_feedback,8,128,9401103,96,8,768,packed_exact,872,6976,872,1.1354166666666667,9.083333333333334,0.021349100046791136,5.20354402772335,True,10112,0.0,0.0,5.869409108084707e-16
rank1_feedback_n8_T128_s9401103,rank1_feedback,8,128,9401103,96,8,768,online_svd,832,6656,832,1.0833333333333333,8.666666666666666,0.02903660002630204,7.077264443049233,True,14272,1.360334451652723e-15,2.3071822230491534e-15,5.155120065365585e-15
rank1_feedback_n8_T128_s9401103,rank1_feedback,8,128,9401103,96,8,768,online_local_residual,1096,8768,1096,1.4270833333333333,11.416666666666666,0.06972259993199259,16.993906894356215,True,16096,9.573560357497106e-17,1.942890293094024e-16,6.046530753319188e-16
rank1_feedback_n8_T128_s9401104,rank1_feedback,8,128,9401104,96,8,768,packed_exact,872,6976,872,1.1354166666666667,9.083333333333334,0.02403480000793934,5.515225218862087,True,10112,0.0,0.0,6.158071321465944e-16
rank1_feedback_n8_T128_s9401104,rank1_feedback,8,128,9401104,96,8,768,online_svd,832,6656,832,1.0833333333333333,8.666666666666666,0.030960199888795614,7.104385106233155,True,14272,1.1498308353973832e-15,1.788499903732088e-15,2.488105367377591e-15
rank1_feedback_n8_T128_s9401104,rank1_feedback,8,128,9401104,96,8,768,online_local_residual,1096,8768,1096,1.4270833333333333,11.416666666666666,0.06895560002885759,15.823125806551229,True,16096,2.1888338802256855e-17,5.551115123125783e-17,6.158071321465944e-16
rank1_feedback_n16_T32_s9401100,rank1_feedback,16,32,9401100,320,16,5120,packed_exact,5456,43648,5456,1.065625,17.05,0.007380899973213673,6.71173959129827,True,64768,0.0,0.0,9.138839804906567e-16
rank1_feedback_n16_T32_s9401100,rank1_feedback,16,32,9401100,320,16,5120,online_svd,5376,43008,5376,1.05,16.8,0.010681899962946773,9.71346734839728,True,91648,2.4247201755698562e-15,9.037909309839165e-15,3.898045867236758e-15
rank1_feedback_n16_T32_s9401100,rank1_feedback,16,32,9401100,320,16,5120,online_local_residual,6288,50304,6288,1.228125,19.65,0.029772600042633712,27.073383891832943,True,100416,1.7004440243438257e-16,5.273559366969494e-16,9.054582584914795e-16
rank1_feedback_n16_T32_s9401100,rank1_feedback,16,32,9401100,320,16,5120,unfused_kronecker_history,9792,78336,9792,1.9125,30.6,0.0067131000105291605,6.10448309617121,True,78592,4.359862759701179e-17,1.1102230246251565e-16,9.138839804906567e-16
rank1_feedback_n16_T32_s9401101,rank1_feedback,16,32,9401101,320,16,5120,packed_exact,5456,43648,5456,1.065625,17.05,0.007934199995361269,6.188440914524493,True,64768,0.0,0.0,8.785177461890508e-16
rank1_feedback_n16_T32_s9401101,rank1_feedback,16,32,9401101,320,16,5120,online_svd,5376,43008,5376,1.05,16.8,0.012018799898214638,9.374307816424993,True,91648,1.8722375132114116e-15,4.440892098500626e-15,3.0358902557453513e-15
rank1_feedback_n16_T32_s9401101,rank1_feedback,16,32,9401101,320,16,5120,online_local_residual,6288,50304,6288,1.228125,19.65,0.032076100003905594,25.01840762252052,True,100416,9.49006761592309e-17,2.220446049250313e-16,1.1921140119156152e-15
rank1_feedback_n16_T32_s9401102,rank1_feedback,16,32,9401102,320,16,5120,packed_exact,5456,43648,5456,1.065625,17.05,0.00689239997882396,6.142958735750407,True,64768,0.0,0.0,4.64932618616248e-16
rank1_feedback_n16_T32_s9401102,rank1_feedback,16,32,9401102,320,16,5120,online_svd,5376,43008,5376,1.05,16.8,0.010866999975405633,9.68538283260048,True,91648,1.544643521376081e-15,2.4424906541753444e-15,2.6689021399470134e-15
rank1_feedback_n16_T32_s9401102,rank1_feedback,16,32,9401102,320,16,5120,online_local_residual,6288,50304,6288,1.228125,19.65,0.02966320002451539,26.437788619458562,True,100416,8.118391529859807e-17,2.220446049250313e-16,4.3457724217613104e-16
rank1_feedback_n16_T32_s9401103,rank1_feedback,16,32,9401103,320,16,5120,packed_exact,5456,43648,5456,1.065625,17.05,0.006299600005149841,5.899054320355916,True,64768,0.0,0.0,3.792783332055946e-16
rank1_feedback_n16_T32_s9401103,rank1_feedback,16,32,9401103,320,16,5120,online_svd,5376,43008,5376,1.05,16.8,0.010562699986621737,9.891094821856429,True,91648,1.3447212275818974e-15,2.4424906541753444e-15,1.9048610870455867e-15
rank1_feedback_n16_T32_s9401103,rank1_feedback,16,32,9401103,320,16,5120,online_local_residual,6288,50304,6288,1.228125,19.65,0.02840079995803535,26.59499992968641,True,100416,1.18487616750209e-16,2.914335439641036e-16,5.743096815028821e-16
rank1_feedback_n16_T32_s9401104,rank1_feedback,16,32,9401104,320,16,5120,packed_exact,5456,43648,5456,1.065625,17.05,0.006372499978169799,5.399965985931513,True,64768,0.0,0.0,3.3472409923362237e-16
rank1_feedback_n16_T32_s9401104,rank1_feedback,16,32,9401104,320,16,5120,online_svd,5376,43008,5376,1.05,16.8,0.011320599936880171,9.592915623210143,True,91648,2.02604592720789e-15,4.767020111984266e-15,2.9915577005069793e-15
rank1_feedback_n16_T32_s9401104,rank1_feedback,16,32,9401104,320,16,5120,online_local_residual,6288,50304,6288,1.228125,19.65,0.02888700005132705,24.478433620578592,True,100416,5.4918789805842845e-17,1.6653345369377348e-16,3.986315706280389e-16
rank1_feedback_n16_T128_s9401100,rank1_feedback,16,128,9401100,320,16,5120,packed_exact,5456,43648,5456,1.065625,17.05,0.02402750006876886,5.743671181446437,True,64768,0.0,0.0,5.611697890743808e-16
rank1_feedback_n16_T128_s9401100,rank1_feedback,16,128,9401100,320,16,5120,online_svd,5376,43008,5376,1.05,16.8,0.042133099981583655,10.071737444869486,True,91648,2.770647825492811e-15,9.279035872999941e-15,3.2925535672827126e-15
rank1_feedback_n16_T128_s9401100,rank1_feedback,16,128,9401100,320,16,5120,online_local_residual,6288,50304,6288,1.228125,19.65,0.1172446000855416,28.026820466722103,True,100416,6.507264995851806e-17,2.220446049250313e-16,5.546829464355922e-16
rank1_feedback_n16_T128_s9401101,rank1_feedback,16,128,9401101,320,16,5120,packed_exact,5456,43648,5456,1.065625,17.05,0.023857299936935306,5.665874952909399,True,64768,0.0,0.0,4.1340795260550814e-16
rank1_feedback_n16_T128_s9401101,rank1_feedback,16,128,9401101,320,16,5120,online_svd,5376,43008,5376,1.05,16.8,0.04311369999777526,10.239081270318492,True,91648,1.5927946700446566e-15,2.4424906541753444e-15,2.572083235896414e-15
rank1_feedback_n16_T128_s9401101,rank1_feedback,16,128,9401101,320,16,5120,online_local_residual,6288,50304,6288,1.228125,19.65,0.1222124999621883,29.02427115803592,True,100416,8.997168723060747e-17,2.42861286636753e-16,4.112749452186339e-16
rank1_feedback_n16_T128_s9401102,rank1_feedback,16,128,9401102,320,16,5120,packed_exact,5456,43648,5456,1.065625,17.05,0.024035100010223687,5.09488069459389,True,64768,0.0,0.0,3.6881533304512867e-16
rank1_feedback_n16_T128_s9401102,rank1_feedback,16,128,9401102,320,16,5120,online_svd,5376,43008,5376,1.05,16.8,0.04176220006775111,8.85261250414795,True,91648,2.9588204963063522e-15,8.590350653037149e-15,3.455201559442608e-15
rank1_feedback_n16_T128_s9401102,rank1_feedback,16,128,9401102,320,16,5120,online_local_residual,6288,50304,6288,1.228125,19.65,0.11820190004073083,25.05604629586193,True,100416,9.410928526837085e-17,3.2612801348363973e-16,3.7537172568517905e-16
rank1_feedback_n16_T128_s9401103,rank1_feedback,16,128,9401103,320,16,5120,packed_exact,5456,43648,5456,1.065625,17.05,0.02441710000857711,5.6228209524845605,True,64768,0.0,0.0,5.436945423195346e-16
rank1_feedback_n16_T128_s9401103,rank1_feedback,16,128,9401103,320,16,5120,online_svd,5376,43008,5376,1.05,16.8,0.0436290999641642,10.047000558230568,True,91648,1.632024683950634e-15,4.440892098500626e-15,2.239194501465051e-15
rank1_feedback_n16_T128_s9401103,rank1_feedback,16,128,9401103,320,16,5120,online_local_residual,6288,50304,6288,1.228125,19.65,0.11940240010153502,27.496234885879876,True,100416,6.52770957547489e-17,2.220446049250313e-16,5.481236079611983e-16
rank1_feedback_n16_T128_s9401104,rank1_feedback,16,128,9401104,320,16,5120,packed_exact,5456,43648,5456,1.065625,17.05,0.024098799913190305,5.528135211510133,True,64768,0.0,0.0,4.278298982422054e-16
rank1_feedback_n16_T128_s9401104,rank1_feedback,16,128,9401104,320,16,5120,online_svd,5376,43008,5376,1.05,16.8,0.042053100070916116,9.646755194973299,True,91648,2.686859109247227e-15,9.076940588048643e-15,2.0656216694396992e-15
rank1_feedback_n16_T128_s9401104,rank1_feedback,16,128,9401104,320,16,5120,online_local_residual,6288,50304,6288,1.228125,19.65,0.11671770003158599,26.77441323532153,True,100416,5.728814271916796e-17,2.220446049250313e-16,4.274063554227546e-16
full_feedback_n8_T32_s9401100,full_feedback,8,32,9401100,136,8,1088,packed_exact,1232,9856,1232,1.1323529411764706,9.058823529411764,0.005425399984233081,6.15055005284947,True,13952,0.0,0.0,3.024160930017656e-16
full_feedback_n8_T32_s9401100,full_feedback,8,32,9401100,136,8,1088,online_svd,1152,9216,1152,1.0588235294117647,8.470588235294118,0.007196699967607856,8.158599088500063,True,19712,1.0199401489176871e-15,8.743006318923108e-16,1.3794965618467662e-15
full_feedback_n8_T32_s9401100,full_feedback,8,32,9401100,136,8,1088,online_local_residual,1432,11456,1432,1.3161764705882353,10.529411764705882,0.01671240001451224,18.946152005607363,True,21920,4.2622372521393264e-16,3.3306690738754696e-16,8.305261891643651e-16
full_feedback_n8_T32_s9401100,full_feedback,8,32,9401100,136,8,1088,unfused_kronecker_history,2952,23616,2952,2.713235294117647,21.705882352941178,0.0066136999521404505,7.497676246614671,True,19328,4.4218699914844875e-17,5.551115123125783e-17,2.9243332690864767e-16
full_feedback_n8_T32_s9401101,full_feedback,8,32,9401101,136,8,1088,packed_exact,1232,9856,1232,1.1323529411764706,9.058823529411764,0.005296299932524562,6.488178845210678,True,13952,0.0,0.0,3.9685700256199604e-16
full_feedback_n8_T32_s9401101,full_feedback,8,32,9401101,136,8,1088,online_svd,1152,9216,1152,1.0588235294117647,8.470588235294118,0.007494900026358664,9.181551728096682,True,19712,1.2818095786582102e-15,1.096345236817342e-15,2.9382315762101005e-15
full_feedback_n8_T32_s9401101,full_feedback,8,32,9401101,136,8,1088,online_local_residual,1432,11456,1432,1.3161764705882353,10.529411764705882,0.0158742000348866,19.446528739527004,True,21920,3.620256120476697e-16,3.3306690738754696e-16,1.0491870036922362e-15
full_feedback_n8_T32_s9401102,full_feedback,8,32,9401102,136,8,1088,packed_exact,1232,9856,1232,1.1323529411764706,9.058823529411764,0.005649300059303641,6.542327381434676,True,13952,0.0,0.0,3.2675849921764797e-16
full_feedback_n8_T32_s9401102,full_feedback,8,32,9401102,136,8,1088,online_svd,1152,9216,1152,1.0588235294117647,8.470588235294118,0.007452000048942864,8.629993708045491,True,19712,9.393926612821906e-16,6.869504964868156e-16,2.028749969109298e-15
full_feedback_n8_T32_s9401102,full_feedback,8,32,9401102,136,8,1088,online_local_residual,1432,11456,1432,1.3161764705882353,10.529411764705882,0.01602650003042072,18.5599293499927,True,21920,4.554844078493397e-16,3.885780586188048e-16,9.330886011922731e-16
full_feedback_n8_T32_s9401103,full_feedback,8,32,9401103,136,8,1088,packed_exact,1232,9856,1232,1.1323529411764706,9.058823529411764,0.005323800025507808,6.4979855731972815,True,13952,0.0,0.0,2.711973867182727e-16
full_feedback_n8_T32_s9401103,full_feedback,8,32,9401103,136,8,1088,online_svd,1152,9216,1152,1.0588235294117647,8.470588235294118,0.007436999934725463,9.077260237457113,True,19712,1.2714684430787496e-15,1.3322676295501878e-15,1.3412043335983728e-15
full_feedback_n8_T32_s9401103,full_feedback,8,32,9401103,136,8,1088,online_local_residual,1432,11456,1432,1.3161764705882353,10.529411764705882,0.016227200045250356,19.806174402158423,True,21920,5.02723065101453e-16,3.885780586188048e-16,5.987716003319075e-16
full_feedback_n8_T32_s9401104,full_feedback,8,32,9401104,136,8,1088,packed_exact,1232,9856,1232,1.1323529411764706,9.058823529411764,0.005747899995185435,6.304595295580228,True,13952,0.0,0.0,4.77134545194362e-16
full_feedback_n8_T32_s9401104,full_feedback,8,32,9401104,136,8,1088,online_svd,1152,9216,1152,1.0588235294117647,8.470588235294118,0.007273899973370135,7.9783913413669305,True,19712,9.988986956000198e-16,7.632783294297951e-16,1.3686748127472325e-15
full_feedback_n8_T32_s9401104,full_feedback,8,32,9401104,136,8,1088,online_local_residual,1432,11456,1432,1.3161764705882353,10.529411764705882,0.01681780000217259,18.446636661131716,True,21920,4.924360055125546e-16,4.163336342344337e-16,5.891601014029279e-16
full_feedback_n8_T128_s9401100,full_feedback,8,128,9401100,136,8,1088,packed_exact,1232,9856,1232,1.1323529411764706,9.058823529411764,0.02251449995674193,5.732235155808972,True,13952,0.0,0.0,3.5755825548701053e-16
full_feedback_n8_T128_s9401100,full_feedback,8,128,9401100,136,8,1088,online_svd,1152,9216,1152,1.0588235294117647,8.470588235294118,0.03265780000947416,8.314738932037839,True,19712,9.887514448077385e-16,9.020562075079397e-16,1.9251965980894294e-15
full_feedback_n8_T128_s9401100,full_feedback,8,128,9401100,136,8,1088,online_local_residual,1432,11456,1432,1.3161764705882353,10.529411764705882,0.06888720009010285,17.53881413757489,True,21920,3.923418979510871e-16,4.440892098500626e-16,7.773625094977601e-16
full_feedback_n8_T128_s9401101,full_feedback,8,128,9401101,136,8,1088,packed_exact,1232,9856,1232,1.1323529411764706,9.058823529411764,0.02228619996458292,6.999654436007278,True,13952,0.0,0.0,3.037678106420571e-16
full_feedback_n8_T128_s9401101,full_feedback,8,128,9401101,136,8,1088,online_svd,1152,9216,1152,1.0588235294117647,8.470588235294118,0.03104229993186891,9.74977218042031,True,19712,1.5127515487111613e-15,1.3322676295501878e-15,1.3138701852324982e-15
full_feedback_n8_T128_s9401101,full_feedback,8,128,9401101,136,8,1088,online_local_residual,1432,11456,1432,1.3161764705882353,10.529411764705882,0.07053210004232824,22.152737017830642,True,21920,9.45142320248107e-16,8.98586760555986e-16,8.301582931029239e-16
full_feedback_n8_T128_s9401102,full_feedback,8,128,9401102,136,8,1088,packed_exact,1232,9856,1232,1.1323529411764706,9.058823529411764,0.023238399997353554,6.317185763291889,True,13952,0.0,0.0,4.336897905759302e-16
full_feedback_n8_T128_s9401102,full_feedback,8,128,9401102,136,8,1088,online_svd,1152,9216,1152,1.0588235294117647,8.470588235294118,0.03104270005133003,8.438726540585199,True,19712,1.3016234576041955e-15,1.5543122344752192e-15,1.4121414182572742e-15
full_feedback_n8_T128_s9401102,full_feedback,8,128,9401102,136,8,1088,online_local_residual,1432,11456,1432,1.3161764705882353,10.529411764705882,0.06483390007633716,17.624612304959403,True,21920,4.853938129404768e-16,3.469446951953614e-16,1.0666310218894484e-15
full_feedback_n8_T128_s9401103,full_feedback,8,128,9401103,136,8,1088,packed_exact,1232,9856,1232,1.1323529411764706,9.058823529411764,0.02118519996292889,6.61107825583725,True,13952,0.0,0.0,4.365691694488131e-16
full_feedback_n8_T128_s9401103,full_feedback,8,128,9401103,136,8,1088,online_svd,1152,9216,1152,1.0588235294117647,8.470588235294118,0.031047799973748624,9.688812739894308,True,19712,1.0021247791711882e-15,1.2212453270876722e-15,2.331770593999783e-15
full_feedback_n8_T128_s9401103,full_feedback,8,128,9401103,136,8,1088,online_local_residual,1432,11456,1432,1.3161764705882353,10.529411764705882,0.06442509999033064,20.10457198523093,True,21920,3.3777017137386224e-16,3.0531133177191805e-16,7.651872806880959e-16
full_feedback_n8_T128_s9401104,full_feedback,8,128,9401104,136,8,1088,packed_exact,1232,9856,1232,1.1323529411764706,9.058823529411764,0.021142799989320338,6.655376527786206,True,13952,0.0,0.0,5.001890051326589e-16
full_feedback_n8_T128_s9401104,full_feedback,8,128,9401104,136,8,1088,online_svd,1152,9216,1152,1.0588235294117647,8.470588235294118,0.03002900001592934,9.452593883490279,True,19712,1.969402664249127e-15,2.192690473634684e-15,1.6534466592646725e-15
full_feedback_n8_T128_s9401104,full_feedback,8,128,9401104,136,8,1088,online_local_residual,1432,11456,1432,1.3161764705882353,10.529411764705882,0.06578079995233566,20.70662316263288,True,21920,6.669525771026108e-16,9.43689570931383e-16,8.347047632968968e-16
full_feedback_n16_T32_s9401100,full_feedback,16,32,9401100,528,16,8448,packed_exact,8992,71936,8992,1.0643939393939394,17.03030303030303,0.009068200015462935,10.77623287491198,True,104704,0.0,0.0,3.116568320918079e-16
full_feedback_n16_T32_s9401100,full_feedback,16,32,9401100,528,16,8448,online_svd,8704,69632,8704,1.0303030303030303,16.484848484848484,0.01306190004106611,15.522162765635137,True,148224,1.5106349930672434e-15,1.2212453270876722e-15,1.6358626957874534e-15
full_feedback_n16_T32_s9401100,full_feedback,16,32,9401100,528,16,8448,online_local_residual,9776,78208,9776,1.1571969696969697,18.515151515151516,0.03166930004954338,37.6343432806294,True,160960,8.701502765415974e-16,6.661338147750939e-16,1.0251028008463374e-15
full_feedback_n16_T32_s9401100,full_feedback,16,32,9401100,528,16,8448,unfused_kronecker_history,13328,106624,13328,1.5776515151515151,25.242424242424242,0.00832509994506836,9.893166842592375,True,118528,5.918160637810805e-17,5.551115123125783e-17,3.116568320918079e-16
full_feedback_n16_T32_s9401101,full_feedback,16,32,9401101,528,16,8448,packed_exact,8992,71936,8992,1.0643939393939394,17.03030303030303,0.009019799996167421,11.951503233775897,True,104704,0.0,0.0,2.9539470090993843e-16
full_feedback_n16_T32_s9401101,full_feedback,16,32,9401101,528,16,8448,online_svd,8704,69632,8704,1.0303030303030303,16.484848484848484,0.013155000051483512,17.43076628333578,True,148224,2.7712172277047053e-15,2.9698465908722937e-15,2.571047117790166e-15
full_feedback_n16_T32_s9401101,full_feedback,16,32,9401101,528,16,8448,online_local_residual,9776,78208,9776,1.1571969696969697,18.515151515151516,0.031424099928699434,41.6378669234272,True,160960,9.98727515092563e-16,9.159339953157541e-16,1.1499245406754648e-15
full_feedback_n16_T32_s9401102,full_feedback,16,32,9401102,528,16,8448,packed_exact,8992,71936,8992,1.0643939393939394,17.03030303030303,0.008805799996480346,9.297645499793683,True,104704,0.0,0.0,2.966238069421508e-16
full_feedback_n16_T32_s9401102,full_feedback,16,32,9401102,528,16,8448,online_svd,8704,69632,8704,1.0303030303030303,16.484848484848484,0.013528999988920987,14.28465851075167,True,148224,3.2863846371047838e-15,2.942091015256665e-15,5.948088474723365e-15
full_feedback_n16_T32_s9401102,full_feedback,16,32,9401102,528,16,8448,online_local_residual,9776,78208,9776,1.1571969696969697,18.515151515151516,0.033498400007374585,35.369443798785255,True,160960,6.742036534454993e-16,6.106226635438361e-16,7.517895970019536e-16
full_feedback_n16_T32_s9401103,full_feedback,16,32,9401103,528,16,8448,packed_exact,8992,71936,8992,1.0643939393939394,17.03030303030303,0.009078200091607869,9.935646673308172,True,104704,0.0,0.0,3.468447448345626e-16
full_feedback_n16_T32_s9401103,full_feedback,16,32,9401103,528,16,8448,online_svd,8704,69632,8704,1.0303030303030303,16.484848484848484,0.012983100023120642,14.209368955548,True,148224,1.7650748775821626e-15,1.5543122344752192e-15,1.9792748133516056e-15
full_feedback_n16_T32_s9401103,full_feedback,16,32,9401103,528,16,8448,online_local_residual,9776,78208,9776,1.1571969696969697,18.515151515151516,0.03264099999796599,35.723980499509274,True,160960,9.384233610702272e-16,6.38378239159465e-16,9.662126225806453e-16
full_feedback_n16_T32_s9401104,full_feedback,16,32,9401104,528,16,8448,packed_exact,8992,71936,8992,1.0643939393939394,17.03030303030303,0.009803500026464462,11.182273958821883,True,104704,0.0,0.0,3.4644466944050456e-16
full_feedback_n16_T32_s9401104,full_feedback,16,32,9401104,528,16,8448,online_svd,8704,69632,8704,1.0303030303030303,16.484848484848484,0.01403260009828955,16.00615884429747,True,148224,2.3729128692331673e-15,2.0261570199409107e-15,2.338490395130437e-15
full_feedback_n16_T32_s9401104,full_feedback,16,32,9401104,528,16,8448,online_local_residual,9776,78208,9776,1.1571969696969697,18.515151515151516,0.035036200075410306,39.9637258797078,True,160960,9.96422420914839e-16,1.3253287356462806e-15,1.3587146903112515e-15
full_feedback_n16_T128_s9401100,full_feedback,16,128,9401100,528,16,8448,packed_exact,8992,71936,8992,1.0643939393939394,17.03030303030303,0.034759200061671436,11.416297127902077,True,104704,0.0,0.0,5.402855098492698e-16
full_feedback_n16_T128_s9401100,full_feedback,16,128,9401100,528,16,8448,online_svd,8704,69632,8704,1.0303030303030303,16.484848484848484,0.05341509997379035,17.543633090964235,True,148224,1.7118833801916659e-15,1.4432899320127035e-15,1.9684003476203846e-15
full_feedback_n16_T128_s9401100,full_feedback,16,128,9401100,528,16,8448,online_local_residual,9776,78208,9776,1.1571969696969697,18.515151515151516,0.12426389998290688,40.81318332872342,True,160960,1.131437286198761e-15,8.881784197001252e-16,8.482451044965322e-16
full_feedback_n16_T128_s9401101,full_feedback,16,128,9401101,528,16,8448,packed_exact,8992,71936,8992,1.0643939393939394,17.03030303030303,0.03227339999284595,10.070960270175377,True,104704,0.0,0.0,3.6176689824826713e-16
full_feedback_n16_T128_s9401101,full_feedback,16,128,9401101,528,16,8448,online_svd,8704,69632,8704,1.0303030303030303,16.484848484848484,0.05358519998844713,16.721337704508304,True,148224,2.376768654366345e-15,2.4424906541753444e-15,1.9140051479666382e-15
full_feedback_n16_T128_s9401101,full_feedback,16,128,9401101,528,16,8448,online_local_residual,9776,78208,9776,1.1571969696969697,18.515151515151516,0.12480310001410544,38.94498447995545,True,160960,6.270052701946845e-16,3.885780586188048e-16,6.276643159868858e-16
full_feedback_n16_T128_s9401102,full_feedback,16,128,9401102,528,16,8448,packed_exact,8992,71936,8992,1.0643939393939394,17.03030303030303,0.032461100025102496,9.581198156225991,True,104704,0.0,0.0,3.296146375523936e-16
full_feedback_n16_T128_s9401102,full_feedback,16,128,9401102,528,16,8448,online_svd,8704,69632,8704,1.0303030303030303,16.484848484848484,0.05291300010867417,15.617768303895113,True,148224,2.6208607487379634e-15,2.192690473634684e-15,3.1873945045583534e-15
full_feedback_n16_T128_s9401102,full_feedback,16,128,9401102,528,16,8448,online_local_residual,9776,78208,9776,1.1571969696969697,18.515151515151516,0.1272459999890998,37.557850459161884,True,160960,9.8518634734666e-16,1.0408340855860843e-15,7.409610056203152e-16
full_feedback_n16_T128_s9401103,full_feedback,16,128,9401103,528,16,8448,packed_exact,8992,71936,8992,1.0643939393939394,17.03030303030303,0.033477800083346665,10.432796353797661,True,104704,0.0,0.0,3.408509763602935e-16
full_feedback_n16_T128_s9401103,full_feedback,16,128,9401103,528,16,8448,online_svd,8704,69632,8704,1.0303030303030303,16.484848484848484,0.05627299996558577,17.536539061605215,True,148224,2.3195017087232136e-15,2.1371793224034263e-15,2.3303331464604517e-15
full_feedback_n16_T128_s9401103,full_feedback,16,128,9401103,528,16,8448,online_local_residual,9776,78208,9776,1.1571969696969697,18.515151515151516,0.13733139995019883,42.79703341006197,True,160960,8.229653050847905e-16,5.828670879282072e-16,8.748622574113141e-16
full_feedback_n16_T128_s9401104,full_feedback,16,128,9401104,528,16,8448,packed_exact,8992,71936,8992,1.0643939393939394,17.03030303030303,0.03256239998154342,9.718378739628514,True,104704,0.0,0.0,3.586967145816851e-16
full_feedback_n16_T128_s9401104,full_feedback,16,128,9401104,528,16,8448,online_svd,8704,69632,8704,1.0303030303030303,16.484848484848484,0.05365759995765984,16.014325692933657,True,148224,3.247810384143973e-15,3.8441472227646045e-15,2.6892923088144824e-15
full_feedback_n16_T128_s9401104,full_feedback,16,128,9401104,528,16,8448,online_local_residual,9776,78208,9776,1.1571969696969697,18.515151515151516,0.12515749991871417,37.353757309182114,True,160960,5.984859720515551e-16,8.881784197001252e-16,1.0795028405048493e-15
deep3_n8_T32_s9401100,deep3,8,32,9401100,408,24,9792,packed_exact,6984,55872,6984,0.7132352941176471,17.11764705882353,0.01834840001538396,7.912885716737152,True,70720,2.057767962429454e-17,8.326672684688674e-17,7.27796276259435e-16
deep3_n8_T32_s9401100,deep3,8,32,9401100,408,24,9792,online_svd,10368,82944,10368,1.0588235294117647,25.41176470588235,0.02583629998844117,11.142098983042814,True,132352,2.028055211195306e-15,2.886579864025407e-15,1.2894860359155276e-14
deep3_n8_T32_s9401100,deep3,8,32,9401100,408,24,9792,online_local_residual,14664,117312,14664,1.4975490196078431,35.94117647058823,0.05386079999152571,23.22787570511018,True,159328,8.082726446057213e-16,8.049116928532385e-16,3.466546869498678e-15
deep3_n8_T32_s9401101,deep3,8,32,9401101,408,24,9792,packed_exact,6984,55872,6984,0.7132352941176471,17.11764705882353,0.018169600050896406,7.546454968106061,True,70720,1.4162624971119516e-17,2.7755575615628914e-17,3.9815051405347363e-16
deep3_n8_T32_s9401101,deep3,8,32,9401101,408,24,9792,online_svd,10368,82944,10368,1.0588235294117647,25.41176470588235,0.024842899991199374,10.318104170460225,True,132352,3.775314273565429e-15,3.0896975170219386e-15,1.8495986246606675e-14
deep3_n8_T32_s9401101,deep3,8,32,9401101,408,24,9792,online_local_residual,14664,117312,14664,1.4975490196078431,35.94117647058823,0.05426689994055778,22.53889549098428,True,159328,7.454540773255062e-16,6.38378239159465e-16,5.754204805230462e-15
deep3_n8_T32_s9401102,deep3,8,32,9401102,408,24,9792,packed_exact,6984,55872,6984,0.7132352941176471,17.11764705882353,0.021602499997243285,9.476443184078535,True,70720,1.4271969071499342e-17,5.551115123125783e-17,6.827866333628514e-16
deep3_n8_T32_s9401102,deep3,8,32,9401102,408,24,9792,online_svd,10368,82944,10368,1.0588235294117647,25.41176470588235,0.027620900073088706,12.11655550372122,True,132352,2.2933158547060767e-15,1.734723475976807e-15,1.5060654477128212e-14
deep3_n8_T32_s9401102,deep3,8,32,9401102,408,24,9792,online_local_residual,14664,117312,14664,1.4975490196078431,35.94117647058823,0.05871720006689429,25.757676677842966,True,159328,8.016575363619061e-16,9.601694439531627e-16,3.673803577012515e-15
deep3_n8_T32_s9401103,deep3,8,32,9401103,408,24,9792,packed_exact,6984,55872,6984,0.7132352941176471,17.11764705882353,0.018735199933871627,7.872263641893374,True,70720,1.3760712668328921e-17,2.7755575615628914e-17,5.514610214722427e-16
deep3_n8_T32_s9401103,deep3,8,32,9401103,408,24,9792,online_svd,10368,82944,10368,1.0588235294117647,25.41176470588235,0.025656300014816225,10.780411124783148,True,132352,1.8912495155580585e-15,1.3893662090383385e-15,9.24047626028562e-15
deep3_n8_T32_s9401103,deep3,8,32,9401103,408,24,9792,online_local_residual,14664,117312,14664,1.4975490196078431,35.94117647058823,0.056655899970792234,23.806000630527972,True,159328,8.431588010986467e-16,8.881784197001252e-16,4.107353125657438e-15
deep3_n8_T32_s9401104,deep3,8,32,9401104,408,24,9792,packed_exact,6984,55872,6984,0.7132352941176471,17.11764705882353,0.019917799974791706,8.290792475588956,True,70720,1.3328485440150033e-17,2.7755575615628914e-17,7.776698115638102e-16
deep3_n8_T32_s9401104,deep3,8,32,9401104,408,24,9792,online_svd,10368,82944,10368,1.0588235294117647,25.41176470588235,0.02711370005272329,11.286088858558534,True,132352,2.0573259249766026e-15,1.5543122344752192e-15,1.805089744743896e-14
deep3_n8_T32_s9401104,deep3,8,32,9401104,408,24,9792,online_local_residual,14664,117312,14664,1.4975490196078431,35.94117647058823,0.05504480004310608,22.91242077916565,True,159328,8.007375269240783e-16,8.326672684688674e-16,5.354224440725411e-15
deep3_n8_T128_s9401100,deep3,8,128,9401100,408,24,9792,packed_exact,6984,55872,6984,0.7132352941176471,17.11764705882353,0.07146729994565248,7.840453382203452,True,70720,1.8531410812498208e-17,5.551115123125783e-17,5.119075897829663e-16
deep3_n8_T128_s9401100,deep3,8,128,9401100,408,24,9792,online_svd,10368,82944,10368,1.0588235294117647,25.41176470588235,0.10075830004643649,11.053877157593808,True,132352,1.7980847440416257e-15,1.4432899320127035e-15,1.2004332860860548e-14
deep3_n8_T128_s9401100,deep3,8,128,9401100,408,24,9792,online_local_residual,14664,117312,14664,1.4975490196078431,35.94117647058823,0.21372370002791286,23.446956972142072,True,159328,7.590493208136695e-16,6.401129626354418e-16,4.139118951977366e-15
deep3_n8_T128_s9401101,deep3,8,128,9401101,408,24,9792,packed_exact,6984,55872,6984,0.7132352941176471,17.11764705882353,0.08087619999423623,8.880273218225234,True,70720,2.8311763700078566e-17,1.1102230246251565e-16,5.431807569599537e-16
deep3_n8_T128_s9401101,deep3,8,128,9401101,408,24,9792,online_svd,10368,82944,10368,1.0588235294117647,25.41176470588235,0.10605830000713468,11.645288492671218,True,132352,1.981540484026661e-15,1.4432899320127035e-15,1.3809332807988042e-14
deep3_n8_T128_s9401101,deep3,8,128,9401101,408,24,9792,online_local_residual,14664,117312,14664,1.4975490196078431,35.94117647058823,0.22422810003627092,24.62042964020975,True,159328,5.172654006913033e-16,4.440892098500626e-16,4.3174135499717314e-15
deep3_n8_T128_s9401102,deep3,8,128,9401102,408,24,9792,packed_exact,6984,55872,6984,0.7132352941176471,17.11764705882353,0.07141269999556243,7.6441806395541585,True,70720,2.5732242379379948e-17,1.1102230246251565e-16,7.142344395404362e-16
deep3_n8_T128_s9401102,deep3,8,128,9401102,408,24,9792,online_svd,10368,82944,10368,1.0588235294117647,25.41176470588235,0.1006867999676615,10.77774803388315,True,132352,1.834016590017546e-15,1.3322676295501878e-15,2.0273899391242278e-14
deep3_n8_T128_s9401102,deep3,8,128,9401102,408,24,9792,online_local_residual,14664,117312,14664,1.4975490196078431,35.94117647058823,0.21354809997137636,22.858682720527412,True,159328,1.0116071389025342e-15,8.881784197001252e-16,3.901828133204993e-15
deep3_n8_T128_s9401103,deep3,8,128,9401103,408,24,9792,packed_exact,6984,55872,6984,0.7132352941176471,17.11764705882353,0.07173349999357015,7.249835751388218,True,70720,1.131806688691802e-17,2.7755575615628914e-17,6.799116338835034e-16
deep3_n8_T128_s9401103,deep3,8,128,9401103,408,24,9792,online_svd,10368,82944,10368,1.0588235294117647,25.41176470588235,0.1025514000793919,10.36448530626742,True,132352,2.701677923304302e-15,3.552713678800501e-15,1.2038815870488406e-14
deep3_n8_T128_s9401103,deep3,8,128,9401103,408,24,9792,online_local_residual,14664,117312,14664,1.4975490196078431,35.94117647058823,0.21943599998485297,22.177573351006295,True,159328,8.170384959061816e-16,7.771561172376096e-16,5.393711148408665e-15
deep3_n8_T128_s9401104,deep3,8,128,9401104,408,24,9792,packed_exact,6984,55872,6984,0.7132352941176471,17.11764705882353,0.07439679990056902,8.057444246872501,True,70720,1.235595321611198e-17,2.7755575615628914e-17,8.2608586602028285e-16
deep3_n8_T128_s9401104,deep3,8,128,9401104,408,24,9792,online_svd,10368,82944,10368,1.0588235294117647,25.41176470588235,0.10938490007538348,11.846782858739344,True,132352,2.359341233043208e-15,1.970645868709653e-15,1.1599820665865378e-14
deep3_n8_T128_s9401104,deep3,8,128,9401104,408,24,9792,online_local_residual,14664,117312,14664,1.4975490196078431,35.94117647058823,0.21711780002806336,23.514648090614347,True,159328,9.772906128070612e-16,1.1657341758564144e-15,5.34065789759458e-15
deep3_n16_T32_s9401100,deep3,16,32,9401100,1584,48,76032,packed_exact,52368,418944,52368,0.6887626262626263,33.06060606060606,0.03332599997520447,14.317137614348537,True,540160,2.050475489816407e-17,4.163336342344337e-17,4.484404281137877e-16
deep3_n16_T32_s9401100,deep3,16,32,9401100,1584,48,76032,online_svd,78336,626688,78336,1.0303030303030303,49.45454545454545,0.07113889988977462,30.561886221360666,True,1007872,3.0376678059374317e-15,2.275957200481571e-15,9.280834252134835e-15
deep3_n16_T32_s9401100,deep3,16,32,9401100,1584,48,76032,online_local_residual,107664,861312,107664,1.4160353535353536,67.96969696969697,0.14362970006186515,61.704560488007125,True,1201216,1.1524072896287477e-15,9.610368056911511e-16,2.3052909711965e-15
deep3_n16_T32_s9401101,deep3,16,32,9401101,1584,48,76032,packed_exact,52368,418944,52368,0.6887626262626263,33.06060606060606,0.034914900083094835,11.794777583887697,True,540160,2.1169076467768126e-17,5.551115123125783e-17,6.272755013363666e-16
deep3_n16_T32_s9401101,deep3,16,32,9401101,1584,48,76032,online_svd,78336,626688,78336,1.0303030303030303,49.45454545454545,0.07456599990837276,25.189514566741664,True,1007872,2.5254144722399557e-15,1.5525775109992423e-15,8.117841562957678e-15
deep3_n16_T32_s9401101,deep3,16,32,9401101,1584,48,76032,online_local_residual,107664,861312,107664,1.4160353535353536,67.96969696969697,0.15063760010525584,50.88764352135078,True,1201216,8.653236728193962e-16,8.503744277422189e-16,3.1132566295473672e-15
deep3_n16_T32_s9401102,deep3,16,32,9401102,1584,48,76032,packed_exact,52368,418944,52368,0.6887626262626263,33.06060606060606,0.03329339995980263,13.93145847088784,True,540160,2.429617901249604e-17,5.551115123125783e-17,4.653881273858583e-16
deep3_n16_T32_s9401102,deep3,16,32,9401102,1584,48,76032,online_svd,78336,626688,78336,1.0303030303030303,49.45454545454545,0.06987460004165769,29.23868063416683,True,1007872,2.1205238193502225e-15,2.220446049250313e-15,6.735123261033518e-15
deep3_n16_T32_s9401102,deep3,16,32,9401102,1584,48,76032,online_local_residual,107664,861312,107664,1.4160353535353536,67.96969696969697,0.14458329998888075,60.50016645374033,True,1201216,9.421991179039654e-16,7.771561172376096e-16,3.0808568874895242e-15
deep3_n16_T32_s9401103,deep3,16,32,9401103,1584,48,76032,packed_exact,52368,418944,52368,0.6887626262626263,33.06060606060606,0.03365450003184378,14.42047331423872,True,540160,1.962151894809509e-17,5.551115123125783e-17,4.451293057174773e-16
deep3_n16_T32_s9401103,deep3,16,32,9401103,1584,48,76032,online_svd,78336,626688,78336,1.0303030303030303,49.45454545454545,0.0723023999016732,30.98054724779619,True,1007872,2.591170690058605e-15,1.8980599011352083e-15,1.1299256090369322e-14
deep3_n16_T32_s9401103,deep3,16,32,9401103,1584,48,76032,online_local_residual,107664,861312,107664,1.4160353535353536,67.96969696969697,0.15313059999607503,65.6142782910861,True,1201216,8.380820139149977e-16,5.898059818321144e-16,2.543562479200123e-15
deep3_n16_T32_s9401104,deep3,16,32,9401104,1584,48,76032,packed_exact,52368,418944,52368,0.6887626262626263,33.06060606060606,0.03318799997214228,11.900886003819702,True,540160,2.0670076932140092e-17,5.551115123125783e-17,4.572928910795569e-16
deep3_n16_T32_s9401104,deep3,16,32,9401104,1584,48,76032,online_svd,78336,626688,78336,1.0303030303030303,49.45454545454545,0.06926839996594936,24.838957826735825,True,1007872,2.0709344115011565e-15,1.0614679908877393e-15,6.879272028570217e-15
deep3_n16_T32_s9401104,deep3,16,32,9401104,1584,48,76032,online_local_residual,107664,861312,107664,1.4160353535353536,67.96969696969697,0.1443453999236226,51.7608217159436,True,1201216,7.144583319731885e-16,4.996003610813204e-16,2.4774702046194645e-15
deep3_n16_T128_s9401100,deep3,16,128,9401100,1584,48,76032,packed_exact,52368,418944,52368,0.6887626262626263,33.06060606060606,0.13182330003473908,13.854116200675444,True,540160,1.7200444780891117e-17,2.7755575615628914e-17,6.079684591259629e-16
deep3_n16_T128_s9401100,deep3,16,128,9401100,1584,48,76032,online_svd,78336,626688,78336,1.0303030303030303,49.45454545454545,0.2788829000201076,29.30950827540911,True,1007872,2.2206902897865742e-15,1.3322676295501878e-15,8.71971667533912e-15
deep3_n16_T128_s9401100,deep3,16,128,9401100,1584,48,76032,online_local_residual,107664,861312,107664,1.4160353535353536,67.96969696969697,0.5682726999511942,59.72325087234719,True,1201216,7.838707028216017e-16,6.366435156834882e-16,2.0476853142878858e-15
deep3_n16_T128_s9401101,deep3,16,128,9401101,1584,48,76032,packed_exact,52368,418944,52368,0.6887626262626263,33.06060606060606,0.12395460007246584,12.086410517769112,True,540160,2.2187883626735798e-17,5.551115123125783e-17,6.861659396185348e-16
deep3_n16_T128_s9401101,deep3,16,128,9401101,1584,48,76032,online_svd,78336,626688,78336,1.0303030303030303,49.45454545454545,0.28755040001124144,28.038105702029444,True,1007872,1.9853147030207325e-15,1.016547956922409e-15,7.738987975543063e-15
deep3_n16_T128_s9401101,deep3,16,128,9401101,1584,48,76032,online_local_residual,107664,861312,107664,1.4160353535353536,67.96969696969697,0.5515541000058874,53.780249151968576,True,1201216,8.85939359534918e-16,6.661338147750939e-16,3.1000380059524625e-15
deep3_n16_T128_s9401102,deep3,16,128,9401102,1584,48,76032,packed_exact,52368,418944,52368,0.6887626262626263,33.06060606060606,0.12432200007606298,12.170771810743524,True,540160,2.1302056299961225e-17,5.551115123125783e-17,5.05317047584764e-16
deep3_n16_T128_s9401102,deep3,16,128,9401102,1584,48,76032,online_svd,78336,626688,78336,1.0303030303030303,49.45454545454545,0.29770300001837313,29.14428080613724,True,1007872,3.595839565193704e-15,2.55351295663786e-15,1.3486307095176684e-14
deep3_n16_T128_s9401102,deep3,16,128,9401102,1584,48,76032,online_local_residual,107664,861312,107664,1.4160353535353536,67.96969696969697,0.5708611001027748,55.88568540346887,True,1201216,9.756253931017943e-16,8.881784197001252e-16,3.088152329734916e-15
deep3_n16_T128_s9401103,deep3,16,128,9401103,1584,48,76032,packed_exact,52368,418944,52368,0.6887626262626263,33.06060606060606,0.12563160003628582,13.27173807493447,True,540160,2.0031995926633084e-17,5.551115123125783e-17,6.216489081605537e-16
deep3_n16_T128_s9401103,deep3,16,128,9401103,1584,48,76032,online_svd,78336,626688,78336,1.0303030303030303,49.45454545454545,0.27934519993141294,29.51006215720502,True,1007872,2.2114726691133428e-15,1.2212453270876722e-15,7.438901305232022e-15
deep3_n16_T128_s9401103,deep3,16,128,9401103,1584,48,76032,online_local_residual,107664,861312,107664,1.4160353535353536,67.96969696969697,0.5582899000728503,58.97781546607819,True,1201216,9.177657382565678e-16,7.147060721024445e-16,2.1200178408888546e-15
deep3_n16_T128_s9401104,deep3,16,128,9401104,1584,48,76032,packed_exact,52368,418944,52368,0.6887626262626263,33.06060606060606,0.12445350002963096,12.008944964042612,True,540160,1.9107285967755025e-17,2.7755575615628914e-17,4.6449353344863e-16
deep3_n16_T128_s9401104,deep3,16,128,9401104,1584,48,76032,online_svd,78336,626688,78336,1.0303030303030303,49.45454545454545,0.2820811999263242,27.21898222629178,True,1007872,2.3725728607884125e-15,1.5543122344752192e-15,6.1698880234610784e-15
deep3_n16_T128_s9401104,deep3,16,128,9401104,1584,48,76032,online_local_residual,107664,861312,107664,1.4160353535353536,67.96969696969697,0.5568264999892563,53.730098320251166,True,1201216,7.90147338606181e-16,8.881784197001252e-16,2.4120617491463457e-15
explicit_feedback_n8_T32_s9401100,explicit_feedback,8,32,9401100,144,8,1152,packed_exact,1304,10432,1304,1.1319444444444444,9.055555555555555,0.00974310003221035,5.3811445878221695,True,14720,0.0,0.0,2.9354814014748814e-16
explicit_feedback_n8_T32_s9401100,explicit_feedback,8,32,9401100,144,8,1152,online_svd,1216,9728,1216,1.0555555555555556,8.444444444444445,0.010562599985860288,5.833756972558556,True,20800,9.493903254011975e-16,6.869504964868156e-16,1.5580478153500658e-14
explicit_feedback_n8_T32_s9401100,explicit_feedback,8,32,9401100,144,8,1152,online_local_residual,1968,15744,1968,1.7083333333333333,13.666666666666666,0.022506300010718405,12.430299811578973,True,24960,2.0826619291479566e-16,2.220446049250313e-16,2.3000008065277453e-15
explicit_feedback_n8_T32_s9401100,explicit_feedback,8,32,9401100,144,8,1152,unfused_kronecker_history,3024,24192,3024,2.625,21.0,0.008385199937038124,4.6311721228179765,True,20096,1.6132697420883316e-17,2.7755575615628914e-17,2.9354814014748814e-16
explicit_feedback_n8_T32_s9401101,explicit_feedback,8,32,9401101,144,8,1152,packed_exact,1304,10432,1304,1.1319444444444444,9.055555555555555,0.007910899934358895,5.181359716943325,True,14720,0.0,0.0,3.1517697273736147e-16
explicit_feedback_n8_T32_s9401101,explicit_feedback,8,32,9401101,144,8,1152,online_svd,1216,9728,1216,1.0555555555555556,8.444444444444445,0.010176099953241646,6.6649856287921905,True,20800,9.272009156875956e-16,1.1102230246251565e-15,1.0914610318767552e-14
explicit_feedback_n8_T32_s9401101,explicit_feedback,8,32,9401101,144,8,1152,online_local_residual,1968,15744,1968,1.7083333333333333,13.666666666666666,0.020602699951268733,13.49403992890034,True,24960,1.2453077127770337e-16,1.1449174941446927e-16,1.7283807060130415e-15
explicit_feedback_n8_T32_s9401102,explicit_feedback,8,32,9401102,144,8,1152,packed_exact,1304,10432,1304,1.1319444444444444,9.055555555555555,0.008225700003094971,5.836727368999723,True,14720,0.0,0.0,2.0648720700856417e-16
explicit_feedback_n8_T32_s9401102,explicit_feedback,8,32,9401102,144,8,1152,online_svd,1216,9728,1216,1.0555555555555556,8.444444444444445,0.009949299972504377,7.059745848992156,True,20800,1.1285982907989884e-15,1.1102230246251565e-15,1.9451251045805338e-14
explicit_feedback_n8_T32_s9401102,explicit_feedback,8,32,9401102,144,8,1152,online_local_residual,1968,15744,1968,1.7083333333333333,13.666666666666666,0.0210357999894768,14.926417141542542,True,24960,5.909354764302017e-16,7.754213937616328e-16,2.229479591526644e-15
explicit_feedback_n8_T32_s9401103,explicit_feedback,8,32,9401103,144,8,1152,packed_exact,1304,10432,1304,1.1319444444444444,9.055555555555555,0.007912599947303534,5.459600801420599,True,14720,0.0,0.0,2.894199178622002e-16
explicit_feedback_n8_T32_s9401103,explicit_feedback,8,32,9401103,144,8,1152,online_svd,1216,9728,1216,1.0555555555555556,8.444444444444445,0.010424099978990853,7.1925062531161155,True,20800,3.025183051018307e-15,2.581268532253489e-15,3.007474071782968e-14
explicit_feedback_n8_T32_s9401103,explicit_feedback,8,32,9401103,144,8,1152,online_local_residual,1968,15744,1968,1.7083333333333333,13.666666666666666,0.021020199987106025,14.503690501215601,True,24960,6.656242273874828e-16,7.008282842946301e-16,1.6278733862009117e-15
explicit_feedback_n8_T32_s9401104,explicit_feedback,8,32,9401104,144,8,1152,packed_exact,1304,10432,1304,1.1319444444444444,9.055555555555555,0.007968900026753545,5.168904536112461,True,14720,0.0,0.0,2.78254155352208e-16
explicit_feedback_n8_T32_s9401104,explicit_feedback,8,32,9401104,144,8,1152,online_svd,1216,9728,1216,1.0555555555555556,8.444444444444445,0.010706300032325089,6.944476981299396,True,20800,1.5856181212970373e-15,1.321859288694327e-15,1.8513489662600674e-14
explicit_feedback_n8_T32_s9401104,explicit_feedback,8,32,9401104,144,8,1152,online_local_residual,1968,15744,1968,1.7083333333333333,13.666666666666666,0.021075600059702992,13.670364088413727,True,24960,1.0527996287948654e-16,8.326672684688674e-17,3.0696661890846294e-15
explicit_feedback_n8_T128_s9401100,explicit_feedback,8,128,9401100,144,8,1152,packed_exact,1304,10432,1304,1.1319444444444444,9.055555555555555,0.0316900999750942,5.40620623663832,True,14720,0.0,0.0,2.2823633650214327e-16
explicit_feedback_n8_T128_s9401100,explicit_feedback,8,128,9401100,144,8,1152,online_svd,1216,9728,1216,1.0555555555555556,8.444444444444445,0.03922989999409765,6.692466422556872,True,20800,1.2727701160767937e-15,1.887379141862766e-15,1.4348905480306616e-14
explicit_feedback_n8_T128_s9401100,explicit_feedback,8,128,9401100,144,8,1152,online_local_residual,1968,15744,1968,1.7083333333333333,13.666666666666666,0.08233860007021576,14.046640861515478,True,24960,2.084091315807362e-16,2.636779683484747e-16,3.6167233477217306e-15
explicit_feedback_n8_T128_s9401101,explicit_feedback,8,128,9401101,144,8,1152,packed_exact,1304,10432,1304,1.1319444444444444,9.055555555555555,0.0331801000284031,6.294959154033491,True,14720,0.0,0.0,3.671102025626257e-16
explicit_feedback_n8_T128_s9401101,explicit_feedback,8,128,9401101,144,8,1152,online_svd,1216,9728,1216,1.0555555555555556,8.444444444444445,0.04203910008072853,7.975696807844991,True,20800,7.237790307753477e-16,5.551115123125783e-16,1.0285803734759902e-14
explicit_feedback_n8_T128_s9401101,explicit_feedback,8,128,9401101,144,8,1152,online_local_residual,1968,15744,1968,1.7083333333333333,13.666666666666666,0.09726750000845641,18.45367973707263,True,24960,2.646084368775427e-16,3.885780586188048e-16,1.4060745044765115e-15
explicit_feedback_n8_T128_s9401102,explicit_feedback,8,128,9401102,144,8,1152,packed_exact,1304,10432,1304,1.1319444444444444,9.055555555555555,0.03316570003516972,5.969026228552719,True,14720,0.0,0.0,4.1890556199629195e-16
explicit_feedback_n8_T128_s9401102,explicit_feedback,8,128,9401102,144,8,1152,online_svd,1216,9728,1216,1.0555555555555556,8.444444444444445,0.04058129992336035,7.303655384159986,True,20800,1.1077049997907763e-15,8.881784197001252e-16,1.1639832509916038e-14
explicit_feedback_n8_T128_s9401102,explicit_feedback,8,128,9401102,144,8,1152,online_local_residual,1968,15744,1968,1.7083333333333333,13.666666666666666,0.08673990005627275,15.611090311644132,True,24960,1.6127852478581531e-16,1.1796119636642288e-16,1.425738431467688e-15
explicit_feedback_n8_T128_s9401103,explicit_feedback,8,128,9401103,144,8,1152,packed_exact,1304,10432,1304,1.1319444444444444,9.055555555555555,0.03255509992595762,5.147702402591539,True,14720,0.0,0.0,2.9969292143047137e-16
explicit_feedback_n8_T128_s9401103,explicit_feedback,8,128,9401103,144,8,1152,online_svd,1216,9728,1216,1.0555555555555556,8.444444444444445,0.04329569998662919,6.846035777802874,True,20800,1.1569398219284325e-15,1.0130785099704553e-15,6.840233485753549e-15
explicit_feedback_n8_T128_s9401103,explicit_feedback,8,128,9401103,144,8,1152,online_local_residual,1968,15744,1968,1.7083333333333333,13.666666666666666,0.0843541999347508,13.338319300521412,True,24960,9.086993060320985e-17,1.249000902703301e-16,8.689957924774222e-16
explicit_feedback_n8_T128_s9401104,explicit_feedback,8,128,9401104,144,8,1152,packed_exact,1304,10432,1304,1.1319444444444444,9.055555555555555,0.03506759996525943,5.540167773648609,True,14720,0.0,0.0,3.3179124369724595e-16
explicit_feedback_n8_T128_s9401104,explicit_feedback,8,128,9401104,144,8,1152,online_svd,1216,9728,1216,1.0555555555555556,8.444444444444445,0.04225329996552318,6.675403250613292,True,20800,8.483679249517237e-16,6.661338147750939e-16,8.811469856291577e-15
explicit_feedback_n8_T128_s9401104,explicit_feedback,8,128,9401104,144,8,1152,online_local_residual,1968,15744,1968,1.7083333333333333,13.666666666666666,0.08298559999093413,13.11051076213183,True,24960,1.5628830755652919e-16,1.3877787807814457e-16,1.429547143270706e-15
explicit_feedback_n16_T32_s9401100,explicit_feedback,16,32,9401100,544,16,8704,packed_exact,9264,74112,9264,1.0643382352941178,17.029411764705884,0.01267219998408109,6.808251971454887,True,107776,0.0,0.0,2.1959996201063471e-16
explicit_feedback_n16_T32_s9401100,explicit_feedback,16,32,9401100,544,16,8704,online_svd,8960,71680,8960,1.0294117647058822,16.470588235294116,0.01778240001294762,9.553752315891114,True,152576,1.4859817003298796e-15,1.2212453270876722e-15,4.173146399091626e-15
explicit_feedback_n16_T32_s9401100,explicit_feedback,16,32,9401100,544,16,8704,online_local_residual,13920,111360,13920,1.599264705882353,25.58823529411765,0.03856620006263256,20.720033454158084,True,181120,3.994243046008653e-16,5.140202499753777e-16,7.989095286979464e-16
explicit_feedback_n16_T32_s9401100,explicit_feedback,16,32,9401100,544,16,8704,unfused_kronecker_history,13600,108800,13600,1.5625,25.0,0.012633600039407611,6.787513808408897,True,121600,1.9292059662286662e-17,1.3877787807814457e-17,2.2236416138256435e-16
explicit_feedback_n16_T32_s9401101,explicit_feedback,16,32,9401101,544,16,8704,packed_exact,9264,74112,9264,1.0643382352941178,17.029411764705884,0.012876400025561452,6.54521439107146,True,107776,0.0,0.0,2.46193084982066e-16
explicit_feedback_n16_T32_s9401101,explicit_feedback,16,32,9401101,544,16,8704,online_svd,8960,71680,8960,1.0294117647058822,16.470588235294116,0.017520800000056624,8.906013487916251,True,152576,1.392762750573196e-15,1.6653345369377348e-15,7.537355360746687e-15
explicit_feedback_n16_T32_s9401101,explicit_feedback,16,32,9401101,544,16,8704,online_local_residual,13920,111360,13920,1.599264705882353,25.58823529411765,0.038132700021378696,19.383266786902734,True,181120,1.7425489793925314e-16,1.5265566588595902e-16,2.407106181909053e-15
explicit_feedback_n16_T32_s9401102,explicit_feedback,16,32,9401102,544,16,8704,packed_exact,9264,74112,9264,1.0643382352941178,17.029411764705884,0.013125900062732399,6.729505456599048,True,107776,0.0,0.0,2.5226245661491594e-16
explicit_feedback_n16_T32_s9401102,explicit_feedback,16,32,9401102,544,16,8704,online_svd,8960,71680,8960,1.0294117647058822,16.470588235294116,0.01766390004195273,9.056088431957496,True,152576,1.547957062561571e-15,1.6653345369377348e-15,4.169428696814185e-15
explicit_feedback_n16_T32_s9401102,explicit_feedback,16,32,9401102,544,16,8704,online_local_residual,13920,111360,13920,1.599264705882353,25.58823529411765,0.03938730002846569,20.193438102947674,True,181120,1.7935954141087845e-16,2.220446049250313e-16,6.594821984928756e-16
explicit_feedback_n16_T32_s9401103,explicit_feedback,16,32,9401103,544,16,8704,packed_exact,9264,74112,9264,1.0643382352941178,17.029411764705884,0.012641600100323558,6.537518609624104,True,107776,0.0,0.0,2.3084615960463356e-16
explicit_feedback_n16_T32_s9401103,explicit_feedback,16,32,9401103,544,16,8704,online_svd,8960,71680,8960,1.0294117647058822,16.470588235294116,0.017242399975657463,8.91679137299698,True,152576,1.247619238942824e-15,8.881784197001252e-16,4.840381399243921e-15
explicit_feedback_n16_T32_s9401103,explicit_feedback,16,32,9401103,544,16,8704,online_local_residual,13920,111360,13920,1.599264705882353,25.58823529411765,0.03954150003846735,20.44862124275836,True,181120,3.1258691932510127e-16,3.382710778154774e-16,1.0241403028022957e-15
explicit_feedback_n16_T32_s9401104,explicit_feedback,16,32,9401104,544,16,8704,packed_exact,9264,74112,9264,1.0643382352941178,17.029411764705884,0.012923700036481023,6.822774849127782,True,107776,0.0,0.0,2.676909978512742e-16
explicit_feedback_n16_T32_s9401104,explicit_feedback,16,32,9401104,544,16,8704,online_svd,8960,71680,8960,1.0294117647058822,16.470588235294116,0.01904340006876737,10.053531934685976,True,152576,2.4080016170249213e-15,1.9984014443252818e-15,3.2342565421920836e-15
explicit_feedback_n16_T32_s9401104,explicit_feedback,16,32,9401104,544,16,8704,online_local_residual,13920,111360,13920,1.599264705882353,25.58823529411765,0.039371399907395244,20.785239235270193,True,181120,2.3641549855290683e-16,2.498001805406602e-16,4.228288592007462e-16
explicit_feedback_n16_T128_s9401100,explicit_feedback,16,128,9401100,544,16,8704,packed_exact,9264,74112,9264,1.0643382352941178,17.029411764705884,0.05201129999477416,6.788214651745125,True,107776,0.0,0.0,2.3286397017165295e-16
explicit_feedback_n16_T128_s9401100,explicit_feedback,16,128,9401100,544,16,8704,online_svd,8960,71680,8960,1.0294117647058822,16.470588235294116,0.07712180004455149,10.06549217350812,True,152576,1.8879732738435283e-15,2.4424906541753444e-15,3.735071266662033e-15
explicit_feedback_n16_T128_s9401100,explicit_feedback,16,128,9401100,544,16,8704,online_local_residual,13920,111360,13920,1.599264705882353,25.58823529411765,0.1542943000094965,20.137601407972078,True,181120,2.480712243649152e-16,1.8127860323957634e-16,1.2593715296544001e-15
explicit_feedback_n16_T128_s9401101,explicit_feedback,16,128,9401101,544,16,8704,packed_exact,9264,74112,9264,1.0643382352941178,17.029411764705884,0.04850090004038066,6.344797368777978,True,107776,0.0,0.0,2.61139865988408e-16
explicit_feedback_n16_T128_s9401101,explicit_feedback,16,128,9401101,544,16,8704,online_svd,8960,71680,8960,1.0294117647058822,16.470588235294116,0.07113489997573197,9.30573506509234,True,152576,1.3454358263766914e-15,1.1102230246251565e-15,3.251614679969373e-15
explicit_feedback_n16_T128_s9401101,explicit_feedback,16,128,9401101,544,16,8704,online_local_residual,13920,111360,13920,1.599264705882353,25.58823529411765,0.15120800002478063,19.7807488087159,True,181120,2.861049099824624e-16,2.7755575615628914e-16,4.485791735395442e-16
explicit_feedback_n16_T128_s9401102,explicit_feedback,16,128,9401102,544,16,8704,packed_exact,9264,74112,9264,1.0643382352941178,17.029411764705884,0.04855840001255274,5.505362698032062,True,107776,0.0,0.0,2.5069325723324756e-16
explicit_feedback_n16_T128_s9401102,explicit_feedback,16,128,9401102,544,16,8704,online_svd,8960,71680,8960,1.0294117647058822,16.470588235294116,0.07558429997880012,8.569454214977874,True,152576,2.760112520401743e-15,2.2690183065776637e-15,7.186864817288911e-15
explicit_feedback_n16_T128_s9401102,explicit_feedback,16,128,9401102,544,16,8704,online_local_residual,13920,111360,13920,1.599264705882353,25.58823529411765,0.15190820000134408,17.222761408868514,True,181120,2.5940960147748513e-16,2.0122792321330962e-16,1.0194902826039996e-15
explicit_feedback_n16_T128_s9401103,explicit_feedback,16,128,9401103,544,16,8704,packed_exact,9264,74112,9264,1.0643382352941178,17.029411764705884,0.05135049996897578,6.5031090010112385,True,107776,0.0,0.0,2.345698980812494e-16
explicit_feedback_n16_T128_s9401103,explicit_feedback,16,128,9401103,544,16,8704,online_svd,8960,71680,8960,1.0294117647058822,16.470588235294116,0.07271049998234957,9.208173380763993,True,152576,2.73817812261309e-15,2.2039661762285334e-15,3.758743491051874e-15
explicit_feedback_n16_T128_s9401103,explicit_feedback,16,128,9401103,544,16,8704,online_local_residual,13920,111360,13920,1.599264705882353,25.58823529411765,0.15088020008988678,19.1077085495121,True,181120,1.957757758615701e-16,1.3877787807814457e-16,6.187164105454756e-16
explicit_feedback_n16_T128_s9401104,explicit_feedback,16,128,9401104,544,16,8704,packed_exact,9264,74112,9264,1.0643382352941178,17.029411764705884,0.04796929995063692,6.540673599309699,True,107776,0.0,0.0,3.2553788963742577e-16
explicit_feedback_n16_T128_s9401104,explicit_feedback,16,128,9401104,544,16,8704,online_svd,8960,71680,8960,1.0294117647058822,16.470588235294116,0.07604940002784133,10.369430104615056,True,152576,2.5500338113446156e-15,2.3609586508044345e-15,5.698916976436413e-15
explicit_feedback_n16_T128_s9401104,explicit_feedback,16,128,9401104,544,16,8704,online_local_residual,13920,111360,13920,1.599264705882353,25.58823529411765,0.1558532000053674,21.250777303234454,True,181120,1.7487352496051635e-16,1.8388068845354155e-16,1.0786980654340136e-15
block4_n8_T32_s9401100,block4,8,32,9401100,104,8,832,packed_exact,528,4224,528,0.6346153846153846,5.076923076923077,0.007066600024700165,6.546785555396774,True,9632,7.738957012976534e-17,2.220446049250313e-16,3.3826363282708395e-16
block4_n8_T32_s9401100,block4,8,32,9401100,104,8,832,online_svd,896,7168,896,1.0769230769230769,8.615384615384615,0.009780399966984987,9.06096015142405,True,15360,1.483499281292701e-15,2.609024107869118e-15,1.8652414560348656e-15
block4_n8_T32_s9401100,block4,8,32,9401100,104,8,832,online_local_residual,1112,8896,1112,1.3365384615384615,10.692307692307692,0.022719500004313886,21.04826846491713,True,17056,1.1682250537447223e-15,1.6653345369377348e-15,1.5501610621807927e-15
block4_n8_T32_s9401100,block4,8,32,9401100,104,8,832,unfused_kronecker_history,2664,21312,2664,3.201923076923077,25.615384615384617,0.007672599982470274,7.108208553193899,True,16256,7.23150221886025e-17,2.220446049250313e-16,3.2490714714689813e-16
block4_n8_T32_s9401101,block4,8,32,9401101,104,8,832,packed_exact,528,4224,528,0.6346153846153846,5.076923076923077,0.005965899908915162,4.552732037756802,True,9632,1.0410779912869284e-17,2.7755575615628914e-17,2.7539011164176697e-16
block4_n8_T32_s9401101,block4,8,32,9401101,104,8,832,online_svd,896,7168,896,1.0769230769230769,8.615384615384615,0.008451299974694848,6.449404908384231,True,15360,3.520392955292614e-15,3.6914915568786455e-15,3.1088554568792117e-15
block4_n8_T32_s9401101,block4,8,32,9401101,104,8,832,online_local_residual,1112,8896,1112,1.3365384615384615,10.692307692307692,0.017705700010992587,13.511676179900055,True,17056,3.348252851847069e-16,4.996003610813204e-16,7.140084799200216e-16
block4_n8_T32_s9401102,block4,8,32,9401102,104,8,832,packed_exact,528,4224,528,0.6346153846153846,5.076923076923077,0.00597830000333488,4.737538399572163,True,9632,5.55194593792883e-17,1.1102230246251565e-16,3.2776029325205366e-16
block4_n8_T32_s9401102,block4,8,32,9401102,104,8,832,online_svd,896,7168,896,1.0769230769230769,8.615384615384615,0.007784300018101931,6.168713552176415,True,15360,9.36102785171022e-16,1.3322676295501878e-15,1.3343925842332993e-15
block4_n8_T32_s9401102,block4,8,32,9401102,104,8,832,online_local_residual,1112,8896,1112,1.3365384615384615,10.692307692307692,0.01712880004197359,13.57381661880068,True,17056,2.2703868085634507e-16,4.440892098500626e-16,4.1839560170278566e-16
block4_n8_T32_s9401103,block4,8,32,9401103,104,8,832,packed_exact,528,4224,528,0.6346153846153846,5.076923076923077,0.006753100082278252,7.516807980928827,True,9632,7.614743532982893e-17,2.220446049250313e-16,2.723804623199415e-16
block4_n8_T32_s9401103,block4,8,32,9401103,104,8,832,online_svd,896,7168,896,1.0769230769230769,8.615384615384615,0.007716000080108643,8.588602312471743,True,15360,3.38215650021882e-15,4.785002088099632e-15,3.239191043071109e-15
block4_n8_T32_s9401103,block4,8,32,9401103,104,8,832,online_local_residual,1112,8896,1112,1.3365384615384615,10.692307692307692,0.018452499993145466,20.539292699149705,True,17056,4.596195963689207e-16,6.106226635438361e-16,5.219407276116387e-16
block4_n8_T32_s9401104,block4,8,32,9401104,104,8,832,packed_exact,528,4224,528,0.6346153846153846,5.076923076923077,0.006241900031454861,4.318458391873898,True,9632,5.2724685739679696e-17,1.1102230246251565e-16,2.605976630604832e-16
block4_n8_T32_s9401104,block4,8,32,9401104,104,8,832,online_svd,896,7168,896,1.0769230769230769,8.615384615384615,0.007535599987022579,5.2135046761038195,True,15360,1.395430259707241e-15,1.2212453270876722e-15,1.995649063236115e-15
block4_n8_T32_s9401104,block4,8,32,9401104,104,8,832,online_local_residual,1112,8896,1112,1.3365384615384615,10.692307692307692,0.019526699907146394,13.509546877501833,True,17056,3.0586549248856033e-16,3.3306690738754696e-16,5.249432310757954e-16
block4_n8_T128_s9401100,block4,8,128,9401100,104,8,832,packed_exact,528,4224,528,0.6346153846153846,5.076923076923077,0.024248900008387864,7.120301918230952,True,9632,3.563377403218986e-17,5.551115123125783e-17,4.059896200118063e-16
block4_n8_T128_s9401100,block4,8,128,9401100,104,8,832,online_svd,896,7168,896,1.0769230769230769,8.615384615384615,0.030343999969772995,8.910030604144454,True,15360,1.6577856598307618e-15,2.185751579730777e-15,4.263075365512037e-15
block4_n8_T128_s9401100,block4,8,128,9401100,104,8,832,online_local_residual,1112,8896,1112,1.3365384615384615,10.692307692307692,0.0799664999358356,23.480884604678607,True,17056,2.0538929908825503e-16,2.220446049250313e-16,9.27418683816243e-16
block4_n8_T128_s9401101,block4,8,128,9401101,104,8,832,packed_exact,528,4224,528,0.6346153846153846,5.076923076923077,0.02544680004939437,6.524318633238817,True,9632,3.2245409683076186e-17,5.551115123125783e-17,4.360788574332209e-16
block4_n8_T128_s9401101,block4,8,128,9401101,104,8,832,online_svd,896,7168,896,1.0769230769230769,8.615384615384615,0.03341289993841201,8.566751231415202,True,15360,2.9296254120434506e-15,3.0253577421035516e-15,1.9374039074837427e-15
block4_n8_T128_s9401101,block4,8,128,9401101,104,8,832,online_local_residual,1112,8896,1112,1.3365384615384615,10.692307692307692,0.06829639989882708,17.510550386615392,True,17056,2.7673710662028646e-15,3.8782084147068655e-15,9.977458780474472e-16
block4_n8_T128_s9401102,block4,8,128,9401102,104,8,832,packed_exact,528,4224,528,0.6346153846153846,5.076923076923077,0.023947999929077923,6.723377957627032,True,9632,7.983674514064964e-17,2.220446049250313e-16,4.939490861188069e-16
block4_n8_T128_s9401102,block4,8,128,9401102,104,8,832,online_svd,896,7168,896,1.0769230769230769,8.615384615384615,0.03387379995547235,9.510036772847917,True,15360,2.0473976883855908e-15,2.9996756344361323e-15,2.675066482634825e-15
block4_n8_T128_s9401102,block4,8,128,9401102,104,8,832,online_local_residual,1112,8896,1112,1.3365384615384615,10.692307692307692,0.07164380000904202,20.113927977616253,True,17056,7.961095233532033e-16,9.71445146547012e-16,2.1354645727288294e-15
block4_n8_T128_s9401103,block4,8,128,9401103,104,8,832,packed_exact,528,4224,528,0.6346153846153846,5.076923076923077,0.023497099988162518,6.644355771198006,True,9632,3.526889540197276e-17,5.551115123125783e-17,4.682598568921695e-16
block4_n8_T128_s9401103,block4,8,128,9401103,104,8,832,online_svd,896,7168,896,1.0769230769230769,8.615384615384615,0.030028700013644993,8.491318772859271,True,15360,5.024008527745803e-15,7.733775718322212e-15,1.122522872203561e-14
block4_n8_T128_s9401103,block4,8,128,9401103,104,8,832,online_local_residual,1112,8896,1112,1.3365384615384615,10.692307692307692,0.06794969993643463,19.214370332988835,True,17056,4.3989812732392566e-16,6.661338147750939e-16,6.168210680220765e-16
block4_n8_T128_s9401104,block4,8,128,9401104,104,8,832,packed_exact,528,4224,528,0.6346153846153846,5.076923076923077,0.024725700030103326,6.479481219639656,True,9632,6.119308049788601e-17,1.1102230246251565e-16,2.606094913488184e-16
block4_n8_T128_s9401104,block4,8,128,9401104,104,8,832,online_svd,896,7168,896,1.0769230769230769,8.615384615384615,0.03134489990770817,8.214072403863549,True,15360,2.2696868476073705e-15,2.55351295663786e-15,6.211793210397547e-15
block4_n8_T128_s9401104,block4,8,128,9401104,104,8,832,online_local_residual,1112,8896,1112,1.3365384615384615,10.692307692307692,0.07047089992556721,18.467217188710276,True,17056,3.1945056746149835e-16,4.440892098500626e-16,5.383977509430117e-16
block4_n16_T32_s9401100,block4,16,32,9401100,336,16,5376,packed_exact,1696,13568,1696,0.31547619047619047,5.0476190476190474,0.009807700058445334,9.546135717328104,True,55744,5.96174837198503e-17,2.220446049250313e-16,3.5004430723737497e-16
block4_n16_T32_s9401100,block4,16,32,9401100,336,16,5376,online_svd,5632,45056,5632,1.0476190476190477,16.761904761904763,0.012562500080093741,12.227467194029346,True,96000,1.7059054793736231e-15,2.6645352591003757e-15,1.567905932419883e-15
block4_n16_T32_s9401100,block4,16,32,9401100,336,16,5376,online_local_residual,6320,50560,6320,1.1755952380952381,18.80952380952381,0.033053799998015165,32.17227880891061,True,104128,6.232184615718699e-16,6.661338147750939e-16,7.212453396732359e-16
block4_n16_T32_s9401100,block4,16,32,9401100,336,16,5376,unfused_kronecker_history,10064,80512,10064,1.8720238095238095,29.952380952380953,0.011536800069734454,11.229121868845464,True,81664,4.158781900285783e-17,2.7755575615628914e-17,3.493934532564842e-16
block4_n16_T32_s9401101,block4,16,32,9401101,336,16,5376,packed_exact,1696,13568,1696,0.31547619047619047,5.0476190476190474,0.010656700003892183,6.862893064786388,True,55744,5.380927893490547e-17,2.220446049250313e-16,3.135325289152701e-16
block4_n16_T32_s9401101,block4,16,32,9401101,336,16,5376,online_svd,5632,45056,5632,1.0476190476190477,16.761904761904763,0.013399300049059093,8.629121899471079,True,96000,3.5859367681868764e-15,9.076073226310655e-15,5.392926231655145e-15
block4_n16_T32_s9401101,block4,16,32,9401101,336,16,5376,online_local_residual,6320,50560,6320,1.1755952380952381,18.80952380952381,0.03132589999586344,20.173815698225805,True,104128,7.332766458901844e-16,9.71521083614816e-16,1.0251743113555784e-15
block4_n16_T32_s9401102,block4,16,32,9401102,336,16,5376,packed_exact,1696,13568,1696,0.31547619047619047,5.0476190476190474,0.00986889994237572,9.334058236067323,True,55744,7.263527032223076e-17,2.220446049250313e-16,3.7907472027096465e-16
block4_n16_T32_s9401102,block4,16,32,9401102,336,16,5376,online_svd,5632,45056,5632,1.0476190476190477,16.761904761904763,0.016897000023163855,15.981272801624463,True,96000,2.2604718949150017e-15,3.1086244689504383e-15,1.8245999564468546e-15
block4_n16_T32_s9401102,block4,16,32,9401102,336,16,5376,online_local_residual,6320,50560,6320,1.1755952380952381,18.80952380952381,0.040470800013281405,38.27749864624387,True,104128,1.067855153729411e-15,2.275957200481571e-15,7.22306434270019e-16
block4_n16_T32_s9401103,block4,16,32,9401103,336,16,5376,packed_exact,1696,13568,1696,0.31547619047619047,5.0476190476190474,0.010228400002233684,8.517279082311036,True,55744,4.1177641481142695e-17,1.1102230246251565e-16,4.274344616777908e-16
block4_n16_T32_s9401103,block4,16,32,9401103,336,16,5376,online_svd,5632,45056,5632,1.0476190476190477,16.761904761904763,0.013619199977256358,11.340828190016492,True,96000,1.5902087464071372e-15,2.4841240175987878e-15,1.8893181915884638e-15
block4_n16_T32_s9401103,block4,16,32,9401103,336,16,5376,online_local_residual,6320,50560,6320,1.1755952380952381,18.80952380952381,0.033830999978818,28.171372686864583,True,104128,6.432132143495247e-16,8.326672684688674e-16,7.474960363964334e-16
block4_n16_T32_s9401104,block4,16,32,9401104,336,16,5376,packed_exact,1696,13568,1696,0.31547619047619047,5.0476190476190474,0.010909799952059984,9.522388077900414,True,55744,5.530862398501434e-17,2.220446049250313e-16,2.5613027879270304e-16
block4_n16_T32_s9401104,block4,16,32,9401104,336,16,5376,online_svd,5632,45056,5632,1.0476190476190477,16.761904761904763,0.015851299976930022,13.835471831088958,True,96000,3.600589563870852e-15,5.773159728050814e-15,5.436917104705777e-15
block4_n16_T32_s9401104,block4,16,32,9401104,336,16,5376,online_local_residual,6320,50560,6320,1.1755952380952381,18.80952380952381,0.03345480002462864,29.20031442399767,True,104128,6.793636893641147e-16,8.326672684688674e-16,1.3043224455875507e-15
block4_n16_T128_s9401100,block4,16,128,9401100,336,16,5376,packed_exact,1696,13568,1696,0.31547619047619047,5.0476190476190474,0.0382022000849247,8.868969762502363,True,55744,4.5458731561199905e-17,1.1102230246251565e-16,3.758547958634303e-16
block4_n16_T128_s9401100,block4,16,128,9401100,336,16,5376,online_svd,5632,45056,5632,1.0476190476190477,16.761904761904763,0.05086910002864897,11.809699676899777,True,96000,3.2040332213947498e-15,4.258048907645123e-15,3.915852085402003e-15
block4_n16_T128_s9401100,block4,16,128,9401100,336,16,5376,online_local_residual,6320,50560,6320,1.1755952380952381,18.80952380952381,0.12230980000458658,28.395273452495662,True,104128,1.055007793767247e-15,9.854438252092891e-16,9.417266339595552e-16
block4_n16_T128_s9401101,block4,16,128,9401101,336,16,5376,packed_exact,1696,13568,1696,0.31547619047619047,5.0476190476190474,0.038421900011599064,9.682938641965963,True,55744,3.6700736127736735e-17,1.1102230246251565e-16,4.711824009434908e-16
block4_n16_T128_s9401101,block4,16,128,9401101,336,16,5376,online_svd,5632,45056,5632,1.0476190476190477,16.761904761904763,0.05626800004392862,14.18044375127256,True,96000,2.511161498255425e-15,4.15877237926304e-15,3.367067643702386e-15
block4_n16_T128_s9401101,block4,16,128,9401101,336,16,5376,online_local_residual,6320,50560,6320,1.1755952380952381,18.80952380952381,0.12099239998497069,30.492036698991868,True,104128,1.348101211899986e-15,1.8814952401944435e-15,1.1230510128409776e-15
block4_n16_T128_s9401102,block4,16,128,9401102,336,16,5376,packed_exact,1696,13568,1696,0.31547619047619047,5.0476190476190474,0.03953069995623082,8.89089562898456,True,55744,2.915578665087519e-17,5.551115123125783e-17,5.167562253602272e-16
block4_n16_T128_s9401102,block4,16,128,9401102,336,16,5376,online_svd,5632,45056,5632,1.0476190476190477,16.761904761904763,0.05308870004955679,11.94024117310575,True,96000,2.0549408742277904e-15,3.774758283725532e-15,1.9447760745626444e-15
block4_n16_T128_s9401102,block4,16,128,9401102,336,16,5376,online_local_residual,6320,50560,6320,1.1755952380952381,18.80952380952381,0.12403399997856468,27.89663095963149,True,104128,1.0236398958013464e-15,1.5543122344752192e-15,7.340518797118627e-16
block4_n16_T128_s9401103,block4,16,128,9401103,336,16,5376,packed_exact,1696,13568,1696,0.31547619047619047,5.0476190476190474,0.039223200059495866,8.414467791748388,True,55744,2.7306408469077877e-17,5.551115123125783e-17,4.969986196170723e-16
block4_n16_T128_s9401103,block4,16,128,9401103,336,16,5376,online_svd,5632,45056,5632,1.0476190476190477,16.761904761904763,0.05278399994131178,11.323636693388279,True,96000,2.0992027996137072e-15,3.878841692284141e-15,2.7709677339112557e-15
block4_n16_T128_s9401103,block4,16,128,9401103,336,16,5376,online_local_residual,6320,50560,6320,1.1755952380952381,18.80952380952381,0.12291959999129176,26.36967441545905,True,104128,6.307975895078622e-16,9.024038647356998e-16,7.486012270312704e-16
block4_n16_T128_s9401104,block4,16,128,9401104,336,16,5376,packed_exact,1696,13568,1696,0.31547619047619047,5.0476190476190474,0.037179999984800816,9.356519133529227,True,55744,4.8140138310565197e-17,1.6653345369377348e-16,3.8650595879462885e-16
block4_n16_T128_s9401104,block4,16,128,9401104,336,16,5376,online_svd,5632,45056,5632,1.0476190476190477,16.761904761904763,0.05767839995678514,14.515036390737714,True,96000,1.5457744835101197e-15,2.9698465908722937e-15,2.1438203362453094e-15
block4_n16_T128_s9401104,block4,16,128,9401104,336,16,5376,online_local_residual,6320,50560,6320,1.1755952380952381,18.80952380952381,0.12442300003021955,31.311624015862506,True,104128,5.076293687264974e-16,7.216449660063518e-16,1.3432053294356176e-15
deep2_n8_T32_s9401100,deep2,8,32,9401100,272,16,4352,packed_exact,3560,28480,3560,0.8180147058823529,13.088235294117647,0.012990500079467893,8.928178628307485,True,37312,2.862748382639709e-17,8.326672684688674e-17,3.63638148130251e-16
deep2_n8_T32_s9401100,deep2,8,32,9401100,272,16,4352,online_svd,4608,36864,4608,1.0588235294117647,16.941176470588236,0.016063999966718256,11.040549656334774,True,63616,2.6974223522346007e-15,2.277120637265195e-15,6.285859275628147e-15
deep2_n8_T32_s9401100,deep2,8,32,9401100,272,16,4352,online_local_residual,6320,50560,6320,1.4522058823529411,23.235294117647058,0.036029200069606304,24.762336483481228,True,74816,6.877716386422081e-16,6.661338147750939e-16,1.1336188331959103e-15
deep2_n8_T32_s9401101,deep2,8,32,9401101,272,16,4352,packed_exact,3560,28480,3560,0.8180147058823529,13.088235294117647,0.012205800041556358,8.32535307526309,True,37312,1.2187190771737056e-17,2.7755575615628914e-17,3.3879693235444655e-16
deep2_n8_T32_s9401101,deep2,8,32,9401101,272,16,4352,online_svd,4608,36864,4608,1.0588235294117647,16.941176470588236,0.01613620005082339,11.00620707031125,True,63616,2.0724590112325095e-15,2.0886070650760757e-15,5.310920253006319e-15
deep2_n8_T32_s9401101,deep2,8,32,9401101,272,16,4352,online_local_residual,6320,50560,6320,1.4522058823529411,23.235294117647058,0.03553959995042533,24.240911430101217,True,74816,4.73941309276248e-16,4.440892098500626e-16,2.0212779856433724e-15
deep2_n8_T32_s9401102,deep2,8,32,9401102,272,16,4352,packed_exact,3560,28480,3560,0.8180147058823529,13.088235294117647,0.011699599912390113,7.204630661482616,True,37312,3.0354452607568896e-17,1.1102230246251565e-16,3.748370604707067e-16
deep2_n8_T32_s9401102,deep2,8,32,9401102,272,16,4352,online_svd,4608,36864,4608,1.0588235294117647,16.941176470588236,0.015631099930033088,9.62565409688516,True,63616,1.68686427275386e-15,1.7763568394002505e-15,4.6638725328387445e-15
deep2_n8_T32_s9401102,deep2,8,32,9401102,272,16,4352,online_local_residual,6320,50560,6320,1.4522058823529411,23.235294117647058,0.041630699997767806,25.636245675825737,True,74816,5.91070612293066e-16,4.440892098500626e-16,2.6229155016220665e-15
deep2_n8_T32_s9401103,deep2,8,32,9401103,272,16,4352,packed_exact,3560,28480,3560,0.8180147058823529,13.088235294117647,0.011863799998536706,7.200655616961647,True,37312,3.236345369816875e-17,1.1102230246251565e-16,4.813247305094009e-16
deep2_n8_T32_s9401103,deep2,8,32,9401103,272,16,4352,online_svd,4608,36864,4608,1.0588235294117647,16.941176470588236,0.016744400025345385,10.162903800639535,True,63616,1.4685820618119939e-15,1.304512053934559e-15,3.715889216746907e-15
deep2_n8_T32_s9401103,deep2,8,32,9401103,272,16,4352,online_local_residual,6320,50560,6320,1.4522058823529411,23.235294117647058,0.03765499999281019,22.854455337949247,True,74816,8.107332336656358e-16,7.494005416219807e-16,1.897918322445023e-15
deep2_n8_T32_s9401104,deep2,8,32,9401104,272,16,4352,packed_exact,3560,28480,3560,0.8180147058823529,13.088235294117647,0.013014900032430887,6.89713815117544,True,37312,2.2521961136025754e-17,5.551115123125783e-17,3.996747824183579e-16
deep2_n8_T32_s9401104,deep2,8,32,9401104,272,16,4352,online_svd,4608,36864,4608,1.0588235294117647,16.941176470588236,0.016769700101576746,8.886963254895813,True,63616,2.299265315220983e-15,2.959438250016433e-15,1.0548008169906798e-14
deep2_n8_T32_s9401104,deep2,8,32,9401104,272,16,4352,online_local_residual,6320,50560,6320,1.4522058823529411,23.235294117647058,0.03716319997329265,19.694329093335657,True,74816,1.4266873449986864e-15,2.5477474758657864e-15,1.5469471278299142e-15
deep2_n8_T128_s9401100,deep2,8,128,9401100,272,16,4352,packed_exact,3560,28480,3560,0.8180147058823529,13.088235294117647,0.05642209993675351,9.85831592534457,True,37312,1.445405157591952e-17,2.7755575615628914e-17,3.957002854104734e-16
deep2_n8_T128_s9401100,deep2,8,128,9401100,272,16,4352,online_svd,4608,36864,4608,1.0588235294117647,16.941176470588236,0.06528679991606623,11.407195053867284,True,63616,1.5093838923040102e-15,1.3322676295501878e-15,1.0132880671130525e-14
deep2_n8_T128_s9401100,deep2,8,128,9401100,272,16,4352,online_local_residual,6320,50560,6320,1.4522058823529411,23.235294117647058,0.15112699999008328,26.40557002348098,True,74816,4.847263908794458e-16,4.440892098500626e-16,2.6209582806067084e-15
deep2_n8_T128_s9401101,deep2,8,128,9401101,272,16,4352,packed_exact,3560,28480,3560,0.8180147058823529,13.088235294117647,0.04668060003314167,7.69418166888301,True,37312,2.1159727576094122e-17,5.551115123125783e-17,3.9324747487899124e-16
deep2_n8_T128_s9401101,deep2,8,128,9401101,272,16,4352,online_svd,4608,36864,4608,1.0588235294117647,16.941176470588236,0.06323049997445196,10.422037280419106,True,63616,1.5498978414721549e-15,1.392982951209376e-15,4.6332974892631655e-15
deep2_n8_T128_s9401101,deep2,8,128,9401101,272,16,4352,online_local_residual,6320,50560,6320,1.4522058823529411,23.235294117647058,0.14833880006335676,24.45010722701216,True,74816,5.587033427318285e-16,4.440892098500626e-16,1.149997438085021e-15
deep2_n8_T128_s9401102,deep2,8,128,9401102,272,16,4352,packed_exact,3560,28480,3560,0.8180147058823529,13.088235294117647,0.04978390003088862,8.542193004222073,True,37312,2.1504681748257255e-17,5.551115123125783e-17,5.515506473220841e-16
deep2_n8_T128_s9401102,deep2,8,128,9401102,272,16,4352,online_svd,4608,36864,4608,1.0588235294117647,16.941176470588236,0.06791360001079738,11.652985775397767,True,63616,1.9103636335180478e-15,1.7128523949170603e-15,6.177992561292234e-15
deep2_n8_T128_s9401102,deep2,8,128,9401102,272,16,4352,online_local_residual,6320,50560,6320,1.4522058823529411,23.235294117647058,0.14168699993751943,24.311427969776283,True,74816,6.54681924237203e-16,6.661338147750939e-16,1.7656755853243174e-15
deep2_n8_T128_s9401103,deep2,8,128,9401103,272,16,4352,packed_exact,3560,28480,3560,0.8180147058823529,13.088235294117647,0.04975380003452301,7.995018559368297,True,37312,2.0912863611412614e-17,5.551115123125783e-17,3.785155283530644e-16
deep2_n8_T128_s9401103,deep2,8,128,9401103,272,16,4352,online_svd,4608,36864,4608,1.0588235294117647,16.941176470588236,0.06595540000125766,10.598479849473273,True,63616,2.2934350261719437e-15,2.0177953134887384e-15,6.4473587191395935e-15
deep2_n8_T128_s9401103,deep2,8,128,9401103,272,16,4352,online_local_residual,6320,50560,6320,1.4522058823529411,23.235294117647058,0.1363797999219969,21.91509052057783,True,74816,5.726650396243521e-16,5.551115123125783e-16,1.6378565606372184e-15
deep2_n8_T128_s9401104,deep2,8,128,9401104,272,16,4352,packed_exact,3560,28480,3560,0.8180147058823529,13.088235294117647,0.04961950005963445,7.538551465570038,True,37312,2.039652714301059e-17,5.551115123125783e-17,5.506910200725439e-16
deep2_n8_T128_s9401104,deep2,8,128,9401104,272,16,4352,online_svd,4608,36864,4608,1.0588235294117647,16.941176470588236,0.06470660003833473,9.83069224729783,True,63616,1.5257775765890638e-15,1.3322676295501878e-15,4.36930007882144e-15
deep2_n8_T128_s9401104,deep2,8,128,9401104,272,16,4352,online_local_residual,6320,50560,6320,1.4522058823529411,23.235294117647058,0.14544960006605834,22.097749764241332,True,74816,1.2851719014265246e-15,2.163603652237586e-15,1.7842972719066767e-15
deep2_n16_T32_s9401100,deep2,16,32,9401100,1056,32,33792,packed_exact,26448,211584,26448,0.7826704545454546,25.045454545454547,0.02552070003002882,12.226071043018067,True,283904,2.4747341730502662e-17,5.551115123125783e-17,3.7716648197327483e-16
deep2_n16_T32_s9401100,deep2,16,32,9401100,1056,32,33792,online_svd,34816,278528,34816,1.0303030303030303,32.96969696969697,0.040444100042805076,19.375347847529497,True,483328,2.1586465437109925e-15,1.887379141862766e-15,3.6069008107588686e-15
deep2_n16_T32_s9401100,deep2,16,32,9401100,1056,32,33792,online_local_residual,45664,365312,45664,1.3513257575757576,43.24242424242424,0.08185690001118928,39.21476580659831,True,560512,6.623145355948653e-16,4.440892098500626e-16,1.545874791429525e-15
deep2_n16_T32_s9401101,deep2,16,32,9401101,1056,32,33792,packed_exact,26448,211584,26448,0.7826704545454546,25.045454545454547,0.021032400080002844,11.649072252745109,True,283904,3.034892971264931e-17,1.1102230246251565e-16,5.196510742164338e-16
deep2_n16_T32_s9401101,deep2,16,32,9401101,1056,32,33792,online_svd,34816,278528,34816,1.0303030303030303,32.96969696969697,0.03819780005142093,21.15635548022787,True,483328,1.935704404466062e-15,1.9984014443252818e-15,3.2418350611701055e-15
deep2_n16_T32_s9401101,deep2,16,32,9401101,1056,32,33792,online_local_residual,45664,365312,45664,1.3513257575757576,43.24242424242424,0.08321640000212938,46.09050096759154,True,560512,8.994162249833657e-16,1.1102230246251565e-15,1.938119669666233e-15
deep2_n16_T32_s9401102,deep2,16,32,9401102,1056,32,33792,packed_exact,26448,211584,26448,0.7826704545454546,25.045454545454547,0.02319019997958094,13.390806994518504,True,283904,2.3318178674801055e-17,5.551115123125783e-17,4.668582120541809e-16
deep2_n16_T32_s9401102,deep2,16,32,9401102,1056,32,33792,online_svd,34816,278528,34816,1.0303030303030303,32.96969696969697,0.039891400025226176,23.034645623982552,True,483328,2.1782032943175465e-15,1.5452581982206275e-15,4.376456511127401e-15
deep2_n16_T32_s9401102,deep2,16,32,9401102,1056,32,33792,online_local_residual,45664,365312,45664,1.3513257575757576,43.24242424242424,0.08697569998912513,50.22271531910119,True,560512,7.586065172915657e-16,5.8527137166257395e-16,1.4585569635066728e-15
deep2_n16_T32_s9401103,deep2,16,32,9401103,1056,32,33792,packed_exact,26448,211584,26448,0.7826704545454546,25.045454545454547,0.025741900084540248,13.907023214950922,True,283904,3.400736891396842e-17,1.1102230246251565e-16,5.498249191617358e-16
deep2_n16_T32_s9401103,deep2,16,32,9401103,1056,32,33792,online_svd,34816,278528,34816,1.0303030303030303,32.96969696969697,0.03913819999434054,21.144354306602736,True,483328,2.43699381361468e-15,2.886579864025407e-15,4.335689064284202e-15
deep2_n16_T32_s9401103,deep2,16,32,9401103,1056,32,33792,online_local_residual,45664,365312,45664,1.3513257575757576,43.24242424242424,0.08299240004271269,44.83652062466285,True,560512,1.0423720400656812e-15,9.124645483638005e-16,1.7524170502882077e-15
deep2_n16_T32_s9401104,deep2,16,32,9401104,1056,32,33792,packed_exact,26448,211584,26448,0.7826704545454546,25.045454545454547,0.02340319997165352,14.076266321234453,True,283904,2.5595410032958266e-17,5.551115123125783e-17,4.962994024338849e-16
deep2_n16_T32_s9401104,deep2,16,32,9401104,1056,32,33792,online_svd,34816,278528,34816,1.0303030303030303,32.96969696969697,0.04112909990362823,24.737820661164257,True,483328,1.7227125466399835e-15,1.2212453270876722e-15,3.4276614412450173e-15
deep2_n16_T32_s9401104,deep2,16,32,9401104,1056,32,33792,online_local_residual,45664,365312,45664,1.3513257575757576,43.24242424242424,0.08767410006839782,52.733129808407654,True,560512,6.414240146839882e-16,4.440892098500626e-16,1.426620810593384e-15
deep2_n16_T128_s9401100,deep2,16,128,9401100,1056,32,33792,packed_exact,26448,211584,26448,0.7826704545454546,25.045454545454547,0.09066180000081658,16.288208956519366,True,283904,3.471390067709662e-17,1.1102230246251565e-16,6.243607578241786e-16
deep2_n16_T128_s9401100,deep2,16,128,9401100,1056,32,33792,online_svd,34816,278528,34816,1.0303030303030303,32.96969696969697,0.15969389991369098,28.69044747459526,True,483328,2.8361403955498245e-15,2.220446049250313e-15,4.9669086519567974e-15
deep2_n16_T128_s9401100,deep2,16,128,9401100,1056,32,33792,online_local_residual,45664,365312,45664,1.3513257575757576,43.24242424242424,0.3202768999617547,57.54062979641175,True,560512,7.529104647191369e-16,6.661338147750939e-16,1.233403859168697e-15
deep2_n16_T128_s9401101,deep2,16,128,9401101,1056,32,33792,packed_exact,26448,211584,26448,0.7826704545454546,25.045454545454547,0.07669550005812198,12.36605352018999,True,283904,3.107439000502366e-17,1.1102230246251565e-16,4.685292382939222e-16
deep2_n16_T128_s9401101,deep2,16,128,9401101,1056,32,33792,online_svd,34816,278528,34816,1.0303030303030303,32.96969696969697,0.16523149993736297,26.641218453471964,True,483328,1.784118006610727e-15,1.4432899320127035e-15,2.7956433328235343e-15
deep2_n16_T128_s9401101,deep2,16,128,9401101,1056,32,33792,online_local_residual,45664,365312,45664,1.3513257575757576,43.24242424242424,0.3168609000276774,51.08929266030495,True,560512,8.471854160357418e-16,8.881784197001252e-16,9.564888811939774e-16
deep2_n16_T128_s9401102,deep2,16,128,9401102,1056,32,33792,packed_exact,26448,211584,26448,0.7826704545454546,25.045454545454547,0.07822010002564639,11.428335639845786,True,283904,2.5048521714724523e-17,5.551115123125783e-17,4.0063319707856564e-16
deep2_n16_T128_s9401102,deep2,16,128,9401102,1056,32,33792,online_svd,34816,278528,34816,1.0303030303030303,32.96969696969697,0.1527144000865519,22.3123138509741,True,483328,2.0279620728458145e-15,1.4432899320127035e-15,3.601550802886564e-15
deep2_n16_T128_s9401102,deep2,16,128,9401102,1056,32,33792,online_local_residual,45664,365312,45664,1.3513257575757576,43.24242424242424,0.3390269000083208,49.533472892020995,True,560512,7.541987404667305e-16,6.871673369213127e-16,1.4115794785189009e-15
deep2_n16_T128_s9401103,deep2,16,128,9401103,1056,32,33792,packed_exact,26448,211584,26448,0.7826704545454546,25.045454545454547,0.07479440001770854,11.676043590266845,True,283904,2.7426578720426716e-17,1.1102230246251565e-16,3.90090689443598e-16
deep2_n16_T128_s9401103,deep2,16,128,9401103,1056,32,33792,online_svd,34816,278528,34816,1.0303030303030303,32.96969696969697,0.14759220008272678,23.04040090356085,True,483328,1.6406809060938831e-15,1.1102230246251565e-15,2.4022933443042586e-15
deep2_n16_T128_s9401103,deep2,16,128,9401103,1056,32,33792,online_local_residual,45664,365312,45664,1.3513257575757576,43.24242424242424,0.3202006999636069,49.986059511458734,True,560512,7.540618490242416e-16,5.551115123125783e-16,1.010557876877004e-15
deep2_n16_T128_s9401104,deep2,16,128,9401104,1056,32,33792,packed_exact,26448,211584,26448,0.7826704545454546,25.045454545454547,0.07500399998389184,11.550983378065613,True,283904,4.3634753946762914e-17,2.220446049250313e-16,5.800740831906197e-16
deep2_n16_T128_s9401104,deep2,16,128,9401104,1056,32,33792,online_svd,34816,278528,34816,1.0303030303030303,32.96969696969697,0.14506789995357394,22.34116715661155,True,483328,2.1383826332697695e-15,1.5543122344752192e-15,5.061872680238121e-15
deep2_n16_T128_s9401104,deep2,16,128,9401104,1056,32,33792,online_local_residual,45664,365312,45664,1.3513257575757576,43.24242424242424,0.30414649995509535,46.840050747062115,True,560512,6.818201810047362e-16,4.996003610813204e-16,1.6374010877215675e-15
