id,case,n,T,seed,P,N,full_size,method,tolerance,stored_numbers,ratio_to_full,ratio_to_P,passes,seconds,scope,relative_error,absolute_error
independent_n8_T32_s9401100,independent,8,32,9401100,80,8,640,full_matrix,1e-08,640,1.0,8.0,True,9.00006853044033e-07,online baseline,0.0,0.0
independent_n8_T32_s9401100,independent,8,32,9401100,80,8,640,coordinate_sparse,1e-08,160,0.25,2.0,True,2.6399968191981316e-05,snapshot only,0.0,0.0
independent_n8_T32_s9401100,independent,8,32,9401100,80,8,640,block_sparse_triangular,1e-08,168,0.2625,2.1,True,6.330001633614302e-05,known closed online block recurrence,0.0,0.0
independent_n8_T32_s9401100,independent,8,32,9401100,80,8,640,global_svd,1e-08,704,1.1,8.8,True,0.00010960001964122057,snapshot only,1.1320856177737507e-16,2.7267684638010437e-16
independent_n8_T32_s9401100,independent,8,32,9401100,80,8,640,pivoted_qr_repeated_basis,1e-08,784,1.225,9.8,True,8.9599983766675e-05,snapshot only,2.1096315917103804e-16,4.440892098500626e-16
independent_n8_T32_s9401100,independent,8,32,9401100,80,8,640,supported_group_factors,1e-08,664,1.0375,8.3,True,0.0006120000034570694,snapshot only,0.0,0.0
independent_n8_T32_s9401100,independent,8,32,9401100,80,8,640,owner_block_factors,1e-08,216,0.3375,2.7,True,0.0010046000825241208,snapshot only,0.0,0.0
independent_n8_T32_s9401100,independent,8,32,9401100,80,8,640,kronecker_shared_input_basis,1e-08,664,1.0375,8.3,True,0.0006130000110715628,snapshot only,0.0,0.0
independent_n8_T32_s9401100,independent,8,32,9401100,80,8,640,immediate_support_exact_slice_plus_svd_residual,1e-08,168,0.2625,2.1,True,4.970002919435501e-05,snapshot only,0.0,0.0
independent_n8_T32_s9401100,independent,8,32,9401100,80,8,640,local_eligibility_plus_svd_residual,1e-08,168,0.2625,2.1,True,4.0199956856667995e-05,snapshot only,0.0,0.0
independent_n8_T32_s9401100,independent,8,32,9401100,80,8,640,global_svd,1e-10,704,1.1,8.8,True,6.960006430745125e-05,snapshot only,1.1320856177737507e-16,2.7267684638010437e-16
independent_n8_T32_s9401100,independent,8,32,9401100,80,8,640,pivoted_qr_repeated_basis,1e-10,784,1.225,9.8,True,5.2699935622513294e-05,snapshot only,2.1096315917103804e-16,4.440892098500626e-16
independent_n8_T32_s9401100,independent,8,32,9401100,80,8,640,supported_group_factors,1e-10,664,1.0375,8.3,True,0.0005675000138580799,snapshot only,0.0,0.0
independent_n8_T32_s9401100,independent,8,32,9401100,80,8,640,owner_block_factors,1e-10,216,0.3375,2.7,True,0.0009849000489339232,snapshot only,0.0,0.0
independent_n8_T32_s9401100,independent,8,32,9401100,80,8,640,kronecker_shared_input_basis,1e-10,664,1.0375,8.3,True,0.0005689000245183706,snapshot only,0.0,0.0
independent_n8_T32_s9401100,independent,8,32,9401100,80,8,640,immediate_support_exact_slice_plus_svd_residual,1e-10,168,0.2625,2.1,True,4.3599982745945454e-05,snapshot only,0.0,0.0
independent_n8_T32_s9401100,independent,8,32,9401100,80,8,640,local_eligibility_plus_svd_residual,1e-10,168,0.2625,2.1,True,3.929995000362396e-05,snapshot only,0.0,0.0
independent_n8_T32_s9401100,independent,8,32,9401100,80,8,640,global_svd,1e-12,704,1.1,8.8,True,6.739993114024401e-05,snapshot only,1.1320856177737507e-16,2.7267684638010437e-16
independent_n8_T32_s9401100,independent,8,32,9401100,80,8,640,pivoted_qr_repeated_basis,1e-12,784,1.225,9.8,True,5.0600036047399044e-05,snapshot only,2.1096315917103804e-16,4.440892098500626e-16
independent_n8_T32_s9401100,independent,8,32,9401100,80,8,640,supported_group_factors,1e-12,664,1.0375,8.3,True,0.0005617999704554677,snapshot only,0.0,0.0
independent_n8_T32_s9401100,independent,8,32,9401100,80,8,640,owner_block_factors,1e-12,216,0.3375,2.7,True,0.0010289999190717936,snapshot only,0.0,0.0
independent_n8_T32_s9401100,independent,8,32,9401100,80,8,640,kronecker_shared_input_basis,1e-12,664,1.0375,8.3,True,0.0005646999925374985,snapshot only,0.0,0.0
independent_n8_T32_s9401100,independent,8,32,9401100,80,8,640,immediate_support_exact_slice_plus_svd_residual,1e-12,168,0.2625,2.1,True,4.529999569058418e-05,snapshot only,0.0,0.0
independent_n8_T32_s9401100,independent,8,32,9401100,80,8,640,local_eligibility_plus_svd_residual,1e-12,168,0.2625,2.1,True,3.9599952287971973e-05,snapshot only,0.0,0.0
independent_n8_T32_s9401101,independent,8,32,9401101,80,8,640,full_matrix,1e-08,640,1.0,8.0,True,8.00006091594696e-07,online baseline,0.0,0.0
independent_n8_T32_s9401101,independent,8,32,9401101,80,8,640,coordinate_sparse,1e-08,160,0.25,2.0,True,1.5900004655122757e-05,snapshot only,0.0,0.0
independent_n8_T32_s9401101,independent,8,32,9401101,80,8,640,block_sparse_triangular,1e-08,168,0.2625,2.1,True,6.3000014051795e-05,known closed online block recurrence,0.0,0.0
independent_n8_T32_s9401101,independent,8,32,9401101,80,8,640,global_svd,1e-08,704,1.1,8.8,True,9.480002336204052e-05,snapshot only,1.1858017242488507e-16,2.3592239273284576e-16
independent_n8_T32_s9401101,independent,8,32,9401101,80,8,640,pivoted_qr_repeated_basis,1e-08,784,1.225,9.8,True,6.500002928078175e-05,snapshot only,1.39545831449516e-16,4.440892098500626e-16
independent_n8_T32_s9401101,independent,8,32,9401101,80,8,640,supported_group_factors,1e-08,664,1.0375,8.3,True,0.0005896999500691891,snapshot only,0.0,0.0
independent_n8_T32_s9401101,independent,8,32,9401101,80,8,640,owner_block_factors,1e-08,216,0.3375,2.7,True,0.000979200005531311,snapshot only,0.0,0.0
independent_n8_T32_s9401101,independent,8,32,9401101,80,8,640,kronecker_shared_input_basis,1e-08,664,1.0375,8.3,True,0.0005758000770583749,snapshot only,0.0,0.0
independent_n8_T32_s9401101,independent,8,32,9401101,80,8,640,immediate_support_exact_slice_plus_svd_residual,1e-08,168,0.2625,2.1,True,4.509999416768551e-05,snapshot only,0.0,0.0
independent_n8_T32_s9401101,independent,8,32,9401101,80,8,640,local_eligibility_plus_svd_residual,1e-08,168,0.2625,2.1,True,0.0001705000177025795,snapshot only,0.0,0.0
independent_n8_T32_s9401101,independent,8,32,9401101,80,8,640,global_svd,1e-10,704,1.1,8.8,True,0.00010069995187222958,snapshot only,1.1858017242488507e-16,2.3592239273284576e-16
independent_n8_T32_s9401101,independent,8,32,9401101,80,8,640,pivoted_qr_repeated_basis,1e-10,784,1.225,9.8,True,6.729993037879467e-05,snapshot only,1.39545831449516e-16,4.440892098500626e-16
independent_n8_T32_s9401101,independent,8,32,9401101,80,8,640,supported_group_factors,1e-10,664,1.0375,8.3,True,0.0006209999555721879,snapshot only,0.0,0.0
independent_n8_T32_s9401101,independent,8,32,9401101,80,8,640,owner_block_factors,1e-10,216,0.3375,2.7,True,0.001000800053589046,snapshot only,0.0,0.0
independent_n8_T32_s9401101,independent,8,32,9401101,80,8,640,kronecker_shared_input_basis,1e-10,664,1.0375,8.3,True,0.0005729999393224716,snapshot only,0.0,0.0
independent_n8_T32_s9401101,independent,8,32,9401101,80,8,640,immediate_support_exact_slice_plus_svd_residual,1e-10,168,0.2625,2.1,True,4.640000406652689e-05,snapshot only,0.0,0.0
independent_n8_T32_s9401101,independent,8,32,9401101,80,8,640,local_eligibility_plus_svd_residual,1e-10,168,0.2625,2.1,True,3.9800070226192474e-05,snapshot only,0.0,0.0
independent_n8_T32_s9401101,independent,8,32,9401101,80,8,640,global_svd,1e-12,704,1.1,8.8,True,6.820005364716053e-05,snapshot only,1.1858017242488507e-16,2.3592239273284576e-16
independent_n8_T32_s9401101,independent,8,32,9401101,80,8,640,pivoted_qr_repeated_basis,1e-12,784,1.225,9.8,True,9.740004315972328e-05,snapshot only,1.39545831449516e-16,4.440892098500626e-16
independent_n8_T32_s9401101,independent,8,32,9401101,80,8,640,supported_group_factors,1e-12,664,1.0375,8.3,True,0.0006196999456733465,snapshot only,0.0,0.0
independent_n8_T32_s9401101,independent,8,32,9401101,80,8,640,owner_block_factors,1e-12,216,0.3375,2.7,True,0.0009977000299841166,snapshot only,0.0,0.0
independent_n8_T32_s9401101,independent,8,32,9401101,80,8,640,kronecker_shared_input_basis,1e-12,664,1.0375,8.3,True,0.0005764999659731984,snapshot only,0.0,0.0
independent_n8_T32_s9401101,independent,8,32,9401101,80,8,640,immediate_support_exact_slice_plus_svd_residual,1e-12,168,0.2625,2.1,True,4.549999721348286e-05,snapshot only,0.0,0.0
independent_n8_T32_s9401101,independent,8,32,9401101,80,8,640,local_eligibility_plus_svd_residual,1e-12,168,0.2625,2.1,True,3.899994771927595e-05,snapshot only,0.0,0.0
independent_n8_T32_s9401102,independent,8,32,9401102,80,8,640,full_matrix,1e-08,640,1.0,8.0,True,7.00005330145359e-07,online baseline,0.0,0.0
independent_n8_T32_s9401102,independent,8,32,9401102,80,8,640,coordinate_sparse,1e-08,160,0.25,2.0,True,1.479999627918005e-05,snapshot only,0.0,0.0
independent_n8_T32_s9401102,independent,8,32,9401102,80,8,640,block_sparse_triangular,1e-08,168,0.2625,2.1,True,6.340001709759235e-05,known closed online block recurrence,0.0,0.0
independent_n8_T32_s9401102,independent,8,32,9401102,80,8,640,global_svd,1e-08,704,1.1,8.8,True,9.360001422464848e-05,snapshot only,1.0762321158274724e-16,2.220446049250313e-16
independent_n8_T32_s9401102,independent,8,32,9401102,80,8,640,pivoted_qr_repeated_basis,1e-08,784,1.225,9.8,True,6.250001024454832e-05,snapshot only,2.0286094217681186e-16,4.440892098500626e-16
independent_n8_T32_s9401102,independent,8,32,9401102,80,8,640,supported_group_factors,1e-08,664,1.0375,8.3,True,0.0005903999553993344,snapshot only,0.0,0.0
independent_n8_T32_s9401102,independent,8,32,9401102,80,8,640,owner_block_factors,1e-08,216,0.3375,2.7,True,0.0009871000656858087,snapshot only,0.0,0.0
independent_n8_T32_s9401102,independent,8,32,9401102,80,8,640,kronecker_shared_input_basis,1e-08,664,1.0375,8.3,True,0.0005662000039592385,snapshot only,0.0,0.0
independent_n8_T32_s9401102,independent,8,32,9401102,80,8,640,immediate_support_exact_slice_plus_svd_residual,1e-08,168,0.2625,2.1,True,4.429998807609081e-05,snapshot only,0.0,0.0
independent_n8_T32_s9401102,independent,8,32,9401102,80,8,640,local_eligibility_plus_svd_residual,1e-08,168,0.2625,2.1,True,3.799994010478258e-05,snapshot only,0.0,0.0
independent_n8_T32_s9401102,independent,8,32,9401102,80,8,640,global_svd,1e-10,704,1.1,8.8,True,6.84000551700592e-05,snapshot only,1.0762321158274724e-16,2.220446049250313e-16
independent_n8_T32_s9401102,independent,8,32,9401102,80,8,640,pivoted_qr_repeated_basis,1e-10,784,1.225,9.8,True,5.449994932860136e-05,snapshot only,2.0286094217681186e-16,4.440892098500626e-16
independent_n8_T32_s9401102,independent,8,32,9401102,80,8,640,supported_group_factors,1e-10,664,1.0375,8.3,True,0.0005613999674096704,snapshot only,0.0,0.0
independent_n8_T32_s9401102,independent,8,32,9401102,80,8,640,owner_block_factors,1e-10,216,0.3375,2.7,True,0.000974800088442862,snapshot only,0.0,0.0
independent_n8_T32_s9401102,independent,8,32,9401102,80,8,640,kronecker_shared_input_basis,1e-10,664,1.0375,8.3,True,0.0005576999392360449,snapshot only,0.0,0.0
independent_n8_T32_s9401102,independent,8,32,9401102,80,8,640,immediate_support_exact_slice_plus_svd_residual,1e-10,168,0.2625,2.1,True,4.469999112188816e-05,snapshot only,0.0,0.0
independent_n8_T32_s9401102,independent,8,32,9401102,80,8,640,local_eligibility_plus_svd_residual,1e-10,168,0.2625,2.1,True,3.820005804300308e-05,snapshot only,0.0,0.0
independent_n8_T32_s9401102,independent,8,32,9401102,80,8,640,global_svd,1e-12,704,1.1,8.8,True,6.789993494749069e-05,snapshot only,1.0762321158274724e-16,2.220446049250313e-16
independent_n8_T32_s9401102,independent,8,32,9401102,80,8,640,pivoted_qr_repeated_basis,1e-12,784,1.225,9.8,True,0.00027820002287626266,snapshot only,2.0286094217681186e-16,4.440892098500626e-16
independent_n8_T32_s9401102,independent,8,32,9401102,80,8,640,supported_group_factors,1e-12,664,1.0375,8.3,True,0.0006295000202953815,snapshot only,0.0,0.0
independent_n8_T32_s9401102,independent,8,32,9401102,80,8,640,owner_block_factors,1e-12,216,0.3375,2.7,True,0.000998100033029914,snapshot only,0.0,0.0
independent_n8_T32_s9401102,independent,8,32,9401102,80,8,640,kronecker_shared_input_basis,1e-12,664,1.0375,8.3,True,0.0005629999795928597,snapshot only,0.0,0.0
independent_n8_T32_s9401102,independent,8,32,9401102,80,8,640,immediate_support_exact_slice_plus_svd_residual,1e-12,168,0.2625,2.1,True,4.6200002543628216e-05,snapshot only,0.0,0.0
independent_n8_T32_s9401102,independent,8,32,9401102,80,8,640,local_eligibility_plus_svd_residual,1e-12,168,0.2625,2.1,True,3.8899946957826614e-05,snapshot only,0.0,0.0
independent_n8_T32_s9401103,independent,8,32,9401103,80,8,640,full_matrix,1e-08,640,1.0,8.0,True,7.00005330145359e-07,online baseline,0.0,0.0
independent_n8_T32_s9401103,independent,8,32,9401103,80,8,640,coordinate_sparse,1e-08,160,0.25,2.0,True,1.4699995517730713e-05,snapshot only,0.0,0.0
independent_n8_T32_s9401103,independent,8,32,9401103,80,8,640,block_sparse_triangular,1e-08,168,0.2625,2.1,True,6.259989459067583e-05,known closed online block recurrence,0.0,0.0
independent_n8_T32_s9401103,independent,8,32,9401103,80,8,640,global_svd,1e-08,704,1.1,8.8,True,9.520002640783787e-05,snapshot only,1.333873628443033e-16,2.220446049250313e-16
independent_n8_T32_s9401103,independent,8,32,9401103,80,8,640,pivoted_qr_repeated_basis,1e-08,784,1.225,9.8,True,5.9699988923966885e-05,snapshot only,2.0738706596455669e-16,6.661338147750939e-16
independent_n8_T32_s9401103,independent,8,32,9401103,80,8,640,supported_group_factors,1e-08,664,1.0375,8.3,True,0.0005925000878050923,snapshot only,0.0,0.0
independent_n8_T32_s9401103,independent,8,32,9401103,80,8,640,owner_block_factors,1e-08,216,0.3375,2.7,True,0.0009794000070542097,snapshot only,0.0,0.0
independent_n8_T32_s9401103,independent,8,32,9401103,80,8,640,kronecker_shared_input_basis,1e-08,664,1.0375,8.3,True,0.0005655999993905425,snapshot only,0.0,0.0
independent_n8_T32_s9401103,independent,8,32,9401103,80,8,640,immediate_support_exact_slice_plus_svd_residual,1e-08,168,0.2625,2.1,True,4.7299894504249096e-05,snapshot only,0.0,0.0
independent_n8_T32_s9401103,independent,8,32,9401103,80,8,640,local_eligibility_plus_svd_residual,1e-08,168,0.2625,2.1,True,4.039995837956667e-05,snapshot only,0.0,0.0
independent_n8_T32_s9401103,independent,8,32,9401103,80,8,640,global_svd,1e-10,704,1.1,8.8,True,6.889994256198406e-05,snapshot only,1.333873628443033e-16,2.220446049250313e-16
independent_n8_T32_s9401103,independent,8,32,9401103,80,8,640,pivoted_qr_repeated_basis,1e-10,784,1.225,9.8,True,4.8200017772614956e-05,snapshot only,2.0738706596455669e-16,6.661338147750939e-16
independent_n8_T32_s9401103,independent,8,32,9401103,80,8,640,supported_group_factors,1e-10,664,1.0375,8.3,True,0.0005626999773085117,snapshot only,0.0,0.0
independent_n8_T32_s9401103,independent,8,32,9401103,80,8,640,owner_block_factors,1e-10,216,0.3375,2.7,True,0.000976799987256527,snapshot only,0.0,0.0
independent_n8_T32_s9401103,independent,8,32,9401103,80,8,640,kronecker_shared_input_basis,1e-10,664,1.0375,8.3,True,0.0005596999544650316,snapshot only,0.0,0.0
independent_n8_T32_s9401103,independent,8,32,9401103,80,8,640,immediate_support_exact_slice_plus_svd_residual,1e-10,168,0.2625,2.1,True,4.39999857917428e-05,snapshot only,0.0,0.0
independent_n8_T32_s9401103,independent,8,32,9401103,80,8,640,local_eligibility_plus_svd_residual,1e-10,168,0.2625,2.1,True,3.830005880445242e-05,snapshot only,0.0,0.0
independent_n8_T32_s9401103,independent,8,32,9401103,80,8,640,global_svd,1e-12,704,1.1,8.8,True,6.719992961734533e-05,snapshot only,1.333873628443033e-16,2.220446049250313e-16
independent_n8_T32_s9401103,independent,8,32,9401103,80,8,640,pivoted_qr_repeated_basis,1e-12,784,1.225,9.8,True,4.83999028801918e-05,snapshot only,2.0738706596455669e-16,6.661338147750939e-16
independent_n8_T32_s9401103,independent,8,32,9401103,80,8,640,supported_group_factors,1e-12,664,1.0375,8.3,True,0.0005567000480368733,snapshot only,0.0,0.0
independent_n8_T32_s9401103,independent,8,32,9401103,80,8,640,owner_block_factors,1e-12,216,0.3375,2.7,True,0.000980100012384355,snapshot only,0.0,0.0
independent_n8_T32_s9401103,independent,8,32,9401103,80,8,640,kronecker_shared_input_basis,1e-12,664,1.0375,8.3,True,0.0005620999727398157,snapshot only,0.0,0.0
independent_n8_T32_s9401103,independent,8,32,9401103,80,8,640,immediate_support_exact_slice_plus_svd_residual,1e-12,168,0.2625,2.1,True,4.7200010158121586e-05,snapshot only,0.0,0.0
independent_n8_T32_s9401103,independent,8,32,9401103,80,8,640,local_eligibility_plus_svd_residual,1e-12,168,0.2625,2.1,True,3.899994771927595e-05,snapshot only,0.0,0.0
independent_n8_T32_s9401104,independent,8,32,9401104,80,8,640,full_matrix,1e-08,640,1.0,8.0,True,9.00006853044033e-07,online baseline,0.0,0.0
independent_n8_T32_s9401104,independent,8,32,9401104,80,8,640,coordinate_sparse,1e-08,160,0.25,2.0,True,1.580000389367342e-05,snapshot only,0.0,0.0
independent_n8_T32_s9401104,independent,8,32,9401104,80,8,640,block_sparse_triangular,1e-08,168,0.2625,2.1,True,6.310001481324434e-05,known closed online block recurrence,0.0,0.0
independent_n8_T32_s9401104,independent,8,32,9401104,80,8,640,global_svd,1e-08,704,1.1,8.8,True,9.480002336204052e-05,snapshot only,1.2522579635782497e-16,2.220446049250313e-16
independent_n8_T32_s9401104,independent,8,32,9401104,80,8,640,pivoted_qr_repeated_basis,1e-08,784,1.225,9.8,True,6.390002090483904e-05,snapshot only,2.0019742055641153e-16,4.440892098500626e-16
independent_n8_T32_s9401104,independent,8,32,9401104,80,8,640,supported_group_factors,1e-08,664,1.0375,8.3,True,0.0005895999493077397,snapshot only,0.0,0.0
independent_n8_T32_s9401104,independent,8,32,9401104,80,8,640,owner_block_factors,1e-08,216,0.3375,2.7,True,0.0010013999417424202,snapshot only,0.0,0.0
independent_n8_T32_s9401104,independent,8,32,9401104,80,8,640,kronecker_shared_input_basis,1e-08,664,1.0375,8.3,True,0.0005738000618293881,snapshot only,0.0,0.0
independent_n8_T32_s9401104,independent,8,32,9401104,80,8,640,immediate_support_exact_slice_plus_svd_residual,1e-08,168,0.2625,2.1,True,4.449998959898949e-05,snapshot only,0.0,0.0
independent_n8_T32_s9401104,independent,8,32,9401104,80,8,640,local_eligibility_plus_svd_residual,1e-08,168,0.2625,2.1,True,3.850006032735109e-05,snapshot only,0.0,0.0
independent_n8_T32_s9401104,independent,8,32,9401104,80,8,640,global_svd,1e-10,704,1.1,8.8,True,6.789993494749069e-05,snapshot only,1.2522579635782497e-16,2.220446049250313e-16
independent_n8_T32_s9401104,independent,8,32,9401104,80,8,640,pivoted_qr_repeated_basis,1e-10,784,1.225,9.8,True,5.370005965232849e-05,snapshot only,2.0019742055641153e-16,4.440892098500626e-16
independent_n8_T32_s9401104,independent,8,32,9401104,80,8,640,supported_group_factors,1e-10,664,1.0375,8.3,True,0.000574599951505661,snapshot only,0.0,0.0
independent_n8_T32_s9401104,independent,8,32,9401104,80,8,640,owner_block_factors,1e-10,216,0.3375,2.7,True,0.0009899999713525176,snapshot only,0.0,0.0
independent_n8_T32_s9401104,independent,8,32,9401104,80,8,640,kronecker_shared_input_basis,1e-10,664,1.0375,8.3,True,0.0005636999849230051,snapshot only,0.0,0.0
independent_n8_T32_s9401104,independent,8,32,9401104,80,8,640,immediate_support_exact_slice_plus_svd_residual,1e-10,168,0.2625,2.1,True,4.409998655319214e-05,snapshot only,0.0,0.0
independent_n8_T32_s9401104,independent,8,32,9401104,80,8,640,local_eligibility_plus_svd_residual,1e-10,168,0.2625,2.1,True,3.9199949242174625e-05,snapshot only,0.0,0.0
independent_n8_T32_s9401104,independent,8,32,9401104,80,8,640,global_svd,1e-12,704,1.1,8.8,True,6.780005060136318e-05,snapshot only,1.2522579635782497e-16,2.220446049250313e-16
independent_n8_T32_s9401104,independent,8,32,9401104,80,8,640,pivoted_qr_repeated_basis,1e-12,784,1.225,9.8,True,5.0299917347729206e-05,snapshot only,2.0019742055641153e-16,4.440892098500626e-16
independent_n8_T32_s9401104,independent,8,32,9401104,80,8,640,supported_group_factors,1e-12,664,1.0375,8.3,True,0.0005611999658867717,snapshot only,0.0,0.0
independent_n8_T32_s9401104,independent,8,32,9401104,80,8,640,owner_block_factors,1e-12,216,0.3375,2.7,True,0.0009762999834492803,snapshot only,0.0,0.0
independent_n8_T32_s9401104,independent,8,32,9401104,80,8,640,kronecker_shared_input_basis,1e-12,664,1.0375,8.3,True,0.0005590000655502081,snapshot only,0.0,0.0
independent_n8_T32_s9401104,independent,8,32,9401104,80,8,640,immediate_support_exact_slice_plus_svd_residual,1e-12,168,0.2625,2.1,True,4.299997817724943e-05,snapshot only,0.0,0.0
independent_n8_T32_s9401104,independent,8,32,9401104,80,8,640,local_eligibility_plus_svd_residual,1e-12,168,0.2625,2.1,True,3.920006565749645e-05,snapshot only,0.0,0.0
independent_n8_T128_s9401100,independent,8,128,9401100,80,8,640,full_matrix,1e-08,640,1.0,8.0,True,1.00000761449337e-06,online baseline,0.0,0.0
independent_n8_T128_s9401100,independent,8,128,9401100,80,8,640,coordinate_sparse,1e-08,160,0.25,2.0,True,1.7000013031065464e-05,snapshot only,0.0,0.0
independent_n8_T128_s9401100,independent,8,128,9401100,80,8,640,block_sparse_triangular,1e-08,168,0.2625,2.1,True,6.320001557469368e-05,known closed online block recurrence,0.0,0.0
independent_n8_T128_s9401100,independent,8,128,9401100,80,8,640,global_svd,1e-08,704,1.1,8.8,True,0.00010089995339512825,snapshot only,1.3419680693116685e-16,2.7755575615628914e-16
independent_n8_T128_s9401100,independent,8,128,9401100,80,8,640,pivoted_qr_repeated_basis,1e-08,784,1.225,9.8,True,6.170000415295362e-05,snapshot only,1.477266603031386e-16,4.440892098500626e-16
independent_n8_T128_s9401100,independent,8,128,9401100,80,8,640,supported_group_factors,1e-08,664,1.0375,8.3,True,0.0005886999424546957,snapshot only,0.0,0.0
independent_n8_T128_s9401100,independent,8,128,9401100,80,8,640,owner_block_factors,1e-08,216,0.3375,2.7,True,0.0009852999355643988,snapshot only,0.0,0.0
independent_n8_T128_s9401100,independent,8,128,9401100,80,8,640,kronecker_shared_input_basis,1e-08,664,1.0375,8.3,True,0.0005659000016748905,snapshot only,0.0,0.0
independent_n8_T128_s9401100,independent,8,128,9401100,80,8,640,immediate_support_exact_slice_plus_svd_residual,1e-08,168,0.2625,2.1,True,4.409998655319214e-05,snapshot only,0.0,0.0
independent_n8_T128_s9401100,independent,8,128,9401100,80,8,640,local_eligibility_plus_svd_residual,1e-08,168,0.2625,2.1,True,3.929995000362396e-05,snapshot only,0.0,0.0
independent_n8_T128_s9401100,independent,8,128,9401100,80,8,640,global_svd,1e-10,704,1.1,8.8,True,6.829993799328804e-05,snapshot only,1.3419680693116685e-16,2.7755575615628914e-16
independent_n8_T128_s9401100,independent,8,128,9401100,80,8,640,pivoted_qr_repeated_basis,1e-10,784,1.225,9.8,True,4.809990059584379e-05,snapshot only,1.477266603031386e-16,4.440892098500626e-16
independent_n8_T128_s9401100,independent,8,128,9401100,80,8,640,supported_group_factors,1e-10,664,1.0375,8.3,True,0.0005612000823020935,snapshot only,0.0,0.0
independent_n8_T128_s9401100,independent,8,128,9401100,80,8,640,owner_block_factors,1e-10,216,0.3375,2.7,True,0.0009874999523162842,snapshot only,0.0,0.0
independent_n8_T128_s9401100,independent,8,128,9401100,80,8,640,kronecker_shared_input_basis,1e-10,664,1.0375,8.3,True,0.0007396999280899763,snapshot only,0.0,0.0
independent_n8_T128_s9401100,independent,8,128,9401100,80,8,640,immediate_support_exact_slice_plus_svd_residual,1e-10,168,0.2625,2.1,True,4.630000330507755e-05,snapshot only,0.0,0.0
independent_n8_T128_s9401100,independent,8,128,9401100,80,8,640,local_eligibility_plus_svd_residual,1e-10,168,0.2625,2.1,True,4.0599959902465343e-05,snapshot only,0.0,0.0
independent_n8_T128_s9401100,independent,8,128,9401100,80,8,640,global_svd,1e-12,704,1.1,8.8,True,6.999995093792677e-05,snapshot only,1.3419680693116685e-16,2.7755575615628914e-16
independent_n8_T128_s9401100,independent,8,128,9401100,80,8,640,pivoted_qr_repeated_basis,1e-12,784,1.225,9.8,True,5.100003909319639e-05,snapshot only,1.477266603031386e-16,4.440892098500626e-16
independent_n8_T128_s9401100,independent,8,128,9401100,80,8,640,supported_group_factors,1e-12,664,1.0375,8.3,True,0.0005622999742627144,snapshot only,0.0,0.0
independent_n8_T128_s9401100,independent,8,128,9401100,80,8,640,owner_block_factors,1e-12,216,0.3375,2.7,True,0.0009737000800669193,snapshot only,0.0,0.0
independent_n8_T128_s9401100,independent,8,128,9401100,80,8,640,kronecker_shared_input_basis,1e-12,664,1.0375,8.3,True,0.0005577000556513667,snapshot only,0.0,0.0
independent_n8_T128_s9401100,independent,8,128,9401100,80,8,640,immediate_support_exact_slice_plus_svd_residual,1e-12,168,0.2625,2.1,True,4.269997589290142e-05,snapshot only,0.0,0.0
independent_n8_T128_s9401100,independent,8,128,9401100,80,8,640,local_eligibility_plus_svd_residual,1e-12,168,0.2625,2.1,True,3.8899946957826614e-05,snapshot only,0.0,0.0
independent_n8_T128_s9401101,independent,8,128,9401101,80,8,640,full_matrix,1e-08,640,1.0,8.0,True,8.00006091594696e-07,online baseline,0.0,0.0
independent_n8_T128_s9401101,independent,8,128,9401101,80,8,640,coordinate_sparse,1e-08,160,0.25,2.0,True,1.4499993994832039e-05,snapshot only,0.0,0.0
independent_n8_T128_s9401101,independent,8,128,9401101,80,8,640,block_sparse_triangular,1e-08,168,0.2625,2.1,True,6.370001938194036e-05,known closed online block recurrence,0.0,0.0
independent_n8_T128_s9401101,independent,8,128,9401101,80,8,640,global_svd,1e-08,704,1.1,8.8,True,9.53000271692872e-05,snapshot only,1.208888239548827e-16,3.608224830031759e-16
independent_n8_T128_s9401101,independent,8,128,9401101,80,8,640,pivoted_qr_repeated_basis,1e-08,784,1.225,9.8,True,6.430002395063639e-05,snapshot only,1.3357240680203473e-16,4.440892098500626e-16
independent_n8_T128_s9401101,independent,8,128,9401101,80,8,640,supported_group_factors,1e-08,664,1.0375,8.3,True,0.0005899999523535371,snapshot only,0.0,0.0
independent_n8_T128_s9401101,independent,8,128,9401101,80,8,640,owner_block_factors,1e-08,216,0.3375,2.7,True,0.0009938000002875924,snapshot only,0.0,0.0
independent_n8_T128_s9401101,independent,8,128,9401101,80,8,640,kronecker_shared_input_basis,1e-08,664,1.0375,8.3,True,0.0005697000306099653,snapshot only,0.0,0.0
independent_n8_T128_s9401101,independent,8,128,9401101,80,8,640,immediate_support_exact_slice_plus_svd_residual,1e-08,168,0.2625,2.1,True,4.379998426884413e-05,snapshot only,0.0,0.0
independent_n8_T128_s9401101,independent,8,128,9401101,80,8,640,local_eligibility_plus_svd_residual,1e-08,168,0.2625,2.1,True,4.0499959141016006e-05,snapshot only,0.0,0.0
independent_n8_T128_s9401101,independent,8,128,9401101,80,8,640,global_svd,1e-10,704,1.1,8.8,True,7.16999638825655e-05,snapshot only,1.208888239548827e-16,3.608224830031759e-16
independent_n8_T128_s9401101,independent,8,128,9401101,80,8,640,pivoted_qr_repeated_basis,1e-10,784,1.225,9.8,True,0.00013930001296103,snapshot only,1.3357240680203473e-16,4.440892098500626e-16
independent_n8_T128_s9401101,independent,8,128,9401101,80,8,640,supported_group_factors,1e-10,664,1.0375,8.3,True,0.0006040999433025718,snapshot only,0.0,0.0
independent_n8_T128_s9401101,independent,8,128,9401101,80,8,640,owner_block_factors,1e-10,216,0.3375,2.7,True,0.0009954000124707818,snapshot only,0.0,0.0
independent_n8_T128_s9401101,independent,8,128,9401101,80,8,640,kronecker_shared_input_basis,1e-10,664,1.0375,8.3,True,0.0005636999849230051,snapshot only,0.0,0.0
independent_n8_T128_s9401101,independent,8,128,9401101,80,8,640,immediate_support_exact_slice_plus_svd_residual,1e-10,168,0.2625,2.1,True,4.4599990360438824e-05,snapshot only,0.0,0.0
independent_n8_T128_s9401101,independent,8,128,9401101,80,8,640,local_eligibility_plus_svd_residual,1e-10,168,0.2625,2.1,True,3.820005804300308e-05,snapshot only,0.0,0.0
independent_n8_T128_s9401101,independent,8,128,9401101,80,8,640,global_svd,1e-12,704,1.1,8.8,True,6.739993114024401e-05,snapshot only,1.208888239548827e-16,3.608224830031759e-16
independent_n8_T128_s9401101,independent,8,128,9401101,80,8,640,pivoted_qr_repeated_basis,1e-12,784,1.225,9.8,True,5.010003224015236e-05,snapshot only,1.3357240680203473e-16,4.440892098500626e-16
independent_n8_T128_s9401101,independent,8,128,9401101,80,8,640,supported_group_factors,1e-12,664,1.0375,8.3,True,0.0005499999970197678,snapshot only,0.0,0.0
independent_n8_T128_s9401101,independent,8,128,9401101,80,8,640,owner_block_factors,1e-12,216,0.3375,2.7,True,0.0009723000694066286,snapshot only,0.0,0.0
independent_n8_T128_s9401101,independent,8,128,9401101,80,8,640,kronecker_shared_input_basis,1e-12,664,1.0375,8.3,True,0.0005578999407589436,snapshot only,0.0,0.0
independent_n8_T128_s9401101,independent,8,128,9401101,80,8,640,immediate_support_exact_slice_plus_svd_residual,1e-12,168,0.2625,2.1,True,4.3199979700148106e-05,snapshot only,0.0,0.0
independent_n8_T128_s9401101,independent,8,128,9401101,80,8,640,local_eligibility_plus_svd_residual,1e-12,168,0.2625,2.1,True,3.899994771927595e-05,snapshot only,0.0,0.0
independent_n8_T128_s9401102,independent,8,128,9401102,80,8,640,full_matrix,1e-08,640,1.0,8.0,True,1.400010660290718e-06,online baseline,0.0,0.0
independent_n8_T128_s9401102,independent,8,128,9401102,80,8,640,coordinate_sparse,1e-08,160,0.25,2.0,True,1.780001912266016e-05,snapshot only,0.0,0.0
independent_n8_T128_s9401102,independent,8,128,9401102,80,8,640,block_sparse_triangular,1e-08,168,0.2625,2.1,True,6.399990525096655e-05,known closed online block recurrence,0.0,0.0
independent_n8_T128_s9401102,independent,8,128,9401102,80,8,640,global_svd,1e-08,704,1.1,8.8,True,0.00010109995491802692,snapshot only,1.127616899307263e-16,2.220446049250313e-16
independent_n8_T128_s9401102,independent,8,128,9401102,80,8,640,pivoted_qr_repeated_basis,1e-08,784,1.225,9.8,True,6.260001100599766e-05,snapshot only,1.320572500218393e-16,4.440892098500626e-16
independent_n8_T128_s9401102,independent,8,128,9401102,80,8,640,supported_group_factors,1e-08,664,1.0375,8.3,True,0.0005954001098871231,snapshot only,0.0,0.0
independent_n8_T128_s9401102,independent,8,128,9401102,80,8,640,owner_block_factors,1e-08,216,0.3375,2.7,True,0.0009868999477475882,snapshot only,0.0,0.0
independent_n8_T128_s9401102,independent,8,128,9401102,80,8,640,kronecker_shared_input_basis,1e-08,664,1.0375,8.3,True,0.0005828000139445066,snapshot only,0.0,0.0
independent_n8_T128_s9401102,independent,8,128,9401102,80,8,640,immediate_support_exact_slice_plus_svd_residual,1e-08,168,0.2625,2.1,True,4.4599990360438824e-05,snapshot only,0.0,0.0
independent_n8_T128_s9401102,independent,8,128,9401102,80,8,640,local_eligibility_plus_svd_residual,1e-08,168,0.2625,2.1,True,3.8100057281553745e-05,snapshot only,0.0,0.0
independent_n8_T128_s9401102,independent,8,128,9401102,80,8,640,global_svd,1e-10,704,1.1,8.8,True,6.879994180053473e-05,snapshot only,1.127616899307263e-16,2.220446049250313e-16
independent_n8_T128_s9401102,independent,8,128,9401102,80,8,640,pivoted_qr_repeated_basis,1e-10,784,1.225,9.8,True,4.930002614855766e-05,snapshot only,1.320572500218393e-16,4.440892098500626e-16
independent_n8_T128_s9401102,independent,8,128,9401102,80,8,640,supported_group_factors,1e-10,664,1.0375,8.3,True,0.0005637999856844544,snapshot only,0.0,0.0
independent_n8_T128_s9401102,independent,8,128,9401102,80,8,640,owner_block_factors,1e-10,216,0.3375,2.7,True,0.0009774999925866723,snapshot only,0.0,0.0
independent_n8_T128_s9401102,independent,8,128,9401102,80,8,640,kronecker_shared_input_basis,1e-10,664,1.0375,8.3,True,0.000556300044991076,snapshot only,0.0,0.0
independent_n8_T128_s9401102,independent,8,128,9401102,80,8,640,immediate_support_exact_slice_plus_svd_residual,1e-10,168,0.2625,2.1,True,4.299997817724943e-05,snapshot only,0.0,0.0
independent_n8_T128_s9401102,independent,8,128,9401102,80,8,640,local_eligibility_plus_svd_residual,1e-10,168,0.2625,2.1,True,3.779993858188391e-05,snapshot only,0.0,0.0
independent_n8_T128_s9401102,independent,8,128,9401102,80,8,640,global_svd,1e-12,704,1.1,8.8,True,6.790005136281252e-05,snapshot only,1.127616899307263e-16,2.220446049250313e-16
independent_n8_T128_s9401102,independent,8,128,9401102,80,8,640,pivoted_qr_repeated_basis,1e-12,784,1.225,9.8,True,4.75000124424696e-05,snapshot only,1.320572500218393e-16,4.440892098500626e-16
independent_n8_T128_s9401102,independent,8,128,9401102,80,8,640,supported_group_factors,1e-12,664,1.0375,8.3,True,0.0005635000998154283,snapshot only,0.0,0.0
independent_n8_T128_s9401102,independent,8,128,9401102,80,8,640,owner_block_factors,1e-12,216,0.3375,2.7,True,0.000963500002399087,snapshot only,0.0,0.0
independent_n8_T128_s9401102,independent,8,128,9401102,80,8,640,kronecker_shared_input_basis,1e-12,664,1.0375,8.3,True,0.0005638001020997763,snapshot only,0.0,0.0
independent_n8_T128_s9401102,independent,8,128,9401102,80,8,640,immediate_support_exact_slice_plus_svd_residual,1e-12,168,0.2625,2.1,True,5.050003528594971e-05,snapshot only,0.0,0.0
independent_n8_T128_s9401102,independent,8,128,9401102,80,8,640,local_eligibility_plus_svd_residual,1e-12,168,0.2625,2.1,True,4.1199964471161366e-05,snapshot only,0.0,0.0
independent_n8_T128_s9401103,independent,8,128,9401103,80,8,640,full_matrix,1e-08,640,1.0,8.0,True,7.00005330145359e-07,online baseline,0.0,0.0
independent_n8_T128_s9401103,independent,8,128,9401103,80,8,640,coordinate_sparse,1e-08,160,0.25,2.0,True,1.4499993994832039e-05,snapshot only,0.0,0.0
independent_n8_T128_s9401103,independent,8,128,9401103,80,8,640,block_sparse_triangular,1e-08,168,0.2625,2.1,True,6.290001329034567e-05,known closed online block recurrence,0.0,0.0
independent_n8_T128_s9401103,independent,8,128,9401103,80,8,640,global_svd,1e-08,704,1.1,8.8,True,9.69000393524766e-05,snapshot only,1.4231280540005513e-16,2.220446049250313e-16
independent_n8_T128_s9401103,independent,8,128,9401103,80,8,640,pivoted_qr_repeated_basis,1e-08,784,1.225,9.8,True,6.240000948309898e-05,snapshot only,0.0,0.0
independent_n8_T128_s9401103,independent,8,128,9401103,80,8,640,supported_group_factors,1e-08,664,1.0375,8.3,True,0.0005955999949947,snapshot only,0.0,0.0
independent_n8_T128_s9401103,independent,8,128,9401103,80,8,640,owner_block_factors,1e-08,216,0.3375,2.7,True,0.0012458000564947724,snapshot only,0.0,0.0
independent_n8_T128_s9401103,independent,8,128,9401103,80,8,640,kronecker_shared_input_basis,1e-08,664,1.0375,8.3,True,0.0006367999594658613,snapshot only,0.0,0.0
independent_n8_T128_s9401103,independent,8,128,9401103,80,8,640,immediate_support_exact_slice_plus_svd_residual,1e-08,168,0.2625,2.1,True,4.700000863522291e-05,snapshot only,0.0,0.0
independent_n8_T128_s9401103,independent,8,128,9401103,80,8,640,local_eligibility_plus_svd_residual,1e-08,168,0.2625,2.1,True,3.879994619637728e-05,snapshot only,0.0,0.0
independent_n8_T128_s9401103,independent,8,128,9401103,80,8,640,global_svd,1e-10,704,1.1,8.8,True,6.830005440860987e-05,snapshot only,1.4231280540005513e-16,2.220446049250313e-16
independent_n8_T128_s9401103,independent,8,128,9401103,80,8,640,pivoted_qr_repeated_basis,1e-10,784,1.225,9.8,True,5.209993105381727e-05,snapshot only,0.0,0.0
independent_n8_T128_s9401103,independent,8,128,9401103,80,8,640,supported_group_factors,1e-10,664,1.0375,8.3,True,0.0005683000199496746,snapshot only,0.0,0.0
independent_n8_T128_s9401103,independent,8,128,9401103,80,8,640,owner_block_factors,1e-10,216,0.3375,2.7,True,0.000974500086158514,snapshot only,0.0,0.0
independent_n8_T128_s9401103,independent,8,128,9401103,80,8,640,kronecker_shared_input_basis,1e-10,664,1.0375,8.3,True,0.0005662000039592385,snapshot only,0.0,0.0
independent_n8_T128_s9401103,independent,8,128,9401103,80,8,640,immediate_support_exact_slice_plus_svd_residual,1e-10,168,0.2625,2.1,True,4.449998959898949e-05,snapshot only,0.0,0.0
independent_n8_T128_s9401103,independent,8,128,9401103,80,8,640,local_eligibility_plus_svd_residual,1e-10,168,0.2625,2.1,True,3.920006565749645e-05,snapshot only,0.0,0.0
independent_n8_T128_s9401103,independent,8,128,9401103,80,8,640,global_svd,1e-12,704,1.1,8.8,True,6.909994408488274e-05,snapshot only,1.4231280540005513e-16,2.220446049250313e-16
independent_n8_T128_s9401103,independent,8,128,9401103,80,8,640,pivoted_qr_repeated_basis,1e-12,784,1.225,9.8,True,5.030003376305103e-05,snapshot only,0.0,0.0
independent_n8_T128_s9401103,independent,8,128,9401103,80,8,640,supported_group_factors,1e-12,664,1.0375,8.3,True,0.0005670000100508332,snapshot only,0.0,0.0
independent_n8_T128_s9401103,independent,8,128,9401103,80,8,640,owner_block_factors,1e-12,216,0.3375,2.7,True,0.0009758999804034829,snapshot only,0.0,0.0
independent_n8_T128_s9401103,independent,8,128,9401103,80,8,640,kronecker_shared_input_basis,1e-12,664,1.0375,8.3,True,0.0005592000670731068,snapshot only,0.0,0.0
independent_n8_T128_s9401103,independent,8,128,9401103,80,8,640,immediate_support_exact_slice_plus_svd_residual,1e-12,168,0.2625,2.1,True,4.370009992271662e-05,snapshot only,0.0,0.0
independent_n8_T128_s9401103,independent,8,128,9401103,80,8,640,local_eligibility_plus_svd_residual,1e-12,168,0.2625,2.1,True,3.8400059565901756e-05,snapshot only,0.0,0.0
independent_n8_T128_s9401104,independent,8,128,9401104,80,8,640,full_matrix,1e-08,640,1.0,8.0,True,7.00005330145359e-07,online baseline,0.0,0.0
independent_n8_T128_s9401104,independent,8,128,9401104,80,8,640,coordinate_sparse,1e-08,160,0.25,2.0,True,1.6000005416572094e-05,snapshot only,0.0,0.0
independent_n8_T128_s9401104,independent,8,128,9401104,80,8,640,block_sparse_triangular,1e-08,168,0.2625,2.1,True,6.440002471208572e-05,known closed online block recurrence,0.0,0.0
independent_n8_T128_s9401104,independent,8,128,9401104,80,8,640,global_svd,1e-08,704,1.1,8.8,True,9.85999358817935e-05,snapshot only,1.6259036961426484e-16,2.7755575615628914e-16
independent_n8_T128_s9401104,independent,8,128,9401104,80,8,640,pivoted_qr_repeated_basis,1e-08,784,1.225,9.8,True,6.459990981966257e-05,snapshot only,1.3976559332573816e-16,4.440892098500626e-16
independent_n8_T128_s9401104,independent,8,128,9401104,80,8,640,supported_group_factors,1e-08,664,1.0375,8.3,True,0.0006010000361129642,snapshot only,0.0,0.0
independent_n8_T128_s9401104,independent,8,128,9401104,80,8,640,owner_block_factors,1e-08,216,0.3375,2.7,True,0.0009917999850586057,snapshot only,0.0,0.0
independent_n8_T128_s9401104,independent,8,128,9401104,80,8,640,kronecker_shared_input_basis,1e-08,664,1.0375,8.3,True,0.0005957999965175986,snapshot only,0.0,0.0
independent_n8_T128_s9401104,independent,8,128,9401104,80,8,640,immediate_support_exact_slice_plus_svd_residual,1e-08,168,0.2625,2.1,True,4.770001396536827e-05,snapshot only,0.0,0.0
independent_n8_T128_s9401104,independent,8,128,9401104,80,8,640,local_eligibility_plus_svd_residual,1e-08,168,0.2625,2.1,True,3.9800070226192474e-05,snapshot only,0.0,0.0
independent_n8_T128_s9401104,independent,8,128,9401104,80,8,640,global_svd,1e-10,704,1.1,8.8,True,6.930006202310324e-05,snapshot only,1.6259036961426484e-16,2.7755575615628914e-16
independent_n8_T128_s9401104,independent,8,128,9401104,80,8,640,pivoted_qr_repeated_basis,1e-10,784,1.225,9.8,True,5.110003985464573e-05,snapshot only,1.3976559332573816e-16,4.440892098500626e-16
independent_n8_T128_s9401104,independent,8,128,9401104,80,8,640,supported_group_factors,1e-10,664,1.0375,8.3,True,0.0006036000559106469,snapshot only,0.0,0.0
independent_n8_T128_s9401104,independent,8,128,9401104,80,8,640,owner_block_factors,1e-10,216,0.3375,2.7,True,0.0009987999219447374,snapshot only,0.0,0.0
independent_n8_T128_s9401104,independent,8,128,9401104,80,8,640,kronecker_shared_input_basis,1e-10,664,1.0375,8.3,True,0.0005695000290870667,snapshot only,0.0,0.0
independent_n8_T128_s9401104,independent,8,128,9401104,80,8,640,immediate_support_exact_slice_plus_svd_residual,1e-10,168,0.2625,2.1,True,4.6200002543628216e-05,snapshot only,0.0,0.0
independent_n8_T128_s9401104,independent,8,128,9401104,80,8,640,local_eligibility_plus_svd_residual,1e-10,168,0.2625,2.1,True,3.93999507650733e-05,snapshot only,0.0,0.0
independent_n8_T128_s9401104,independent,8,128,9401104,80,8,640,global_svd,1e-12,704,1.1,8.8,True,6.870005745440722e-05,snapshot only,1.6259036961426484e-16,2.7755575615628914e-16
independent_n8_T128_s9401104,independent,8,128,9401104,80,8,640,pivoted_qr_repeated_basis,1e-12,784,1.225,9.8,True,4.859990440309048e-05,snapshot only,1.3976559332573816e-16,4.440892098500626e-16
independent_n8_T128_s9401104,independent,8,128,9401104,80,8,640,supported_group_factors,1e-12,664,1.0375,8.3,True,0.0005654999986290932,snapshot only,0.0,0.0
independent_n8_T128_s9401104,independent,8,128,9401104,80,8,640,owner_block_factors,1e-12,216,0.3375,2.7,True,0.00098359992261976,snapshot only,0.0,0.0
independent_n8_T128_s9401104,independent,8,128,9401104,80,8,640,kronecker_shared_input_basis,1e-12,664,1.0375,8.3,True,0.0005667000077664852,snapshot only,0.0,0.0
independent_n8_T128_s9401104,independent,8,128,9401104,80,8,640,immediate_support_exact_slice_plus_svd_residual,1e-12,168,0.2625,2.1,True,4.469999112188816e-05,snapshot only,0.0,0.0
independent_n8_T128_s9401104,independent,8,128,9401104,80,8,640,local_eligibility_plus_svd_residual,1e-12,168,0.2625,2.1,True,3.8400059565901756e-05,snapshot only,0.0,0.0
independent_n16_T32_s9401100,independent,16,32,9401100,288,16,4608,full_matrix,1e-08,4608,1.0,16.0,True,7.00005330145359e-07,online baseline,0.0,0.0
independent_n16_T32_s9401100,independent,16,32,9401100,288,16,4608,coordinate_sparse,1e-08,576,0.125,2.0,True,1.9000028260052204e-05,snapshot only,0.0,0.0
independent_n16_T32_s9401100,independent,16,32,9401100,288,16,4608,block_sparse_triangular,1e-08,592,0.1284722222222222,2.0555555555555554,True,0.0001230000052601099,known closed online block recurrence,0.0,0.0
independent_n16_T32_s9401100,independent,16,32,9401100,288,16,4608,global_svd,1e-08,4864,1.0555555555555556,16.88888888888889,True,0.000228599994443357,snapshot only,1.0616751427299188e-16,2.220446049250313e-16
independent_n16_T32_s9401100,independent,16,32,9401100,288,16,4608,pivoted_qr_repeated_basis,1e-08,5152,1.1180555555555556,17.88888888888889,True,0.00010819989256560802,snapshot only,1.8505403263233384e-16,4.440892098500626e-16
independent_n16_T32_s9401100,independent,16,32,9401100,288,16,4608,supported_group_factors,1e-08,4656,1.0104166666666667,16.166666666666668,True,0.001475699944421649,snapshot only,0.0,0.0
independent_n16_T32_s9401100,independent,16,32,9401100,288,16,4608,owner_block_factors,1e-08,816,0.17708333333333334,2.8333333333333335,True,0.0022926999954506755,snapshot only,0.0,0.0
independent_n16_T32_s9401100,independent,16,32,9401100,288,16,4608,kronecker_shared_input_basis,1e-08,4096,0.8888888888888888,14.222222222222221,True,0.0015221999492496252,snapshot only,1.872657704213312e-09,3.6150149262947906e-09
independent_n16_T32_s9401100,independent,16,32,9401100,288,16,4608,immediate_support_exact_slice_plus_svd_residual,1e-08,592,0.1284722222222222,2.0555555555555554,True,7.739989086985588e-05,snapshot only,0.0,0.0
independent_n16_T32_s9401100,independent,16,32,9401100,288,16,4608,local_eligibility_plus_svd_residual,1e-08,592,0.1284722222222222,2.0555555555555554,True,0.00014979997649788857,snapshot only,0.0,0.0
independent_n16_T32_s9401100,independent,16,32,9401100,288,16,4608,global_svd,1e-10,4864,1.0555555555555556,16.88888888888889,True,0.0001895000459626317,snapshot only,1.0616751427299188e-16,2.220446049250313e-16
independent_n16_T32_s9401100,independent,16,32,9401100,288,16,4608,pivoted_qr_repeated_basis,1e-10,5152,1.1180555555555556,17.88888888888889,True,0.00010109995491802692,snapshot only,1.8505403263233384e-16,4.440892098500626e-16
independent_n16_T32_s9401100,independent,16,32,9401100,288,16,4608,supported_group_factors,1e-10,4656,1.0104166666666667,16.166666666666668,True,0.001588999992236495,snapshot only,0.0,0.0
independent_n16_T32_s9401100,independent,16,32,9401100,288,16,4608,owner_block_factors,1e-10,816,0.17708333333333334,2.8333333333333335,True,0.002308499999344349,snapshot only,0.0,0.0
independent_n16_T32_s9401100,independent,16,32,9401100,288,16,4608,kronecker_shared_input_basis,1e-10,4640,1.0069444444444444,16.11111111111111,True,0.0014767000684514642,snapshot only,8.288859776567068e-12,1.688782447217818e-11
independent_n16_T32_s9401100,independent,16,32,9401100,288,16,4608,immediate_support_exact_slice_plus_svd_residual,1e-10,592,0.1284722222222222,2.0555555555555554,True,7.890001870691776e-05,snapshot only,0.0,0.0
independent_n16_T32_s9401100,independent,16,32,9401100,288,16,4608,local_eligibility_plus_svd_residual,1e-10,592,0.1284722222222222,2.0555555555555554,True,7.059995550662279e-05,snapshot only,0.0,0.0
independent_n16_T32_s9401100,independent,16,32,9401100,288,16,4608,global_svd,1e-12,4864,1.0555555555555556,16.88888888888889,True,0.00015040009748190641,snapshot only,1.0616751427299188e-16,2.220446049250313e-16
independent_n16_T32_s9401100,independent,16,32,9401100,288,16,4608,pivoted_qr_repeated_basis,1e-12,5152,1.1180555555555556,17.88888888888889,True,9.159999899566174e-05,snapshot only,1.8505403263233384e-16,4.440892098500626e-16
independent_n16_T32_s9401100,independent,16,32,9401100,288,16,4608,supported_group_factors,1e-12,4656,1.0104166666666667,16.166666666666668,True,0.0014115999219939113,snapshot only,0.0,0.0
independent_n16_T32_s9401100,independent,16,32,9401100,288,16,4608,owner_block_factors,1e-12,816,0.17708333333333334,2.8333333333333335,True,0.002315400051884353,snapshot only,0.0,0.0
independent_n16_T32_s9401100,independent,16,32,9401100,288,16,4608,kronecker_shared_input_basis,1e-12,4656,1.0104166666666667,16.166666666666668,True,0.0014269999228417873,snapshot only,0.0,0.0
independent_n16_T32_s9401100,independent,16,32,9401100,288,16,4608,immediate_support_exact_slice_plus_svd_residual,1e-12,592,0.1284722222222222,2.0555555555555554,True,8.579995483160019e-05,snapshot only,0.0,0.0
independent_n16_T32_s9401100,independent,16,32,9401100,288,16,4608,local_eligibility_plus_svd_residual,1e-12,592,0.1284722222222222,2.0555555555555554,True,7.209996692836285e-05,snapshot only,0.0,0.0
independent_n16_T32_s9401101,independent,16,32,9401101,288,16,4608,full_matrix,1e-08,4608,1.0,16.0,True,9.00006853044033e-07,online baseline,0.0,0.0
independent_n16_T32_s9401101,independent,16,32,9401101,288,16,4608,coordinate_sparse,1e-08,576,0.125,2.0,True,1.9999919459223747e-05,snapshot only,0.0,0.0
independent_n16_T32_s9401101,independent,16,32,9401101,288,16,4608,block_sparse_triangular,1e-08,592,0.1284722222222222,2.0555555555555554,True,0.00012420001439750195,known closed online block recurrence,0.0,0.0
independent_n16_T32_s9401101,independent,16,32,9401101,288,16,4608,global_svd,1e-08,4864,1.0555555555555556,16.88888888888889,True,0.00020969996694475412,snapshot only,1.0956095064715382e-16,2.2898349882893854e-16
independent_n16_T32_s9401101,independent,16,32,9401101,288,16,4608,pivoted_qr_repeated_basis,1e-08,5152,1.1180555555555556,17.88888888888889,True,0.00010810000821948051,snapshot only,1.5775675672816566e-16,4.440892098500626e-16
independent_n16_T32_s9401101,independent,16,32,9401101,288,16,4608,supported_group_factors,1e-08,4656,1.0104166666666667,16.166666666666668,True,0.0014476000797003508,snapshot only,0.0,0.0
independent_n16_T32_s9401101,independent,16,32,9401101,288,16,4608,owner_block_factors,1e-08,816,0.17708333333333334,2.8333333333333335,True,0.0023204999743029475,snapshot only,0.0,0.0
independent_n16_T32_s9401101,independent,16,32,9401101,288,16,4608,kronecker_shared_input_basis,1e-08,3824,0.8298611111111112,13.277777777777779,True,0.0014667999930679798,snapshot only,4.026999220138686e-09,5.486966353496214e-09
independent_n16_T32_s9401101,independent,16,32,9401101,288,16,4608,immediate_support_exact_slice_plus_svd_residual,1e-08,592,0.1284722222222222,2.0555555555555554,True,8.36000544950366e-05,snapshot only,0.0,0.0
independent_n16_T32_s9401101,independent,16,32,9401101,288,16,4608,local_eligibility_plus_svd_residual,1e-08,592,0.1284722222222222,2.0555555555555554,True,6.859994027763605e-05,snapshot only,0.0,0.0
independent_n16_T32_s9401101,independent,16,32,9401101,288,16,4608,global_svd,1e-10,4864,1.0555555555555556,16.88888888888889,True,0.0001452999422326684,snapshot only,1.0956095064715382e-16,2.2898349882893854e-16
independent_n16_T32_s9401101,independent,16,32,9401101,288,16,4608,pivoted_qr_repeated_basis,1e-10,5152,1.1180555555555556,17.88888888888889,True,9.520002640783787e-05,snapshot only,1.5775675672816566e-16,4.440892098500626e-16
independent_n16_T32_s9401101,independent,16,32,9401101,288,16,4608,supported_group_factors,1e-10,4656,1.0104166666666667,16.166666666666668,True,0.0014009999576956034,snapshot only,0.0,0.0
independent_n16_T32_s9401101,independent,16,32,9401101,288,16,4608,owner_block_factors,1e-10,816,0.17708333333333334,2.8333333333333335,True,0.0027438000543043017,snapshot only,0.0,0.0
independent_n16_T32_s9401101,independent,16,32,9401101,288,16,4608,kronecker_shared_input_basis,1e-10,4656,1.0104166666666667,16.166666666666668,True,0.0014956999802961946,snapshot only,0.0,0.0
independent_n16_T32_s9401101,independent,16,32,9401101,288,16,4608,immediate_support_exact_slice_plus_svd_residual,1e-10,592,0.1284722222222222,2.0555555555555554,True,7.700000423938036e-05,snapshot only,0.0,0.0
independent_n16_T32_s9401101,independent,16,32,9401101,288,16,4608,local_eligibility_plus_svd_residual,1e-10,592,0.1284722222222222,2.0555555555555554,True,6.680004298686981e-05,snapshot only,0.0,0.0
independent_n16_T32_s9401101,independent,16,32,9401101,288,16,4608,global_svd,1e-12,4864,1.0555555555555556,16.88888888888889,True,0.00014540005940943956,snapshot only,1.0956095064715382e-16,2.2898349882893854e-16
independent_n16_T32_s9401101,independent,16,32,9401101,288,16,4608,pivoted_qr_repeated_basis,1e-12,5152,1.1180555555555556,17.88888888888889,True,8.760008495301008e-05,snapshot only,1.5775675672816566e-16,4.440892098500626e-16
independent_n16_T32_s9401101,independent,16,32,9401101,288,16,4608,supported_group_factors,1e-12,4656,1.0104166666666667,16.166666666666668,True,0.0013914998853579164,snapshot only,0.0,0.0
independent_n16_T32_s9401101,independent,16,32,9401101,288,16,4608,owner_block_factors,1e-12,816,0.17708333333333334,2.8333333333333335,True,0.0022742999717593193,snapshot only,0.0,0.0
independent_n16_T32_s9401101,independent,16,32,9401101,288,16,4608,kronecker_shared_input_basis,1e-12,4656,1.0104166666666667,16.166666666666668,True,0.0014594999374821782,snapshot only,0.0,0.0
independent_n16_T32_s9401101,independent,16,32,9401101,288,16,4608,immediate_support_exact_slice_plus_svd_residual,1e-12,592,0.1284722222222222,2.0555555555555554,True,7.459998596459627e-05,snapshot only,0.0,0.0
independent_n16_T32_s9401101,independent,16,32,9401101,288,16,4608,local_eligibility_plus_svd_residual,1e-12,592,0.1284722222222222,2.0555555555555554,True,6.54000323265791e-05,snapshot only,0.0,0.0
independent_n16_T32_s9401102,independent,16,32,9401102,288,16,4608,full_matrix,1e-08,4608,1.0,16.0,True,7.00005330145359e-07,online baseline,0.0,0.0
independent_n16_T32_s9401102,independent,16,32,9401102,288,16,4608,coordinate_sparse,1e-08,576,0.125,2.0,True,1.610000617802143e-05,snapshot only,0.0,0.0
independent_n16_T32_s9401102,independent,16,32,9401102,288,16,4608,block_sparse_triangular,1e-08,592,0.1284722222222222,2.0555555555555554,True,0.0001230000052601099,known closed online block recurrence,0.0,0.0
independent_n16_T32_s9401102,independent,16,32,9401102,288,16,4608,global_svd,1e-08,4864,1.0555555555555556,16.88888888888889,True,0.00018309999722987413,snapshot only,1.482717042650698e-16,3.469446951953614e-16
independent_n16_T32_s9401102,independent,16,32,9401102,288,16,4608,pivoted_qr_repeated_basis,1e-08,5152,1.1180555555555556,17.88888888888889,True,9.590003173798323e-05,snapshot only,1.0197870701224801e-16,4.440892098500626e-16
independent_n16_T32_s9401102,independent,16,32,9401102,288,16,4608,supported_group_factors,1e-08,4656,1.0104166666666667,16.166666666666668,True,0.0014139000559225678,snapshot only,0.0,0.0
independent_n16_T32_s9401102,independent,16,32,9401102,288,16,4608,owner_block_factors,1e-08,816,0.17708333333333334,2.8333333333333335,True,0.002772300038486719,snapshot only,0.0,0.0
independent_n16_T32_s9401102,independent,16,32,9401102,288,16,4608,kronecker_shared_input_basis,1e-08,4096,0.8888888888888888,14.222222222222221,True,0.0018276000628247857,snapshot only,9.313292336808e-10,1.8435201316890915e-09
independent_n16_T32_s9401102,independent,16,32,9401102,288,16,4608,immediate_support_exact_slice_plus_svd_residual,1e-08,592,0.1284722222222222,2.0555555555555554,True,7.360009476542473e-05,snapshot only,0.0,0.0
independent_n16_T32_s9401102,independent,16,32,9401102,288,16,4608,local_eligibility_plus_svd_residual,1e-08,592,0.1284722222222222,2.0555555555555554,True,6.930006202310324e-05,snapshot only,0.0,0.0
independent_n16_T32_s9401102,independent,16,32,9401102,288,16,4608,global_svd,1e-10,4864,1.0555555555555556,16.88888888888889,True,0.000143399927765131,snapshot only,1.482717042650698e-16,3.469446951953614e-16
independent_n16_T32_s9401102,independent,16,32,9401102,288,16,4608,pivoted_qr_repeated_basis,1e-10,5152,1.1180555555555556,17.88888888888889,True,8.749996777623892e-05,snapshot only,1.0197870701224801e-16,4.440892098500626e-16
independent_n16_T32_s9401102,independent,16,32,9401102,288,16,4608,supported_group_factors,1e-10,4656,1.0104166666666667,16.166666666666668,True,0.0014024999691173434,snapshot only,0.0,0.0
independent_n16_T32_s9401102,independent,16,32,9401102,288,16,4608,owner_block_factors,1e-10,816,0.17708333333333334,2.8333333333333335,True,0.0026446999981999397,snapshot only,0.0,0.0
independent_n16_T32_s9401102,independent,16,32,9401102,288,16,4608,kronecker_shared_input_basis,1e-10,4640,1.0069444444444444,16.11111111111111,True,0.0014544000150635839,snapshot only,1.3483838592043262e-11,2.962166623099449e-11
independent_n16_T32_s9401102,independent,16,32,9401102,288,16,4608,immediate_support_exact_slice_plus_svd_residual,1e-10,592,0.1284722222222222,2.0555555555555554,True,7.399998139590025e-05,snapshot only,0.0,0.0
independent_n16_T32_s9401102,independent,16,32,9401102,288,16,4608,local_eligibility_plus_svd_residual,1e-10,592,0.1284722222222222,2.0555555555555554,True,6.750004831701517e-05,snapshot only,0.0,0.0
independent_n16_T32_s9401102,independent,16,32,9401102,288,16,4608,global_svd,1e-12,4864,1.0555555555555556,16.88888888888889,True,0.0001463000662624836,snapshot only,1.482717042650698e-16,3.469446951953614e-16
independent_n16_T32_s9401102,independent,16,32,9401102,288,16,4608,pivoted_qr_repeated_basis,1e-12,5152,1.1180555555555556,17.88888888888889,True,8.709996473044157e-05,snapshot only,1.0197870701224801e-16,4.440892098500626e-16
independent_n16_T32_s9401102,independent,16,32,9401102,288,16,4608,supported_group_factors,1e-12,4656,1.0104166666666667,16.166666666666668,True,0.0013957999181002378,snapshot only,0.0,0.0
independent_n16_T32_s9401102,independent,16,32,9401102,288,16,4608,owner_block_factors,1e-12,816,0.17708333333333334,2.8333333333333335,True,0.0029787999810650945,snapshot only,0.0,0.0
independent_n16_T32_s9401102,independent,16,32,9401102,288,16,4608,kronecker_shared_input_basis,1e-12,4656,1.0104166666666667,16.166666666666668,True,0.0014559999108314514,snapshot only,0.0,0.0
independent_n16_T32_s9401102,independent,16,32,9401102,288,16,4608,immediate_support_exact_slice_plus_svd_residual,1e-12,592,0.1284722222222222,2.0555555555555554,True,7.529999129474163e-05,snapshot only,0.0,0.0
independent_n16_T32_s9401102,independent,16,32,9401102,288,16,4608,local_eligibility_plus_svd_residual,1e-12,592,0.1284722222222222,2.0555555555555554,True,6.530003156512976e-05,snapshot only,0.0,0.0
independent_n16_T32_s9401103,independent,16,32,9401103,288,16,4608,full_matrix,1e-08,4608,1.0,16.0,True,6.00004568696022e-07,online baseline,0.0,0.0
independent_n16_T32_s9401103,independent,16,32,9401103,288,16,4608,coordinate_sparse,1e-08,576,0.125,2.0,True,2.050003968179226e-05,snapshot only,0.0,0.0
independent_n16_T32_s9401103,independent,16,32,9401103,288,16,4608,block_sparse_triangular,1e-08,592,0.1284722222222222,2.0555555555555554,True,0.00012089998926967382,known closed online block recurrence,0.0,0.0
independent_n16_T32_s9401103,independent,16,32,9401103,288,16,4608,global_svd,1e-08,4864,1.0555555555555556,16.88888888888889,True,0.0002199000446125865,snapshot only,1.2925911758128962e-16,2.7755575615628914e-16
independent_n16_T32_s9401103,independent,16,32,9401103,288,16,4608,pivoted_qr_repeated_basis,1e-08,5152,1.1180555555555556,17.88888888888889,True,0.00010069995187222958,snapshot only,1.8778203572400973e-16,6.661338147750939e-16
independent_n16_T32_s9401103,independent,16,32,9401103,288,16,4608,supported_group_factors,1e-08,4656,1.0104166666666667,16.166666666666668,True,0.0014296999434009194,snapshot only,0.0,0.0
independent_n16_T32_s9401103,independent,16,32,9401103,288,16,4608,owner_block_factors,1e-08,816,0.17708333333333334,2.8333333333333335,True,0.002620499930344522,snapshot only,0.0,0.0
independent_n16_T32_s9401103,independent,16,32,9401103,288,16,4608,kronecker_shared_input_basis,1e-08,3824,0.8298611111111112,13.277777777777779,True,0.001561200013384223,snapshot only,2.6082975631629725e-09,5.4202043964224345e-09
independent_n16_T32_s9401103,independent,16,32,9401103,288,16,4608,immediate_support_exact_slice_plus_svd_residual,1e-08,592,0.1284722222222222,2.0555555555555554,True,8.839997462928295e-05,snapshot only,0.0,0.0
independent_n16_T32_s9401103,independent,16,32,9401103,288,16,4608,local_eligibility_plus_svd_residual,1e-08,592,0.1284722222222222,2.0555555555555554,True,8.029991295188665e-05,snapshot only,0.0,0.0
independent_n16_T32_s9401103,independent,16,32,9401103,288,16,4608,global_svd,1e-10,4864,1.0555555555555556,16.88888888888889,True,0.0001783999614417553,snapshot only,1.2925911758128962e-16,2.7755575615628914e-16
independent_n16_T32_s9401103,independent,16,32,9401103,288,16,4608,pivoted_qr_repeated_basis,1e-10,5152,1.1180555555555556,17.88888888888889,True,0.00010659999679774046,snapshot only,1.8778203572400973e-16,6.661338147750939e-16
independent_n16_T32_s9401103,independent,16,32,9401103,288,16,4608,supported_group_factors,1e-10,4656,1.0104166666666667,16.166666666666668,True,0.0014673999976366758,snapshot only,0.0,0.0
independent_n16_T32_s9401103,independent,16,32,9401103,288,16,4608,owner_block_factors,1e-10,816,0.17708333333333334,2.8333333333333335,True,0.002354399999603629,snapshot only,0.0,0.0
independent_n16_T32_s9401103,independent,16,32,9401103,288,16,4608,kronecker_shared_input_basis,1e-10,4640,1.0069444444444444,16.11111111111111,True,0.0014402000233530998,snapshot only,1.2224402919055317e-11,2.5105618972620647e-11
independent_n16_T32_s9401103,independent,16,32,9401103,288,16,4608,immediate_support_exact_slice_plus_svd_residual,1e-10,592,0.1284722222222222,2.0555555555555554,True,8.300004992634058e-05,snapshot only,0.0,0.0
independent_n16_T32_s9401103,independent,16,32,9401103,288,16,4608,local_eligibility_plus_svd_residual,1e-10,592,0.1284722222222222,2.0555555555555554,True,7.08999577909708e-05,snapshot only,0.0,0.0
independent_n16_T32_s9401103,independent,16,32,9401103,288,16,4608,global_svd,1e-12,4864,1.0555555555555556,16.88888888888889,True,0.00014709995593875647,snapshot only,1.2925911758128962e-16,2.7755575615628914e-16
independent_n16_T32_s9401103,independent,16,32,9401103,288,16,4608,pivoted_qr_repeated_basis,1e-12,5152,1.1180555555555556,17.88888888888889,True,9.850005153566599e-05,snapshot only,1.8778203572400973e-16,6.661338147750939e-16
independent_n16_T32_s9401103,independent,16,32,9401103,288,16,4608,supported_group_factors,1e-12,4656,1.0104166666666667,16.166666666666668,True,0.001447599963285029,snapshot only,0.0,0.0
independent_n16_T32_s9401103,independent,16,32,9401103,288,16,4608,owner_block_factors,1e-12,816,0.17708333333333334,2.8333333333333335,True,0.0026274999836459756,snapshot only,0.0,0.0
independent_n16_T32_s9401103,independent,16,32,9401103,288,16,4608,kronecker_shared_input_basis,1e-12,4656,1.0104166666666667,16.166666666666668,True,0.0016200999962165952,snapshot only,0.0,0.0
independent_n16_T32_s9401103,independent,16,32,9401103,288,16,4608,immediate_support_exact_slice_plus_svd_residual,1e-12,592,0.1284722222222222,2.0555555555555554,True,8.329993579536676e-05,snapshot only,0.0,0.0
independent_n16_T32_s9401103,independent,16,32,9401103,288,16,4608,local_eligibility_plus_svd_residual,1e-12,592,0.1284722222222222,2.0555555555555554,True,7.499998901039362e-05,snapshot only,0.0,0.0
independent_n16_T32_s9401104,independent,16,32,9401104,288,16,4608,full_matrix,1e-08,4608,1.0,16.0,True,6.00004568696022e-07,online baseline,0.0,0.0
independent_n16_T32_s9401104,independent,16,32,9401104,288,16,4608,coordinate_sparse,1e-08,576,0.125,2.0,True,1.580000389367342e-05,snapshot only,0.0,0.0
independent_n16_T32_s9401104,independent,16,32,9401104,288,16,4608,block_sparse_triangular,1e-08,592,0.1284722222222222,2.0555555555555554,True,0.00012089998926967382,known closed online block recurrence,0.0,0.0
independent_n16_T32_s9401104,independent,16,32,9401104,288,16,4608,global_svd,1e-08,4864,1.0555555555555556,16.88888888888889,True,0.00018259999342262745,snapshot only,1.295150820685694e-16,4.440892098500626e-16
independent_n16_T32_s9401104,independent,16,32,9401104,288,16,4608,pivoted_qr_repeated_basis,1e-08,5152,1.1180555555555556,17.88888888888889,True,9.770004544407129e-05,snapshot only,1.8833164343844123e-16,4.440892098500626e-16
independent_n16_T32_s9401104,independent,16,32,9401104,288,16,4608,supported_group_factors,1e-08,4656,1.0104166666666667,16.166666666666668,True,0.0014070000033825636,snapshot only,0.0,0.0
independent_n16_T32_s9401104,independent,16,32,9401104,288,16,4608,owner_block_factors,1e-08,816,0.17708333333333334,2.8333333333333335,True,0.002250900026410818,snapshot only,0.0,0.0
independent_n16_T32_s9401104,independent,16,32,9401104,288,16,4608,kronecker_shared_input_basis,1e-08,4368,0.9479166666666666,15.166666666666666,True,0.001409500022418797,snapshot only,3.180610379100702e-10,6.512377442868811e-10
independent_n16_T32_s9401104,independent,16,32,9401104,288,16,4608,immediate_support_exact_slice_plus_svd_residual,1e-08,592,0.1284722222222222,2.0555555555555554,True,0.00013569998554885387,snapshot only,0.0,0.0
independent_n16_T32_s9401104,independent,16,32,9401104,288,16,4608,local_eligibility_plus_svd_residual,1e-08,592,0.1284722222222222,2.0555555555555554,True,6.960006430745125e-05,snapshot only,0.0,0.0
independent_n16_T32_s9401104,independent,16,32,9401104,288,16,4608,global_svd,1e-10,4864,1.0555555555555556,16.88888888888889,True,0.00014180003199726343,snapshot only,1.295150820685694e-16,4.440892098500626e-16
independent_n16_T32_s9401104,independent,16,32,9401104,288,16,4608,pivoted_qr_repeated_basis,1e-10,5152,1.1180555555555556,17.88888888888889,True,9.089999366551638e-05,snapshot only,1.8833164343844123e-16,4.440892098500626e-16
independent_n16_T32_s9401104,independent,16,32,9401104,288,16,4608,supported_group_factors,1e-10,4656,1.0104166666666667,16.166666666666668,True,0.001394700026139617,snapshot only,0.0,0.0
independent_n16_T32_s9401104,independent,16,32,9401104,288,16,4608,owner_block_factors,1e-10,816,0.17708333333333334,2.8333333333333335,True,0.002381299971602857,snapshot only,0.0,0.0
independent_n16_T32_s9401104,independent,16,32,9401104,288,16,4608,kronecker_shared_input_basis,1e-10,4640,1.0069444444444444,16.11111111111111,True,0.0014240999007597566,snapshot only,4.729782657162181e-12,1.1339956751399427e-11
independent_n16_T32_s9401104,independent,16,32,9401104,288,16,4608,immediate_support_exact_slice_plus_svd_residual,1e-10,592,0.1284722222222222,2.0555555555555554,True,7.309997454285622e-05,snapshot only,0.0,0.0
independent_n16_T32_s9401104,independent,16,32,9401104,288,16,4608,local_eligibility_plus_svd_residual,1e-10,592,0.1284722222222222,2.0555555555555554,True,6.589991971850395e-05,snapshot only,0.0,0.0
independent_n16_T32_s9401104,independent,16,32,9401104,288,16,4608,global_svd,1e-12,4864,1.0555555555555556,16.88888888888889,True,0.00014570006169378757,snapshot only,1.295150820685694e-16,4.440892098500626e-16
independent_n16_T32_s9401104,independent,16,32,9401104,288,16,4608,pivoted_qr_repeated_basis,1e-12,5152,1.1180555555555556,17.88888888888889,True,8.28000484034419e-05,snapshot only,1.8833164343844123e-16,4.440892098500626e-16
independent_n16_T32_s9401104,independent,16,32,9401104,288,16,4608,supported_group_factors,1e-12,4656,1.0104166666666667,16.166666666666668,True,0.0013944999082013965,snapshot only,0.0,0.0
independent_n16_T32_s9401104,independent,16,32,9401104,288,16,4608,owner_block_factors,1e-12,816,0.17708333333333334,2.8333333333333335,True,0.0022402999456971884,snapshot only,0.0,0.0
independent_n16_T32_s9401104,independent,16,32,9401104,288,16,4608,kronecker_shared_input_basis,1e-12,4656,1.0104166666666667,16.166666666666668,True,0.0014073000056669116,snapshot only,0.0,0.0
independent_n16_T32_s9401104,independent,16,32,9401104,288,16,4608,immediate_support_exact_slice_plus_svd_residual,1e-12,592,0.1284722222222222,2.0555555555555554,True,7.579999510198832e-05,snapshot only,0.0,0.0
independent_n16_T32_s9401104,independent,16,32,9401104,288,16,4608,local_eligibility_plus_svd_residual,1e-12,592,0.1284722222222222,2.0555555555555554,True,6.470002699643373e-05,snapshot only,0.0,0.0
independent_n16_T128_s9401100,independent,16,128,9401100,288,16,4608,full_matrix,1e-08,4608,1.0,16.0,True,7.00005330145359e-07,online baseline,0.0,0.0
independent_n16_T128_s9401100,independent,16,128,9401100,288,16,4608,coordinate_sparse,1e-08,576,0.125,2.0,True,1.5600002370774746e-05,snapshot only,0.0,0.0
independent_n16_T128_s9401100,independent,16,128,9401100,288,16,4608,block_sparse_triangular,1e-08,592,0.1284722222222222,2.0555555555555554,True,0.00013019994366914034,known closed online block recurrence,0.0,0.0
independent_n16_T128_s9401100,independent,16,128,9401100,288,16,4608,global_svd,1e-08,4864,1.0555555555555556,16.88888888888889,True,0.00019239995162934065,snapshot only,1.2969878237859523e-16,2.636779683484747e-16
independent_n16_T128_s9401100,independent,16,128,9401100,288,16,4608,pivoted_qr_repeated_basis,1e-08,5152,1.1180555555555556,17.88888888888889,True,9.979994501918554e-05,snapshot only,1.0866403393225136e-16,4.440892098500626e-16
independent_n16_T128_s9401100,independent,16,128,9401100,288,16,4608,supported_group_factors,1e-08,4656,1.0104166666666667,16.166666666666668,True,0.0014791999710723758,snapshot only,0.0,0.0
independent_n16_T128_s9401100,independent,16,128,9401100,288,16,4608,owner_block_factors,1e-08,816,0.17708333333333334,2.8333333333333335,True,0.002423599944449961,snapshot only,0.0,0.0
independent_n16_T128_s9401100,independent,16,128,9401100,288,16,4608,kronecker_shared_input_basis,1e-08,4368,0.9479166666666666,15.166666666666666,True,0.001568299951031804,snapshot only,1.4393869973130353e-10,3.709567375498324e-10
independent_n16_T128_s9401100,independent,16,128,9401100,288,16,4608,immediate_support_exact_slice_plus_svd_residual,1e-08,592,0.1284722222222222,2.0555555555555554,True,8.470006287097931e-05,snapshot only,0.0,0.0
independent_n16_T128_s9401100,independent,16,128,9401100,288,16,4608,local_eligibility_plus_svd_residual,1e-08,592,0.1284722222222222,2.0555555555555554,True,6.989995017647743e-05,snapshot only,0.0,0.0
independent_n16_T128_s9401100,independent,16,128,9401100,288,16,4608,global_svd,1e-10,4864,1.0555555555555556,16.88888888888889,True,0.00015079998411238194,snapshot only,1.2969878237859523e-16,2.636779683484747e-16
independent_n16_T128_s9401100,independent,16,128,9401100,288,16,4608,pivoted_qr_repeated_basis,1e-10,5152,1.1180555555555556,17.88888888888889,True,9.740004315972328e-05,snapshot only,1.0866403393225136e-16,4.440892098500626e-16
independent_n16_T128_s9401100,independent,16,128,9401100,288,16,4608,supported_group_factors,1e-10,4656,1.0104166666666667,16.166666666666668,True,0.0014739000471308827,snapshot only,0.0,0.0
independent_n16_T128_s9401100,independent,16,128,9401100,288,16,4608,owner_block_factors,1e-10,816,0.17708333333333334,2.8333333333333335,True,0.0023098000092431903,snapshot only,0.0,0.0
independent_n16_T128_s9401100,independent,16,128,9401100,288,16,4608,kronecker_shared_input_basis,1e-10,4640,1.0069444444444444,16.11111111111111,True,0.0014619000721722841,snapshot only,5.557672565707701e-12,1.2444989483384461e-11
independent_n16_T128_s9401100,independent,16,128,9401100,288,16,4608,immediate_support_exact_slice_plus_svd_residual,1e-10,592,0.1284722222222222,2.0555555555555554,True,7.51999905332923e-05,snapshot only,0.0,0.0
independent_n16_T128_s9401100,independent,16,128,9401100,288,16,4608,local_eligibility_plus_svd_residual,1e-10,592,0.1284722222222222,2.0555555555555554,True,6.97999494150281e-05,snapshot only,0.0,0.0
independent_n16_T128_s9401100,independent,16,128,9401100,288,16,4608,global_svd,1e-12,4864,1.0555555555555556,16.88888888888889,True,0.00027810002211481333,snapshot only,1.2969878237859523e-16,2.636779683484747e-16
independent_n16_T128_s9401100,independent,16,128,9401100,288,16,4608,pivoted_qr_repeated_basis,1e-12,5152,1.1180555555555556,17.88888888888889,True,0.00014319992624223232,snapshot only,1.0866403393225136e-16,4.440892098500626e-16
independent_n16_T128_s9401100,independent,16,128,9401100,288,16,4608,supported_group_factors,1e-12,4656,1.0104166666666667,16.166666666666668,True,0.001726799993775785,snapshot only,0.0,0.0
independent_n16_T128_s9401100,independent,16,128,9401100,288,16,4608,owner_block_factors,1e-12,816,0.17708333333333334,2.8333333333333335,True,0.002479099901393056,snapshot only,0.0,0.0
independent_n16_T128_s9401100,independent,16,128,9401100,288,16,4608,kronecker_shared_input_basis,1e-12,4656,1.0104166666666667,16.166666666666668,True,0.0015363999409601092,snapshot only,0.0,0.0
independent_n16_T128_s9401100,independent,16,128,9401100,288,16,4608,immediate_support_exact_slice_plus_svd_residual,1e-12,592,0.1284722222222222,2.0555555555555554,True,8.739996701478958e-05,snapshot only,0.0,0.0
independent_n16_T128_s9401100,independent,16,128,9401100,288,16,4608,local_eligibility_plus_svd_residual,1e-12,592,0.1284722222222222,2.0555555555555554,True,7.150007877498865e-05,snapshot only,0.0,0.0
independent_n16_T128_s9401101,independent,16,128,9401101,288,16,4608,full_matrix,1e-08,4608,1.0,16.0,True,7.00005330145359e-07,online baseline,0.0,0.0
independent_n16_T128_s9401101,independent,16,128,9401101,288,16,4608,coordinate_sparse,1e-08,576,0.125,2.0,True,1.7000013031065464e-05,snapshot only,0.0,0.0
independent_n16_T128_s9401101,independent,16,128,9401101,288,16,4608,block_sparse_triangular,1e-08,592,0.1284722222222222,2.0555555555555554,True,0.00012580002658069134,known closed online block recurrence,0.0,0.0
independent_n16_T128_s9401101,independent,16,128,9401101,288,16,4608,global_svd,1e-08,4864,1.0555555555555556,16.88888888888889,True,0.00020060001406818628,snapshot only,1.1200650589129857e-16,2.3592239273284576e-16
independent_n16_T128_s9401101,independent,16,128,9401101,288,16,4608,pivoted_qr_repeated_basis,1e-08,5152,1.1180555555555556,17.88888888888889,True,0.00010029994882643223,snapshot only,0.0,0.0
independent_n16_T128_s9401101,independent,16,128,9401101,288,16,4608,supported_group_factors,1e-08,4656,1.0104166666666667,16.166666666666668,True,0.001630099955946207,snapshot only,0.0,0.0
independent_n16_T128_s9401101,independent,16,128,9401101,288,16,4608,owner_block_factors,1e-08,816,0.17708333333333334,2.8333333333333335,True,0.0025828999932855368,snapshot only,0.0,0.0
independent_n16_T128_s9401101,independent,16,128,9401101,288,16,4608,kronecker_shared_input_basis,1e-08,4096,0.8888888888888888,14.222222222222221,True,0.0014679000014439225,snapshot only,2.5328333319177835e-09,4.415124404966164e-09
independent_n16_T128_s9401101,independent,16,128,9401101,288,16,4608,immediate_support_exact_slice_plus_svd_residual,1e-08,592,0.1284722222222222,2.0555555555555554,True,0.00014050002209842205,snapshot only,0.0,0.0
independent_n16_T128_s9401101,independent,16,128,9401101,288,16,4608,local_eligibility_plus_svd_residual,1e-08,592,0.1284722222222222,2.0555555555555554,True,7.930002175271511e-05,snapshot only,0.0,0.0
independent_n16_T128_s9401101,independent,16,128,9401101,288,16,4608,global_svd,1e-10,4864,1.0555555555555556,16.88888888888889,True,0.00015820004045963287,snapshot only,1.1200650589129857e-16,2.3592239273284576e-16
independent_n16_T128_s9401101,independent,16,128,9401101,288,16,4608,pivoted_qr_repeated_basis,1e-10,5152,1.1180555555555556,17.88888888888889,True,9.680003859102726e-05,snapshot only,0.0,0.0
independent_n16_T128_s9401101,independent,16,128,9401101,288,16,4608,supported_group_factors,1e-10,4656,1.0104166666666667,16.166666666666668,True,0.0014275999274104834,snapshot only,0.0,0.0
independent_n16_T128_s9401101,independent,16,128,9401101,288,16,4608,owner_block_factors,1e-10,816,0.17708333333333334,2.8333333333333335,True,0.0024284999817609787,snapshot only,0.0,0.0
independent_n16_T128_s9401101,independent,16,128,9401101,288,16,4608,kronecker_shared_input_basis,1e-10,4640,1.0069444444444444,16.11111111111111,True,0.0015377999516204,snapshot only,2.895429611408549e-12,6.937214691582483e-12
independent_n16_T128_s9401101,independent,16,128,9401101,288,16,4608,immediate_support_exact_slice_plus_svd_residual,1e-10,592,0.1284722222222222,2.0555555555555554,True,8.87999776750803e-05,snapshot only,0.0,0.0
independent_n16_T128_s9401101,independent,16,128,9401101,288,16,4608,local_eligibility_plus_svd_residual,1e-10,592,0.1284722222222222,2.0555555555555554,True,7.349997758865356e-05,snapshot only,0.0,0.0
independent_n16_T128_s9401101,independent,16,128,9401101,288,16,4608,global_svd,1e-12,4864,1.0555555555555556,16.88888888888889,True,0.00015239999629557133,snapshot only,1.1200650589129857e-16,2.3592239273284576e-16
independent_n16_T128_s9401101,independent,16,128,9401101,288,16,4608,pivoted_qr_repeated_basis,1e-12,5152,1.1180555555555556,17.88888888888889,True,0.00010040006600320339,snapshot only,0.0,0.0
independent_n16_T128_s9401101,independent,16,128,9401101,288,16,4608,supported_group_factors,1e-12,4656,1.0104166666666667,16.166666666666668,True,0.0014742999337613583,snapshot only,0.0,0.0
independent_n16_T128_s9401101,independent,16,128,9401101,288,16,4608,owner_block_factors,1e-12,816,0.17708333333333334,2.8333333333333335,True,0.002560200053267181,snapshot only,0.0,0.0
independent_n16_T128_s9401101,independent,16,128,9401101,288,16,4608,kronecker_shared_input_basis,1e-12,4656,1.0104166666666667,16.166666666666668,True,0.001445000059902668,snapshot only,0.0,0.0
independent_n16_T128_s9401101,independent,16,128,9401101,288,16,4608,immediate_support_exact_slice_plus_svd_residual,1e-12,592,0.1284722222222222,2.0555555555555554,True,7.810001261532307e-05,snapshot only,0.0,0.0
independent_n16_T128_s9401101,independent,16,128,9401101,288,16,4608,local_eligibility_plus_svd_residual,1e-12,592,0.1284722222222222,2.0555555555555554,True,6.890005897730589e-05,snapshot only,0.0,0.0
independent_n16_T128_s9401102,independent,16,128,9401102,288,16,4608,full_matrix,1e-08,4608,1.0,16.0,True,6.00004568696022e-07,online baseline,0.0,0.0
independent_n16_T128_s9401102,independent,16,128,9401102,288,16,4608,coordinate_sparse,1e-08,576,0.125,2.0,True,1.71000137925148e-05,snapshot only,0.0,0.0
independent_n16_T128_s9401102,independent,16,128,9401102,288,16,4608,block_sparse_triangular,1e-08,592,0.1284722222222222,2.0555555555555554,True,0.00012240000069141388,known closed online block recurrence,0.0,0.0
independent_n16_T128_s9401102,independent,16,128,9401102,288,16,4608,global_svd,1e-08,4864,1.0555555555555556,16.88888888888889,True,0.00019710010383278131,snapshot only,1.3435019655651276e-16,2.7929047963226594e-16
independent_n16_T128_s9401102,independent,16,128,9401102,288,16,4608,pivoted_qr_repeated_basis,1e-08,5152,1.1180555555555556,17.88888888888889,True,9.550002869218588e-05,snapshot only,1.0526213387240828e-16,4.440892098500626e-16
independent_n16_T128_s9401102,independent,16,128,9401102,288,16,4608,supported_group_factors,1e-08,4656,1.0104166666666667,16.166666666666668,True,0.0016677998937666416,snapshot only,0.0,0.0
independent_n16_T128_s9401102,independent,16,128,9401102,288,16,4608,owner_block_factors,1e-08,816,0.17708333333333334,2.8333333333333335,True,0.0023184999590739608,snapshot only,0.0,0.0
independent_n16_T128_s9401102,independent,16,128,9401102,288,16,4608,kronecker_shared_input_basis,1e-08,3824,0.8298611111111112,13.277777777777779,True,0.0014743999345228076,snapshot only,2.8645008357884833e-09,8.744905771740363e-09
independent_n16_T128_s9401102,independent,16,128,9401102,288,16,4608,immediate_support_exact_slice_plus_svd_residual,1e-08,592,0.1284722222222222,2.0555555555555554,True,7.730000652372837e-05,snapshot only,0.0,0.0
independent_n16_T128_s9401102,independent,16,128,9401102,288,16,4608,local_eligibility_plus_svd_residual,1e-08,592,0.1284722222222222,2.0555555555555554,True,6.720004603266716e-05,snapshot only,0.0,0.0
independent_n16_T128_s9401102,independent,16,128,9401102,288,16,4608,global_svd,1e-10,4864,1.0555555555555556,16.88888888888889,True,0.00014600006397813559,snapshot only,1.3435019655651276e-16,2.7929047963226594e-16
independent_n16_T128_s9401102,independent,16,128,9401102,288,16,4608,pivoted_qr_repeated_basis,1e-10,5152,1.1180555555555556,17.88888888888889,True,8.52999510243535e-05,snapshot only,1.0526213387240828e-16,4.440892098500626e-16
independent_n16_T128_s9401102,independent,16,128,9401102,288,16,4608,supported_group_factors,1e-10,4656,1.0104166666666667,16.166666666666668,True,0.0013904999941587448,snapshot only,0.0,0.0
independent_n16_T128_s9401102,independent,16,128,9401102,288,16,4608,owner_block_factors,1e-10,816,0.17708333333333334,2.8333333333333335,True,0.0022692999336868525,snapshot only,0.0,0.0
independent_n16_T128_s9401102,independent,16,128,9401102,288,16,4608,kronecker_shared_input_basis,1e-10,4640,1.0069444444444444,16.11111111111111,True,0.0014235000126063824,snapshot only,6.328391851964694e-12,1.6429357874159223e-11
independent_n16_T128_s9401102,independent,16,128,9401102,288,16,4608,immediate_support_exact_slice_plus_svd_residual,1e-10,592,0.1284722222222222,2.0555555555555554,True,7.509998977184296e-05,snapshot only,0.0,0.0
independent_n16_T128_s9401102,independent,16,128,9401102,288,16,4608,local_eligibility_plus_svd_residual,1e-10,592,0.1284722222222222,2.0555555555555554,True,0.000148200080730021,snapshot only,0.0,0.0
independent_n16_T128_s9401102,independent,16,128,9401102,288,16,4608,global_svd,1e-12,4864,1.0555555555555556,16.88888888888889,True,0.00017200002912431955,snapshot only,1.3435019655651276e-16,2.7929047963226594e-16
independent_n16_T128_s9401102,independent,16,128,9401102,288,16,4608,pivoted_qr_repeated_basis,1e-12,5152,1.1180555555555556,17.88888888888889,True,0.00010960001964122057,snapshot only,1.0526213387240828e-16,4.440892098500626e-16
independent_n16_T128_s9401102,independent,16,128,9401102,288,16,4608,supported_group_factors,1e-12,4656,1.0104166666666667,16.166666666666668,True,0.0018721999367699027,snapshot only,0.0,0.0
independent_n16_T128_s9401102,independent,16,128,9401102,288,16,4608,owner_block_factors,1e-12,816,0.17708333333333334,2.8333333333333335,True,0.0027785999700427055,snapshot only,0.0,0.0
independent_n16_T128_s9401102,independent,16,128,9401102,288,16,4608,kronecker_shared_input_basis,1e-12,4656,1.0104166666666667,16.166666666666668,True,0.0014607999473810196,snapshot only,0.0,0.0
independent_n16_T128_s9401102,independent,16,128,9401102,288,16,4608,immediate_support_exact_slice_plus_svd_residual,1e-12,592,0.1284722222222222,2.0555555555555554,True,7.960002403706312e-05,snapshot only,0.0,0.0
independent_n16_T128_s9401102,independent,16,128,9401102,288,16,4608,local_eligibility_plus_svd_residual,1e-12,592,0.1284722222222222,2.0555555555555554,True,7.069995626807213e-05,snapshot only,0.0,0.0
independent_n16_T128_s9401103,independent,16,128,9401103,288,16,4608,full_matrix,1e-08,4608,1.0,16.0,True,7.00005330145359e-07,online baseline,0.0,0.0
independent_n16_T128_s9401103,independent,16,128,9401103,288,16,4608,coordinate_sparse,1e-08,576,0.125,2.0,True,1.5699886716902256e-05,snapshot only,0.0,0.0
independent_n16_T128_s9401103,independent,16,128,9401103,288,16,4608,block_sparse_triangular,1e-08,592,0.1284722222222222,2.0555555555555554,True,0.00012069998774677515,known closed online block recurrence,0.0,0.0
independent_n16_T128_s9401103,independent,16,128,9401103,288,16,4608,global_svd,1e-08,4864,1.0555555555555556,16.88888888888889,True,0.0001786999637261033,snapshot only,1.2314179830457917e-16,3.608224830031759e-16
independent_n16_T128_s9401103,independent,16,128,9401103,288,16,4608,pivoted_qr_repeated_basis,1e-08,5152,1.1180555555555556,17.88888888888889,True,9.460002183914185e-05,snapshot only,1.0744308820166064e-16,4.440892098500626e-16
independent_n16_T128_s9401103,independent,16,128,9401103,288,16,4608,supported_group_factors,1e-08,4656,1.0104166666666667,16.166666666666668,True,0.0014813999878242612,snapshot only,0.0,0.0
independent_n16_T128_s9401103,independent,16,128,9401103,288,16,4608,owner_block_factors,1e-08,816,0.17708333333333334,2.8333333333333335,True,0.002317100064828992,snapshot only,0.0,0.0
independent_n16_T128_s9401103,independent,16,128,9401103,288,16,4608,kronecker_shared_input_basis,1e-08,4096,0.8888888888888888,14.222222222222221,True,0.0016222998965531588,snapshot only,1.2215642646155675e-09,2.186170383611241e-09
independent_n16_T128_s9401103,independent,16,128,9401103,288,16,4608,immediate_support_exact_slice_plus_svd_residual,1e-08,592,0.1284722222222222,2.0555555555555554,True,7.599999662488699e-05,snapshot only,0.0,0.0
independent_n16_T128_s9401103,independent,16,128,9401103,288,16,4608,local_eligibility_plus_svd_residual,1e-08,592,0.1284722222222222,2.0555555555555554,True,6.480002775788307e-05,snapshot only,0.0,0.0
independent_n16_T128_s9401103,independent,16,128,9401103,288,16,4608,global_svd,1e-10,4864,1.0555555555555556,16.88888888888889,True,0.00014400004874914885,snapshot only,1.2314179830457917e-16,3.608224830031759e-16
independent_n16_T128_s9401103,independent,16,128,9401103,288,16,4608,pivoted_qr_repeated_basis,1e-10,5152,1.1180555555555556,17.88888888888889,True,8.559995330870152e-05,snapshot only,1.0744308820166064e-16,4.440892098500626e-16
independent_n16_T128_s9401103,independent,16,128,9401103,288,16,4608,supported_group_factors,1e-10,4656,1.0104166666666667,16.166666666666668,True,0.0014037999790161848,snapshot only,0.0,0.0
independent_n16_T128_s9401103,independent,16,128,9401103,288,16,4608,owner_block_factors,1e-10,816,0.17708333333333334,2.8333333333333335,True,0.00232920004054904,snapshot only,0.0,0.0
independent_n16_T128_s9401103,independent,16,128,9401103,288,16,4608,kronecker_shared_input_basis,1e-10,4640,1.0069444444444444,16.11111111111111,True,0.0014101999113336205,snapshot only,2.7301142783979622e-12,5.596800800589108e-12
independent_n16_T128_s9401103,independent,16,128,9401103,288,16,4608,immediate_support_exact_slice_plus_svd_residual,1e-10,592,0.1284722222222222,2.0555555555555554,True,7.1900081820786e-05,snapshot only,0.0,0.0
independent_n16_T128_s9401103,independent,16,128,9401103,288,16,4608,local_eligibility_plus_svd_residual,1e-10,592,0.1284722222222222,2.0555555555555554,True,6.640003994107246e-05,snapshot only,0.0,0.0
independent_n16_T128_s9401103,independent,16,128,9401103,288,16,4608,global_svd,1e-12,4864,1.0555555555555556,16.88888888888889,True,0.00014519994147121906,snapshot only,1.2314179830457917e-16,3.608224830031759e-16
independent_n16_T128_s9401103,independent,16,128,9401103,288,16,4608,pivoted_qr_repeated_basis,1e-12,5152,1.1180555555555556,17.88888888888889,True,8.28000484034419e-05,snapshot only,1.0744308820166064e-16,4.440892098500626e-16
independent_n16_T128_s9401103,independent,16,128,9401103,288,16,4608,supported_group_factors,1e-12,4656,1.0104166666666667,16.166666666666668,True,0.0013861999614164233,snapshot only,0.0,0.0
independent_n16_T128_s9401103,independent,16,128,9401103,288,16,4608,owner_block_factors,1e-12,816,0.17708333333333334,2.8333333333333335,True,0.0027435000520199537,snapshot only,0.0,0.0
independent_n16_T128_s9401103,independent,16,128,9401103,288,16,4608,kronecker_shared_input_basis,1e-12,4656,1.0104166666666667,16.166666666666668,True,0.0015405999729409814,snapshot only,0.0,0.0
independent_n16_T128_s9401103,independent,16,128,9401103,288,16,4608,immediate_support_exact_slice_plus_svd_residual,1e-12,592,0.1284722222222222,2.0555555555555554,True,7.700000423938036e-05,snapshot only,0.0,0.0
independent_n16_T128_s9401103,independent,16,128,9401103,288,16,4608,local_eligibility_plus_svd_residual,1e-12,592,0.1284722222222222,2.0555555555555554,True,6.720004603266716e-05,snapshot only,0.0,0.0
independent_n16_T128_s9401104,independent,16,128,9401104,288,16,4608,full_matrix,1e-08,4608,1.0,16.0,True,6.00004568696022e-07,online baseline,0.0,0.0
independent_n16_T128_s9401104,independent,16,128,9401104,288,16,4608,coordinate_sparse,1e-08,576,0.125,2.0,True,1.6000005416572094e-05,snapshot only,0.0,0.0
independent_n16_T128_s9401104,independent,16,128,9401104,288,16,4608,block_sparse_triangular,1e-08,592,0.1284722222222222,2.0555555555555554,True,0.00011879997327923775,known closed online block recurrence,0.0,0.0
independent_n16_T128_s9401104,independent,16,128,9401104,288,16,4608,global_svd,1e-08,4864,1.0555555555555556,16.88888888888889,True,0.00018480001017451286,snapshot only,1.4226607547771729e-16,3.2656169435263394e-16
independent_n16_T128_s9401104,independent,16,128,9401104,288,16,4608,pivoted_qr_repeated_basis,1e-08,5152,1.1180555555555556,17.88888888888889,True,9.929994121193886e-05,snapshot only,1.9669449396459884e-16,4.440892098500626e-16
independent_n16_T128_s9401104,independent,16,128,9401104,288,16,4608,supported_group_factors,1e-08,4656,1.0104166666666667,16.166666666666668,True,0.0014715000288560987,snapshot only,0.0,0.0
independent_n16_T128_s9401104,independent,16,128,9401104,288,16,4608,owner_block_factors,1e-08,816,0.17708333333333334,2.8333333333333335,True,0.0022632998879998922,snapshot only,0.0,0.0
independent_n16_T128_s9401104,independent,16,128,9401104,288,16,4608,kronecker_shared_input_basis,1e-08,4096,0.8888888888888888,14.222222222222221,True,0.0020005000988021493,snapshot only,4.044503768922028e-09,6.631914239996206e-09
independent_n16_T128_s9401104,independent,16,128,9401104,288,16,4608,immediate_support_exact_slice_plus_svd_residual,1e-08,592,0.1284722222222222,2.0555555555555554,True,0.00018229999113827944,snapshot only,0.0,0.0
independent_n16_T128_s9401104,independent,16,128,9401104,288,16,4608,local_eligibility_plus_svd_residual,1e-08,592,0.1284722222222222,2.0555555555555554,True,0.00013770000077784061,snapshot only,0.0,0.0
independent_n16_T128_s9401104,independent,16,128,9401104,288,16,4608,global_svd,1e-10,4864,1.0555555555555556,16.88888888888889,True,0.0001642999704927206,snapshot only,1.4226607547771729e-16,3.2656169435263394e-16
independent_n16_T128_s9401104,independent,16,128,9401104,288,16,4608,pivoted_qr_repeated_basis,1e-10,5152,1.1180555555555556,17.88888888888889,True,0.00010810000821948051,snapshot only,1.9669449396459884e-16,4.440892098500626e-16
independent_n16_T128_s9401104,independent,16,128,9401104,288,16,4608,supported_group_factors,1e-10,4656,1.0104166666666667,16.166666666666668,True,0.0014732000418007374,snapshot only,0.0,0.0
independent_n16_T128_s9401104,independent,16,128,9401104,288,16,4608,owner_block_factors,1e-10,816,0.17708333333333334,2.8333333333333335,True,0.0024668999249115586,snapshot only,0.0,0.0
independent_n16_T128_s9401104,independent,16,128,9401104,288,16,4608,kronecker_shared_input_basis,1e-10,4656,1.0104166666666667,16.166666666666668,True,0.0014528000028803945,snapshot only,0.0,0.0
independent_n16_T128_s9401104,independent,16,128,9401104,288,16,4608,immediate_support_exact_slice_plus_svd_residual,1e-10,592,0.1284722222222222,2.0555555555555554,True,7.660000119358301e-05,snapshot only,0.0,0.0
independent_n16_T128_s9401104,independent,16,128,9401104,288,16,4608,local_eligibility_plus_svd_residual,1e-10,592,0.1284722222222222,2.0555555555555554,True,6.889994256198406e-05,snapshot only,0.0,0.0
independent_n16_T128_s9401104,independent,16,128,9401104,288,16,4608,global_svd,1e-12,4864,1.0555555555555556,16.88888888888889,True,0.0001487999688833952,snapshot only,1.4226607547771729e-16,3.2656169435263394e-16
independent_n16_T128_s9401104,independent,16,128,9401104,288,16,4608,pivoted_qr_repeated_basis,1e-12,5152,1.1180555555555556,17.88888888888889,True,8.87999776750803e-05,snapshot only,1.9669449396459884e-16,4.440892098500626e-16
independent_n16_T128_s9401104,independent,16,128,9401104,288,16,4608,supported_group_factors,1e-12,4656,1.0104166666666667,16.166666666666668,True,0.0014443999389186502,snapshot only,0.0,0.0
independent_n16_T128_s9401104,independent,16,128,9401104,288,16,4608,owner_block_factors,1e-12,816,0.17708333333333334,2.8333333333333335,True,0.0023276000283658504,snapshot only,0.0,0.0
independent_n16_T128_s9401104,independent,16,128,9401104,288,16,4608,kronecker_shared_input_basis,1e-12,4656,1.0104166666666667,16.166666666666668,True,0.0018678000196814537,snapshot only,0.0,0.0
independent_n16_T128_s9401104,independent,16,128,9401104,288,16,4608,immediate_support_exact_slice_plus_svd_residual,1e-12,592,0.1284722222222222,2.0555555555555554,True,8.109991904348135e-05,snapshot only,0.0,0.0
independent_n16_T128_s9401104,independent,16,128,9401104,288,16,4608,local_eligibility_plus_svd_residual,1e-12,592,0.1284722222222222,2.0555555555555554,True,0.00013639999087899923,snapshot only,0.0,0.0
shared_linear_n8_T32_s9401100,shared_linear,8,32,9401100,80,8,640,full_matrix,1e-08,640,1.0,8.0,True,6.00004568696022e-07,online baseline,0.0,0.0
shared_linear_n8_T32_s9401100,shared_linear,8,32,9401100,80,8,640,coordinate_sparse,1e-08,160,0.25,2.0,True,1.5600002370774746e-05,snapshot only,0.0,0.0
shared_linear_n8_T32_s9401100,shared_linear,8,32,9401100,80,8,640,block_sparse_triangular,1e-08,168,0.2625,2.1,True,6.3000014051795e-05,known closed online block recurrence,0.0,0.0
shared_linear_n8_T32_s9401100,shared_linear,8,32,9401100,80,8,640,shared_linear_factors,1e-08,17,0.0265625,0.2125,True,7.00005330145359e-07,known closed online shared recurrence,0.0,0.0
shared_linear_n8_T32_s9401100,shared_linear,8,32,9401100,80,8,640,global_svd,1e-08,704,1.1,8.8,True,0.00010120007209479809,snapshot only,1.0619846214932468e-16,2.220446049250313e-16
shared_linear_n8_T32_s9401100,shared_linear,8,32,9401100,80,8,640,pivoted_qr_repeated_basis,1e-08,784,1.225,9.8,True,5.849997978657484e-05,snapshot only,0.0,0.0
shared_linear_n8_T32_s9401100,shared_linear,8,32,9401100,80,8,640,supported_group_factors,1e-08,664,1.0375,8.3,True,0.000591200077906251,snapshot only,0.0,0.0
shared_linear_n8_T32_s9401100,shared_linear,8,32,9401100,80,8,640,owner_block_factors,1e-08,216,0.3375,2.7,True,0.0010034999577328563,snapshot only,0.0,0.0
shared_linear_n8_T32_s9401100,shared_linear,8,32,9401100,80,8,640,kronecker_shared_input_basis,1e-08,224,0.35,2.8,True,0.0005873000482097268,snapshot only,7.827555342935491e-17,1.1102230246251565e-16
shared_linear_n8_T32_s9401100,shared_linear,8,32,9401100,80,8,640,immediate_support_exact_slice_plus_svd_residual,1e-08,168,0.2625,2.1,True,4.75000124424696e-05,snapshot only,0.0,0.0
shared_linear_n8_T32_s9401100,shared_linear,8,32,9401100,80,8,640,local_eligibility_plus_svd_residual,1e-08,168,0.2625,2.1,True,3.9199949242174625e-05,snapshot only,0.0,0.0
shared_linear_n8_T32_s9401100,shared_linear,8,32,9401100,80,8,640,global_svd,1e-10,704,1.1,8.8,True,6.790005136281252e-05,snapshot only,1.0619846214932468e-16,2.220446049250313e-16
shared_linear_n8_T32_s9401100,shared_linear,8,32,9401100,80,8,640,pivoted_qr_repeated_basis,1e-10,784,1.225,9.8,True,4.8600020818412304e-05,snapshot only,0.0,0.0
shared_linear_n8_T32_s9401100,shared_linear,8,32,9401100,80,8,640,supported_group_factors,1e-10,664,1.0375,8.3,True,0.0005666000070050359,snapshot only,0.0,0.0
shared_linear_n8_T32_s9401100,shared_linear,8,32,9401100,80,8,640,owner_block_factors,1e-10,216,0.3375,2.7,True,0.0010142999235540628,snapshot only,0.0,0.0
shared_linear_n8_T32_s9401100,shared_linear,8,32,9401100,80,8,640,kronecker_shared_input_basis,1e-10,224,0.35,2.8,True,0.0005891000619158149,snapshot only,7.827555342935491e-17,1.1102230246251565e-16
shared_linear_n8_T32_s9401100,shared_linear,8,32,9401100,80,8,640,immediate_support_exact_slice_plus_svd_residual,1e-10,168,0.2625,2.1,True,5.779997445642948e-05,snapshot only,0.0,0.0
shared_linear_n8_T32_s9401100,shared_linear,8,32,9401100,80,8,640,local_eligibility_plus_svd_residual,1e-10,168,0.2625,2.1,True,4.3500098399817944e-05,snapshot only,0.0,0.0
shared_linear_n8_T32_s9401100,shared_linear,8,32,9401100,80,8,640,global_svd,1e-12,704,1.1,8.8,True,7.08999577909708e-05,snapshot only,1.0619846214932468e-16,2.220446049250313e-16
shared_linear_n8_T32_s9401100,shared_linear,8,32,9401100,80,8,640,pivoted_qr_repeated_basis,1e-12,784,1.225,9.8,True,5.300005432218313e-05,snapshot only,0.0,0.0
shared_linear_n8_T32_s9401100,shared_linear,8,32,9401100,80,8,640,supported_group_factors,1e-12,664,1.0375,8.3,True,0.0005762999644502997,snapshot only,0.0,0.0
shared_linear_n8_T32_s9401100,shared_linear,8,32,9401100,80,8,640,owner_block_factors,1e-12,216,0.3375,2.7,True,0.001128499978221953,snapshot only,0.0,0.0
shared_linear_n8_T32_s9401100,shared_linear,8,32,9401100,80,8,640,kronecker_shared_input_basis,1e-12,224,0.35,2.8,True,0.000588199938647449,snapshot only,7.827555342935491e-17,1.1102230246251565e-16
shared_linear_n8_T32_s9401100,shared_linear,8,32,9401100,80,8,640,immediate_support_exact_slice_plus_svd_residual,1e-12,168,0.2625,2.1,True,5.300005432218313e-05,snapshot only,0.0,0.0
shared_linear_n8_T32_s9401100,shared_linear,8,32,9401100,80,8,640,local_eligibility_plus_svd_residual,1e-12,168,0.2625,2.1,True,4.569999873638153e-05,snapshot only,0.0,0.0
shared_linear_n8_T32_s9401101,shared_linear,8,32,9401101,80,8,640,full_matrix,1e-08,640,1.0,8.0,True,6.00004568696022e-07,online baseline,0.0,0.0
shared_linear_n8_T32_s9401101,shared_linear,8,32,9401101,80,8,640,coordinate_sparse,1e-08,160,0.25,2.0,True,1.580000389367342e-05,snapshot only,0.0,0.0
shared_linear_n8_T32_s9401101,shared_linear,8,32,9401101,80,8,640,block_sparse_triangular,1e-08,168,0.2625,2.1,True,0.00010730000212788582,known closed online block recurrence,0.0,0.0
shared_linear_n8_T32_s9401101,shared_linear,8,32,9401101,80,8,640,shared_linear_factors,1e-08,17,0.0265625,0.2125,True,9.00006853044033e-07,known closed online shared recurrence,0.0,0.0
shared_linear_n8_T32_s9401101,shared_linear,8,32,9401101,80,8,640,global_svd,1e-08,704,1.1,8.8,True,0.00011030002497136593,snapshot only,1.1486570590441346e-16,2.220446049250313e-16
shared_linear_n8_T32_s9401101,shared_linear,8,32,9401101,80,8,640,pivoted_qr_repeated_basis,1e-08,784,1.225,9.8,True,6.750004831701517e-05,snapshot only,0.0,0.0
shared_linear_n8_T32_s9401101,shared_linear,8,32,9401101,80,8,640,supported_group_factors,1e-08,664,1.0375,8.3,True,0.000633500050753355,snapshot only,0.0,0.0
shared_linear_n8_T32_s9401101,shared_linear,8,32,9401101,80,8,640,owner_block_factors,1e-08,216,0.3375,2.7,True,0.0010201999684795737,snapshot only,0.0,0.0
shared_linear_n8_T32_s9401101,shared_linear,8,32,9401101,80,8,640,kronecker_shared_input_basis,1e-08,224,0.35,2.8,True,0.0005578999407589436,snapshot only,1.216451648951201e-16,2.220446049250313e-16
shared_linear_n8_T32_s9401101,shared_linear,8,32,9401101,80,8,640,immediate_support_exact_slice_plus_svd_residual,1e-08,168,0.2625,2.1,True,4.4599990360438824e-05,snapshot only,0.0,0.0
shared_linear_n8_T32_s9401101,shared_linear,8,32,9401101,80,8,640,local_eligibility_plus_svd_residual,1e-08,168,0.2625,2.1,True,4.039995837956667e-05,snapshot only,0.0,0.0
shared_linear_n8_T32_s9401101,shared_linear,8,32,9401101,80,8,640,global_svd,1e-10,704,1.1,8.8,True,6.900005973875523e-05,snapshot only,1.1486570590441346e-16,2.220446049250313e-16
shared_linear_n8_T32_s9401101,shared_linear,8,32,9401101,80,8,640,pivoted_qr_repeated_basis,1e-10,784,1.225,9.8,True,5.4699950851500034e-05,snapshot only,0.0,0.0
shared_linear_n8_T32_s9401101,shared_linear,8,32,9401101,80,8,640,supported_group_factors,1e-10,664,1.0375,8.3,True,0.0005806999979540706,snapshot only,0.0,0.0
shared_linear_n8_T32_s9401101,shared_linear,8,32,9401101,80,8,640,owner_block_factors,1e-10,216,0.3375,2.7,True,0.0010027000680565834,snapshot only,0.0,0.0
shared_linear_n8_T32_s9401101,shared_linear,8,32,9401101,80,8,640,kronecker_shared_input_basis,1e-10,224,0.35,2.8,True,0.0005505000008270144,snapshot only,1.216451648951201e-16,2.220446049250313e-16
shared_linear_n8_T32_s9401101,shared_linear,8,32,9401101,80,8,640,immediate_support_exact_slice_plus_svd_residual,1e-10,168,0.2625,2.1,True,4.539999645203352e-05,snapshot only,0.0,0.0
shared_linear_n8_T32_s9401101,shared_linear,8,32,9401101,80,8,640,local_eligibility_plus_svd_residual,1e-10,168,0.2625,2.1,True,3.920006565749645e-05,snapshot only,0.0,0.0
shared_linear_n8_T32_s9401101,shared_linear,8,32,9401101,80,8,640,global_svd,1e-12,704,1.1,8.8,True,6.880005821585655e-05,snapshot only,1.1486570590441346e-16,2.220446049250313e-16
shared_linear_n8_T32_s9401101,shared_linear,8,32,9401101,80,8,640,pivoted_qr_repeated_basis,1e-12,784,1.225,9.8,True,5.0200033001601696e-05,snapshot only,0.0,0.0
shared_linear_n8_T32_s9401101,shared_linear,8,32,9401101,80,8,640,supported_group_factors,1e-12,664,1.0375,8.3,True,0.0005760000785812736,snapshot only,0.0,0.0
shared_linear_n8_T32_s9401101,shared_linear,8,32,9401101,80,8,640,owner_block_factors,1e-12,216,0.3375,2.7,True,0.0009966000216081738,snapshot only,0.0,0.0
shared_linear_n8_T32_s9401101,shared_linear,8,32,9401101,80,8,640,kronecker_shared_input_basis,1e-12,224,0.35,2.8,True,0.0005452999612316489,snapshot only,1.216451648951201e-16,2.220446049250313e-16
shared_linear_n8_T32_s9401101,shared_linear,8,32,9401101,80,8,640,immediate_support_exact_slice_plus_svd_residual,1e-12,168,0.2625,2.1,True,4.8600020818412304e-05,snapshot only,0.0,0.0
shared_linear_n8_T32_s9401101,shared_linear,8,32,9401101,80,8,640,local_eligibility_plus_svd_residual,1e-12,168,0.2625,2.1,True,4.4899992644786835e-05,snapshot only,0.0,0.0
shared_linear_n8_T32_s9401102,shared_linear,8,32,9401102,80,8,640,full_matrix,1e-08,640,1.0,8.0,True,7.00005330145359e-07,online baseline,0.0,0.0
shared_linear_n8_T32_s9401102,shared_linear,8,32,9401102,80,8,640,coordinate_sparse,1e-08,160,0.25,2.0,True,1.6000005416572094e-05,snapshot only,0.0,0.0
shared_linear_n8_T32_s9401102,shared_linear,8,32,9401102,80,8,640,block_sparse_triangular,1e-08,168,0.2625,2.1,True,6.630003917962313e-05,known closed online block recurrence,0.0,0.0
shared_linear_n8_T32_s9401102,shared_linear,8,32,9401102,80,8,640,shared_linear_factors,1e-08,17,0.0265625,0.2125,True,1.100008375942707e-06,known closed online shared recurrence,0.0,0.0
shared_linear_n8_T32_s9401102,shared_linear,8,32,9401102,80,8,640,global_svd,1e-08,704,1.1,8.8,True,0.00010609999299049377,snapshot only,1.1475972325090554e-16,2.3592239273284576e-16
shared_linear_n8_T32_s9401102,shared_linear,8,32,9401102,80,8,640,pivoted_qr_repeated_basis,1e-08,784,1.225,9.8,True,6.7099928855896e-05,snapshot only,0.0,0.0
shared_linear_n8_T32_s9401102,shared_linear,8,32,9401102,80,8,640,supported_group_factors,1e-08,664,1.0375,8.3,True,0.0006031000521034002,snapshot only,0.0,0.0
shared_linear_n8_T32_s9401102,shared_linear,8,32,9401102,80,8,640,owner_block_factors,1e-08,216,0.3375,2.7,True,0.0009988000383600593,snapshot only,0.0,0.0
shared_linear_n8_T32_s9401102,shared_linear,8,32,9401102,80,8,640,kronecker_shared_input_basis,1e-08,224,0.35,2.8,True,0.0005359000060707331,snapshot only,1.2957117479557904e-17,1.3877787807814457e-17
shared_linear_n8_T32_s9401102,shared_linear,8,32,9401102,80,8,640,immediate_support_exact_slice_plus_svd_residual,1e-08,168,0.2625,2.1,True,4.879990592598915e-05,snapshot only,0.0,0.0
shared_linear_n8_T32_s9401102,shared_linear,8,32,9401102,80,8,640,local_eligibility_plus_svd_residual,1e-08,168,0.2625,2.1,True,4.0400074794888496e-05,snapshot only,0.0,0.0
shared_linear_n8_T32_s9401102,shared_linear,8,32,9401102,80,8,640,global_svd,1e-10,704,1.1,8.8,True,6.880005821585655e-05,snapshot only,1.1475972325090554e-16,2.3592239273284576e-16
shared_linear_n8_T32_s9401102,shared_linear,8,32,9401102,80,8,640,pivoted_qr_repeated_basis,1e-10,784,1.225,9.8,True,5.340005736798048e-05,snapshot only,0.0,0.0
shared_linear_n8_T32_s9401102,shared_linear,8,32,9401102,80,8,640,supported_group_factors,1e-10,664,1.0375,8.3,True,0.0005628999788314104,snapshot only,0.0,0.0
shared_linear_n8_T32_s9401102,shared_linear,8,32,9401102,80,8,640,owner_block_factors,1e-10,216,0.3375,2.7,True,0.000977999996393919,snapshot only,0.0,0.0
shared_linear_n8_T32_s9401102,shared_linear,8,32,9401102,80,8,640,kronecker_shared_input_basis,1e-10,224,0.35,2.8,True,0.0005419000517576933,snapshot only,1.2957117479557904e-17,1.3877787807814457e-17
shared_linear_n8_T32_s9401102,shared_linear,8,32,9401102,80,8,640,immediate_support_exact_slice_plus_svd_residual,1e-10,168,0.2625,2.1,True,4.309997893869877e-05,snapshot only,0.0,0.0
shared_linear_n8_T32_s9401102,shared_linear,8,32,9401102,80,8,640,local_eligibility_plus_svd_residual,1e-10,168,0.2625,2.1,True,3.809994086623192e-05,snapshot only,0.0,0.0
shared_linear_n8_T32_s9401102,shared_linear,8,32,9401102,80,8,640,global_svd,1e-12,704,1.1,8.8,True,6.800005212426186e-05,snapshot only,1.1475972325090554e-16,2.3592239273284576e-16
shared_linear_n8_T32_s9401102,shared_linear,8,32,9401102,80,8,640,pivoted_qr_repeated_basis,1e-12,784,1.225,9.8,True,4.880002234131098e-05,snapshot only,0.0,0.0
shared_linear_n8_T32_s9401102,shared_linear,8,32,9401102,80,8,640,supported_group_factors,1e-12,664,1.0375,8.3,True,0.0005546000320464373,snapshot only,0.0,0.0
shared_linear_n8_T32_s9401102,shared_linear,8,32,9401102,80,8,640,owner_block_factors,1e-12,216,0.3375,2.7,True,0.0009720000671222806,snapshot only,0.0,0.0
shared_linear_n8_T32_s9401102,shared_linear,8,32,9401102,80,8,640,kronecker_shared_input_basis,1e-12,224,0.35,2.8,True,0.0005261000478640199,snapshot only,1.2957117479557904e-17,1.3877787807814457e-17
shared_linear_n8_T32_s9401102,shared_linear,8,32,9401102,80,8,640,immediate_support_exact_slice_plus_svd_residual,1e-12,168,0.2625,2.1,True,4.290009383112192e-05,snapshot only,0.0,0.0
shared_linear_n8_T32_s9401102,shared_linear,8,32,9401102,80,8,640,local_eligibility_plus_svd_residual,1e-12,168,0.2625,2.1,True,3.8199941627681255e-05,snapshot only,0.0,0.0
shared_linear_n8_T32_s9401103,shared_linear,8,32,9401103,80,8,640,full_matrix,1e-08,640,1.0,8.0,True,7.00005330145359e-07,online baseline,0.0,0.0
shared_linear_n8_T32_s9401103,shared_linear,8,32,9401103,80,8,640,coordinate_sparse,1e-08,160,0.25,2.0,True,1.5199999324977398e-05,snapshot only,0.0,0.0
shared_linear_n8_T32_s9401103,shared_linear,8,32,9401103,80,8,640,block_sparse_triangular,1e-08,168,0.2625,2.1,True,6.3000014051795e-05,known closed online block recurrence,0.0,0.0
shared_linear_n8_T32_s9401103,shared_linear,8,32,9401103,80,8,640,shared_linear_factors,1e-08,17,0.0265625,0.2125,True,9.00006853044033e-07,known closed online shared recurrence,0.0,0.0
shared_linear_n8_T32_s9401103,shared_linear,8,32,9401103,80,8,640,global_svd,1e-08,704,1.1,8.8,True,0.0001004999503493309,snapshot only,1.6347487111949152e-16,2.749536709423239e-16
shared_linear_n8_T32_s9401103,shared_linear,8,32,9401103,80,8,640,pivoted_qr_repeated_basis,1e-08,784,1.225,9.8,True,6.280001252889633e-05,snapshot only,0.0,0.0
shared_linear_n8_T32_s9401103,shared_linear,8,32,9401103,80,8,640,supported_group_factors,1e-08,664,1.0375,8.3,True,0.0007233999203890562,snapshot only,0.0,0.0
shared_linear_n8_T32_s9401103,shared_linear,8,32,9401103,80,8,640,owner_block_factors,1e-08,216,0.3375,2.7,True,0.0011338999029248953,snapshot only,0.0,0.0
shared_linear_n8_T32_s9401103,shared_linear,8,32,9401103,80,8,640,kronecker_shared_input_basis,1e-08,224,0.35,2.8,True,0.0006657000631093979,snapshot only,1.6581369734504684e-16,3.608224830031759e-16
shared_linear_n8_T32_s9401103,shared_linear,8,32,9401103,80,8,640,immediate_support_exact_slice_plus_svd_residual,1e-08,168,0.2625,2.1,True,4.840001929551363e-05,snapshot only,0.0,0.0
shared_linear_n8_T32_s9401103,shared_linear,8,32,9401103,80,8,640,local_eligibility_plus_svd_residual,1e-08,168,0.2625,2.1,True,4.1199964471161366e-05,snapshot only,0.0,0.0
shared_linear_n8_T32_s9401103,shared_linear,8,32,9401103,80,8,640,global_svd,1e-10,704,1.1,8.8,True,6.949994713068008e-05,snapshot only,1.6347487111949152e-16,2.749536709423239e-16
shared_linear_n8_T32_s9401103,shared_linear,8,32,9401103,80,8,640,pivoted_qr_repeated_basis,1e-10,784,1.225,9.8,True,5.880009848624468e-05,snapshot only,0.0,0.0
shared_linear_n8_T32_s9401103,shared_linear,8,32,9401103,80,8,640,supported_group_factors,1e-10,664,1.0375,8.3,True,0.0006272000027820468,snapshot only,0.0,0.0
shared_linear_n8_T32_s9401103,shared_linear,8,32,9401103,80,8,640,owner_block_factors,1e-10,216,0.3375,2.7,True,0.0009796000085771084,snapshot only,0.0,0.0
shared_linear_n8_T32_s9401103,shared_linear,8,32,9401103,80,8,640,kronecker_shared_input_basis,1e-10,224,0.35,2.8,True,0.0005322999786585569,snapshot only,1.6581369734504684e-16,3.608224830031759e-16
shared_linear_n8_T32_s9401103,shared_linear,8,32,9401103,80,8,640,immediate_support_exact_slice_plus_svd_residual,1e-10,168,0.2625,2.1,True,4.5900000259280205e-05,snapshot only,0.0,0.0
shared_linear_n8_T32_s9401103,shared_linear,8,32,9401103,80,8,640,local_eligibility_plus_svd_residual,1e-10,168,0.2625,2.1,True,3.999995533376932e-05,snapshot only,0.0,0.0
shared_linear_n8_T32_s9401103,shared_linear,8,32,9401103,80,8,640,global_svd,1e-12,704,1.1,8.8,True,6.829993799328804e-05,snapshot only,1.6347487111949152e-16,2.749536709423239e-16
shared_linear_n8_T32_s9401103,shared_linear,8,32,9401103,80,8,640,pivoted_qr_repeated_basis,1e-12,784,1.225,9.8,True,5.080003757029772e-05,snapshot only,0.0,0.0
shared_linear_n8_T32_s9401103,shared_linear,8,32,9401103,80,8,640,supported_group_factors,1e-12,664,1.0375,8.3,True,0.0005617999704554677,snapshot only,0.0,0.0
shared_linear_n8_T32_s9401103,shared_linear,8,32,9401103,80,8,640,owner_block_factors,1e-12,216,0.3375,2.7,True,0.0009875999530777335,snapshot only,0.0,0.0
shared_linear_n8_T32_s9401103,shared_linear,8,32,9401103,80,8,640,kronecker_shared_input_basis,1e-12,224,0.35,2.8,True,0.0005293000722303987,snapshot only,1.6581369734504684e-16,3.608224830031759e-16
shared_linear_n8_T32_s9401103,shared_linear,8,32,9401103,80,8,640,immediate_support_exact_slice_plus_svd_residual,1e-12,168,0.2625,2.1,True,4.329998046159744e-05,snapshot only,0.0,0.0
shared_linear_n8_T32_s9401103,shared_linear,8,32,9401103,80,8,640,local_eligibility_plus_svd_residual,1e-12,168,0.2625,2.1,True,3.879994619637728e-05,snapshot only,0.0,0.0
shared_linear_n8_T32_s9401104,shared_linear,8,32,9401104,80,8,640,full_matrix,1e-08,640,1.0,8.0,True,6.00004568696022e-07,online baseline,0.0,0.0
shared_linear_n8_T32_s9401104,shared_linear,8,32,9401104,80,8,640,coordinate_sparse,1e-08,160,0.25,2.0,True,1.3399985618889332e-05,snapshot only,0.0,0.0
shared_linear_n8_T32_s9401104,shared_linear,8,32,9401104,80,8,640,block_sparse_triangular,1e-08,168,0.2625,2.1,True,6.3000014051795e-05,known closed online block recurrence,0.0,0.0
shared_linear_n8_T32_s9401104,shared_linear,8,32,9401104,80,8,640,shared_linear_factors,1e-08,17,0.0265625,0.2125,True,6.00004568696022e-07,known closed online shared recurrence,0.0,0.0
shared_linear_n8_T32_s9401104,shared_linear,8,32,9401104,80,8,640,global_svd,1e-08,704,1.1,8.8,True,9.270000737160444e-05,snapshot only,1.4777559086334521e-16,2.636779683484747e-16
shared_linear_n8_T32_s9401104,shared_linear,8,32,9401104,80,8,640,pivoted_qr_repeated_basis,1e-08,784,1.225,9.8,True,5.659996531903744e-05,snapshot only,0.0,0.0
shared_linear_n8_T32_s9401104,shared_linear,8,32,9401104,80,8,640,supported_group_factors,1e-08,664,1.0375,8.3,True,0.0005795999895781279,snapshot only,0.0,0.0
shared_linear_n8_T32_s9401104,shared_linear,8,32,9401104,80,8,640,owner_block_factors,1e-08,216,0.3375,2.7,True,0.0009838000405579805,snapshot only,0.0,0.0
shared_linear_n8_T32_s9401104,shared_linear,8,32,9401104,80,8,640,kronecker_shared_input_basis,1e-08,224,0.35,2.8,True,0.000533499987795949,snapshot only,6.534024441588507e-17,1.1102230246251565e-16
shared_linear_n8_T32_s9401104,shared_linear,8,32,9401104,80,8,640,immediate_support_exact_slice_plus_svd_residual,1e-08,168,0.2625,2.1,True,4.329998046159744e-05,snapshot only,0.0,0.0
shared_linear_n8_T32_s9401104,shared_linear,8,32,9401104,80,8,640,local_eligibility_plus_svd_residual,1e-08,168,0.2625,2.1,True,3.9400067180395126e-05,snapshot only,0.0,0.0
shared_linear_n8_T32_s9401104,shared_linear,8,32,9401104,80,8,640,global_svd,1e-10,704,1.1,8.8,True,6.799993570894003e-05,snapshot only,1.4777559086334521e-16,2.636779683484747e-16
shared_linear_n8_T32_s9401104,shared_linear,8,32,9401104,80,8,640,pivoted_qr_repeated_basis,1e-10,784,1.225,9.8,True,5.0200033001601696e-05,snapshot only,0.0,0.0
shared_linear_n8_T32_s9401104,shared_linear,8,32,9401104,80,8,640,supported_group_factors,1e-10,664,1.0375,8.3,True,0.0005620999727398157,snapshot only,0.0,0.0
shared_linear_n8_T32_s9401104,shared_linear,8,32,9401104,80,8,640,owner_block_factors,1e-10,216,0.3375,2.7,True,0.0009694999316707253,snapshot only,0.0,0.0
shared_linear_n8_T32_s9401104,shared_linear,8,32,9401104,80,8,640,kronecker_shared_input_basis,1e-10,224,0.35,2.8,True,0.0005274000577628613,snapshot only,6.534024441588507e-17,1.1102230246251565e-16
shared_linear_n8_T32_s9401104,shared_linear,8,32,9401104,80,8,640,immediate_support_exact_slice_plus_svd_residual,1e-10,168,0.2625,2.1,True,4.650000482797623e-05,snapshot only,0.0,0.0
shared_linear_n8_T32_s9401104,shared_linear,8,32,9401104,80,8,640,local_eligibility_plus_svd_residual,1e-10,168,0.2625,2.1,True,8.219992741942406e-05,snapshot only,0.0,0.0
shared_linear_n8_T32_s9401104,shared_linear,8,32,9401104,80,8,640,global_svd,1e-12,704,1.1,8.8,True,0.0001542000100016594,snapshot only,1.4777559086334521e-16,2.636779683484747e-16
shared_linear_n8_T32_s9401104,shared_linear,8,32,9401104,80,8,640,pivoted_qr_repeated_basis,1e-12,784,1.225,9.8,True,7.120007649064064e-05,snapshot only,0.0,0.0
shared_linear_n8_T32_s9401104,shared_linear,8,32,9401104,80,8,640,supported_group_factors,1e-12,664,1.0375,8.3,True,0.0006035000551491976,snapshot only,0.0,0.0
shared_linear_n8_T32_s9401104,shared_linear,8,32,9401104,80,8,640,owner_block_factors,1e-12,216,0.3375,2.7,True,0.000988899962976575,snapshot only,0.0,0.0
shared_linear_n8_T32_s9401104,shared_linear,8,32,9401104,80,8,640,kronecker_shared_input_basis,1e-12,224,0.35,2.8,True,0.0005370000144466758,snapshot only,6.534024441588507e-17,1.1102230246251565e-16
shared_linear_n8_T32_s9401104,shared_linear,8,32,9401104,80,8,640,immediate_support_exact_slice_plus_svd_residual,1e-12,168,0.2625,2.1,True,4.3599982745945454e-05,snapshot only,0.0,0.0
shared_linear_n8_T32_s9401104,shared_linear,8,32,9401104,80,8,640,local_eligibility_plus_svd_residual,1e-12,168,0.2625,2.1,True,3.979995381087065e-05,snapshot only,0.0,0.0
shared_linear_n8_T128_s9401100,shared_linear,8,128,9401100,80,8,640,full_matrix,1e-08,640,1.0,8.0,True,6.00004568696022e-07,online baseline,0.0,0.0
shared_linear_n8_T128_s9401100,shared_linear,8,128,9401100,80,8,640,coordinate_sparse,1e-08,160,0.25,2.0,True,1.4199991710484028e-05,snapshot only,0.0,0.0
shared_linear_n8_T128_s9401100,shared_linear,8,128,9401100,80,8,640,block_sparse_triangular,1e-08,168,0.2625,2.1,True,6.490002851933241e-05,known closed online block recurrence,0.0,0.0
shared_linear_n8_T128_s9401100,shared_linear,8,128,9401100,80,8,640,shared_linear_factors,1e-08,17,0.0265625,0.2125,True,6.00004568696022e-07,known closed online shared recurrence,0.0,0.0
shared_linear_n8_T128_s9401100,shared_linear,8,128,9401100,80,8,640,global_svd,1e-08,704,1.1,8.8,True,9.440002031624317e-05,snapshot only,1.184320638798818e-16,2.463307335887066e-16
shared_linear_n8_T128_s9401100,shared_linear,8,128,9401100,80,8,640,pivoted_qr_repeated_basis,1e-08,784,1.225,9.8,True,6.450002547353506e-05,snapshot only,0.0,0.0
shared_linear_n8_T128_s9401100,shared_linear,8,128,9401100,80,8,640,supported_group_factors,1e-08,664,1.0375,8.3,True,0.0005862000398337841,snapshot only,0.0,0.0
shared_linear_n8_T128_s9401100,shared_linear,8,128,9401100,80,8,640,owner_block_factors,1e-08,216,0.3375,2.7,True,0.0009876000694930553,snapshot only,0.0,0.0
shared_linear_n8_T128_s9401100,shared_linear,8,128,9401100,80,8,640,kronecker_shared_input_basis,1e-08,224,0.35,2.8,True,0.0008437000215053558,snapshot only,9.230738661697663e-17,1.3877787807814457e-16
shared_linear_n8_T128_s9401100,shared_linear,8,128,9401100,80,8,640,immediate_support_exact_slice_plus_svd_residual,1e-08,168,0.2625,2.1,True,5.350005812942982e-05,snapshot only,0.0,0.0
shared_linear_n8_T128_s9401100,shared_linear,8,128,9401100,80,8,640,local_eligibility_plus_svd_residual,1e-08,168,0.2625,2.1,True,4.1599967516958714e-05,snapshot only,0.0,0.0
shared_linear_n8_T128_s9401100,shared_linear,8,128,9401100,80,8,640,global_svd,1e-10,704,1.1,8.8,True,0.00012129999231547117,snapshot only,1.184320638798818e-16,2.463307335887066e-16
shared_linear_n8_T128_s9401100,shared_linear,8,128,9401100,80,8,640,pivoted_qr_repeated_basis,1e-10,784,1.225,9.8,True,6.829993799328804e-05,snapshot only,0.0,0.0
shared_linear_n8_T128_s9401100,shared_linear,8,128,9401100,80,8,640,supported_group_factors,1e-10,664,1.0375,8.3,True,0.0006167999235913157,snapshot only,0.0,0.0
shared_linear_n8_T128_s9401100,shared_linear,8,128,9401100,80,8,640,owner_block_factors,1e-10,216,0.3375,2.7,True,0.0010240999981760979,snapshot only,0.0,0.0
shared_linear_n8_T128_s9401100,shared_linear,8,128,9401100,80,8,640,kronecker_shared_input_basis,1e-10,224,0.35,2.8,True,0.0005498999962583184,snapshot only,9.230738661697663e-17,1.3877787807814457e-16
shared_linear_n8_T128_s9401100,shared_linear,8,128,9401100,80,8,640,immediate_support_exact_slice_plus_svd_residual,1e-10,168,0.2625,2.1,True,6.089999806135893e-05,snapshot only,0.0,0.0
shared_linear_n8_T128_s9401100,shared_linear,8,128,9401100,80,8,640,local_eligibility_plus_svd_residual,1e-10,168,0.2625,2.1,True,4.269997589290142e-05,snapshot only,0.0,0.0
shared_linear_n8_T128_s9401100,shared_linear,8,128,9401100,80,8,640,global_svd,1e-12,704,1.1,8.8,True,6.850005593150854e-05,snapshot only,1.184320638798818e-16,2.463307335887066e-16
shared_linear_n8_T128_s9401100,shared_linear,8,128,9401100,80,8,640,pivoted_qr_repeated_basis,1e-12,784,1.225,9.8,True,5.389994475990534e-05,snapshot only,0.0,0.0
shared_linear_n8_T128_s9401100,shared_linear,8,128,9401100,80,8,640,supported_group_factors,1e-12,664,1.0375,8.3,True,0.0005697000306099653,snapshot only,0.0,0.0
shared_linear_n8_T128_s9401100,shared_linear,8,128,9401100,80,8,640,owner_block_factors,1e-12,216,0.3375,2.7,True,0.0010451999260112643,snapshot only,0.0,0.0
shared_linear_n8_T128_s9401100,shared_linear,8,128,9401100,80,8,640,kronecker_shared_input_basis,1e-12,224,0.35,2.8,True,0.0005518998950719833,snapshot only,9.230738661697663e-17,1.3877787807814457e-16
shared_linear_n8_T128_s9401100,shared_linear,8,128,9401100,80,8,640,immediate_support_exact_slice_plus_svd_residual,1e-12,168,0.2625,2.1,True,4.499999340623617e-05,snapshot only,0.0,0.0
shared_linear_n8_T128_s9401100,shared_linear,8,128,9401100,80,8,640,local_eligibility_plus_svd_residual,1e-12,168,0.2625,2.1,True,3.9199949242174625e-05,snapshot only,0.0,0.0
shared_linear_n8_T128_s9401101,shared_linear,8,128,9401101,80,8,640,full_matrix,1e-08,640,1.0,8.0,True,6.00004568696022e-07,online baseline,0.0,0.0
shared_linear_n8_T128_s9401101,shared_linear,8,128,9401101,80,8,640,coordinate_sparse,1e-08,160,0.25,2.0,True,1.4899997040629387e-05,snapshot only,0.0,0.0
shared_linear_n8_T128_s9401101,shared_linear,8,128,9401101,80,8,640,block_sparse_triangular,1e-08,168,0.2625,2.1,True,6.3000014051795e-05,known closed online block recurrence,0.0,0.0
shared_linear_n8_T128_s9401101,shared_linear,8,128,9401101,80,8,640,shared_linear_factors,1e-08,17,0.0265625,0.2125,True,7.00005330145359e-07,known closed online shared recurrence,0.0,0.0
shared_linear_n8_T128_s9401101,shared_linear,8,128,9401101,80,8,640,global_svd,1e-08,704,1.1,8.8,True,9.640003554522991e-05,snapshot only,1.096113602178798e-16,2.220446049250313e-16
shared_linear_n8_T128_s9401101,shared_linear,8,128,9401101,80,8,640,pivoted_qr_repeated_basis,1e-08,784,1.225,9.8,True,6.54999166727066e-05,snapshot only,0.0,0.0
shared_linear_n8_T128_s9401101,shared_linear,8,128,9401101,80,8,640,supported_group_factors,1e-08,664,1.0375,8.3,True,0.0005869000451639295,snapshot only,0.0,0.0
shared_linear_n8_T128_s9401101,shared_linear,8,128,9401101,80,8,640,owner_block_factors,1e-08,216,0.3375,2.7,True,0.0009817000245675445,snapshot only,0.0,0.0
shared_linear_n8_T128_s9401101,shared_linear,8,128,9401101,80,8,640,kronecker_shared_input_basis,1e-08,224,0.35,2.8,True,0.0005431999452412128,snapshot only,8.372333726315013e-17,1.1102230246251565e-16
shared_linear_n8_T128_s9401101,shared_linear,8,128,9401101,80,8,640,immediate_support_exact_slice_plus_svd_residual,1e-08,168,0.2625,2.1,True,4.3899985030293465e-05,snapshot only,0.0,0.0
shared_linear_n8_T128_s9401101,shared_linear,8,128,9401101,80,8,640,local_eligibility_plus_svd_residual,1e-08,168,0.2625,2.1,True,3.8800062611699104e-05,snapshot only,0.0,0.0
shared_linear_n8_T128_s9401101,shared_linear,8,128,9401101,80,8,640,global_svd,1e-10,704,1.1,8.8,True,6.839993875473738e-05,snapshot only,1.096113602178798e-16,2.220446049250313e-16
shared_linear_n8_T128_s9401101,shared_linear,8,128,9401101,80,8,640,pivoted_qr_repeated_basis,1e-10,784,1.225,9.8,True,5.230004899203777e-05,snapshot only,0.0,0.0
shared_linear_n8_T128_s9401101,shared_linear,8,128,9401101,80,8,640,supported_group_factors,1e-10,664,1.0375,8.3,True,0.0005694000283256173,snapshot only,0.0,0.0
shared_linear_n8_T128_s9401101,shared_linear,8,128,9401101,80,8,640,owner_block_factors,1e-10,216,0.3375,2.7,True,0.0009736999636515975,snapshot only,0.0,0.0
shared_linear_n8_T128_s9401101,shared_linear,8,128,9401101,80,8,640,kronecker_shared_input_basis,1e-10,224,0.35,2.8,True,0.0005293000722303987,snapshot only,8.372333726315013e-17,1.1102230246251565e-16
shared_linear_n8_T128_s9401101,shared_linear,8,128,9401101,80,8,640,immediate_support_exact_slice_plus_svd_residual,1e-10,168,0.2625,2.1,True,4.3100095354020596e-05,snapshot only,0.0,0.0
shared_linear_n8_T128_s9401101,shared_linear,8,128,9401101,80,8,640,local_eligibility_plus_svd_residual,1e-10,168,0.2625,2.1,True,3.850006032735109e-05,snapshot only,0.0,0.0
shared_linear_n8_T128_s9401101,shared_linear,8,128,9401101,80,8,640,global_svd,1e-12,704,1.1,8.8,True,6.810005288571119e-05,snapshot only,1.096113602178798e-16,2.220446049250313e-16
shared_linear_n8_T128_s9401101,shared_linear,8,128,9401101,80,8,640,pivoted_qr_repeated_basis,1e-12,784,1.225,9.8,True,4.800001624971628e-05,snapshot only,0.0,0.0
shared_linear_n8_T128_s9401101,shared_linear,8,128,9401101,80,8,640,supported_group_factors,1e-12,664,1.0375,8.3,True,0.0005658000009134412,snapshot only,0.0,0.0
shared_linear_n8_T128_s9401101,shared_linear,8,128,9401101,80,8,640,owner_block_factors,1e-12,216,0.3375,2.7,True,0.000972700072452426,snapshot only,0.0,0.0
shared_linear_n8_T128_s9401101,shared_linear,8,128,9401101,80,8,640,kronecker_shared_input_basis,1e-12,224,0.35,2.8,True,0.0005404000403359532,snapshot only,8.372333726315013e-17,1.1102230246251565e-16
shared_linear_n8_T128_s9401101,shared_linear,8,128,9401101,80,8,640,immediate_support_exact_slice_plus_svd_residual,1e-12,168,0.2625,2.1,True,4.300009459257126e-05,snapshot only,0.0,0.0
shared_linear_n8_T128_s9401101,shared_linear,8,128,9401101,80,8,640,local_eligibility_plus_svd_residual,1e-12,168,0.2625,2.1,True,3.8100057281553745e-05,snapshot only,0.0,0.0
shared_linear_n8_T128_s9401102,shared_linear,8,128,9401102,80,8,640,full_matrix,1e-08,640,1.0,8.0,True,5.998881533741951e-07,online baseline,0.0,0.0
shared_linear_n8_T128_s9401102,shared_linear,8,128,9401102,80,8,640,coordinate_sparse,1e-08,160,0.25,2.0,True,1.4499993994832039e-05,snapshot only,0.0,0.0
shared_linear_n8_T128_s9401102,shared_linear,8,128,9401102,80,8,640,block_sparse_triangular,1e-08,168,0.2625,2.1,True,6.089999806135893e-05,known closed online block recurrence,0.0,0.0
shared_linear_n8_T128_s9401102,shared_linear,8,128,9401102,80,8,640,shared_linear_factors,1e-08,17,0.0265625,0.2125,True,1.200009137392044e-06,known closed online shared recurrence,0.0,0.0
shared_linear_n8_T128_s9401102,shared_linear,8,128,9401102,80,8,640,global_svd,1e-08,704,1.1,8.8,True,9.490002412348986e-05,snapshot only,1.4654687235207695e-16,2.220446049250313e-16
shared_linear_n8_T128_s9401102,shared_linear,8,128,9401102,80,8,640,pivoted_qr_repeated_basis,1e-08,784,1.225,9.8,True,5.880009848624468e-05,snapshot only,0.0,0.0
shared_linear_n8_T128_s9401102,shared_linear,8,128,9401102,80,8,640,supported_group_factors,1e-08,664,1.0375,8.3,True,0.0005585999460890889,snapshot only,0.0,0.0
shared_linear_n8_T128_s9401102,shared_linear,8,128,9401102,80,8,640,owner_block_factors,1e-08,216,0.3375,2.7,True,0.0010826000943779945,snapshot only,0.0,0.0
shared_linear_n8_T128_s9401102,shared_linear,8,128,9401102,80,8,640,kronecker_shared_input_basis,1e-08,224,0.35,2.8,True,0.0005987000185996294,snapshot only,4.4421000567630424e-17,5.551115123125783e-17
shared_linear_n8_T128_s9401102,shared_linear,8,128,9401102,80,8,640,immediate_support_exact_slice_plus_svd_residual,1e-08,168,0.2625,2.1,True,4.600000102072954e-05,snapshot only,0.0,0.0
shared_linear_n8_T128_s9401102,shared_linear,8,128,9401102,80,8,640,local_eligibility_plus_svd_residual,1e-08,168,0.2625,2.1,True,3.970006946474314e-05,snapshot only,0.0,0.0
shared_linear_n8_T128_s9401102,shared_linear,8,128,9401102,80,8,640,global_svd,1e-10,704,1.1,8.8,True,6.639992352575064e-05,snapshot only,1.4654687235207695e-16,2.220446049250313e-16
shared_linear_n8_T128_s9401102,shared_linear,8,128,9401102,80,8,640,pivoted_qr_repeated_basis,1e-10,784,1.225,9.8,True,5.170004442334175e-05,snapshot only,0.0,0.0
shared_linear_n8_T128_s9401102,shared_linear,8,128,9401102,80,8,640,supported_group_factors,1e-10,664,1.0375,8.3,True,0.0005456999642774463,snapshot only,0.0,0.0
shared_linear_n8_T128_s9401102,shared_linear,8,128,9401102,80,8,640,owner_block_factors,1e-10,216,0.3375,2.7,True,0.00095699995290488,snapshot only,0.0,0.0
shared_linear_n8_T128_s9401102,shared_linear,8,128,9401102,80,8,640,kronecker_shared_input_basis,1e-10,224,0.35,2.8,True,0.0005207000067457557,snapshot only,4.4421000567630424e-17,5.551115123125783e-17
shared_linear_n8_T128_s9401102,shared_linear,8,128,9401102,80,8,640,immediate_support_exact_slice_plus_svd_residual,1e-10,168,0.2625,2.1,True,4.6900007873773575e-05,snapshot only,0.0,0.0
shared_linear_n8_T128_s9401102,shared_linear,8,128,9401102,80,8,640,local_eligibility_plus_svd_residual,1e-10,168,0.2625,2.1,True,3.709993325173855e-05,snapshot only,0.0,0.0
shared_linear_n8_T128_s9401102,shared_linear,8,128,9401102,80,8,640,global_svd,1e-12,704,1.1,8.8,True,6.980006583034992e-05,snapshot only,1.4654687235207695e-16,2.220446049250313e-16
shared_linear_n8_T128_s9401102,shared_linear,8,128,9401102,80,8,640,pivoted_qr_repeated_basis,1e-12,784,1.225,9.8,True,5.979998968541622e-05,snapshot only,0.0,0.0
shared_linear_n8_T128_s9401102,shared_linear,8,128,9401102,80,8,640,supported_group_factors,1e-12,664,1.0375,8.3,True,0.0005599999567493796,snapshot only,0.0,0.0
shared_linear_n8_T128_s9401102,shared_linear,8,128,9401102,80,8,640,owner_block_factors,1e-12,216,0.3375,2.7,True,0.000941299949772656,snapshot only,0.0,0.0
shared_linear_n8_T128_s9401102,shared_linear,8,128,9401102,80,8,640,kronecker_shared_input_basis,1e-12,224,0.35,2.8,True,0.0005206998903304338,snapshot only,4.4421000567630424e-17,5.551115123125783e-17
shared_linear_n8_T128_s9401102,shared_linear,8,128,9401102,80,8,640,immediate_support_exact_slice_plus_svd_residual,1e-12,168,0.2625,2.1,True,4.1599967516958714e-05,snapshot only,0.0,0.0
shared_linear_n8_T128_s9401102,shared_linear,8,128,9401102,80,8,640,local_eligibility_plus_svd_residual,1e-12,168,0.2625,2.1,True,3.800005652010441e-05,snapshot only,0.0,0.0
shared_linear_n8_T128_s9401103,shared_linear,8,128,9401103,80,8,640,full_matrix,1e-08,640,1.0,8.0,True,7.00005330145359e-07,online baseline,0.0,0.0
shared_linear_n8_T128_s9401103,shared_linear,8,128,9401103,80,8,640,coordinate_sparse,1e-08,160,0.25,2.0,True,1.6700010746717453e-05,snapshot only,0.0,0.0
shared_linear_n8_T128_s9401103,shared_linear,8,128,9401103,80,8,640,block_sparse_triangular,1e-08,168,0.2625,2.1,True,6.889994256198406e-05,known closed online block recurrence,0.0,0.0
shared_linear_n8_T128_s9401103,shared_linear,8,128,9401103,80,8,640,shared_linear_factors,1e-08,17,0.0265625,0.2125,True,4.00003045797348e-07,known closed online shared recurrence,0.0,0.0
shared_linear_n8_T128_s9401103,shared_linear,8,128,9401103,80,8,640,global_svd,1e-08,704,1.1,8.8,True,0.00011829996947199106,snapshot only,1.031563185189781e-16,2.220446049250313e-16
shared_linear_n8_T128_s9401103,shared_linear,8,128,9401103,80,8,640,pivoted_qr_repeated_basis,1e-08,784,1.225,9.8,True,6.940006278455257e-05,snapshot only,0.0,0.0
shared_linear_n8_T128_s9401103,shared_linear,8,128,9401103,80,8,640,supported_group_factors,1e-08,664,1.0375,8.3,True,0.0006349000614136457,snapshot only,0.0,0.0
shared_linear_n8_T128_s9401103,shared_linear,8,128,9401103,80,8,640,owner_block_factors,1e-08,216,0.3375,2.7,True,0.0014670001110062003,snapshot only,0.0,0.0
shared_linear_n8_T128_s9401103,shared_linear,8,128,9401103,80,8,640,kronecker_shared_input_basis,1e-08,224,0.35,2.8,True,0.0007781999884173274,snapshot only,9.133393383077893e-17,1.1102230246251565e-16
shared_linear_n8_T128_s9401103,shared_linear,8,128,9401103,80,8,640,immediate_support_exact_slice_plus_svd_residual,1e-08,168,0.2625,2.1,True,5.3699943237006664e-05,snapshot only,0.0,0.0
shared_linear_n8_T128_s9401103,shared_linear,8,128,9401103,80,8,640,local_eligibility_plus_svd_residual,1e-08,168,0.2625,2.1,True,4.8699905164539814e-05,snapshot only,0.0,0.0
shared_linear_n8_T128_s9401103,shared_linear,8,128,9401103,80,8,640,global_svd,1e-10,704,1.1,8.8,True,7.309997454285622e-05,snapshot only,1.031563185189781e-16,2.220446049250313e-16
shared_linear_n8_T128_s9401103,shared_linear,8,128,9401103,80,8,640,pivoted_qr_repeated_basis,1e-10,784,1.225,9.8,True,6.430002395063639e-05,snapshot only,0.0,0.0
shared_linear_n8_T128_s9401103,shared_linear,8,128,9401103,80,8,640,supported_group_factors,1e-10,664,1.0375,8.3,True,0.0005879000527784228,snapshot only,0.0,0.0
shared_linear_n8_T128_s9401103,shared_linear,8,128,9401103,80,8,640,owner_block_factors,1e-10,216,0.3375,2.7,True,0.0010337999556213617,snapshot only,0.0,0.0
shared_linear_n8_T128_s9401103,shared_linear,8,128,9401103,80,8,640,kronecker_shared_input_basis,1e-10,224,0.35,2.8,True,0.0005630999803543091,snapshot only,9.133393383077893e-17,1.1102230246251565e-16
shared_linear_n8_T128_s9401103,shared_linear,8,128,9401103,80,8,640,immediate_support_exact_slice_plus_svd_residual,1e-10,168,0.2625,2.1,True,4.5900000259280205e-05,snapshot only,0.0,0.0
shared_linear_n8_T128_s9401103,shared_linear,8,128,9401103,80,8,640,local_eligibility_plus_svd_residual,1e-10,168,0.2625,2.1,True,3.96000687032938e-05,snapshot only,0.0,0.0
shared_linear_n8_T128_s9401103,shared_linear,8,128,9401103,80,8,640,global_svd,1e-12,704,1.1,8.8,True,6.910006050020456e-05,snapshot only,1.031563185189781e-16,2.220446049250313e-16
shared_linear_n8_T128_s9401103,shared_linear,8,128,9401103,80,8,640,pivoted_qr_repeated_basis,1e-12,784,1.225,9.8,True,5.270005203783512e-05,snapshot only,0.0,0.0
shared_linear_n8_T128_s9401103,shared_linear,8,128,9401103,80,8,640,supported_group_factors,1e-12,664,1.0375,8.3,True,0.0005724000511690974,snapshot only,0.0,0.0
shared_linear_n8_T128_s9401103,shared_linear,8,128,9401103,80,8,640,owner_block_factors,1e-12,216,0.3375,2.7,True,0.0009949000086635351,snapshot only,0.0,0.0
shared_linear_n8_T128_s9401103,shared_linear,8,128,9401103,80,8,640,kronecker_shared_input_basis,1e-12,224,0.35,2.8,True,0.0005403000395745039,snapshot only,9.133393383077893e-17,1.1102230246251565e-16
shared_linear_n8_T128_s9401103,shared_linear,8,128,9401103,80,8,640,immediate_support_exact_slice_plus_svd_residual,1e-12,168,0.2625,2.1,True,4.709989298135042e-05,snapshot only,0.0,0.0
shared_linear_n8_T128_s9401103,shared_linear,8,128,9401103,80,8,640,local_eligibility_plus_svd_residual,1e-12,168,0.2625,2.1,True,4.300009459257126e-05,snapshot only,0.0,0.0
shared_linear_n8_T128_s9401104,shared_linear,8,128,9401104,80,8,640,full_matrix,1e-08,640,1.0,8.0,True,6.00004568696022e-07,online baseline,0.0,0.0
shared_linear_n8_T128_s9401104,shared_linear,8,128,9401104,80,8,640,coordinate_sparse,1e-08,160,0.25,2.0,True,1.650000922381878e-05,snapshot only,0.0,0.0
shared_linear_n8_T128_s9401104,shared_linear,8,128,9401104,80,8,640,block_sparse_triangular,1e-08,168,0.2625,2.1,True,6.890005897730589e-05,known closed online block recurrence,0.0,0.0
shared_linear_n8_T128_s9401104,shared_linear,8,128,9401104,80,8,640,shared_linear_factors,1e-08,17,0.0265625,0.2125,True,3.00002284348011e-07,known closed online shared recurrence,0.0,0.0
shared_linear_n8_T128_s9401104,shared_linear,8,128,9401104,80,8,640,global_svd,1e-08,704,1.1,8.8,True,0.00010790000669658184,snapshot only,1.1490547231429137e-16,2.220446049250313e-16
shared_linear_n8_T128_s9401104,shared_linear,8,128,9401104,80,8,640,pivoted_qr_repeated_basis,1e-08,784,1.225,9.8,True,6.420002318918705e-05,snapshot only,0.0,0.0
shared_linear_n8_T128_s9401104,shared_linear,8,128,9401104,80,8,640,supported_group_factors,1e-08,664,1.0375,8.3,True,0.0006222999654710293,snapshot only,0.0,0.0
shared_linear_n8_T128_s9401104,shared_linear,8,128,9401104,80,8,640,owner_block_factors,1e-08,216,0.3375,2.7,True,0.000992799992673099,snapshot only,0.0,0.0
shared_linear_n8_T128_s9401104,shared_linear,8,128,9401104,80,8,640,kronecker_shared_input_basis,1e-08,224,0.35,2.8,True,0.0005525000160560012,snapshot only,1.0376588864498252e-16,2.7755575615628914e-16
shared_linear_n8_T128_s9401104,shared_linear,8,128,9401104,80,8,640,immediate_support_exact_slice_plus_svd_residual,1e-08,168,0.2625,2.1,True,4.600000102072954e-05,snapshot only,0.0,0.0
shared_linear_n8_T128_s9401104,shared_linear,8,128,9401104,80,8,640,local_eligibility_plus_svd_residual,1e-08,168,0.2625,2.1,True,4.000007174909115e-05,snapshot only,0.0,0.0
shared_linear_n8_T128_s9401104,shared_linear,8,128,9401104,80,8,640,global_svd,1e-10,704,1.1,8.8,True,7.020006887614727e-05,snapshot only,1.1490547231429137e-16,2.220446049250313e-16
shared_linear_n8_T128_s9401104,shared_linear,8,128,9401104,80,8,640,pivoted_qr_repeated_basis,1e-10,784,1.225,9.8,True,5.18999295309186e-05,snapshot only,0.0,0.0
shared_linear_n8_T128_s9401104,shared_linear,8,128,9401104,80,8,640,supported_group_factors,1e-10,664,1.0375,8.3,True,0.0007937999907881021,snapshot only,0.0,0.0
shared_linear_n8_T128_s9401104,shared_linear,8,128,9401104,80,8,640,owner_block_factors,1e-10,216,0.3375,2.7,True,0.001083899987861514,snapshot only,0.0,0.0
shared_linear_n8_T128_s9401104,shared_linear,8,128,9401104,80,8,640,kronecker_shared_input_basis,1e-10,224,0.35,2.8,True,0.0005571000510826707,snapshot only,1.0376588864498252e-16,2.7755575615628914e-16
shared_linear_n8_T128_s9401104,shared_linear,8,128,9401104,80,8,640,immediate_support_exact_slice_plus_svd_residual,1e-10,168,0.2625,2.1,True,4.449998959898949e-05,snapshot only,0.0,0.0
shared_linear_n8_T128_s9401104,shared_linear,8,128,9401104,80,8,640,local_eligibility_plus_svd_residual,1e-10,168,0.2625,2.1,True,3.930006641894579e-05,snapshot only,0.0,0.0
shared_linear_n8_T128_s9401104,shared_linear,8,128,9401104,80,8,640,global_svd,1e-12,704,1.1,8.8,True,6.799993570894003e-05,snapshot only,1.1490547231429137e-16,2.220446049250313e-16
shared_linear_n8_T128_s9401104,shared_linear,8,128,9401104,80,8,640,pivoted_qr_repeated_basis,1e-12,784,1.225,9.8,True,5.3799943998456e-05,snapshot only,0.0,0.0
shared_linear_n8_T128_s9401104,shared_linear,8,128,9401104,80,8,640,supported_group_factors,1e-12,664,1.0375,8.3,True,0.0005642999894917011,snapshot only,0.0,0.0
shared_linear_n8_T128_s9401104,shared_linear,8,128,9401104,80,8,640,owner_block_factors,1e-12,216,0.3375,2.7,True,0.0009797000093385577,snapshot only,0.0,0.0
shared_linear_n8_T128_s9401104,shared_linear,8,128,9401104,80,8,640,kronecker_shared_input_basis,1e-12,224,0.35,2.8,True,0.0005592999514192343,snapshot only,1.0376588864498252e-16,2.7755575615628914e-16
shared_linear_n8_T128_s9401104,shared_linear,8,128,9401104,80,8,640,immediate_support_exact_slice_plus_svd_residual,1e-12,168,0.2625,2.1,True,4.759989678859711e-05,snapshot only,0.0,0.0
shared_linear_n8_T128_s9401104,shared_linear,8,128,9401104,80,8,640,local_eligibility_plus_svd_residual,1e-12,168,0.2625,2.1,True,9.650003630667925e-05,snapshot only,0.0,0.0
shared_linear_n16_T32_s9401100,shared_linear,16,32,9401100,288,16,4608,full_matrix,1e-08,4608,1.0,16.0,True,6.00004568696022e-07,online baseline,0.0,0.0
shared_linear_n16_T32_s9401100,shared_linear,16,32,9401100,288,16,4608,coordinate_sparse,1e-08,576,0.125,2.0,True,1.8300022929906845e-05,snapshot only,0.0,0.0
shared_linear_n16_T32_s9401100,shared_linear,16,32,9401100,288,16,4608,block_sparse_triangular,1e-08,592,0.1284722222222222,2.0555555555555554,True,0.00012250000145286322,known closed online block recurrence,0.0,0.0
shared_linear_n16_T32_s9401100,shared_linear,16,32,9401100,288,16,4608,shared_linear_factors,1e-08,33,0.007161458333333333,0.11458333333333333,True,3.00002284348011e-07,known closed online shared recurrence,0.0,0.0
shared_linear_n16_T32_s9401100,shared_linear,16,32,9401100,288,16,4608,global_svd,1e-08,4864,1.0555555555555556,16.88888888888889,True,0.00021109997760504484,snapshot only,1.3248272511055428e-16,2.498001805406602e-16
shared_linear_n16_T32_s9401100,shared_linear,16,32,9401100,288,16,4608,pivoted_qr_repeated_basis,1e-08,5152,1.1180555555555556,17.88888888888889,True,0.00010440009646117687,snapshot only,0.0,0.0
shared_linear_n16_T32_s9401100,shared_linear,16,32,9401100,288,16,4608,supported_group_factors,1e-08,4656,1.0104166666666667,16.166666666666668,True,0.001460100058466196,snapshot only,0.0,0.0
shared_linear_n16_T32_s9401100,shared_linear,16,32,9401100,288,16,4608,owner_block_factors,1e-08,816,0.17708333333333334,2.8333333333333335,True,0.002323599997907877,snapshot only,0.0,0.0
shared_linear_n16_T32_s9401100,shared_linear,16,32,9401100,288,16,4608,kronecker_shared_input_basis,1e-08,832,0.18055555555555555,2.888888888888889,True,0.0014049999881535769,snapshot only,1.6740298786987121e-16,3.3306690738754696e-16
shared_linear_n16_T32_s9401100,shared_linear,16,32,9401100,288,16,4608,immediate_support_exact_slice_plus_svd_residual,1e-08,592,0.1284722222222222,2.0555555555555554,True,7.800001185387373e-05,snapshot only,0.0,0.0
shared_linear_n16_T32_s9401100,shared_linear,16,32,9401100,288,16,4608,local_eligibility_plus_svd_residual,1e-08,592,0.1284722222222222,2.0555555555555554,True,7.160007953643799e-05,snapshot only,0.0,0.0
shared_linear_n16_T32_s9401100,shared_linear,16,32,9401100,288,16,4608,global_svd,1e-10,4864,1.0555555555555556,16.88888888888889,True,0.00014969997573643923,snapshot only,1.3248272511055428e-16,2.498001805406602e-16
shared_linear_n16_T32_s9401100,shared_linear,16,32,9401100,288,16,4608,pivoted_qr_repeated_basis,1e-10,5152,1.1180555555555556,17.88888888888889,True,9.480002336204052e-05,snapshot only,0.0,0.0
shared_linear_n16_T32_s9401100,shared_linear,16,32,9401100,288,16,4608,supported_group_factors,1e-10,4656,1.0104166666666667,16.166666666666668,True,0.0014674999983981252,snapshot only,0.0,0.0
shared_linear_n16_T32_s9401100,shared_linear,16,32,9401100,288,16,4608,owner_block_factors,1e-10,816,0.17708333333333334,2.8333333333333335,True,0.0022555000614374876,snapshot only,0.0,0.0
shared_linear_n16_T32_s9401100,shared_linear,16,32,9401100,288,16,4608,kronecker_shared_input_basis,1e-10,832,0.18055555555555555,2.888888888888889,True,0.0014121000422164798,snapshot only,1.6740298786987121e-16,3.3306690738754696e-16
shared_linear_n16_T32_s9401100,shared_linear,16,32,9401100,288,16,4608,immediate_support_exact_slice_plus_svd_residual,1e-10,592,0.1284722222222222,2.0555555555555554,True,8.489994797855616e-05,snapshot only,0.0,0.0
shared_linear_n16_T32_s9401100,shared_linear,16,32,9401100,288,16,4608,local_eligibility_plus_svd_residual,1e-10,592,0.1284722222222222,2.0555555555555554,True,6.939994636923075e-05,snapshot only,0.0,0.0
shared_linear_n16_T32_s9401100,shared_linear,16,32,9401100,288,16,4608,global_svd,1e-12,4864,1.0555555555555556,16.88888888888889,True,0.0003079000161960721,snapshot only,1.3248272511055428e-16,2.498001805406602e-16
shared_linear_n16_T32_s9401100,shared_linear,16,32,9401100,288,16,4608,pivoted_qr_repeated_basis,1e-12,5152,1.1180555555555556,17.88888888888889,True,0.00010659999679774046,snapshot only,0.0,0.0
shared_linear_n16_T32_s9401100,shared_linear,16,32,9401100,288,16,4608,supported_group_factors,1e-12,4656,1.0104166666666667,16.166666666666668,True,0.0017244000919163227,snapshot only,0.0,0.0
shared_linear_n16_T32_s9401100,shared_linear,16,32,9401100,288,16,4608,owner_block_factors,1e-12,816,0.17708333333333334,2.8333333333333335,True,0.002388700027950108,snapshot only,0.0,0.0
shared_linear_n16_T32_s9401100,shared_linear,16,32,9401100,288,16,4608,kronecker_shared_input_basis,1e-12,832,0.18055555555555555,2.888888888888889,True,0.001385000068694353,snapshot only,1.6740298786987121e-16,3.3306690738754696e-16
shared_linear_n16_T32_s9401100,shared_linear,16,32,9401100,288,16,4608,immediate_support_exact_slice_plus_svd_residual,1e-12,592,0.1284722222222222,2.0555555555555554,True,7.960002403706312e-05,snapshot only,0.0,0.0
shared_linear_n16_T32_s9401100,shared_linear,16,32,9401100,288,16,4608,local_eligibility_plus_svd_residual,1e-12,592,0.1284722222222222,2.0555555555555554,True,7.16999638825655e-05,snapshot only,0.0,0.0
shared_linear_n16_T32_s9401101,shared_linear,16,32,9401101,288,16,4608,full_matrix,1e-08,4608,1.0,16.0,True,6.00004568696022e-07,online baseline,0.0,0.0
shared_linear_n16_T32_s9401101,shared_linear,16,32,9401101,288,16,4608,coordinate_sparse,1e-08,576,0.125,2.0,True,1.5300000086426735e-05,snapshot only,0.0,0.0
shared_linear_n16_T32_s9401101,shared_linear,16,32,9401101,288,16,4608,block_sparse_triangular,1e-08,592,0.1284722222222222,2.0555555555555554,True,0.00011999998241662979,known closed online block recurrence,0.0,0.0
shared_linear_n16_T32_s9401101,shared_linear,16,32,9401101,288,16,4608,shared_linear_factors,1e-08,33,0.007161458333333333,0.11458333333333333,True,3.00002284348011e-07,known closed online shared recurrence,0.0,0.0
shared_linear_n16_T32_s9401101,shared_linear,16,32,9401101,288,16,4608,global_svd,1e-08,4864,1.0555555555555556,16.88888888888889,True,0.00018279999494552612,snapshot only,1.2061866262504761e-16,3.0531133177191805e-16
shared_linear_n16_T32_s9401101,shared_linear,16,32,9401101,288,16,4608,pivoted_qr_repeated_basis,1e-08,5152,1.1180555555555556,17.88888888888889,True,9.96999442577362e-05,snapshot only,0.0,0.0
shared_linear_n16_T32_s9401101,shared_linear,16,32,9401101,288,16,4608,supported_group_factors,1e-08,4656,1.0104166666666667,16.166666666666668,True,0.0015743999974802136,snapshot only,0.0,0.0
shared_linear_n16_T32_s9401101,shared_linear,16,32,9401101,288,16,4608,owner_block_factors,1e-08,816,0.17708333333333334,2.8333333333333335,True,0.00229199999012053,snapshot only,0.0,0.0
shared_linear_n16_T32_s9401101,shared_linear,16,32,9401101,288,16,4608,kronecker_shared_input_basis,1e-08,832,0.18055555555555555,2.888888888888889,True,0.0013650000328198075,snapshot only,1.228445250804887e-16,2.7755575615628914e-16
shared_linear_n16_T32_s9401101,shared_linear,16,32,9401101,288,16,4608,immediate_support_exact_slice_plus_svd_residual,1e-08,592,0.1284722222222222,2.0555555555555554,True,7.499998901039362e-05,snapshot only,0.0,0.0
shared_linear_n16_T32_s9401101,shared_linear,16,32,9401101,288,16,4608,local_eligibility_plus_svd_residual,1e-08,592,0.1284722222222222,2.0555555555555554,True,6.710004527121782e-05,snapshot only,0.0,0.0
shared_linear_n16_T32_s9401101,shared_linear,16,32,9401101,288,16,4608,global_svd,1e-10,4864,1.0555555555555556,16.88888888888889,True,0.0001471999567002058,snapshot only,1.2061866262504761e-16,3.0531133177191805e-16
shared_linear_n16_T32_s9401101,shared_linear,16,32,9401101,288,16,4608,pivoted_qr_repeated_basis,1e-10,5152,1.1180555555555556,17.88888888888889,True,9.029998909682035e-05,snapshot only,0.0,0.0
shared_linear_n16_T32_s9401101,shared_linear,16,32,9401101,288,16,4608,supported_group_factors,1e-10,4656,1.0104166666666667,16.166666666666668,True,0.0014038999797776341,snapshot only,0.0,0.0
shared_linear_n16_T32_s9401101,shared_linear,16,32,9401101,288,16,4608,owner_block_factors,1e-10,816,0.17708333333333334,2.8333333333333335,True,0.002254399936646223,snapshot only,0.0,0.0
shared_linear_n16_T32_s9401101,shared_linear,16,32,9401101,288,16,4608,kronecker_shared_input_basis,1e-10,832,0.18055555555555555,2.888888888888889,True,0.0013392000691965222,snapshot only,1.228445250804887e-16,2.7755575615628914e-16
shared_linear_n16_T32_s9401101,shared_linear,16,32,9401101,288,16,4608,immediate_support_exact_slice_plus_svd_residual,1e-10,592,0.1284722222222222,2.0555555555555554,True,7.559999357908964e-05,snapshot only,0.0,0.0
shared_linear_n16_T32_s9401101,shared_linear,16,32,9401101,288,16,4608,local_eligibility_plus_svd_residual,1e-10,592,0.1284722222222222,2.0555555555555554,True,6.509991362690926e-05,snapshot only,0.0,0.0
shared_linear_n16_T32_s9401101,shared_linear,16,32,9401101,288,16,4608,global_svd,1e-12,4864,1.0555555555555556,16.88888888888889,True,0.00014459993690252304,snapshot only,1.2061866262504761e-16,3.0531133177191805e-16
shared_linear_n16_T32_s9401101,shared_linear,16,32,9401101,288,16,4608,pivoted_qr_repeated_basis,1e-12,5152,1.1180555555555556,17.88888888888889,True,8.620007429271936e-05,snapshot only,0.0,0.0
shared_linear_n16_T32_s9401101,shared_linear,16,32,9401101,288,16,4608,supported_group_factors,1e-12,4656,1.0104166666666667,16.166666666666668,True,0.0014075000071898103,snapshot only,0.0,0.0
shared_linear_n16_T32_s9401101,shared_linear,16,32,9401101,288,16,4608,owner_block_factors,1e-12,816,0.17708333333333334,2.8333333333333335,True,0.0025133000453934073,snapshot only,0.0,0.0
shared_linear_n16_T32_s9401101,shared_linear,16,32,9401101,288,16,4608,kronecker_shared_input_basis,1e-12,832,0.18055555555555555,2.888888888888889,True,0.0015573999844491482,snapshot only,1.228445250804887e-16,2.7755575615628914e-16
shared_linear_n16_T32_s9401101,shared_linear,16,32,9401101,288,16,4608,immediate_support_exact_slice_plus_svd_residual,1e-12,592,0.1284722222222222,2.0555555555555554,True,0.00013810000382363796,snapshot only,0.0,0.0
shared_linear_n16_T32_s9401101,shared_linear,16,32,9401101,288,16,4608,local_eligibility_plus_svd_residual,1e-12,592,0.1284722222222222,2.0555555555555554,True,7.860001642256975e-05,snapshot only,0.0,0.0
shared_linear_n16_T32_s9401102,shared_linear,16,32,9401102,288,16,4608,full_matrix,1e-08,4608,1.0,16.0,True,6.00004568696022e-07,online baseline,0.0,0.0
shared_linear_n16_T32_s9401102,shared_linear,16,32,9401102,288,16,4608,coordinate_sparse,1e-08,576,0.125,2.0,True,1.7000013031065464e-05,snapshot only,0.0,0.0
shared_linear_n16_T32_s9401102,shared_linear,16,32,9401102,288,16,4608,block_sparse_triangular,1e-08,592,0.1284722222222222,2.0555555555555554,True,0.00012260000221431255,known closed online block recurrence,0.0,0.0
shared_linear_n16_T32_s9401102,shared_linear,16,32,9401102,288,16,4608,shared_linear_factors,1e-08,33,0.007161458333333333,0.11458333333333333,True,5.00003807246685e-07,known closed online shared recurrence,0.0,0.0
shared_linear_n16_T32_s9401102,shared_linear,16,32,9401102,288,16,4608,global_svd,1e-08,4864,1.0555555555555556,16.88888888888889,True,0.00019180006347596645,snapshot only,1.365829613731207e-16,2.393918396847994e-16
shared_linear_n16_T32_s9401102,shared_linear,16,32,9401102,288,16,4608,pivoted_qr_repeated_basis,1e-08,5152,1.1180555555555556,17.88888888888889,True,9.899993892759085e-05,snapshot only,0.0,0.0
shared_linear_n16_T32_s9401102,shared_linear,16,32,9401102,288,16,4608,supported_group_factors,1e-08,4656,1.0104166666666667,16.166666666666668,True,0.001414499944075942,snapshot only,0.0,0.0
shared_linear_n16_T32_s9401102,shared_linear,16,32,9401102,288,16,4608,owner_block_factors,1e-08,816,0.17708333333333334,2.8333333333333335,True,0.002303300076164305,snapshot only,0.0,0.0
shared_linear_n16_T32_s9401102,shared_linear,16,32,9401102,288,16,4608,kronecker_shared_input_basis,1e-08,832,0.18055555555555555,2.888888888888889,True,0.001365399919450283,snapshot only,7.812548437853885e-17,8.326672684688674e-17
shared_linear_n16_T32_s9401102,shared_linear,16,32,9401102,288,16,4608,immediate_support_exact_slice_plus_svd_residual,1e-08,592,0.1284722222222222,2.0555555555555554,True,9.899993892759085e-05,snapshot only,0.0,0.0
shared_linear_n16_T32_s9401102,shared_linear,16,32,9401102,288,16,4608,local_eligibility_plus_svd_residual,1e-08,592,0.1284722222222222,2.0555555555555554,True,6.89999433234334e-05,snapshot only,0.0,0.0
shared_linear_n16_T32_s9401102,shared_linear,16,32,9401102,288,16,4608,global_svd,1e-10,4864,1.0555555555555556,16.88888888888889,True,0.00014589994680136442,snapshot only,1.365829613731207e-16,2.393918396847994e-16
shared_linear_n16_T32_s9401102,shared_linear,16,32,9401102,288,16,4608,pivoted_qr_repeated_basis,1e-10,5152,1.1180555555555556,17.88888888888889,True,8.809997234493494e-05,snapshot only,0.0,0.0
shared_linear_n16_T32_s9401102,shared_linear,16,32,9401102,288,16,4608,supported_group_factors,1e-10,4656,1.0104166666666667,16.166666666666668,True,0.0013896999880671501,snapshot only,0.0,0.0
shared_linear_n16_T32_s9401102,shared_linear,16,32,9401102,288,16,4608,owner_block_factors,1e-10,816,0.17708333333333334,2.8333333333333335,True,0.0022545000538229942,snapshot only,0.0,0.0
shared_linear_n16_T32_s9401102,shared_linear,16,32,9401102,288,16,4608,kronecker_shared_input_basis,1e-10,832,0.18055555555555555,2.888888888888889,True,0.0014666999923065305,snapshot only,7.812548437853885e-17,8.326672684688674e-17
shared_linear_n16_T32_s9401102,shared_linear,16,32,9401102,288,16,4608,immediate_support_exact_slice_plus_svd_residual,1e-10,592,0.1284722222222222,2.0555555555555554,True,7.509998977184296e-05,snapshot only,0.0,0.0
shared_linear_n16_T32_s9401102,shared_linear,16,32,9401102,288,16,4608,local_eligibility_plus_svd_residual,1e-10,592,0.1284722222222222,2.0555555555555554,True,6.699992809444666e-05,snapshot only,0.0,0.0
shared_linear_n16_T32_s9401102,shared_linear,16,32,9401102,288,16,4608,global_svd,1e-12,4864,1.0555555555555556,16.88888888888889,True,0.0001444000517949462,snapshot only,1.365829613731207e-16,2.393918396847994e-16
shared_linear_n16_T32_s9401102,shared_linear,16,32,9401102,288,16,4608,pivoted_qr_repeated_basis,1e-12,5152,1.1180555555555556,17.88888888888889,True,8.589995559304953e-05,snapshot only,0.0,0.0
shared_linear_n16_T32_s9401102,shared_linear,16,32,9401102,288,16,4608,supported_group_factors,1e-12,4656,1.0104166666666667,16.166666666666668,True,0.0013879999751225114,snapshot only,0.0,0.0
shared_linear_n16_T32_s9401102,shared_linear,16,32,9401102,288,16,4608,owner_block_factors,1e-12,816,0.17708333333333334,2.8333333333333335,True,0.0023189999628812075,snapshot only,0.0,0.0
shared_linear_n16_T32_s9401102,shared_linear,16,32,9401102,288,16,4608,kronecker_shared_input_basis,1e-12,832,0.18055555555555555,2.888888888888889,True,0.001355100073851645,snapshot only,7.812548437853885e-17,8.326672684688674e-17
shared_linear_n16_T32_s9401102,shared_linear,16,32,9401102,288,16,4608,immediate_support_exact_slice_plus_svd_residual,1e-12,592,0.1284722222222222,2.0555555555555554,True,7.239996921271086e-05,snapshot only,0.0,0.0
shared_linear_n16_T32_s9401102,shared_linear,16,32,9401102,288,16,4608,local_eligibility_plus_svd_residual,1e-12,592,0.1284722222222222,2.0555555555555554,True,6.54999166727066e-05,snapshot only,0.0,0.0
shared_linear_n16_T32_s9401103,shared_linear,16,32,9401103,288,16,4608,full_matrix,1e-08,4608,1.0,16.0,True,7.00005330145359e-07,online baseline,0.0,0.0
shared_linear_n16_T32_s9401103,shared_linear,16,32,9401103,288,16,4608,coordinate_sparse,1e-08,576,0.125,2.0,True,1.9300030544400215e-05,snapshot only,0.0,0.0
shared_linear_n16_T32_s9401103,shared_linear,16,32,9401103,288,16,4608,block_sparse_triangular,1e-08,592,0.1284722222222222,2.0555555555555554,True,0.00012039998546242714,known closed online block recurrence,0.0,0.0
shared_linear_n16_T32_s9401103,shared_linear,16,32,9401103,288,16,4608,shared_linear_factors,1e-08,33,0.007161458333333333,0.11458333333333333,True,3.00002284348011e-07,known closed online shared recurrence,0.0,0.0
shared_linear_n16_T32_s9401103,shared_linear,16,32,9401103,288,16,4608,global_svd,1e-08,4864,1.0555555555555556,16.88888888888889,True,0.000228599994443357,snapshot only,1.3243350790472689e-16,4.440892098500626e-16
shared_linear_n16_T32_s9401103,shared_linear,16,32,9401103,288,16,4608,pivoted_qr_repeated_basis,1e-08,5152,1.1180555555555556,17.88888888888889,True,0.0001023999648168683,snapshot only,0.0,0.0
shared_linear_n16_T32_s9401103,shared_linear,16,32,9401103,288,16,4608,supported_group_factors,1e-08,4656,1.0104166666666667,16.166666666666668,True,0.001421900000423193,snapshot only,0.0,0.0
shared_linear_n16_T32_s9401103,shared_linear,16,32,9401103,288,16,4608,owner_block_factors,1e-08,816,0.17708333333333334,2.8333333333333335,True,0.002280400018207729,snapshot only,0.0,0.0
shared_linear_n16_T32_s9401103,shared_linear,16,32,9401103,288,16,4608,kronecker_shared_input_basis,1e-08,832,0.18055555555555555,2.888888888888889,True,0.0013874999713152647,snapshot only,1.6318476241391095e-16,3.885780586188048e-16
shared_linear_n16_T32_s9401103,shared_linear,16,32,9401103,288,16,4608,immediate_support_exact_slice_plus_svd_residual,1e-08,592,0.1284722222222222,2.0555555555555554,True,7.529999129474163e-05,snapshot only,0.0,0.0
shared_linear_n16_T32_s9401103,shared_linear,16,32,9401103,288,16,4608,local_eligibility_plus_svd_residual,1e-08,592,0.1284722222222222,2.0555555555555554,True,6.539991591125727e-05,snapshot only,0.0,0.0
shared_linear_n16_T32_s9401103,shared_linear,16,32,9401103,288,16,4608,global_svd,1e-10,4864,1.0555555555555556,16.88888888888889,True,0.00014659995213150978,snapshot only,1.3243350790472689e-16,4.440892098500626e-16
shared_linear_n16_T32_s9401103,shared_linear,16,32,9401103,288,16,4608,pivoted_qr_repeated_basis,1e-10,5152,1.1180555555555556,17.88888888888889,True,0.00010349997319281101,snapshot only,0.0,0.0
shared_linear_n16_T32_s9401103,shared_linear,16,32,9401103,288,16,4608,supported_group_factors,1e-10,4656,1.0104166666666667,16.166666666666668,True,0.0014213999966159463,snapshot only,0.0,0.0
shared_linear_n16_T32_s9401103,shared_linear,16,32,9401103,288,16,4608,owner_block_factors,1e-10,816,0.17708333333333334,2.8333333333333335,True,0.002253800048492849,snapshot only,0.0,0.0
shared_linear_n16_T32_s9401103,shared_linear,16,32,9401103,288,16,4608,kronecker_shared_input_basis,1e-10,832,0.18055555555555555,2.888888888888889,True,0.0013479000190272927,snapshot only,1.6318476241391095e-16,3.885780586188048e-16
shared_linear_n16_T32_s9401103,shared_linear,16,32,9401103,288,16,4608,immediate_support_exact_slice_plus_svd_residual,1e-10,592,0.1284722222222222,2.0555555555555554,True,0.00013370008673518896,snapshot only,0.0,0.0
shared_linear_n16_T32_s9401103,shared_linear,16,32,9401103,288,16,4608,local_eligibility_plus_svd_residual,1e-10,592,0.1284722222222222,2.0555555555555554,True,6.780005060136318e-05,snapshot only,0.0,0.0
shared_linear_n16_T32_s9401103,shared_linear,16,32,9401103,288,16,4608,global_svd,1e-12,4864,1.0555555555555556,16.88888888888889,True,0.00013930001296103,snapshot only,1.3243350790472689e-16,4.440892098500626e-16
shared_linear_n16_T32_s9401103,shared_linear,16,32,9401103,288,16,4608,pivoted_qr_repeated_basis,1e-12,5152,1.1180555555555556,17.88888888888889,True,9.079999290406704e-05,snapshot only,0.0,0.0
shared_linear_n16_T32_s9401103,shared_linear,16,32,9401103,288,16,4608,supported_group_factors,1e-12,4656,1.0104166666666667,16.166666666666668,True,0.0014285999350249767,snapshot only,0.0,0.0
shared_linear_n16_T32_s9401103,shared_linear,16,32,9401103,288,16,4608,owner_block_factors,1e-12,816,0.17708333333333334,2.8333333333333335,True,0.0022455999860540032,snapshot only,0.0,0.0
shared_linear_n16_T32_s9401103,shared_linear,16,32,9401103,288,16,4608,kronecker_shared_input_basis,1e-12,832,0.18055555555555555,2.888888888888889,True,0.0013482000213116407,snapshot only,1.6318476241391095e-16,3.885780586188048e-16
shared_linear_n16_T32_s9401103,shared_linear,16,32,9401103,288,16,4608,immediate_support_exact_slice_plus_svd_residual,1e-12,592,0.1284722222222222,2.0555555555555554,True,7.099995855242014e-05,snapshot only,0.0,0.0
shared_linear_n16_T32_s9401103,shared_linear,16,32,9401103,288,16,4608,local_eligibility_plus_svd_residual,1e-12,592,0.1284722222222222,2.0555555555555554,True,6.700004450976849e-05,snapshot only,0.0,0.0
shared_linear_n16_T32_s9401104,shared_linear,16,32,9401104,288,16,4608,full_matrix,1e-08,4608,1.0,16.0,True,6.00004568696022e-07,online baseline,0.0,0.0
shared_linear_n16_T32_s9401104,shared_linear,16,32,9401104,288,16,4608,coordinate_sparse,1e-08,576,0.125,2.0,True,1.479999627918005e-05,snapshot only,0.0,0.0
shared_linear_n16_T32_s9401104,shared_linear,16,32,9401104,288,16,4608,block_sparse_triangular,1e-08,592,0.1284722222222222,2.0555555555555554,True,0.00012079998850822449,known closed online block recurrence,0.0,0.0
shared_linear_n16_T32_s9401104,shared_linear,16,32,9401104,288,16,4608,shared_linear_factors,1e-08,33,0.007161458333333333,0.11458333333333333,True,4.00003045797348e-07,known closed online shared recurrence,0.0,0.0
shared_linear_n16_T32_s9401104,shared_linear,16,32,9401104,288,16,4608,global_svd,1e-08,4864,1.0555555555555556,16.88888888888889,True,0.0001724000321701169,snapshot only,1.5328397972981834e-16,2.220446049250313e-16
shared_linear_n16_T32_s9401104,shared_linear,16,32,9401104,288,16,4608,pivoted_qr_repeated_basis,1e-08,5152,1.1180555555555556,17.88888888888889,True,9.869993664324284e-05,snapshot only,0.0,0.0
shared_linear_n16_T32_s9401104,shared_linear,16,32,9401104,288,16,4608,supported_group_factors,1e-08,4656,1.0104166666666667,16.166666666666668,True,0.0014079000102356076,snapshot only,0.0,0.0
shared_linear_n16_T32_s9401104,shared_linear,16,32,9401104,288,16,4608,owner_block_factors,1e-08,816,0.17708333333333334,2.8333333333333335,True,0.0025749000487849116,snapshot only,0.0,0.0
shared_linear_n16_T32_s9401104,shared_linear,16,32,9401104,288,16,4608,kronecker_shared_input_basis,1e-08,832,0.18055555555555555,2.888888888888889,True,0.0013736000983044505,snapshot only,3.04937493670167e-16,7.216449660063518e-16
shared_linear_n16_T32_s9401104,shared_linear,16,32,9401104,288,16,4608,immediate_support_exact_slice_plus_svd_residual,1e-08,592,0.1284722222222222,2.0555555555555554,True,7.850001566112041e-05,snapshot only,0.0,0.0
shared_linear_n16_T32_s9401104,shared_linear,16,32,9401104,288,16,4608,local_eligibility_plus_svd_residual,1e-08,592,0.1284722222222222,2.0555555555555554,True,6.620003841817379e-05,snapshot only,0.0,0.0
shared_linear_n16_T32_s9401104,shared_linear,16,32,9401104,288,16,4608,global_svd,1e-10,4864,1.0555555555555556,16.88888888888889,True,0.00014869996812194586,snapshot only,1.5328397972981834e-16,2.220446049250313e-16
shared_linear_n16_T32_s9401104,shared_linear,16,32,9401104,288,16,4608,pivoted_qr_repeated_basis,1e-10,5152,1.1180555555555556,17.88888888888889,True,9.190000128000975e-05,snapshot only,0.0,0.0
shared_linear_n16_T32_s9401104,shared_linear,16,32,9401104,288,16,4608,supported_group_factors,1e-10,4656,1.0104166666666667,16.166666666666668,True,0.0014013999607414007,snapshot only,0.0,0.0
shared_linear_n16_T32_s9401104,shared_linear,16,32,9401104,288,16,4608,owner_block_factors,1e-10,816,0.17708333333333334,2.8333333333333335,True,0.0022489000111818314,snapshot only,0.0,0.0
shared_linear_n16_T32_s9401104,shared_linear,16,32,9401104,288,16,4608,kronecker_shared_input_basis,1e-10,832,0.18055555555555555,2.888888888888889,True,0.0013614000054076314,snapshot only,3.04937493670167e-16,7.216449660063518e-16
shared_linear_n16_T32_s9401104,shared_linear,16,32,9401104,288,16,4608,immediate_support_exact_slice_plus_svd_residual,1e-10,592,0.1284722222222222,2.0555555555555554,True,7.329997606575489e-05,snapshot only,0.0,0.0
shared_linear_n16_T32_s9401104,shared_linear,16,32,9401104,288,16,4608,local_eligibility_plus_svd_residual,1e-10,592,0.1284722222222222,2.0555555555555554,True,6.410002242773771e-05,snapshot only,0.0,0.0
shared_linear_n16_T32_s9401104,shared_linear,16,32,9401104,288,16,4608,global_svd,1e-12,4864,1.0555555555555556,16.88888888888889,True,0.0001468999544158578,snapshot only,1.5328397972981834e-16,2.220446049250313e-16
shared_linear_n16_T32_s9401104,shared_linear,16,32,9401104,288,16,4608,pivoted_qr_repeated_basis,1e-12,5152,1.1180555555555556,17.88888888888889,True,8.579995483160019e-05,snapshot only,0.0,0.0
shared_linear_n16_T32_s9401104,shared_linear,16,32,9401104,288,16,4608,supported_group_factors,1e-12,4656,1.0104166666666667,16.166666666666668,True,0.0013841999461874366,snapshot only,0.0,0.0
shared_linear_n16_T32_s9401104,shared_linear,16,32,9401104,288,16,4608,owner_block_factors,1e-12,816,0.17708333333333334,2.8333333333333335,True,0.0022501000203192234,snapshot only,0.0,0.0
shared_linear_n16_T32_s9401104,shared_linear,16,32,9401104,288,16,4608,kronecker_shared_input_basis,1e-12,832,0.18055555555555555,2.888888888888889,True,0.001547000021673739,snapshot only,3.04937493670167e-16,7.216449660063518e-16
shared_linear_n16_T32_s9401104,shared_linear,16,32,9401104,288,16,4608,immediate_support_exact_slice_plus_svd_residual,1e-12,592,0.1284722222222222,2.0555555555555554,True,7.950002327561378e-05,snapshot only,0.0,0.0
shared_linear_n16_T32_s9401104,shared_linear,16,32,9401104,288,16,4608,local_eligibility_plus_svd_residual,1e-12,592,0.1284722222222222,2.0555555555555554,True,6.92000612616539e-05,snapshot only,0.0,0.0
shared_linear_n16_T128_s9401100,shared_linear,16,128,9401100,288,16,4608,full_matrix,1e-08,4608,1.0,16.0,True,7.00005330145359e-07,online baseline,0.0,0.0
shared_linear_n16_T128_s9401100,shared_linear,16,128,9401100,288,16,4608,coordinate_sparse,1e-08,576,0.125,2.0,True,1.7700018361210823e-05,snapshot only,0.0,0.0
shared_linear_n16_T128_s9401100,shared_linear,16,128,9401100,288,16,4608,block_sparse_triangular,1e-08,592,0.1284722222222222,2.0555555555555554,True,0.00012340000830590725,known closed online block recurrence,0.0,0.0
shared_linear_n16_T128_s9401100,shared_linear,16,128,9401100,288,16,4608,shared_linear_factors,1e-08,33,0.007161458333333333,0.11458333333333333,True,4.00003045797348e-07,known closed online shared recurrence,0.0,0.0
shared_linear_n16_T128_s9401100,shared_linear,16,128,9401100,288,16,4608,global_svd,1e-08,4864,1.0555555555555556,16.88888888888889,True,0.00020730006508529186,snapshot only,1.4145253072057427e-16,4.440892098500626e-16
shared_linear_n16_T128_s9401100,shared_linear,16,128,9401100,288,16,4608,pivoted_qr_repeated_basis,1e-08,5152,1.1180555555555556,17.88888888888889,True,0.00010089995339512825,snapshot only,0.0,0.0
shared_linear_n16_T128_s9401100,shared_linear,16,128,9401100,288,16,4608,supported_group_factors,1e-08,4656,1.0104166666666667,16.166666666666668,True,0.001531899906694889,snapshot only,0.0,0.0
shared_linear_n16_T128_s9401100,shared_linear,16,128,9401100,288,16,4608,owner_block_factors,1e-08,816,0.17708333333333334,2.8333333333333335,True,0.0027939999708905816,snapshot only,0.0,0.0
shared_linear_n16_T128_s9401100,shared_linear,16,128,9401100,288,16,4608,kronecker_shared_input_basis,1e-08,832,0.18055555555555555,2.888888888888889,True,0.001469500013627112,snapshot only,1.1499316758962243e-16,1.942890293094024e-16
shared_linear_n16_T128_s9401100,shared_linear,16,128,9401100,288,16,4608,immediate_support_exact_slice_plus_svd_residual,1e-08,592,0.1284722222222222,2.0555555555555554,True,8.690007962286472e-05,snapshot only,0.0,0.0
shared_linear_n16_T128_s9401100,shared_linear,16,128,9401100,288,16,4608,local_eligibility_plus_svd_residual,1e-08,592,0.1284722222222222,2.0555555555555554,True,8.439994417130947e-05,snapshot only,0.0,0.0
shared_linear_n16_T128_s9401100,shared_linear,16,128,9401100,288,16,4608,global_svd,1e-10,4864,1.0555555555555556,16.88888888888889,True,0.0002598999999463558,snapshot only,1.4145253072057427e-16,4.440892098500626e-16
shared_linear_n16_T128_s9401100,shared_linear,16,128,9401100,288,16,4608,pivoted_qr_repeated_basis,1e-10,5152,1.1180555555555556,17.88888888888889,True,0.00012119999155402184,snapshot only,0.0,0.0
shared_linear_n16_T128_s9401100,shared_linear,16,128,9401100,288,16,4608,supported_group_factors,1e-10,4656,1.0104166666666667,16.166666666666668,True,0.001779999933205545,snapshot only,0.0,0.0
shared_linear_n16_T128_s9401100,shared_linear,16,128,9401100,288,16,4608,owner_block_factors,1e-10,816,0.17708333333333334,2.8333333333333335,True,0.002559900050982833,snapshot only,0.0,0.0
shared_linear_n16_T128_s9401100,shared_linear,16,128,9401100,288,16,4608,kronecker_shared_input_basis,1e-10,832,0.18055555555555555,2.888888888888889,True,0.0015157000161707401,snapshot only,1.1499316758962243e-16,1.942890293094024e-16
shared_linear_n16_T128_s9401100,shared_linear,16,128,9401100,288,16,4608,immediate_support_exact_slice_plus_svd_residual,1e-10,592,0.1284722222222222,2.0555555555555554,True,9.210000280290842e-05,snapshot only,0.0,0.0
shared_linear_n16_T128_s9401100,shared_linear,16,128,9401100,288,16,4608,local_eligibility_plus_svd_residual,1e-10,592,0.1284722222222222,2.0555555555555554,True,8.000002708286047e-05,snapshot only,0.0,0.0
shared_linear_n16_T128_s9401100,shared_linear,16,128,9401100,288,16,4608,global_svd,1e-12,4864,1.0555555555555556,16.88888888888889,True,0.00016050005797296762,snapshot only,1.4145253072057427e-16,4.440892098500626e-16
shared_linear_n16_T128_s9401100,shared_linear,16,128,9401100,288,16,4608,pivoted_qr_repeated_basis,1e-12,5152,1.1180555555555556,17.88888888888889,True,0.00014739995822310448,snapshot only,0.0,0.0
shared_linear_n16_T128_s9401100,shared_linear,16,128,9401100,288,16,4608,supported_group_factors,1e-12,4656,1.0104166666666667,16.166666666666668,True,0.0014836998889222741,snapshot only,0.0,0.0
shared_linear_n16_T128_s9401100,shared_linear,16,128,9401100,288,16,4608,owner_block_factors,1e-12,816,0.17708333333333334,2.8333333333333335,True,0.0024228000547736883,snapshot only,0.0,0.0
shared_linear_n16_T128_s9401100,shared_linear,16,128,9401100,288,16,4608,kronecker_shared_input_basis,1e-12,832,0.18055555555555555,2.888888888888889,True,0.0014230000087991357,snapshot only,1.1499316758962243e-16,1.942890293094024e-16
shared_linear_n16_T128_s9401100,shared_linear,16,128,9401100,288,16,4608,immediate_support_exact_slice_plus_svd_residual,1e-12,592,0.1284722222222222,2.0555555555555554,True,0.00012240000069141388,snapshot only,0.0,0.0
shared_linear_n16_T128_s9401100,shared_linear,16,128,9401100,288,16,4608,local_eligibility_plus_svd_residual,1e-12,592,0.1284722222222222,2.0555555555555554,True,9.129999671131372e-05,snapshot only,0.0,0.0
shared_linear_n16_T128_s9401101,shared_linear,16,128,9401101,288,16,4608,full_matrix,1e-08,4608,1.0,16.0,True,7.00005330145359e-07,online baseline,0.0,0.0
shared_linear_n16_T128_s9401101,shared_linear,16,128,9401101,288,16,4608,coordinate_sparse,1e-08,576,0.125,2.0,True,2.0000035874545574e-05,snapshot only,0.0,0.0
shared_linear_n16_T128_s9401101,shared_linear,16,128,9401101,288,16,4608,block_sparse_triangular,1e-08,592,0.1284722222222222,2.0555555555555554,True,0.00013339996803551912,known closed online block recurrence,0.0,0.0
shared_linear_n16_T128_s9401101,shared_linear,16,128,9401101,288,16,4608,shared_linear_factors,1e-08,33,0.007161458333333333,0.11458333333333333,True,3.00002284348011e-07,known closed online shared recurrence,0.0,0.0
shared_linear_n16_T128_s9401101,shared_linear,16,128,9401101,288,16,4608,global_svd,1e-08,4864,1.0555555555555556,16.88888888888889,True,0.00022089993581175804,snapshot only,1.1108521171425171e-16,2.7755575615628914e-16
shared_linear_n16_T128_s9401101,shared_linear,16,128,9401101,288,16,4608,pivoted_qr_repeated_basis,1e-08,5152,1.1180555555555556,17.88888888888889,True,0.00011969998013228178,snapshot only,0.0,0.0
shared_linear_n16_T128_s9401101,shared_linear,16,128,9401101,288,16,4608,supported_group_factors,1e-08,4656,1.0104166666666667,16.166666666666668,True,0.0015524000627920032,snapshot only,0.0,0.0
shared_linear_n16_T128_s9401101,shared_linear,16,128,9401101,288,16,4608,owner_block_factors,1e-08,816,0.17708333333333334,2.8333333333333335,True,0.0028140998911112547,snapshot only,0.0,0.0
shared_linear_n16_T128_s9401101,shared_linear,16,128,9401101,288,16,4608,kronecker_shared_input_basis,1e-08,832,0.18055555555555555,2.888888888888889,True,0.0014269000384956598,snapshot only,1.3505338747306607e-16,3.3306690738754696e-16
shared_linear_n16_T128_s9401101,shared_linear,16,128,9401101,288,16,4608,immediate_support_exact_slice_plus_svd_residual,1e-08,592,0.1284722222222222,2.0555555555555554,True,7.800001185387373e-05,snapshot only,0.0,0.0
shared_linear_n16_T128_s9401101,shared_linear,16,128,9401101,288,16,4608,local_eligibility_plus_svd_residual,1e-08,592,0.1284722222222222,2.0555555555555554,True,7.530010771006346e-05,snapshot only,0.0,0.0
shared_linear_n16_T128_s9401101,shared_linear,16,128,9401101,288,16,4608,global_svd,1e-10,4864,1.0555555555555556,16.88888888888889,True,0.00016259995754808187,snapshot only,1.1108521171425171e-16,2.7755575615628914e-16
shared_linear_n16_T128_s9401101,shared_linear,16,128,9401101,288,16,4608,pivoted_qr_repeated_basis,1e-10,5152,1.1180555555555556,17.88888888888889,True,9.780004620552063e-05,snapshot only,0.0,0.0
shared_linear_n16_T128_s9401101,shared_linear,16,128,9401101,288,16,4608,supported_group_factors,1e-10,4656,1.0104166666666667,16.166666666666668,True,0.0015275999903678894,snapshot only,0.0,0.0
shared_linear_n16_T128_s9401101,shared_linear,16,128,9401101,288,16,4608,owner_block_factors,1e-10,816,0.17708333333333334,2.8333333333333335,True,0.002396699972450733,snapshot only,0.0,0.0
shared_linear_n16_T128_s9401101,shared_linear,16,128,9401101,288,16,4608,kronecker_shared_input_basis,1e-10,832,0.18055555555555555,2.888888888888889,True,0.0014364999951794744,snapshot only,1.3505338747306607e-16,3.3306690738754696e-16
shared_linear_n16_T128_s9401101,shared_linear,16,128,9401101,288,16,4608,immediate_support_exact_slice_plus_svd_residual,1e-10,592,0.1284722222222222,2.0555555555555554,True,8.420005906373262e-05,snapshot only,0.0,0.0
shared_linear_n16_T128_s9401101,shared_linear,16,128,9401101,288,16,4608,local_eligibility_plus_svd_residual,1e-10,592,0.1284722222222222,2.0555555555555554,True,6.590003613382578e-05,snapshot only,0.0,0.0
shared_linear_n16_T128_s9401101,shared_linear,16,128,9401101,288,16,4608,global_svd,1e-12,4864,1.0555555555555556,16.88888888888889,True,0.00014709995593875647,snapshot only,1.1108521171425171e-16,2.7755575615628914e-16
shared_linear_n16_T128_s9401101,shared_linear,16,128,9401101,288,16,4608,pivoted_qr_repeated_basis,1e-12,5152,1.1180555555555556,17.88888888888889,True,9.290000889450312e-05,snapshot only,0.0,0.0
shared_linear_n16_T128_s9401101,shared_linear,16,128,9401101,288,16,4608,supported_group_factors,1e-12,4656,1.0104166666666667,16.166666666666668,True,0.001479000085964799,snapshot only,0.0,0.0
shared_linear_n16_T128_s9401101,shared_linear,16,128,9401101,288,16,4608,owner_block_factors,1e-12,816,0.17708333333333334,2.8333333333333335,True,0.002378000062890351,snapshot only,0.0,0.0
shared_linear_n16_T128_s9401101,shared_linear,16,128,9401101,288,16,4608,kronecker_shared_input_basis,1e-12,832,0.18055555555555555,2.888888888888889,True,0.0015567000955343246,snapshot only,1.3505338747306607e-16,3.3306690738754696e-16
shared_linear_n16_T128_s9401101,shared_linear,16,128,9401101,288,16,4608,immediate_support_exact_slice_plus_svd_residual,1e-12,592,0.1284722222222222,2.0555555555555554,True,0.00010449998080730438,snapshot only,0.0,0.0
shared_linear_n16_T128_s9401101,shared_linear,16,128,9401101,288,16,4608,local_eligibility_plus_svd_residual,1e-12,592,0.1284722222222222,2.0555555555555554,True,8.769996929913759e-05,snapshot only,0.0,0.0
shared_linear_n16_T128_s9401102,shared_linear,16,128,9401102,288,16,4608,full_matrix,1e-08,4608,1.0,16.0,True,6.00004568696022e-07,online baseline,0.0,0.0
shared_linear_n16_T128_s9401102,shared_linear,16,128,9401102,288,16,4608,coordinate_sparse,1e-08,576,0.125,2.0,True,2.0300038158893585e-05,snapshot only,0.0,0.0
shared_linear_n16_T128_s9401102,shared_linear,16,128,9401102,288,16,4608,block_sparse_triangular,1e-08,592,0.1284722222222222,2.0555555555555554,True,0.00012069998774677515,known closed online block recurrence,0.0,0.0
shared_linear_n16_T128_s9401102,shared_linear,16,128,9401102,288,16,4608,shared_linear_factors,1e-08,33,0.007161458333333333,0.11458333333333333,True,6.00004568696022e-07,known closed online shared recurrence,0.0,0.0
shared_linear_n16_T128_s9401102,shared_linear,16,128,9401102,288,16,4608,global_svd,1e-08,4864,1.0555555555555556,16.88888888888889,True,0.00021329999435693026,snapshot only,1.418792614795137e-16,2.498001805406602e-16
shared_linear_n16_T128_s9401102,shared_linear,16,128,9401102,288,16,4608,pivoted_qr_repeated_basis,1e-08,5152,1.1180555555555556,17.88888888888889,True,0.00011869997251778841,snapshot only,0.0,0.0
shared_linear_n16_T128_s9401102,shared_linear,16,128,9401102,288,16,4608,supported_group_factors,1e-08,4656,1.0104166666666667,16.166666666666668,True,0.0015822999412193894,snapshot only,0.0,0.0
shared_linear_n16_T128_s9401102,shared_linear,16,128,9401102,288,16,4608,owner_block_factors,1e-08,816,0.17708333333333334,2.8333333333333335,True,0.0022778999991714954,snapshot only,0.0,0.0
shared_linear_n16_T128_s9401102,shared_linear,16,128,9401102,288,16,4608,kronecker_shared_input_basis,1e-08,832,0.18055555555555555,2.888888888888889,True,0.0013651000335812569,snapshot only,6.811926939029933e-17,8.326672684688674e-17
shared_linear_n16_T128_s9401102,shared_linear,16,128,9401102,288,16,4608,immediate_support_exact_slice_plus_svd_residual,1e-08,592,0.1284722222222222,2.0555555555555554,True,7.800001185387373e-05,snapshot only,0.0,0.0
shared_linear_n16_T128_s9401102,shared_linear,16,128,9401102,288,16,4608,local_eligibility_plus_svd_residual,1e-08,592,0.1284722222222222,2.0555555555555554,True,6.699992809444666e-05,snapshot only,0.0,0.0
shared_linear_n16_T128_s9401102,shared_linear,16,128,9401102,288,16,4608,global_svd,1e-10,4864,1.0555555555555556,16.88888888888889,True,0.0001455999445170164,snapshot only,1.418792614795137e-16,2.498001805406602e-16
shared_linear_n16_T128_s9401102,shared_linear,16,128,9401102,288,16,4608,pivoted_qr_repeated_basis,1e-10,5152,1.1180555555555556,17.88888888888889,True,9.079999290406704e-05,snapshot only,0.0,0.0
shared_linear_n16_T128_s9401102,shared_linear,16,128,9401102,288,16,4608,supported_group_factors,1e-10,4656,1.0104166666666667,16.166666666666668,True,0.0014048999873921275,snapshot only,0.0,0.0
shared_linear_n16_T128_s9401102,shared_linear,16,128,9401102,288,16,4608,owner_block_factors,1e-10,816,0.17708333333333334,2.8333333333333335,True,0.0022687000455334783,snapshot only,0.0,0.0
shared_linear_n16_T128_s9401102,shared_linear,16,128,9401102,288,16,4608,kronecker_shared_input_basis,1e-10,832,0.18055555555555555,2.888888888888889,True,0.0013565999688580632,snapshot only,6.811926939029933e-17,8.326672684688674e-17
shared_linear_n16_T128_s9401102,shared_linear,16,128,9401102,288,16,4608,immediate_support_exact_slice_plus_svd_residual,1e-10,592,0.1284722222222222,2.0555555555555554,True,7.43999844416976e-05,snapshot only,0.0,0.0
shared_linear_n16_T128_s9401102,shared_linear,16,128,9401102,288,16,4608,local_eligibility_plus_svd_residual,1e-10,592,0.1284722222222222,2.0555555555555554,True,6.499991286545992e-05,snapshot only,0.0,0.0
shared_linear_n16_T128_s9401102,shared_linear,16,128,9401102,288,16,4608,global_svd,1e-12,4864,1.0555555555555556,16.88888888888889,True,0.00014420005027204752,snapshot only,1.418792614795137e-16,2.498001805406602e-16
shared_linear_n16_T128_s9401102,shared_linear,16,128,9401102,288,16,4608,pivoted_qr_repeated_basis,1e-12,5152,1.1180555555555556,17.88888888888889,True,8.399994112551212e-05,snapshot only,0.0,0.0
shared_linear_n16_T128_s9401102,shared_linear,16,128,9401102,288,16,4608,supported_group_factors,1e-12,4656,1.0104166666666667,16.166666666666668,True,0.0016133999451994896,snapshot only,0.0,0.0
shared_linear_n16_T128_s9401102,shared_linear,16,128,9401102,288,16,4608,owner_block_factors,1e-12,816,0.17708333333333334,2.8333333333333335,True,0.0022662999108433723,snapshot only,0.0,0.0
shared_linear_n16_T128_s9401102,shared_linear,16,128,9401102,288,16,4608,kronecker_shared_input_basis,1e-12,832,0.18055555555555555,2.888888888888889,True,0.0013376000570133328,snapshot only,6.811926939029933e-17,8.326672684688674e-17
shared_linear_n16_T128_s9401102,shared_linear,16,128,9401102,288,16,4608,immediate_support_exact_slice_plus_svd_residual,1e-12,592,0.1284722222222222,2.0555555555555554,True,7.369997911155224e-05,snapshot only,0.0,0.0
shared_linear_n16_T128_s9401102,shared_linear,16,128,9401102,288,16,4608,local_eligibility_plus_svd_residual,1e-12,592,0.1284722222222222,2.0555555555555554,True,6.57000346109271e-05,snapshot only,0.0,0.0
shared_linear_n16_T128_s9401103,shared_linear,16,128,9401103,288,16,4608,full_matrix,1e-08,4608,1.0,16.0,True,7.00005330145359e-07,online baseline,0.0,0.0
shared_linear_n16_T128_s9401103,shared_linear,16,128,9401103,288,16,4608,coordinate_sparse,1e-08,576,0.125,2.0,True,2.050003968179226e-05,snapshot only,0.0,0.0
shared_linear_n16_T128_s9401103,shared_linear,16,128,9401103,288,16,4608,block_sparse_triangular,1e-08,592,0.1284722222222222,2.0555555555555554,True,0.00013040006160736084,known closed online block recurrence,0.0,0.0
shared_linear_n16_T128_s9401103,shared_linear,16,128,9401103,288,16,4608,shared_linear_factors,1e-08,33,0.007161458333333333,0.11458333333333333,True,4.00003045797348e-07,known closed online shared recurrence,0.0,0.0
shared_linear_n16_T128_s9401103,shared_linear,16,128,9401103,288,16,4608,global_svd,1e-08,4864,1.0555555555555556,16.88888888888889,True,0.0002039000391960144,snapshot only,1.4508359208500099e-16,4.440892098500626e-16
shared_linear_n16_T128_s9401103,shared_linear,16,128,9401103,288,16,4608,pivoted_qr_repeated_basis,1e-08,5152,1.1180555555555556,17.88888888888889,True,9.759992826730013e-05,snapshot only,0.0,0.0
shared_linear_n16_T128_s9401103,shared_linear,16,128,9401103,288,16,4608,supported_group_factors,1e-08,4656,1.0104166666666667,16.166666666666668,True,0.0014775999588891864,snapshot only,0.0,0.0
shared_linear_n16_T128_s9401103,shared_linear,16,128,9401103,288,16,4608,owner_block_factors,1e-08,816,0.17708333333333334,2.8333333333333335,True,0.002320599975064397,snapshot only,0.0,0.0
shared_linear_n16_T128_s9401103,shared_linear,16,128,9401103,288,16,4608,kronecker_shared_input_basis,1e-08,832,0.18055555555555555,2.888888888888889,True,0.001369000063277781,snapshot only,1.7270801239797464e-16,3.3306690738754696e-16
shared_linear_n16_T128_s9401103,shared_linear,16,128,9401103,288,16,4608,immediate_support_exact_slice_plus_svd_residual,1e-08,592,0.1284722222222222,2.0555555555555554,True,7.459998596459627e-05,snapshot only,0.0,0.0
shared_linear_n16_T128_s9401103,shared_linear,16,128,9401103,288,16,4608,local_eligibility_plus_svd_residual,1e-08,592,0.1284722222222222,2.0555555555555554,True,6.780005060136318e-05,snapshot only,0.0,0.0
shared_linear_n16_T128_s9401103,shared_linear,16,128,9401103,288,16,4608,global_svd,1e-10,4864,1.0555555555555556,16.88888888888889,True,0.0001553000183776021,snapshot only,1.4508359208500099e-16,4.440892098500626e-16
shared_linear_n16_T128_s9401103,shared_linear,16,128,9401103,288,16,4608,pivoted_qr_repeated_basis,1e-10,5152,1.1180555555555556,17.88888888888889,True,8.789997082203627e-05,snapshot only,0.0,0.0
shared_linear_n16_T128_s9401103,shared_linear,16,128,9401103,288,16,4608,supported_group_factors,1e-10,4656,1.0104166666666667,16.166666666666668,True,0.0014906999422237277,snapshot only,0.0,0.0
shared_linear_n16_T128_s9401103,shared_linear,16,128,9401103,288,16,4608,owner_block_factors,1e-10,816,0.17708333333333334,2.8333333333333335,True,0.0022502000210806727,snapshot only,0.0,0.0
shared_linear_n16_T128_s9401103,shared_linear,16,128,9401103,288,16,4608,kronecker_shared_input_basis,1e-10,832,0.18055555555555555,2.888888888888889,True,0.0020551999332383275,snapshot only,1.7270801239797464e-16,3.3306690738754696e-16
shared_linear_n16_T128_s9401103,shared_linear,16,128,9401103,288,16,4608,immediate_support_exact_slice_plus_svd_residual,1e-10,592,0.1284722222222222,2.0555555555555554,True,8.699996396899223e-05,snapshot only,0.0,0.0
shared_linear_n16_T128_s9401103,shared_linear,16,128,9401103,288,16,4608,local_eligibility_plus_svd_residual,1e-10,592,0.1284722222222222,2.0555555555555554,True,0.0001221999991685152,snapshot only,0.0,0.0
shared_linear_n16_T128_s9401103,shared_linear,16,128,9401103,288,16,4608,global_svd,1e-12,4864,1.0555555555555556,16.88888888888889,True,0.0001534000039100647,snapshot only,1.4508359208500099e-16,4.440892098500626e-16
shared_linear_n16_T128_s9401103,shared_linear,16,128,9401103,288,16,4608,pivoted_qr_repeated_basis,1e-12,5152,1.1180555555555556,17.88888888888889,True,8.949998300522566e-05,snapshot only,0.0,0.0
shared_linear_n16_T128_s9401103,shared_linear,16,128,9401103,288,16,4608,supported_group_factors,1e-12,4656,1.0104166666666667,16.166666666666668,True,0.0022689999314025044,snapshot only,0.0,0.0
shared_linear_n16_T128_s9401103,shared_linear,16,128,9401103,288,16,4608,owner_block_factors,1e-12,816,0.17708333333333334,2.8333333333333335,True,0.0030188000528141856,snapshot only,0.0,0.0
shared_linear_n16_T128_s9401103,shared_linear,16,128,9401103,288,16,4608,kronecker_shared_input_basis,1e-12,832,0.18055555555555555,2.888888888888889,True,0.00183119997382164,snapshot only,1.7270801239797464e-16,3.3306690738754696e-16
shared_linear_n16_T128_s9401103,shared_linear,16,128,9401103,288,16,4608,immediate_support_exact_slice_plus_svd_residual,1e-12,592,0.1284722222222222,2.0555555555555554,True,8.449994493275881e-05,snapshot only,0.0,0.0
shared_linear_n16_T128_s9401103,shared_linear,16,128,9401103,288,16,4608,local_eligibility_plus_svd_residual,1e-12,592,0.1284722222222222,2.0555555555555554,True,0.00013210007455199957,snapshot only,0.0,0.0
shared_linear_n16_T128_s9401104,shared_linear,16,128,9401104,288,16,4608,full_matrix,1e-08,4608,1.0,16.0,True,7.00005330145359e-07,online baseline,0.0,0.0
shared_linear_n16_T128_s9401104,shared_linear,16,128,9401104,288,16,4608,coordinate_sparse,1e-08,576,0.125,2.0,True,2.1200045011937618e-05,snapshot only,0.0,0.0
shared_linear_n16_T128_s9401104,shared_linear,16,128,9401104,288,16,4608,block_sparse_triangular,1e-08,592,0.1284722222222222,2.0555555555555554,True,0.00012139999307692051,known closed online block recurrence,0.0,0.0
shared_linear_n16_T128_s9401104,shared_linear,16,128,9401104,288,16,4608,shared_linear_factors,1e-08,33,0.007161458333333333,0.11458333333333333,True,3.00002284348011e-07,known closed online shared recurrence,0.0,0.0
shared_linear_n16_T128_s9401104,shared_linear,16,128,9401104,288,16,4608,global_svd,1e-08,4864,1.0555555555555556,16.88888888888889,True,0.00020080001559108496,snapshot only,1.3339240637209557e-16,4.440892098500626e-16
shared_linear_n16_T128_s9401104,shared_linear,16,128,9401104,288,16,4608,pivoted_qr_repeated_basis,1e-08,5152,1.1180555555555556,17.88888888888889,True,0.00010649999603629112,snapshot only,0.0,0.0
shared_linear_n16_T128_s9401104,shared_linear,16,128,9401104,288,16,4608,supported_group_factors,1e-08,4656,1.0104166666666667,16.166666666666668,True,0.0014847000129520893,snapshot only,0.0,0.0
shared_linear_n16_T128_s9401104,shared_linear,16,128,9401104,288,16,4608,owner_block_factors,1e-08,816,0.17708333333333334,2.8333333333333335,True,0.0023110000183805823,snapshot only,0.0,0.0
shared_linear_n16_T128_s9401104,shared_linear,16,128,9401104,288,16,4608,kronecker_shared_input_basis,1e-08,832,0.18055555555555555,2.888888888888889,True,0.0013913000002503395,snapshot only,3.752495525270728e-16,7.771561172376096e-16
shared_linear_n16_T128_s9401104,shared_linear,16,128,9401104,288,16,4608,immediate_support_exact_slice_plus_svd_residual,1e-08,592,0.1284722222222222,2.0555555555555554,True,7.920002099126577e-05,snapshot only,0.0,0.0
shared_linear_n16_T128_s9401104,shared_linear,16,128,9401104,288,16,4608,local_eligibility_plus_svd_residual,1e-08,592,0.1284722222222222,2.0555555555555554,True,6.599992047995329e-05,snapshot only,0.0,0.0
shared_linear_n16_T128_s9401104,shared_linear,16,128,9401104,288,16,4608,global_svd,1e-10,4864,1.0555555555555556,16.88888888888889,True,0.0001444000517949462,snapshot only,1.3339240637209557e-16,4.440892098500626e-16
shared_linear_n16_T128_s9401104,shared_linear,16,128,9401104,288,16,4608,pivoted_qr_repeated_basis,1e-10,5152,1.1180555555555556,17.88888888888889,True,8.660007733851671e-05,snapshot only,0.0,0.0
shared_linear_n16_T128_s9401104,shared_linear,16,128,9401104,288,16,4608,supported_group_factors,1e-10,4656,1.0104166666666667,16.166666666666668,True,0.0014121000422164798,snapshot only,0.0,0.0
shared_linear_n16_T128_s9401104,shared_linear,16,128,9401104,288,16,4608,owner_block_factors,1e-10,816,0.17708333333333334,2.8333333333333335,True,0.002646300010383129,snapshot only,0.0,0.0
shared_linear_n16_T128_s9401104,shared_linear,16,128,9401104,288,16,4608,kronecker_shared_input_basis,1e-10,832,0.18055555555555555,2.888888888888889,True,0.0015181999187916517,snapshot only,3.752495525270728e-16,7.771561172376096e-16
shared_linear_n16_T128_s9401104,shared_linear,16,128,9401104,288,16,4608,immediate_support_exact_slice_plus_svd_residual,1e-10,592,0.1284722222222222,2.0555555555555554,True,8.409994188696146e-05,snapshot only,0.0,0.0
shared_linear_n16_T128_s9401104,shared_linear,16,128,9401104,288,16,4608,local_eligibility_plus_svd_residual,1e-10,592,0.1284722222222222,2.0555555555555554,True,7.020006887614727e-05,snapshot only,0.0,0.0
shared_linear_n16_T128_s9401104,shared_linear,16,128,9401104,288,16,4608,global_svd,1e-12,4864,1.0555555555555556,16.88888888888889,True,0.0001471999567002058,snapshot only,1.3339240637209557e-16,4.440892098500626e-16
shared_linear_n16_T128_s9401104,shared_linear,16,128,9401104,288,16,4608,pivoted_qr_repeated_basis,1e-12,5152,1.1180555555555556,17.88888888888889,True,8.910009637475014e-05,snapshot only,0.0,0.0
shared_linear_n16_T128_s9401104,shared_linear,16,128,9401104,288,16,4608,supported_group_factors,1e-12,4656,1.0104166666666667,16.166666666666668,True,0.001421599998138845,snapshot only,0.0,0.0
shared_linear_n16_T128_s9401104,shared_linear,16,128,9401104,288,16,4608,owner_block_factors,1e-12,816,0.17708333333333334,2.8333333333333335,True,0.0023354000877588987,snapshot only,0.0,0.0
shared_linear_n16_T128_s9401104,shared_linear,16,128,9401104,288,16,4608,kronecker_shared_input_basis,1e-12,832,0.18055555555555555,2.888888888888889,True,0.0013711999636143446,snapshot only,3.752495525270728e-16,7.771561172376096e-16
shared_linear_n16_T128_s9401104,shared_linear,16,128,9401104,288,16,4608,immediate_support_exact_slice_plus_svd_residual,1e-12,592,0.1284722222222222,2.0555555555555554,True,8.329993579536676e-05,snapshot only,0.0,0.0
shared_linear_n16_T128_s9401104,shared_linear,16,128,9401104,288,16,4608,local_eligibility_plus_svd_residual,1e-12,592,0.1284722222222222,2.0555555555555554,True,7.609999738633633e-05,snapshot only,0.0,0.0
rank1_feedback_n8_T32_s9401100,rank1_feedback,8,32,9401100,96,8,768,full_matrix,1e-08,768,1.0,8.0,True,6.00004568696022e-07,online baseline,0.0,0.0
rank1_feedback_n8_T32_s9401100,rank1_feedback,8,32,9401100,96,8,768,coordinate_sparse,1e-08,1536,2.0,16.0,True,1.8000020645558834e-05,snapshot only,0.0,0.0
rank1_feedback_n8_T32_s9401100,rank1_feedback,8,32,9401100,96,8,768,block_sparse_triangular,1e-08,872,1.1354166666666667,9.083333333333334,True,1.750001683831215e-05,known closed online block recurrence,0.0,0.0
rank1_feedback_n8_T32_s9401100,rank1_feedback,8,32,9401100,96,8,768,global_svd,1e-08,832,1.0833333333333333,8.666666666666666,True,0.00011339993216097355,snapshot only,8.360184655643482e-16,1.3322676295501878e-15
rank1_feedback_n8_T32_s9401100,rank1_feedback,8,32,9401100,96,8,768,pivoted_qr_repeated_basis,1e-08,928,1.2083333333333333,9.666666666666666,True,6.400002166628838e-05,snapshot only,3.05518357836637e-16,8.881784197001252e-16
rank1_feedback_n8_T32_s9401100,rank1_feedback,8,32,9401100,96,8,768,supported_group_factors,1e-08,808,1.0520833333333333,8.416666666666666,True,0.0007990000303834677,snapshot only,0.0,0.0
rank1_feedback_n8_T32_s9401100,rank1_feedback,8,32,9401100,96,8,768,owner_block_factors,1e-08,864,1.125,9.0,True,0.0014348000986501575,snapshot only,0.0,0.0
rank1_feedback_n8_T32_s9401100,rank1_feedback,8,32,9401100,96,8,768,kronecker_shared_input_basis,1e-08,808,1.0520833333333333,8.416666666666666,True,0.0006849999772384763,snapshot only,0.0,0.0
rank1_feedback_n8_T32_s9401100,rank1_feedback,8,32,9401100,96,8,768,immediate_support_exact_slice_plus_svd_residual,1e-08,1096,1.4270833333333333,11.416666666666666,True,9.620003402233124e-05,snapshot only,2.6815745050973807e-16,9.159339953157541e-16
rank1_feedback_n8_T32_s9401100,rank1_feedback,8,32,9401100,96,8,768,local_eligibility_plus_svd_residual,1e-08,1096,1.4270833333333333,11.416666666666666,True,9.14999982342124e-05,snapshot only,2.466889963961481e-16,7.216449660063518e-16
rank1_feedback_n8_T32_s9401100,rank1_feedback,8,32,9401100,96,8,768,global_svd,1e-10,832,1.0833333333333333,8.666666666666666,True,8.070003241300583e-05,snapshot only,8.360184655643482e-16,1.3322676295501878e-15
rank1_feedback_n8_T32_s9401100,rank1_feedback,8,32,9401100,96,8,768,pivoted_qr_repeated_basis,1e-10,928,1.2083333333333333,9.666666666666666,True,5.719996988773346e-05,snapshot only,3.05518357836637e-16,8.881784197001252e-16
rank1_feedback_n8_T32_s9401100,rank1_feedback,8,32,9401100,96,8,768,supported_group_factors,1e-10,808,1.0520833333333333,8.416666666666666,True,0.0007618999807164073,snapshot only,0.0,0.0
rank1_feedback_n8_T32_s9401100,rank1_feedback,8,32,9401100,96,8,768,owner_block_factors,1e-10,864,1.125,9.0,True,0.001486400025896728,snapshot only,0.0,0.0
rank1_feedback_n8_T32_s9401100,rank1_feedback,8,32,9401100,96,8,768,kronecker_shared_input_basis,1e-10,808,1.0520833333333333,8.416666666666666,True,0.0007387000368908048,snapshot only,0.0,0.0
rank1_feedback_n8_T32_s9401100,rank1_feedback,8,32,9401100,96,8,768,immediate_support_exact_slice_plus_svd_residual,1e-10,1096,1.4270833333333333,11.416666666666666,True,0.0001786000793799758,snapshot only,2.6815745050973807e-16,9.159339953157541e-16
rank1_feedback_n8_T32_s9401100,rank1_feedback,8,32,9401100,96,8,768,local_eligibility_plus_svd_residual,1e-10,1096,1.4270833333333333,11.416666666666666,True,0.00012129999231547117,snapshot only,2.466889963961481e-16,7.216449660063518e-16
rank1_feedback_n8_T32_s9401100,rank1_feedback,8,32,9401100,96,8,768,global_svd,1e-12,832,1.0833333333333333,8.666666666666666,True,8.979998528957367e-05,snapshot only,8.360184655643482e-16,1.3322676295501878e-15
rank1_feedback_n8_T32_s9401100,rank1_feedback,8,32,9401100,96,8,768,pivoted_qr_repeated_basis,1e-12,928,1.2083333333333333,9.666666666666666,True,6.619992200285196e-05,snapshot only,3.05518357836637e-16,8.881784197001252e-16
rank1_feedback_n8_T32_s9401100,rank1_feedback,8,32,9401100,96,8,768,supported_group_factors,1e-12,808,1.0520833333333333,8.416666666666666,True,0.0008191999513655901,snapshot only,0.0,0.0
rank1_feedback_n8_T32_s9401100,rank1_feedback,8,32,9401100,96,8,768,owner_block_factors,1e-12,864,1.125,9.0,True,0.0015155000146478415,snapshot only,0.0,0.0
rank1_feedback_n8_T32_s9401100,rank1_feedback,8,32,9401100,96,8,768,kronecker_shared_input_basis,1e-12,808,1.0520833333333333,8.416666666666666,True,0.0007676000241190195,snapshot only,0.0,0.0
rank1_feedback_n8_T32_s9401100,rank1_feedback,8,32,9401100,96,8,768,immediate_support_exact_slice_plus_svd_residual,1e-12,1096,1.4270833333333333,11.416666666666666,True,9.789993055164814e-05,snapshot only,2.6815745050973807e-16,9.159339953157541e-16
rank1_feedback_n8_T32_s9401100,rank1_feedback,8,32,9401100,96,8,768,local_eligibility_plus_svd_residual,1e-12,1096,1.4270833333333333,11.416666666666666,True,8.979998528957367e-05,snapshot only,2.466889963961481e-16,7.216449660063518e-16
rank1_feedback_n8_T32_s9401101,rank1_feedback,8,32,9401101,96,8,768,full_matrix,1e-08,768,1.0,8.0,True,7.00005330145359e-07,online baseline,0.0,0.0
rank1_feedback_n8_T32_s9401101,rank1_feedback,8,32,9401101,96,8,768,coordinate_sparse,1e-08,1536,2.0,16.0,True,1.7600017599761486e-05,snapshot only,0.0,0.0
rank1_feedback_n8_T32_s9401101,rank1_feedback,8,32,9401101,96,8,768,block_sparse_triangular,1e-08,872,1.1354166666666667,9.083333333333334,True,1.6000005416572094e-05,known closed online block recurrence,0.0,0.0
rank1_feedback_n8_T32_s9401101,rank1_feedback,8,32,9401101,96,8,768,global_svd,1e-08,832,1.0833333333333333,8.666666666666666,True,0.00010599999222904444,snapshot only,1.0644856643921198e-15,2.220446049250313e-15
rank1_feedback_n8_T32_s9401101,rank1_feedback,8,32,9401101,96,8,768,pivoted_qr_repeated_basis,1e-08,928,1.2083333333333333,9.666666666666666,True,6.470002699643373e-05,snapshot only,3.777788454136684e-16,8.881784197001252e-16
rank1_feedback_n8_T32_s9401101,rank1_feedback,8,32,9401101,96,8,768,supported_group_factors,1e-08,808,1.0520833333333333,8.416666666666666,True,0.0007093999302014709,snapshot only,0.0,0.0
rank1_feedback_n8_T32_s9401101,rank1_feedback,8,32,9401101,96,8,768,owner_block_factors,1e-08,864,1.125,9.0,True,0.0014458000659942627,snapshot only,0.0,0.0
rank1_feedback_n8_T32_s9401101,rank1_feedback,8,32,9401101,96,8,768,kronecker_shared_input_basis,1e-08,808,1.0520833333333333,8.416666666666666,True,0.0006849000928923488,snapshot only,0.0,0.0
rank1_feedback_n8_T32_s9401101,rank1_feedback,8,32,9401101,96,8,768,immediate_support_exact_slice_plus_svd_residual,1e-08,1096,1.4270833333333333,11.416666666666666,True,9.440002031624317e-05,snapshot only,4.926813446676353e-17,8.326672684688674e-17
rank1_feedback_n8_T32_s9401101,rank1_feedback,8,32,9401101,96,8,768,local_eligibility_plus_svd_residual,1e-08,1096,1.4270833333333333,11.416666666666666,True,8.60999571159482e-05,snapshot only,7.808016357824118e-17,1.6653345369377348e-16
rank1_feedback_n8_T32_s9401101,rank1_feedback,8,32,9401101,96,8,768,global_svd,1e-10,832,1.0833333333333333,8.666666666666666,True,7.579999510198832e-05,snapshot only,1.0644856643921198e-15,2.220446049250313e-15
rank1_feedback_n8_T32_s9401101,rank1_feedback,8,32,9401101,96,8,768,pivoted_qr_repeated_basis,1e-10,928,1.2083333333333333,9.666666666666666,True,6.019999273121357e-05,snapshot only,3.777788454136684e-16,8.881784197001252e-16
rank1_feedback_n8_T32_s9401101,rank1_feedback,8,32,9401101,96,8,768,supported_group_factors,1e-10,808,1.0520833333333333,8.416666666666666,True,0.0006892000092193484,snapshot only,0.0,0.0
rank1_feedback_n8_T32_s9401101,rank1_feedback,8,32,9401101,96,8,768,owner_block_factors,1e-10,864,1.125,9.0,True,0.0014041999820619822,snapshot only,0.0,0.0
rank1_feedback_n8_T32_s9401101,rank1_feedback,8,32,9401101,96,8,768,kronecker_shared_input_basis,1e-10,808,1.0520833333333333,8.416666666666666,True,0.0006662999512627721,snapshot only,0.0,0.0
rank1_feedback_n8_T32_s9401101,rank1_feedback,8,32,9401101,96,8,768,immediate_support_exact_slice_plus_svd_residual,1e-10,1096,1.4270833333333333,11.416666666666666,True,9.280000813305378e-05,snapshot only,4.926813446676353e-17,8.326672684688674e-17
rank1_feedback_n8_T32_s9401101,rank1_feedback,8,32,9401101,96,8,768,local_eligibility_plus_svd_residual,1e-10,1096,1.4270833333333333,11.416666666666666,True,8.199992589652538e-05,snapshot only,7.808016357824118e-17,1.6653345369377348e-16
rank1_feedback_n8_T32_s9401101,rank1_feedback,8,32,9401101,96,8,768,global_svd,1e-12,832,1.0833333333333333,8.666666666666666,True,7.239996921271086e-05,snapshot only,1.0644856643921198e-15,2.220446049250313e-15
rank1_feedback_n8_T32_s9401101,rank1_feedback,8,32,9401101,96,8,768,pivoted_qr_repeated_basis,1e-12,928,1.2083333333333333,9.666666666666666,True,5.240004975348711e-05,snapshot only,3.777788454136684e-16,8.881784197001252e-16
rank1_feedback_n8_T32_s9401101,rank1_feedback,8,32,9401101,96,8,768,supported_group_factors,1e-12,808,1.0520833333333333,8.416666666666666,True,0.0006943999323993921,snapshot only,0.0,0.0
rank1_feedback_n8_T32_s9401101,rank1_feedback,8,32,9401101,96,8,768,owner_block_factors,1e-12,864,1.125,9.0,True,0.0014090000186115503,snapshot only,0.0,0.0
rank1_feedback_n8_T32_s9401101,rank1_feedback,8,32,9401101,96,8,768,kronecker_shared_input_basis,1e-12,808,1.0520833333333333,8.416666666666666,True,0.0008600000292062759,snapshot only,0.0,0.0
rank1_feedback_n8_T32_s9401101,rank1_feedback,8,32,9401101,96,8,768,immediate_support_exact_slice_plus_svd_residual,1e-12,1096,1.4270833333333333,11.416666666666666,True,9.490002412348986e-05,snapshot only,4.926813446676353e-17,8.326672684688674e-17
rank1_feedback_n8_T32_s9401101,rank1_feedback,8,32,9401101,96,8,768,local_eligibility_plus_svd_residual,1e-12,1096,1.4270833333333333,11.416666666666666,True,8.390005677938461e-05,snapshot only,7.808016357824118e-17,1.6653345369377348e-16
rank1_feedback_n8_T32_s9401102,rank1_feedback,8,32,9401102,96,8,768,full_matrix,1e-08,768,1.0,8.0,True,8.00006091594696e-07,online baseline,0.0,0.0
rank1_feedback_n8_T32_s9401102,rank1_feedback,8,32,9401102,96,8,768,coordinate_sparse,1e-08,1536,2.0,16.0,True,1.6200006939470768e-05,snapshot only,0.0,0.0
rank1_feedback_n8_T32_s9401102,rank1_feedback,8,32,9401102,96,8,768,block_sparse_triangular,1e-08,872,1.1354166666666667,9.083333333333334,True,1.550000160932541e-05,known closed online block recurrence,0.0,0.0
rank1_feedback_n8_T32_s9401102,rank1_feedback,8,32,9401102,96,8,768,global_svd,1e-08,832,1.0833333333333333,8.666666666666666,True,0.00013310008216649294,snapshot only,9.91605592210703e-16,1.9984014443252818e-15
rank1_feedback_n8_T32_s9401102,rank1_feedback,8,32,9401102,96,8,768,pivoted_qr_repeated_basis,1e-08,928,1.2083333333333333,9.666666666666666,True,6.750004831701517e-05,snapshot only,2.0422128512754827e-16,4.440892098500626e-16
rank1_feedback_n8_T32_s9401102,rank1_feedback,8,32,9401102,96,8,768,supported_group_factors,1e-08,808,1.0520833333333333,8.416666666666666,True,0.0007458999752998352,snapshot only,0.0,0.0
rank1_feedback_n8_T32_s9401102,rank1_feedback,8,32,9401102,96,8,768,owner_block_factors,1e-08,864,1.125,9.0,True,0.0014048999873921275,snapshot only,0.0,0.0
rank1_feedback_n8_T32_s9401102,rank1_feedback,8,32,9401102,96,8,768,kronecker_shared_input_basis,1e-08,808,1.0520833333333333,8.416666666666666,True,0.000660400022752583,snapshot only,0.0,0.0
rank1_feedback_n8_T32_s9401102,rank1_feedback,8,32,9401102,96,8,768,immediate_support_exact_slice_plus_svd_residual,1e-08,1096,1.4270833333333333,11.416666666666666,True,9.110011160373688e-05,snapshot only,8.746902153586071e-16,2.220446049250313e-15
rank1_feedback_n8_T32_s9401102,rank1_feedback,8,32,9401102,96,8,768,local_eligibility_plus_svd_residual,1e-08,1096,1.4270833333333333,11.416666666666666,True,8.189992513507605e-05,snapshot only,1.2445241918329197e-16,2.220446049250313e-16
rank1_feedback_n8_T32_s9401102,rank1_feedback,8,32,9401102,96,8,768,global_svd,1e-10,832,1.0833333333333333,8.666666666666666,True,7.339997682720423e-05,snapshot only,9.91605592210703e-16,1.9984014443252818e-15
rank1_feedback_n8_T32_s9401102,rank1_feedback,8,32,9401102,96,8,768,pivoted_qr_repeated_basis,1e-10,928,1.2083333333333333,9.666666666666666,True,5.430006422102451e-05,snapshot only,2.0422128512754827e-16,4.440892098500626e-16
rank1_feedback_n8_T32_s9401102,rank1_feedback,8,32,9401102,96,8,768,supported_group_factors,1e-10,808,1.0520833333333333,8.416666666666666,True,0.0006747998995706439,snapshot only,0.0,0.0
rank1_feedback_n8_T32_s9401102,rank1_feedback,8,32,9401102,96,8,768,owner_block_factors,1e-10,864,1.125,9.0,True,0.0013593999901786447,snapshot only,0.0,0.0
rank1_feedback_n8_T32_s9401102,rank1_feedback,8,32,9401102,96,8,768,kronecker_shared_input_basis,1e-10,808,1.0520833333333333,8.416666666666666,True,0.00066359993070364,snapshot only,0.0,0.0
rank1_feedback_n8_T32_s9401102,rank1_feedback,8,32,9401102,96,8,768,immediate_support_exact_slice_plus_svd_residual,1e-10,1096,1.4270833333333333,11.416666666666666,True,8.859997615218163e-05,snapshot only,8.746902153586071e-16,2.220446049250313e-15
rank1_feedback_n8_T32_s9401102,rank1_feedback,8,32,9401102,96,8,768,local_eligibility_plus_svd_residual,1e-10,1096,1.4270833333333333,11.416666666666666,True,8.560006972402334e-05,snapshot only,1.2445241918329197e-16,2.220446049250313e-16
rank1_feedback_n8_T32_s9401102,rank1_feedback,8,32,9401102,96,8,768,global_svd,1e-12,832,1.0833333333333333,8.666666666666666,True,7.430010009557009e-05,snapshot only,9.91605592210703e-16,1.9984014443252818e-15
rank1_feedback_n8_T32_s9401102,rank1_feedback,8,32,9401102,96,8,768,pivoted_qr_repeated_basis,1e-12,928,1.2083333333333333,9.666666666666666,True,4.9999915063381195e-05,snapshot only,2.0422128512754827e-16,4.440892098500626e-16
rank1_feedback_n8_T32_s9401102,rank1_feedback,8,32,9401102,96,8,768,supported_group_factors,1e-12,808,1.0520833333333333,8.416666666666666,True,0.0006692999741062522,snapshot only,0.0,0.0
rank1_feedback_n8_T32_s9401102,rank1_feedback,8,32,9401102,96,8,768,owner_block_factors,1e-12,864,1.125,9.0,True,0.0013714999658986926,snapshot only,0.0,0.0
rank1_feedback_n8_T32_s9401102,rank1_feedback,8,32,9401102,96,8,768,kronecker_shared_input_basis,1e-12,808,1.0520833333333333,8.416666666666666,True,0.0006523999618366361,snapshot only,0.0,0.0
rank1_feedback_n8_T32_s9401102,rank1_feedback,8,32,9401102,96,8,768,immediate_support_exact_slice_plus_svd_residual,1e-12,1096,1.4270833333333333,11.416666666666666,True,8.889997843652964e-05,snapshot only,8.746902153586071e-16,2.220446049250313e-15
rank1_feedback_n8_T32_s9401102,rank1_feedback,8,32,9401102,96,8,768,local_eligibility_plus_svd_residual,1e-12,1096,1.4270833333333333,11.416666666666666,True,8.219992741942406e-05,snapshot only,1.2445241918329197e-16,2.220446049250313e-16
rank1_feedback_n8_T32_s9401103,rank1_feedback,8,32,9401103,96,8,768,full_matrix,1e-08,768,1.0,8.0,True,7.00005330145359e-07,online baseline,0.0,0.0
rank1_feedback_n8_T32_s9401103,rank1_feedback,8,32,9401103,96,8,768,coordinate_sparse,1e-08,1536,2.0,16.0,True,1.4999997802078724e-05,snapshot only,0.0,0.0
rank1_feedback_n8_T32_s9401103,rank1_feedback,8,32,9401103,96,8,768,block_sparse_triangular,1e-08,872,1.1354166666666667,9.083333333333334,True,1.5700003132224083e-05,known closed online block recurrence,0.0,0.0
rank1_feedback_n8_T32_s9401103,rank1_feedback,8,32,9401103,96,8,768,global_svd,1e-08,832,1.0833333333333333,8.666666666666666,True,9.979994501918554e-05,snapshot only,1.1919891842957214e-15,2.220446049250313e-15
rank1_feedback_n8_T32_s9401103,rank1_feedback,8,32,9401103,96,8,768,pivoted_qr_repeated_basis,1e-08,928,1.2083333333333333,9.666666666666666,True,5.879998207092285e-05,snapshot only,5.589024035116224e-16,1.3322676295501878e-15
rank1_feedback_n8_T32_s9401103,rank1_feedback,8,32,9401103,96,8,768,supported_group_factors,1e-08,808,1.0520833333333333,8.416666666666666,True,0.0007052000146359205,snapshot only,0.0,0.0
rank1_feedback_n8_T32_s9401103,rank1_feedback,8,32,9401103,96,8,768,owner_block_factors,1e-08,864,1.125,9.0,True,0.0013654999202117324,snapshot only,0.0,0.0
rank1_feedback_n8_T32_s9401103,rank1_feedback,8,32,9401103,96,8,768,kronecker_shared_input_basis,1e-08,808,1.0520833333333333,8.416666666666666,True,0.000674300012178719,snapshot only,0.0,0.0
rank1_feedback_n8_T32_s9401103,rank1_feedback,8,32,9401103,96,8,768,immediate_support_exact_slice_plus_svd_residual,1e-08,1096,1.4270833333333333,11.416666666666666,True,9.360001422464848e-05,snapshot only,5.766261082749746e-17,1.3877787807814457e-16
rank1_feedback_n8_T32_s9401103,rank1_feedback,8,32,9401103,96,8,768,local_eligibility_plus_svd_residual,1e-08,1096,1.4270833333333333,11.416666666666666,True,8.499994874000549e-05,snapshot only,4.988837244852749e-17,8.326672684688674e-17
rank1_feedback_n8_T32_s9401103,rank1_feedback,8,32,9401103,96,8,768,global_svd,1e-10,832,1.0833333333333333,8.666666666666666,True,7.289997301995754e-05,snapshot only,1.1919891842957214e-15,2.220446049250313e-15
rank1_feedback_n8_T32_s9401103,rank1_feedback,8,32,9401103,96,8,768,pivoted_qr_repeated_basis,1e-10,928,1.2083333333333333,9.666666666666666,True,4.9900030717253685e-05,snapshot only,5.589024035116224e-16,1.3322676295501878e-15
rank1_feedback_n8_T32_s9401103,rank1_feedback,8,32,9401103,96,8,768,supported_group_factors,1e-10,808,1.0520833333333333,8.416666666666666,True,0.0010142000392079353,snapshot only,0.0,0.0
rank1_feedback_n8_T32_s9401103,rank1_feedback,8,32,9401103,96,8,768,owner_block_factors,1e-10,864,1.125,9.0,True,0.001428700052201748,snapshot only,0.0,0.0
rank1_feedback_n8_T32_s9401103,rank1_feedback,8,32,9401103,96,8,768,kronecker_shared_input_basis,1e-10,808,1.0520833333333333,8.416666666666666,True,0.0006769000319764018,snapshot only,0.0,0.0
rank1_feedback_n8_T32_s9401103,rank1_feedback,8,32,9401103,96,8,768,immediate_support_exact_slice_plus_svd_residual,1e-10,1096,1.4270833333333333,11.416666666666666,True,8.969998452812433e-05,snapshot only,5.766261082749746e-17,1.3877787807814457e-16
rank1_feedback_n8_T32_s9401103,rank1_feedback,8,32,9401103,96,8,768,local_eligibility_plus_svd_residual,1e-10,1096,1.4270833333333333,11.416666666666666,True,8.160003926604986e-05,snapshot only,4.988837244852749e-17,8.326672684688674e-17
rank1_feedback_n8_T32_s9401103,rank1_feedback,8,32,9401103,96,8,768,global_svd,1e-12,832,1.0833333333333333,8.666666666666666,True,7.339997682720423e-05,snapshot only,1.1919891842957214e-15,2.220446049250313e-15
rank1_feedback_n8_T32_s9401103,rank1_feedback,8,32,9401103,96,8,768,pivoted_qr_repeated_basis,1e-12,928,1.2083333333333333,9.666666666666666,True,5.280005279928446e-05,snapshot only,5.589024035116224e-16,1.3322676295501878e-15
rank1_feedback_n8_T32_s9401103,rank1_feedback,8,32,9401103,96,8,768,supported_group_factors,1e-12,808,1.0520833333333333,8.416666666666666,True,0.0006767000304535031,snapshot only,0.0,0.0
rank1_feedback_n8_T32_s9401103,rank1_feedback,8,32,9401103,96,8,768,owner_block_factors,1e-12,864,1.125,9.0,True,0.0013568999711424112,snapshot only,0.0,0.0
rank1_feedback_n8_T32_s9401103,rank1_feedback,8,32,9401103,96,8,768,kronecker_shared_input_basis,1e-12,808,1.0520833333333333,8.416666666666666,True,0.0006484000477939844,snapshot only,0.0,0.0
rank1_feedback_n8_T32_s9401103,rank1_feedback,8,32,9401103,96,8,768,immediate_support_exact_slice_plus_svd_residual,1e-12,1096,1.4270833333333333,11.416666666666666,True,8.9599983766675e-05,snapshot only,5.766261082749746e-17,1.3877787807814457e-16
rank1_feedback_n8_T32_s9401103,rank1_feedback,8,32,9401103,96,8,768,local_eligibility_plus_svd_residual,1e-12,1096,1.4270833333333333,11.416666666666666,True,8.180004078894854e-05,snapshot only,4.988837244852749e-17,8.326672684688674e-17
rank1_feedback_n8_T32_s9401104,rank1_feedback,8,32,9401104,96,8,768,full_matrix,1e-08,768,1.0,8.0,True,6.00004568696022e-07,online baseline,0.0,0.0
rank1_feedback_n8_T32_s9401104,rank1_feedback,8,32,9401104,96,8,768,coordinate_sparse,1e-08,1536,2.0,16.0,True,1.71000137925148e-05,snapshot only,0.0,0.0
rank1_feedback_n8_T32_s9401104,rank1_feedback,8,32,9401104,96,8,768,block_sparse_triangular,1e-08,872,1.1354166666666667,9.083333333333334,True,1.580000389367342e-05,known closed online block recurrence,0.0,0.0
rank1_feedback_n8_T32_s9401104,rank1_feedback,8,32,9401104,96,8,768,global_svd,1e-08,832,1.0833333333333333,8.666666666666666,True,0.00010710000060498714,snapshot only,1.01124747746797e-15,1.9984014443252818e-15
rank1_feedback_n8_T32_s9401104,rank1_feedback,8,32,9401104,96,8,768,pivoted_qr_repeated_basis,1e-08,928,1.2083333333333333,9.666666666666666,True,6.350001785904169e-05,snapshot only,2.4556529075296076e-16,4.440892098500626e-16
rank1_feedback_n8_T32_s9401104,rank1_feedback,8,32,9401104,96,8,768,supported_group_factors,1e-08,808,1.0520833333333333,8.416666666666666,True,0.0007040000054985285,snapshot only,0.0,0.0
rank1_feedback_n8_T32_s9401104,rank1_feedback,8,32,9401104,96,8,768,owner_block_factors,1e-08,864,1.125,9.0,True,0.0013734999811276793,snapshot only,0.0,0.0
rank1_feedback_n8_T32_s9401104,rank1_feedback,8,32,9401104,96,8,768,kronecker_shared_input_basis,1e-08,808,1.0520833333333333,8.416666666666666,True,0.0006622000364586711,snapshot only,0.0,0.0
rank1_feedback_n8_T32_s9401104,rank1_feedback,8,32,9401104,96,8,768,immediate_support_exact_slice_plus_svd_residual,1e-08,1096,1.4270833333333333,11.416666666666666,True,8.889997843652964e-05,snapshot only,6.098170093629949e-17,1.1102230246251565e-16
rank1_feedback_n8_T32_s9401104,rank1_feedback,8,32,9401104,96,8,768,local_eligibility_plus_svd_residual,1e-08,1096,1.4270833333333333,11.416666666666666,True,8.150003850460052e-05,snapshot only,3.276299870759484e-17,1.1102230246251565e-16
rank1_feedback_n8_T32_s9401104,rank1_feedback,8,32,9401104,96,8,768,global_svd,1e-10,832,1.0833333333333333,8.666666666666666,True,7.399998139590025e-05,snapshot only,1.01124747746797e-15,1.9984014443252818e-15
rank1_feedback_n8_T32_s9401104,rank1_feedback,8,32,9401104,96,8,768,pivoted_qr_repeated_basis,1e-10,928,1.2083333333333333,9.666666666666666,True,5.4999953135848045e-05,snapshot only,2.4556529075296076e-16,4.440892098500626e-16
rank1_feedback_n8_T32_s9401104,rank1_feedback,8,32,9401104,96,8,768,supported_group_factors,1e-10,808,1.0520833333333333,8.416666666666666,True,0.0006845999741926789,snapshot only,0.0,0.0
rank1_feedback_n8_T32_s9401104,rank1_feedback,8,32,9401104,96,8,768,owner_block_factors,1e-10,864,1.125,9.0,True,0.0015023999148979783,snapshot only,0.0,0.0
rank1_feedback_n8_T32_s9401104,rank1_feedback,8,32,9401104,96,8,768,kronecker_shared_input_basis,1e-10,808,1.0520833333333333,8.416666666666666,True,0.0006679000798612833,snapshot only,0.0,0.0
rank1_feedback_n8_T32_s9401104,rank1_feedback,8,32,9401104,96,8,768,immediate_support_exact_slice_plus_svd_residual,1e-10,1096,1.4270833333333333,11.416666666666666,True,0.00016010005492717028,snapshot only,6.098170093629949e-17,1.1102230246251565e-16
rank1_feedback_n8_T32_s9401104,rank1_feedback,8,32,9401104,96,8,768,local_eligibility_plus_svd_residual,1e-10,1096,1.4270833333333333,11.416666666666666,True,0.00012939993757754564,snapshot only,3.276299870759484e-17,1.1102230246251565e-16
rank1_feedback_n8_T32_s9401104,rank1_feedback,8,32,9401104,96,8,768,global_svd,1e-12,832,1.0833333333333333,8.666666666666666,True,8.810008876025677e-05,snapshot only,1.01124747746797e-15,1.9984014443252818e-15
rank1_feedback_n8_T32_s9401104,rank1_feedback,8,32,9401104,96,8,768,pivoted_qr_repeated_basis,1e-12,928,1.2083333333333333,9.666666666666666,True,6.0699996538460255e-05,snapshot only,2.4556529075296076e-16,4.440892098500626e-16
rank1_feedback_n8_T32_s9401104,rank1_feedback,8,32,9401104,96,8,768,supported_group_factors,1e-12,808,1.0520833333333333,8.416666666666666,True,0.0007086999248713255,snapshot only,0.0,0.0
rank1_feedback_n8_T32_s9401104,rank1_feedback,8,32,9401104,96,8,768,owner_block_factors,1e-12,864,1.125,9.0,True,0.0014059999957680702,snapshot only,0.0,0.0
rank1_feedback_n8_T32_s9401104,rank1_feedback,8,32,9401104,96,8,768,kronecker_shared_input_basis,1e-12,808,1.0520833333333333,8.416666666666666,True,0.0006530999671667814,snapshot only,0.0,0.0
rank1_feedback_n8_T32_s9401104,rank1_feedback,8,32,9401104,96,8,768,immediate_support_exact_slice_plus_svd_residual,1e-12,1096,1.4270833333333333,11.416666666666666,True,8.949998300522566e-05,snapshot only,6.098170093629949e-17,1.1102230246251565e-16
rank1_feedback_n8_T32_s9401104,rank1_feedback,8,32,9401104,96,8,768,local_eligibility_plus_svd_residual,1e-12,1096,1.4270833333333333,11.416666666666666,True,8.739996701478958e-05,snapshot only,3.276299870759484e-17,1.1102230246251565e-16
rank1_feedback_n8_T128_s9401100,rank1_feedback,8,128,9401100,96,8,768,full_matrix,1e-08,768,1.0,8.0,True,8.00006091594696e-07,online baseline,0.0,0.0
rank1_feedback_n8_T128_s9401100,rank1_feedback,8,128,9401100,96,8,768,coordinate_sparse,1e-08,1536,2.0,16.0,True,1.610000617802143e-05,snapshot only,0.0,0.0
rank1_feedback_n8_T128_s9401100,rank1_feedback,8,128,9401100,96,8,768,block_sparse_triangular,1e-08,872,1.1354166666666667,9.083333333333334,True,1.5400000847876072e-05,known closed online block recurrence,0.0,0.0
rank1_feedback_n8_T128_s9401100,rank1_feedback,8,128,9401100,96,8,768,global_svd,1e-08,832,1.0833333333333333,8.666666666666666,True,0.00010390009265393019,snapshot only,1.3531941910638535e-15,3.3306690738754696e-15
rank1_feedback_n8_T128_s9401100,rank1_feedback,8,128,9401100,96,8,768,pivoted_qr_repeated_basis,1e-08,928,1.2083333333333333,9.666666666666666,True,6.320001557469368e-05,snapshot only,3.4010996641544935e-16,8.881784197001252e-16
rank1_feedback_n8_T128_s9401100,rank1_feedback,8,128,9401100,96,8,768,supported_group_factors,1e-08,808,1.0520833333333333,8.416666666666666,True,0.0008982999715954065,snapshot only,0.0,0.0
rank1_feedback_n8_T128_s9401100,rank1_feedback,8,128,9401100,96,8,768,owner_block_factors,1e-08,864,1.125,9.0,True,0.0018503000028431416,snapshot only,0.0,0.0
rank1_feedback_n8_T128_s9401100,rank1_feedback,8,128,9401100,96,8,768,kronecker_shared_input_basis,1e-08,808,1.0520833333333333,8.416666666666666,True,0.0007010999834164977,snapshot only,0.0,0.0
rank1_feedback_n8_T128_s9401100,rank1_feedback,8,128,9401100,96,8,768,immediate_support_exact_slice_plus_svd_residual,1e-08,1096,1.4270833333333333,11.416666666666666,True,8.999998681247234e-05,snapshot only,4.430419377064498e-16,1.4155343563970746e-15
rank1_feedback_n8_T128_s9401100,rank1_feedback,8,128,9401100,96,8,768,local_eligibility_plus_svd_residual,1e-08,1096,1.4270833333333333,11.416666666666666,True,8.460006210952997e-05,snapshot only,2.67174529640577e-16,8.326672684688674e-16
rank1_feedback_n8_T128_s9401100,rank1_feedback,8,128,9401100,96,8,768,global_svd,1e-10,832,1.0833333333333333,8.666666666666666,True,7.410009857267141e-05,snapshot only,1.3531941910638535e-15,3.3306690738754696e-15
rank1_feedback_n8_T128_s9401100,rank1_feedback,8,128,9401100,96,8,768,pivoted_qr_repeated_basis,1e-10,928,1.2083333333333333,9.666666666666666,True,5.4200063459575176e-05,snapshot only,3.4010996641544935e-16,8.881784197001252e-16
rank1_feedback_n8_T128_s9401100,rank1_feedback,8,128,9401100,96,8,768,supported_group_factors,1e-10,808,1.0520833333333333,8.416666666666666,True,0.0006840000860393047,snapshot only,0.0,0.0
rank1_feedback_n8_T128_s9401100,rank1_feedback,8,128,9401100,96,8,768,owner_block_factors,1e-10,864,1.125,9.0,True,0.001379300025291741,snapshot only,0.0,0.0
rank1_feedback_n8_T128_s9401100,rank1_feedback,8,128,9401100,96,8,768,kronecker_shared_input_basis,1e-10,808,1.0520833333333333,8.416666666666666,True,0.0006599999032914639,snapshot only,0.0,0.0
rank1_feedback_n8_T128_s9401100,rank1_feedback,8,128,9401100,96,8,768,immediate_support_exact_slice_plus_svd_residual,1e-10,1096,1.4270833333333333,11.416666666666666,True,8.969998452812433e-05,snapshot only,4.430419377064498e-16,1.4155343563970746e-15
rank1_feedback_n8_T128_s9401100,rank1_feedback,8,128,9401100,96,8,768,local_eligibility_plus_svd_residual,1e-10,1096,1.4270833333333333,11.416666666666666,True,8.140003774315119e-05,snapshot only,2.67174529640577e-16,8.326672684688674e-16
rank1_feedback_n8_T128_s9401100,rank1_feedback,8,128,9401100,96,8,768,global_svd,1e-12,832,1.0833333333333333,8.666666666666666,True,7.419998291879892e-05,snapshot only,1.3531941910638535e-15,3.3306690738754696e-15
rank1_feedback_n8_T128_s9401100,rank1_feedback,8,128,9401100,96,8,768,pivoted_qr_repeated_basis,1e-12,928,1.2083333333333333,9.666666666666666,True,5.110003985464573e-05,snapshot only,3.4010996641544935e-16,8.881784197001252e-16
rank1_feedback_n8_T128_s9401100,rank1_feedback,8,128,9401100,96,8,768,supported_group_factors,1e-12,808,1.0520833333333333,8.416666666666666,True,0.0006835999665781856,snapshot only,0.0,0.0
rank1_feedback_n8_T128_s9401100,rank1_feedback,8,128,9401100,96,8,768,owner_block_factors,1e-12,864,1.125,9.0,True,0.0013590999878942966,snapshot only,0.0,0.0
rank1_feedback_n8_T128_s9401100,rank1_feedback,8,128,9401100,96,8,768,kronecker_shared_input_basis,1e-12,808,1.0520833333333333,8.416666666666666,True,0.0006657000631093979,snapshot only,0.0,0.0
rank1_feedback_n8_T128_s9401100,rank1_feedback,8,128,9401100,96,8,768,immediate_support_exact_slice_plus_svd_residual,1e-12,1096,1.4270833333333333,11.416666666666666,True,8.740008343011141e-05,snapshot only,4.430419377064498e-16,1.4155343563970746e-15
rank1_feedback_n8_T128_s9401100,rank1_feedback,8,128,9401100,96,8,768,local_eligibility_plus_svd_residual,1e-12,1096,1.4270833333333333,11.416666666666666,True,8.260004688054323e-05,snapshot only,2.67174529640577e-16,8.326672684688674e-16
rank1_feedback_n8_T128_s9401101,rank1_feedback,8,128,9401101,96,8,768,full_matrix,1e-08,768,1.0,8.0,True,7.00005330145359e-07,online baseline,0.0,0.0
rank1_feedback_n8_T128_s9401101,rank1_feedback,8,128,9401101,96,8,768,coordinate_sparse,1e-08,1536,2.0,16.0,True,1.5400000847876072e-05,snapshot only,0.0,0.0
rank1_feedback_n8_T128_s9401101,rank1_feedback,8,128,9401101,96,8,768,block_sparse_triangular,1e-08,872,1.1354166666666667,9.083333333333334,True,1.5600002370774746e-05,known closed online block recurrence,0.0,0.0
rank1_feedback_n8_T128_s9401101,rank1_feedback,8,128,9401101,96,8,768,global_svd,1e-08,832,1.0833333333333333,8.666666666666666,True,9.970006067305803e-05,snapshot only,1.0024593831850465e-15,1.9984014443252818e-15
rank1_feedback_n8_T128_s9401101,rank1_feedback,8,128,9401101,96,8,768,pivoted_qr_repeated_basis,1e-08,928,1.2083333333333333,9.666666666666666,True,6.480002775788307e-05,snapshot only,1.977743732164166e-16,4.440892098500626e-16
rank1_feedback_n8_T128_s9401101,rank1_feedback,8,128,9401101,96,8,768,supported_group_factors,1e-08,808,1.0520833333333333,8.416666666666666,True,0.0006954999407753348,snapshot only,0.0,0.0
rank1_feedback_n8_T128_s9401101,rank1_feedback,8,128,9401101,96,8,768,owner_block_factors,1e-08,864,1.125,9.0,True,0.0013934000162407756,snapshot only,0.0,0.0
rank1_feedback_n8_T128_s9401101,rank1_feedback,8,128,9401101,96,8,768,kronecker_shared_input_basis,1e-08,808,1.0520833333333333,8.416666666666666,True,0.0006556999869644642,snapshot only,0.0,0.0
rank1_feedback_n8_T128_s9401101,rank1_feedback,8,128,9401101,96,8,768,immediate_support_exact_slice_plus_svd_residual,1e-08,1096,1.4270833333333333,11.416666666666666,True,0.0002308000111952424,snapshot only,7.356521019322938e-17,2.220446049250313e-16
rank1_feedback_n8_T128_s9401101,rank1_feedback,8,128,9401101,96,8,768,local_eligibility_plus_svd_residual,1e-08,1096,1.4270833333333333,11.416666666666666,True,0.00018800003454089165,snapshot only,1.759912516585807e-16,3.608224830031759e-16
rank1_feedback_n8_T128_s9401101,rank1_feedback,8,128,9401101,96,8,768,global_svd,1e-10,832,1.0833333333333333,8.666666666666666,True,8.000002708286047e-05,snapshot only,1.0024593831850465e-15,1.9984014443252818e-15
rank1_feedback_n8_T128_s9401101,rank1_feedback,8,128,9401101,96,8,768,pivoted_qr_repeated_basis,1e-10,928,1.2083333333333333,9.666666666666666,True,6.230000872164965e-05,snapshot only,1.977743732164166e-16,4.440892098500626e-16
rank1_feedback_n8_T128_s9401101,rank1_feedback,8,128,9401101,96,8,768,supported_group_factors,1e-10,808,1.0520833333333333,8.416666666666666,True,0.000907599925994873,snapshot only,0.0,0.0
rank1_feedback_n8_T128_s9401101,rank1_feedback,8,128,9401101,96,8,768,owner_block_factors,1e-10,864,1.125,9.0,True,0.0013979000505059958,snapshot only,0.0,0.0
rank1_feedback_n8_T128_s9401101,rank1_feedback,8,128,9401101,96,8,768,kronecker_shared_input_basis,1e-10,808,1.0520833333333333,8.416666666666666,True,0.0006543000927194953,snapshot only,0.0,0.0
rank1_feedback_n8_T128_s9401101,rank1_feedback,8,128,9401101,96,8,768,immediate_support_exact_slice_plus_svd_residual,1e-10,1096,1.4270833333333333,11.416666666666666,True,8.979998528957367e-05,snapshot only,7.356521019322938e-17,2.220446049250313e-16
rank1_feedback_n8_T128_s9401101,rank1_feedback,8,128,9401101,96,8,768,local_eligibility_plus_svd_residual,1e-10,1096,1.4270833333333333,11.416666666666666,True,8.36000544950366e-05,snapshot only,1.759912516585807e-16,3.608224830031759e-16
rank1_feedback_n8_T128_s9401101,rank1_feedback,8,128,9401101,96,8,768,global_svd,1e-12,832,1.0833333333333333,8.666666666666666,True,7.319997530430555e-05,snapshot only,1.0024593831850465e-15,1.9984014443252818e-15
rank1_feedback_n8_T128_s9401101,rank1_feedback,8,128,9401101,96,8,768,pivoted_qr_repeated_basis,1e-12,928,1.2083333333333333,9.666666666666666,True,5.1999930292367935e-05,snapshot only,1.977743732164166e-16,4.440892098500626e-16
rank1_feedback_n8_T128_s9401101,rank1_feedback,8,128,9401101,96,8,768,supported_group_factors,1e-12,808,1.0520833333333333,8.416666666666666,True,0.0006746000144630671,snapshot only,0.0,0.0
rank1_feedback_n8_T128_s9401101,rank1_feedback,8,128,9401101,96,8,768,owner_block_factors,1e-12,864,1.125,9.0,True,0.0013786000199615955,snapshot only,0.0,0.0
rank1_feedback_n8_T128_s9401101,rank1_feedback,8,128,9401101,96,8,768,kronecker_shared_input_basis,1e-12,808,1.0520833333333333,8.416666666666666,True,0.0006573999999091029,snapshot only,0.0,0.0
rank1_feedback_n8_T128_s9401101,rank1_feedback,8,128,9401101,96,8,768,immediate_support_exact_slice_plus_svd_residual,1e-12,1096,1.4270833333333333,11.416666666666666,True,8.87999776750803e-05,snapshot only,7.356521019322938e-17,2.220446049250313e-16
rank1_feedback_n8_T128_s9401101,rank1_feedback,8,128,9401101,96,8,768,local_eligibility_plus_svd_residual,1e-12,1096,1.4270833333333333,11.416666666666666,True,8.25000461190939e-05,snapshot only,1.759912516585807e-16,3.608224830031759e-16
rank1_feedback_n8_T128_s9401102,rank1_feedback,8,128,9401102,96,8,768,full_matrix,1e-08,768,1.0,8.0,True,6.00004568696022e-07,online baseline,0.0,0.0
rank1_feedback_n8_T128_s9401102,rank1_feedback,8,128,9401102,96,8,768,coordinate_sparse,1e-08,1536,2.0,16.0,True,1.5700003132224083e-05,snapshot only,0.0,0.0
rank1_feedback_n8_T128_s9401102,rank1_feedback,8,128,9401102,96,8,768,block_sparse_triangular,1e-08,872,1.1354166666666667,9.083333333333334,True,1.7300015315413475e-05,known closed online block recurrence,0.0,0.0
rank1_feedback_n8_T128_s9401102,rank1_feedback,8,128,9401102,96,8,768,global_svd,1e-08,832,1.0833333333333333,8.666666666666666,True,0.00011160003487020731,snapshot only,1.1262504629236611e-15,2.886579864025407e-15
rank1_feedback_n8_T128_s9401102,rank1_feedback,8,128,9401102,96,8,768,pivoted_qr_repeated_basis,1e-08,928,1.2083333333333333,9.666666666666666,True,6.550003308802843e-05,snapshot only,2.986320054313247e-16,6.661338147750939e-16
rank1_feedback_n8_T128_s9401102,rank1_feedback,8,128,9401102,96,8,768,supported_group_factors,1e-08,808,1.0520833333333333,8.416666666666666,True,0.0007240000413730741,snapshot only,0.0,0.0
rank1_feedback_n8_T128_s9401102,rank1_feedback,8,128,9401102,96,8,768,owner_block_factors,1e-08,864,1.125,9.0,True,0.0013840999454259872,snapshot only,0.0,0.0
rank1_feedback_n8_T128_s9401102,rank1_feedback,8,128,9401102,96,8,768,kronecker_shared_input_basis,1e-08,808,1.0520833333333333,8.416666666666666,True,0.000658900011330843,snapshot only,0.0,0.0
rank1_feedback_n8_T128_s9401102,rank1_feedback,8,128,9401102,96,8,768,immediate_support_exact_slice_plus_svd_residual,1e-08,1096,1.4270833333333333,11.416666666666666,True,9.510002564638853e-05,snapshot only,8.155319287625158e-17,1.6653345369377348e-16
rank1_feedback_n8_T128_s9401102,rank1_feedback,8,128,9401102,96,8,768,local_eligibility_plus_svd_residual,1e-08,1096,1.4270833333333333,11.416666666666666,True,8.380005601793528e-05,snapshot only,1.0229270183202108e-16,2.8102520310824275e-16
rank1_feedback_n8_T128_s9401102,rank1_feedback,8,128,9401102,96,8,768,global_svd,1e-10,832,1.0833333333333333,8.666666666666666,True,7.400009781122208e-05,snapshot only,1.1262504629236611e-15,2.886579864025407e-15
rank1_feedback_n8_T128_s9401102,rank1_feedback,8,128,9401102,96,8,768,pivoted_qr_repeated_basis,1e-10,928,1.2083333333333333,9.666666666666666,True,5.349994171410799e-05,snapshot only,2.986320054313247e-16,6.661338147750939e-16
rank1_feedback_n8_T128_s9401102,rank1_feedback,8,128,9401102,96,8,768,supported_group_factors,1e-10,808,1.0520833333333333,8.416666666666666,True,0.0006818999536335468,snapshot only,0.0,0.0
rank1_feedback_n8_T128_s9401102,rank1_feedback,8,128,9401102,96,8,768,owner_block_factors,1e-10,864,1.125,9.0,True,0.0013671999331563711,snapshot only,0.0,0.0
rank1_feedback_n8_T128_s9401102,rank1_feedback,8,128,9401102,96,8,768,kronecker_shared_input_basis,1e-10,808,1.0520833333333333,8.416666666666666,True,0.0007218000246211886,snapshot only,0.0,0.0
rank1_feedback_n8_T128_s9401102,rank1_feedback,8,128,9401102,96,8,768,immediate_support_exact_slice_plus_svd_residual,1e-10,1096,1.4270833333333333,11.416666666666666,True,9.000010322779417e-05,snapshot only,8.155319287625158e-17,1.6653345369377348e-16
rank1_feedback_n8_T128_s9401102,rank1_feedback,8,128,9401102,96,8,768,local_eligibility_plus_svd_residual,1e-10,1096,1.4270833333333333,11.416666666666666,True,8.28000484034419e-05,snapshot only,1.0229270183202108e-16,2.8102520310824275e-16
rank1_feedback_n8_T128_s9401102,rank1_feedback,8,128,9401102,96,8,768,global_svd,1e-12,832,1.0833333333333333,8.666666666666666,True,7.389998063445091e-05,snapshot only,1.1262504629236611e-15,2.886579864025407e-15
rank1_feedback_n8_T128_s9401102,rank1_feedback,8,128,9401102,96,8,768,pivoted_qr_repeated_basis,1e-12,928,1.2083333333333333,9.666666666666666,True,5.1600043661892414e-05,snapshot only,2.986320054313247e-16,6.661338147750939e-16
rank1_feedback_n8_T128_s9401102,rank1_feedback,8,128,9401102,96,8,768,supported_group_factors,1e-12,808,1.0520833333333333,8.416666666666666,True,0.0006783000426366925,snapshot only,0.0,0.0
rank1_feedback_n8_T128_s9401102,rank1_feedback,8,128,9401102,96,8,768,owner_block_factors,1e-12,864,1.125,9.0,True,0.0013695000670850277,snapshot only,0.0,0.0
rank1_feedback_n8_T128_s9401102,rank1_feedback,8,128,9401102,96,8,768,kronecker_shared_input_basis,1e-12,808,1.0520833333333333,8.416666666666666,True,0.0006666999543085694,snapshot only,0.0,0.0
rank1_feedback_n8_T128_s9401102,rank1_feedback,8,128,9401102,96,8,768,immediate_support_exact_slice_plus_svd_residual,1e-12,1096,1.4270833333333333,11.416666666666666,True,8.819997310638428e-05,snapshot only,8.155319287625158e-17,1.6653345369377348e-16
rank1_feedback_n8_T128_s9401102,rank1_feedback,8,128,9401102,96,8,768,local_eligibility_plus_svd_residual,1e-12,1096,1.4270833333333333,11.416666666666666,True,8.22999281808734e-05,snapshot only,1.0229270183202108e-16,2.8102520310824275e-16
rank1_feedback_n8_T128_s9401103,rank1_feedback,8,128,9401103,96,8,768,full_matrix,1e-08,768,1.0,8.0,True,6.00004568696022e-07,online baseline,0.0,0.0
rank1_feedback_n8_T128_s9401103,rank1_feedback,8,128,9401103,96,8,768,coordinate_sparse,1e-08,1536,2.0,16.0,True,1.580000389367342e-05,snapshot only,0.0,0.0
rank1_feedback_n8_T128_s9401103,rank1_feedback,8,128,9401103,96,8,768,block_sparse_triangular,1e-08,872,1.1354166666666667,9.083333333333334,True,1.580000389367342e-05,known closed online block recurrence,0.0,0.0
rank1_feedback_n8_T128_s9401103,rank1_feedback,8,128,9401103,96,8,768,global_svd,1e-08,832,1.0833333333333333,8.666666666666666,True,0.00010599999222904444,snapshot only,9.557223230670607e-16,1.8388068845354155e-15
rank1_feedback_n8_T128_s9401103,rank1_feedback,8,128,9401103,96,8,768,pivoted_qr_repeated_basis,1e-08,928,1.2083333333333333,9.666666666666666,True,6.560003384947777e-05,snapshot only,3.6071426459187386e-16,6.661338147750939e-16
rank1_feedback_n8_T128_s9401103,rank1_feedback,8,128,9401103,96,8,768,supported_group_factors,1e-08,808,1.0520833333333333,8.416666666666666,True,0.0007029999978840351,snapshot only,0.0,0.0
rank1_feedback_n8_T128_s9401103,rank1_feedback,8,128,9401103,96,8,768,owner_block_factors,1e-08,864,1.125,9.0,True,0.001532799913547933,snapshot only,0.0,0.0
rank1_feedback_n8_T128_s9401103,rank1_feedback,8,128,9401103,96,8,768,kronecker_shared_input_basis,1e-08,808,1.0520833333333333,8.416666666666666,True,0.0007051000138744712,snapshot only,0.0,0.0
rank1_feedback_n8_T128_s9401103,rank1_feedback,8,128,9401103,96,8,768,immediate_support_exact_slice_plus_svd_residual,1e-08,1096,1.4270833333333333,11.416666666666666,True,9.139999747276306e-05,snapshot only,2.6963313559128645e-17,5.898059818321144e-17
rank1_feedback_n8_T128_s9401103,rank1_feedback,8,128,9401103,96,8,768,local_eligibility_plus_svd_residual,1e-08,1096,1.4270833333333333,11.416666666666666,True,8.239992894232273e-05,snapshot only,9.558444526050643e-17,1.942890293094024e-16
rank1_feedback_n8_T128_s9401103,rank1_feedback,8,128,9401103,96,8,768,global_svd,1e-10,832,1.0833333333333333,8.666666666666666,True,7.449998520314693e-05,snapshot only,9.557223230670607e-16,1.8388068845354155e-15
rank1_feedback_n8_T128_s9401103,rank1_feedback,8,128,9401103,96,8,768,pivoted_qr_repeated_basis,1e-10,928,1.2083333333333333,9.666666666666666,True,5.7999975979328156e-05,snapshot only,3.6071426459187386e-16,6.661338147750939e-16
rank1_feedback_n8_T128_s9401103,rank1_feedback,8,128,9401103,96,8,768,supported_group_factors,1e-10,808,1.0520833333333333,8.416666666666666,True,0.0007020999910309911,snapshot only,0.0,0.0
rank1_feedback_n8_T128_s9401103,rank1_feedback,8,128,9401103,96,8,768,owner_block_factors,1e-10,864,1.125,9.0,True,0.001420699991285801,snapshot only,0.0,0.0
rank1_feedback_n8_T128_s9401103,rank1_feedback,8,128,9401103,96,8,768,kronecker_shared_input_basis,1e-10,808,1.0520833333333333,8.416666666666666,True,0.0006550999823957682,snapshot only,0.0,0.0
rank1_feedback_n8_T128_s9401103,rank1_feedback,8,128,9401103,96,8,768,immediate_support_exact_slice_plus_svd_residual,1e-10,1096,1.4270833333333333,11.416666666666666,True,0.00013760000001639128,snapshot only,2.6963313559128645e-17,5.898059818321144e-17
rank1_feedback_n8_T128_s9401103,rank1_feedback,8,128,9401103,96,8,768,local_eligibility_plus_svd_residual,1e-10,1096,1.4270833333333333,11.416666666666666,True,0.00015789992175996304,snapshot only,9.558444526050643e-17,1.942890293094024e-16
rank1_feedback_n8_T128_s9401103,rank1_feedback,8,128,9401103,96,8,768,global_svd,1e-12,832,1.0833333333333333,8.666666666666666,True,8.9899986051023e-05,snapshot only,9.557223230670607e-16,1.8388068845354155e-15
rank1_feedback_n8_T128_s9401103,rank1_feedback,8,128,9401103,96,8,768,pivoted_qr_repeated_basis,1e-12,928,1.2083333333333333,9.666666666666666,True,9.450002107769251e-05,snapshot only,3.6071426459187386e-16,6.661338147750939e-16
rank1_feedback_n8_T128_s9401103,rank1_feedback,8,128,9401103,96,8,768,supported_group_factors,1e-12,808,1.0520833333333333,8.416666666666666,True,0.000741099938750267,snapshot only,0.0,0.0
rank1_feedback_n8_T128_s9401103,rank1_feedback,8,128,9401103,96,8,768,owner_block_factors,1e-12,864,1.125,9.0,True,0.0016009999671950936,snapshot only,0.0,0.0
rank1_feedback_n8_T128_s9401103,rank1_feedback,8,128,9401103,96,8,768,kronecker_shared_input_basis,1e-12,808,1.0520833333333333,8.416666666666666,True,0.0006781999254599214,snapshot only,0.0,0.0
rank1_feedback_n8_T128_s9401103,rank1_feedback,8,128,9401103,96,8,768,immediate_support_exact_slice_plus_svd_residual,1e-12,1096,1.4270833333333333,11.416666666666666,True,9.159999899566174e-05,snapshot only,2.6963313559128645e-17,5.898059818321144e-17
rank1_feedback_n8_T128_s9401103,rank1_feedback,8,128,9401103,96,8,768,local_eligibility_plus_svd_residual,1e-12,1096,1.4270833333333333,11.416666666666666,True,8.36000544950366e-05,snapshot only,9.558444526050643e-17,1.942890293094024e-16
rank1_feedback_n8_T128_s9401104,rank1_feedback,8,128,9401104,96,8,768,full_matrix,1e-08,768,1.0,8.0,True,6.00004568696022e-07,online baseline,0.0,0.0
rank1_feedback_n8_T128_s9401104,rank1_feedback,8,128,9401104,96,8,768,coordinate_sparse,1e-08,1536,2.0,16.0,True,1.6299891285598278e-05,snapshot only,0.0,0.0
rank1_feedback_n8_T128_s9401104,rank1_feedback,8,128,9401104,96,8,768,block_sparse_triangular,1e-08,872,1.1354166666666667,9.083333333333334,True,1.5300000086426735e-05,known closed online block recurrence,0.0,0.0
rank1_feedback_n8_T128_s9401104,rank1_feedback,8,128,9401104,96,8,768,global_svd,1e-08,832,1.0833333333333333,8.666666666666666,True,0.00010220007970929146,snapshot only,1.2203607448353997e-15,1.9984014443252818e-15
rank1_feedback_n8_T128_s9401104,rank1_feedback,8,128,9401104,96,8,768,pivoted_qr_repeated_basis,1e-08,928,1.2083333333333333,9.666666666666666,True,6.360001862049103e-05,snapshot only,6.479949036228425e-16,1.9984014443252818e-15
rank1_feedback_n8_T128_s9401104,rank1_feedback,8,128,9401104,96,8,768,supported_group_factors,1e-08,808,1.0520833333333333,8.416666666666666,True,0.000710400054231286,snapshot only,0.0,0.0
rank1_feedback_n8_T128_s9401104,rank1_feedback,8,128,9401104,96,8,768,owner_block_factors,1e-08,864,1.125,9.0,True,0.001408000010997057,snapshot only,0.0,0.0
rank1_feedback_n8_T128_s9401104,rank1_feedback,8,128,9401104,96,8,768,kronecker_shared_input_basis,1e-08,808,1.0520833333333333,8.416666666666666,True,0.0006634000455960631,snapshot only,0.0,0.0
rank1_feedback_n8_T128_s9401104,rank1_feedback,8,128,9401104,96,8,768,immediate_support_exact_slice_plus_svd_residual,1e-08,1096,1.4270833333333333,11.416666666666666,True,8.800008799880743e-05,snapshot only,3.808443483344552e-17,6.591949208711867e-17
rank1_feedback_n8_T128_s9401104,rank1_feedback,8,128,9401104,96,8,768,local_eligibility_plus_svd_residual,1e-08,1096,1.4270833333333333,11.416666666666666,True,8.169992361217737e-05,snapshot only,3.505127118734199e-17,6.591949208711867e-17
rank1_feedback_n8_T128_s9401104,rank1_feedback,8,128,9401104,96,8,768,global_svd,1e-10,832,1.0833333333333333,8.666666666666666,True,7.309997454285622e-05,snapshot only,1.2203607448353997e-15,1.9984014443252818e-15
rank1_feedback_n8_T128_s9401104,rank1_feedback,8,128,9401104,96,8,768,pivoted_qr_repeated_basis,1e-10,928,1.2083333333333333,9.666666666666666,True,5.270005203783512e-05,snapshot only,6.479949036228425e-16,1.9984014443252818e-15
rank1_feedback_n8_T128_s9401104,rank1_feedback,8,128,9401104,96,8,768,supported_group_factors,1e-10,808,1.0520833333333333,8.416666666666666,True,0.00069500005338341,snapshot only,0.0,0.0
rank1_feedback_n8_T128_s9401104,rank1_feedback,8,128,9401104,96,8,768,owner_block_factors,1e-10,864,1.125,9.0,True,0.001381700043566525,snapshot only,0.0,0.0
rank1_feedback_n8_T128_s9401104,rank1_feedback,8,128,9401104,96,8,768,kronecker_shared_input_basis,1e-10,808,1.0520833333333333,8.416666666666666,True,0.0009201999055221677,snapshot only,0.0,0.0
rank1_feedback_n8_T128_s9401104,rank1_feedback,8,128,9401104,96,8,768,immediate_support_exact_slice_plus_svd_residual,1e-10,1096,1.4270833333333333,11.416666666666666,True,9.089999366551638e-05,snapshot only,3.808443483344552e-17,6.591949208711867e-17
rank1_feedback_n8_T128_s9401104,rank1_feedback,8,128,9401104,96,8,768,local_eligibility_plus_svd_residual,1e-10,1096,1.4270833333333333,11.416666666666666,True,8.139992132782936e-05,snapshot only,3.505127118734199e-17,6.591949208711867e-17
rank1_feedback_n8_T128_s9401104,rank1_feedback,8,128,9401104,96,8,768,global_svd,1e-12,832,1.0833333333333333,8.666666666666666,True,7.200008258223534e-05,snapshot only,1.2203607448353997e-15,1.9984014443252818e-15
rank1_feedback_n8_T128_s9401104,rank1_feedback,8,128,9401104,96,8,768,pivoted_qr_repeated_basis,1e-12,928,1.2083333333333333,9.666666666666666,True,5.40000619366765e-05,snapshot only,6.479949036228425e-16,1.9984014443252818e-15
rank1_feedback_n8_T128_s9401104,rank1_feedback,8,128,9401104,96,8,768,supported_group_factors,1e-12,808,1.0520833333333333,8.416666666666666,True,0.0007439999608322978,snapshot only,0.0,0.0
rank1_feedback_n8_T128_s9401104,rank1_feedback,8,128,9401104,96,8,768,owner_block_factors,1e-12,864,1.125,9.0,True,0.0013785000192001462,snapshot only,0.0,0.0
rank1_feedback_n8_T128_s9401104,rank1_feedback,8,128,9401104,96,8,768,kronecker_shared_input_basis,1e-12,808,1.0520833333333333,8.416666666666666,True,0.00065179995726794,snapshot only,0.0,0.0
rank1_feedback_n8_T128_s9401104,rank1_feedback,8,128,9401104,96,8,768,immediate_support_exact_slice_plus_svd_residual,1e-12,1096,1.4270833333333333,11.416666666666666,True,8.9899986051023e-05,snapshot only,3.808443483344552e-17,6.591949208711867e-17
rank1_feedback_n8_T128_s9401104,rank1_feedback,8,128,9401104,96,8,768,local_eligibility_plus_svd_residual,1e-12,1096,1.4270833333333333,11.416666666666666,True,8.140003774315119e-05,snapshot only,3.505127118734199e-17,6.591949208711867e-17
rank1_feedback_n16_T32_s9401100,rank1_feedback,16,32,9401100,320,16,5120,full_matrix,1e-08,5120,1.0,16.0,True,1.200009137392044e-06,online baseline,0.0,0.0
rank1_feedback_n16_T32_s9401100,rank1_feedback,16,32,9401100,320,16,5120,coordinate_sparse,1e-08,10240,2.0,32.0,True,3.1800009310245514e-05,snapshot only,0.0,0.0
rank1_feedback_n16_T32_s9401100,rank1_feedback,16,32,9401100,320,16,5120,block_sparse_triangular,1e-08,5456,1.065625,17.05,True,2.6499968953430653e-05,known closed online block recurrence,0.0,0.0
rank1_feedback_n16_T32_s9401100,rank1_feedback,16,32,9401100,320,16,5120,global_svd,1e-08,5376,1.05,16.8,True,0.00023690005764365196,snapshot only,2.45957387054606e-15,1.030078800035028e-14
rank1_feedback_n16_T32_s9401100,rank1_feedback,16,32,9401100,320,16,5120,pivoted_qr_repeated_basis,1e-08,5696,1.1125,17.8,True,0.00010659999679774046,snapshot only,3.8712578192578757e-16,8.881784197001252e-16
rank1_feedback_n16_T32_s9401100,rank1_feedback,16,32,9401100,320,16,5120,supported_group_factors,1e-08,5200,1.015625,16.25,True,0.0012058999855071306,snapshot only,0.0,0.0
rank1_feedback_n16_T32_s9401100,rank1_feedback,16,32,9401100,320,16,5120,owner_block_factors,1e-08,5440,1.0625,17.0,True,0.002991999965161085,snapshot only,0.0,0.0
rank1_feedback_n16_T32_s9401100,rank1_feedback,16,32,9401100,320,16,5120,kronecker_shared_input_basis,1e-08,4912,0.959375,15.35,True,0.001147200004197657,snapshot only,3.2304202529575845e-09,4.487157381771745e-09
rank1_feedback_n16_T32_s9401100,rank1_feedback,16,32,9401100,320,16,5120,immediate_support_exact_slice_plus_svd_residual,1e-08,6288,1.228125,19.65,True,0.00020029989536851645,snapshot only,5.2411328662076564e-17,2.220446049250313e-16
rank1_feedback_n16_T32_s9401100,rank1_feedback,16,32,9401100,320,16,5120,local_eligibility_plus_svd_residual,1e-08,6288,1.228125,19.65,True,0.00018430000636726618,snapshot only,4.435482381765236e-17,1.249000902703301e-16
rank1_feedback_n16_T32_s9401100,rank1_feedback,16,32,9401100,320,16,5120,global_svd,1e-10,5376,1.05,16.8,True,0.00017170002683997154,snapshot only,2.45957387054606e-15,1.030078800035028e-14
rank1_feedback_n16_T32_s9401100,rank1_feedback,16,32,9401100,320,16,5120,pivoted_qr_repeated_basis,1e-10,5696,1.1125,17.8,True,9.790004696696997e-05,snapshot only,3.8712578192578757e-16,8.881784197001252e-16
rank1_feedback_n16_T32_s9401100,rank1_feedback,16,32,9401100,320,16,5120,supported_group_factors,1e-10,5200,1.015625,16.25,True,0.0011484000133350492,snapshot only,0.0,0.0
rank1_feedback_n16_T32_s9401100,rank1_feedback,16,32,9401100,320,16,5120,owner_block_factors,1e-10,5440,1.0625,17.0,True,0.003419899963773787,snapshot only,0.0,0.0
rank1_feedback_n16_T32_s9401100,rank1_feedback,16,32,9401100,320,16,5120,kronecker_shared_input_basis,1e-10,5200,1.015625,16.25,True,0.0011542000574991107,snapshot only,0.0,0.0
rank1_feedback_n16_T32_s9401100,rank1_feedback,16,32,9401100,320,16,5120,immediate_support_exact_slice_plus_svd_residual,1e-10,6288,1.228125,19.65,True,0.00018879992421716452,snapshot only,5.2411328662076564e-17,2.220446049250313e-16
rank1_feedback_n16_T32_s9401100,rank1_feedback,16,32,9401100,320,16,5120,local_eligibility_plus_svd_residual,1e-10,6288,1.228125,19.65,True,0.00017349992413073778,snapshot only,4.435482381765236e-17,1.249000902703301e-16
rank1_feedback_n16_T32_s9401100,rank1_feedback,16,32,9401100,320,16,5120,global_svd,1e-12,5376,1.05,16.8,True,0.00016289995983242989,snapshot only,2.45957387054606e-15,1.030078800035028e-14
rank1_feedback_n16_T32_s9401100,rank1_feedback,16,32,9401100,320,16,5120,pivoted_qr_repeated_basis,1e-12,5696,1.1125,17.8,True,9.210000280290842e-05,snapshot only,3.8712578192578757e-16,8.881784197001252e-16
rank1_feedback_n16_T32_s9401100,rank1_feedback,16,32,9401100,320,16,5120,supported_group_factors,1e-12,5200,1.015625,16.25,True,0.001164300017990172,snapshot only,0.0,0.0
rank1_feedback_n16_T32_s9401100,rank1_feedback,16,32,9401100,320,16,5120,owner_block_factors,1e-12,5440,1.0625,17.0,True,0.0032562999986112118,snapshot only,0.0,0.0
rank1_feedback_n16_T32_s9401100,rank1_feedback,16,32,9401100,320,16,5120,kronecker_shared_input_basis,1e-12,5200,1.015625,16.25,True,0.001123800058849156,snapshot only,0.0,0.0
rank1_feedback_n16_T32_s9401100,rank1_feedback,16,32,9401100,320,16,5120,immediate_support_exact_slice_plus_svd_residual,1e-12,6288,1.228125,19.65,True,0.00019259995315223932,snapshot only,5.2411328662076564e-17,2.220446049250313e-16
rank1_feedback_n16_T32_s9401100,rank1_feedback,16,32,9401100,320,16,5120,local_eligibility_plus_svd_residual,1e-12,6288,1.228125,19.65,True,0.0001735000405460596,snapshot only,4.435482381765236e-17,1.249000902703301e-16
rank1_feedback_n16_T32_s9401101,rank1_feedback,16,32,9401101,320,16,5120,full_matrix,1e-08,5120,1.0,16.0,True,6.00004568696022e-07,online baseline,0.0,0.0
rank1_feedback_n16_T32_s9401101,rank1_feedback,16,32,9401101,320,16,5120,coordinate_sparse,1e-08,10240,2.0,32.0,True,2.8099981136620045e-05,snapshot only,0.0,0.0
rank1_feedback_n16_T32_s9401101,rank1_feedback,16,32,9401101,320,16,5120,block_sparse_triangular,1e-08,5456,1.065625,17.05,True,3.0800001695752144e-05,known closed online block recurrence,0.0,0.0
rank1_feedback_n16_T32_s9401101,rank1_feedback,16,32,9401101,320,16,5120,global_svd,1e-08,5376,1.05,16.8,True,0.00021500000730156898,snapshot only,1.4529845436342033e-15,3.3306690738754696e-15
rank1_feedback_n16_T32_s9401101,rank1_feedback,16,32,9401101,320,16,5120,pivoted_qr_repeated_basis,1e-08,5696,1.1125,17.8,True,0.00011110003106296062,snapshot only,3.779658504698986e-16,7.320533068622126e-16
rank1_feedback_n16_T32_s9401101,rank1_feedback,16,32,9401101,320,16,5120,supported_group_factors,1e-08,5200,1.015625,16.25,True,0.0012080000014975667,snapshot only,0.0,0.0
rank1_feedback_n16_T32_s9401101,rank1_feedback,16,32,9401101,320,16,5120,owner_block_factors,1e-08,5440,1.0625,17.0,True,0.0029648999916389585,snapshot only,0.0,0.0
rank1_feedback_n16_T32_s9401101,rank1_feedback,16,32,9401101,320,16,5120,kronecker_shared_input_basis,1e-08,5184,1.0125,16.2,True,0.001165500027127564,snapshot only,1.6173323498759607e-09,2.4748263966574077e-09
rank1_feedback_n16_T32_s9401101,rank1_feedback,16,32,9401101,320,16,5120,immediate_support_exact_slice_plus_svd_residual,1e-08,6288,1.228125,19.65,True,0.00020459992811083794,snapshot only,6.102497866253704e-17,1.8735013540549517e-16
rank1_feedback_n16_T32_s9401101,rank1_feedback,16,32,9401101,320,16,5120,local_eligibility_plus_svd_residual,1e-08,6288,1.228125,19.65,True,0.0001946999691426754,snapshot only,5.290171495559079e-17,1.5265566588595902e-16
rank1_feedback_n16_T32_s9401101,rank1_feedback,16,32,9401101,320,16,5120,global_svd,1e-10,5376,1.05,16.8,True,0.0001748999347910285,snapshot only,1.4529845436342033e-15,3.3306690738754696e-15
rank1_feedback_n16_T32_s9401101,rank1_feedback,16,32,9401101,320,16,5120,pivoted_qr_repeated_basis,1e-10,5696,1.1125,17.8,True,0.00012049998622387648,snapshot only,3.779658504698986e-16,7.320533068622126e-16
rank1_feedback_n16_T32_s9401101,rank1_feedback,16,32,9401101,320,16,5120,supported_group_factors,1e-10,5200,1.015625,16.25,True,0.0012610999401658773,snapshot only,0.0,0.0
rank1_feedback_n16_T32_s9401101,rank1_feedback,16,32,9401101,320,16,5120,owner_block_factors,1e-10,5440,1.0625,17.0,True,0.003160299966111779,snapshot only,0.0,0.0
rank1_feedback_n16_T32_s9401101,rank1_feedback,16,32,9401101,320,16,5120,kronecker_shared_input_basis,1e-10,5200,1.015625,16.25,True,0.0010917000472545624,snapshot only,0.0,0.0
rank1_feedback_n16_T32_s9401101,rank1_feedback,16,32,9401101,320,16,5120,immediate_support_exact_slice_plus_svd_residual,1e-10,6288,1.228125,19.65,True,0.00018809991888701916,snapshot only,6.102497866253704e-17,1.8735013540549517e-16
rank1_feedback_n16_T32_s9401101,rank1_feedback,16,32,9401101,320,16,5120,local_eligibility_plus_svd_residual,1e-10,6288,1.228125,19.65,True,0.00019390007946640253,snapshot only,5.290171495559079e-17,1.5265566588595902e-16
rank1_feedback_n16_T32_s9401101,rank1_feedback,16,32,9401101,320,16,5120,global_svd,1e-12,5376,1.05,16.8,True,0.00018289999570697546,snapshot only,1.4529845436342033e-15,3.3306690738754696e-15
rank1_feedback_n16_T32_s9401101,rank1_feedback,16,32,9401101,320,16,5120,pivoted_qr_repeated_basis,1e-12,5696,1.1125,17.8,True,0.00010040006600320339,snapshot only,3.779658504698986e-16,7.320533068622126e-16
rank1_feedback_n16_T32_s9401101,rank1_feedback,16,32,9401101,320,16,5120,supported_group_factors,1e-12,5200,1.015625,16.25,True,0.0011474000057205558,snapshot only,0.0,0.0
rank1_feedback_n16_T32_s9401101,rank1_feedback,16,32,9401101,320,16,5120,owner_block_factors,1e-12,5440,1.0625,17.0,True,0.003407199983485043,snapshot only,0.0,0.0
rank1_feedback_n16_T32_s9401101,rank1_feedback,16,32,9401101,320,16,5120,kronecker_shared_input_basis,1e-12,5200,1.015625,16.25,True,0.0014338999753817916,snapshot only,0.0,0.0
rank1_feedback_n16_T32_s9401101,rank1_feedback,16,32,9401101,320,16,5120,immediate_support_exact_slice_plus_svd_residual,1e-12,6288,1.228125,19.65,True,0.0002980999415740371,snapshot only,6.102497866253704e-17,1.8735013540549517e-16
rank1_feedback_n16_T32_s9401101,rank1_feedback,16,32,9401101,320,16,5120,local_eligibility_plus_svd_residual,1e-12,6288,1.228125,19.65,True,0.00017809995915740728,snapshot only,5.290171495559079e-17,1.5265566588595902e-16
rank1_feedback_n16_T32_s9401102,rank1_feedback,16,32,9401102,320,16,5120,full_matrix,1e-08,5120,1.0,16.0,True,6.00004568696022e-07,online baseline,0.0,0.0
rank1_feedback_n16_T32_s9401102,rank1_feedback,16,32,9401102,320,16,5120,coordinate_sparse,1e-08,10240,2.0,32.0,True,2.329994458705187e-05,snapshot only,0.0,0.0
rank1_feedback_n16_T32_s9401102,rank1_feedback,16,32,9401102,320,16,5120,block_sparse_triangular,1e-08,5456,1.065625,17.05,True,2.519995905458927e-05,known closed online block recurrence,0.0,0.0
rank1_feedback_n16_T32_s9401102,rank1_feedback,16,32,9401102,320,16,5120,global_svd,1e-08,5376,1.05,16.8,True,0.00021329999435693026,snapshot only,1.138596335281423e-15,3.3306690738754696e-15
rank1_feedback_n16_T32_s9401102,rank1_feedback,16,32,9401102,320,16,5120,pivoted_qr_repeated_basis,1e-08,5696,1.1125,17.8,True,0.00010409997776150703,snapshot only,4.595993572090725e-16,1.1102230246251565e-15
rank1_feedback_n16_T32_s9401102,rank1_feedback,16,32,9401102,320,16,5120,supported_group_factors,1e-08,5200,1.015625,16.25,True,0.0011341000208631158,snapshot only,0.0,0.0
rank1_feedback_n16_T32_s9401102,rank1_feedback,16,32,9401102,320,16,5120,owner_block_factors,1e-08,5440,1.0625,17.0,True,0.0029262000462040305,snapshot only,0.0,0.0
rank1_feedback_n16_T32_s9401102,rank1_feedback,16,32,9401102,320,16,5120,kronecker_shared_input_basis,1e-08,5184,1.0125,16.2,True,0.0010910999262705445,snapshot only,2.5771503763261406e-09,2.8687850428532613e-09
rank1_feedback_n16_T32_s9401102,rank1_feedback,16,32,9401102,320,16,5120,immediate_support_exact_slice_plus_svd_residual,1e-08,6288,1.228125,19.65,True,0.0002196000423282385,snapshot only,8.117146231940419e-17,2.636779683484747e-16
rank1_feedback_n16_T32_s9401102,rank1_feedback,16,32,9401102,320,16,5120,local_eligibility_plus_svd_residual,1e-08,6288,1.228125,19.65,True,0.0001818999880924821,snapshot only,6.149776782438942e-17,2.220446049250313e-16
rank1_feedback_n16_T32_s9401102,rank1_feedback,16,32,9401102,320,16,5120,global_svd,1e-10,5376,1.05,16.8,True,0.00015860004350543022,snapshot only,1.138596335281423e-15,3.3306690738754696e-15
rank1_feedback_n16_T32_s9401102,rank1_feedback,16,32,9401102,320,16,5120,pivoted_qr_repeated_basis,1e-10,5696,1.1125,17.8,True,8.79999715834856e-05,snapshot only,4.595993572090725e-16,1.1102230246251565e-15
rank1_feedback_n16_T32_s9401102,rank1_feedback,16,32,9401102,320,16,5120,supported_group_factors,1e-10,5200,1.015625,16.25,True,0.0011096999514847994,snapshot only,0.0,0.0
rank1_feedback_n16_T32_s9401102,rank1_feedback,16,32,9401102,320,16,5120,owner_block_factors,1e-10,5440,1.0625,17.0,True,0.003232200047932565,snapshot only,0.0,0.0
rank1_feedback_n16_T32_s9401102,rank1_feedback,16,32,9401102,320,16,5120,kronecker_shared_input_basis,1e-10,5200,1.015625,16.25,True,0.0011941998964175582,snapshot only,0.0,0.0
rank1_feedback_n16_T32_s9401102,rank1_feedback,16,32,9401102,320,16,5120,immediate_support_exact_slice_plus_svd_residual,1e-10,6288,1.228125,19.65,True,0.00017909996677190065,snapshot only,8.117146231940419e-17,2.636779683484747e-16
rank1_feedback_n16_T32_s9401102,rank1_feedback,16,32,9401102,320,16,5120,local_eligibility_plus_svd_residual,1e-10,6288,1.228125,19.65,True,0.0001702000154182315,snapshot only,6.149776782438942e-17,2.220446049250313e-16
rank1_feedback_n16_T32_s9401102,rank1_feedback,16,32,9401102,320,16,5120,global_svd,1e-12,5376,1.05,16.8,True,0.0001580999232828617,snapshot only,1.138596335281423e-15,3.3306690738754696e-15
rank1_feedback_n16_T32_s9401102,rank1_feedback,16,32,9401102,320,16,5120,pivoted_qr_repeated_basis,1e-12,5696,1.1125,17.8,True,8.729996625334024e-05,snapshot only,4.595993572090725e-16,1.1102230246251565e-15
rank1_feedback_n16_T32_s9401102,rank1_feedback,16,32,9401102,320,16,5120,supported_group_factors,1e-12,5200,1.015625,16.25,True,0.001102200010791421,snapshot only,0.0,0.0
rank1_feedback_n16_T32_s9401102,rank1_feedback,16,32,9401102,320,16,5120,owner_block_factors,1e-12,5440,1.0625,17.0,True,0.0031556999310851097,snapshot only,0.0,0.0
rank1_feedback_n16_T32_s9401102,rank1_feedback,16,32,9401102,320,16,5120,kronecker_shared_input_basis,1e-12,5200,1.015625,16.25,True,0.0011425999691709876,snapshot only,0.0,0.0
rank1_feedback_n16_T32_s9401102,rank1_feedback,16,32,9401102,320,16,5120,immediate_support_exact_slice_plus_svd_residual,1e-12,6288,1.228125,19.65,True,0.00017800007481127977,snapshot only,8.117146231940419e-17,2.636779683484747e-16
rank1_feedback_n16_T32_s9401102,rank1_feedback,16,32,9401102,320,16,5120,local_eligibility_plus_svd_residual,1e-12,6288,1.228125,19.65,True,0.00016889988910406828,snapshot only,6.149776782438942e-17,2.220446049250313e-16
rank1_feedback_n16_T32_s9401103,rank1_feedback,16,32,9401103,320,16,5120,full_matrix,1e-08,5120,1.0,16.0,True,6.00004568696022e-07,online baseline,0.0,0.0
rank1_feedback_n16_T32_s9401103,rank1_feedback,16,32,9401103,320,16,5120,coordinate_sparse,1e-08,10240,2.0,32.0,True,2.2300053387880325e-05,snapshot only,0.0,0.0
rank1_feedback_n16_T32_s9401103,rank1_feedback,16,32,9401103,320,16,5120,block_sparse_triangular,1e-08,5456,1.065625,17.05,True,2.5399960577487946e-05,known closed online block recurrence,0.0,0.0
rank1_feedback_n16_T32_s9401103,rank1_feedback,16,32,9401103,320,16,5120,global_svd,1e-08,5376,1.05,16.8,True,0.0001946999691426754,snapshot only,1.3481635672239227e-15,3.9968028886505635e-15
rank1_feedback_n16_T32_s9401103,rank1_feedback,16,32,9401103,320,16,5120,pivoted_qr_repeated_basis,1e-08,5696,1.1125,17.8,True,9.720004163682461e-05,snapshot only,4.0509222100630724e-16,9.783840404509192e-16
rank1_feedback_n16_T32_s9401103,rank1_feedback,16,32,9401103,320,16,5120,supported_group_factors,1e-08,5200,1.015625,16.25,True,0.0011208000360056758,snapshot only,0.0,0.0
rank1_feedback_n16_T32_s9401103,rank1_feedback,16,32,9401103,320,16,5120,owner_block_factors,1e-08,5408,1.05625,16.9,True,0.0031371000222861767,snapshot only,1.7685841372487394e-10,3.293892091322336e-10
rank1_feedback_n16_T32_s9401103,rank1_feedback,16,32,9401103,320,16,5120,kronecker_shared_input_basis,1e-08,5184,1.0125,16.2,True,0.0013726999750360847,snapshot only,3.0928781579658506e-09,3.1966650056169943e-09
rank1_feedback_n16_T32_s9401103,rank1_feedback,16,32,9401103,320,16,5120,immediate_support_exact_slice_plus_svd_residual,1e-08,6288,1.228125,19.65,True,0.00022460008040070534,snapshot only,3.7164276536571316e-16,8.881784197001252e-16
rank1_feedback_n16_T32_s9401103,rank1_feedback,16,32,9401103,320,16,5120,local_eligibility_plus_svd_residual,1e-08,6288,1.228125,19.65,True,0.00018019997514784336,snapshot only,9.02151635525828e-17,2.220446049250313e-16
rank1_feedback_n16_T32_s9401103,rank1_feedback,16,32,9401103,320,16,5120,global_svd,1e-10,5376,1.05,16.8,True,0.00016459997277706861,snapshot only,1.3481635672239227e-15,3.9968028886505635e-15
rank1_feedback_n16_T32_s9401103,rank1_feedback,16,32,9401103,320,16,5120,pivoted_qr_repeated_basis,1e-10,5696,1.1125,17.8,True,0.00010730000212788582,snapshot only,4.0509222100630724e-16,9.783840404509192e-16
rank1_feedback_n16_T32_s9401103,rank1_feedback,16,32,9401103,320,16,5120,supported_group_factors,1e-10,5200,1.015625,16.25,True,0.0011351000284776092,snapshot only,0.0,0.0
rank1_feedback_n16_T32_s9401103,rank1_feedback,16,32,9401103,320,16,5120,owner_block_factors,1e-10,5440,1.0625,17.0,True,0.0032731000101193786,snapshot only,0.0,0.0
rank1_feedback_n16_T32_s9401103,rank1_feedback,16,32,9401103,320,16,5120,kronecker_shared_input_basis,1e-10,5200,1.015625,16.25,True,0.0012184000806882977,snapshot only,0.0,0.0
rank1_feedback_n16_T32_s9401103,rank1_feedback,16,32,9401103,320,16,5120,immediate_support_exact_slice_plus_svd_residual,1e-10,6288,1.228125,19.65,True,0.00018699991051107645,snapshot only,3.7164276536571316e-16,8.881784197001252e-16
rank1_feedback_n16_T32_s9401103,rank1_feedback,16,32,9401103,320,16,5120,local_eligibility_plus_svd_residual,1e-10,6288,1.228125,19.65,True,0.00017929996829479933,snapshot only,9.02151635525828e-17,2.220446049250313e-16
rank1_feedback_n16_T32_s9401103,rank1_feedback,16,32,9401103,320,16,5120,global_svd,1e-12,5376,1.05,16.8,True,0.00017060001846402884,snapshot only,1.3481635672239227e-15,3.9968028886505635e-15
rank1_feedback_n16_T32_s9401103,rank1_feedback,16,32,9401103,320,16,5120,pivoted_qr_repeated_basis,1e-12,5696,1.1125,17.8,True,9.649991989135742e-05,snapshot only,4.0509222100630724e-16,9.783840404509192e-16
rank1_feedback_n16_T32_s9401103,rank1_feedback,16,32,9401103,320,16,5120,supported_group_factors,1e-12,5200,1.015625,16.25,True,0.0011781000066548586,snapshot only,0.0,0.0
rank1_feedback_n16_T32_s9401103,rank1_feedback,16,32,9401103,320,16,5120,owner_block_factors,1e-12,5440,1.0625,17.0,True,0.004273400059901178,snapshot only,0.0,0.0
rank1_feedback_n16_T32_s9401103,rank1_feedback,16,32,9401103,320,16,5120,kronecker_shared_input_basis,1e-12,5200,1.015625,16.25,True,0.00146980001591146,snapshot only,0.0,0.0
rank1_feedback_n16_T32_s9401103,rank1_feedback,16,32,9401103,320,16,5120,immediate_support_exact_slice_plus_svd_residual,1e-12,6288,1.228125,19.65,True,0.00019950000569224358,snapshot only,3.7164276536571316e-16,8.881784197001252e-16
rank1_feedback_n16_T32_s9401103,rank1_feedback,16,32,9401103,320,16,5120,local_eligibility_plus_svd_residual,1e-12,6288,1.228125,19.65,True,0.00017060001846402884,snapshot only,9.02151635525828e-17,2.220446049250313e-16
rank1_feedback_n16_T32_s9401104,rank1_feedback,16,32,9401104,320,16,5120,full_matrix,1e-08,5120,1.0,16.0,True,6.00004568696022e-07,online baseline,0.0,0.0
rank1_feedback_n16_T32_s9401104,rank1_feedback,16,32,9401104,320,16,5120,coordinate_sparse,1e-08,10240,2.0,32.0,True,2.529995981603861e-05,snapshot only,0.0,0.0
rank1_feedback_n16_T32_s9401104,rank1_feedback,16,32,9401104,320,16,5120,block_sparse_triangular,1e-08,5456,1.065625,17.05,True,2.5499961338937283e-05,known closed online block recurrence,0.0,0.0
rank1_feedback_n16_T32_s9401104,rank1_feedback,16,32,9401104,320,16,5120,global_svd,1e-08,5376,1.05,16.8,True,0.00019149994477629662,snapshot only,1.9648188587714727e-15,5.478256737134757e-15
rank1_feedback_n16_T32_s9401104,rank1_feedback,16,32,9401104,320,16,5120,pivoted_qr_repeated_basis,1e-08,5696,1.1125,17.8,True,0.00010189996100962162,snapshot only,4.715772065134298e-16,8.881784197001252e-16
rank1_feedback_n16_T32_s9401104,rank1_feedback,16,32,9401104,320,16,5120,supported_group_factors,1e-08,5200,1.015625,16.25,True,0.0011476000072434545,snapshot only,0.0,0.0
rank1_feedback_n16_T32_s9401104,rank1_feedback,16,32,9401104,320,16,5120,owner_block_factors,1e-08,5440,1.0625,17.0,True,0.0028710999758914113,snapshot only,0.0,0.0
rank1_feedback_n16_T32_s9401104,rank1_feedback,16,32,9401104,320,16,5120,kronecker_shared_input_basis,1e-08,5184,1.0125,16.2,True,0.0010719000129029155,snapshot only,1.942672923715092e-09,1.9824477701796406e-09
rank1_feedback_n16_T32_s9401104,rank1_feedback,16,32,9401104,320,16,5120,immediate_support_exact_slice_plus_svd_residual,1e-08,6288,1.228125,19.65,True,0.00019339995924383402,snapshot only,4.3388782908619076e-17,1.1102230246251565e-16
rank1_feedback_n16_T32_s9401104,rank1_feedback,16,32,9401104,320,16,5120,local_eligibility_plus_svd_residual,1e-08,6288,1.228125,19.65,True,0.00019260006956756115,snapshot only,3.5256078862151735e-17,1.0234868508263162e-16
rank1_feedback_n16_T32_s9401104,rank1_feedback,16,32,9401104,320,16,5120,global_svd,1e-10,5376,1.05,16.8,True,0.00016010005492717028,snapshot only,1.9648188587714727e-15,5.478256737134757e-15
rank1_feedback_n16_T32_s9401104,rank1_feedback,16,32,9401104,320,16,5120,pivoted_qr_repeated_basis,1e-10,5696,1.1125,17.8,True,9.180000051856041e-05,snapshot only,4.715772065134298e-16,8.881784197001252e-16
rank1_feedback_n16_T32_s9401104,rank1_feedback,16,32,9401104,320,16,5120,supported_group_factors,1e-10,5200,1.015625,16.25,True,0.0011147999903187156,snapshot only,0.0,0.0
rank1_feedback_n16_T32_s9401104,rank1_feedback,16,32,9401104,320,16,5120,owner_block_factors,1e-10,5440,1.0625,17.0,True,0.003103199996985495,snapshot only,0.0,0.0
rank1_feedback_n16_T32_s9401104,rank1_feedback,16,32,9401104,320,16,5120,kronecker_shared_input_basis,1e-10,5200,1.015625,16.25,True,0.0010731000220403075,snapshot only,0.0,0.0
rank1_feedback_n16_T32_s9401104,rank1_feedback,16,32,9401104,320,16,5120,immediate_support_exact_slice_plus_svd_residual,1e-10,6288,1.228125,19.65,True,0.0001799999736249447,snapshot only,4.3388782908619076e-17,1.1102230246251565e-16
rank1_feedback_n16_T32_s9401104,rank1_feedback,16,32,9401104,320,16,5120,local_eligibility_plus_svd_residual,1e-10,6288,1.228125,19.65,True,0.00017060001846402884,snapshot only,3.5256078862151735e-17,1.0234868508263162e-16
rank1_feedback_n16_T32_s9401104,rank1_feedback,16,32,9401104,320,16,5120,global_svd,1e-12,5376,1.05,16.8,True,0.00015940004959702492,snapshot only,1.9648188587714727e-15,5.478256737134757e-15
rank1_feedback_n16_T32_s9401104,rank1_feedback,16,32,9401104,320,16,5120,pivoted_qr_repeated_basis,1e-12,5696,1.1125,17.8,True,8.819997310638428e-05,snapshot only,4.715772065134298e-16,8.881784197001252e-16
rank1_feedback_n16_T32_s9401104,rank1_feedback,16,32,9401104,320,16,5120,supported_group_factors,1e-12,5200,1.015625,16.25,True,0.0011000999948009849,snapshot only,0.0,0.0
rank1_feedback_n16_T32_s9401104,rank1_feedback,16,32,9401104,320,16,5120,owner_block_factors,1e-12,5440,1.0625,17.0,True,0.0031703999266028404,snapshot only,0.0,0.0
rank1_feedback_n16_T32_s9401104,rank1_feedback,16,32,9401104,320,16,5120,kronecker_shared_input_basis,1e-12,5200,1.015625,16.25,True,0.0010985999833792448,snapshot only,0.0,0.0
rank1_feedback_n16_T32_s9401104,rank1_feedback,16,32,9401104,320,16,5120,immediate_support_exact_slice_plus_svd_residual,1e-12,6288,1.228125,19.65,True,0.00018289999570697546,snapshot only,4.3388782908619076e-17,1.1102230246251565e-16
rank1_feedback_n16_T32_s9401104,rank1_feedback,16,32,9401104,320,16,5120,local_eligibility_plus_svd_residual,1e-12,6288,1.228125,19.65,True,0.0001770000671967864,snapshot only,3.5256078862151735e-17,1.0234868508263162e-16
rank1_feedback_n16_T128_s9401100,rank1_feedback,16,128,9401100,320,16,5120,full_matrix,1e-08,5120,1.0,16.0,True,6.00004568696022e-07,online baseline,0.0,0.0
rank1_feedback_n16_T128_s9401100,rank1_feedback,16,128,9401100,320,16,5120,coordinate_sparse,1e-08,10240,2.0,32.0,True,2.389994915574789e-05,snapshot only,0.0,0.0
rank1_feedback_n16_T128_s9401100,rank1_feedback,16,128,9401100,320,16,5120,block_sparse_triangular,1e-08,5456,1.065625,17.05,True,2.519995905458927e-05,known closed online block recurrence,0.0,0.0
rank1_feedback_n16_T128_s9401100,rank1_feedback,16,128,9401100,320,16,5120,global_svd,1e-08,5376,1.05,16.8,True,0.00020100001711398363,snapshot only,2.5246790954188043e-15,9.455977667549575e-15
rank1_feedback_n16_T128_s9401100,rank1_feedback,16,128,9401100,320,16,5120,pivoted_qr_repeated_basis,1e-08,5696,1.1125,17.8,True,9.550002869218588e-05,snapshot only,5.089882984906521e-16,1.5543122344752192e-15
rank1_feedback_n16_T128_s9401100,rank1_feedback,16,128,9401100,320,16,5120,supported_group_factors,1e-08,5200,1.015625,16.25,True,0.0011385000543668866,snapshot only,0.0,0.0
rank1_feedback_n16_T128_s9401100,rank1_feedback,16,128,9401100,320,16,5120,owner_block_factors,1e-08,5440,1.0625,17.0,True,0.003117099986411631,snapshot only,0.0,0.0
rank1_feedback_n16_T128_s9401100,rank1_feedback,16,128,9401100,320,16,5120,kronecker_shared_input_basis,1e-08,4912,0.959375,15.35,True,0.0011681000469252467,snapshot only,1.8104597534204835e-09,3.140700007356334e-09
rank1_feedback_n16_T128_s9401100,rank1_feedback,16,128,9401100,320,16,5120,immediate_support_exact_slice_plus_svd_residual,1e-08,6288,1.228125,19.65,True,0.000192799954675138,snapshot only,4.6429725705449733e-17,9.71445146547012e-17
rank1_feedback_n16_T128_s9401100,rank1_feedback,16,128,9401100,320,16,5120,local_eligibility_plus_svd_residual,1e-08,6288,1.228125,19.65,True,0.0001832999987527728,snapshot only,4.401961582452927e-17,1.249000902703301e-16
rank1_feedback_n16_T128_s9401100,rank1_feedback,16,128,9401100,320,16,5120,global_svd,1e-10,5376,1.05,16.8,True,0.0001623999560251832,snapshot only,2.5246790954188043e-15,9.455977667549575e-15
rank1_feedback_n16_T128_s9401100,rank1_feedback,16,128,9401100,320,16,5120,pivoted_qr_repeated_basis,1e-10,5696,1.1125,17.8,True,9.330001194030046e-05,snapshot only,5.089882984906521e-16,1.5543122344752192e-15
rank1_feedback_n16_T128_s9401100,rank1_feedback,16,128,9401100,320,16,5120,supported_group_factors,1e-10,5200,1.015625,16.25,True,0.0011168998898938298,snapshot only,0.0,0.0
rank1_feedback_n16_T128_s9401100,rank1_feedback,16,128,9401100,320,16,5120,owner_block_factors,1e-10,5440,1.0625,17.0,True,0.003046100027859211,snapshot only,0.0,0.0
rank1_feedback_n16_T128_s9401100,rank1_feedback,16,128,9401100,320,16,5120,kronecker_shared_input_basis,1e-10,5200,1.015625,16.25,True,0.0010891999118030071,snapshot only,0.0,0.0
rank1_feedback_n16_T128_s9401100,rank1_feedback,16,128,9401100,320,16,5120,immediate_support_exact_slice_plus_svd_residual,1e-10,6288,1.228125,19.65,True,0.00017600005958229303,snapshot only,4.6429725705449733e-17,9.71445146547012e-17
rank1_feedback_n16_T128_s9401100,rank1_feedback,16,128,9401100,320,16,5120,local_eligibility_plus_svd_residual,1e-10,6288,1.228125,19.65,True,0.00017090002074837685,snapshot only,4.401961582452927e-17,1.249000902703301e-16
rank1_feedback_n16_T128_s9401100,rank1_feedback,16,128,9401100,320,16,5120,global_svd,1e-12,5376,1.05,16.8,True,0.0001604999415576458,snapshot only,2.5246790954188043e-15,9.455977667549575e-15
rank1_feedback_n16_T128_s9401100,rank1_feedback,16,128,9401100,320,16,5120,pivoted_qr_repeated_basis,1e-12,5696,1.1125,17.8,True,9.330001194030046e-05,snapshot only,5.089882984906521e-16,1.5543122344752192e-15
rank1_feedback_n16_T128_s9401100,rank1_feedback,16,128,9401100,320,16,5120,supported_group_factors,1e-12,5200,1.015625,16.25,True,0.001114899991080165,snapshot only,0.0,0.0
rank1_feedback_n16_T128_s9401100,rank1_feedback,16,128,9401100,320,16,5120,owner_block_factors,1e-12,5440,1.0625,17.0,True,0.0032022000523284078,snapshot only,0.0,0.0
rank1_feedback_n16_T128_s9401100,rank1_feedback,16,128,9401100,320,16,5120,kronecker_shared_input_basis,1e-12,5200,1.015625,16.25,True,0.0013834999408572912,snapshot only,0.0,0.0
rank1_feedback_n16_T128_s9401100,rank1_feedback,16,128,9401100,320,16,5120,immediate_support_exact_slice_plus_svd_residual,1e-12,6288,1.228125,19.65,True,0.00021299999207258224,snapshot only,4.6429725705449733e-17,9.71445146547012e-17
rank1_feedback_n16_T128_s9401100,rank1_feedback,16,128,9401100,320,16,5120,local_eligibility_plus_svd_residual,1e-12,6288,1.228125,19.65,True,0.00018560001626610756,snapshot only,4.401961582452927e-17,1.249000902703301e-16
rank1_feedback_n16_T128_s9401101,rank1_feedback,16,128,9401101,320,16,5120,full_matrix,1e-08,5120,1.0,16.0,True,7.00005330145359e-07,online baseline,0.0,0.0
rank1_feedback_n16_T128_s9401101,rank1_feedback,16,128,9401101,320,16,5120,coordinate_sparse,1e-08,10240,2.0,32.0,True,2.659996971487999e-05,snapshot only,0.0,0.0
rank1_feedback_n16_T128_s9401101,rank1_feedback,16,128,9401101,320,16,5120,block_sparse_triangular,1e-08,5456,1.065625,17.05,True,2.5099958293139935e-05,known closed online block recurrence,0.0,0.0
rank1_feedback_n16_T128_s9401101,rank1_feedback,16,128,9401101,320,16,5120,global_svd,1e-08,5376,1.05,16.8,True,0.00020370003767311573,snapshot only,1.2270521730761644e-15,2.6645352591003757e-15
rank1_feedback_n16_T128_s9401101,rank1_feedback,16,128,9401101,320,16,5120,pivoted_qr_repeated_basis,1e-08,5696,1.1125,17.8,True,0.00010599999222904444,snapshot only,3.786970010643648e-16,1.0161142760534148e-15
rank1_feedback_n16_T128_s9401101,rank1_feedback,16,128,9401101,320,16,5120,supported_group_factors,1e-08,5200,1.015625,16.25,True,0.0011894999770447612,snapshot only,0.0,0.0
rank1_feedback_n16_T128_s9401101,rank1_feedback,16,128,9401101,320,16,5120,owner_block_factors,1e-08,5440,1.0625,17.0,True,0.0029042999958619475,snapshot only,0.0,0.0
rank1_feedback_n16_T128_s9401101,rank1_feedback,16,128,9401101,320,16,5120,kronecker_shared_input_basis,1e-08,5200,1.015625,16.25,True,0.0010987999849021435,snapshot only,0.0,0.0
rank1_feedback_n16_T128_s9401101,rank1_feedback,16,128,9401101,320,16,5120,immediate_support_exact_slice_plus_svd_residual,1e-08,6288,1.228125,19.65,True,0.0003122999332845211,snapshot only,8.084989558084658e-17,2.0122792321330962e-16
rank1_feedback_n16_T128_s9401101,rank1_feedback,16,128,9401101,320,16,5120,local_eligibility_plus_svd_residual,1e-08,6288,1.228125,19.65,True,0.00021599989850074053,snapshot only,7.233478949194271e-17,1.5265566588595902e-16
rank1_feedback_n16_T128_s9401101,rank1_feedback,16,128,9401101,320,16,5120,global_svd,1e-10,5376,1.05,16.8,True,0.00019639998208731413,snapshot only,1.2270521730761644e-15,2.6645352591003757e-15
rank1_feedback_n16_T128_s9401101,rank1_feedback,16,128,9401101,320,16,5120,pivoted_qr_repeated_basis,1e-10,5696,1.1125,17.8,True,0.00015820004045963287,snapshot only,3.786970010643648e-16,1.0161142760534148e-15
rank1_feedback_n16_T128_s9401101,rank1_feedback,16,128,9401101,320,16,5120,supported_group_factors,1e-10,5200,1.015625,16.25,True,0.0013152000028640032,snapshot only,0.0,0.0
rank1_feedback_n16_T128_s9401101,rank1_feedback,16,128,9401101,320,16,5120,owner_block_factors,1e-10,5440,1.0625,17.0,True,0.0035764999920502305,snapshot only,0.0,0.0
rank1_feedback_n16_T128_s9401101,rank1_feedback,16,128,9401101,320,16,5120,kronecker_shared_input_basis,1e-10,5200,1.015625,16.25,True,0.0011605999898165464,snapshot only,0.0,0.0
rank1_feedback_n16_T128_s9401101,rank1_feedback,16,128,9401101,320,16,5120,immediate_support_exact_slice_plus_svd_residual,1e-10,6288,1.228125,19.65,True,0.00018279999494552612,snapshot only,8.084989558084658e-17,2.0122792321330962e-16
rank1_feedback_n16_T128_s9401101,rank1_feedback,16,128,9401101,320,16,5120,local_eligibility_plus_svd_residual,1e-10,6288,1.228125,19.65,True,0.00018259999342262745,snapshot only,7.233478949194271e-17,1.5265566588595902e-16
rank1_feedback_n16_T128_s9401101,rank1_feedback,16,128,9401101,320,16,5120,global_svd,1e-12,5376,1.05,16.8,True,0.0001700000138953328,snapshot only,1.2270521730761644e-15,2.6645352591003757e-15
rank1_feedback_n16_T128_s9401101,rank1_feedback,16,128,9401101,320,16,5120,pivoted_qr_repeated_basis,1e-12,5696,1.1125,17.8,True,0.00010689999908208847,snapshot only,3.786970010643648e-16,1.0161142760534148e-15
rank1_feedback_n16_T128_s9401101,rank1_feedback,16,128,9401101,320,16,5120,supported_group_factors,1e-12,5200,1.015625,16.25,True,0.0012291999300941825,snapshot only,0.0,0.0
rank1_feedback_n16_T128_s9401101,rank1_feedback,16,128,9401101,320,16,5120,owner_block_factors,1e-12,5440,1.0625,17.0,True,0.0033650000113993883,snapshot only,0.0,0.0
rank1_feedback_n16_T128_s9401101,rank1_feedback,16,128,9401101,320,16,5120,kronecker_shared_input_basis,1e-12,5200,1.015625,16.25,True,0.0017963999416679144,snapshot only,0.0,0.0
rank1_feedback_n16_T128_s9401101,rank1_feedback,16,128,9401101,320,16,5120,immediate_support_exact_slice_plus_svd_residual,1e-12,6288,1.228125,19.65,True,0.00021630001720041037,snapshot only,8.084989558084658e-17,2.0122792321330962e-16
rank1_feedback_n16_T128_s9401101,rank1_feedback,16,128,9401101,320,16,5120,local_eligibility_plus_svd_residual,1e-12,6288,1.228125,19.65,True,0.00019890000112354755,snapshot only,7.233478949194271e-17,1.5265566588595902e-16
rank1_feedback_n16_T128_s9401102,rank1_feedback,16,128,9401102,320,16,5120,full_matrix,1e-08,5120,1.0,16.0,True,6.00004568696022e-07,online baseline,0.0,0.0
rank1_feedback_n16_T128_s9401102,rank1_feedback,16,128,9401102,320,16,5120,coordinate_sparse,1e-08,10240,2.0,32.0,True,2.519995905458927e-05,snapshot only,0.0,0.0
rank1_feedback_n16_T128_s9401102,rank1_feedback,16,128,9401102,320,16,5120,block_sparse_triangular,1e-08,5456,1.065625,17.05,True,2.5000073947012424e-05,known closed online block recurrence,0.0,0.0
rank1_feedback_n16_T128_s9401102,rank1_feedback,16,128,9401102,320,16,5120,global_svd,1e-08,5376,1.05,16.8,True,0.00020510004833340645,snapshot only,2.8972230837424327e-15,7.695233339433116e-15
rank1_feedback_n16_T128_s9401102,rank1_feedback,16,128,9401102,320,16,5120,pivoted_qr_repeated_basis,1e-08,5696,1.1125,17.8,True,0.00010269996710121632,snapshot only,4.77446918925361e-16,1.3322676295501878e-15
rank1_feedback_n16_T128_s9401102,rank1_feedback,16,128,9401102,320,16,5120,supported_group_factors,1e-08,5200,1.015625,16.25,True,0.0011748999822884798,snapshot only,0.0,0.0
rank1_feedback_n16_T128_s9401102,rank1_feedback,16,128,9401102,320,16,5120,owner_block_factors,1e-08,5440,1.0625,17.0,True,0.0030466000316664577,snapshot only,0.0,0.0
rank1_feedback_n16_T128_s9401102,rank1_feedback,16,128,9401102,320,16,5120,kronecker_shared_input_basis,1e-08,4912,0.959375,15.35,True,0.0011397000635042787,snapshot only,3.4484025917808297e-09,4.1332581463340845e-09
rank1_feedback_n16_T128_s9401102,rank1_feedback,16,128,9401102,320,16,5120,immediate_support_exact_slice_plus_svd_residual,1e-08,6288,1.228125,19.65,True,0.00018049997743219137,snapshot only,7.396892847232691e-17,2.2898349882893854e-16
rank1_feedback_n16_T128_s9401102,rank1_feedback,16,128,9401102,320,16,5120,local_eligibility_plus_svd_residual,1e-08,6288,1.228125,19.65,True,0.00017490005120635033,snapshot only,8.800906083518818e-17,3.8163916471489756e-16
rank1_feedback_n16_T128_s9401102,rank1_feedback,16,128,9401102,320,16,5120,global_svd,1e-10,5376,1.05,16.8,True,0.00015750003512948751,snapshot only,2.8972230837424327e-15,7.695233339433116e-15
rank1_feedback_n16_T128_s9401102,rank1_feedback,16,128,9401102,320,16,5120,pivoted_qr_repeated_basis,1e-10,5696,1.1125,17.8,True,9.059999138116837e-05,snapshot only,4.77446918925361e-16,1.3322676295501878e-15
rank1_feedback_n16_T128_s9401102,rank1_feedback,16,128,9401102,320,16,5120,supported_group_factors,1e-10,5200,1.015625,16.25,True,0.001186499954201281,snapshot only,0.0,0.0
rank1_feedback_n16_T128_s9401102,rank1_feedback,16,128,9401102,320,16,5120,owner_block_factors,1e-10,5440,1.0625,17.0,True,0.0031795999966561794,snapshot only,0.0,0.0
rank1_feedback_n16_T128_s9401102,rank1_feedback,16,128,9401102,320,16,5120,kronecker_shared_input_basis,1e-10,5200,1.015625,16.25,True,0.0011080000549554825,snapshot only,0.0,0.0
rank1_feedback_n16_T128_s9401102,rank1_feedback,16,128,9401102,320,16,5120,immediate_support_exact_slice_plus_svd_residual,1e-10,6288,1.228125,19.65,True,0.00018810003530234098,snapshot only,7.396892847232691e-17,2.2898349882893854e-16
rank1_feedback_n16_T128_s9401102,rank1_feedback,16,128,9401102,320,16,5120,local_eligibility_plus_svd_residual,1e-10,6288,1.228125,19.65,True,0.00017200002912431955,snapshot only,8.800906083518818e-17,3.8163916471489756e-16
rank1_feedback_n16_T128_s9401102,rank1_feedback,16,128,9401102,320,16,5120,global_svd,1e-12,5376,1.05,16.8,True,0.00015919993165880442,snapshot only,2.8972230837424327e-15,7.695233339433116e-15
rank1_feedback_n16_T128_s9401102,rank1_feedback,16,128,9401102,320,16,5120,pivoted_qr_repeated_basis,1e-12,5696,1.1125,17.8,True,8.849997539073229e-05,snapshot only,4.77446918925361e-16,1.3322676295501878e-15
rank1_feedback_n16_T128_s9401102,rank1_feedback,16,128,9401102,320,16,5120,supported_group_factors,1e-12,5200,1.015625,16.25,True,0.0011179998982697725,snapshot only,0.0,0.0
rank1_feedback_n16_T128_s9401102,rank1_feedback,16,128,9401102,320,16,5120,owner_block_factors,1e-12,5440,1.0625,17.0,True,0.003162299981340766,snapshot only,0.0,0.0
rank1_feedback_n16_T128_s9401102,rank1_feedback,16,128,9401102,320,16,5120,kronecker_shared_input_basis,1e-12,5200,1.015625,16.25,True,0.0010860000038519502,snapshot only,0.0,0.0
rank1_feedback_n16_T128_s9401102,rank1_feedback,16,128,9401102,320,16,5120,immediate_support_exact_slice_plus_svd_residual,1e-12,6288,1.228125,19.65,True,0.00019099994096904993,snapshot only,7.396892847232691e-17,2.2898349882893854e-16
rank1_feedback_n16_T128_s9401102,rank1_feedback,16,128,9401102,320,16,5120,local_eligibility_plus_svd_residual,1e-12,6288,1.228125,19.65,True,0.00017719995230436325,snapshot only,8.800906083518818e-17,3.8163916471489756e-16
rank1_feedback_n16_T128_s9401103,rank1_feedback,16,128,9401103,320,16,5120,full_matrix,1e-08,5120,1.0,16.0,True,8.00006091594696e-07,online baseline,0.0,0.0
rank1_feedback_n16_T128_s9401103,rank1_feedback,16,128,9401103,320,16,5120,coordinate_sparse,1e-08,10240,2.0,32.0,True,2.680008765310049e-05,snapshot only,0.0,0.0
rank1_feedback_n16_T128_s9401103,rank1_feedback,16,128,9401103,320,16,5120,block_sparse_triangular,1e-08,5456,1.065625,17.05,True,2.6499968953430653e-05,known closed online block recurrence,0.0,0.0
rank1_feedback_n16_T128_s9401103,rank1_feedback,16,128,9401103,320,16,5120,global_svd,1e-08,5376,1.05,16.8,True,0.00020670006051659584,snapshot only,1.2202650766081209e-15,3.3306690738754696e-15
rank1_feedback_n16_T128_s9401103,rank1_feedback,16,128,9401103,320,16,5120,pivoted_qr_repeated_basis,1e-08,5696,1.1125,17.8,True,0.00010429997928440571,snapshot only,4.557741249102739e-16,8.083811398051921e-16
rank1_feedback_n16_T128_s9401103,rank1_feedback,16,128,9401103,320,16,5120,supported_group_factors,1e-08,5200,1.015625,16.25,True,0.0011677000438794494,snapshot only,0.0,0.0
rank1_feedback_n16_T128_s9401103,rank1_feedback,16,128,9401103,320,16,5120,owner_block_factors,1e-08,5376,1.05,16.8,True,0.0029646001057699323,snapshot only,9.438309815366194e-10,1.82915604066353e-09
rank1_feedback_n16_T128_s9401103,rank1_feedback,16,128,9401103,320,16,5120,kronecker_shared_input_basis,1e-08,5184,1.0125,16.2,True,0.0010937000624835491,snapshot only,2.6868685471682235e-09,4.6822672732853114e-09
rank1_feedback_n16_T128_s9401103,rank1_feedback,16,128,9401103,320,16,5120,immediate_support_exact_slice_plus_svd_residual,1e-08,6288,1.228125,19.65,True,0.00018710002768784761,snapshot only,7.228100962419802e-17,2.220446049250313e-16
rank1_feedback_n16_T128_s9401103,rank1_feedback,16,128,9401103,320,16,5120,local_eligibility_plus_svd_residual,1e-08,6288,1.228125,19.65,True,0.00017469993326812983,snapshot only,6.91219486046205e-17,2.220446049250313e-16
rank1_feedback_n16_T128_s9401103,rank1_feedback,16,128,9401103,320,16,5120,global_svd,1e-10,5376,1.05,16.8,True,0.0001588999293744564,snapshot only,1.2202650766081209e-15,3.3306690738754696e-15
rank1_feedback_n16_T128_s9401103,rank1_feedback,16,128,9401103,320,16,5120,pivoted_qr_repeated_basis,1e-10,5696,1.1125,17.8,True,0.00010020006448030472,snapshot only,4.557741249102739e-16,8.083811398051921e-16
rank1_feedback_n16_T128_s9401103,rank1_feedback,16,128,9401103,320,16,5120,supported_group_factors,1e-10,5200,1.015625,16.25,True,0.0011434999760240316,snapshot only,0.0,0.0
rank1_feedback_n16_T128_s9401103,rank1_feedback,16,128,9401103,320,16,5120,owner_block_factors,1e-10,5440,1.0625,17.0,True,0.003066499950364232,snapshot only,0.0,0.0
rank1_feedback_n16_T128_s9401103,rank1_feedback,16,128,9401103,320,16,5120,kronecker_shared_input_basis,1e-10,5200,1.015625,16.25,True,0.0016316999681293964,snapshot only,0.0,0.0
rank1_feedback_n16_T128_s9401103,rank1_feedback,16,128,9401103,320,16,5120,immediate_support_exact_slice_plus_svd_residual,1e-10,6288,1.228125,19.65,True,0.00020110001787543297,snapshot only,7.228100962419802e-17,2.220446049250313e-16
rank1_feedback_n16_T128_s9401103,rank1_feedback,16,128,9401103,320,16,5120,local_eligibility_plus_svd_residual,1e-10,6288,1.228125,19.65,True,0.00018040009308606386,snapshot only,6.91219486046205e-17,2.220446049250313e-16
rank1_feedback_n16_T128_s9401103,rank1_feedback,16,128,9401103,320,16,5120,global_svd,1e-12,5376,1.05,16.8,True,0.0001674999948590994,snapshot only,1.2202650766081209e-15,3.3306690738754696e-15
rank1_feedback_n16_T128_s9401103,rank1_feedback,16,128,9401103,320,16,5120,pivoted_qr_repeated_basis,1e-12,5696,1.1125,17.8,True,0.00010189996100962162,snapshot only,4.557741249102739e-16,8.083811398051921e-16
rank1_feedback_n16_T128_s9401103,rank1_feedback,16,128,9401103,320,16,5120,supported_group_factors,1e-12,5200,1.015625,16.25,True,0.0011850000591948628,snapshot only,0.0,0.0
rank1_feedback_n16_T128_s9401103,rank1_feedback,16,128,9401103,320,16,5120,owner_block_factors,1e-12,5440,1.0625,17.0,True,0.00327890005428344,snapshot only,0.0,0.0
rank1_feedback_n16_T128_s9401103,rank1_feedback,16,128,9401103,320,16,5120,kronecker_shared_input_basis,1e-12,5200,1.015625,16.25,True,0.001149799907580018,snapshot only,0.0,0.0
rank1_feedback_n16_T128_s9401103,rank1_feedback,16,128,9401103,320,16,5120,immediate_support_exact_slice_plus_svd_residual,1e-12,6288,1.228125,19.65,True,0.00019289995543658733,snapshot only,7.228100962419802e-17,2.220446049250313e-16
rank1_feedback_n16_T128_s9401103,rank1_feedback,16,128,9401103,320,16,5120,local_eligibility_plus_svd_residual,1e-12,6288,1.228125,19.65,True,0.00018199998885393143,snapshot only,6.91219486046205e-17,2.220446049250313e-16
rank1_feedback_n16_T128_s9401104,rank1_feedback,16,128,9401104,320,16,5120,full_matrix,1e-08,5120,1.0,16.0,True,6.00004568696022e-07,online baseline,0.0,0.0
rank1_feedback_n16_T128_s9401104,rank1_feedback,16,128,9401104,320,16,5120,coordinate_sparse,1e-08,10240,2.0,32.0,True,2.389994915574789e-05,snapshot only,0.0,0.0
rank1_feedback_n16_T128_s9401104,rank1_feedback,16,128,9401104,320,16,5120,block_sparse_triangular,1e-08,5456,1.065625,17.05,True,2.529995981603861e-05,known closed online block recurrence,0.0,0.0
rank1_feedback_n16_T128_s9401104,rank1_feedback,16,128,9401104,320,16,5120,global_svd,1e-08,5376,1.05,16.8,True,0.00019759999122470617,snapshot only,2.3946515653303912e-15,9.003214840319629e-15
rank1_feedback_n16_T128_s9401104,rank1_feedback,16,128,9401104,320,16,5120,pivoted_qr_repeated_basis,1e-08,5696,1.1125,17.8,True,0.00010379997547715902,snapshot only,3.3547925718815157e-16,7.147060721024445e-16
rank1_feedback_n16_T128_s9401104,rank1_feedback,16,128,9401104,320,16,5120,supported_group_factors,1e-08,5200,1.015625,16.25,True,0.0011346000246703625,snapshot only,0.0,0.0
rank1_feedback_n16_T128_s9401104,rank1_feedback,16,128,9401104,320,16,5120,owner_block_factors,1e-08,5440,1.0625,17.0,True,0.003090200014412403,snapshot only,0.0,0.0
rank1_feedback_n16_T128_s9401104,rank1_feedback,16,128,9401104,320,16,5120,kronecker_shared_input_basis,1e-08,5184,1.0125,16.2,True,0.001116100000217557,snapshot only,3.1057753839868365e-09,3.794219977700658e-09
rank1_feedback_n16_T128_s9401104,rank1_feedback,16,128,9401104,320,16,5120,immediate_support_exact_slice_plus_svd_residual,1e-08,6288,1.228125,19.65,True,0.0001841000048443675,snapshot only,6.536903076728713e-17,1.6653345369377348e-16
rank1_feedback_n16_T128_s9401104,rank1_feedback,16,128,9401104,320,16,5120,local_eligibility_plus_svd_residual,1e-08,6288,1.228125,19.65,True,0.00017179991118609905,snapshot only,3.371237199025704e-17,7.936359902593892e-17
rank1_feedback_n16_T128_s9401104,rank1_feedback,16,128,9401104,320,16,5120,global_svd,1e-10,5376,1.05,16.8,True,0.00015909993089735508,snapshot only,2.3946515653303912e-15,9.003214840319629e-15
rank1_feedback_n16_T128_s9401104,rank1_feedback,16,128,9401104,320,16,5120,pivoted_qr_repeated_basis,1e-10,5696,1.1125,17.8,True,9.300000965595245e-05,snapshot only,3.3547925718815157e-16,7.147060721024445e-16
rank1_feedback_n16_T128_s9401104,rank1_feedback,16,128,9401104,320,16,5120,supported_group_factors,1e-10,5200,1.015625,16.25,True,0.0013049999251961708,snapshot only,0.0,0.0
rank1_feedback_n16_T128_s9401104,rank1_feedback,16,128,9401104,320,16,5120,owner_block_factors,1e-10,5440,1.0625,17.0,True,0.0030341000529006124,snapshot only,0.0,0.0
rank1_feedback_n16_T128_s9401104,rank1_feedback,16,128,9401104,320,16,5120,kronecker_shared_input_basis,1e-10,5200,1.015625,16.25,True,0.0010856000008061528,snapshot only,0.0,0.0
rank1_feedback_n16_T128_s9401104,rank1_feedback,16,128,9401104,320,16,5120,immediate_support_exact_slice_plus_svd_residual,1e-10,6288,1.228125,19.65,True,0.00018169998656958342,snapshot only,6.536903076728713e-17,1.6653345369377348e-16
rank1_feedback_n16_T128_s9401104,rank1_feedback,16,128,9401104,320,16,5120,local_eligibility_plus_svd_residual,1e-10,6288,1.228125,19.65,True,0.00017120002303272486,snapshot only,3.371237199025704e-17,7.936359902593892e-17
rank1_feedback_n16_T128_s9401104,rank1_feedback,16,128,9401104,320,16,5120,global_svd,1e-12,5376,1.05,16.8,True,0.00015890004578977823,snapshot only,2.3946515653303912e-15,9.003214840319629e-15
rank1_feedback_n16_T128_s9401104,rank1_feedback,16,128,9401104,320,16,5120,pivoted_qr_repeated_basis,1e-12,5696,1.1125,17.8,True,9.019998833537102e-05,snapshot only,3.3547925718815157e-16,7.147060721024445e-16
rank1_feedback_n16_T128_s9401104,rank1_feedback,16,128,9401104,320,16,5120,supported_group_factors,1e-12,5200,1.015625,16.25,True,0.0010994001058861613,snapshot only,0.0,0.0
rank1_feedback_n16_T128_s9401104,rank1_feedback,16,128,9401104,320,16,5120,owner_block_factors,1e-12,5440,1.0625,17.0,True,0.0032845999812707305,snapshot only,0.0,0.0
rank1_feedback_n16_T128_s9401104,rank1_feedback,16,128,9401104,320,16,5120,kronecker_shared_input_basis,1e-12,5200,1.015625,16.25,True,0.001092399936169386,snapshot only,0.0,0.0
rank1_feedback_n16_T128_s9401104,rank1_feedback,16,128,9401104,320,16,5120,immediate_support_exact_slice_plus_svd_residual,1e-12,6288,1.228125,19.65,True,0.00018420000560581684,snapshot only,6.536903076728713e-17,1.6653345369377348e-16
rank1_feedback_n16_T128_s9401104,rank1_feedback,16,128,9401104,320,16,5120,local_eligibility_plus_svd_residual,1e-12,6288,1.228125,19.65,True,0.00020979996770620346,snapshot only,3.371237199025704e-17,7.936359902593892e-17
full_feedback_n8_T32_s9401100,full_feedback,8,32,9401100,136,8,1088,full_matrix,1e-08,1088,1.0,8.0,True,6.00004568696022e-07,online baseline,0.0,0.0
full_feedback_n8_T32_s9401100,full_feedback,8,32,9401100,136,8,1088,coordinate_sparse,1e-08,2176,2.0,16.0,True,1.5700003132224083e-05,snapshot only,0.0,0.0
full_feedback_n8_T32_s9401100,full_feedback,8,32,9401100,136,8,1088,block_sparse_triangular,1e-08,1232,1.1323529411764706,9.058823529411764,True,1.650000922381878e-05,known closed online block recurrence,0.0,0.0
full_feedback_n8_T32_s9401100,full_feedback,8,32,9401100,136,8,1088,global_svd,1e-08,1152,1.0588235294117647,8.470588235294118,True,0.00010619999375194311,snapshot only,1.5176772564064664e-15,1.3322676295501878e-15
full_feedback_n8_T32_s9401100,full_feedback,8,32,9401100,136,8,1088,pivoted_qr_repeated_basis,1e-08,1288,1.1838235294117647,9.470588235294118,True,5.91999851167202e-05,snapshot only,4.500008276948484e-16,4.614364446098307e-16
full_feedback_n8_T32_s9401100,full_feedback,8,32,9401100,136,8,1088,supported_group_factors,1e-08,1112,1.0220588235294117,8.176470588235293,True,0.0006729000015184283,snapshot only,0.0,0.0
full_feedback_n8_T32_s9401100,full_feedback,8,32,9401100,136,8,1088,owner_block_factors,1e-08,1168,1.0735294117647058,8.588235294117647,True,0.0013933000154793262,snapshot only,0.0,0.0
full_feedback_n8_T32_s9401100,full_feedback,8,32,9401100,136,8,1088,kronecker_shared_input_basis,1e-08,1112,1.0220588235294117,8.176470588235293,True,0.0006446000188589096,snapshot only,0.0,0.0
full_feedback_n8_T32_s9401100,full_feedback,8,32,9401100,136,8,1088,immediate_support_exact_slice_plus_svd_residual,1e-08,1432,1.3161764705882353,10.529411764705882,True,9.740004315972328e-05,snapshot only,6.533083782358692e-16,6.140921104957897e-16
full_feedback_n8_T32_s9401100,full_feedback,8,32,9401100,136,8,1088,local_eligibility_plus_svd_residual,1e-08,1432,1.3161764705882353,10.529411764705882,True,8.87999776750803e-05,snapshot only,4.3055113566854898e-16,3.885780586188048e-16
full_feedback_n8_T32_s9401100,full_feedback,8,32,9401100,136,8,1088,global_svd,1e-10,1152,1.0588235294117647,8.470588235294118,True,7.559999357908964e-05,snapshot only,1.5176772564064664e-15,1.3322676295501878e-15
full_feedback_n8_T32_s9401100,full_feedback,8,32,9401100,136,8,1088,pivoted_qr_repeated_basis,1e-10,1288,1.1838235294117647,9.470588235294118,True,5.410006269812584e-05,snapshot only,4.500008276948484e-16,4.614364446098307e-16
full_feedback_n8_T32_s9401100,full_feedback,8,32,9401100,136,8,1088,supported_group_factors,1e-10,1112,1.0220588235294117,8.176470588235293,True,0.0006597000174224377,snapshot only,0.0,0.0
full_feedback_n8_T32_s9401100,full_feedback,8,32,9401100,136,8,1088,owner_block_factors,1e-10,1168,1.0735294117647058,8.588235294117647,True,0.0015558000886812806,snapshot only,0.0,0.0
full_feedback_n8_T32_s9401100,full_feedback,8,32,9401100,136,8,1088,kronecker_shared_input_basis,1e-10,1112,1.0220588235294117,8.176470588235293,True,0.0006712999893352389,snapshot only,0.0,0.0
full_feedback_n8_T32_s9401100,full_feedback,8,32,9401100,136,8,1088,immediate_support_exact_slice_plus_svd_residual,1e-10,1432,1.3161764705882353,10.529411764705882,True,9.50000248849392e-05,snapshot only,6.533083782358692e-16,6.140921104957897e-16
full_feedback_n8_T32_s9401100,full_feedback,8,32,9401100,136,8,1088,local_eligibility_plus_svd_residual,1e-10,1432,1.3161764705882353,10.529411764705882,True,8.709996473044157e-05,snapshot only,4.3055113566854898e-16,3.885780586188048e-16
full_feedback_n8_T32_s9401100,full_feedback,8,32,9401100,136,8,1088,global_svd,1e-12,1152,1.0588235294117647,8.470588235294118,True,7.589999586343765e-05,snapshot only,1.5176772564064664e-15,1.3322676295501878e-15
full_feedback_n8_T32_s9401100,full_feedback,8,32,9401100,136,8,1088,pivoted_qr_repeated_basis,1e-12,1288,1.1838235294117647,9.470588235294118,True,5.159992724657059e-05,snapshot only,4.500008276948484e-16,4.614364446098307e-16
full_feedback_n8_T32_s9401100,full_feedback,8,32,9401100,136,8,1088,supported_group_factors,1e-12,1112,1.0220588235294117,8.176470588235293,True,0.000658600009046495,snapshot only,0.0,0.0
full_feedback_n8_T32_s9401100,full_feedback,8,32,9401100,136,8,1088,owner_block_factors,1e-12,1168,1.0735294117647058,8.588235294117647,True,0.00138669996522367,snapshot only,0.0,0.0
full_feedback_n8_T32_s9401100,full_feedback,8,32,9401100,136,8,1088,kronecker_shared_input_basis,1e-12,1112,1.0220588235294117,8.176470588235293,True,0.0006411999929696321,snapshot only,0.0,0.0
full_feedback_n8_T32_s9401100,full_feedback,8,32,9401100,136,8,1088,immediate_support_exact_slice_plus_svd_residual,1e-12,1432,1.3161764705882353,10.529411764705882,True,9.429990313947201e-05,snapshot only,6.533083782358692e-16,6.140921104957897e-16
full_feedback_n8_T32_s9401100,full_feedback,8,32,9401100,136,8,1088,local_eligibility_plus_svd_residual,1e-12,1432,1.3161764705882353,10.529411764705882,True,8.639995940029621e-05,snapshot only,4.3055113566854898e-16,3.885780586188048e-16
full_feedback_n8_T32_s9401101,full_feedback,8,32,9401101,136,8,1088,full_matrix,1e-08,1088,1.0,8.0,True,8.00006091594696e-07,online baseline,0.0,0.0
full_feedback_n8_T32_s9401101,full_feedback,8,32,9401101,136,8,1088,coordinate_sparse,1e-08,2176,2.0,16.0,True,1.580000389367342e-05,snapshot only,0.0,0.0
full_feedback_n8_T32_s9401101,full_feedback,8,32,9401101,136,8,1088,block_sparse_triangular,1e-08,1232,1.1323529411764706,9.058823529411764,True,1.5600002370774746e-05,known closed online block recurrence,0.0,0.0
full_feedback_n8_T32_s9401101,full_feedback,8,32,9401101,136,8,1088,global_svd,1e-08,1152,1.0588235294117647,8.470588235294118,True,0.00010699999984353781,snapshot only,9.631728301264865e-16,7.216449660063518e-16
full_feedback_n8_T32_s9401101,full_feedback,8,32,9401101,136,8,1088,pivoted_qr_repeated_basis,1e-08,1288,1.1838235294117647,9.470588235294118,True,0.00011660007294267416,snapshot only,2.882586684308098e-16,3.209238430557093e-16
full_feedback_n8_T32_s9401101,full_feedback,8,32,9401101,136,8,1088,supported_group_factors,1e-08,1112,1.0220588235294117,8.176470588235293,True,0.0008157000411301851,snapshot only,0.0,0.0
full_feedback_n8_T32_s9401101,full_feedback,8,32,9401101,136,8,1088,owner_block_factors,1e-08,1168,1.0735294117647058,8.588235294117647,True,0.001421299995854497,snapshot only,0.0,0.0
full_feedback_n8_T32_s9401101,full_feedback,8,32,9401101,136,8,1088,kronecker_shared_input_basis,1e-08,1112,1.0220588235294117,8.176470588235293,True,0.0008407999994233251,snapshot only,0.0,0.0
full_feedback_n8_T32_s9401101,full_feedback,8,32,9401101,136,8,1088,immediate_support_exact_slice_plus_svd_residual,1e-08,1432,1.3161764705882353,10.529411764705882,True,9.590003173798323e-05,snapshot only,3.9448398761216135e-16,4.440892098500626e-16
full_feedback_n8_T32_s9401101,full_feedback,8,32,9401101,136,8,1088,local_eligibility_plus_svd_residual,1e-08,1432,1.3161764705882353,10.529411764705882,True,8.660007733851671e-05,snapshot only,4.118069423411641e-16,4.440892098500626e-16
full_feedback_n8_T32_s9401101,full_feedback,8,32,9401101,136,8,1088,global_svd,1e-10,1152,1.0588235294117647,8.470588235294118,True,7.589999586343765e-05,snapshot only,9.631728301264865e-16,7.216449660063518e-16
full_feedback_n8_T32_s9401101,full_feedback,8,32,9401101,136,8,1088,pivoted_qr_repeated_basis,1e-10,1288,1.1838235294117647,9.470588235294118,True,5.610007792711258e-05,snapshot only,2.882586684308098e-16,3.209238430557093e-16
full_feedback_n8_T32_s9401101,full_feedback,8,32,9401101,136,8,1088,supported_group_factors,1e-10,1112,1.0220588235294117,8.176470588235293,True,0.0009509000228717923,snapshot only,0.0,0.0
full_feedback_n8_T32_s9401101,full_feedback,8,32,9401101,136,8,1088,owner_block_factors,1e-10,1168,1.0735294117647058,8.588235294117647,True,0.0015869000926613808,snapshot only,0.0,0.0
full_feedback_n8_T32_s9401101,full_feedback,8,32,9401101,136,8,1088,kronecker_shared_input_basis,1e-10,1112,1.0220588235294117,8.176470588235293,True,0.0006606000242754817,snapshot only,0.0,0.0
full_feedback_n8_T32_s9401101,full_feedback,8,32,9401101,136,8,1088,immediate_support_exact_slice_plus_svd_residual,1e-10,1432,1.3161764705882353,10.529411764705882,True,9.510002564638853e-05,snapshot only,3.9448398761216135e-16,4.440892098500626e-16
full_feedback_n8_T32_s9401101,full_feedback,8,32,9401101,136,8,1088,local_eligibility_plus_svd_residual,1e-10,1432,1.3161764705882353,10.529411764705882,True,8.759996853768826e-05,snapshot only,4.118069423411641e-16,4.440892098500626e-16
full_feedback_n8_T32_s9401101,full_feedback,8,32,9401101,136,8,1088,global_svd,1e-12,1152,1.0588235294117647,8.470588235294118,True,7.6299998909235e-05,snapshot only,9.631728301264865e-16,7.216449660063518e-16
full_feedback_n8_T32_s9401101,full_feedback,8,32,9401101,136,8,1088,pivoted_qr_repeated_basis,1e-12,1288,1.1838235294117647,9.470588235294118,True,5.3999945521354675e-05,snapshot only,2.882586684308098e-16,3.209238430557093e-16
full_feedback_n8_T32_s9401101,full_feedback,8,32,9401101,136,8,1088,supported_group_factors,1e-12,1112,1.0220588235294117,8.176470588235293,True,0.0006706999847665429,snapshot only,0.0,0.0
full_feedback_n8_T32_s9401101,full_feedback,8,32,9401101,136,8,1088,owner_block_factors,1e-12,1168,1.0735294117647058,8.588235294117647,True,0.001386999967508018,snapshot only,0.0,0.0
full_feedback_n8_T32_s9401101,full_feedback,8,32,9401101,136,8,1088,kronecker_shared_input_basis,1e-12,1112,1.0220588235294117,8.176470588235293,True,0.0006443000165745616,snapshot only,0.0,0.0
full_feedback_n8_T32_s9401101,full_feedback,8,32,9401101,136,8,1088,immediate_support_exact_slice_plus_svd_residual,1e-12,1432,1.3161764705882353,10.529411764705882,True,9.380001574754715e-05,snapshot only,3.9448398761216135e-16,4.440892098500626e-16
full_feedback_n8_T32_s9401101,full_feedback,8,32,9401101,136,8,1088,local_eligibility_plus_svd_residual,1e-12,1432,1.3161764705882353,10.529411764705882,True,8.87999776750803e-05,snapshot only,4.118069423411641e-16,4.440892098500626e-16
full_feedback_n8_T32_s9401102,full_feedback,8,32,9401102,136,8,1088,full_matrix,1e-08,1088,1.0,8.0,True,6.00004568696022e-07,online baseline,0.0,0.0
full_feedback_n8_T32_s9401102,full_feedback,8,32,9401102,136,8,1088,coordinate_sparse,1e-08,2176,2.0,16.0,True,1.68998958542943e-05,snapshot only,0.0,0.0
full_feedback_n8_T32_s9401102,full_feedback,8,32,9401102,136,8,1088,block_sparse_triangular,1e-08,1232,1.1323529411764706,9.058823529411764,True,1.6200006939470768e-05,known closed online block recurrence,0.0,0.0
full_feedback_n8_T32_s9401102,full_feedback,8,32,9401102,136,8,1088,global_svd,1e-08,1152,1.0588235294117647,8.470588235294118,True,0.00010549998842179775,snapshot only,9.575998799567762e-16,7.355227538141662e-16
full_feedback_n8_T32_s9401102,full_feedback,8,32,9401102,136,8,1088,pivoted_qr_repeated_basis,1e-08,1288,1.1838235294117647,9.470588235294118,True,6.260001100599766e-05,snapshot only,4.467417766896423e-16,5.551115123125783e-16
full_feedback_n8_T32_s9401102,full_feedback,8,32,9401102,136,8,1088,supported_group_factors,1e-08,1112,1.0220588235294117,8.176470588235293,True,0.0006845999741926789,snapshot only,0.0,0.0
full_feedback_n8_T32_s9401102,full_feedback,8,32,9401102,136,8,1088,owner_block_factors,1e-08,1168,1.0735294117647058,8.588235294117647,True,0.0013784000184386969,snapshot only,0.0,0.0
full_feedback_n8_T32_s9401102,full_feedback,8,32,9401102,136,8,1088,kronecker_shared_input_basis,1e-08,1112,1.0220588235294117,8.176470588235293,True,0.0006542999763041735,snapshot only,0.0,0.0
full_feedback_n8_T32_s9401102,full_feedback,8,32,9401102,136,8,1088,immediate_support_exact_slice_plus_svd_residual,1e-08,1432,1.3161764705882353,10.529411764705882,True,9.440002031624317e-05,snapshot only,3.3549309080199326e-16,2.220446049250313e-16
full_feedback_n8_T32_s9401102,full_feedback,8,32,9401102,136,8,1088,local_eligibility_plus_svd_residual,1e-08,1432,1.3161764705882353,10.529411764705882,True,0.0002405999694019556,snapshot only,4.25253684160959e-16,3.3306690738754696e-16
full_feedback_n8_T32_s9401102,full_feedback,8,32,9401102,136,8,1088,global_svd,1e-10,1152,1.0588235294117647,8.470588235294118,True,0.00010569998994469643,snapshot only,9.575998799567762e-16,7.355227538141662e-16
full_feedback_n8_T32_s9401102,full_feedback,8,32,9401102,136,8,1088,pivoted_qr_repeated_basis,1e-10,1288,1.1838235294117647,9.470588235294118,True,7.229996845126152e-05,snapshot only,4.467417766896423e-16,5.551115123125783e-16
full_feedback_n8_T32_s9401102,full_feedback,8,32,9401102,136,8,1088,supported_group_factors,1e-10,1112,1.0220588235294117,8.176470588235293,True,0.0006985999643802643,snapshot only,0.0,0.0
full_feedback_n8_T32_s9401102,full_feedback,8,32,9401102,136,8,1088,owner_block_factors,1e-10,1168,1.0735294117647058,8.588235294117647,True,0.0013886999804526567,snapshot only,0.0,0.0
full_feedback_n8_T32_s9401102,full_feedback,8,32,9401102,136,8,1088,kronecker_shared_input_basis,1e-10,1112,1.0220588235294117,8.176470588235293,True,0.0006547999801114202,snapshot only,0.0,0.0
full_feedback_n8_T32_s9401102,full_feedback,8,32,9401102,136,8,1088,immediate_support_exact_slice_plus_svd_residual,1e-10,1432,1.3161764705882353,10.529411764705882,True,9.430001955479383e-05,snapshot only,3.3549309080199326e-16,2.220446049250313e-16
full_feedback_n8_T32_s9401102,full_feedback,8,32,9401102,136,8,1088,local_eligibility_plus_svd_residual,1e-10,1432,1.3161764705882353,10.529411764705882,True,8.699996396899223e-05,snapshot only,4.25253684160959e-16,3.3306690738754696e-16
full_feedback_n8_T32_s9401102,full_feedback,8,32,9401102,136,8,1088,global_svd,1e-12,1152,1.0588235294117647,8.470588235294118,True,7.539999205619097e-05,snapshot only,9.575998799567762e-16,7.355227538141662e-16
full_feedback_n8_T32_s9401102,full_feedback,8,32,9401102,136,8,1088,pivoted_qr_repeated_basis,1e-12,1288,1.1838235294117647,9.470588235294118,True,5.340005736798048e-05,snapshot only,4.467417766896423e-16,5.551115123125783e-16
full_feedback_n8_T32_s9401102,full_feedback,8,32,9401102,136,8,1088,supported_group_factors,1e-12,1112,1.0220588235294117,8.176470588235293,True,0.0006668999558314681,snapshot only,0.0,0.0
full_feedback_n8_T32_s9401102,full_feedback,8,32,9401102,136,8,1088,owner_block_factors,1e-12,1168,1.0735294117647058,8.588235294117647,True,0.0013728999765589833,snapshot only,0.0,0.0
full_feedback_n8_T32_s9401102,full_feedback,8,32,9401102,136,8,1088,kronecker_shared_input_basis,1e-12,1112,1.0220588235294117,8.176470588235293,True,0.0006420999998226762,snapshot only,0.0,0.0
full_feedback_n8_T32_s9401102,full_feedback,8,32,9401102,136,8,1088,immediate_support_exact_slice_plus_svd_residual,1e-12,1432,1.3161764705882353,10.529411764705882,True,9.659992065280676e-05,snapshot only,3.3549309080199326e-16,2.220446049250313e-16
full_feedback_n8_T32_s9401102,full_feedback,8,32,9401102,136,8,1088,local_eligibility_plus_svd_residual,1e-12,1432,1.3161764705882353,10.529411764705882,True,9.190000128000975e-05,snapshot only,4.25253684160959e-16,3.3306690738754696e-16
full_feedback_n8_T32_s9401103,full_feedback,8,32,9401103,136,8,1088,full_matrix,1e-08,1088,1.0,8.0,True,5.00003807246685e-07,online baseline,0.0,0.0
full_feedback_n8_T32_s9401103,full_feedback,8,32,9401103,136,8,1088,coordinate_sparse,1e-08,2176,2.0,16.0,True,1.5300000086426735e-05,snapshot only,0.0,0.0
full_feedback_n8_T32_s9401103,full_feedback,8,32,9401103,136,8,1088,block_sparse_triangular,1e-08,1232,1.1323529411764706,9.058823529411764,True,1.6200006939470768e-05,known closed online block recurrence,0.0,0.0
full_feedback_n8_T32_s9401103,full_feedback,8,32,9401103,136,8,1088,global_svd,1e-08,1152,1.0588235294117647,8.470588235294118,True,0.00010310008656233549,snapshot only,9.863083405181023e-16,6.661338147750939e-16
full_feedback_n8_T32_s9401103,full_feedback,8,32,9401103,136,8,1088,pivoted_qr_repeated_basis,1e-08,1288,1.1838235294117647,9.470588235294118,True,5.8299978263676167e-05,snapshot only,3.9533003424752028e-16,4.440892098500626e-16
full_feedback_n8_T32_s9401103,full_feedback,8,32,9401103,136,8,1088,supported_group_factors,1e-08,1112,1.0220588235294117,8.176470588235293,True,0.0006785000441595912,snapshot only,0.0,0.0
full_feedback_n8_T32_s9401103,full_feedback,8,32,9401103,136,8,1088,owner_block_factors,1e-08,1168,1.0735294117647058,8.588235294117647,True,0.0013794000260531902,snapshot only,0.0,0.0
full_feedback_n8_T32_s9401103,full_feedback,8,32,9401103,136,8,1088,kronecker_shared_input_basis,1e-08,1112,1.0220588235294117,8.176470588235293,True,0.0006552999839186668,snapshot only,0.0,0.0
full_feedback_n8_T32_s9401103,full_feedback,8,32,9401103,136,8,1088,immediate_support_exact_slice_plus_svd_residual,1e-08,1432,1.3161764705882353,10.529411764705882,True,9.430001955479383e-05,snapshot only,3.3453357003925153e-16,2.2898349882893854e-16
full_feedback_n8_T32_s9401103,full_feedback,8,32,9401103,136,8,1088,local_eligibility_plus_svd_residual,1e-08,1432,1.3161764705882353,10.529411764705882,True,9.400001727044582e-05,snapshot only,5.567400151703637e-16,4.440892098500626e-16
full_feedback_n8_T32_s9401103,full_feedback,8,32,9401103,136,8,1088,global_svd,1e-10,1152,1.0588235294117647,8.470588235294118,True,7.720000576227903e-05,snapshot only,9.863083405181023e-16,6.661338147750939e-16
full_feedback_n8_T32_s9401103,full_feedback,8,32,9401103,136,8,1088,pivoted_qr_repeated_basis,1e-10,1288,1.1838235294117647,9.470588235294118,True,5.5299955420196056e-05,snapshot only,3.9533003424752028e-16,4.440892098500626e-16
full_feedback_n8_T32_s9401103,full_feedback,8,32,9401103,136,8,1088,supported_group_factors,1e-10,1112,1.0220588235294117,8.176470588235293,True,0.0006615000311285257,snapshot only,0.0,0.0
full_feedback_n8_T32_s9401103,full_feedback,8,32,9401103,136,8,1088,owner_block_factors,1e-10,1168,1.0735294117647058,8.588235294117647,True,0.0013735999818891287,snapshot only,0.0,0.0
full_feedback_n8_T32_s9401103,full_feedback,8,32,9401103,136,8,1088,kronecker_shared_input_basis,1e-10,1112,1.0220588235294117,8.176470588235293,True,0.0006401999853551388,snapshot only,0.0,0.0
full_feedback_n8_T32_s9401103,full_feedback,8,32,9401103,136,8,1088,immediate_support_exact_slice_plus_svd_residual,1e-10,1432,1.3161764705882353,10.529411764705882,True,9.660003706812859e-05,snapshot only,3.3453357003925153e-16,2.2898349882893854e-16
full_feedback_n8_T32_s9401103,full_feedback,8,32,9401103,136,8,1088,local_eligibility_plus_svd_residual,1e-10,1432,1.3161764705882353,10.529411764705882,True,8.700008038431406e-05,snapshot only,5.567400151703637e-16,4.440892098500626e-16
full_feedback_n8_T32_s9401103,full_feedback,8,32,9401103,136,8,1088,global_svd,1e-12,1152,1.0588235294117647,8.470588235294118,True,7.51999905332923e-05,snapshot only,9.863083405181023e-16,6.661338147750939e-16
full_feedback_n8_T32_s9401103,full_feedback,8,32,9401103,136,8,1088,pivoted_qr_repeated_basis,1e-12,1288,1.1838235294117647,9.470588235294118,True,5.050003528594971e-05,snapshot only,3.9533003424752028e-16,4.440892098500626e-16
full_feedback_n8_T32_s9401103,full_feedback,8,32,9401103,136,8,1088,supported_group_factors,1e-12,1112,1.0220588235294117,8.176470588235293,True,0.0006568999961018562,snapshot only,0.0,0.0
full_feedback_n8_T32_s9401103,full_feedback,8,32,9401103,136,8,1088,owner_block_factors,1e-12,1168,1.0735294117647058,8.588235294117647,True,0.0013741999864578247,snapshot only,0.0,0.0
full_feedback_n8_T32_s9401103,full_feedback,8,32,9401103,136,8,1088,kronecker_shared_input_basis,1e-12,1112,1.0220588235294117,8.176470588235293,True,0.0008477000519633293,snapshot only,0.0,0.0
full_feedback_n8_T32_s9401103,full_feedback,8,32,9401103,136,8,1088,immediate_support_exact_slice_plus_svd_residual,1e-12,1432,1.3161764705882353,10.529411764705882,True,0.00010090006981045008,snapshot only,3.3453357003925153e-16,2.2898349882893854e-16
full_feedback_n8_T32_s9401103,full_feedback,8,32,9401103,136,8,1088,local_eligibility_plus_svd_residual,1e-12,1432,1.3161764705882353,10.529411764705882,True,8.459994569420815e-05,snapshot only,5.567400151703637e-16,4.440892098500626e-16
full_feedback_n8_T32_s9401104,full_feedback,8,32,9401104,136,8,1088,full_matrix,1e-08,1088,1.0,8.0,True,7.00005330145359e-07,online baseline,0.0,0.0
full_feedback_n8_T32_s9401104,full_feedback,8,32,9401104,136,8,1088,coordinate_sparse,1e-08,2176,2.0,16.0,True,1.6900012269616127e-05,snapshot only,0.0,0.0
full_feedback_n8_T32_s9401104,full_feedback,8,32,9401104,136,8,1088,block_sparse_triangular,1e-08,1232,1.1323529411764706,9.058823529411764,True,1.6900012269616127e-05,known closed online block recurrence,0.0,0.0
full_feedback_n8_T32_s9401104,full_feedback,8,32,9401104,136,8,1088,global_svd,1e-08,1152,1.0588235294117647,8.470588235294118,True,0.00011100003030151129,snapshot only,7.579609539539002e-16,6.38378239159465e-16
full_feedback_n8_T32_s9401104,full_feedback,8,32,9401104,136,8,1088,pivoted_qr_repeated_basis,1e-08,1288,1.1838235294117647,9.470588235294118,True,6.779993418604136e-05,snapshot only,4.530131161815992e-16,4.440892098500626e-16
full_feedback_n8_T32_s9401104,full_feedback,8,32,9401104,136,8,1088,supported_group_factors,1e-08,1112,1.0220588235294117,8.176470588235293,True,0.0006968999514356256,snapshot only,0.0,0.0
full_feedback_n8_T32_s9401104,full_feedback,8,32,9401104,136,8,1088,owner_block_factors,1e-08,1168,1.0735294117647058,8.588235294117647,True,0.0016963999951258302,snapshot only,0.0,0.0
full_feedback_n8_T32_s9401104,full_feedback,8,32,9401104,136,8,1088,kronecker_shared_input_basis,1e-08,1112,1.0220588235294117,8.176470588235293,True,0.0009386000456288457,snapshot only,0.0,0.0
full_feedback_n8_T32_s9401104,full_feedback,8,32,9401104,136,8,1088,immediate_support_exact_slice_plus_svd_residual,1e-08,1432,1.3161764705882353,10.529411764705882,True,0.00010159995872527361,snapshot only,1.826733081293038e-15,2.220446049250313e-15
full_feedback_n8_T32_s9401104,full_feedback,8,32,9401104,136,8,1088,local_eligibility_plus_svd_residual,1e-08,1432,1.3161764705882353,10.529411764705882,True,9.250000584870577e-05,snapshot only,4.642856866452048e-16,3.885780586188048e-16
full_feedback_n8_T32_s9401104,full_feedback,8,32,9401104,136,8,1088,global_svd,1e-10,1152,1.0588235294117647,8.470588235294118,True,7.71000050008297e-05,snapshot only,7.579609539539002e-16,6.38378239159465e-16
full_feedback_n8_T32_s9401104,full_feedback,8,32,9401104,136,8,1088,pivoted_qr_repeated_basis,1e-10,1288,1.1838235294117647,9.470588235294118,True,6.3000014051795e-05,snapshot only,4.530131161815992e-16,4.440892098500626e-16
full_feedback_n8_T32_s9401104,full_feedback,8,32,9401104,136,8,1088,supported_group_factors,1e-10,1112,1.0220588235294117,8.176470588235293,True,0.0008107000030577183,snapshot only,0.0,0.0
full_feedback_n8_T32_s9401104,full_feedback,8,32,9401104,136,8,1088,owner_block_factors,1e-10,1168,1.0735294117647058,8.588235294117647,True,0.0014413000317290425,snapshot only,0.0,0.0
full_feedback_n8_T32_s9401104,full_feedback,8,32,9401104,136,8,1088,kronecker_shared_input_basis,1e-10,1112,1.0220588235294117,8.176470588235293,True,0.0007069000275805593,snapshot only,0.0,0.0
full_feedback_n8_T32_s9401104,full_feedback,8,32,9401104,136,8,1088,immediate_support_exact_slice_plus_svd_residual,1e-10,1432,1.3161764705882353,10.529411764705882,True,9.909993968904018e-05,snapshot only,1.826733081293038e-15,2.220446049250313e-15
full_feedback_n8_T32_s9401104,full_feedback,8,32,9401104,136,8,1088,local_eligibility_plus_svd_residual,1e-10,1432,1.3161764705882353,10.529411764705882,True,9.180000051856041e-05,snapshot only,4.642856866452048e-16,3.885780586188048e-16
full_feedback_n8_T32_s9401104,full_feedback,8,32,9401104,136,8,1088,global_svd,1e-12,1152,1.0588235294117647,8.470588235294118,True,8.110003545880318e-05,snapshot only,7.579609539539002e-16,6.38378239159465e-16
full_feedback_n8_T32_s9401104,full_feedback,8,32,9401104,136,8,1088,pivoted_qr_repeated_basis,1e-12,1288,1.1838235294117647,9.470588235294118,True,5.6900084018707275e-05,snapshot only,4.530131161815992e-16,4.440892098500626e-16
full_feedback_n8_T32_s9401104,full_feedback,8,32,9401104,136,8,1088,supported_group_factors,1e-12,1112,1.0220588235294117,8.176470588235293,True,0.0006951000541448593,snapshot only,0.0,0.0
full_feedback_n8_T32_s9401104,full_feedback,8,32,9401104,136,8,1088,owner_block_factors,1e-12,1168,1.0735294117647058,8.588235294117647,True,0.0014423999236896634,snapshot only,0.0,0.0
full_feedback_n8_T32_s9401104,full_feedback,8,32,9401104,136,8,1088,kronecker_shared_input_basis,1e-12,1112,1.0220588235294117,8.176470588235293,True,0.0006915000267326832,snapshot only,0.0,0.0
full_feedback_n8_T32_s9401104,full_feedback,8,32,9401104,136,8,1088,immediate_support_exact_slice_plus_svd_residual,1e-12,1432,1.3161764705882353,10.529411764705882,True,9.909993968904018e-05,snapshot only,1.826733081293038e-15,2.220446049250313e-15
full_feedback_n8_T32_s9401104,full_feedback,8,32,9401104,136,8,1088,local_eligibility_plus_svd_residual,1e-12,1432,1.3161764705882353,10.529411764705882,True,0.00010269996710121632,snapshot only,4.642856866452048e-16,3.885780586188048e-16
full_feedback_n8_T128_s9401100,full_feedback,8,128,9401100,136,8,1088,full_matrix,1e-08,1088,1.0,8.0,True,7.00005330145359e-07,online baseline,0.0,0.0
full_feedback_n8_T128_s9401100,full_feedback,8,128,9401100,136,8,1088,coordinate_sparse,1e-08,2176,2.0,16.0,True,1.610000617802143e-05,snapshot only,0.0,0.0
full_feedback_n8_T128_s9401100,full_feedback,8,128,9401100,136,8,1088,block_sparse_triangular,1e-08,1232,1.1323529411764706,9.058823529411764,True,1.6300007700920105e-05,known closed online block recurrence,0.0,0.0
full_feedback_n8_T128_s9401100,full_feedback,8,128,9401100,136,8,1088,global_svd,1e-08,1152,1.0588235294117647,8.470588235294118,True,0.00010460009798407555,snapshot only,6.988482789821069e-16,6.661338147750939e-16
full_feedback_n8_T128_s9401100,full_feedback,8,128,9401100,136,8,1088,pivoted_qr_repeated_basis,1e-08,1288,1.1838235294117647,9.470588235294118,True,6.480002775788307e-05,snapshot only,3.4634677392774854e-16,4.440892098500626e-16
full_feedback_n8_T128_s9401100,full_feedback,8,128,9401100,136,8,1088,supported_group_factors,1e-08,1112,1.0220588235294117,8.176470588235293,True,0.0006810000631958246,snapshot only,0.0,0.0
full_feedback_n8_T128_s9401100,full_feedback,8,128,9401100,136,8,1088,owner_block_factors,1e-08,1168,1.0735294117647058,8.588235294117647,True,0.0013859999598935246,snapshot only,0.0,0.0
full_feedback_n8_T128_s9401100,full_feedback,8,128,9401100,136,8,1088,kronecker_shared_input_basis,1e-08,1112,1.0220588235294117,8.176470588235293,True,0.0006545999785885215,snapshot only,0.0,0.0
full_feedback_n8_T128_s9401100,full_feedback,8,128,9401100,136,8,1088,immediate_support_exact_slice_plus_svd_residual,1e-08,1432,1.3161764705882353,10.529411764705882,True,9.330001194030046e-05,snapshot only,3.2218768305081773e-16,3.3306690738754696e-16
full_feedback_n8_T128_s9401100,full_feedback,8,128,9401100,136,8,1088,local_eligibility_plus_svd_residual,1e-08,1432,1.3161764705882353,10.529411764705882,True,8.679996244609356e-05,snapshot only,4.704890348131953e-16,4.440892098500626e-16
full_feedback_n8_T128_s9401100,full_feedback,8,128,9401100,136,8,1088,global_svd,1e-10,1152,1.0588235294117647,8.470588235294118,True,7.670000195503235e-05,snapshot only,6.988482789821069e-16,6.661338147750939e-16
full_feedback_n8_T128_s9401100,full_feedback,8,128,9401100,136,8,1088,pivoted_qr_repeated_basis,1e-10,1288,1.1838235294117647,9.470588235294118,True,5.679996684193611e-05,snapshot only,3.4634677392774854e-16,4.440892098500626e-16
full_feedback_n8_T128_s9401100,full_feedback,8,128,9401100,136,8,1088,supported_group_factors,1e-10,1112,1.0220588235294117,8.176470588235293,True,0.000662999926134944,snapshot only,0.0,0.0
full_feedback_n8_T128_s9401100,full_feedback,8,128,9401100,136,8,1088,owner_block_factors,1e-10,1168,1.0735294117647058,8.588235294117647,True,0.001394400023855269,snapshot only,0.0,0.0
full_feedback_n8_T128_s9401100,full_feedback,8,128,9401100,136,8,1088,kronecker_shared_input_basis,1e-10,1112,1.0220588235294117,8.176470588235293,True,0.0006536999717354774,snapshot only,0.0,0.0
full_feedback_n8_T128_s9401100,full_feedback,8,128,9401100,136,8,1088,immediate_support_exact_slice_plus_svd_residual,1e-10,1432,1.3161764705882353,10.529411764705882,True,9.360001422464848e-05,snapshot only,3.2218768305081773e-16,3.3306690738754696e-16
full_feedback_n8_T128_s9401100,full_feedback,8,128,9401100,136,8,1088,local_eligibility_plus_svd_residual,1e-10,1432,1.3161764705882353,10.529411764705882,True,8.63000750541687e-05,snapshot only,4.704890348131953e-16,4.440892098500626e-16
full_feedback_n8_T128_s9401100,full_feedback,8,128,9401100,136,8,1088,global_svd,1e-12,1152,1.0588235294117647,8.470588235294118,True,7.609999738633633e-05,snapshot only,6.988482789821069e-16,6.661338147750939e-16
full_feedback_n8_T128_s9401100,full_feedback,8,128,9401100,136,8,1088,pivoted_qr_repeated_basis,1e-12,1288,1.1838235294117647,9.470588235294118,True,5.180004518479109e-05,snapshot only,3.4634677392774854e-16,4.440892098500626e-16
full_feedback_n8_T128_s9401100,full_feedback,8,128,9401100,136,8,1088,supported_group_factors,1e-12,1112,1.0220588235294117,8.176470588235293,True,0.0006596000166609883,snapshot only,0.0,0.0
full_feedback_n8_T128_s9401100,full_feedback,8,128,9401100,136,8,1088,owner_block_factors,1e-12,1168,1.0735294117647058,8.588235294117647,True,0.0013642000267282128,snapshot only,0.0,0.0
full_feedback_n8_T128_s9401100,full_feedback,8,128,9401100,136,8,1088,kronecker_shared_input_basis,1e-12,1112,1.0220588235294117,8.176470588235293,True,0.0007357000140473247,snapshot only,0.0,0.0
full_feedback_n8_T128_s9401100,full_feedback,8,128,9401100,136,8,1088,immediate_support_exact_slice_plus_svd_residual,1e-12,1432,1.3161764705882353,10.529411764705882,True,0.00011620006989687681,snapshot only,3.2218768305081773e-16,3.3306690738754696e-16
full_feedback_n8_T128_s9401100,full_feedback,8,128,9401100,136,8,1088,local_eligibility_plus_svd_residual,1e-12,1432,1.3161764705882353,10.529411764705882,True,9.540002793073654e-05,snapshot only,4.704890348131953e-16,4.440892098500626e-16
full_feedback_n8_T128_s9401101,full_feedback,8,128,9401101,136,8,1088,full_matrix,1e-08,1088,1.0,8.0,True,8.00006091594696e-07,online baseline,0.0,0.0
full_feedback_n8_T128_s9401101,full_feedback,8,128,9401101,136,8,1088,coordinate_sparse,1e-08,2176,2.0,16.0,True,1.789990346878767e-05,snapshot only,0.0,0.0
full_feedback_n8_T128_s9401101,full_feedback,8,128,9401101,136,8,1088,block_sparse_triangular,1e-08,1232,1.1323529411764706,9.058823529411764,True,1.610000617802143e-05,known closed online block recurrence,0.0,0.0
full_feedback_n8_T128_s9401101,full_feedback,8,128,9401101,136,8,1088,global_svd,1e-08,1152,1.0588235294117647,8.470588235294118,True,0.00012129999231547117,snapshot only,1.1977836366005424e-15,1.0269562977782698e-15
full_feedback_n8_T128_s9401101,full_feedback,8,128,9401101,136,8,1088,pivoted_qr_repeated_basis,1e-08,1288,1.1838235294117647,9.470588235294118,True,6.7099928855896e-05,snapshot only,3.7815709160962364e-16,4.440892098500626e-16
full_feedback_n8_T128_s9401101,full_feedback,8,128,9401101,136,8,1088,supported_group_factors,1e-08,1112,1.0220588235294117,8.176470588235293,True,0.0007093999302014709,snapshot only,0.0,0.0
full_feedback_n8_T128_s9401101,full_feedback,8,128,9401101,136,8,1088,owner_block_factors,1e-08,1168,1.0735294117647058,8.588235294117647,True,0.0013942000223323703,snapshot only,0.0,0.0
full_feedback_n8_T128_s9401101,full_feedback,8,128,9401101,136,8,1088,kronecker_shared_input_basis,1e-08,1112,1.0220588235294117,8.176470588235293,True,0.0006903999019414186,snapshot only,0.0,0.0
full_feedback_n8_T128_s9401101,full_feedback,8,128,9401101,136,8,1088,immediate_support_exact_slice_plus_svd_residual,1e-08,1432,1.3161764705882353,10.529411764705882,True,9.730004239827394e-05,snapshot only,3.4586111648943e-16,4.440892098500626e-16
full_feedback_n8_T128_s9401101,full_feedback,8,128,9401101,136,8,1088,local_eligibility_plus_svd_residual,1e-08,1432,1.3161764705882353,10.529411764705882,True,8.809997234493494e-05,snapshot only,9.156156513411879e-16,8.049116928532385e-16
full_feedback_n8_T128_s9401101,full_feedback,8,128,9401101,136,8,1088,global_svd,1e-10,1152,1.0588235294117647,8.470588235294118,True,7.930002175271511e-05,snapshot only,1.1977836366005424e-15,1.0269562977782698e-15
full_feedback_n8_T128_s9401101,full_feedback,8,128,9401101,136,8,1088,pivoted_qr_repeated_basis,1e-10,1288,1.1838235294117647,9.470588235294118,True,5.5699958465993404e-05,snapshot only,3.7815709160962364e-16,4.440892098500626e-16
full_feedback_n8_T128_s9401101,full_feedback,8,128,9401101,136,8,1088,supported_group_factors,1e-10,1112,1.0220588235294117,8.176470588235293,True,0.0006756000220775604,snapshot only,0.0,0.0
full_feedback_n8_T128_s9401101,full_feedback,8,128,9401101,136,8,1088,owner_block_factors,1e-10,1168,1.0735294117647058,8.588235294117647,True,0.0014044999843463302,snapshot only,0.0,0.0
full_feedback_n8_T128_s9401101,full_feedback,8,128,9401101,136,8,1088,kronecker_shared_input_basis,1e-10,1112,1.0220588235294117,8.176470588235293,True,0.0010572000173851848,snapshot only,0.0,0.0
full_feedback_n8_T128_s9401101,full_feedback,8,128,9401101,136,8,1088,immediate_support_exact_slice_plus_svd_residual,1e-10,1432,1.3161764705882353,10.529411764705882,True,0.00011729996185749769,snapshot only,3.4586111648943e-16,4.440892098500626e-16
full_feedback_n8_T128_s9401101,full_feedback,8,128,9401101,136,8,1088,local_eligibility_plus_svd_residual,1e-10,1432,1.3161764705882353,10.529411764705882,True,0.00010969990398734808,snapshot only,9.156156513411879e-16,8.049116928532385e-16
full_feedback_n8_T128_s9401101,full_feedback,8,128,9401101,136,8,1088,global_svd,1e-12,1152,1.0588235294117647,8.470588235294118,True,8.9899986051023e-05,snapshot only,1.1977836366005424e-15,1.0269562977782698e-15
full_feedback_n8_T128_s9401101,full_feedback,8,128,9401101,136,8,1088,pivoted_qr_repeated_basis,1e-12,1288,1.1838235294117647,9.470588235294118,True,7.180008105933666e-05,snapshot only,3.7815709160962364e-16,4.440892098500626e-16
full_feedback_n8_T128_s9401101,full_feedback,8,128,9401101,136,8,1088,supported_group_factors,1e-12,1112,1.0220588235294117,8.176470588235293,True,0.0007274000672623515,snapshot only,0.0,0.0
full_feedback_n8_T128_s9401101,full_feedback,8,128,9401101,136,8,1088,owner_block_factors,1e-12,1168,1.0735294117647058,8.588235294117647,True,0.001410599914379418,snapshot only,0.0,0.0
full_feedback_n8_T128_s9401101,full_feedback,8,128,9401101,136,8,1088,kronecker_shared_input_basis,1e-12,1112,1.0220588235294117,8.176470588235293,True,0.0006689000874757767,snapshot only,0.0,0.0
full_feedback_n8_T128_s9401101,full_feedback,8,128,9401101,136,8,1088,immediate_support_exact_slice_plus_svd_residual,1e-12,1432,1.3161764705882353,10.529411764705882,True,0.00010689999908208847,snapshot only,3.4586111648943e-16,4.440892098500626e-16
full_feedback_n8_T128_s9401101,full_feedback,8,128,9401101,136,8,1088,local_eligibility_plus_svd_residual,1e-12,1432,1.3161764705882353,10.529411764705882,True,9.759992826730013e-05,snapshot only,9.156156513411879e-16,8.049116928532385e-16
full_feedback_n8_T128_s9401102,full_feedback,8,128,9401102,136,8,1088,full_matrix,1e-08,1088,1.0,8.0,True,6.998889148235321e-07,online baseline,0.0,0.0
full_feedback_n8_T128_s9401102,full_feedback,8,128,9401102,136,8,1088,coordinate_sparse,1e-08,2176,2.0,16.0,True,1.650000922381878e-05,snapshot only,0.0,0.0
full_feedback_n8_T128_s9401102,full_feedback,8,128,9401102,136,8,1088,block_sparse_triangular,1e-08,1232,1.1323529411764706,9.058823529411764,True,1.610000617802143e-05,known closed online block recurrence,0.0,0.0
full_feedback_n8_T128_s9401102,full_feedback,8,128,9401102,136,8,1088,global_svd,1e-08,1152,1.0588235294117647,8.470588235294118,True,0.00010369997471570969,snapshot only,7.141065266388156e-16,6.661338147750939e-16
full_feedback_n8_T128_s9401102,full_feedback,8,128,9401102,136,8,1088,pivoted_qr_repeated_basis,1e-08,1288,1.1838235294117647,9.470588235294118,True,6.440002471208572e-05,snapshot only,3.1419401034453076e-16,3.677613769070831e-16
full_feedback_n8_T128_s9401102,full_feedback,8,128,9401102,136,8,1088,supported_group_factors,1e-08,1112,1.0220588235294117,8.176470588235293,True,0.0006821999559178948,snapshot only,0.0,0.0
full_feedback_n8_T128_s9401102,full_feedback,8,128,9401102,136,8,1088,owner_block_factors,1e-08,1168,1.0735294117647058,8.588235294117647,True,0.0013797000283375382,snapshot only,0.0,0.0
full_feedback_n8_T128_s9401102,full_feedback,8,128,9401102,136,8,1088,kronecker_shared_input_basis,1e-08,1112,1.0220588235294117,8.176470588235293,True,0.0006512999534606934,snapshot only,0.0,0.0
full_feedback_n8_T128_s9401102,full_feedback,8,128,9401102,136,8,1088,immediate_support_exact_slice_plus_svd_residual,1e-08,1432,1.3161764705882353,10.529411764705882,True,9.780004620552063e-05,snapshot only,6.0359101193688015e-16,4.440892098500626e-16
full_feedback_n8_T128_s9401102,full_feedback,8,128,9401102,136,8,1088,local_eligibility_plus_svd_residual,1e-08,1432,1.3161764705882353,10.529411764705882,True,8.79999715834856e-05,snapshot only,4.334515917907459e-16,3.400058012914542e-16
full_feedback_n8_T128_s9401102,full_feedback,8,128,9401102,136,8,1088,global_svd,1e-10,1152,1.0588235294117647,8.470588235294118,True,7.6299998909235e-05,snapshot only,7.141065266388156e-16,6.661338147750939e-16
full_feedback_n8_T128_s9401102,full_feedback,8,128,9401102,136,8,1088,pivoted_qr_repeated_basis,1e-10,1288,1.1838235294117647,9.470588235294118,True,5.6299963034689426e-05,snapshot only,3.1419401034453076e-16,3.677613769070831e-16
full_feedback_n8_T128_s9401102,full_feedback,8,128,9401102,136,8,1088,supported_group_factors,1e-10,1112,1.0220588235294117,8.176470588235293,True,0.000661000027321279,snapshot only,0.0,0.0
full_feedback_n8_T128_s9401102,full_feedback,8,128,9401102,136,8,1088,owner_block_factors,1e-10,1168,1.0735294117647058,8.588235294117647,True,0.0013737000990658998,snapshot only,0.0,0.0
full_feedback_n8_T128_s9401102,full_feedback,8,128,9401102,136,8,1088,kronecker_shared_input_basis,1e-10,1112,1.0220588235294117,8.176470588235293,True,0.0006436998955905437,snapshot only,0.0,0.0
full_feedback_n8_T128_s9401102,full_feedback,8,128,9401102,136,8,1088,immediate_support_exact_slice_plus_svd_residual,1e-10,1432,1.3161764705882353,10.529411764705882,True,9.750004392117262e-05,snapshot only,6.0359101193688015e-16,4.440892098500626e-16
full_feedback_n8_T128_s9401102,full_feedback,8,128,9401102,136,8,1088,local_eligibility_plus_svd_residual,1e-10,1432,1.3161764705882353,10.529411764705882,True,8.779997006058693e-05,snapshot only,4.334515917907459e-16,3.400058012914542e-16
full_feedback_n8_T128_s9401102,full_feedback,8,128,9401102,136,8,1088,global_svd,1e-12,1152,1.0588235294117647,8.470588235294118,True,7.609999738633633e-05,snapshot only,7.141065266388156e-16,6.661338147750939e-16
full_feedback_n8_T128_s9401102,full_feedback,8,128,9401102,136,8,1088,pivoted_qr_repeated_basis,1e-12,1288,1.1838235294117647,9.470588235294118,True,5.139992572367191e-05,snapshot only,3.1419401034453076e-16,3.677613769070831e-16
full_feedback_n8_T128_s9401102,full_feedback,8,128,9401102,136,8,1088,supported_group_factors,1e-12,1112,1.0220588235294117,8.176470588235293,True,0.0006614000303670764,snapshot only,0.0,0.0
full_feedback_n8_T128_s9401102,full_feedback,8,128,9401102,136,8,1088,owner_block_factors,1e-12,1168,1.0735294117647058,8.588235294117647,True,0.0013988999417051673,snapshot only,0.0,0.0
full_feedback_n8_T128_s9401102,full_feedback,8,128,9401102,136,8,1088,kronecker_shared_input_basis,1e-12,1112,1.0220588235294117,8.176470588235293,True,0.0006480000447481871,snapshot only,0.0,0.0
full_feedback_n8_T128_s9401102,full_feedback,8,128,9401102,136,8,1088,immediate_support_exact_slice_plus_svd_residual,1e-12,1432,1.3161764705882353,10.529411764705882,True,9.459990542382002e-05,snapshot only,6.0359101193688015e-16,4.440892098500626e-16
full_feedback_n8_T128_s9401102,full_feedback,8,128,9401102,136,8,1088,local_eligibility_plus_svd_residual,1e-12,1432,1.3161764705882353,10.529411764705882,True,8.769996929913759e-05,snapshot only,4.334515917907459e-16,3.400058012914542e-16
full_feedback_n8_T128_s9401103,full_feedback,8,128,9401103,136,8,1088,full_matrix,1e-08,1088,1.0,8.0,True,5.00003807246685e-07,online baseline,0.0,0.0
full_feedback_n8_T128_s9401103,full_feedback,8,128,9401103,136,8,1088,coordinate_sparse,1e-08,2176,2.0,16.0,True,1.659989356994629e-05,snapshot only,0.0,0.0
full_feedback_n8_T128_s9401103,full_feedback,8,128,9401103,136,8,1088,block_sparse_triangular,1e-08,1232,1.1323529411764706,9.058823529411764,True,1.6200006939470768e-05,known closed online block recurrence,0.0,0.0
full_feedback_n8_T128_s9401103,full_feedback,8,128,9401103,136,8,1088,global_svd,1e-08,1152,1.0588235294117647,8.470588235294118,True,0.00010419997852295637,snapshot only,8.208048699944801e-16,8.881784197001252e-16
full_feedback_n8_T128_s9401103,full_feedback,8,128,9401103,136,8,1088,pivoted_qr_repeated_basis,1e-08,1288,1.1838235294117647,9.470588235294118,True,6.38000201433897e-05,snapshot only,3.602437600955605e-16,3.400058012914542e-16
full_feedback_n8_T128_s9401103,full_feedback,8,128,9401103,136,8,1088,supported_group_factors,1e-08,1112,1.0220588235294117,8.176470588235293,True,0.0006855999818071723,snapshot only,0.0,0.0
full_feedback_n8_T128_s9401103,full_feedback,8,128,9401103,136,8,1088,owner_block_factors,1e-08,1168,1.0735294117647058,8.588235294117647,True,0.0013826999347656965,snapshot only,0.0,0.0
full_feedback_n8_T128_s9401103,full_feedback,8,128,9401103,136,8,1088,kronecker_shared_input_basis,1e-08,1112,1.0220588235294117,8.176470588235293,True,0.000647400040179491,snapshot only,0.0,0.0
full_feedback_n8_T128_s9401103,full_feedback,8,128,9401103,136,8,1088,immediate_support_exact_slice_plus_svd_residual,1e-08,1432,1.3161764705882353,10.529411764705882,True,9.26000066101551e-05,snapshot only,4.002373850829582e-16,3.3306690738754696e-16
full_feedback_n8_T128_s9401103,full_feedback,8,128,9401103,136,8,1088,local_eligibility_plus_svd_residual,1e-08,1432,1.3161764705882353,10.529411764705882,True,8.749996777623892e-05,snapshot only,3.276929711721559e-16,2.498001805406602e-16
full_feedback_n8_T128_s9401103,full_feedback,8,128,9401103,136,8,1088,global_svd,1e-10,1152,1.0588235294117647,8.470588235294118,True,7.51999905332923e-05,snapshot only,8.208048699944801e-16,8.881784197001252e-16
full_feedback_n8_T128_s9401103,full_feedback,8,128,9401103,136,8,1088,pivoted_qr_repeated_basis,1e-10,1288,1.1838235294117647,9.470588235294118,True,5.509995389729738e-05,snapshot only,3.602437600955605e-16,3.400058012914542e-16
full_feedback_n8_T128_s9401103,full_feedback,8,128,9401103,136,8,1088,supported_group_factors,1e-10,1112,1.0220588235294117,8.176470588235293,True,0.0006648000562563539,snapshot only,0.0,0.0
full_feedback_n8_T128_s9401103,full_feedback,8,128,9401103,136,8,1088,owner_block_factors,1e-10,1168,1.0735294117647058,8.588235294117647,True,0.0013764000032097101,snapshot only,0.0,0.0
full_feedback_n8_T128_s9401103,full_feedback,8,128,9401103,136,8,1088,kronecker_shared_input_basis,1e-10,1112,1.0220588235294117,8.176470588235293,True,0.0006512999534606934,snapshot only,0.0,0.0
full_feedback_n8_T128_s9401103,full_feedback,8,128,9401103,136,8,1088,immediate_support_exact_slice_plus_svd_residual,1e-10,1432,1.3161764705882353,10.529411764705882,True,9.580003097653389e-05,snapshot only,4.002373850829582e-16,3.3306690738754696e-16
full_feedback_n8_T128_s9401103,full_feedback,8,128,9401103,136,8,1088,local_eligibility_plus_svd_residual,1e-10,1432,1.3161764705882353,10.529411764705882,True,8.709996473044157e-05,snapshot only,3.276929711721559e-16,2.498001805406602e-16
full_feedback_n8_T128_s9401103,full_feedback,8,128,9401103,136,8,1088,global_svd,1e-12,1152,1.0588235294117647,8.470588235294118,True,7.51999905332923e-05,snapshot only,8.208048699944801e-16,8.881784197001252e-16
full_feedback_n8_T128_s9401103,full_feedback,8,128,9401103,136,8,1088,pivoted_qr_repeated_basis,1e-12,1288,1.1838235294117647,9.470588235294118,True,5.0600036047399044e-05,snapshot only,3.602437600955605e-16,3.400058012914542e-16
full_feedback_n8_T128_s9401103,full_feedback,8,128,9401103,136,8,1088,supported_group_factors,1e-12,1112,1.0220588235294117,8.176470588235293,True,0.0008142999140545726,snapshot only,0.0,0.0
full_feedback_n8_T128_s9401103,full_feedback,8,128,9401103,136,8,1088,owner_block_factors,1e-12,1168,1.0735294117647058,8.588235294117647,True,0.0015487000346183777,snapshot only,0.0,0.0
full_feedback_n8_T128_s9401103,full_feedback,8,128,9401103,136,8,1088,kronecker_shared_input_basis,1e-12,1112,1.0220588235294117,8.176470588235293,True,0.000763899995945394,snapshot only,0.0,0.0
full_feedback_n8_T128_s9401103,full_feedback,8,128,9401103,136,8,1088,immediate_support_exact_slice_plus_svd_residual,1e-12,1432,1.3161764705882353,10.529411764705882,True,9.750004392117262e-05,snapshot only,4.002373850829582e-16,3.3306690738754696e-16
full_feedback_n8_T128_s9401103,full_feedback,8,128,9401103,136,8,1088,local_eligibility_plus_svd_residual,1e-12,1432,1.3161764705882353,10.529411764705882,True,8.719996549189091e-05,snapshot only,3.276929711721559e-16,2.498001805406602e-16
full_feedback_n8_T128_s9401104,full_feedback,8,128,9401104,136,8,1088,full_matrix,1e-08,1088,1.0,8.0,True,7.00005330145359e-07,online baseline,0.0,0.0
full_feedback_n8_T128_s9401104,full_feedback,8,128,9401104,136,8,1088,coordinate_sparse,1e-08,2176,2.0,16.0,True,1.9900035113096237e-05,snapshot only,0.0,0.0
full_feedback_n8_T128_s9401104,full_feedback,8,128,9401104,136,8,1088,block_sparse_triangular,1e-08,1232,1.1323529411764706,9.058823529411764,True,1.610000617802143e-05,known closed online block recurrence,0.0,0.0
full_feedback_n8_T128_s9401104,full_feedback,8,128,9401104,136,8,1088,global_svd,1e-08,1152,1.0588235294117647,8.470588235294118,True,0.00011330004781484604,snapshot only,2.0477515675891656e-15,2.4147350785597155e-15
full_feedback_n8_T128_s9401104,full_feedback,8,128,9401104,136,8,1088,pivoted_qr_repeated_basis,1e-08,1288,1.1838235294117647,9.470588235294118,True,6.390002090483904e-05,snapshot only,3.1677125764666363e-16,4.440892098500626e-16
full_feedback_n8_T128_s9401104,full_feedback,8,128,9401104,136,8,1088,supported_group_factors,1e-08,1112,1.0220588235294117,8.176470588235293,True,0.0006845000898465514,snapshot only,0.0,0.0
full_feedback_n8_T128_s9401104,full_feedback,8,128,9401104,136,8,1088,owner_block_factors,1e-08,1168,1.0735294117647058,8.588235294117647,True,0.0013982999371364713,snapshot only,0.0,0.0
full_feedback_n8_T128_s9401104,full_feedback,8,128,9401104,136,8,1088,kronecker_shared_input_basis,1e-08,1112,1.0220588235294117,8.176470588235293,True,0.0006503999466076493,snapshot only,0.0,0.0
full_feedback_n8_T128_s9401104,full_feedback,8,128,9401104,136,8,1088,immediate_support_exact_slice_plus_svd_residual,1e-08,1432,1.3161764705882353,10.529411764705882,True,9.699992369860411e-05,snapshot only,3.4432061447537523e-16,3.3306690738754696e-16
full_feedback_n8_T128_s9401104,full_feedback,8,128,9401104,136,8,1088,local_eligibility_plus_svd_residual,1e-08,1432,1.3161764705882353,10.529411764705882,True,8.759996853768826e-05,snapshot only,5.103570053262951e-16,5.551115123125783e-16
full_feedback_n8_T128_s9401104,full_feedback,8,128,9401104,136,8,1088,global_svd,1e-10,1152,1.0588235294117647,8.470588235294118,True,7.6299998909235e-05,snapshot only,2.0477515675891656e-15,2.4147350785597155e-15
full_feedback_n8_T128_s9401104,full_feedback,8,128,9401104,136,8,1088,pivoted_qr_repeated_basis,1e-10,1288,1.1838235294117647,9.470588235294118,True,6.0399994254112244e-05,snapshot only,3.1677125764666363e-16,4.440892098500626e-16
full_feedback_n8_T128_s9401104,full_feedback,8,128,9401104,136,8,1088,supported_group_factors,1e-10,1112,1.0220588235294117,8.176470588235293,True,0.0006697999779134989,snapshot only,0.0,0.0
full_feedback_n8_T128_s9401104,full_feedback,8,128,9401104,136,8,1088,owner_block_factors,1e-10,1168,1.0735294117647058,8.588235294117647,True,0.0013807000359520316,snapshot only,0.0,0.0
full_feedback_n8_T128_s9401104,full_feedback,8,128,9401104,136,8,1088,kronecker_shared_input_basis,1e-10,1112,1.0220588235294117,8.176470588235293,True,0.0006444000173360109,snapshot only,0.0,0.0
full_feedback_n8_T128_s9401104,full_feedback,8,128,9401104,136,8,1088,immediate_support_exact_slice_plus_svd_residual,1e-10,1432,1.3161764705882353,10.529411764705882,True,9.549991227686405e-05,snapshot only,3.4432061447537523e-16,3.3306690738754696e-16
full_feedback_n8_T128_s9401104,full_feedback,8,128,9401104,136,8,1088,local_eligibility_plus_svd_residual,1e-10,1432,1.3161764705882353,10.529411764705882,True,8.789997082203627e-05,snapshot only,5.103570053262951e-16,5.551115123125783e-16
full_feedback_n8_T128_s9401104,full_feedback,8,128,9401104,136,8,1088,global_svd,1e-12,1152,1.0588235294117647,8.470588235294118,True,7.499998901039362e-05,snapshot only,2.0477515675891656e-15,2.4147350785597155e-15
full_feedback_n8_T128_s9401104,full_feedback,8,128,9401104,136,8,1088,pivoted_qr_repeated_basis,1e-12,1288,1.1838235294117647,9.470588235294118,True,5.170004442334175e-05,snapshot only,3.1677125764666363e-16,4.440892098500626e-16
full_feedback_n8_T128_s9401104,full_feedback,8,128,9401104,136,8,1088,supported_group_factors,1e-12,1112,1.0220588235294117,8.176470588235293,True,0.0006543000927194953,snapshot only,0.0,0.0
full_feedback_n8_T128_s9401104,full_feedback,8,128,9401104,136,8,1088,owner_block_factors,1e-12,1168,1.0735294117647058,8.588235294117647,True,0.001389099983498454,snapshot only,0.0,0.0
full_feedback_n8_T128_s9401104,full_feedback,8,128,9401104,136,8,1088,kronecker_shared_input_basis,1e-12,1112,1.0220588235294117,8.176470588235293,True,0.0006494999397546053,snapshot only,0.0,0.0
full_feedback_n8_T128_s9401104,full_feedback,8,128,9401104,136,8,1088,immediate_support_exact_slice_plus_svd_residual,1e-12,1432,1.3161764705882353,10.529411764705882,True,9.660003706812859e-05,snapshot only,3.4432061447537523e-16,3.3306690738754696e-16
full_feedback_n8_T128_s9401104,full_feedback,8,128,9401104,136,8,1088,local_eligibility_plus_svd_residual,1e-12,1432,1.3161764705882353,10.529411764705882,True,8.769996929913759e-05,snapshot only,5.103570053262951e-16,5.551115123125783e-16
full_feedback_n16_T32_s9401100,full_feedback,16,32,9401100,528,16,8448,full_matrix,1e-08,8448,1.0,16.0,True,7.00005330145359e-07,online baseline,0.0,0.0
full_feedback_n16_T32_s9401100,full_feedback,16,32,9401100,528,16,8448,coordinate_sparse,1e-08,16896,2.0,32.0,True,3.250001464039087e-05,snapshot only,0.0,0.0
full_feedback_n16_T32_s9401100,full_feedback,16,32,9401100,528,16,8448,block_sparse_triangular,1e-08,8992,1.0643939393939394,17.03030303030303,True,3.300001844763756e-05,known closed online block recurrence,0.0,0.0
full_feedback_n16_T32_s9401100,full_feedback,16,32,9401100,528,16,8448,global_svd,1e-08,8704,1.0303030303030303,16.484848484848484,True,0.0002664000494405627,snapshot only,1.3974160461467496e-15,1.1102230246251565e-15
full_feedback_n16_T32_s9401100,full_feedback,16,32,9401100,528,16,8448,pivoted_qr_repeated_basis,1e-08,9232,1.0928030303030303,17.484848484848484,True,0.00011060002725571394,snapshot only,3.477987534017488e-16,6.661338147750939e-16
full_feedback_n16_T32_s9401100,full_feedback,16,32,9401100,528,16,8448,supported_group_factors,1e-08,8496,1.0056818181818181,16.09090909090909,True,0.0018122999463230371,snapshot only,0.0,0.0
full_feedback_n16_T32_s9401100,full_feedback,16,32,9401100,528,16,8448,owner_block_factors,1e-08,8736,1.0340909090909092,16.545454545454547,True,0.004287199932150543,snapshot only,0.0,0.0
full_feedback_n16_T32_s9401100,full_feedback,16,32,9401100,528,16,8448,kronecker_shared_input_basis,1e-08,8480,1.003787878787879,16.060606060606062,True,0.001846299972385168,snapshot only,2.832574380786973e-09,1.128518209436713e-09
full_feedback_n16_T32_s9401100,full_feedback,16,32,9401100,528,16,8448,immediate_support_exact_slice_plus_svd_residual,1e-08,9776,1.1571969696969697,18.515151515151516,True,0.0002370999427512288,snapshot only,4.778229295727916e-16,3.608224830031759e-16
full_feedback_n16_T32_s9401100,full_feedback,16,32,9401100,528,16,8448,local_eligibility_plus_svd_residual,1e-08,9776,1.1571969696969697,18.515151515151516,True,0.0002074999501928687,snapshot only,5.95848084317275e-16,3.95516952522712e-16
full_feedback_n16_T32_s9401100,full_feedback,16,32,9401100,528,16,8448,global_svd,1e-10,8704,1.0303030303030303,16.484848484848484,True,0.00018779991660267115,snapshot only,1.3974160461467496e-15,1.1102230246251565e-15
full_feedback_n16_T32_s9401100,full_feedback,16,32,9401100,528,16,8448,pivoted_qr_repeated_basis,1e-10,9232,1.0928030303030303,17.484848484848484,True,0.0001007000682875514,snapshot only,3.477987534017488e-16,6.661338147750939e-16
full_feedback_n16_T32_s9401100,full_feedback,16,32,9401100,528,16,8448,supported_group_factors,1e-10,8496,1.0056818181818181,16.09090909090909,True,0.0017902000108733773,snapshot only,0.0,0.0
full_feedback_n16_T32_s9401100,full_feedback,16,32,9401100,528,16,8448,owner_block_factors,1e-10,8736,1.0340909090909092,16.545454545454547,True,0.003883900004439056,snapshot only,0.0,0.0
full_feedback_n16_T32_s9401100,full_feedback,16,32,9401100,528,16,8448,kronecker_shared_input_basis,1e-10,8496,1.0056818181818181,16.09090909090909,True,0.0017411999870091677,snapshot only,0.0,0.0
full_feedback_n16_T32_s9401100,full_feedback,16,32,9401100,528,16,8448,immediate_support_exact_slice_plus_svd_residual,1e-10,9776,1.1571969696969697,18.515151515151516,True,0.0002133999951183796,snapshot only,4.778229295727916e-16,3.608224830031759e-16
full_feedback_n16_T32_s9401100,full_feedback,16,32,9401100,528,16,8448,local_eligibility_plus_svd_residual,1e-10,9776,1.1571969696969697,18.515151515151516,True,0.0002041999250650406,snapshot only,5.95848084317275e-16,3.95516952522712e-16
full_feedback_n16_T32_s9401100,full_feedback,16,32,9401100,528,16,8448,global_svd,1e-12,8704,1.0303030303030303,16.484848484848484,True,0.0005619999719783664,snapshot only,1.3974160461467496e-15,1.1102230246251565e-15
full_feedback_n16_T32_s9401100,full_feedback,16,32,9401100,528,16,8448,pivoted_qr_repeated_basis,1e-12,9232,1.0928030303030303,17.484848484848484,True,0.000112100038677454,snapshot only,3.477987534017488e-16,6.661338147750939e-16
full_feedback_n16_T32_s9401100,full_feedback,16,32,9401100,528,16,8448,supported_group_factors,1e-12,8496,1.0056818181818181,16.09090909090909,True,0.0018820000113919377,snapshot only,0.0,0.0
full_feedback_n16_T32_s9401100,full_feedback,16,32,9401100,528,16,8448,owner_block_factors,1e-12,8736,1.0340909090909092,16.545454545454547,True,0.0038899999344721437,snapshot only,0.0,0.0
full_feedback_n16_T32_s9401100,full_feedback,16,32,9401100,528,16,8448,kronecker_shared_input_basis,1e-12,8496,1.0056818181818181,16.09090909090909,True,0.001769399968907237,snapshot only,0.0,0.0
full_feedback_n16_T32_s9401100,full_feedback,16,32,9401100,528,16,8448,immediate_support_exact_slice_plus_svd_residual,1e-12,9776,1.1571969696969697,18.515151515151516,True,0.00021189998369663954,snapshot only,4.778229295727916e-16,3.608224830031759e-16
full_feedback_n16_T32_s9401100,full_feedback,16,32,9401100,528,16,8448,local_eligibility_plus_svd_residual,1e-12,9776,1.1571969696969697,18.515151515151516,True,0.00020480004604905844,snapshot only,5.95848084317275e-16,3.95516952522712e-16
full_feedback_n16_T32_s9401101,full_feedback,16,32,9401101,528,16,8448,full_matrix,1e-08,8448,1.0,16.0,True,6.00004568696022e-07,online baseline,0.0,0.0
full_feedback_n16_T32_s9401101,full_feedback,16,32,9401101,528,16,8448,coordinate_sparse,1e-08,16896,2.0,32.0,True,3.1400006264448166e-05,snapshot only,0.0,0.0
full_feedback_n16_T32_s9401101,full_feedback,16,32,9401101,528,16,8448,block_sparse_triangular,1e-08,8992,1.0643939393939394,17.03030303030303,True,3.3100019209086895e-05,known closed online block recurrence,0.0,0.0
full_feedback_n16_T32_s9401101,full_feedback,16,32,9401101,528,16,8448,global_svd,1e-08,8704,1.0303030303030303,16.484848484848484,True,0.0002442999975755811,snapshot only,2.628955394479059e-15,3.58046925441613e-15
full_feedback_n16_T32_s9401101,full_feedback,16,32,9401101,528,16,8448,pivoted_qr_repeated_basis,1e-08,9232,1.0928030303030303,17.484848484848484,True,0.0001129999291151762,snapshot only,4.572970245718041e-16,6.661338147750939e-16
full_feedback_n16_T32_s9401101,full_feedback,16,32,9401101,528,16,8448,supported_group_factors,1e-08,8496,1.0056818181818181,16.09090909090909,True,0.0018131999531760812,snapshot only,0.0,0.0
full_feedback_n16_T32_s9401101,full_feedback,16,32,9401101,528,16,8448,owner_block_factors,1e-08,8736,1.0340909090909092,16.545454545454547,True,0.003955999971367419,snapshot only,0.0,0.0
full_feedback_n16_T32_s9401101,full_feedback,16,32,9401101,528,16,8448,kronecker_shared_input_basis,1e-08,8496,1.0056818181818181,16.09090909090909,True,0.00177650002297014,snapshot only,0.0,0.0
full_feedback_n16_T32_s9401101,full_feedback,16,32,9401101,528,16,8448,immediate_support_exact_slice_plus_svd_residual,1e-08,9776,1.1571969696969697,18.515151515151516,True,0.0002095999661833048,snapshot only,4.3140085710805403e-16,3.608224830031759e-16
full_feedback_n16_T32_s9401101,full_feedback,16,32,9401101,528,16,8448,local_eligibility_plus_svd_residual,1e-08,9776,1.1571969696969697,18.515151515151516,True,0.00021399999968707561,snapshot only,8.167318886400356e-16,5.412337245047638e-16
full_feedback_n16_T32_s9401101,full_feedback,16,32,9401101,528,16,8448,global_svd,1e-10,8704,1.0303030303030303,16.484848484848484,True,0.00019150006119161844,snapshot only,2.628955394479059e-15,3.58046925441613e-15
full_feedback_n16_T32_s9401101,full_feedback,16,32,9401101,528,16,8448,pivoted_qr_repeated_basis,1e-10,9232,1.0928030303030303,17.484848484848484,True,0.00010489998385310173,snapshot only,4.572970245718041e-16,6.661338147750939e-16
full_feedback_n16_T32_s9401101,full_feedback,16,32,9401101,528,16,8448,supported_group_factors,1e-10,8496,1.0056818181818181,16.09090909090909,True,0.0017802000511437654,snapshot only,0.0,0.0
full_feedback_n16_T32_s9401101,full_feedback,16,32,9401101,528,16,8448,owner_block_factors,1e-10,8736,1.0340909090909092,16.545454545454547,True,0.0039001000113785267,snapshot only,0.0,0.0
full_feedback_n16_T32_s9401101,full_feedback,16,32,9401101,528,16,8448,kronecker_shared_input_basis,1e-10,8496,1.0056818181818181,16.09090909090909,True,0.0017576999962329865,snapshot only,0.0,0.0
full_feedback_n16_T32_s9401101,full_feedback,16,32,9401101,528,16,8448,immediate_support_exact_slice_plus_svd_residual,1e-10,9776,1.1571969696969697,18.515151515151516,True,0.00020999996922910213,snapshot only,4.3140085710805403e-16,3.608224830031759e-16
full_feedback_n16_T32_s9401101,full_feedback,16,32,9401101,528,16,8448,local_eligibility_plus_svd_residual,1e-10,9776,1.1571969696969697,18.515151515151516,True,0.00021410000044852495,snapshot only,8.167318886400356e-16,5.412337245047638e-16
full_feedback_n16_T32_s9401101,full_feedback,16,32,9401101,528,16,8448,global_svd,1e-12,8704,1.0303030303030303,16.484848484848484,True,0.00018749991431832314,snapshot only,2.628955394479059e-15,3.58046925441613e-15
full_feedback_n16_T32_s9401101,full_feedback,16,32,9401101,528,16,8448,pivoted_qr_repeated_basis,1e-12,9232,1.0928030303030303,17.484848484848484,True,0.00010280008427798748,snapshot only,4.572970245718041e-16,6.661338147750939e-16
full_feedback_n16_T32_s9401101,full_feedback,16,32,9401101,528,16,8448,supported_group_factors,1e-12,8496,1.0056818181818181,16.09090909090909,True,0.0017697000876069069,snapshot only,0.0,0.0
full_feedback_n16_T32_s9401101,full_feedback,16,32,9401101,528,16,8448,owner_block_factors,1e-12,8736,1.0340909090909092,16.545454545454547,True,0.004129400011152029,snapshot only,0.0,0.0
full_feedback_n16_T32_s9401101,full_feedback,16,32,9401101,528,16,8448,kronecker_shared_input_basis,1e-12,8496,1.0056818181818181,16.09090909090909,True,0.0017920000245794654,snapshot only,0.0,0.0
full_feedback_n16_T32_s9401101,full_feedback,16,32,9401101,528,16,8448,immediate_support_exact_slice_plus_svd_residual,1e-12,9776,1.1571969696969697,18.515151515151516,True,0.00021470000501722097,snapshot only,4.3140085710805403e-16,3.608224830031759e-16
full_feedback_n16_T32_s9401101,full_feedback,16,32,9401101,528,16,8448,local_eligibility_plus_svd_residual,1e-12,9776,1.1571969696969697,18.515151515151516,True,0.00022469996474683285,snapshot only,8.167318886400356e-16,5.412337245047638e-16
full_feedback_n16_T32_s9401102,full_feedback,16,32,9401102,528,16,8448,full_matrix,1e-08,8448,1.0,16.0,True,7.00005330145359e-07,online baseline,0.0,0.0
full_feedback_n16_T32_s9401102,full_feedback,16,32,9401102,528,16,8448,coordinate_sparse,1e-08,16896,2.0,32.0,True,3.6499928683042526e-05,snapshot only,0.0,0.0
full_feedback_n16_T32_s9401102,full_feedback,16,32,9401102,528,16,8448,block_sparse_triangular,1e-08,8992,1.0643939393939394,17.03030303030303,True,3.569992259144783e-05,known closed online block recurrence,0.0,0.0
full_feedback_n16_T32_s9401102,full_feedback,16,32,9401102,528,16,8448,global_svd,1e-08,8704,1.0303030303030303,16.484848484848484,True,0.000291600008495152,snapshot only,3.437946294618071e-15,2.921274333544943e-15
full_feedback_n16_T32_s9401102,full_feedback,16,32,9401102,528,16,8448,pivoted_qr_repeated_basis,1e-08,9232,1.0928030303030303,17.484848484848484,True,0.00012919993605464697,snapshot only,4.631031026012277e-16,6.661338147750939e-16
full_feedback_n16_T32_s9401102,full_feedback,16,32,9401102,528,16,8448,supported_group_factors,1e-08,8496,1.0056818181818181,16.09090909090909,True,0.0020296999718993902,snapshot only,0.0,0.0
full_feedback_n16_T32_s9401102,full_feedback,16,32,9401102,528,16,8448,owner_block_factors,1e-08,8736,1.0340909090909092,16.545454545454547,True,0.0044056999031454325,snapshot only,0.0,0.0
full_feedback_n16_T32_s9401102,full_feedback,16,32,9401102,528,16,8448,kronecker_shared_input_basis,1e-08,8496,1.0056818181818181,16.09090909090909,True,0.0020261999452486634,snapshot only,0.0,0.0
full_feedback_n16_T32_s9401102,full_feedback,16,32,9401102,528,16,8448,immediate_support_exact_slice_plus_svd_residual,1e-08,9776,1.1571969696969697,18.515151515151516,True,0.00023450003936886787,snapshot only,5.086484439070165e-16,4.163336342344337e-16
full_feedback_n16_T32_s9401102,full_feedback,16,32,9401102,528,16,8448,local_eligibility_plus_svd_residual,1e-08,9776,1.1571969696969697,18.515151515151516,True,0.00032079999800771475,snapshot only,6.162677841640923e-16,6.661338147750939e-16
full_feedback_n16_T32_s9401102,full_feedback,16,32,9401102,528,16,8448,global_svd,1e-10,8704,1.0303030303030303,16.484848484848484,True,0.00020140002015978098,snapshot only,3.437946294618071e-15,2.921274333544943e-15
full_feedback_n16_T32_s9401102,full_feedback,16,32,9401102,528,16,8448,pivoted_qr_repeated_basis,1e-10,9232,1.0928030303030303,17.484848484848484,True,0.00013120006769895554,snapshot only,4.631031026012277e-16,6.661338147750939e-16
full_feedback_n16_T32_s9401102,full_feedback,16,32,9401102,528,16,8448,supported_group_factors,1e-10,8496,1.0056818181818181,16.09090909090909,True,0.0019583000103011727,snapshot only,0.0,0.0
full_feedback_n16_T32_s9401102,full_feedback,16,32,9401102,528,16,8448,owner_block_factors,1e-10,8736,1.0340909090909092,16.545454545454547,True,0.0039425999857485294,snapshot only,0.0,0.0
full_feedback_n16_T32_s9401102,full_feedback,16,32,9401102,528,16,8448,kronecker_shared_input_basis,1e-10,8496,1.0056818181818181,16.09090909090909,True,0.001808099914342165,snapshot only,0.0,0.0
full_feedback_n16_T32_s9401102,full_feedback,16,32,9401102,528,16,8448,immediate_support_exact_slice_plus_svd_residual,1e-10,9776,1.1571969696969697,18.515151515151516,True,0.0002199000446125865,snapshot only,5.086484439070165e-16,4.163336342344337e-16
full_feedback_n16_T32_s9401102,full_feedback,16,32,9401102,528,16,8448,local_eligibility_plus_svd_residual,1e-10,9776,1.1571969696969697,18.515151515151516,True,0.00023840006906539202,snapshot only,6.162677841640923e-16,6.661338147750939e-16
full_feedback_n16_T32_s9401102,full_feedback,16,32,9401102,528,16,8448,global_svd,1e-12,8704,1.0303030303030303,16.484848484848484,True,0.0002077000681310892,snapshot only,3.437946294618071e-15,2.921274333544943e-15
full_feedback_n16_T32_s9401102,full_feedback,16,32,9401102,528,16,8448,pivoted_qr_repeated_basis,1e-12,9232,1.0928030303030303,17.484848484848484,True,0.00011679995805025101,snapshot only,4.631031026012277e-16,6.661338147750939e-16
full_feedback_n16_T32_s9401102,full_feedback,16,32,9401102,528,16,8448,supported_group_factors,1e-12,8496,1.0056818181818181,16.09090909090909,True,0.0019487000536173582,snapshot only,0.0,0.0
full_feedback_n16_T32_s9401102,full_feedback,16,32,9401102,528,16,8448,owner_block_factors,1e-12,8736,1.0340909090909092,16.545454545454547,True,0.004536099964752793,snapshot only,0.0,0.0
full_feedback_n16_T32_s9401102,full_feedback,16,32,9401102,528,16,8448,kronecker_shared_input_basis,1e-12,8496,1.0056818181818181,16.09090909090909,True,0.002045300090685487,snapshot only,0.0,0.0
full_feedback_n16_T32_s9401102,full_feedback,16,32,9401102,528,16,8448,immediate_support_exact_slice_plus_svd_residual,1e-12,9776,1.1571969696969697,18.515151515151516,True,0.00022149994038045406,snapshot only,5.086484439070165e-16,4.163336342344337e-16
full_feedback_n16_T32_s9401102,full_feedback,16,32,9401102,528,16,8448,local_eligibility_plus_svd_residual,1e-12,9776,1.1571969696969697,18.515151515151516,True,0.00021129997912794352,snapshot only,6.162677841640923e-16,6.661338147750939e-16
full_feedback_n16_T32_s9401103,full_feedback,16,32,9401103,528,16,8448,full_matrix,1e-08,8448,1.0,16.0,True,9.00006853044033e-07,online baseline,0.0,0.0
full_feedback_n16_T32_s9401103,full_feedback,16,32,9401103,528,16,8448,coordinate_sparse,1e-08,16896,2.0,32.0,True,3.329990431666374e-05,snapshot only,0.0,0.0
full_feedback_n16_T32_s9401103,full_feedback,16,32,9401103,528,16,8448,block_sparse_triangular,1e-08,8992,1.0643939393939394,17.03030303030303,True,3.400002606213093e-05,known closed online block recurrence,0.0,0.0
full_feedback_n16_T32_s9401103,full_feedback,16,32,9401103,528,16,8448,global_svd,1e-08,8704,1.0303030303030303,16.484848484848484,True,0.00024800002574920654,snapshot only,1.7475250202908847e-15,1.5543122344752192e-15
full_feedback_n16_T32_s9401103,full_feedback,16,32,9401103,528,16,8448,pivoted_qr_repeated_basis,1e-08,9232,1.0928030303030303,17.484848484848484,True,0.0001218999968841672,snapshot only,4.3166059075533125e-16,4.996003610813204e-16
full_feedback_n16_T32_s9401103,full_feedback,16,32,9401103,528,16,8448,supported_group_factors,1e-08,8496,1.0056818181818181,16.09090909090909,True,0.0018978000152856112,snapshot only,0.0,0.0
full_feedback_n16_T32_s9401103,full_feedback,16,32,9401103,528,16,8448,owner_block_factors,1e-08,8736,1.0340909090909092,16.545454545454547,True,0.0039428999880328774,snapshot only,0.0,0.0
full_feedback_n16_T32_s9401103,full_feedback,16,32,9401103,528,16,8448,kronecker_shared_input_basis,1e-08,8496,1.0056818181818181,16.09090909090909,True,0.0017757000168785453,snapshot only,0.0,0.0
full_feedback_n16_T32_s9401103,full_feedback,16,32,9401103,528,16,8448,immediate_support_exact_slice_plus_svd_residual,1e-08,9776,1.1571969696969697,18.515151515151516,True,0.00037540006451308727,snapshot only,5.211230265269558e-16,4.0245584642661925e-16
full_feedback_n16_T32_s9401103,full_feedback,16,32,9401103,528,16,8448,local_eligibility_plus_svd_residual,1e-08,9776,1.1571969696969697,18.515151515151516,True,0.00024309998843818903,snapshot only,8.314662973082262e-16,5.828670879282072e-16
full_feedback_n16_T32_s9401103,full_feedback,16,32,9401103,528,16,8448,global_svd,1e-10,8704,1.0303030303030303,16.484848484848484,True,0.00019150006119161844,snapshot only,1.7475250202908847e-15,1.5543122344752192e-15
full_feedback_n16_T32_s9401103,full_feedback,16,32,9401103,528,16,8448,pivoted_qr_repeated_basis,1e-10,9232,1.0928030303030303,17.484848484848484,True,0.00012440001592040062,snapshot only,4.3166059075533125e-16,4.996003610813204e-16
full_feedback_n16_T32_s9401103,full_feedback,16,32,9401103,528,16,8448,supported_group_factors,1e-10,8496,1.0056818181818181,16.09090909090909,True,0.001855999929830432,snapshot only,0.0,0.0
full_feedback_n16_T32_s9401103,full_feedback,16,32,9401103,528,16,8448,owner_block_factors,1e-10,8736,1.0340909090909092,16.545454545454547,True,0.0041371999541297555,snapshot only,0.0,0.0
full_feedback_n16_T32_s9401103,full_feedback,16,32,9401103,528,16,8448,kronecker_shared_input_basis,1e-10,8496,1.0056818181818181,16.09090909090909,True,0.0017936000367626548,snapshot only,0.0,0.0
full_feedback_n16_T32_s9401103,full_feedback,16,32,9401103,528,16,8448,immediate_support_exact_slice_plus_svd_residual,1e-10,9776,1.1571969696969697,18.515151515151516,True,0.00028199993539601564,snapshot only,5.211230265269558e-16,4.0245584642661925e-16
full_feedback_n16_T32_s9401103,full_feedback,16,32,9401103,528,16,8448,local_eligibility_plus_svd_residual,1e-10,9776,1.1571969696969697,18.515151515151516,True,0.0002445999998599291,snapshot only,8.314662973082262e-16,5.828670879282072e-16
full_feedback_n16_T32_s9401103,full_feedback,16,32,9401103,528,16,8448,global_svd,1e-12,8704,1.0303030303030303,16.484848484848484,True,0.00019399996381253004,snapshot only,1.7475250202908847e-15,1.5543122344752192e-15
full_feedback_n16_T32_s9401103,full_feedback,16,32,9401103,528,16,8448,pivoted_qr_repeated_basis,1e-12,9232,1.0928030303030303,17.484848484848484,True,0.00010840001050382853,snapshot only,4.3166059075533125e-16,4.996003610813204e-16
full_feedback_n16_T32_s9401103,full_feedback,16,32,9401103,528,16,8448,supported_group_factors,1e-12,8496,1.0056818181818181,16.09090909090909,True,0.0019668000750243664,snapshot only,0.0,0.0
full_feedback_n16_T32_s9401103,full_feedback,16,32,9401103,528,16,8448,owner_block_factors,1e-12,8736,1.0340909090909092,16.545454545454547,True,0.0040822000009939075,snapshot only,0.0,0.0
full_feedback_n16_T32_s9401103,full_feedback,16,32,9401103,528,16,8448,kronecker_shared_input_basis,1e-12,8496,1.0056818181818181,16.09090909090909,True,0.0017842999659478664,snapshot only,0.0,0.0
full_feedback_n16_T32_s9401103,full_feedback,16,32,9401103,528,16,8448,immediate_support_exact_slice_plus_svd_residual,1e-12,9776,1.1571969696969697,18.515151515151516,True,0.00021810003090649843,snapshot only,5.211230265269558e-16,4.0245584642661925e-16
full_feedback_n16_T32_s9401103,full_feedback,16,32,9401103,528,16,8448,local_eligibility_plus_svd_residual,1e-12,9776,1.1571969696969697,18.515151515151516,True,0.00021849991753697395,snapshot only,8.314662973082262e-16,5.828670879282072e-16
full_feedback_n16_T32_s9401104,full_feedback,16,32,9401104,528,16,8448,full_matrix,1e-08,8448,1.0,16.0,True,6.00004568696022e-07,online baseline,0.0,0.0
full_feedback_n16_T32_s9401104,full_feedback,16,32,9401104,528,16,8448,coordinate_sparse,1e-08,16896,2.0,32.0,True,3.100000321865082e-05,snapshot only,0.0,0.0
full_feedback_n16_T32_s9401104,full_feedback,16,32,9401104,528,16,8448,block_sparse_triangular,1e-08,8992,1.0643939393939394,17.03030303030303,True,3.5400036722421646e-05,known closed online block recurrence,0.0,0.0
full_feedback_n16_T32_s9401104,full_feedback,16,32,9401104,528,16,8448,global_svd,1e-08,8704,1.0303030303030303,16.484848484848484,True,0.0003085000207647681,snapshot only,2.476646450039125e-15,2.4424906541753444e-15
full_feedback_n16_T32_s9401104,full_feedback,16,32,9401104,528,16,8448,pivoted_qr_repeated_basis,1e-08,9232,1.0928030303030303,17.484848484848484,True,0.00013639999087899923,snapshot only,4.2241406055523803e-16,5.551115123125783e-16
full_feedback_n16_T32_s9401104,full_feedback,16,32,9401104,528,16,8448,supported_group_factors,1e-08,8496,1.0056818181818181,16.09090909090909,True,0.0020488000009208918,snapshot only,0.0,0.0
full_feedback_n16_T32_s9401104,full_feedback,16,32,9401104,528,16,8448,owner_block_factors,1e-08,8736,1.0340909090909092,16.545454545454547,True,0.004528900026343763,snapshot only,0.0,0.0
full_feedback_n16_T32_s9401104,full_feedback,16,32,9401104,528,16,8448,kronecker_shared_input_basis,1e-08,8496,1.0056818181818181,16.09090909090909,True,0.0018483999883756042,snapshot only,0.0,0.0
full_feedback_n16_T32_s9401104,full_feedback,16,32,9401104,528,16,8448,immediate_support_exact_slice_plus_svd_residual,1e-08,9776,1.1571969696969697,18.515151515151516,True,0.00030830001924186945,snapshot only,7.085650035099899e-16,5.551115123125783e-16
full_feedback_n16_T32_s9401104,full_feedback,16,32,9401104,528,16,8448,local_eligibility_plus_svd_residual,1e-08,9776,1.1571969696969697,18.515151515151516,True,0.0002269999822601676,snapshot only,1.0157798447468815e-15,1.1553258350005535e-15
full_feedback_n16_T32_s9401104,full_feedback,16,32,9401104,528,16,8448,global_svd,1e-10,8704,1.0303030303030303,16.484848484848484,True,0.0001949999714270234,snapshot only,2.476646450039125e-15,2.4424906541753444e-15
full_feedback_n16_T32_s9401104,full_feedback,16,32,9401104,528,16,8448,pivoted_qr_repeated_basis,1e-10,9232,1.0928030303030303,17.484848484848484,True,0.00011589995119720697,snapshot only,4.2241406055523803e-16,5.551115123125783e-16
full_feedback_n16_T32_s9401104,full_feedback,16,32,9401104,528,16,8448,supported_group_factors,1e-10,8496,1.0056818181818181,16.09090909090909,True,0.001816999982111156,snapshot only,0.0,0.0
full_feedback_n16_T32_s9401104,full_feedback,16,32,9401104,528,16,8448,owner_block_factors,1e-10,8736,1.0340909090909092,16.545454545454547,True,0.004520399961620569,snapshot only,0.0,0.0
full_feedback_n16_T32_s9401104,full_feedback,16,32,9401104,528,16,8448,kronecker_shared_input_basis,1e-10,8496,1.0056818181818181,16.09090909090909,True,0.0017682000761851668,snapshot only,0.0,0.0
full_feedback_n16_T32_s9401104,full_feedback,16,32,9401104,528,16,8448,immediate_support_exact_slice_plus_svd_residual,1e-10,9776,1.1571969696969697,18.515151515151516,True,0.00021359999664127827,snapshot only,7.085650035099899e-16,5.551115123125783e-16
full_feedback_n16_T32_s9401104,full_feedback,16,32,9401104,528,16,8448,local_eligibility_plus_svd_residual,1e-10,9776,1.1571969696969697,18.515151515151516,True,0.00021489989012479782,snapshot only,1.0157798447468815e-15,1.1553258350005535e-15
full_feedback_n16_T32_s9401104,full_feedback,16,32,9401104,528,16,8448,global_svd,1e-12,8704,1.0303030303030303,16.484848484848484,True,0.0001919999485835433,snapshot only,2.476646450039125e-15,2.4424906541753444e-15
full_feedback_n16_T32_s9401104,full_feedback,16,32,9401104,528,16,8448,pivoted_qr_repeated_basis,1e-12,9232,1.0928030303030303,17.484848484848484,True,0.00010870001278817654,snapshot only,4.2241406055523803e-16,5.551115123125783e-16
full_feedback_n16_T32_s9401104,full_feedback,16,32,9401104,528,16,8448,supported_group_factors,1e-12,8496,1.0056818181818181,16.09090909090909,True,0.0017464000266045332,snapshot only,0.0,0.0
full_feedback_n16_T32_s9401104,full_feedback,16,32,9401104,528,16,8448,owner_block_factors,1e-12,8736,1.0340909090909092,16.545454545454547,True,0.0038474000757560134,snapshot only,0.0,0.0
full_feedback_n16_T32_s9401104,full_feedback,16,32,9401104,528,16,8448,kronecker_shared_input_basis,1e-12,8496,1.0056818181818181,16.09090909090909,True,0.001986999996006489,snapshot only,0.0,0.0
full_feedback_n16_T32_s9401104,full_feedback,16,32,9401104,528,16,8448,immediate_support_exact_slice_plus_svd_residual,1e-12,9776,1.1571969696969697,18.515151515151516,True,0.00022489996626973152,snapshot only,7.085650035099899e-16,5.551115123125783e-16
full_feedback_n16_T32_s9401104,full_feedback,16,32,9401104,528,16,8448,local_eligibility_plus_svd_residual,1e-12,9776,1.1571969696969697,18.515151515151516,True,0.0003021999727934599,snapshot only,1.0157798447468815e-15,1.1553258350005535e-15
full_feedback_n16_T128_s9401100,full_feedback,16,128,9401100,528,16,8448,full_matrix,1e-08,8448,1.0,16.0,True,7.00005330145359e-07,online baseline,0.0,0.0
full_feedback_n16_T128_s9401100,full_feedback,16,128,9401100,528,16,8448,coordinate_sparse,1e-08,16896,2.0,32.0,True,3.190001007169485e-05,snapshot only,0.0,0.0
full_feedback_n16_T128_s9401100,full_feedback,16,128,9401100,528,16,8448,block_sparse_triangular,1e-08,8992,1.0643939393939394,17.03030303030303,True,3.430002834647894e-05,known closed online block recurrence,0.0,0.0
full_feedback_n16_T128_s9401100,full_feedback,16,128,9401100,528,16,8448,global_svd,1e-08,8704,1.0303030303030303,16.484848484848484,True,0.00025949999690055847,snapshot only,1.2185430541078953e-15,1.3322676295501878e-15
full_feedback_n16_T128_s9401100,full_feedback,16,128,9401100,528,16,8448,pivoted_qr_repeated_basis,1e-08,9232,1.0928030303030303,17.484848484848484,True,0.0001183999702334404,snapshot only,3.900706873417238e-16,4.440892098500626e-16
full_feedback_n16_T128_s9401100,full_feedback,16,128,9401100,528,16,8448,supported_group_factors,1e-08,8496,1.0056818181818181,16.09090909090909,True,0.0019018999300897121,snapshot only,0.0,0.0
full_feedback_n16_T128_s9401100,full_feedback,16,128,9401100,528,16,8448,owner_block_factors,1e-08,8736,1.0340909090909092,16.545454545454547,True,0.0039166000206023455,snapshot only,0.0,0.0
full_feedback_n16_T128_s9401100,full_feedback,16,128,9401100,528,16,8448,kronecker_shared_input_basis,1e-08,8496,1.0056818181818181,16.09090909090909,True,0.0017725999932736158,snapshot only,0.0,0.0
full_feedback_n16_T128_s9401100,full_feedback,16,128,9401100,528,16,8448,immediate_support_exact_slice_plus_svd_residual,1e-08,9776,1.1571969696969697,18.515151515151516,True,0.00024940003640949726,snapshot only,5.65861214239884e-16,4.440892098500626e-16
full_feedback_n16_T128_s9401100,full_feedback,16,128,9401100,528,16,8448,local_eligibility_plus_svd_residual,1e-08,9776,1.1571969696969697,18.515151515151516,True,0.00020919996313750744,snapshot only,1.0504230636598435e-15,8.881784197001252e-16
full_feedback_n16_T128_s9401100,full_feedback,16,128,9401100,528,16,8448,global_svd,1e-10,8704,1.0303030303030303,16.484848484848484,True,0.0001846998929977417,snapshot only,1.2185430541078953e-15,1.3322676295501878e-15
full_feedback_n16_T128_s9401100,full_feedback,16,128,9401100,528,16,8448,pivoted_qr_repeated_basis,1e-10,9232,1.0928030303030303,17.484848484848484,True,0.00010110007133334875,snapshot only,3.900706873417238e-16,4.440892098500626e-16
full_feedback_n16_T128_s9401100,full_feedback,16,128,9401100,528,16,8448,supported_group_factors,1e-10,8496,1.0056818181818181,16.09090909090909,True,0.0017812000587582588,snapshot only,0.0,0.0
full_feedback_n16_T128_s9401100,full_feedback,16,128,9401100,528,16,8448,owner_block_factors,1e-10,8736,1.0340909090909092,16.545454545454547,True,0.003931800019927323,snapshot only,0.0,0.0
full_feedback_n16_T128_s9401100,full_feedback,16,128,9401100,528,16,8448,kronecker_shared_input_basis,1e-10,8496,1.0056818181818181,16.09090909090909,True,0.0017691999673843384,snapshot only,0.0,0.0
full_feedback_n16_T128_s9401100,full_feedback,16,128,9401100,528,16,8448,immediate_support_exact_slice_plus_svd_residual,1e-10,9776,1.1571969696969697,18.515151515151516,True,0.00020839995704591274,snapshot only,5.65861214239884e-16,4.440892098500626e-16
full_feedback_n16_T128_s9401100,full_feedback,16,128,9401100,528,16,8448,local_eligibility_plus_svd_residual,1e-10,9776,1.1571969696969697,18.515151515151516,True,0.00020600005518645048,snapshot only,1.0504230636598435e-15,8.881784197001252e-16
full_feedback_n16_T128_s9401100,full_feedback,16,128,9401100,528,16,8448,global_svd,1e-12,8704,1.0303030303030303,16.484848484848484,True,0.00018440000712871552,snapshot only,1.2185430541078953e-15,1.3322676295501878e-15
full_feedback_n16_T128_s9401100,full_feedback,16,128,9401100,528,16,8448,pivoted_qr_repeated_basis,1e-12,9232,1.0928030303030303,17.484848484848484,True,0.00010439998004585505,snapshot only,3.900706873417238e-16,4.440892098500626e-16
full_feedback_n16_T128_s9401100,full_feedback,16,128,9401100,528,16,8448,supported_group_factors,1e-12,8496,1.0056818181818181,16.09090909090909,True,0.0017725999932736158,snapshot only,0.0,0.0
full_feedback_n16_T128_s9401100,full_feedback,16,128,9401100,528,16,8448,owner_block_factors,1e-12,8736,1.0340909090909092,16.545454545454547,True,0.003936899942345917,snapshot only,0.0,0.0
full_feedback_n16_T128_s9401100,full_feedback,16,128,9401100,528,16,8448,kronecker_shared_input_basis,1e-12,8496,1.0056818181818181,16.09090909090909,True,0.001760800019837916,snapshot only,0.0,0.0
full_feedback_n16_T128_s9401100,full_feedback,16,128,9401100,528,16,8448,immediate_support_exact_slice_plus_svd_residual,1e-12,9776,1.1571969696969697,18.515151515151516,True,0.00020809995476156473,snapshot only,5.65861214239884e-16,4.440892098500626e-16
full_feedback_n16_T128_s9401100,full_feedback,16,128,9401100,528,16,8448,local_eligibility_plus_svd_residual,1e-12,9776,1.1571969696969697,18.515151515151516,True,0.0002367000561207533,snapshot only,1.0504230636598435e-15,8.881784197001252e-16
full_feedback_n16_T128_s9401101,full_feedback,16,128,9401101,528,16,8448,full_matrix,1e-08,8448,1.0,16.0,True,7.00005330145359e-07,online baseline,0.0,0.0
full_feedback_n16_T128_s9401101,full_feedback,16,128,9401101,528,16,8448,coordinate_sparse,1e-08,16896,2.0,32.0,True,2.8400099836289883e-05,snapshot only,0.0,0.0
full_feedback_n16_T128_s9401101,full_feedback,16,128,9401101,528,16,8448,block_sparse_triangular,1e-08,8992,1.0643939393939394,17.03030303030303,True,3.350002225488424e-05,known closed online block recurrence,0.0,0.0
full_feedback_n16_T128_s9401101,full_feedback,16,128,9401101,528,16,8448,global_svd,1e-08,8704,1.0303030303030303,16.484848484848484,True,0.00022869999520480633,snapshot only,1.787691531019038e-15,1.6237011735142914e-15
full_feedback_n16_T128_s9401101,full_feedback,16,128,9401101,528,16,8448,pivoted_qr_repeated_basis,1e-08,9232,1.0928030303030303,17.484848484848484,True,0.00011399993672966957,snapshot only,5.059851064582084e-16,4.440892098500626e-16
full_feedback_n16_T128_s9401101,full_feedback,16,128,9401101,528,16,8448,supported_group_factors,1e-08,8496,1.0056818181818181,16.09090909090909,True,0.0018176999874413013,snapshot only,0.0,0.0
full_feedback_n16_T128_s9401101,full_feedback,16,128,9401101,528,16,8448,owner_block_factors,1e-08,8736,1.0340909090909092,16.545454545454547,True,0.003913599997758865,snapshot only,0.0,0.0
full_feedback_n16_T128_s9401101,full_feedback,16,128,9401101,528,16,8448,kronecker_shared_input_basis,1e-08,8496,1.0056818181818181,16.09090909090909,True,0.0017860999796539545,snapshot only,0.0,0.0
full_feedback_n16_T128_s9401101,full_feedback,16,128,9401101,528,16,8448,immediate_support_exact_slice_plus_svd_residual,1e-08,9776,1.1571969696969697,18.515151515151516,True,0.00021460000425577164,snapshot only,6.920853844272167e-16,5.828670879282072e-16
full_feedback_n16_T128_s9401101,full_feedback,16,128,9401101,528,16,8448,local_eligibility_plus_svd_residual,1e-08,9776,1.1571969696969697,18.515151515151516,True,0.0002044999273493886,snapshot only,6.021227181769833e-16,5.134781488891349e-16
full_feedback_n16_T128_s9401101,full_feedback,16,128,9401101,528,16,8448,global_svd,1e-10,8704,1.0303030303030303,16.484848484848484,True,0.00019669998437166214,snapshot only,1.787691531019038e-15,1.6237011735142914e-15
full_feedback_n16_T128_s9401101,full_feedback,16,128,9401101,528,16,8448,pivoted_qr_repeated_basis,1e-10,9232,1.0928030303030303,17.484848484848484,True,0.0001086000120267272,snapshot only,5.059851064582084e-16,4.440892098500626e-16
full_feedback_n16_T128_s9401101,full_feedback,16,128,9401101,528,16,8448,supported_group_factors,1e-10,8496,1.0056818181818181,16.09090909090909,True,0.0018060000147670507,snapshot only,0.0,0.0
full_feedback_n16_T128_s9401101,full_feedback,16,128,9401101,528,16,8448,owner_block_factors,1e-10,8736,1.0340909090909092,16.545454545454547,True,0.003939999965950847,snapshot only,0.0,0.0
full_feedback_n16_T128_s9401101,full_feedback,16,128,9401101,528,16,8448,kronecker_shared_input_basis,1e-10,8496,1.0056818181818181,16.09090909090909,True,0.001981699955649674,snapshot only,0.0,0.0
full_feedback_n16_T128_s9401101,full_feedback,16,128,9401101,528,16,8448,immediate_support_exact_slice_plus_svd_residual,1e-10,9776,1.1571969696969697,18.515151515151516,True,0.00021309999283403158,snapshot only,6.920853844272167e-16,5.828670879282072e-16
full_feedback_n16_T128_s9401101,full_feedback,16,128,9401101,528,16,8448,local_eligibility_plus_svd_residual,1e-10,9776,1.1571969696969697,18.515151515151516,True,0.0002047000452876091,snapshot only,6.021227181769833e-16,5.134781488891349e-16
full_feedback_n16_T128_s9401101,full_feedback,16,128,9401101,528,16,8448,global_svd,1e-12,8704,1.0303030303030303,16.484848484848484,True,0.00018440000712871552,snapshot only,1.787691531019038e-15,1.6237011735142914e-15
full_feedback_n16_T128_s9401101,full_feedback,16,128,9401101,528,16,8448,pivoted_qr_repeated_basis,1e-12,9232,1.0928030303030303,17.484848484848484,True,0.00010269996710121632,snapshot only,5.059851064582084e-16,4.440892098500626e-16
full_feedback_n16_T128_s9401101,full_feedback,16,128,9401101,528,16,8448,supported_group_factors,1e-12,8496,1.0056818181818181,16.09090909090909,True,0.0017854999750852585,snapshot only,0.0,0.0
full_feedback_n16_T128_s9401101,full_feedback,16,128,9401101,528,16,8448,owner_block_factors,1e-12,8736,1.0340909090909092,16.545454545454547,True,0.003880599979311228,snapshot only,0.0,0.0
full_feedback_n16_T128_s9401101,full_feedback,16,128,9401101,528,16,8448,kronecker_shared_input_basis,1e-12,8496,1.0056818181818181,16.09090909090909,True,0.001824700040742755,snapshot only,0.0,0.0
full_feedback_n16_T128_s9401101,full_feedback,16,128,9401101,528,16,8448,immediate_support_exact_slice_plus_svd_residual,1e-12,9776,1.1571969696969697,18.515151515151516,True,0.00021240010391920805,snapshot only,6.920853844272167e-16,5.828670879282072e-16
full_feedback_n16_T128_s9401101,full_feedback,16,128,9401101,528,16,8448,local_eligibility_plus_svd_residual,1e-12,9776,1.1571969696969697,18.515151515151516,True,0.00020270003005862236,snapshot only,6.021227181769833e-16,5.134781488891349e-16
full_feedback_n16_T128_s9401102,full_feedback,16,128,9401102,528,16,8448,full_matrix,1e-08,8448,1.0,16.0,True,6.00004568696022e-07,online baseline,0.0,0.0
full_feedback_n16_T128_s9401102,full_feedback,16,128,9401102,528,16,8448,coordinate_sparse,1e-08,16896,2.0,32.0,True,2.9799994081258774e-05,snapshot only,0.0,0.0
full_feedback_n16_T128_s9401102,full_feedback,16,128,9401102,528,16,8448,block_sparse_triangular,1e-08,8992,1.0643939393939394,17.03030303030303,True,0.00010069995187222958,known closed online block recurrence,0.0,0.0
full_feedback_n16_T128_s9401102,full_feedback,16,128,9401102,528,16,8448,global_svd,1e-08,8704,1.0303030303030303,16.484848484848484,True,0.0003437000559642911,snapshot only,2.534761693110296e-15,2.095545958979983e-15
full_feedback_n16_T128_s9401102,full_feedback,16,128,9401102,528,16,8448,pivoted_qr_repeated_basis,1e-08,9232,1.0928030303030303,17.484848484848484,True,0.00013609998859465122,snapshot only,4.3259440760939286e-16,5.238864897449957e-16
full_feedback_n16_T128_s9401102,full_feedback,16,128,9401102,528,16,8448,supported_group_factors,1e-08,8496,1.0056818181818181,16.09090909090909,True,0.0018447000766173005,snapshot only,0.0,0.0
full_feedback_n16_T128_s9401102,full_feedback,16,128,9401102,528,16,8448,owner_block_factors,1e-08,8736,1.0340909090909092,16.545454545454547,True,0.004003699985332787,snapshot only,0.0,0.0
full_feedback_n16_T128_s9401102,full_feedback,16,128,9401102,528,16,8448,kronecker_shared_input_basis,1e-08,8496,1.0056818181818181,16.09090909090909,True,0.0018533999100327492,snapshot only,0.0,0.0
full_feedback_n16_T128_s9401102,full_feedback,16,128,9401102,528,16,8448,immediate_support_exact_slice_plus_svd_residual,1e-08,9776,1.1571969696969697,18.515151515151516,True,0.00022010004613548517,snapshot only,6.117556574236493e-16,4.718447854656915e-16
full_feedback_n16_T128_s9401102,full_feedback,16,128,9401102,528,16,8448,local_eligibility_plus_svd_residual,1e-08,9776,1.1571969696969697,18.515151515151516,True,0.00020789995323866606,snapshot only,9.486634911505898e-16,9.159339953157541e-16
full_feedback_n16_T128_s9401102,full_feedback,16,128,9401102,528,16,8448,global_svd,1e-10,8704,1.0303030303030303,16.484848484848484,True,0.0001865000231191516,snapshot only,2.534761693110296e-15,2.095545958979983e-15
full_feedback_n16_T128_s9401102,full_feedback,16,128,9401102,528,16,8448,pivoted_qr_repeated_basis,1e-10,9232,1.0928030303030303,17.484848484848484,True,0.00010579999070614576,snapshot only,4.3259440760939286e-16,5.238864897449957e-16
full_feedback_n16_T128_s9401102,full_feedback,16,128,9401102,528,16,8448,supported_group_factors,1e-10,8496,1.0056818181818181,16.09090909090909,True,0.0017994000809267163,snapshot only,0.0,0.0
full_feedback_n16_T128_s9401102,full_feedback,16,128,9401102,528,16,8448,owner_block_factors,1e-10,8736,1.0340909090909092,16.545454545454547,True,0.004020799999125302,snapshot only,0.0,0.0
full_feedback_n16_T128_s9401102,full_feedback,16,128,9401102,528,16,8448,kronecker_shared_input_basis,1e-10,8496,1.0056818181818181,16.09090909090909,True,0.0017834999598562717,snapshot only,0.0,0.0
full_feedback_n16_T128_s9401102,full_feedback,16,128,9401102,528,16,8448,immediate_support_exact_slice_plus_svd_residual,1e-10,9776,1.1571969696969697,18.515151515151516,True,0.00021399999968707561,snapshot only,6.117556574236493e-16,4.718447854656915e-16
full_feedback_n16_T128_s9401102,full_feedback,16,128,9401102,528,16,8448,local_eligibility_plus_svd_residual,1e-10,9776,1.1571969696969697,18.515151515151516,True,0.00020840007346123457,snapshot only,9.486634911505898e-16,9.159339953157541e-16
full_feedback_n16_T128_s9401102,full_feedback,16,128,9401102,528,16,8448,global_svd,1e-12,8704,1.0303030303030303,16.484848484848484,True,0.0001860000193119049,snapshot only,2.534761693110296e-15,2.095545958979983e-15
full_feedback_n16_T128_s9401102,full_feedback,16,128,9401102,528,16,8448,pivoted_qr_repeated_basis,1e-12,9232,1.0928030303030303,17.484848484848484,True,0.00010089995339512825,snapshot only,4.3259440760939286e-16,5.238864897449957e-16
full_feedback_n16_T128_s9401102,full_feedback,16,128,9401102,528,16,8448,supported_group_factors,1e-12,8496,1.0056818181818181,16.09090909090909,True,0.0017704999772831798,snapshot only,0.0,0.0
full_feedback_n16_T128_s9401102,full_feedback,16,128,9401102,528,16,8448,owner_block_factors,1e-12,8736,1.0340909090909092,16.545454545454547,True,0.0038746000500395894,snapshot only,0.0,0.0
full_feedback_n16_T128_s9401102,full_feedback,16,128,9401102,528,16,8448,kronecker_shared_input_basis,1e-12,8496,1.0056818181818181,16.09090909090909,True,0.001792200026102364,snapshot only,0.0,0.0
full_feedback_n16_T128_s9401102,full_feedback,16,128,9401102,528,16,8448,immediate_support_exact_slice_plus_svd_residual,1e-12,9776,1.1571969696969697,18.515151515151516,True,0.000522000016644597,snapshot only,6.117556574236493e-16,4.718447854656915e-16
full_feedback_n16_T128_s9401102,full_feedback,16,128,9401102,528,16,8448,local_eligibility_plus_svd_residual,1e-12,9776,1.1571969696969697,18.515151515151516,True,0.00023040000814944506,snapshot only,9.486634911505898e-16,9.159339953157541e-16
full_feedback_n16_T128_s9401103,full_feedback,16,128,9401103,528,16,8448,full_matrix,1e-08,8448,1.0,16.0,True,8.00006091594696e-07,online baseline,0.0,0.0
full_feedback_n16_T128_s9401103,full_feedback,16,128,9401103,528,16,8448,coordinate_sparse,1e-08,16896,2.0,32.0,True,3.390002530068159e-05,snapshot only,0.0,0.0
full_feedback_n16_T128_s9401103,full_feedback,16,128,9401103,528,16,8448,block_sparse_triangular,1e-08,8992,1.0643939393939394,17.03030303030303,True,3.5800039768218994e-05,known closed online block recurrence,0.0,0.0
full_feedback_n16_T128_s9401103,full_feedback,16,128,9401103,528,16,8448,global_svd,1e-08,8704,1.0303030303030303,16.484848484848484,True,0.00027220009360462427,snapshot only,2.360513719417793e-15,1.6375789613221059e-15
full_feedback_n16_T128_s9401103,full_feedback,16,128,9401103,528,16,8448,pivoted_qr_repeated_basis,1e-08,9232,1.0928030303030303,17.484848484848484,True,0.00013719999697059393,snapshot only,4.830696678259777e-16,4.579669976578771e-16
full_feedback_n16_T128_s9401103,full_feedback,16,128,9401103,528,16,8448,supported_group_factors,1e-08,8496,1.0056818181818181,16.09090909090909,True,0.0018842000281438231,snapshot only,0.0,0.0
full_feedback_n16_T128_s9401103,full_feedback,16,128,9401103,528,16,8448,owner_block_factors,1e-08,8736,1.0340909090909092,16.545454545454547,True,0.003986599971540272,snapshot only,0.0,0.0
full_feedback_n16_T128_s9401103,full_feedback,16,128,9401103,528,16,8448,kronecker_shared_input_basis,1e-08,8496,1.0056818181818181,16.09090909090909,True,0.0018118999432772398,snapshot only,0.0,0.0
full_feedback_n16_T128_s9401103,full_feedback,16,128,9401103,528,16,8448,immediate_support_exact_slice_plus_svd_residual,1e-08,9776,1.1571969696969697,18.515151515151516,True,0.00022739998530596495,snapshot only,9.297363401693807e-16,7.494005416219807e-16
full_feedback_n16_T128_s9401103,full_feedback,16,128,9401103,528,16,8448,local_eligibility_plus_svd_residual,1e-08,9776,1.1571969696969697,18.515151515151516,True,0.00022849999368190765,snapshot only,8.295147811986273e-16,5.967448757360216e-16
full_feedback_n16_T128_s9401103,full_feedback,16,128,9401103,528,16,8448,global_svd,1e-10,8704,1.0303030303030303,16.484848484848484,True,0.00019869999960064888,snapshot only,2.360513719417793e-15,1.6375789613221059e-15
full_feedback_n16_T128_s9401103,full_feedback,16,128,9401103,528,16,8448,pivoted_qr_repeated_basis,1e-10,9232,1.0928030303030303,17.484848484848484,True,0.0001221999991685152,snapshot only,4.830696678259777e-16,4.579669976578771e-16
full_feedback_n16_T128_s9401103,full_feedback,16,128,9401103,528,16,8448,supported_group_factors,1e-10,8496,1.0056818181818181,16.09090909090909,True,0.001961300033144653,snapshot only,0.0,0.0
full_feedback_n16_T128_s9401103,full_feedback,16,128,9401103,528,16,8448,owner_block_factors,1e-10,8736,1.0340909090909092,16.545454545454547,True,0.003936300054192543,snapshot only,0.0,0.0
full_feedback_n16_T128_s9401103,full_feedback,16,128,9401103,528,16,8448,kronecker_shared_input_basis,1e-10,8496,1.0056818181818181,16.09090909090909,True,0.0018013999797403812,snapshot only,0.0,0.0
full_feedback_n16_T128_s9401103,full_feedback,16,128,9401103,528,16,8448,immediate_support_exact_slice_plus_svd_residual,1e-10,9776,1.1571969696969697,18.515151515151516,True,0.00021759991068392992,snapshot only,9.297363401693807e-16,7.494005416219807e-16
full_feedback_n16_T128_s9401103,full_feedback,16,128,9401103,528,16,8448,local_eligibility_plus_svd_residual,1e-10,9776,1.1571969696969697,18.515151515151516,True,0.00021089997608214617,snapshot only,8.295147811986273e-16,5.967448757360216e-16
full_feedback_n16_T128_s9401103,full_feedback,16,128,9401103,528,16,8448,global_svd,1e-12,8704,1.0303030303030303,16.484848484848484,True,0.00018829992040991783,snapshot only,2.360513719417793e-15,1.6375789613221059e-15
full_feedback_n16_T128_s9401103,full_feedback,16,128,9401103,528,16,8448,pivoted_qr_repeated_basis,1e-12,9232,1.0928030303030303,17.484848484848484,True,0.00011060002725571394,snapshot only,4.830696678259777e-16,4.579669976578771e-16
full_feedback_n16_T128_s9401103,full_feedback,16,128,9401103,528,16,8448,supported_group_factors,1e-12,8496,1.0056818181818181,16.09090909090909,True,0.0018026999896392226,snapshot only,0.0,0.0
full_feedback_n16_T128_s9401103,full_feedback,16,128,9401103,528,16,8448,owner_block_factors,1e-12,8736,1.0340909090909092,16.545454545454547,True,0.004163800040259957,snapshot only,0.0,0.0
full_feedback_n16_T128_s9401103,full_feedback,16,128,9401103,528,16,8448,kronecker_shared_input_basis,1e-12,8496,1.0056818181818181,16.09090909090909,True,0.001891199965029955,snapshot only,0.0,0.0
full_feedback_n16_T128_s9401103,full_feedback,16,128,9401103,528,16,8448,immediate_support_exact_slice_plus_svd_residual,1e-12,9776,1.1571969696969697,18.515151515151516,True,0.0003370000049471855,snapshot only,9.297363401693807e-16,7.494005416219807e-16
full_feedback_n16_T128_s9401103,full_feedback,16,128,9401103,528,16,8448,local_eligibility_plus_svd_residual,1e-12,9776,1.1571969696969697,18.515151515151516,True,0.00021900003775954247,snapshot only,8.295147811986273e-16,5.967448757360216e-16
full_feedback_n16_T128_s9401104,full_feedback,16,128,9401104,528,16,8448,full_matrix,1e-08,8448,1.0,16.0,True,5.00003807246685e-07,online baseline,0.0,0.0
full_feedback_n16_T128_s9401104,full_feedback,16,128,9401104,528,16,8448,coordinate_sparse,1e-08,16896,2.0,32.0,True,2.9399991035461426e-05,snapshot only,0.0,0.0
full_feedback_n16_T128_s9401104,full_feedback,16,128,9401104,528,16,8448,block_sparse_triangular,1e-08,8992,1.0643939393939394,17.03030303030303,True,3.290001768618822e-05,known closed online block recurrence,0.0,0.0
full_feedback_n16_T128_s9401104,full_feedback,16,128,9401104,528,16,8448,global_svd,1e-08,8704,1.0303030303030303,16.484848484848484,True,0.0002612998941913247,snapshot only,3.131119887281202e-15,3.2335245592207684e-15
full_feedback_n16_T128_s9401104,full_feedback,16,128,9401104,528,16,8448,pivoted_qr_repeated_basis,1e-08,9232,1.0928030303030303,17.484848484848484,True,0.00011639995500445366,snapshot only,4.258097850006441e-16,5.551115123125783e-16
full_feedback_n16_T128_s9401104,full_feedback,16,128,9401104,528,16,8448,supported_group_factors,1e-08,8496,1.0056818181818181,16.09090909090909,True,0.001868200022727251,snapshot only,0.0,0.0
full_feedback_n16_T128_s9401104,full_feedback,16,128,9401104,528,16,8448,owner_block_factors,1e-08,8736,1.0340909090909092,16.545454545454547,True,0.003919600043445826,snapshot only,0.0,0.0
full_feedback_n16_T128_s9401104,full_feedback,16,128,9401104,528,16,8448,kronecker_shared_input_basis,1e-08,8496,1.0056818181818181,16.09090909090909,True,0.0018567000515758991,snapshot only,0.0,0.0
full_feedback_n16_T128_s9401104,full_feedback,16,128,9401104,528,16,8448,immediate_support_exact_slice_plus_svd_residual,1e-08,9776,1.1571969696969697,18.515151515151516,True,0.00022009992972016335,snapshot only,9.293760782960496e-16,9.992007221626409e-16
full_feedback_n16_T128_s9401104,full_feedback,16,128,9401104,528,16,8448,local_eligibility_plus_svd_residual,1e-08,9776,1.1571969696969697,18.515151515151516,True,0.0002090999623760581,snapshot only,4.480809704930606e-16,4.996003610813204e-16
full_feedback_n16_T128_s9401104,full_feedback,16,128,9401104,528,16,8448,global_svd,1e-10,8704,1.0303030303030303,16.484848484848484,True,0.00018450000789016485,snapshot only,3.131119887281202e-15,3.2335245592207684e-15
full_feedback_n16_T128_s9401104,full_feedback,16,128,9401104,528,16,8448,pivoted_qr_repeated_basis,1e-10,9232,1.0928030303030303,17.484848484848484,True,0.00010109995491802692,snapshot only,4.258097850006441e-16,5.551115123125783e-16
full_feedback_n16_T128_s9401104,full_feedback,16,128,9401104,528,16,8448,supported_group_factors,1e-10,8496,1.0056818181818181,16.09090909090909,True,0.0018369000172242522,snapshot only,0.0,0.0
full_feedback_n16_T128_s9401104,full_feedback,16,128,9401104,528,16,8448,owner_block_factors,1e-10,8736,1.0340909090909092,16.545454545454547,True,0.003889600047841668,snapshot only,0.0,0.0
full_feedback_n16_T128_s9401104,full_feedback,16,128,9401104,528,16,8448,kronecker_shared_input_basis,1e-10,8496,1.0056818181818181,16.09090909090909,True,0.0017606999026611447,snapshot only,0.0,0.0
full_feedback_n16_T128_s9401104,full_feedback,16,128,9401104,528,16,8448,immediate_support_exact_slice_plus_svd_residual,1e-10,9776,1.1571969696969697,18.515151515151516,True,0.0002125999890267849,snapshot only,9.293760782960496e-16,9.992007221626409e-16
full_feedback_n16_T128_s9401104,full_feedback,16,128,9401104,528,16,8448,local_eligibility_plus_svd_residual,1e-10,9776,1.1571969696969697,18.515151515151516,True,0.00021430000197142363,snapshot only,4.480809704930606e-16,4.996003610813204e-16
full_feedback_n16_T128_s9401104,full_feedback,16,128,9401104,528,16,8448,global_svd,1e-12,8704,1.0303030303030303,16.484848484848484,True,0.00027030007913708687,snapshot only,3.131119887281202e-15,3.2335245592207684e-15
full_feedback_n16_T128_s9401104,full_feedback,16,128,9401104,528,16,8448,pivoted_qr_repeated_basis,1e-12,9232,1.0928030303030303,17.484848484848484,True,0.00010170007590204477,snapshot only,4.258097850006441e-16,5.551115123125783e-16
full_feedback_n16_T128_s9401104,full_feedback,16,128,9401104,528,16,8448,supported_group_factors,1e-12,8496,1.0056818181818181,16.09090909090909,True,0.0018585000652819872,snapshot only,0.0,0.0
full_feedback_n16_T128_s9401104,full_feedback,16,128,9401104,528,16,8448,owner_block_factors,1e-12,8736,1.0340909090909092,16.545454545454547,True,0.003903700038790703,snapshot only,0.0,0.0
full_feedback_n16_T128_s9401104,full_feedback,16,128,9401104,528,16,8448,kronecker_shared_input_basis,1e-12,8496,1.0056818181818181,16.09090909090909,True,0.001800800091587007,snapshot only,0.0,0.0
full_feedback_n16_T128_s9401104,full_feedback,16,128,9401104,528,16,8448,immediate_support_exact_slice_plus_svd_residual,1e-12,9776,1.1571969696969697,18.515151515151516,True,0.0002136999974027276,snapshot only,9.293760782960496e-16,9.992007221626409e-16
full_feedback_n16_T128_s9401104,full_feedback,16,128,9401104,528,16,8448,local_eligibility_plus_svd_residual,1e-12,9776,1.1571969696969697,18.515151515151516,True,0.00020929996389895678,snapshot only,4.480809704930606e-16,4.996003610813204e-16
deep3_n8_T32_s9401100,deep3,8,32,9401100,408,24,9792,full_matrix,1e-08,9792,1.0,24.0,True,7.00005330145359e-07,online baseline,0.0,0.0
deep3_n8_T32_s9401100,deep3,8,32,9401100,408,24,9792,coordinate_sparse,1e-08,13056,1.3333333333333333,32.0,True,2.720009069889784e-05,snapshot only,0.0,0.0
deep3_n8_T32_s9401100,deep3,8,32,9401100,408,24,9792,block_sparse_triangular,1e-08,6984,0.7132352941176471,17.11764705882353,True,4.4199987314641476e-05,known closed online block recurrence,0.0,0.0
deep3_n8_T32_s9401100,deep3,8,32,9401100,408,24,9792,global_svd,1e-08,10368,1.0588235294117647,25.41176470588235,True,0.00036830001045018435,snapshot only,1.6001663513147868e-15,1.5543122344752192e-15
deep3_n8_T32_s9401100,deep3,8,32,9401100,408,24,9792,pivoted_qr_repeated_basis,1e-08,10776,1.1004901960784315,26.41176470588235,True,0.00017770007252693176,snapshot only,3.9574781322814906e-16,6.661338147750939e-16
deep3_n8_T32_s9401100,deep3,8,32,9401100,408,24,9792,supported_group_factors,1e-08,6672,0.6813725490196079,16.352941176470587,True,0.003298899973742664,snapshot only,0.0,0.0
deep3_n8_T32_s9401100,deep3,8,32,9401100,408,24,9792,owner_block_factors,1e-08,7008,0.7156862745098039,17.176470588235293,True,0.005215900018811226,snapshot only,0.0,0.0
deep3_n8_T32_s9401100,deep3,8,32,9401100,408,24,9792,kronecker_shared_input_basis,1e-08,6672,0.6813725490196079,16.352941176470587,True,0.0030067000770941377,snapshot only,0.0,0.0
deep3_n8_T32_s9401100,deep3,8,32,9401100,408,24,9792,immediate_support_exact_slice_plus_svd_residual,1e-08,14664,1.4975490196078431,35.94117647058823,True,0.0002989999484270811,snapshot only,4.850523433947169e-16,5.603156827405087e-16
deep3_n8_T32_s9401100,deep3,8,32,9401100,408,24,9792,local_eligibility_plus_svd_residual,1e-08,14664,1.4975490196078431,35.94117647058823,True,0.00029009999707341194,snapshot only,8.1044633226141785e-16,7.355227538141662e-16
deep3_n8_T32_s9401100,deep3,8,32,9401100,408,24,9792,global_svd,1e-10,10368,1.0588235294117647,25.41176470588235,True,0.00046199990902096033,snapshot only,1.6001663513147868e-15,1.5543122344752192e-15
deep3_n8_T32_s9401100,deep3,8,32,9401100,408,24,9792,pivoted_qr_repeated_basis,1e-10,10776,1.1004901960784315,26.41176470588235,True,0.0001474000746384263,snapshot only,3.9574781322814906e-16,6.661338147750939e-16
deep3_n8_T32_s9401100,deep3,8,32,9401100,408,24,9792,supported_group_factors,1e-10,6672,0.6813725490196079,16.352941176470587,True,0.0033010999904945493,snapshot only,0.0,0.0
deep3_n8_T32_s9401100,deep3,8,32,9401100,408,24,9792,owner_block_factors,1e-10,7008,0.7156862745098039,17.176470588235293,True,0.005244600004516542,snapshot only,0.0,0.0
deep3_n8_T32_s9401100,deep3,8,32,9401100,408,24,9792,kronecker_shared_input_basis,1e-10,6672,0.6813725490196079,16.352941176470587,True,0.0030218000756576657,snapshot only,0.0,0.0
deep3_n8_T32_s9401100,deep3,8,32,9401100,408,24,9792,immediate_support_exact_slice_plus_svd_residual,1e-10,14664,1.4975490196078431,35.94117647058823,True,0.00027710001450031996,snapshot only,4.850523433947169e-16,5.603156827405087e-16
deep3_n8_T32_s9401100,deep3,8,32,9401100,408,24,9792,local_eligibility_plus_svd_residual,1e-10,14664,1.4975490196078431,35.94117647058823,True,0.0002911000046879053,snapshot only,8.1044633226141785e-16,7.355227538141662e-16
deep3_n8_T32_s9401100,deep3,8,32,9401100,408,24,9792,global_svd,1e-12,10368,1.0588235294117647,25.41176470588235,True,0.0003677000058814883,snapshot only,1.6001663513147868e-15,1.5543122344752192e-15
deep3_n8_T32_s9401100,deep3,8,32,9401100,408,24,9792,pivoted_qr_repeated_basis,1e-12,10776,1.1004901960784315,26.41176470588235,True,0.00014319992624223232,snapshot only,3.9574781322814906e-16,6.661338147750939e-16
deep3_n8_T32_s9401100,deep3,8,32,9401100,408,24,9792,supported_group_factors,1e-12,6672,0.6813725490196079,16.352941176470587,True,0.0032313999254256487,snapshot only,0.0,0.0
deep3_n8_T32_s9401100,deep3,8,32,9401100,408,24,9792,owner_block_factors,1e-12,7008,0.7156862745098039,17.176470588235293,True,0.005202800035476685,snapshot only,0.0,0.0
deep3_n8_T32_s9401100,deep3,8,32,9401100,408,24,9792,kronecker_shared_input_basis,1e-12,6672,0.6813725490196079,16.352941176470587,True,0.0029947999864816666,snapshot only,0.0,0.0
deep3_n8_T32_s9401100,deep3,8,32,9401100,408,24,9792,immediate_support_exact_slice_plus_svd_residual,1e-12,14664,1.4975490196078431,35.94117647058823,True,0.00032929994631558657,snapshot only,4.850523433947169e-16,5.603156827405087e-16
deep3_n8_T32_s9401100,deep3,8,32,9401100,408,24,9792,local_eligibility_plus_svd_residual,1e-12,14664,1.4975490196078431,35.94117647058823,True,0.00029550003819167614,snapshot only,8.1044633226141785e-16,7.355227538141662e-16
deep3_n8_T32_s9401101,deep3,8,32,9401101,408,24,9792,full_matrix,1e-08,9792,1.0,24.0,True,6.00004568696022e-07,online baseline,0.0,0.0
deep3_n8_T32_s9401101,deep3,8,32,9401101,408,24,9792,coordinate_sparse,1e-08,13056,1.3333333333333333,32.0,True,2.6900088414549828e-05,snapshot only,0.0,0.0
deep3_n8_T32_s9401101,deep3,8,32,9401101,408,24,9792,block_sparse_triangular,1e-08,6984,0.7132352941176471,17.11764705882353,True,4.579999949783087e-05,known closed online block recurrence,0.0,0.0
deep3_n8_T32_s9401101,deep3,8,32,9401101,408,24,9792,global_svd,1e-08,10368,1.0588235294117647,25.41176470588235,True,0.0003225000109523535,snapshot only,3.926953463019178e-15,3.7192471324942744e-15
deep3_n8_T32_s9401101,deep3,8,32,9401101,408,24,9792,pivoted_qr_repeated_basis,1e-08,10776,1.1004901960784315,26.41176470588235,True,0.0001428999239578843,snapshot only,4.868508060344446e-16,6.661338147750939e-16
deep3_n8_T32_s9401101,deep3,8,32,9401101,408,24,9792,supported_group_factors,1e-08,6672,0.6813725490196079,16.352941176470587,True,0.0031840000301599503,snapshot only,0.0,0.0
deep3_n8_T32_s9401101,deep3,8,32,9401101,408,24,9792,owner_block_factors,1e-08,7008,0.7156862745098039,17.176470588235293,True,0.005207300069741905,snapshot only,0.0,0.0
deep3_n8_T32_s9401101,deep3,8,32,9401101,408,24,9792,kronecker_shared_input_basis,1e-08,6672,0.6813725490196079,16.352941176470587,True,0.0030494999373331666,snapshot only,0.0,0.0
deep3_n8_T32_s9401101,deep3,8,32,9401101,408,24,9792,immediate_support_exact_slice_plus_svd_residual,1e-08,14664,1.4975490196078431,35.94117647058823,True,0.0002975999377667904,snapshot only,3.3123493539254696e-16,4.440892098500626e-16
deep3_n8_T32_s9401101,deep3,8,32,9401101,408,24,9792,local_eligibility_plus_svd_residual,1e-08,14664,1.4975490196078431,35.94117647058823,True,0.00028929999098181725,snapshot only,7.109202700330507e-16,8.881784197001252e-16
deep3_n8_T32_s9401101,deep3,8,32,9401101,408,24,9792,global_svd,1e-10,10368,1.0588235294117647,25.41176470588235,True,0.00026510003954172134,snapshot only,3.926953463019178e-15,3.7192471324942744e-15
deep3_n8_T32_s9401101,deep3,8,32,9401101,408,24,9792,pivoted_qr_repeated_basis,1e-10,10776,1.1004901960784315,26.41176470588235,True,0.00013210007455199957,snapshot only,4.868508060344446e-16,6.661338147750939e-16
deep3_n8_T32_s9401101,deep3,8,32,9401101,408,24,9792,supported_group_factors,1e-10,6672,0.6813725490196079,16.352941176470587,True,0.0031467999797314405,snapshot only,0.0,0.0
deep3_n8_T32_s9401101,deep3,8,32,9401101,408,24,9792,owner_block_factors,1e-10,7008,0.7156862745098039,17.176470588235293,True,0.0056087999837473035,snapshot only,0.0,0.0
deep3_n8_T32_s9401101,deep3,8,32,9401101,408,24,9792,kronecker_shared_input_basis,1e-10,6672,0.6813725490196079,16.352941176470587,True,0.0030459000263363123,snapshot only,0.0,0.0
deep3_n8_T32_s9401101,deep3,8,32,9401101,408,24,9792,immediate_support_exact_slice_plus_svd_residual,1e-10,14664,1.4975490196078431,35.94117647058823,True,0.00027790002059191465,snapshot only,3.3123493539254696e-16,4.440892098500626e-16
deep3_n8_T32_s9401101,deep3,8,32,9401101,408,24,9792,local_eligibility_plus_svd_residual,1e-10,14664,1.4975490196078431,35.94117647058823,True,0.0002894001081585884,snapshot only,7.109202700330507e-16,8.881784197001252e-16
deep3_n8_T32_s9401101,deep3,8,32,9401101,408,24,9792,global_svd,1e-12,10368,1.0588235294117647,25.41176470588235,True,0.0002666000509634614,snapshot only,3.926953463019178e-15,3.7192471324942744e-15
deep3_n8_T32_s9401101,deep3,8,32,9401101,408,24,9792,pivoted_qr_repeated_basis,1e-12,10776,1.1004901960784315,26.41176470588235,True,0.00013139995280653238,snapshot only,4.868508060344446e-16,6.661338147750939e-16
deep3_n8_T32_s9401101,deep3,8,32,9401101,408,24,9792,supported_group_factors,1e-12,6672,0.6813725490196079,16.352941176470587,True,0.0031288000755012035,snapshot only,0.0,0.0
deep3_n8_T32_s9401101,deep3,8,32,9401101,408,24,9792,owner_block_factors,1e-12,7008,0.7156862745098039,17.176470588235293,True,0.005222899955697358,snapshot only,0.0,0.0
deep3_n8_T32_s9401101,deep3,8,32,9401101,408,24,9792,kronecker_shared_input_basis,1e-12,6672,0.6813725490196079,16.352941176470587,True,0.002964499988593161,snapshot only,0.0,0.0
deep3_n8_T32_s9401101,deep3,8,32,9401101,408,24,9792,immediate_support_exact_slice_plus_svd_residual,1e-12,14664,1.4975490196078431,35.94117647058823,True,0.0002862000837922096,snapshot only,3.3123493539254696e-16,4.440892098500626e-16
deep3_n8_T32_s9401101,deep3,8,32,9401101,408,24,9792,local_eligibility_plus_svd_residual,1e-12,14664,1.4975490196078431,35.94117647058823,True,0.00028709997422993183,snapshot only,7.109202700330507e-16,8.881784197001252e-16
deep3_n8_T32_s9401102,deep3,8,32,9401102,408,24,9792,full_matrix,1e-08,9792,1.0,24.0,True,8.00006091594696e-07,online baseline,0.0,0.0
deep3_n8_T32_s9401102,deep3,8,32,9401102,408,24,9792,coordinate_sparse,1e-08,13056,1.3333333333333333,32.0,True,2.989999484270811e-05,snapshot only,0.0,0.0
deep3_n8_T32_s9401102,deep3,8,32,9401102,408,24,9792,block_sparse_triangular,1e-08,6984,0.7132352941176471,17.11764705882353,True,4.6900007873773575e-05,known closed online block recurrence,0.0,0.0
deep3_n8_T32_s9401102,deep3,8,32,9401102,408,24,9792,global_svd,1e-08,10368,1.0588235294117647,25.41176470588235,True,0.0004224999574944377,snapshot only,2.025360819516692e-15,2.4424906541753444e-15
deep3_n8_T32_s9401102,deep3,8,32,9401102,408,24,9792,pivoted_qr_repeated_basis,1e-08,10776,1.1004901960784315,26.41176470588235,True,0.00018720002844929695,snapshot only,4.4072841057134957e-16,8.881784197001252e-16
deep3_n8_T32_s9401102,deep3,8,32,9401102,408,24,9792,supported_group_factors,1e-08,6672,0.6813725490196079,16.352941176470587,True,0.0034558000043034554,snapshot only,0.0,0.0
deep3_n8_T32_s9401102,deep3,8,32,9401102,408,24,9792,owner_block_factors,1e-08,7008,0.7156862745098039,17.176470588235293,True,0.005364099983125925,snapshot only,0.0,0.0
deep3_n8_T32_s9401102,deep3,8,32,9401102,408,24,9792,kronecker_shared_input_basis,1e-08,6672,0.6813725490196079,16.352941176470587,True,0.003254599985666573,snapshot only,0.0,0.0
deep3_n8_T32_s9401102,deep3,8,32,9401102,408,24,9792,immediate_support_exact_slice_plus_svd_residual,1e-08,14664,1.4975490196078431,35.94117647058823,True,0.0002829000586643815,snapshot only,3.9467316843203964e-16,5.273559366969494e-16
deep3_n8_T32_s9401102,deep3,8,32,9401102,408,24,9792,local_eligibility_plus_svd_residual,1e-08,14664,1.4975490196078431,35.94117647058823,True,0.0002943999134004116,snapshot only,7.042728753233104e-16,7.494005416219807e-16
deep3_n8_T32_s9401102,deep3,8,32,9401102,408,24,9792,global_svd,1e-10,10368,1.0588235294117647,25.41176470588235,True,0.000269399955868721,snapshot only,2.025360819516692e-15,2.4424906541753444e-15
deep3_n8_T32_s9401102,deep3,8,32,9401102,408,24,9792,pivoted_qr_repeated_basis,1e-10,10776,1.1004901960784315,26.41176470588235,True,0.00013789988588541746,snapshot only,4.4072841057134957e-16,8.881784197001252e-16
deep3_n8_T32_s9401102,deep3,8,32,9401102,408,24,9792,supported_group_factors,1e-10,6672,0.6813725490196079,16.352941176470587,True,0.003259300021454692,snapshot only,0.0,0.0
deep3_n8_T32_s9401102,deep3,8,32,9401102,408,24,9792,owner_block_factors,1e-10,7008,0.7156862745098039,17.176470588235293,True,0.005455100093968213,snapshot only,0.0,0.0
deep3_n8_T32_s9401102,deep3,8,32,9401102,408,24,9792,kronecker_shared_input_basis,1e-10,6672,0.6813725490196079,16.352941176470587,True,0.0031061999034136534,snapshot only,0.0,0.0
deep3_n8_T32_s9401102,deep3,8,32,9401102,408,24,9792,immediate_support_exact_slice_plus_svd_residual,1e-10,14664,1.4975490196078431,35.94117647058823,True,0.0002914000069722533,snapshot only,3.9467316843203964e-16,5.273559366969494e-16
deep3_n8_T32_s9401102,deep3,8,32,9401102,408,24,9792,local_eligibility_plus_svd_residual,1e-10,14664,1.4975490196078431,35.94117647058823,True,0.00029260001610964537,snapshot only,7.042728753233104e-16,7.494005416219807e-16
deep3_n8_T32_s9401102,deep3,8,32,9401102,408,24,9792,global_svd,1e-12,10368,1.0588235294117647,25.41176470588235,True,0.00026569992769509554,snapshot only,2.025360819516692e-15,2.4424906541753444e-15
deep3_n8_T32_s9401102,deep3,8,32,9401102,408,24,9792,pivoted_qr_repeated_basis,1e-12,10776,1.1004901960784315,26.41176470588235,True,0.00013569998554885387,snapshot only,4.4072841057134957e-16,8.881784197001252e-16
deep3_n8_T32_s9401102,deep3,8,32,9401102,408,24,9792,supported_group_factors,1e-12,6672,0.6813725490196079,16.352941176470587,True,0.003127500065602362,snapshot only,0.0,0.0
deep3_n8_T32_s9401102,deep3,8,32,9401102,408,24,9792,owner_block_factors,1e-12,7008,0.7156862745098039,17.176470588235293,True,0.005218200036324561,snapshot only,0.0,0.0
deep3_n8_T32_s9401102,deep3,8,32,9401102,408,24,9792,kronecker_shared_input_basis,1e-12,6672,0.6813725490196079,16.352941176470587,True,0.0032592000206932425,snapshot only,0.0,0.0
deep3_n8_T32_s9401102,deep3,8,32,9401102,408,24,9792,immediate_support_exact_slice_plus_svd_residual,1e-12,14664,1.4975490196078431,35.94117647058823,True,0.0002855999628081918,snapshot only,3.9467316843203964e-16,5.273559366969494e-16
deep3_n8_T32_s9401102,deep3,8,32,9401102,408,24,9792,local_eligibility_plus_svd_residual,1e-12,14664,1.4975490196078431,35.94117647058823,True,0.00028959999326616526,snapshot only,7.042728753233104e-16,7.494005416219807e-16
deep3_n8_T32_s9401103,deep3,8,32,9401103,408,24,9792,full_matrix,1e-08,9792,1.0,24.0,True,6.00004568696022e-07,online baseline,0.0,0.0
deep3_n8_T32_s9401103,deep3,8,32,9401103,408,24,9792,coordinate_sparse,1e-08,13056,1.3333333333333333,32.0,True,2.9399991035461426e-05,snapshot only,0.0,0.0
deep3_n8_T32_s9401103,deep3,8,32,9401103,408,24,9792,block_sparse_triangular,1e-08,6984,0.7132352941176471,17.11764705882353,True,4.730001091957092e-05,known closed online block recurrence,0.0,0.0
deep3_n8_T32_s9401103,deep3,8,32,9401103,408,24,9792,global_svd,1e-08,10368,1.0588235294117647,25.41176470588235,True,0.0003887999337166548,snapshot only,1.8674917262346667e-15,1.8318679906315083e-15
deep3_n8_T32_s9401103,deep3,8,32,9401103,408,24,9792,pivoted_qr_repeated_basis,1e-08,10776,1.1004901960784315,26.41176470588235,True,0.00020059989765286446,snapshot only,4.913465739662197e-16,5.776139915920788e-16
deep3_n8_T32_s9401103,deep3,8,32,9401103,408,24,9792,supported_group_factors,1e-08,6672,0.6813725490196079,16.352941176470587,True,0.003398300032131374,snapshot only,0.0,0.0
deep3_n8_T32_s9401103,deep3,8,32,9401103,408,24,9792,owner_block_factors,1e-08,7008,0.7156862745098039,17.176470588235293,True,0.005783400032669306,snapshot only,0.0,0.0
deep3_n8_T32_s9401103,deep3,8,32,9401103,408,24,9792,kronecker_shared_input_basis,1e-08,6672,0.6813725490196079,16.352941176470587,True,0.00348169996868819,snapshot only,0.0,0.0
deep3_n8_T32_s9401103,deep3,8,32,9401103,408,24,9792,immediate_support_exact_slice_plus_svd_residual,1e-08,14664,1.4975490196078431,35.94117647058823,True,0.000323199899867177,snapshot only,3.532764982527869e-16,4.440892098500626e-16
deep3_n8_T32_s9401103,deep3,8,32,9401103,408,24,9792,local_eligibility_plus_svd_residual,1e-08,14664,1.4975490196078431,35.94117647058823,True,0.0003185000969097018,snapshot only,7.910930094337637e-16,7.216449660063518e-16
deep3_n8_T32_s9401103,deep3,8,32,9401103,408,24,9792,global_svd,1e-10,10368,1.0588235294117647,25.41176470588235,True,0.00027760001830756664,snapshot only,1.8674917262346667e-15,1.8318679906315083e-15
deep3_n8_T32_s9401103,deep3,8,32,9401103,408,24,9792,pivoted_qr_repeated_basis,1e-10,10776,1.1004901960784315,26.41176470588235,True,0.00014869996812194586,snapshot only,4.913465739662197e-16,5.776139915920788e-16
deep3_n8_T32_s9401103,deep3,8,32,9401103,408,24,9792,supported_group_factors,1e-10,6672,0.6813725490196079,16.352941176470587,True,0.003232100047171116,snapshot only,0.0,0.0
deep3_n8_T32_s9401103,deep3,8,32,9401103,408,24,9792,owner_block_factors,1e-10,7008,0.7156862745098039,17.176470588235293,True,0.005634199944324791,snapshot only,0.0,0.0
deep3_n8_T32_s9401103,deep3,8,32,9401103,408,24,9792,kronecker_shared_input_basis,1e-10,6672,0.6813725490196079,16.352941176470587,True,0.003194899996742606,snapshot only,0.0,0.0
deep3_n8_T32_s9401103,deep3,8,32,9401103,408,24,9792,immediate_support_exact_slice_plus_svd_residual,1e-10,14664,1.4975490196078431,35.94117647058823,True,0.00034110003616660833,snapshot only,3.532764982527869e-16,4.440892098500626e-16
deep3_n8_T32_s9401103,deep3,8,32,9401103,408,24,9792,local_eligibility_plus_svd_residual,1e-10,14664,1.4975490196078431,35.94117647058823,True,0.0002964999293908477,snapshot only,7.910930094337637e-16,7.216449660063518e-16
deep3_n8_T32_s9401103,deep3,8,32,9401103,408,24,9792,global_svd,1e-12,10368,1.0588235294117647,25.41176470588235,True,0.00026920007076114416,snapshot only,1.8674917262346667e-15,1.8318679906315083e-15
deep3_n8_T32_s9401103,deep3,8,32,9401103,408,24,9792,pivoted_qr_repeated_basis,1e-12,10776,1.1004901960784315,26.41176470588235,True,0.00016960001084953547,snapshot only,4.913465739662197e-16,5.776139915920788e-16
deep3_n8_T32_s9401103,deep3,8,32,9401103,408,24,9792,supported_group_factors,1e-12,6672,0.6813725490196079,16.352941176470587,True,0.0032608999172225595,snapshot only,0.0,0.0
deep3_n8_T32_s9401103,deep3,8,32,9401103,408,24,9792,owner_block_factors,1e-12,7008,0.7156862745098039,17.176470588235293,True,0.005605400074273348,snapshot only,0.0,0.0
deep3_n8_T32_s9401103,deep3,8,32,9401103,408,24,9792,kronecker_shared_input_basis,1e-12,6672,0.6813725490196079,16.352941176470587,True,0.003279700060375035,snapshot only,0.0,0.0
deep3_n8_T32_s9401103,deep3,8,32,9401103,408,24,9792,immediate_support_exact_slice_plus_svd_residual,1e-12,14664,1.4975490196078431,35.94117647058823,True,0.00031159992795437574,snapshot only,3.532764982527869e-16,4.440892098500626e-16
deep3_n8_T32_s9401103,deep3,8,32,9401103,408,24,9792,local_eligibility_plus_svd_residual,1e-12,14664,1.4975490196078431,35.94117647058823,True,0.0003173999721184373,snapshot only,7.910930094337637e-16,7.216449660063518e-16
deep3_n8_T32_s9401104,deep3,8,32,9401104,408,24,9792,full_matrix,1e-08,9792,1.0,24.0,True,6.00004568696022e-07,online baseline,0.0,0.0
deep3_n8_T32_s9401104,deep3,8,32,9401104,408,24,9792,coordinate_sparse,1e-08,13056,1.3333333333333333,32.0,True,2.6699970476329327e-05,snapshot only,0.0,0.0
deep3_n8_T32_s9401104,deep3,8,32,9401104,408,24,9792,block_sparse_triangular,1e-08,6984,0.7132352941176471,17.11764705882353,True,4.39999857917428e-05,known closed online block recurrence,0.0,0.0
deep3_n8_T32_s9401104,deep3,8,32,9401104,408,24,9792,global_svd,1e-08,10368,1.0588235294117647,25.41176470588235,True,0.0003565000370144844,snapshot only,1.770197703305009e-15,1.5543122344752192e-15
deep3_n8_T32_s9401104,deep3,8,32,9401104,408,24,9792,pivoted_qr_repeated_basis,1e-08,10776,1.1004901960784315,26.41176470588235,True,0.00015740003436803818,snapshot only,4.70004208007595e-16,5.551115123125783e-16
deep3_n8_T32_s9401104,deep3,8,32,9401104,408,24,9792,supported_group_factors,1e-08,6672,0.6813725490196079,16.352941176470587,True,0.0031445000786334276,snapshot only,0.0,0.0
deep3_n8_T32_s9401104,deep3,8,32,9401104,408,24,9792,owner_block_factors,1e-08,7008,0.7156862745098039,17.176470588235293,True,0.005266199936158955,snapshot only,0.0,0.0
deep3_n8_T32_s9401104,deep3,8,32,9401104,408,24,9792,kronecker_shared_input_basis,1e-08,6672,0.6813725490196079,16.352941176470587,True,0.003016200033016503,snapshot only,0.0,0.0
deep3_n8_T32_s9401104,deep3,8,32,9401104,408,24,9792,immediate_support_exact_slice_plus_svd_residual,1e-08,14664,1.4975490196078431,35.94117647058823,True,0.00027909991331398487,snapshot only,1.2338257188995366e-15,2.220446049250313e-15
deep3_n8_T32_s9401104,deep3,8,32,9401104,408,24,9792,local_eligibility_plus_svd_residual,1e-08,14664,1.4975490196078431,35.94117647058823,True,0.00028789998032152653,snapshot only,7.428608220541524e-16,1.1102230246251565e-15
deep3_n8_T32_s9401104,deep3,8,32,9401104,408,24,9792,global_svd,1e-10,10368,1.0588235294117647,25.41176470588235,True,0.0002676999429240823,snapshot only,1.770197703305009e-15,1.5543122344752192e-15
deep3_n8_T32_s9401104,deep3,8,32,9401104,408,24,9792,pivoted_qr_repeated_basis,1e-10,10776,1.1004901960784315,26.41176470588235,True,0.00014080002438277006,snapshot only,4.70004208007595e-16,5.551115123125783e-16
deep3_n8_T32_s9401104,deep3,8,32,9401104,408,24,9792,supported_group_factors,1e-10,6672,0.6813725490196079,16.352941176470587,True,0.003178299986757338,snapshot only,0.0,0.0
deep3_n8_T32_s9401104,deep3,8,32,9401104,408,24,9792,owner_block_factors,1e-10,7008,0.7156862745098039,17.176470588235293,True,0.005473800003528595,snapshot only,0.0,0.0
deep3_n8_T32_s9401104,deep3,8,32,9401104,408,24,9792,kronecker_shared_input_basis,1e-10,6672,0.6813725490196079,16.352941176470587,True,0.003033100045286119,snapshot only,0.0,0.0
deep3_n8_T32_s9401104,deep3,8,32,9401104,408,24,9792,immediate_support_exact_slice_plus_svd_residual,1e-10,14664,1.4975490196078431,35.94117647058823,True,0.0002809999277815223,snapshot only,1.2338257188995366e-15,2.220446049250313e-15
deep3_n8_T32_s9401104,deep3,8,32,9401104,408,24,9792,local_eligibility_plus_svd_residual,1e-10,14664,1.4975490196078431,35.94117647058823,True,0.00028789998032152653,snapshot only,7.428608220541524e-16,1.1102230246251565e-15
deep3_n8_T32_s9401104,deep3,8,32,9401104,408,24,9792,global_svd,1e-12,10368,1.0588235294117647,25.41176470588235,True,0.00030529999639838934,snapshot only,1.770197703305009e-15,1.5543122344752192e-15
deep3_n8_T32_s9401104,deep3,8,32,9401104,408,24,9792,pivoted_qr_repeated_basis,1e-12,10776,1.1004901960784315,26.41176470588235,True,0.0001458000624552369,snapshot only,4.70004208007595e-16,5.551115123125783e-16
deep3_n8_T32_s9401104,deep3,8,32,9401104,408,24,9792,supported_group_factors,1e-12,6672,0.6813725490196079,16.352941176470587,True,0.003380900016054511,snapshot only,0.0,0.0
deep3_n8_T32_s9401104,deep3,8,32,9401104,408,24,9792,owner_block_factors,1e-12,7008,0.7156862745098039,17.176470588235293,True,0.005279399920254946,snapshot only,0.0,0.0
deep3_n8_T32_s9401104,deep3,8,32,9401104,408,24,9792,kronecker_shared_input_basis,1e-12,6672,0.6813725490196079,16.352941176470587,True,0.00305649999063462,snapshot only,0.0,0.0
deep3_n8_T32_s9401104,deep3,8,32,9401104,408,24,9792,immediate_support_exact_slice_plus_svd_residual,1e-12,14664,1.4975490196078431,35.94117647058823,True,0.00028499995823949575,snapshot only,1.2338257188995366e-15,2.220446049250313e-15
deep3_n8_T32_s9401104,deep3,8,32,9401104,408,24,9792,local_eligibility_plus_svd_residual,1e-12,14664,1.4975490196078431,35.94117647058823,True,0.00029260001610964537,snapshot only,7.428608220541524e-16,1.1102230246251565e-15
deep3_n8_T128_s9401100,deep3,8,128,9401100,408,24,9792,full_matrix,1e-08,9792,1.0,24.0,True,7.00005330145359e-07,online baseline,0.0,0.0
deep3_n8_T128_s9401100,deep3,8,128,9401100,408,24,9792,coordinate_sparse,1e-08,13056,1.3333333333333333,32.0,True,2.5799963623285294e-05,snapshot only,0.0,0.0
deep3_n8_T128_s9401100,deep3,8,128,9401100,408,24,9792,block_sparse_triangular,1e-08,6984,0.7132352941176471,17.11764705882353,True,6.410002242773771e-05,known closed online block recurrence,0.0,0.0
deep3_n8_T128_s9401100,deep3,8,128,9401100,408,24,9792,global_svd,1e-08,10368,1.0588235294117647,25.41176470588235,True,0.0003231000155210495,snapshot only,1.6918977488829218e-15,1.5543122344752192e-15
deep3_n8_T128_s9401100,deep3,8,128,9401100,408,24,9792,pivoted_qr_repeated_basis,1e-08,10776,1.1004901960784315,26.41176470588235,True,0.00014549994375556707,snapshot only,3.9612818112236026e-16,5.204170427930421e-16
deep3_n8_T128_s9401100,deep3,8,128,9401100,408,24,9792,supported_group_factors,1e-08,6672,0.6813725490196079,16.352941176470587,True,0.00325660000089556,snapshot only,0.0,0.0
deep3_n8_T128_s9401100,deep3,8,128,9401100,408,24,9792,owner_block_factors,1e-08,7008,0.7156862745098039,17.176470588235293,True,0.005229900008998811,snapshot only,0.0,0.0
deep3_n8_T128_s9401100,deep3,8,128,9401100,408,24,9792,kronecker_shared_input_basis,1e-08,6672,0.6813725490196079,16.352941176470587,True,0.002993999980390072,snapshot only,0.0,0.0
deep3_n8_T128_s9401100,deep3,8,128,9401100,408,24,9792,immediate_support_exact_slice_plus_svd_residual,1e-08,14664,1.4975490196078431,35.94117647058823,True,0.00032430002465844154,snapshot only,3.7307625324069486e-16,4.996003610813204e-16
deep3_n8_T128_s9401100,deep3,8,128,9401100,408,24,9792,local_eligibility_plus_svd_residual,1e-08,14664,1.4975490196078431,35.94117647058823,True,0.00029450003057718277,snapshot only,7.614203767747192e-16,9.159339953157541e-16
deep3_n8_T128_s9401100,deep3,8,128,9401100,408,24,9792,global_svd,1e-10,10368,1.0588235294117647,25.41176470588235,True,0.0002840999513864517,snapshot only,1.6918977488829218e-15,1.5543122344752192e-15
deep3_n8_T128_s9401100,deep3,8,128,9401100,408,24,9792,pivoted_qr_repeated_basis,1e-10,10776,1.1004901960784315,26.41176470588235,True,0.00013290008064359426,snapshot only,3.9612818112236026e-16,5.204170427930421e-16
deep3_n8_T128_s9401100,deep3,8,128,9401100,408,24,9792,supported_group_factors,1e-10,6672,0.6813725490196079,16.352941176470587,True,0.0031261000549420714,snapshot only,0.0,0.0
deep3_n8_T128_s9401100,deep3,8,128,9401100,408,24,9792,owner_block_factors,1e-10,7008,0.7156862745098039,17.176470588235293,True,0.005536300013773143,snapshot only,0.0,0.0
deep3_n8_T128_s9401100,deep3,8,128,9401100,408,24,9792,kronecker_shared_input_basis,1e-10,6672,0.6813725490196079,16.352941176470587,True,0.0030381999677047133,snapshot only,0.0,0.0
deep3_n8_T128_s9401100,deep3,8,128,9401100,408,24,9792,immediate_support_exact_slice_plus_svd_residual,1e-10,14664,1.4975490196078431,35.94117647058823,True,0.0002756000030785799,snapshot only,3.7307625324069486e-16,4.996003610813204e-16
deep3_n8_T128_s9401100,deep3,8,128,9401100,408,24,9792,local_eligibility_plus_svd_residual,1e-10,14664,1.4975490196078431,35.94117647058823,True,0.00029310001991689205,snapshot only,7.614203767747192e-16,9.159339953157541e-16
deep3_n8_T128_s9401100,deep3,8,128,9401100,408,24,9792,global_svd,1e-12,10368,1.0588235294117647,25.41176470588235,True,0.00026839994825422764,snapshot only,1.6918977488829218e-15,1.5543122344752192e-15
deep3_n8_T128_s9401100,deep3,8,128,9401100,408,24,9792,pivoted_qr_repeated_basis,1e-12,10776,1.1004901960784315,26.41176470588235,True,0.00012859993148595095,snapshot only,3.9612818112236026e-16,5.204170427930421e-16
deep3_n8_T128_s9401100,deep3,8,128,9401100,408,24,9792,supported_group_factors,1e-12,6672,0.6813725490196079,16.352941176470587,True,0.0031240000389516354,snapshot only,0.0,0.0
deep3_n8_T128_s9401100,deep3,8,128,9401100,408,24,9792,owner_block_factors,1e-12,7008,0.7156862745098039,17.176470588235293,True,0.005508000031113625,snapshot only,0.0,0.0
deep3_n8_T128_s9401100,deep3,8,128,9401100,408,24,9792,kronecker_shared_input_basis,1e-12,6672,0.6813725490196079,16.352941176470587,True,0.0030163999181240797,snapshot only,0.0,0.0
deep3_n8_T128_s9401100,deep3,8,128,9401100,408,24,9792,immediate_support_exact_slice_plus_svd_residual,1e-12,14664,1.4975490196078431,35.94117647058823,True,0.00027909991331398487,snapshot only,3.7307625324069486e-16,4.996003610813204e-16
deep3_n8_T128_s9401100,deep3,8,128,9401100,408,24,9792,local_eligibility_plus_svd_residual,1e-12,14664,1.4975490196078431,35.94117647058823,True,0.00028930010739713907,snapshot only,7.614203767747192e-16,9.159339953157541e-16
deep3_n8_T128_s9401101,deep3,8,128,9401101,408,24,9792,full_matrix,1e-08,9792,1.0,24.0,True,5.00003807246685e-07,online baseline,0.0,0.0
deep3_n8_T128_s9401101,deep3,8,128,9401101,408,24,9792,coordinate_sparse,1e-08,13056,1.3333333333333333,32.0,True,2.759997732937336e-05,snapshot only,0.0,0.0
deep3_n8_T128_s9401101,deep3,8,128,9401101,408,24,9792,block_sparse_triangular,1e-08,6984,0.7132352941176471,17.11764705882353,True,4.529999569058418e-05,known closed online block recurrence,0.0,0.0
deep3_n8_T128_s9401101,deep3,8,128,9401101,408,24,9792,global_svd,1e-08,10368,1.0588235294117647,25.41176470588235,True,0.0003442000597715378,snapshot only,1.9818385081701923e-15,1.4327328145436258e-15
deep3_n8_T128_s9401101,deep3,8,128,9401101,408,24,9792,pivoted_qr_repeated_basis,1e-08,10776,1.1004901960784315,26.41176470588235,True,0.00016240007244050503,snapshot only,4.455658235431757e-16,4.98353116736222e-16
deep3_n8_T128_s9401101,deep3,8,128,9401101,408,24,9792,supported_group_factors,1e-08,6672,0.6813725490196079,16.352941176470587,True,0.0032992000924423337,snapshot only,0.0,0.0
deep3_n8_T128_s9401101,deep3,8,128,9401101,408,24,9792,owner_block_factors,1e-08,7008,0.7156862745098039,17.176470588235293,True,0.005253999959677458,snapshot only,0.0,0.0
deep3_n8_T128_s9401101,deep3,8,128,9401101,408,24,9792,kronecker_shared_input_basis,1e-08,6672,0.6813725490196079,16.352941176470587,True,0.0032995999790728092,snapshot only,0.0,0.0
deep3_n8_T128_s9401101,deep3,8,128,9401101,408,24,9792,immediate_support_exact_slice_plus_svd_residual,1e-08,14664,1.4975490196078431,35.94117647058823,True,0.0002807999262586236,snapshot only,3.177803196674831e-16,3.885780586188048e-16
deep3_n8_T128_s9401101,deep3,8,128,9401101,408,24,9792,local_eligibility_plus_svd_residual,1e-08,14664,1.4975490196078431,35.94117647058823,True,0.00029150000773370266,snapshot only,6.011037746434182e-16,4.718447854656915e-16
deep3_n8_T128_s9401101,deep3,8,128,9401101,408,24,9792,global_svd,1e-10,10368,1.0588235294117647,25.41176470588235,True,0.00028200005181133747,snapshot only,1.9818385081701923e-15,1.4327328145436258e-15
deep3_n8_T128_s9401101,deep3,8,128,9401101,408,24,9792,pivoted_qr_repeated_basis,1e-10,10776,1.1004901960784315,26.41176470588235,True,0.00014329992700368166,snapshot only,4.455658235431757e-16,4.98353116736222e-16
deep3_n8_T128_s9401101,deep3,8,128,9401101,408,24,9792,supported_group_factors,1e-10,6672,0.6813725490196079,16.352941176470587,True,0.0031667000148445368,snapshot only,0.0,0.0
deep3_n8_T128_s9401101,deep3,8,128,9401101,408,24,9792,owner_block_factors,1e-10,7008,0.7156862745098039,17.176470588235293,True,0.005198600003495812,snapshot only,0.0,0.0
deep3_n8_T128_s9401101,deep3,8,128,9401101,408,24,9792,kronecker_shared_input_basis,1e-10,6672,0.6813725490196079,16.352941176470587,True,0.002977199968881905,snapshot only,0.0,0.0
deep3_n8_T128_s9401101,deep3,8,128,9401101,408,24,9792,immediate_support_exact_slice_plus_svd_residual,1e-10,14664,1.4975490196078431,35.94117647058823,True,0.0002836999483406544,snapshot only,3.177803196674831e-16,3.885780586188048e-16
deep3_n8_T128_s9401101,deep3,8,128,9401101,408,24,9792,local_eligibility_plus_svd_residual,1e-10,14664,1.4975490196078431,35.94117647058823,True,0.00028899998869746923,snapshot only,6.011037746434182e-16,4.718447854656915e-16
deep3_n8_T128_s9401101,deep3,8,128,9401101,408,24,9792,global_svd,1e-12,10368,1.0588235294117647,25.41176470588235,True,0.0002645000349730253,snapshot only,1.9818385081701923e-15,1.4327328145436258e-15
deep3_n8_T128_s9401101,deep3,8,128,9401101,408,24,9792,pivoted_qr_repeated_basis,1e-12,10776,1.1004901960784315,26.41176470588235,True,0.0001414999132975936,snapshot only,4.455658235431757e-16,4.98353116736222e-16
deep3_n8_T128_s9401101,deep3,8,128,9401101,408,24,9792,supported_group_factors,1e-12,6672,0.6813725490196079,16.352941176470587,True,0.0031242999248206615,snapshot only,0.0,0.0
deep3_n8_T128_s9401101,deep3,8,128,9401101,408,24,9792,owner_block_factors,1e-12,7008,0.7156862745098039,17.176470588235293,True,0.005243199993856251,snapshot only,0.0,0.0
deep3_n8_T128_s9401101,deep3,8,128,9401101,408,24,9792,kronecker_shared_input_basis,1e-12,6672,0.6813725490196079,16.352941176470587,True,0.0029836000176146626,snapshot only,0.0,0.0
deep3_n8_T128_s9401101,deep3,8,128,9401101,408,24,9792,immediate_support_exact_slice_plus_svd_residual,1e-12,14664,1.4975490196078431,35.94117647058823,True,0.0002885999856516719,snapshot only,3.177803196674831e-16,3.885780586188048e-16
deep3_n8_T128_s9401101,deep3,8,128,9401101,408,24,9792,local_eligibility_plus_svd_residual,1e-12,14664,1.4975490196078431,35.94117647058823,True,0.0002906000008806586,snapshot only,6.011037746434182e-16,4.718447854656915e-16
deep3_n8_T128_s9401102,deep3,8,128,9401102,408,24,9792,full_matrix,1e-08,9792,1.0,24.0,True,6.00004568696022e-07,online baseline,0.0,0.0
deep3_n8_T128_s9401102,deep3,8,128,9401102,408,24,9792,coordinate_sparse,1e-08,13056,1.3333333333333333,32.0,True,2.7099973522126675e-05,snapshot only,0.0,0.0
deep3_n8_T128_s9401102,deep3,8,128,9401102,408,24,9792,block_sparse_triangular,1e-08,6984,0.7132352941176471,17.11764705882353,True,4.429998807609081e-05,known closed online block recurrence,0.0,0.0
deep3_n8_T128_s9401102,deep3,8,128,9401102,408,24,9792,global_svd,1e-08,10368,1.0588235294117647,25.41176470588235,True,0.0003353999927639961,snapshot only,1.6263246625986598e-15,1.2856676251670189e-15
deep3_n8_T128_s9401102,deep3,8,128,9401102,408,24,9792,pivoted_qr_repeated_basis,1e-08,10776,1.1004901960784315,26.41176470588235,True,0.00015869992785155773,snapshot only,3.6755247579621425e-16,3.3306690738754696e-16
deep3_n8_T128_s9401102,deep3,8,128,9401102,408,24,9792,supported_group_factors,1e-08,6672,0.6813725490196079,16.352941176470587,True,0.0033925999887287617,snapshot only,0.0,0.0
deep3_n8_T128_s9401102,deep3,8,128,9401102,408,24,9792,owner_block_factors,1e-08,7008,0.7156862745098039,17.176470588235293,True,0.005210399976931512,snapshot only,0.0,0.0
deep3_n8_T128_s9401102,deep3,8,128,9401102,408,24,9792,kronecker_shared_input_basis,1e-08,6672,0.6813725490196079,16.352941176470587,True,0.0030010000336915255,snapshot only,0.0,0.0
deep3_n8_T128_s9401102,deep3,8,128,9401102,408,24,9792,immediate_support_exact_slice_plus_svd_residual,1e-08,14664,1.4975490196078431,35.94117647058823,True,0.0002839000662788749,snapshot only,4.167543251692731e-16,5.551115123125783e-16
deep3_n8_T128_s9401102,deep3,8,128,9401102,408,24,9792,local_eligibility_plus_svd_residual,1e-08,14664,1.4975490196078431,35.94117647058823,True,0.00032380002085119486,snapshot only,9.041296919698742e-16,8.326672684688674e-16
deep3_n8_T128_s9401102,deep3,8,128,9401102,408,24,9792,global_svd,1e-10,10368,1.0588235294117647,25.41176470588235,True,0.0002753000007942319,snapshot only,1.6263246625986598e-15,1.2856676251670189e-15
deep3_n8_T128_s9401102,deep3,8,128,9401102,408,24,9792,pivoted_qr_repeated_basis,1e-10,10776,1.1004901960784315,26.41176470588235,True,0.00014269992243498564,snapshot only,3.6755247579621425e-16,3.3306690738754696e-16
deep3_n8_T128_s9401102,deep3,8,128,9401102,408,24,9792,supported_group_factors,1e-10,6672,0.6813725490196079,16.352941176470587,True,0.003356900066137314,snapshot only,0.0,0.0
deep3_n8_T128_s9401102,deep3,8,128,9401102,408,24,9792,owner_block_factors,1e-10,7008,0.7156862745098039,17.176470588235293,True,0.005252699949778616,snapshot only,0.0,0.0
deep3_n8_T128_s9401102,deep3,8,128,9401102,408,24,9792,kronecker_shared_input_basis,1e-10,6672,0.6813725490196079,16.352941176470587,True,0.0030221999622881413,snapshot only,0.0,0.0
deep3_n8_T128_s9401102,deep3,8,128,9401102,408,24,9792,immediate_support_exact_slice_plus_svd_residual,1e-10,14664,1.4975490196078431,35.94117647058823,True,0.0002809999277815223,snapshot only,4.167543251692731e-16,5.551115123125783e-16
deep3_n8_T128_s9401102,deep3,8,128,9401102,408,24,9792,local_eligibility_plus_svd_residual,1e-10,14664,1.4975490196078431,35.94117647058823,True,0.00032350001856684685,snapshot only,9.041296919698742e-16,8.326672684688674e-16
deep3_n8_T128_s9401102,deep3,8,128,9401102,408,24,9792,global_svd,1e-12,10368,1.0588235294117647,25.41176470588235,True,0.0002733999863266945,snapshot only,1.6263246625986598e-15,1.2856676251670189e-15
deep3_n8_T128_s9401102,deep3,8,128,9401102,408,24,9792,pivoted_qr_repeated_basis,1e-12,10776,1.1004901960784315,26.41176470588235,True,0.00014210003428161144,snapshot only,3.6755247579621425e-16,3.3306690738754696e-16
deep3_n8_T128_s9401102,deep3,8,128,9401102,408,24,9792,supported_group_factors,1e-12,6672,0.6813725490196079,16.352941176470587,True,0.003109399927780032,snapshot only,0.0,0.0
deep3_n8_T128_s9401102,deep3,8,128,9401102,408,24,9792,owner_block_factors,1e-12,7008,0.7156862745098039,17.176470588235293,True,0.005453899968415499,snapshot only,0.0,0.0
deep3_n8_T128_s9401102,deep3,8,128,9401102,408,24,9792,kronecker_shared_input_basis,1e-12,6672,0.6813725490196079,16.352941176470587,True,0.0030467999167740345,snapshot only,0.0,0.0
deep3_n8_T128_s9401102,deep3,8,128,9401102,408,24,9792,immediate_support_exact_slice_plus_svd_residual,1e-12,14664,1.4975490196078431,35.94117647058823,True,0.0002813000464811921,snapshot only,4.167543251692731e-16,5.551115123125783e-16
deep3_n8_T128_s9401102,deep3,8,128,9401102,408,24,9792,local_eligibility_plus_svd_residual,1e-12,14664,1.4975490196078431,35.94117647058823,True,0.0002901999978348613,snapshot only,9.041296919698742e-16,8.326672684688674e-16
deep3_n8_T128_s9401103,deep3,8,128,9401103,408,24,9792,full_matrix,1e-08,9792,1.0,24.0,True,7.00005330145359e-07,online baseline,0.0,0.0
deep3_n8_T128_s9401103,deep3,8,128,9401103,408,24,9792,coordinate_sparse,1e-08,13056,1.3333333333333333,32.0,True,2.929999027401209e-05,snapshot only,0.0,0.0
deep3_n8_T128_s9401103,deep3,8,128,9401103,408,24,9792,block_sparse_triangular,1e-08,6984,0.7132352941176471,17.11764705882353,True,4.3899985030293465e-05,known closed online block recurrence,0.0,0.0
deep3_n8_T128_s9401103,deep3,8,128,9401103,408,24,9792,global_svd,1e-08,10368,1.0588235294117647,25.41176470588235,True,0.00033740000799298286,snapshot only,1.55362354974733e-15,1.6653345369377348e-15
deep3_n8_T128_s9401103,deep3,8,128,9401103,408,24,9792,pivoted_qr_repeated_basis,1e-08,10776,1.1004901960784315,26.41176470588235,True,0.00016740011051297188,snapshot only,5.932548284099975e-16,7.771561172376096e-16
deep3_n8_T128_s9401103,deep3,8,128,9401103,408,24,9792,supported_group_factors,1e-08,6672,0.6813725490196079,16.352941176470587,True,0.003401600057259202,snapshot only,0.0,0.0
deep3_n8_T128_s9401103,deep3,8,128,9401103,408,24,9792,owner_block_factors,1e-08,7008,0.7156862745098039,17.176470588235293,True,0.005288599990308285,snapshot only,0.0,0.0
deep3_n8_T128_s9401103,deep3,8,128,9401103,408,24,9792,kronecker_shared_input_basis,1e-08,6672,0.6813725490196079,16.352941176470587,True,0.003001700039021671,snapshot only,0.0,0.0
deep3_n8_T128_s9401103,deep3,8,128,9401103,408,24,9792,immediate_support_exact_slice_plus_svd_residual,1e-08,14664,1.4975490196078431,35.94117647058823,True,0.0002859999658539891,snapshot only,4.0947235756971676e-16,4.579669976578771e-16
deep3_n8_T128_s9401103,deep3,8,128,9401103,408,24,9792,local_eligibility_plus_svd_residual,1e-08,14664,1.4975490196078431,35.94117647058823,True,0.0002937000244855881,snapshot only,6.728561845142583e-16,5.551115123125783e-16
deep3_n8_T128_s9401103,deep3,8,128,9401103,408,24,9792,global_svd,1e-10,10368,1.0588235294117647,25.41176470588235,True,0.0002722999779507518,snapshot only,1.55362354974733e-15,1.6653345369377348e-15
deep3_n8_T128_s9401103,deep3,8,128,9401103,408,24,9792,pivoted_qr_repeated_basis,1e-10,10776,1.1004901960784315,26.41176470588235,True,0.0001495999749749899,snapshot only,5.932548284099975e-16,7.771561172376096e-16
deep3_n8_T128_s9401103,deep3,8,128,9401103,408,24,9792,supported_group_factors,1e-10,6672,0.6813725490196079,16.352941176470587,True,0.004098400007933378,snapshot only,0.0,0.0
deep3_n8_T128_s9401103,deep3,8,128,9401103,408,24,9792,owner_block_factors,1e-10,7008,0.7156862745098039,17.176470588235293,True,0.00544800003990531,snapshot only,0.0,0.0
deep3_n8_T128_s9401103,deep3,8,128,9401103,408,24,9792,kronecker_shared_input_basis,1e-10,6672,0.6813725490196079,16.352941176470587,True,0.0031395999249070883,snapshot only,0.0,0.0
deep3_n8_T128_s9401103,deep3,8,128,9401103,408,24,9792,immediate_support_exact_slice_plus_svd_residual,1e-10,14664,1.4975490196078431,35.94117647058823,True,0.0002840999513864517,snapshot only,4.0947235756971676e-16,4.579669976578771e-16
deep3_n8_T128_s9401103,deep3,8,128,9401103,408,24,9792,local_eligibility_plus_svd_residual,1e-10,14664,1.4975490196078431,35.94117647058823,True,0.0002896999940276146,snapshot only,6.728561845142583e-16,5.551115123125783e-16
deep3_n8_T128_s9401103,deep3,8,128,9401103,408,24,9792,global_svd,1e-12,10368,1.0588235294117647,25.41176470588235,True,0.0002695999573916197,snapshot only,1.55362354974733e-15,1.6653345369377348e-15
deep3_n8_T128_s9401103,deep3,8,128,9401103,408,24,9792,pivoted_qr_repeated_basis,1e-12,10776,1.1004901960784315,26.41176470588235,True,0.0002245999639853835,snapshot only,5.932548284099975e-16,7.771561172376096e-16
deep3_n8_T128_s9401103,deep3,8,128,9401103,408,24,9792,supported_group_factors,1e-12,6672,0.6813725490196079,16.352941176470587,True,0.003230299917049706,snapshot only,0.0,0.0
deep3_n8_T128_s9401103,deep3,8,128,9401103,408,24,9792,owner_block_factors,1e-12,7008,0.7156862745098039,17.176470588235293,True,0.005214400007389486,snapshot only,0.0,0.0
deep3_n8_T128_s9401103,deep3,8,128,9401103,408,24,9792,kronecker_shared_input_basis,1e-12,6672,0.6813725490196079,16.352941176470587,True,0.0030134000116959214,snapshot only,0.0,0.0
deep3_n8_T128_s9401103,deep3,8,128,9401103,408,24,9792,immediate_support_exact_slice_plus_svd_residual,1e-12,14664,1.4975490196078431,35.94117647058823,True,0.00027689989656209946,snapshot only,4.0947235756971676e-16,4.579669976578771e-16
deep3_n8_T128_s9401103,deep3,8,128,9401103,408,24,9792,local_eligibility_plus_svd_residual,1e-12,14664,1.4975490196078431,35.94117647058823,True,0.00030479999259114265,snapshot only,6.728561845142583e-16,5.551115123125783e-16
deep3_n8_T128_s9401104,deep3,8,128,9401104,408,24,9792,full_matrix,1e-08,9792,1.0,24.0,True,6.00004568696022e-07,online baseline,0.0,0.0
deep3_n8_T128_s9401104,deep3,8,128,9401104,408,24,9792,coordinate_sparse,1e-08,13056,1.3333333333333333,32.0,True,2.8399983420968056e-05,snapshot only,0.0,0.0
deep3_n8_T128_s9401104,deep3,8,128,9401104,408,24,9792,block_sparse_triangular,1e-08,6984,0.7132352941176471,17.11764705882353,True,6.749993190169334e-05,known closed online block recurrence,0.0,0.0
deep3_n8_T128_s9401104,deep3,8,128,9401104,408,24,9792,global_svd,1e-08,10368,1.0588235294117647,25.41176470588235,True,0.0003723000409081578,snapshot only,2.2251563667150573e-15,2.0261570199409107e-15
deep3_n8_T128_s9401104,deep3,8,128,9401104,408,24,9792,pivoted_qr_repeated_basis,1e-08,10776,1.1004901960784315,26.41176470588235,True,0.00016549997963011265,snapshot only,4.699396261058727e-16,9.992007221626409e-16
deep3_n8_T128_s9401104,deep3,8,128,9401104,408,24,9792,supported_group_factors,1e-08,6672,0.6813725490196079,16.352941176470587,True,0.0032733000116422772,snapshot only,0.0,0.0
deep3_n8_T128_s9401104,deep3,8,128,9401104,408,24,9792,owner_block_factors,1e-08,7008,0.7156862745098039,17.176470588235293,True,0.0058191000716760755,snapshot only,0.0,0.0
deep3_n8_T128_s9401104,deep3,8,128,9401104,408,24,9792,kronecker_shared_input_basis,1e-08,6672,0.6813725490196079,16.352941176470587,True,0.0030984999611973763,snapshot only,0.0,0.0
deep3_n8_T128_s9401104,deep3,8,128,9401104,408,24,9792,immediate_support_exact_slice_plus_svd_residual,1e-08,14664,1.4975490196078431,35.94117647058823,True,0.00028499995823949575,snapshot only,1.0002691382802918e-15,2.3245294578089215e-15
deep3_n8_T128_s9401104,deep3,8,128,9401104,408,24,9792,local_eligibility_plus_svd_residual,1e-08,14664,1.4975490196078431,35.94117647058823,True,0.000296299927867949,snapshot only,8.890177456069778e-16,1.3322676295501878e-15
deep3_n8_T128_s9401104,deep3,8,128,9401104,408,24,9792,global_svd,1e-10,10368,1.0588235294117647,25.41176470588235,True,0.0002682000631466508,snapshot only,2.2251563667150573e-15,2.0261570199409107e-15
deep3_n8_T128_s9401104,deep3,8,128,9401104,408,24,9792,pivoted_qr_repeated_basis,1e-10,10776,1.1004901960784315,26.41176470588235,True,0.0001509999856352806,snapshot only,4.699396261058727e-16,9.992007221626409e-16
deep3_n8_T128_s9401104,deep3,8,128,9401104,408,24,9792,supported_group_factors,1e-10,6672,0.6813725490196079,16.352941176470587,True,0.0031438999576494098,snapshot only,0.0,0.0
deep3_n8_T128_s9401104,deep3,8,128,9401104,408,24,9792,owner_block_factors,1e-10,7008,0.7156862745098039,17.176470588235293,True,0.0052821000572294,snapshot only,0.0,0.0
deep3_n8_T128_s9401104,deep3,8,128,9401104,408,24,9792,kronecker_shared_input_basis,1e-10,6672,0.6813725490196079,16.352941176470587,True,0.0030565999913960695,snapshot only,0.0,0.0
deep3_n8_T128_s9401104,deep3,8,128,9401104,408,24,9792,immediate_support_exact_slice_plus_svd_residual,1e-10,14664,1.4975490196078431,35.94117647058823,True,0.0002797000342980027,snapshot only,1.0002691382802918e-15,2.3245294578089215e-15
deep3_n8_T128_s9401104,deep3,8,128,9401104,408,24,9792,local_eligibility_plus_svd_residual,1e-10,14664,1.4975490196078431,35.94117647058823,True,0.00029889994766563177,snapshot only,8.890177456069778e-16,1.3322676295501878e-15
deep3_n8_T128_s9401104,deep3,8,128,9401104,408,24,9792,global_svd,1e-12,10368,1.0588235294117647,25.41176470588235,True,0.0002691000699996948,snapshot only,2.2251563667150573e-15,2.0261570199409107e-15
deep3_n8_T128_s9401104,deep3,8,128,9401104,408,24,9792,pivoted_qr_repeated_basis,1e-12,10776,1.1004901960784315,26.41176470588235,True,0.00014809996355324984,snapshot only,4.699396261058727e-16,9.992007221626409e-16
deep3_n8_T128_s9401104,deep3,8,128,9401104,408,24,9792,supported_group_factors,1e-12,6672,0.6813725490196079,16.352941176470587,True,0.003140400047414005,snapshot only,0.0,0.0
deep3_n8_T128_s9401104,deep3,8,128,9401104,408,24,9792,owner_block_factors,1e-12,7008,0.7156862745098039,17.176470588235293,True,0.005665199947543442,snapshot only,0.0,0.0
deep3_n8_T128_s9401104,deep3,8,128,9401104,408,24,9792,kronecker_shared_input_basis,1e-12,6672,0.6813725490196079,16.352941176470587,True,0.0030392000917345285,snapshot only,0.0,0.0
deep3_n8_T128_s9401104,deep3,8,128,9401104,408,24,9792,immediate_support_exact_slice_plus_svd_residual,1e-12,14664,1.4975490196078431,35.94117647058823,True,0.00028309994377195835,snapshot only,1.0002691382802918e-15,2.3245294578089215e-15
deep3_n8_T128_s9401104,deep3,8,128,9401104,408,24,9792,local_eligibility_plus_svd_residual,1e-12,14664,1.4975490196078431,35.94117647058823,True,0.0003770999610424042,snapshot only,8.890177456069778e-16,1.3322676295501878e-15
deep3_n16_T32_s9401100,deep3,16,32,9401100,1584,48,76032,full_matrix,1e-08,76032,1.0,48.0,True,1.00000761449337e-06,online baseline,0.0,0.0
deep3_n16_T32_s9401100,deep3,16,32,9401100,1584,48,76032,coordinate_sparse,1e-08,101376,1.3333333333333333,64.0,True,0.00012070010416209698,snapshot only,0.0,0.0
deep3_n16_T32_s9401100,deep3,16,32,9401100,1584,48,76032,block_sparse_triangular,1e-08,52368,0.6887626262626263,33.06060606060606,True,0.00016439997125416994,known closed online block recurrence,0.0,0.0
deep3_n16_T32_s9401100,deep3,16,32,9401100,1584,48,76032,global_svd,1e-08,78336,1.0303030303030303,49.45454545454545,True,0.0015287999995052814,snapshot only,3.0058528048183364e-15,2.248201624865942e-15
deep3_n16_T32_s9401100,deep3,16,32,9401100,1584,48,76032,pivoted_qr_repeated_basis,1e-08,79920,1.0511363636363635,50.45454545454545,True,0.025034100050106645,snapshot only,5.611887220386864e-16,6.661338147750939e-16
deep3_n16_T32_s9401100,deep3,16,32,9401100,1584,48,76032,supported_group_factors,1e-08,50976,0.6704545454545454,32.18181818181818,True,0.013028600020334125,snapshot only,0.0,0.0
deep3_n16_T32_s9401100,deep3,16,32,9401100,1584,48,76032,owner_block_factors,1e-08,52416,0.6893939393939394,33.09090909090909,True,0.019479700014926493,snapshot only,0.0,0.0
deep3_n16_T32_s9401100,deep3,16,32,9401100,1584,48,76032,kronecker_shared_input_basis,1e-08,50976,0.6704545454545454,32.18181818181818,True,0.012639100081287324,snapshot only,0.0,0.0
deep3_n16_T32_s9401100,deep3,16,32,9401100,1584,48,76032,immediate_support_exact_slice_plus_svd_residual,1e-08,107664,1.4160353535353536,67.96969696969697,True,0.0016005999641492963,snapshot only,5.248655930476572e-16,4.996003610813204e-16
deep3_n16_T32_s9401100,deep3,16,32,9401100,1584,48,76032,local_eligibility_plus_svd_residual,1e-08,107664,1.4160353535353536,67.96969696969697,True,0.0014313999563455582,snapshot only,1.02342048662554e-15,9.71445146547012e-16
deep3_n16_T32_s9401100,deep3,16,32,9401100,1584,48,76032,global_svd,1e-10,78336,1.0303030303030303,49.45454545454545,True,0.0015532999532297254,snapshot only,3.0058528048183364e-15,2.248201624865942e-15
deep3_n16_T32_s9401100,deep3,16,32,9401100,1584,48,76032,pivoted_qr_repeated_basis,1e-10,79920,1.0511363636363635,50.45454545454545,True,0.008850700105540454,snapshot only,5.611887220386864e-16,6.661338147750939e-16
deep3_n16_T32_s9401100,deep3,16,32,9401100,1584,48,76032,supported_group_factors,1e-10,50976,0.6704545454545454,32.18181818181818,True,0.014089299947954714,snapshot only,0.0,0.0
deep3_n16_T32_s9401100,deep3,16,32,9401100,1584,48,76032,owner_block_factors,1e-10,52416,0.6893939393939394,33.09090909090909,True,0.019867199938744307,snapshot only,0.0,0.0
deep3_n16_T32_s9401100,deep3,16,32,9401100,1584,48,76032,kronecker_shared_input_basis,1e-10,50976,0.6704545454545454,32.18181818181818,True,0.013075300026685,snapshot only,0.0,0.0
deep3_n16_T32_s9401100,deep3,16,32,9401100,1584,48,76032,immediate_support_exact_slice_plus_svd_residual,1e-10,107664,1.4160353535353536,67.96969696969697,True,0.001870199921540916,snapshot only,5.248655930476572e-16,4.996003610813204e-16
deep3_n16_T32_s9401100,deep3,16,32,9401100,1584,48,76032,local_eligibility_plus_svd_residual,1e-10,107664,1.4160353535353536,67.96969696969697,True,0.0014539000112563372,snapshot only,1.02342048662554e-15,9.71445146547012e-16
deep3_n16_T32_s9401100,deep3,16,32,9401100,1584,48,76032,global_svd,1e-12,78336,1.0303030303030303,49.45454545454545,True,0.0012949000811204314,snapshot only,3.0058528048183364e-15,2.248201624865942e-15
deep3_n16_T32_s9401100,deep3,16,32,9401100,1584,48,76032,pivoted_qr_repeated_basis,1e-12,79920,1.0511363636363635,50.45454545454545,True,0.013845999957993627,snapshot only,5.611887220386864e-16,6.661338147750939e-16
deep3_n16_T32_s9401100,deep3,16,32,9401100,1584,48,76032,supported_group_factors,1e-12,50976,0.6704545454545454,32.18181818181818,True,0.013634100090712309,snapshot only,0.0,0.0
deep3_n16_T32_s9401100,deep3,16,32,9401100,1584,48,76032,owner_block_factors,1e-12,52416,0.6893939393939394,33.09090909090909,True,0.020944899995811284,snapshot only,0.0,0.0
deep3_n16_T32_s9401100,deep3,16,32,9401100,1584,48,76032,kronecker_shared_input_basis,1e-12,50976,0.6704545454545454,32.18181818181818,True,0.0131182000041008,snapshot only,0.0,0.0
deep3_n16_T32_s9401100,deep3,16,32,9401100,1584,48,76032,immediate_support_exact_slice_plus_svd_residual,1e-12,107664,1.4160353535353536,67.96969696969697,True,0.0017357999458909035,snapshot only,5.248655930476572e-16,4.996003610813204e-16
deep3_n16_T32_s9401100,deep3,16,32,9401100,1584,48,76032,local_eligibility_plus_svd_residual,1e-12,107664,1.4160353535353536,67.96969696969697,True,0.00159549992531538,snapshot only,1.02342048662554e-15,9.71445146547012e-16
deep3_n16_T32_s9401101,deep3,16,32,9401101,1584,48,76032,full_matrix,1e-08,76032,1.0,48.0,True,6.00004568696022e-07,online baseline,0.0,0.0
deep3_n16_T32_s9401101,deep3,16,32,9401101,1584,48,76032,coordinate_sparse,1e-08,101376,1.3333333333333333,64.0,True,0.0001666999887675047,snapshot only,0.0,0.0
deep3_n16_T32_s9401101,deep3,16,32,9401101,1584,48,76032,block_sparse_triangular,1e-08,52368,0.6887626262626263,33.06060606060606,True,0.00017180002760142088,known closed online block recurrence,0.0,0.0
deep3_n16_T32_s9401101,deep3,16,32,9401101,1584,48,76032,global_svd,1e-08,78336,1.0303030303030303,49.45454545454545,True,0.0014478000812232494,snapshot only,2.3074101098987743e-15,1.7763568394002505e-15
deep3_n16_T32_s9401101,deep3,16,32,9401101,1584,48,76032,pivoted_qr_repeated_basis,1e-08,79920,1.0511363636363635,50.45454545454545,True,0.014792399946600199,snapshot only,5.624565038478245e-16,8.881784197001252e-16
deep3_n16_T32_s9401101,deep3,16,32,9401101,1584,48,76032,supported_group_factors,1e-08,50976,0.6704545454545454,32.18181818181818,True,0.013151700026355684,snapshot only,0.0,0.0
deep3_n16_T32_s9401101,deep3,16,32,9401101,1584,48,76032,owner_block_factors,1e-08,52416,0.6893939393939394,33.09090909090909,True,0.02004139998462051,snapshot only,0.0,0.0
deep3_n16_T32_s9401101,deep3,16,32,9401101,1584,48,76032,kronecker_shared_input_basis,1e-08,50976,0.6704545454545454,32.18181818181818,True,0.013020699960179627,snapshot only,0.0,0.0
deep3_n16_T32_s9401101,deep3,16,32,9401101,1584,48,76032,immediate_support_exact_slice_plus_svd_residual,1e-08,107664,1.4160353535353536,67.96969696969697,True,0.0017506999429315329,snapshot only,5.650429528787417e-16,4.787836793695988e-16
deep3_n16_T32_s9401101,deep3,16,32,9401101,1584,48,76032,local_eligibility_plus_svd_residual,1e-08,107664,1.4160353535353536,67.96969696969697,True,0.0014752999413758516,snapshot only,6.959040517732975e-16,7.708562687363556e-16
deep3_n16_T32_s9401101,deep3,16,32,9401101,1584,48,76032,global_svd,1e-10,78336,1.0303030303030303,49.45454545454545,True,0.0012488000793382525,snapshot only,2.3074101098987743e-15,1.7763568394002505e-15
deep3_n16_T32_s9401101,deep3,16,32,9401101,1584,48,76032,pivoted_qr_repeated_basis,1e-10,79920,1.0511363636363635,50.45454545454545,True,0.019088599947281182,snapshot only,5.624565038478245e-16,8.881784197001252e-16
deep3_n16_T32_s9401101,deep3,16,32,9401101,1584,48,76032,supported_group_factors,1e-10,50976,0.6704545454545454,32.18181818181818,True,0.012736100004985929,snapshot only,0.0,0.0
deep3_n16_T32_s9401101,deep3,16,32,9401101,1584,48,76032,owner_block_factors,1e-10,52416,0.6893939393939394,33.09090909090909,True,0.01883539999835193,snapshot only,0.0,0.0
deep3_n16_T32_s9401101,deep3,16,32,9401101,1584,48,76032,kronecker_shared_input_basis,1e-10,50976,0.6704545454545454,32.18181818181818,True,0.0118023999966681,snapshot only,0.0,0.0
deep3_n16_T32_s9401101,deep3,16,32,9401101,1584,48,76032,immediate_support_exact_slice_plus_svd_residual,1e-10,107664,1.4160353535353536,67.96969696969697,True,0.0014754999428987503,snapshot only,5.650429528787417e-16,4.787836793695988e-16
deep3_n16_T32_s9401101,deep3,16,32,9401101,1584,48,76032,local_eligibility_plus_svd_residual,1e-10,107664,1.4160353535353536,67.96969696969697,True,0.0014028000878170133,snapshot only,6.959040517732975e-16,7.708562687363556e-16
deep3_n16_T32_s9401101,deep3,16,32,9401101,1584,48,76032,global_svd,1e-12,78336,1.0303030303030303,49.45454545454545,True,0.0012353000929579139,snapshot only,2.3074101098987743e-15,1.7763568394002505e-15
deep3_n16_T32_s9401101,deep3,16,32,9401101,1584,48,76032,pivoted_qr_repeated_basis,1e-12,79920,1.0511363636363635,50.45454545454545,True,0.027964100008830428,snapshot only,5.624565038478245e-16,8.881784197001252e-16
deep3_n16_T32_s9401101,deep3,16,32,9401101,1584,48,76032,supported_group_factors,1e-12,50976,0.6704545454545454,32.18181818181818,True,0.012455400079488754,snapshot only,0.0,0.0
deep3_n16_T32_s9401101,deep3,16,32,9401101,1584,48,76032,owner_block_factors,1e-12,52416,0.6893939393939394,33.09090909090909,True,0.019463999895378947,snapshot only,0.0,0.0
deep3_n16_T32_s9401101,deep3,16,32,9401101,1584,48,76032,kronecker_shared_input_basis,1e-12,50976,0.6704545454545454,32.18181818181818,True,0.012082400033250451,snapshot only,0.0,0.0
deep3_n16_T32_s9401101,deep3,16,32,9401101,1584,48,76032,immediate_support_exact_slice_plus_svd_residual,1e-12,107664,1.4160353535353536,67.96969696969697,True,0.0014910000609233975,snapshot only,5.650429528787417e-16,4.787836793695988e-16
deep3_n16_T32_s9401101,deep3,16,32,9401101,1584,48,76032,local_eligibility_plus_svd_residual,1e-12,107664,1.4160353535353536,67.96969696969697,True,0.0013460000045597553,snapshot only,6.959040517732975e-16,7.708562687363556e-16
deep3_n16_T32_s9401102,deep3,16,32,9401102,1584,48,76032,full_matrix,1e-08,76032,1.0,48.0,True,6.00004568696022e-07,online baseline,0.0,0.0
deep3_n16_T32_s9401102,deep3,16,32,9401102,1584,48,76032,coordinate_sparse,1e-08,101376,1.3333333333333333,64.0,True,0.00011570006608963013,snapshot only,0.0,0.0
deep3_n16_T32_s9401102,deep3,16,32,9401102,1584,48,76032,block_sparse_triangular,1e-08,52368,0.6887626262626263,33.06060606060606,True,0.00016930000856518745,known closed online block recurrence,0.0,0.0
deep3_n16_T32_s9401102,deep3,16,32,9401102,1584,48,76032,global_svd,1e-08,78336,1.0303030303030303,49.45454545454545,True,0.001649899990297854,snapshot only,2.0063606680414268e-15,2.4424906541753444e-15
deep3_n16_T32_s9401102,deep3,16,32,9401102,1584,48,76032,pivoted_qr_repeated_basis,1e-08,79920,1.0511363636363635,50.45454545454545,True,0.00779469998087734,snapshot only,4.932864950090298e-16,6.661338147750939e-16
deep3_n16_T32_s9401102,deep3,16,32,9401102,1584,48,76032,supported_group_factors,1e-08,50976,0.6704545454545454,32.18181818181818,True,0.013287900015711784,snapshot only,0.0,0.0
deep3_n16_T32_s9401102,deep3,16,32,9401102,1584,48,76032,owner_block_factors,1e-08,52416,0.6893939393939394,33.09090909090909,True,0.01918499998282641,snapshot only,0.0,0.0
deep3_n16_T32_s9401102,deep3,16,32,9401102,1584,48,76032,kronecker_shared_input_basis,1e-08,50960,0.6702441077441077,32.17171717171717,True,0.01272110000718385,snapshot only,5.490392119374737e-10,4.739583261449687e-10
deep3_n16_T32_s9401102,deep3,16,32,9401102,1584,48,76032,immediate_support_exact_slice_plus_svd_residual,1e-08,107664,1.4160353535353536,67.96969696969697,True,0.0015359000535681844,snapshot only,5.430005660718877e-16,4.85722573273506e-16
deep3_n16_T32_s9401102,deep3,16,32,9401102,1584,48,76032,local_eligibility_plus_svd_residual,1e-08,107664,1.4160353535353536,67.96969696969697,True,0.0013911999994888902,snapshot only,8.648939496010767e-16,7.494005416219807e-16
deep3_n16_T32_s9401102,deep3,16,32,9401102,1584,48,76032,global_svd,1e-10,78336,1.0303030303030303,49.45454545454545,True,0.0012468999484553933,snapshot only,2.0063606680414268e-15,2.4424906541753444e-15
deep3_n16_T32_s9401102,deep3,16,32,9401102,1584,48,76032,pivoted_qr_repeated_basis,1e-10,79920,1.0511363636363635,50.45454545454545,True,0.022478700033389032,snapshot only,4.932864950090298e-16,6.661338147750939e-16
deep3_n16_T32_s9401102,deep3,16,32,9401102,1584,48,76032,supported_group_factors,1e-10,50976,0.6704545454545454,32.18181818181818,True,0.01361739996355027,snapshot only,0.0,0.0
deep3_n16_T32_s9401102,deep3,16,32,9401102,1584,48,76032,owner_block_factors,1e-10,52416,0.6893939393939394,33.09090909090909,True,0.02207760000601411,snapshot only,0.0,0.0
deep3_n16_T32_s9401102,deep3,16,32,9401102,1584,48,76032,kronecker_shared_input_basis,1e-10,50976,0.6704545454545454,32.18181818181818,True,0.012794299982488155,snapshot only,0.0,0.0
deep3_n16_T32_s9401102,deep3,16,32,9401102,1584,48,76032,immediate_support_exact_slice_plus_svd_residual,1e-10,107664,1.4160353535353536,67.96969696969697,True,0.0016907000681385398,snapshot only,5.430005660718877e-16,4.85722573273506e-16
deep3_n16_T32_s9401102,deep3,16,32,9401102,1584,48,76032,local_eligibility_plus_svd_residual,1e-10,107664,1.4160353535353536,67.96969696969697,True,0.0014699000166729093,snapshot only,8.648939496010767e-16,7.494005416219807e-16
deep3_n16_T32_s9401102,deep3,16,32,9401102,1584,48,76032,global_svd,1e-12,78336,1.0303030303030303,49.45454545454545,True,0.0016202999977394938,snapshot only,2.0063606680414268e-15,2.4424906541753444e-15
deep3_n16_T32_s9401102,deep3,16,32,9401102,1584,48,76032,pivoted_qr_repeated_basis,1e-12,79920,1.0511363636363635,50.45454545454545,True,0.009749899967573583,snapshot only,4.932864950090298e-16,6.661338147750939e-16
deep3_n16_T32_s9401102,deep3,16,32,9401102,1584,48,76032,supported_group_factors,1e-12,50976,0.6704545454545454,32.18181818181818,True,0.013710300088860095,snapshot only,0.0,0.0
deep3_n16_T32_s9401102,deep3,16,32,9401102,1584,48,76032,owner_block_factors,1e-12,52416,0.6893939393939394,33.09090909090909,True,0.02001650002785027,snapshot only,0.0,0.0
deep3_n16_T32_s9401102,deep3,16,32,9401102,1584,48,76032,kronecker_shared_input_basis,1e-12,50976,0.6704545454545454,32.18181818181818,True,0.012940899934619665,snapshot only,0.0,0.0
deep3_n16_T32_s9401102,deep3,16,32,9401102,1584,48,76032,immediate_support_exact_slice_plus_svd_residual,1e-12,107664,1.4160353535353536,67.96969696969697,True,0.0015661000506952405,snapshot only,5.430005660718877e-16,4.85722573273506e-16
deep3_n16_T32_s9401102,deep3,16,32,9401102,1584,48,76032,local_eligibility_plus_svd_residual,1e-12,107664,1.4160353535353536,67.96969696969697,True,0.0013816000428050756,snapshot only,8.648939496010767e-16,7.494005416219807e-16
deep3_n16_T32_s9401103,deep3,16,32,9401103,1584,48,76032,full_matrix,1e-08,76032,1.0,48.0,True,7.00005330145359e-07,online baseline,0.0,0.0
deep3_n16_T32_s9401103,deep3,16,32,9401103,1584,48,76032,coordinate_sparse,1e-08,101376,1.3333333333333333,64.0,True,0.00011730007827281952,snapshot only,0.0,0.0
deep3_n16_T32_s9401103,deep3,16,32,9401103,1584,48,76032,block_sparse_triangular,1e-08,52368,0.6887626262626263,33.06060606060606,True,0.00017110002227127552,known closed online block recurrence,0.0,0.0
deep3_n16_T32_s9401103,deep3,16,32,9401103,1584,48,76032,global_svd,1e-08,78336,1.0303030303030303,49.45454545454545,True,0.0016354999970644712,snapshot only,2.294176192851667e-15,1.124100812432971e-15
deep3_n16_T32_s9401103,deep3,16,32,9401103,1584,48,76032,pivoted_qr_repeated_basis,1e-08,79920,1.0511363636363635,50.45454545454545,True,0.015049799927510321,snapshot only,5.509598643431076e-16,7.771561172376096e-16
deep3_n16_T32_s9401103,deep3,16,32,9401103,1584,48,76032,supported_group_factors,1e-08,50976,0.6704545454545454,32.18181818181818,True,0.013048499939031899,snapshot only,0.0,0.0
deep3_n16_T32_s9401103,deep3,16,32,9401103,1584,48,76032,owner_block_factors,1e-08,52416,0.6893939393939394,33.09090909090909,True,0.01887879997957498,snapshot only,0.0,0.0
deep3_n16_T32_s9401103,deep3,16,32,9401103,1584,48,76032,kronecker_shared_input_basis,1e-08,50960,0.6702441077441077,32.17171717171717,True,0.012120200088247657,snapshot only,3.4920185967424144e-10,5.743843387029379e-10
deep3_n16_T32_s9401103,deep3,16,32,9401103,1584,48,76032,immediate_support_exact_slice_plus_svd_residual,1e-08,107664,1.4160353535353536,67.96969696969697,True,0.0016650999896228313,snapshot only,5.303856705380912e-16,5.551115123125783e-16
deep3_n16_T32_s9401103,deep3,16,32,9401103,1584,48,76032,local_eligibility_plus_svd_residual,1e-08,107664,1.4160353535353536,67.96969696969697,True,0.0014347000978887081,snapshot only,7.225810327251674e-16,4.996003610813204e-16
deep3_n16_T32_s9401103,deep3,16,32,9401103,1584,48,76032,global_svd,1e-10,78336,1.0303030303030303,49.45454545454545,True,0.00124889996368438,snapshot only,2.294176192851667e-15,1.124100812432971e-15
deep3_n16_T32_s9401103,deep3,16,32,9401103,1584,48,76032,pivoted_qr_repeated_basis,1e-10,79920,1.0511363636363635,50.45454545454545,True,0.029384099994786084,snapshot only,5.509598643431076e-16,7.771561172376096e-16
deep3_n16_T32_s9401103,deep3,16,32,9401103,1584,48,76032,supported_group_factors,1e-10,50976,0.6704545454545454,32.18181818181818,True,0.012786999926902354,snapshot only,0.0,0.0
deep3_n16_T32_s9401103,deep3,16,32,9401103,1584,48,76032,owner_block_factors,1e-10,52416,0.6893939393939394,33.09090909090909,True,0.01959259994328022,snapshot only,0.0,0.0
deep3_n16_T32_s9401103,deep3,16,32,9401103,1584,48,76032,kronecker_shared_input_basis,1e-10,50976,0.6704545454545454,32.18181818181818,True,0.011707299971021712,snapshot only,0.0,0.0
deep3_n16_T32_s9401103,deep3,16,32,9401103,1584,48,76032,immediate_support_exact_slice_plus_svd_residual,1e-10,107664,1.4160353535353536,67.96969696969697,True,0.001567099941894412,snapshot only,5.303856705380912e-16,5.551115123125783e-16
deep3_n16_T32_s9401103,deep3,16,32,9401103,1584,48,76032,local_eligibility_plus_svd_residual,1e-10,107664,1.4160353535353536,67.96969696969697,True,0.0013729999773204327,snapshot only,7.225810327251674e-16,4.996003610813204e-16
deep3_n16_T32_s9401103,deep3,16,32,9401103,1584,48,76032,global_svd,1e-12,78336,1.0303030303030303,49.45454545454545,True,0.0012419000267982483,snapshot only,2.294176192851667e-15,1.124100812432971e-15
deep3_n16_T32_s9401103,deep3,16,32,9401103,1584,48,76032,pivoted_qr_repeated_basis,1e-12,79920,1.0511363636363635,50.45454545454545,True,0.03050470002926886,snapshot only,5.509598643431076e-16,7.771561172376096e-16
deep3_n16_T32_s9401103,deep3,16,32,9401103,1584,48,76032,supported_group_factors,1e-12,50976,0.6704545454545454,32.18181818181818,True,0.012886499986052513,snapshot only,0.0,0.0
deep3_n16_T32_s9401103,deep3,16,32,9401103,1584,48,76032,owner_block_factors,1e-12,52416,0.6893939393939394,33.09090909090909,True,0.018885500030592084,snapshot only,0.0,0.0
deep3_n16_T32_s9401103,deep3,16,32,9401103,1584,48,76032,kronecker_shared_input_basis,1e-12,50976,0.6704545454545454,32.18181818181818,True,0.012003200012259185,snapshot only,0.0,0.0
deep3_n16_T32_s9401103,deep3,16,32,9401103,1584,48,76032,immediate_support_exact_slice_plus_svd_residual,1e-12,107664,1.4160353535353536,67.96969696969697,True,0.001510599977336824,snapshot only,5.303856705380912e-16,5.551115123125783e-16
deep3_n16_T32_s9401103,deep3,16,32,9401103,1584,48,76032,local_eligibility_plus_svd_residual,1e-12,107664,1.4160353535353536,67.96969696969697,True,0.0014230000087991357,snapshot only,7.225810327251674e-16,4.996003610813204e-16
deep3_n16_T32_s9401104,deep3,16,32,9401104,1584,48,76032,full_matrix,1e-08,76032,1.0,48.0,True,6.00004568696022e-07,online baseline,0.0,0.0
deep3_n16_T32_s9401104,deep3,16,32,9401104,1584,48,76032,coordinate_sparse,1e-08,101376,1.3333333333333333,64.0,True,0.00016559998039156199,snapshot only,0.0,0.0
deep3_n16_T32_s9401104,deep3,16,32,9401104,1584,48,76032,block_sparse_triangular,1e-08,52368,0.6887626262626263,33.06060606060606,True,0.00017120002303272486,known closed online block recurrence,0.0,0.0
deep3_n16_T32_s9401104,deep3,16,32,9401104,1584,48,76032,global_svd,1e-08,78336,1.0303030303030303,49.45454545454545,True,0.0013891999842599034,snapshot only,1.7732552188862611e-15,1.1102230246251565e-15
deep3_n16_T32_s9401104,deep3,16,32,9401104,1584,48,76032,pivoted_qr_repeated_basis,1e-08,79920,1.0511363636363635,50.45454545454545,True,0.011370799969881773,snapshot only,5.736510336571967e-16,8.881784197001252e-16
deep3_n16_T32_s9401104,deep3,16,32,9401104,1584,48,76032,supported_group_factors,1e-08,50976,0.6704545454545454,32.18181818181818,True,0.013436399982310832,snapshot only,0.0,0.0
deep3_n16_T32_s9401104,deep3,16,32,9401104,1584,48,76032,owner_block_factors,1e-08,52416,0.6893939393939394,33.09090909090909,True,0.02058860007673502,snapshot only,0.0,0.0
deep3_n16_T32_s9401104,deep3,16,32,9401104,1584,48,76032,kronecker_shared_input_basis,1e-08,50960,0.6702441077441077,32.17171717171717,True,0.012330899946391582,snapshot only,1.3745579650130964e-10,1.034801177038358e-10
deep3_n16_T32_s9401104,deep3,16,32,9401104,1584,48,76032,immediate_support_exact_slice_plus_svd_residual,1e-08,107664,1.4160353535353536,67.96969696969697,True,0.0015327000292018056,snapshot only,6.754867879455361e-16,7.216449660063518e-16
deep3_n16_T32_s9401104,deep3,16,32,9401104,1584,48,76032,local_eligibility_plus_svd_residual,1e-08,107664,1.4160353535353536,67.96969696969697,True,0.0013322000158950686,snapshot only,6.34614509008387e-16,4.579669976578771e-16
deep3_n16_T32_s9401104,deep3,16,32,9401104,1584,48,76032,global_svd,1e-10,78336,1.0303030303030303,49.45454545454545,True,0.0014895000495016575,snapshot only,1.7732552188862611e-15,1.1102230246251565e-15
deep3_n16_T32_s9401104,deep3,16,32,9401104,1584,48,76032,pivoted_qr_repeated_basis,1e-10,79920,1.0511363636363635,50.45454545454545,True,0.026166100054979324,snapshot only,5.736510336571967e-16,8.881784197001252e-16
deep3_n16_T32_s9401104,deep3,16,32,9401104,1584,48,76032,supported_group_factors,1e-10,50976,0.6704545454545454,32.18181818181818,True,0.012807700084522367,snapshot only,0.0,0.0
deep3_n16_T32_s9401104,deep3,16,32,9401104,1584,48,76032,owner_block_factors,1e-10,52416,0.6893939393939394,33.09090909090909,True,0.019700400065630674,snapshot only,0.0,0.0
deep3_n16_T32_s9401104,deep3,16,32,9401104,1584,48,76032,kronecker_shared_input_basis,1e-10,50976,0.6704545454545454,32.18181818181818,True,0.012450700043700635,snapshot only,0.0,0.0
deep3_n16_T32_s9401104,deep3,16,32,9401104,1584,48,76032,immediate_support_exact_slice_plus_svd_residual,1e-10,107664,1.4160353535353536,67.96969696969697,True,0.00173510005697608,snapshot only,6.754867879455361e-16,7.216449660063518e-16
deep3_n16_T32_s9401104,deep3,16,32,9401104,1584,48,76032,local_eligibility_plus_svd_residual,1e-10,107664,1.4160353535353536,67.96969696969697,True,0.001384400064125657,snapshot only,6.34614509008387e-16,4.579669976578771e-16
deep3_n16_T32_s9401104,deep3,16,32,9401104,1584,48,76032,global_svd,1e-12,78336,1.0303030303030303,49.45454545454545,True,0.0012887999182567,snapshot only,1.7732552188862611e-15,1.1102230246251565e-15
deep3_n16_T32_s9401104,deep3,16,32,9401104,1584,48,76032,pivoted_qr_repeated_basis,1e-12,79920,1.0511363636363635,50.45454545454545,True,0.009501400054432452,snapshot only,5.736510336571967e-16,8.881784197001252e-16
deep3_n16_T32_s9401104,deep3,16,32,9401104,1584,48,76032,supported_group_factors,1e-12,50976,0.6704545454545454,32.18181818181818,True,0.013366500032134354,snapshot only,0.0,0.0
deep3_n16_T32_s9401104,deep3,16,32,9401104,1584,48,76032,owner_block_factors,1e-12,52416,0.6893939393939394,33.09090909090909,True,0.019482900039292872,snapshot only,0.0,0.0
deep3_n16_T32_s9401104,deep3,16,32,9401104,1584,48,76032,kronecker_shared_input_basis,1e-12,50976,0.6704545454545454,32.18181818181818,True,0.012283399933949113,snapshot only,0.0,0.0
deep3_n16_T32_s9401104,deep3,16,32,9401104,1584,48,76032,immediate_support_exact_slice_plus_svd_residual,1e-12,107664,1.4160353535353536,67.96969696969697,True,0.001492000068537891,snapshot only,6.754867879455361e-16,7.216449660063518e-16
deep3_n16_T32_s9401104,deep3,16,32,9401104,1584,48,76032,local_eligibility_plus_svd_residual,1e-12,107664,1.4160353535353536,67.96969696969697,True,0.0013692000648006797,snapshot only,6.34614509008387e-16,4.579669976578771e-16
deep3_n16_T128_s9401100,deep3,16,128,9401100,1584,48,76032,full_matrix,1e-08,76032,1.0,48.0,True,6.00004568696022e-07,online baseline,0.0,0.0
deep3_n16_T128_s9401100,deep3,16,128,9401100,1584,48,76032,coordinate_sparse,1e-08,101376,1.3333333333333333,64.0,True,0.00011229992378503084,snapshot only,0.0,0.0
deep3_n16_T128_s9401100,deep3,16,128,9401100,1584,48,76032,block_sparse_triangular,1e-08,52368,0.6887626262626263,33.06060606060606,True,0.00014919997192919254,known closed online block recurrence,0.0,0.0
deep3_n16_T128_s9401100,deep3,16,128,9401100,1584,48,76032,global_svd,1e-08,78336,1.0303030303030303,49.45454545454545,True,0.0012914999388158321,snapshot only,1.8472366446790735e-15,1.2212453270876722e-15
deep3_n16_T128_s9401100,deep3,16,128,9401100,1584,48,76032,pivoted_qr_repeated_basis,1e-08,79920,1.0511363636363635,50.45454545454545,True,0.017871599993668497,snapshot only,5.316888130274134e-16,6.661338147750939e-16
deep3_n16_T128_s9401100,deep3,16,128,9401100,1584,48,76032,supported_group_factors,1e-08,50976,0.6704545454545454,32.18181818181818,True,0.012675900012254715,snapshot only,0.0,0.0
deep3_n16_T128_s9401100,deep3,16,128,9401100,1584,48,76032,owner_block_factors,1e-08,52416,0.6893939393939394,33.09090909090909,True,0.019135600072331727,snapshot only,0.0,0.0
deep3_n16_T128_s9401100,deep3,16,128,9401100,1584,48,76032,kronecker_shared_input_basis,1e-08,50960,0.6702441077441077,32.17171717171717,True,0.01265739998780191,snapshot only,2.335165130921009e-10,2.691614708894008e-10
deep3_n16_T128_s9401100,deep3,16,128,9401100,1584,48,76032,immediate_support_exact_slice_plus_svd_residual,1e-08,107664,1.4160353535353536,67.96969696969697,True,0.001534300041384995,snapshot only,5.620385412800664e-16,5.551115123125783e-16
deep3_n16_T128_s9401100,deep3,16,128,9401100,1584,48,76032,local_eligibility_plus_svd_residual,1e-08,107664,1.4160353535353536,67.96969696969697,True,0.0015295000048354268,snapshot only,6.903417582157956e-16,4.718447854656915e-16
deep3_n16_T128_s9401100,deep3,16,128,9401100,1584,48,76032,global_svd,1e-10,78336,1.0303030303030303,49.45454545454545,True,0.001289700041525066,snapshot only,1.8472366446790735e-15,1.2212453270876722e-15
deep3_n16_T128_s9401100,deep3,16,128,9401100,1584,48,76032,pivoted_qr_repeated_basis,1e-10,79920,1.0511363636363635,50.45454545454545,True,0.010223399964161217,snapshot only,5.316888130274134e-16,6.661338147750939e-16
deep3_n16_T128_s9401100,deep3,16,128,9401100,1584,48,76032,supported_group_factors,1e-10,50976,0.6704545454545454,32.18181818181818,True,0.012603300041519105,snapshot only,0.0,0.0
deep3_n16_T128_s9401100,deep3,16,128,9401100,1584,48,76032,owner_block_factors,1e-10,52416,0.6893939393939394,33.09090909090909,True,0.019972699927166104,snapshot only,0.0,0.0
deep3_n16_T128_s9401100,deep3,16,128,9401100,1584,48,76032,kronecker_shared_input_basis,1e-10,50976,0.6704545454545454,32.18181818181818,True,0.012786899926140904,snapshot only,0.0,0.0
deep3_n16_T128_s9401100,deep3,16,128,9401100,1584,48,76032,immediate_support_exact_slice_plus_svd_residual,1e-10,107664,1.4160353535353536,67.96969696969697,True,0.0018309000879526138,snapshot only,5.620385412800664e-16,5.551115123125783e-16
deep3_n16_T128_s9401100,deep3,16,128,9401100,1584,48,76032,local_eligibility_plus_svd_residual,1e-10,107664,1.4160353535353536,67.96969696969697,True,0.0014414000324904919,snapshot only,6.903417582157956e-16,4.718447854656915e-16
deep3_n16_T128_s9401100,deep3,16,128,9401100,1584,48,76032,global_svd,1e-12,78336,1.0303030303030303,49.45454545454545,True,0.001487199915573001,snapshot only,1.8472366446790735e-15,1.2212453270876722e-15
deep3_n16_T128_s9401100,deep3,16,128,9401100,1584,48,76032,pivoted_qr_repeated_basis,1e-12,79920,1.0511363636363635,50.45454545454545,True,0.019799800007604063,snapshot only,5.316888130274134e-16,6.661338147750939e-16
deep3_n16_T128_s9401100,deep3,16,128,9401100,1584,48,76032,supported_group_factors,1e-12,50976,0.6704545454545454,32.18181818181818,True,0.013732100022025406,snapshot only,0.0,0.0
deep3_n16_T128_s9401100,deep3,16,128,9401100,1584,48,76032,owner_block_factors,1e-12,52416,0.6893939393939394,33.09090909090909,True,0.019931099959649146,snapshot only,0.0,0.0
deep3_n16_T128_s9401100,deep3,16,128,9401100,1584,48,76032,kronecker_shared_input_basis,1e-12,50976,0.6704545454545454,32.18181818181818,True,0.012984500033780932,snapshot only,0.0,0.0
deep3_n16_T128_s9401100,deep3,16,128,9401100,1584,48,76032,immediate_support_exact_slice_plus_svd_residual,1e-12,107664,1.4160353535353536,67.96969696969697,True,0.0015122999902814627,snapshot only,5.620385412800664e-16,5.551115123125783e-16
deep3_n16_T128_s9401100,deep3,16,128,9401100,1584,48,76032,local_eligibility_plus_svd_residual,1e-12,107664,1.4160353535353536,67.96969696969697,True,0.0016688000177964568,snapshot only,6.903417582157956e-16,4.718447854656915e-16
deep3_n16_T128_s9401101,deep3,16,128,9401101,1584,48,76032,full_matrix,1e-08,76032,1.0,48.0,True,7.00005330145359e-07,online baseline,0.0,0.0
deep3_n16_T128_s9401101,deep3,16,128,9401101,1584,48,76032,coordinate_sparse,1e-08,101376,1.3333333333333333,64.0,True,0.00013800000306218863,snapshot only,0.0,0.0
deep3_n16_T128_s9401101,deep3,16,128,9401101,1584,48,76032,block_sparse_triangular,1e-08,52368,0.6887626262626263,33.06060606060606,True,0.00015129998791962862,known closed online block recurrence,0.0,0.0
deep3_n16_T128_s9401101,deep3,16,128,9401101,1584,48,76032,global_svd,1e-08,78336,1.0303030303030303,49.45454545454545,True,0.001338499947451055,snapshot only,1.876359571212608e-15,1.6653345369377348e-15
deep3_n16_T128_s9401101,deep3,16,128,9401101,1584,48,76032,pivoted_qr_repeated_basis,1e-08,79920,1.0511363636363635,50.45454545454545,True,0.02385390002746135,snapshot only,6.221560398569632e-16,1.1102230246251565e-15
deep3_n16_T128_s9401101,deep3,16,128,9401101,1584,48,76032,supported_group_factors,1e-08,50976,0.6704545454545454,32.18181818181818,True,0.012873500003479421,snapshot only,0.0,0.0
deep3_n16_T128_s9401101,deep3,16,128,9401101,1584,48,76032,owner_block_factors,1e-08,52416,0.6893939393939394,33.09090909090909,True,0.02007570001296699,snapshot only,0.0,0.0
deep3_n16_T128_s9401101,deep3,16,128,9401101,1584,48,76032,kronecker_shared_input_basis,1e-08,50960,0.6702441077441077,32.17171717171717,True,0.012637000065296888,snapshot only,1.9099098959453513e-10,1.482124267065954e-10
deep3_n16_T128_s9401101,deep3,16,128,9401101,1584,48,76032,immediate_support_exact_slice_plus_svd_residual,1e-08,107664,1.4160353535353536,67.96969696969697,True,0.0016413000412285328,snapshot only,7.500982378248741e-16,7.771561172376096e-16
deep3_n16_T128_s9401101,deep3,16,128,9401101,1584,48,76032,local_eligibility_plus_svd_residual,1e-08,107664,1.4160353535353536,67.96969696969697,True,0.0013444001087918878,snapshot only,8.012256621034469e-16,7.494005416219807e-16
deep3_n16_T128_s9401101,deep3,16,128,9401101,1584,48,76032,global_svd,1e-10,78336,1.0303030303030303,49.45454545454545,True,0.0012226999970152974,snapshot only,1.876359571212608e-15,1.6653345369377348e-15
deep3_n16_T128_s9401101,deep3,16,128,9401101,1584,48,76032,pivoted_qr_repeated_basis,1e-10,79920,1.0511363636363635,50.45454545454545,True,0.01068239996675402,snapshot only,6.221560398569632e-16,1.1102230246251565e-15
deep3_n16_T128_s9401101,deep3,16,128,9401101,1584,48,76032,supported_group_factors,1e-10,50976,0.6704545454545454,32.18181818181818,True,0.013146599987521768,snapshot only,0.0,0.0
deep3_n16_T128_s9401101,deep3,16,128,9401101,1584,48,76032,owner_block_factors,1e-10,52416,0.6893939393939394,33.09090909090909,True,0.021019799984060228,snapshot only,0.0,0.0
deep3_n16_T128_s9401101,deep3,16,128,9401101,1584,48,76032,kronecker_shared_input_basis,1e-10,50976,0.6704545454545454,32.18181818181818,True,0.0127134999493137,snapshot only,0.0,0.0
deep3_n16_T128_s9401101,deep3,16,128,9401101,1584,48,76032,immediate_support_exact_slice_plus_svd_residual,1e-10,107664,1.4160353535353536,67.96969696969697,True,0.0016057000029832125,snapshot only,7.500982378248741e-16,7.771561172376096e-16
deep3_n16_T128_s9401101,deep3,16,128,9401101,1584,48,76032,local_eligibility_plus_svd_residual,1e-10,107664,1.4160353535353536,67.96969696969697,True,0.001513900002464652,snapshot only,8.012256621034469e-16,7.494005416219807e-16
deep3_n16_T128_s9401101,deep3,16,128,9401101,1584,48,76032,global_svd,1e-12,78336,1.0303030303030303,49.45454545454545,True,0.0012555000139400363,snapshot only,1.876359571212608e-15,1.6653345369377348e-15
deep3_n16_T128_s9401101,deep3,16,128,9401101,1584,48,76032,pivoted_qr_repeated_basis,1e-12,79920,1.0511363636363635,50.45454545454545,True,0.011008800007402897,snapshot only,6.221560398569632e-16,1.1102230246251565e-15
deep3_n16_T128_s9401101,deep3,16,128,9401101,1584,48,76032,supported_group_factors,1e-12,50976,0.6704545454545454,32.18181818181818,True,0.013481100089848042,snapshot only,0.0,0.0
deep3_n16_T128_s9401101,deep3,16,128,9401101,1584,48,76032,owner_block_factors,1e-12,52416,0.6893939393939394,33.09090909090909,True,0.02051590010523796,snapshot only,0.0,0.0
deep3_n16_T128_s9401101,deep3,16,128,9401101,1584,48,76032,kronecker_shared_input_basis,1e-12,50976,0.6704545454545454,32.18181818181818,True,0.012594299972988665,snapshot only,0.0,0.0
deep3_n16_T128_s9401101,deep3,16,128,9401101,1584,48,76032,immediate_support_exact_slice_plus_svd_residual,1e-12,107664,1.4160353535353536,67.96969696969697,True,0.001548500033095479,snapshot only,7.500982378248741e-16,7.771561172376096e-16
deep3_n16_T128_s9401101,deep3,16,128,9401101,1584,48,76032,local_eligibility_plus_svd_residual,1e-12,107664,1.4160353535353536,67.96969696969697,True,0.0014181999722495675,snapshot only,8.012256621034469e-16,7.494005416219807e-16
deep3_n16_T128_s9401102,deep3,16,128,9401102,1584,48,76032,full_matrix,1e-08,76032,1.0,48.0,True,7.00005330145359e-07,online baseline,0.0,0.0
deep3_n16_T128_s9401102,deep3,16,128,9401102,1584,48,76032,coordinate_sparse,1e-08,101376,1.3333333333333333,64.0,True,0.000112100038677454,snapshot only,0.0,0.0
deep3_n16_T128_s9401102,deep3,16,128,9401102,1584,48,76032,block_sparse_triangular,1e-08,52368,0.6887626262626263,33.06060606060606,True,0.0001490000868216157,known closed online block recurrence,0.0,0.0
deep3_n16_T128_s9401102,deep3,16,128,9401102,1584,48,76032,global_svd,1e-08,78336,1.0303030303030303,49.45454545454545,True,0.0013192000333219767,snapshot only,3.3364439562735543e-15,2.216930471441041e-15
deep3_n16_T128_s9401102,deep3,16,128,9401102,1584,48,76032,pivoted_qr_repeated_basis,1e-08,79920,1.0511363636363635,50.45454545454545,True,0.01955550001002848,snapshot only,5.480864883032986e-16,7.771561172376096e-16
deep3_n16_T128_s9401102,deep3,16,128,9401102,1584,48,76032,supported_group_factors,1e-08,50976,0.6704545454545454,32.18181818181818,True,0.01297760009765625,snapshot only,0.0,0.0
deep3_n16_T128_s9401102,deep3,16,128,9401102,1584,48,76032,owner_block_factors,1e-08,52416,0.6893939393939394,33.09090909090909,True,0.019912299932911992,snapshot only,0.0,0.0
deep3_n16_T128_s9401102,deep3,16,128,9401102,1584,48,76032,kronecker_shared_input_basis,1e-08,50976,0.6704545454545454,32.18181818181818,True,0.012878900044597685,snapshot only,0.0,0.0
deep3_n16_T128_s9401102,deep3,16,128,9401102,1584,48,76032,immediate_support_exact_slice_plus_svd_residual,1e-08,107664,1.4160353535353536,67.96969696969697,True,0.0016642999835312366,snapshot only,8.388062382662719e-16,1.1102230246251565e-15
deep3_n16_T128_s9401102,deep3,16,128,9401102,1584,48,76032,local_eligibility_plus_svd_residual,1e-08,107664,1.4160353535353536,67.96969696969697,True,0.0014572000363841653,snapshot only,7.371630753535303e-16,5.273559366969494e-16
deep3_n16_T128_s9401102,deep3,16,128,9401102,1584,48,76032,global_svd,1e-10,78336,1.0303030303030303,49.45454545454545,True,0.0012484000762924552,snapshot only,3.3364439562735543e-15,2.216930471441041e-15
deep3_n16_T128_s9401102,deep3,16,128,9401102,1584,48,76032,pivoted_qr_repeated_basis,1e-10,79920,1.0511363636363635,50.45454545454545,True,0.012080000014975667,snapshot only,5.480864883032986e-16,7.771561172376096e-16
deep3_n16_T128_s9401102,deep3,16,128,9401102,1584,48,76032,supported_group_factors,1e-10,50976,0.6704545454545454,32.18181818181818,True,0.013208099990151823,snapshot only,0.0,0.0
deep3_n16_T128_s9401102,deep3,16,128,9401102,1584,48,76032,owner_block_factors,1e-10,52416,0.6893939393939394,33.09090909090909,True,0.021200499963015318,snapshot only,0.0,0.0
deep3_n16_T128_s9401102,deep3,16,128,9401102,1584,48,76032,kronecker_shared_input_basis,1e-10,50976,0.6704545454545454,32.18181818181818,True,0.012775500072166324,snapshot only,0.0,0.0
deep3_n16_T128_s9401102,deep3,16,128,9401102,1584,48,76032,immediate_support_exact_slice_plus_svd_residual,1e-10,107664,1.4160353535353536,67.96969696969697,True,0.0016713000368326902,snapshot only,8.388062382662719e-16,1.1102230246251565e-15
deep3_n16_T128_s9401102,deep3,16,128,9401102,1584,48,76032,local_eligibility_plus_svd_residual,1e-10,107664,1.4160353535353536,67.96969696969697,True,0.0014859000220894814,snapshot only,7.371630753535303e-16,5.273559366969494e-16
deep3_n16_T128_s9401102,deep3,16,128,9401102,1584,48,76032,global_svd,1e-12,78336,1.0303030303030303,49.45454545454545,True,0.0016063000075519085,snapshot only,3.3364439562735543e-15,2.216930471441041e-15
deep3_n16_T128_s9401102,deep3,16,128,9401102,1584,48,76032,pivoted_qr_repeated_basis,1e-12,79920,1.0511363636363635,50.45454545454545,True,0.008187200059182942,snapshot only,5.480864883032986e-16,7.771561172376096e-16
deep3_n16_T128_s9401102,deep3,16,128,9401102,1584,48,76032,supported_group_factors,1e-12,50976,0.6704545454545454,32.18181818181818,True,0.013592100003734231,snapshot only,0.0,0.0
deep3_n16_T128_s9401102,deep3,16,128,9401102,1584,48,76032,owner_block_factors,1e-12,52416,0.6893939393939394,33.09090909090909,True,0.0196655000327155,snapshot only,0.0,0.0
deep3_n16_T128_s9401102,deep3,16,128,9401102,1584,48,76032,kronecker_shared_input_basis,1e-12,50976,0.6704545454545454,32.18181818181818,True,0.012508600018918514,snapshot only,0.0,0.0
deep3_n16_T128_s9401102,deep3,16,128,9401102,1584,48,76032,immediate_support_exact_slice_plus_svd_residual,1e-12,107664,1.4160353535353536,67.96969696969697,True,0.0017510999459773302,snapshot only,8.388062382662719e-16,1.1102230246251565e-15
deep3_n16_T128_s9401102,deep3,16,128,9401102,1584,48,76032,local_eligibility_plus_svd_residual,1e-12,107664,1.4160353535353536,67.96969696969697,True,0.0015229000709950924,snapshot only,7.371630753535303e-16,5.273559366969494e-16
deep3_n16_T128_s9401103,deep3,16,128,9401103,1584,48,76032,full_matrix,1e-08,76032,1.0,48.0,True,7.00005330145359e-07,online baseline,0.0,0.0
deep3_n16_T128_s9401103,deep3,16,128,9401103,1584,48,76032,coordinate_sparse,1e-08,101376,1.3333333333333333,64.0,True,0.00011149991769343615,snapshot only,0.0,0.0
deep3_n16_T128_s9401103,deep3,16,128,9401103,1584,48,76032,block_sparse_triangular,1e-08,52368,0.6887626262626263,33.06060606060606,True,0.00020359992049634457,known closed online block recurrence,0.0,0.0
deep3_n16_T128_s9401103,deep3,16,128,9401103,1584,48,76032,global_svd,1e-08,78336,1.0303030303030303,49.45454545454545,True,0.0013632000191137195,snapshot only,1.993454571737335e-15,1.1657341758564144e-15
deep3_n16_T128_s9401103,deep3,16,128,9401103,1584,48,76032,pivoted_qr_repeated_basis,1e-08,79920,1.0511363636363635,50.45454545454545,True,0.026199699961580336,snapshot only,5.851491259931339e-16,8.881784197001252e-16
deep3_n16_T128_s9401103,deep3,16,128,9401103,1584,48,76032,supported_group_factors,1e-08,50976,0.6704545454545454,32.18181818181818,True,0.013367300038225949,snapshot only,0.0,0.0
deep3_n16_T128_s9401103,deep3,16,128,9401103,1584,48,76032,owner_block_factors,1e-08,52416,0.6893939393939394,33.09090909090909,True,0.020469199982471764,snapshot only,0.0,0.0
deep3_n16_T128_s9401103,deep3,16,128,9401103,1584,48,76032,kronecker_shared_input_basis,1e-08,50960,0.6702441077441077,32.17171717171717,True,0.012908700038678944,snapshot only,1.1837430182216875e-10,8.283186419752453e-11
deep3_n16_T128_s9401103,deep3,16,128,9401103,1584,48,76032,immediate_support_exact_slice_plus_svd_residual,1e-08,107664,1.4160353535353536,67.96969696969697,True,0.0017556999810039997,snapshot only,8.528109144078307e-16,1.2212453270876722e-15
deep3_n16_T128_s9401103,deep3,16,128,9401103,1584,48,76032,local_eligibility_plus_svd_residual,1e-08,107664,1.4160353535353536,67.96969696969697,True,0.0017886999994516373,snapshot only,9.65351554923957e-16,9.71445146547012e-16
deep3_n16_T128_s9401103,deep3,16,128,9401103,1584,48,76032,global_svd,1e-10,78336,1.0303030303030303,49.45454545454545,True,0.0016187999863177538,snapshot only,1.993454571737335e-15,1.1657341758564144e-15
deep3_n16_T128_s9401103,deep3,16,128,9401103,1584,48,76032,pivoted_qr_repeated_basis,1e-10,79920,1.0511363636363635,50.45454545454545,True,0.009584099985659122,snapshot only,5.851491259931339e-16,8.881784197001252e-16
deep3_n16_T128_s9401103,deep3,16,128,9401103,1584,48,76032,supported_group_factors,1e-10,50976,0.6704545454545454,32.18181818181818,True,0.015772499958984554,snapshot only,0.0,0.0
deep3_n16_T128_s9401103,deep3,16,128,9401103,1584,48,76032,owner_block_factors,1e-10,52416,0.6893939393939394,33.09090909090909,True,0.023143200087361038,snapshot only,0.0,0.0
deep3_n16_T128_s9401103,deep3,16,128,9401103,1584,48,76032,kronecker_shared_input_basis,1e-10,50976,0.6704545454545454,32.18181818181818,True,0.015143199940212071,snapshot only,0.0,0.0
deep3_n16_T128_s9401103,deep3,16,128,9401103,1584,48,76032,immediate_support_exact_slice_plus_svd_residual,1e-10,107664,1.4160353535353536,67.96969696969697,True,0.001974700018763542,snapshot only,8.528109144078307e-16,1.2212453270876722e-15
deep3_n16_T128_s9401103,deep3,16,128,9401103,1584,48,76032,local_eligibility_plus_svd_residual,1e-10,107664,1.4160353535353536,67.96969696969697,True,0.0015222999500110745,snapshot only,9.65351554923957e-16,9.71445146547012e-16
deep3_n16_T128_s9401103,deep3,16,128,9401103,1584,48,76032,global_svd,1e-12,78336,1.0303030303030303,49.45454545454545,True,0.0016602999530732632,snapshot only,1.993454571737335e-15,1.1657341758564144e-15
deep3_n16_T128_s9401103,deep3,16,128,9401103,1584,48,76032,pivoted_qr_repeated_basis,1e-12,79920,1.0511363636363635,50.45454545454545,True,0.01207509997766465,snapshot only,5.851491259931339e-16,8.881784197001252e-16
deep3_n16_T128_s9401103,deep3,16,128,9401103,1584,48,76032,supported_group_factors,1e-12,50976,0.6704545454545454,32.18181818181818,True,0.01449869992211461,snapshot only,0.0,0.0
deep3_n16_T128_s9401103,deep3,16,128,9401103,1584,48,76032,owner_block_factors,1e-12,52416,0.6893939393939394,33.09090909090909,True,0.020423599984496832,snapshot only,0.0,0.0
deep3_n16_T128_s9401103,deep3,16,128,9401103,1584,48,76032,kronecker_shared_input_basis,1e-12,50976,0.6704545454545454,32.18181818181818,True,0.012895200052298605,snapshot only,0.0,0.0
deep3_n16_T128_s9401103,deep3,16,128,9401103,1584,48,76032,immediate_support_exact_slice_plus_svd_residual,1e-12,107664,1.4160353535353536,67.96969696969697,True,0.0015569999814033508,snapshot only,8.528109144078307e-16,1.2212453270876722e-15
deep3_n16_T128_s9401103,deep3,16,128,9401103,1584,48,76032,local_eligibility_plus_svd_residual,1e-12,107664,1.4160353535353536,67.96969696969697,True,0.0016538999043405056,snapshot only,9.65351554923957e-16,9.71445146547012e-16
deep3_n16_T128_s9401104,deep3,16,128,9401104,1584,48,76032,full_matrix,1e-08,76032,1.0,48.0,True,6.00004568696022e-07,online baseline,0.0,0.0
deep3_n16_T128_s9401104,deep3,16,128,9401104,1584,48,76032,coordinate_sparse,1e-08,101376,1.3333333333333333,64.0,True,0.00010850001126527786,snapshot only,0.0,0.0
deep3_n16_T128_s9401104,deep3,16,128,9401104,1584,48,76032,block_sparse_triangular,1e-08,52368,0.6887626262626263,33.06060606060606,True,0.00015119998715817928,known closed online block recurrence,0.0,0.0
deep3_n16_T128_s9401104,deep3,16,128,9401104,1584,48,76032,global_svd,1e-08,78336,1.0303030303030303,49.45454545454545,True,0.0013120999792590737,snapshot only,1.8409435272942273e-15,1.3322676295501878e-15
deep3_n16_T128_s9401104,deep3,16,128,9401104,1584,48,76032,pivoted_qr_repeated_basis,1e-08,79920,1.0511363636363635,50.45454545454545,True,0.013041500002145767,snapshot only,5.998931314798799e-16,8.881784197001252e-16
deep3_n16_T128_s9401104,deep3,16,128,9401104,1584,48,76032,supported_group_factors,1e-08,50976,0.6704545454545454,32.18181818181818,True,0.0127716000424698,snapshot only,0.0,0.0
deep3_n16_T128_s9401104,deep3,16,128,9401104,1584,48,76032,owner_block_factors,1e-08,52416,0.6893939393939394,33.09090909090909,True,0.018637600005604327,snapshot only,0.0,0.0
deep3_n16_T128_s9401104,deep3,16,128,9401104,1584,48,76032,kronecker_shared_input_basis,1e-08,50960,0.6702441077441077,32.17171717171717,True,0.012317199958488345,snapshot only,2.698968578736927e-10,2.568740255226576e-10
deep3_n16_T128_s9401104,deep3,16,128,9401104,1584,48,76032,immediate_support_exact_slice_plus_svd_residual,1e-08,107664,1.4160353535353536,67.96969696969697,True,0.0015625000232830644,snapshot only,9.636683843209024e-16,1.1310397063368782e-15
deep3_n16_T128_s9401104,deep3,16,128,9401104,1584,48,76032,local_eligibility_plus_svd_residual,1e-08,107664,1.4160353535353536,67.96969696969697,True,0.0014062999980524182,snapshot only,7.599584341972387e-16,5.44106109698859e-16
deep3_n16_T128_s9401104,deep3,16,128,9401104,1584,48,76032,global_svd,1e-10,78336,1.0303030303030303,49.45454545454545,True,0.001240600016899407,snapshot only,1.8409435272942273e-15,1.3322676295501878e-15
deep3_n16_T128_s9401104,deep3,16,128,9401104,1584,48,76032,pivoted_qr_repeated_basis,1e-10,79920,1.0511363636363635,50.45454545454545,True,0.008545699995011091,snapshot only,5.998931314798799e-16,8.881784197001252e-16
deep3_n16_T128_s9401104,deep3,16,128,9401104,1584,48,76032,supported_group_factors,1e-10,50976,0.6704545454545454,32.18181818181818,True,0.013084899983368814,snapshot only,0.0,0.0
deep3_n16_T128_s9401104,deep3,16,128,9401104,1584,48,76032,owner_block_factors,1e-10,52416,0.6893939393939394,33.09090909090909,True,0.02095879998523742,snapshot only,0.0,0.0
deep3_n16_T128_s9401104,deep3,16,128,9401104,1584,48,76032,kronecker_shared_input_basis,1e-10,50976,0.6704545454545454,32.18181818181818,True,0.012067799922078848,snapshot only,0.0,0.0
deep3_n16_T128_s9401104,deep3,16,128,9401104,1584,48,76032,immediate_support_exact_slice_plus_svd_residual,1e-10,107664,1.4160353535353536,67.96969696969697,True,0.001611800049431622,snapshot only,9.636683843209024e-16,1.1310397063368782e-15
deep3_n16_T128_s9401104,deep3,16,128,9401104,1584,48,76032,local_eligibility_plus_svd_residual,1e-10,107664,1.4160353535353536,67.96969696969697,True,0.0015169999096542597,snapshot only,7.599584341972387e-16,5.44106109698859e-16
deep3_n16_T128_s9401104,deep3,16,128,9401104,1584,48,76032,global_svd,1e-12,78336,1.0303030303030303,49.45454545454545,True,0.00130209990311414,snapshot only,1.8409435272942273e-15,1.3322676295501878e-15
deep3_n16_T128_s9401104,deep3,16,128,9401104,1584,48,76032,pivoted_qr_repeated_basis,1e-12,79920,1.0511363636363635,50.45454545454545,True,0.00939190003555268,snapshot only,5.998931314798799e-16,8.881784197001252e-16
deep3_n16_T128_s9401104,deep3,16,128,9401104,1584,48,76032,supported_group_factors,1e-12,50976,0.6704545454545454,32.18181818181818,True,0.013016999932006001,snapshot only,0.0,0.0
deep3_n16_T128_s9401104,deep3,16,128,9401104,1584,48,76032,owner_block_factors,1e-12,52416,0.6893939393939394,33.09090909090909,True,0.02009210002142936,snapshot only,0.0,0.0
deep3_n16_T128_s9401104,deep3,16,128,9401104,1584,48,76032,kronecker_shared_input_basis,1e-12,50976,0.6704545454545454,32.18181818181818,True,0.0129120999481529,snapshot only,0.0,0.0
deep3_n16_T128_s9401104,deep3,16,128,9401104,1584,48,76032,immediate_support_exact_slice_plus_svd_residual,1e-12,107664,1.4160353535353536,67.96969696969697,True,0.0017533000791445374,snapshot only,9.636683843209024e-16,1.1310397063368782e-15
deep3_n16_T128_s9401104,deep3,16,128,9401104,1584,48,76032,local_eligibility_plus_svd_residual,1e-12,107664,1.4160353535353536,67.96969696969697,True,0.0014583999291062355,snapshot only,7.599584341972387e-16,5.44106109698859e-16
explicit_feedback_n8_T32_s9401100,explicit_feedback,8,32,9401100,144,8,1152,full_matrix,1e-08,1152,1.0,8.0,True,8.00006091594696e-07,online baseline,0.0,0.0
explicit_feedback_n8_T32_s9401100,explicit_feedback,8,32,9401100,144,8,1152,coordinate_sparse,1e-08,2304,2.0,16.0,True,1.889991108328104e-05,snapshot only,0.0,0.0
explicit_feedback_n8_T32_s9401100,explicit_feedback,8,32,9401100,144,8,1152,block_sparse_triangular,1e-08,1304,1.1319444444444444,9.055555555555555,True,1.6700010746717453e-05,known closed online block recurrence,0.0,0.0
explicit_feedback_n8_T32_s9401100,explicit_feedback,8,32,9401100,144,8,1152,global_svd,1e-08,1216,1.0555555555555556,8.444444444444445,True,0.00012340000830590725,snapshot only,9.565633828588525e-16,9.992007221626409e-16
explicit_feedback_n8_T32_s9401100,explicit_feedback,8,32,9401100,144,8,1152,pivoted_qr_repeated_basis,1e-08,1360,1.1805555555555556,9.444444444444445,True,6.19000056758523e-05,snapshot only,4.02093155268479e-16,4.440892098500626e-16
explicit_feedback_n8_T32_s9401100,explicit_feedback,8,32,9401100,144,8,1152,supported_group_factors,1e-08,1184,1.0277777777777777,8.222222222222221,True,0.0008379000937566161,snapshot only,0.0,0.0
explicit_feedback_n8_T32_s9401100,explicit_feedback,8,32,9401100,144,8,1152,owner_block_factors,1e-08,1240,1.0763888888888888,8.61111111111111,True,0.0015499999281018972,snapshot only,0.0,0.0
explicit_feedback_n8_T32_s9401100,explicit_feedback,8,32,9401100,144,8,1152,kronecker_shared_input_basis,1e-08,1184,1.0277777777777777,8.222222222222221,True,0.0008008000440895557,snapshot only,0.0,0.0
explicit_feedback_n8_T32_s9401100,explicit_feedback,8,32,9401100,144,8,1152,immediate_support_exact_slice_plus_svd_residual,1e-08,1968,1.7083333333333333,13.666666666666666,True,9.770004544407129e-05,snapshot only,1.3074005589748646e-16,1.1102230246251565e-16
explicit_feedback_n8_T32_s9401100,explicit_feedback,8,32,9401100,144,8,1152,local_eligibility_plus_svd_residual,1e-08,1968,1.7083333333333333,13.666666666666666,True,9.099999442696571e-05,snapshot only,1.4613618856572206e-16,1.249000902703301e-16
explicit_feedback_n8_T32_s9401100,explicit_feedback,8,32,9401100,144,8,1152,global_svd,1e-10,1216,1.0555555555555556,8.444444444444445,True,7.760000880807638e-05,snapshot only,9.565633828588525e-16,9.992007221626409e-16
explicit_feedback_n8_T32_s9401100,explicit_feedback,8,32,9401100,144,8,1152,pivoted_qr_repeated_basis,1e-10,1360,1.1805555555555556,9.444444444444445,True,5.300005432218313e-05,snapshot only,4.02093155268479e-16,4.440892098500626e-16
explicit_feedback_n8_T32_s9401100,explicit_feedback,8,32,9401100,144,8,1152,supported_group_factors,1e-10,1184,1.0277777777777777,8.222222222222221,True,0.0008128999033942819,snapshot only,0.0,0.0
explicit_feedback_n8_T32_s9401100,explicit_feedback,8,32,9401100,144,8,1152,owner_block_factors,1e-10,1240,1.0763888888888888,8.61111111111111,True,0.0015887001063674688,snapshot only,0.0,0.0
explicit_feedback_n8_T32_s9401100,explicit_feedback,8,32,9401100,144,8,1152,kronecker_shared_input_basis,1e-10,1184,1.0277777777777777,8.222222222222221,True,0.0008543999865651131,snapshot only,0.0,0.0
explicit_feedback_n8_T32_s9401100,explicit_feedback,8,32,9401100,144,8,1152,immediate_support_exact_slice_plus_svd_residual,1e-10,1968,1.7083333333333333,13.666666666666666,True,0.0001053001033142209,snapshot only,1.3074005589748646e-16,1.1102230246251565e-16
explicit_feedback_n8_T32_s9401100,explicit_feedback,8,32,9401100,144,8,1152,local_eligibility_plus_svd_residual,1e-10,1968,1.7083333333333333,13.666666666666666,True,0.0001778999576345086,snapshot only,1.4613618856572206e-16,1.249000902703301e-16
explicit_feedback_n8_T32_s9401100,explicit_feedback,8,32,9401100,144,8,1152,global_svd,1e-12,1216,1.0555555555555556,8.444444444444445,True,8.63000750541687e-05,snapshot only,9.565633828588525e-16,9.992007221626409e-16
explicit_feedback_n8_T32_s9401100,explicit_feedback,8,32,9401100,144,8,1152,pivoted_qr_repeated_basis,1e-12,1360,1.1805555555555556,9.444444444444445,True,6.330001633614302e-05,snapshot only,4.02093155268479e-16,4.440892098500626e-16
explicit_feedback_n8_T32_s9401100,explicit_feedback,8,32,9401100,144,8,1152,supported_group_factors,1e-12,1184,1.0277777777777777,8.222222222222221,True,0.0008217999711632729,snapshot only,0.0,0.0
explicit_feedback_n8_T32_s9401100,explicit_feedback,8,32,9401100,144,8,1152,owner_block_factors,1e-12,1240,1.0763888888888888,8.61111111111111,True,0.0017337000463157892,snapshot only,0.0,0.0
explicit_feedback_n8_T32_s9401100,explicit_feedback,8,32,9401100,144,8,1152,kronecker_shared_input_basis,1e-12,1184,1.0277777777777777,8.222222222222221,True,0.000812100013718009,snapshot only,0.0,0.0
explicit_feedback_n8_T32_s9401100,explicit_feedback,8,32,9401100,144,8,1152,immediate_support_exact_slice_plus_svd_residual,1e-12,1968,1.7083333333333333,13.666666666666666,True,0.0001852000132203102,snapshot only,1.3074005589748646e-16,1.1102230246251565e-16
explicit_feedback_n8_T32_s9401100,explicit_feedback,8,32,9401100,144,8,1152,local_eligibility_plus_svd_residual,1e-12,1968,1.7083333333333333,13.666666666666666,True,0.0001097000204026699,snapshot only,1.4613618856572206e-16,1.249000902703301e-16
explicit_feedback_n8_T32_s9401101,explicit_feedback,8,32,9401101,144,8,1152,full_matrix,1e-08,1152,1.0,8.0,True,7.00005330145359e-07,online baseline,0.0,0.0
explicit_feedback_n8_T32_s9401101,explicit_feedback,8,32,9401101,144,8,1152,coordinate_sparse,1e-08,2304,2.0,16.0,True,1.71000137925148e-05,snapshot only,0.0,0.0
explicit_feedback_n8_T32_s9401101,explicit_feedback,8,32,9401101,144,8,1152,block_sparse_triangular,1e-08,1304,1.1319444444444444,9.055555555555555,True,1.6700010746717453e-05,known closed online block recurrence,0.0,0.0
explicit_feedback_n8_T32_s9401101,explicit_feedback,8,32,9401101,144,8,1152,global_svd,1e-08,1216,1.0555555555555556,8.444444444444445,True,0.00011070002801716328,snapshot only,8.87295536055153e-16,8.881784197001252e-16
explicit_feedback_n8_T32_s9401101,explicit_feedback,8,32,9401101,144,8,1152,pivoted_qr_repeated_basis,1e-08,1360,1.1805555555555556,9.444444444444445,True,6.529991514980793e-05,snapshot only,3.835411853079753e-16,5.551115123125783e-16
explicit_feedback_n8_T32_s9401101,explicit_feedback,8,32,9401101,144,8,1152,supported_group_factors,1e-08,1184,1.0277777777777777,8.222222222222221,True,0.0008409000001847744,snapshot only,0.0,0.0
explicit_feedback_n8_T32_s9401101,explicit_feedback,8,32,9401101,144,8,1152,owner_block_factors,1e-08,1240,1.0763888888888888,8.61111111111111,True,0.0023915000492706895,snapshot only,0.0,0.0
explicit_feedback_n8_T32_s9401101,explicit_feedback,8,32,9401101,144,8,1152,kronecker_shared_input_basis,1e-08,1184,1.0277777777777777,8.222222222222221,True,0.0008388999849557877,snapshot only,0.0,0.0
explicit_feedback_n8_T32_s9401101,explicit_feedback,8,32,9401101,144,8,1152,immediate_support_exact_slice_plus_svd_residual,1e-08,1968,1.7083333333333333,13.666666666666666,True,9.640003554522991e-05,snapshot only,1.6482914264055577e-16,2.1510571102112408e-16
explicit_feedback_n8_T32_s9401101,explicit_feedback,8,32,9401101,144,8,1152,local_eligibility_plus_svd_residual,1e-08,1968,1.7083333333333333,13.666666666666666,True,9.310001041740179e-05,snapshot only,1.3051254070230172e-16,1.3877787807814457e-16
explicit_feedback_n8_T32_s9401101,explicit_feedback,8,32,9401101,144,8,1152,global_svd,1e-10,1216,1.0555555555555556,8.444444444444445,True,7.79998954385519e-05,snapshot only,8.87295536055153e-16,8.881784197001252e-16
explicit_feedback_n8_T32_s9401101,explicit_feedback,8,32,9401101,144,8,1152,pivoted_qr_repeated_basis,1e-10,1360,1.1805555555555556,9.444444444444445,True,5.5200071074068546e-05,snapshot only,3.835411853079753e-16,5.551115123125783e-16
explicit_feedback_n8_T32_s9401101,explicit_feedback,8,32,9401101,144,8,1152,supported_group_factors,1e-10,1184,1.0277777777777777,8.222222222222221,True,0.0008193000685423613,snapshot only,0.0,0.0
explicit_feedback_n8_T32_s9401101,explicit_feedback,8,32,9401101,144,8,1152,owner_block_factors,1e-10,1240,1.0763888888888888,8.61111111111111,True,0.001509999972768128,snapshot only,0.0,0.0
explicit_feedback_n8_T32_s9401101,explicit_feedback,8,32,9401101,144,8,1152,kronecker_shared_input_basis,1e-10,1184,1.0277777777777777,8.222222222222221,True,0.0007869999390095472,snapshot only,0.0,0.0
explicit_feedback_n8_T32_s9401101,explicit_feedback,8,32,9401101,144,8,1152,immediate_support_exact_slice_plus_svd_residual,1e-10,1968,1.7083333333333333,13.666666666666666,True,9.760004468262196e-05,snapshot only,1.6482914264055577e-16,2.1510571102112408e-16
explicit_feedback_n8_T32_s9401101,explicit_feedback,8,32,9401101,144,8,1152,local_eligibility_plus_svd_residual,1e-10,1968,1.7083333333333333,13.666666666666666,True,9.440002031624317e-05,snapshot only,1.3051254070230172e-16,1.3877787807814457e-16
explicit_feedback_n8_T32_s9401101,explicit_feedback,8,32,9401101,144,8,1152,global_svd,1e-12,1216,1.0555555555555556,8.444444444444445,True,7.770000956952572e-05,snapshot only,8.87295536055153e-16,8.881784197001252e-16
explicit_feedback_n8_T32_s9401101,explicit_feedback,8,32,9401101,144,8,1152,pivoted_qr_repeated_basis,1e-12,1360,1.1805555555555556,9.444444444444445,True,5.300005432218313e-05,snapshot only,3.835411853079753e-16,5.551115123125783e-16
explicit_feedback_n8_T32_s9401101,explicit_feedback,8,32,9401101,144,8,1152,supported_group_factors,1e-12,1184,1.0277777777777777,8.222222222222221,True,0.0008039000676944852,snapshot only,0.0,0.0
explicit_feedback_n8_T32_s9401101,explicit_feedback,8,32,9401101,144,8,1152,owner_block_factors,1e-12,1240,1.0763888888888888,8.61111111111111,True,0.0015168000245466828,snapshot only,0.0,0.0
explicit_feedback_n8_T32_s9401101,explicit_feedback,8,32,9401101,144,8,1152,kronecker_shared_input_basis,1e-12,1184,1.0277777777777777,8.222222222222221,True,0.000808600103482604,snapshot only,0.0,0.0
explicit_feedback_n8_T32_s9401101,explicit_feedback,8,32,9401101,144,8,1152,immediate_support_exact_slice_plus_svd_residual,1e-12,1968,1.7083333333333333,13.666666666666666,True,9.510002564638853e-05,snapshot only,1.6482914264055577e-16,2.1510571102112408e-16
explicit_feedback_n8_T32_s9401101,explicit_feedback,8,32,9401101,144,8,1152,local_eligibility_plus_svd_residual,1e-12,1968,1.7083333333333333,13.666666666666666,True,9.280000813305378e-05,snapshot only,1.3051254070230172e-16,1.3877787807814457e-16
explicit_feedback_n8_T32_s9401102,explicit_feedback,8,32,9401102,144,8,1152,full_matrix,1e-08,1152,1.0,8.0,True,7.00005330145359e-07,online baseline,0.0,0.0
explicit_feedback_n8_T32_s9401102,explicit_feedback,8,32,9401102,144,8,1152,coordinate_sparse,1e-08,2304,2.0,16.0,True,1.7300015315413475e-05,snapshot only,0.0,0.0
explicit_feedback_n8_T32_s9401102,explicit_feedback,8,32,9401102,144,8,1152,block_sparse_triangular,1e-08,1304,1.1319444444444444,9.055555555555555,True,1.6600009985268116e-05,known closed online block recurrence,0.0,0.0
explicit_feedback_n8_T32_s9401102,explicit_feedback,8,32,9401102,144,8,1152,global_svd,1e-08,1216,1.0555555555555556,8.444444444444445,True,0.00011249992530792952,snapshot only,1.0148244800857787e-15,8.951173136040325e-16
explicit_feedback_n8_T32_s9401102,explicit_feedback,8,32,9401102,144,8,1152,pivoted_qr_repeated_basis,1e-08,1360,1.1805555555555556,9.444444444444445,True,6.680004298686981e-05,snapshot only,2.7770579108608175e-16,2.949029909160572e-16
explicit_feedback_n8_T32_s9401102,explicit_feedback,8,32,9401102,144,8,1152,supported_group_factors,1e-08,1184,1.0277777777777777,8.222222222222221,True,0.0008955000666901469,snapshot only,0.0,0.0
explicit_feedback_n8_T32_s9401102,explicit_feedback,8,32,9401102,144,8,1152,owner_block_factors,1e-08,1240,1.0763888888888888,8.61111111111111,True,0.0015347999287769198,snapshot only,0.0,0.0
explicit_feedback_n8_T32_s9401102,explicit_feedback,8,32,9401102,144,8,1152,kronecker_shared_input_basis,1e-08,1184,1.0277777777777777,8.222222222222221,True,0.0008011000463739038,snapshot only,0.0,0.0
explicit_feedback_n8_T32_s9401102,explicit_feedback,8,32,9401102,144,8,1152,immediate_support_exact_slice_plus_svd_residual,1e-08,1968,1.7083333333333333,13.666666666666666,True,9.580003097653389e-05,snapshot only,1.375961455535955e-16,1.1102230246251565e-16
explicit_feedback_n8_T32_s9401102,explicit_feedback,8,32,9401102,144,8,1152,local_eligibility_plus_svd_residual,1e-08,1968,1.7083333333333333,13.666666666666666,True,9.180000051856041e-05,snapshot only,5.429541784451075e-16,7.164407955784213e-16
explicit_feedback_n8_T32_s9401102,explicit_feedback,8,32,9401102,144,8,1152,global_svd,1e-10,1216,1.0555555555555556,8.444444444444445,True,8.120003622025251e-05,snapshot only,1.0148244800857787e-15,8.951173136040325e-16
explicit_feedback_n8_T32_s9401102,explicit_feedback,8,32,9401102,144,8,1152,pivoted_qr_repeated_basis,1e-10,1360,1.1805555555555556,9.444444444444445,True,5.540007259696722e-05,snapshot only,2.7770579108608175e-16,2.949029909160572e-16
explicit_feedback_n8_T32_s9401102,explicit_feedback,8,32,9401102,144,8,1152,supported_group_factors,1e-10,1184,1.0277777777777777,8.222222222222221,True,0.0008054000791162252,snapshot only,0.0,0.0
explicit_feedback_n8_T32_s9401102,explicit_feedback,8,32,9401102,144,8,1152,owner_block_factors,1e-10,1240,1.0763888888888888,8.61111111111111,True,0.0015204999363049865,snapshot only,0.0,0.0
explicit_feedback_n8_T32_s9401102,explicit_feedback,8,32,9401102,144,8,1152,kronecker_shared_input_basis,1e-10,1184,1.0277777777777777,8.222222222222221,True,0.0008084999863058329,snapshot only,0.0,0.0
explicit_feedback_n8_T32_s9401102,explicit_feedback,8,32,9401102,144,8,1152,immediate_support_exact_slice_plus_svd_residual,1e-10,1968,1.7083333333333333,13.666666666666666,True,9.540002793073654e-05,snapshot only,1.375961455535955e-16,1.1102230246251565e-16
explicit_feedback_n8_T32_s9401102,explicit_feedback,8,32,9401102,144,8,1152,local_eligibility_plus_svd_residual,1e-10,1968,1.7083333333333333,13.666666666666666,True,0.0001218999968841672,snapshot only,5.429541784451075e-16,7.164407955784213e-16
explicit_feedback_n8_T32_s9401102,explicit_feedback,8,32,9401102,144,8,1152,global_svd,1e-12,1216,1.0555555555555556,8.444444444444445,True,0.0001221999991685152,snapshot only,1.0148244800857787e-15,8.951173136040325e-16
explicit_feedback_n8_T32_s9401102,explicit_feedback,8,32,9401102,144,8,1152,pivoted_qr_repeated_basis,1e-12,1360,1.1805555555555556,9.444444444444445,True,6.410002242773771e-05,snapshot only,2.7770579108608175e-16,2.949029909160572e-16
explicit_feedback_n8_T32_s9401102,explicit_feedback,8,32,9401102,144,8,1152,supported_group_factors,1e-12,1184,1.0277777777777777,8.222222222222221,True,0.0008096999954432249,snapshot only,0.0,0.0
explicit_feedback_n8_T32_s9401102,explicit_feedback,8,32,9401102,144,8,1152,owner_block_factors,1e-12,1240,1.0763888888888888,8.61111111111111,True,0.0017452000174671412,snapshot only,0.0,0.0
explicit_feedback_n8_T32_s9401102,explicit_feedback,8,32,9401102,144,8,1152,kronecker_shared_input_basis,1e-12,1184,1.0277777777777777,8.222222222222221,True,0.0008023999398574233,snapshot only,0.0,0.0
explicit_feedback_n8_T32_s9401102,explicit_feedback,8,32,9401102,144,8,1152,immediate_support_exact_slice_plus_svd_residual,1e-12,1968,1.7083333333333333,13.666666666666666,True,9.809993207454681e-05,snapshot only,1.375961455535955e-16,1.1102230246251565e-16
explicit_feedback_n8_T32_s9401102,explicit_feedback,8,32,9401102,144,8,1152,local_eligibility_plus_svd_residual,1e-12,1968,1.7083333333333333,13.666666666666666,True,9.270000737160444e-05,snapshot only,5.429541784451075e-16,7.164407955784213e-16
explicit_feedback_n8_T32_s9401103,explicit_feedback,8,32,9401103,144,8,1152,full_matrix,1e-08,1152,1.0,8.0,True,6.00004568696022e-07,online baseline,0.0,0.0
explicit_feedback_n8_T32_s9401103,explicit_feedback,8,32,9401103,144,8,1152,coordinate_sparse,1e-08,2304,2.0,16.0,True,1.7400016076862812e-05,snapshot only,0.0,0.0
explicit_feedback_n8_T32_s9401103,explicit_feedback,8,32,9401103,144,8,1152,block_sparse_triangular,1e-08,1304,1.1319444444444444,9.055555555555555,True,2.329994458705187e-05,known closed online block recurrence,0.0,0.0
explicit_feedback_n8_T32_s9401103,explicit_feedback,8,32,9401103,144,8,1152,global_svd,1e-08,1216,1.0555555555555556,8.444444444444445,True,0.0001821999903768301,snapshot only,3.29501643461359e-15,2.7183116868556567e-15
explicit_feedback_n8_T32_s9401103,explicit_feedback,8,32,9401103,144,8,1152,pivoted_qr_repeated_basis,1e-08,1360,1.1805555555555556,9.444444444444445,True,9.790004696696997e-05,snapshot only,3.0581969630120364e-16,3.3306690738754696e-16
explicit_feedback_n8_T32_s9401103,explicit_feedback,8,32,9401103,144,8,1152,supported_group_factors,1e-08,1184,1.0277777777777777,8.222222222222221,True,0.0011875999625772238,snapshot only,0.0,0.0
explicit_feedback_n8_T32_s9401103,explicit_feedback,8,32,9401103,144,8,1152,owner_block_factors,1e-08,1240,1.0763888888888888,8.61111111111111,True,0.002341300016269088,snapshot only,0.0,0.0
explicit_feedback_n8_T32_s9401103,explicit_feedback,8,32,9401103,144,8,1152,kronecker_shared_input_basis,1e-08,1184,1.0277777777777777,8.222222222222221,True,0.0013401999603956938,snapshot only,0.0,0.0
explicit_feedback_n8_T32_s9401103,explicit_feedback,8,32,9401103,144,8,1152,immediate_support_exact_slice_plus_svd_residual,1e-08,1968,1.7083333333333333,13.666666666666666,True,0.00010629999451339245,snapshot only,1.369362420395057e-16,1.1102230246251565e-16
explicit_feedback_n8_T32_s9401103,explicit_feedback,8,32,9401103,144,8,1152,local_eligibility_plus_svd_residual,1e-08,1968,1.7083333333333333,13.666666666666666,True,0.0001634999644011259,snapshot only,6.584143283055569e-16,6.869504964868156e-16
explicit_feedback_n8_T32_s9401103,explicit_feedback,8,32,9401103,144,8,1152,global_svd,1e-10,1216,1.0555555555555556,8.444444444444445,True,9.06999921426177e-05,snapshot only,3.29501643461359e-15,2.7183116868556567e-15
explicit_feedback_n8_T32_s9401103,explicit_feedback,8,32,9401103,144,8,1152,pivoted_qr_repeated_basis,1e-10,1360,1.1805555555555556,9.444444444444445,True,7.379997987300158e-05,snapshot only,3.0581969630120364e-16,3.3306690738754696e-16
explicit_feedback_n8_T32_s9401103,explicit_feedback,8,32,9401103,144,8,1152,supported_group_factors,1e-10,1184,1.0277777777777777,8.222222222222221,True,0.0008435999043285847,snapshot only,0.0,0.0
explicit_feedback_n8_T32_s9401103,explicit_feedback,8,32,9401103,144,8,1152,owner_block_factors,1e-10,1240,1.0763888888888888,8.61111111111111,True,0.0015520000597462058,snapshot only,0.0,0.0
explicit_feedback_n8_T32_s9401103,explicit_feedback,8,32,9401103,144,8,1152,kronecker_shared_input_basis,1e-10,1184,1.0277777777777777,8.222222222222221,True,0.0008295999141409993,snapshot only,0.0,0.0
explicit_feedback_n8_T32_s9401103,explicit_feedback,8,32,9401103,144,8,1152,immediate_support_exact_slice_plus_svd_residual,1e-10,1968,1.7083333333333333,13.666666666666666,True,9.540002793073654e-05,snapshot only,1.369362420395057e-16,1.1102230246251565e-16
explicit_feedback_n8_T32_s9401103,explicit_feedback,8,32,9401103,144,8,1152,local_eligibility_plus_svd_residual,1e-10,1968,1.7083333333333333,13.666666666666666,True,9.109999518841505e-05,snapshot only,6.584143283055569e-16,6.869504964868156e-16
explicit_feedback_n8_T32_s9401103,explicit_feedback,8,32,9401103,144,8,1152,global_svd,1e-12,1216,1.0555555555555556,8.444444444444445,True,7.639999967068434e-05,snapshot only,3.29501643461359e-15,2.7183116868556567e-15
explicit_feedback_n8_T32_s9401103,explicit_feedback,8,32,9401103,144,8,1152,pivoted_qr_repeated_basis,1e-12,1360,1.1805555555555556,9.444444444444445,True,5.530007183551788e-05,snapshot only,3.0581969630120364e-16,3.3306690738754696e-16
explicit_feedback_n8_T32_s9401103,explicit_feedback,8,32,9401103,144,8,1152,supported_group_factors,1e-12,1184,1.0277777777777777,8.222222222222221,True,0.0008067999733611941,snapshot only,0.0,0.0
explicit_feedback_n8_T32_s9401103,explicit_feedback,8,32,9401103,144,8,1152,owner_block_factors,1e-12,1240,1.0763888888888888,8.61111111111111,True,0.001513900002464652,snapshot only,0.0,0.0
explicit_feedback_n8_T32_s9401103,explicit_feedback,8,32,9401103,144,8,1152,kronecker_shared_input_basis,1e-12,1184,1.0277777777777777,8.222222222222221,True,0.0013138999929651618,snapshot only,0.0,0.0
explicit_feedback_n8_T32_s9401103,explicit_feedback,8,32,9401103,144,8,1152,immediate_support_exact_slice_plus_svd_residual,1e-12,1968,1.7083333333333333,13.666666666666666,True,9.210000280290842e-05,snapshot only,1.369362420395057e-16,1.1102230246251565e-16
explicit_feedback_n8_T32_s9401103,explicit_feedback,8,32,9401103,144,8,1152,local_eligibility_plus_svd_residual,1e-12,1968,1.7083333333333333,13.666666666666666,True,8.750008419156075e-05,snapshot only,6.584143283055569e-16,6.869504964868156e-16
explicit_feedback_n8_T32_s9401104,explicit_feedback,8,32,9401104,144,8,1152,full_matrix,1e-08,1152,1.0,8.0,True,6.00004568696022e-07,online baseline,0.0,0.0
explicit_feedback_n8_T32_s9401104,explicit_feedback,8,32,9401104,144,8,1152,coordinate_sparse,1e-08,2304,2.0,16.0,True,1.680001150816679e-05,snapshot only,0.0,0.0
explicit_feedback_n8_T32_s9401104,explicit_feedback,8,32,9401104,144,8,1152,block_sparse_triangular,1e-08,1304,1.1319444444444444,9.055555555555555,True,1.6299891285598278e-05,known closed online block recurrence,0.0,0.0
explicit_feedback_n8_T32_s9401104,explicit_feedback,8,32,9401104,144,8,1152,global_svd,1e-08,1216,1.0555555555555556,8.444444444444445,True,0.00010769988875836134,snapshot only,1.6818812373636109e-15,1.6167622796103842e-15
explicit_feedback_n8_T32_s9401104,explicit_feedback,8,32,9401104,144,8,1152,pivoted_qr_repeated_basis,1e-08,1360,1.1805555555555556,9.444444444444445,True,6.079999729990959e-05,snapshot only,3.2921602986426e-16,4.662069341687669e-16
explicit_feedback_n8_T32_s9401104,explicit_feedback,8,32,9401104,144,8,1152,supported_group_factors,1e-08,1184,1.0277777777777777,8.222222222222221,True,0.0012768000597134233,snapshot only,0.0,0.0
explicit_feedback_n8_T32_s9401104,explicit_feedback,8,32,9401104,144,8,1152,owner_block_factors,1e-08,1240,1.0763888888888888,8.61111111111111,True,0.001792399911209941,snapshot only,0.0,0.0
explicit_feedback_n8_T32_s9401104,explicit_feedback,8,32,9401104,144,8,1152,kronecker_shared_input_basis,1e-08,1184,1.0277777777777777,8.222222222222221,True,0.0008056999649852514,snapshot only,0.0,0.0
explicit_feedback_n8_T32_s9401104,explicit_feedback,8,32,9401104,144,8,1152,immediate_support_exact_slice_plus_svd_residual,1e-08,1968,1.7083333333333333,13.666666666666666,True,9.759992826730013e-05,snapshot only,1.4088389807050075e-16,1.8041124150158794e-16
explicit_feedback_n8_T32_s9401104,explicit_feedback,8,32,9401104,144,8,1152,local_eligibility_plus_svd_residual,1e-08,1968,1.7083333333333333,13.666666666666666,True,9.039998985826969e-05,snapshot only,1.3559875245333674e-16,1.1796119636642288e-16
explicit_feedback_n8_T32_s9401104,explicit_feedback,8,32,9401104,144,8,1152,global_svd,1e-10,1216,1.0555555555555556,8.444444444444445,True,7.910002022981644e-05,snapshot only,1.6818812373636109e-15,1.6167622796103842e-15
explicit_feedback_n8_T32_s9401104,explicit_feedback,8,32,9401104,144,8,1152,pivoted_qr_repeated_basis,1e-10,1360,1.1805555555555556,9.444444444444445,True,5.819997750222683e-05,snapshot only,3.2921602986426e-16,4.662069341687669e-16
explicit_feedback_n8_T32_s9401104,explicit_feedback,8,32,9401104,144,8,1152,supported_group_factors,1e-10,1184,1.0277777777777777,8.222222222222221,True,0.0008111000061035156,snapshot only,0.0,0.0
explicit_feedback_n8_T32_s9401104,explicit_feedback,8,32,9401104,144,8,1152,owner_block_factors,1e-10,1240,1.0763888888888888,8.61111111111111,True,0.0015125999925658107,snapshot only,0.0,0.0
explicit_feedback_n8_T32_s9401104,explicit_feedback,8,32,9401104,144,8,1152,kronecker_shared_input_basis,1e-10,1184,1.0277777777777777,8.222222222222221,True,0.0008062999695539474,snapshot only,0.0,0.0
explicit_feedback_n8_T32_s9401104,explicit_feedback,8,32,9401104,144,8,1152,immediate_support_exact_slice_plus_svd_residual,1e-10,1968,1.7083333333333333,13.666666666666666,True,9.390001650899649e-05,snapshot only,1.4088389807050075e-16,1.8041124150158794e-16
explicit_feedback_n8_T32_s9401104,explicit_feedback,8,32,9401104,144,8,1152,local_eligibility_plus_svd_residual,1e-10,1968,1.7083333333333333,13.666666666666666,True,9.180000051856041e-05,snapshot only,1.3559875245333674e-16,1.1796119636642288e-16
explicit_feedback_n8_T32_s9401104,explicit_feedback,8,32,9401104,144,8,1152,global_svd,1e-12,1216,1.0555555555555556,8.444444444444445,True,7.740000728517771e-05,snapshot only,1.6818812373636109e-15,1.6167622796103842e-15
explicit_feedback_n8_T32_s9401104,explicit_feedback,8,32,9401104,144,8,1152,pivoted_qr_repeated_basis,1e-12,1360,1.1805555555555556,9.444444444444445,True,5.3699943237006664e-05,snapshot only,3.2921602986426e-16,4.662069341687669e-16
explicit_feedback_n8_T32_s9401104,explicit_feedback,8,32,9401104,144,8,1152,supported_group_factors,1e-12,1184,1.0277777777777777,8.222222222222221,True,0.0008069999748840928,snapshot only,0.0,0.0
explicit_feedback_n8_T32_s9401104,explicit_feedback,8,32,9401104,144,8,1152,owner_block_factors,1e-12,1240,1.0763888888888888,8.61111111111111,True,0.0015146000077947974,snapshot only,0.0,0.0
explicit_feedback_n8_T32_s9401104,explicit_feedback,8,32,9401104,144,8,1152,kronecker_shared_input_basis,1e-12,1184,1.0277777777777777,8.222222222222221,True,0.0008001000387594104,snapshot only,0.0,0.0
explicit_feedback_n8_T32_s9401104,explicit_feedback,8,32,9401104,144,8,1152,immediate_support_exact_slice_plus_svd_residual,1e-12,1968,1.7083333333333333,13.666666666666666,True,9.440002031624317e-05,snapshot only,1.4088389807050075e-16,1.8041124150158794e-16
explicit_feedback_n8_T32_s9401104,explicit_feedback,8,32,9401104,144,8,1152,local_eligibility_plus_svd_residual,1e-12,1968,1.7083333333333333,13.666666666666666,True,9.470002260059118e-05,snapshot only,1.3559875245333674e-16,1.1796119636642288e-16
explicit_feedback_n8_T128_s9401100,explicit_feedback,8,128,9401100,144,8,1152,full_matrix,1e-08,1152,1.0,8.0,True,6.00004568696022e-07,online baseline,0.0,0.0
explicit_feedback_n8_T128_s9401100,explicit_feedback,8,128,9401100,144,8,1152,coordinate_sparse,1e-08,2304,2.0,16.0,True,1.5900004655122757e-05,snapshot only,0.0,0.0
explicit_feedback_n8_T128_s9401100,explicit_feedback,8,128,9401100,144,8,1152,block_sparse_triangular,1e-08,1304,1.1319444444444444,9.055555555555555,True,1.6300007700920105e-05,known closed online block recurrence,0.0,0.0
explicit_feedback_n8_T128_s9401100,explicit_feedback,8,128,9401100,144,8,1152,global_svd,1e-08,1216,1.0555555555555556,8.444444444444445,True,0.00011010002344846725,snapshot only,1.23885319231914e-15,1.4432899320127035e-15
explicit_feedback_n8_T128_s9401100,explicit_feedback,8,128,9401100,144,8,1152,pivoted_qr_repeated_basis,1e-08,1360,1.1805555555555556,9.444444444444445,True,6.220000796020031e-05,snapshot only,4.074331115049253e-16,4.440892098500626e-16
explicit_feedback_n8_T128_s9401100,explicit_feedback,8,128,9401100,144,8,1152,supported_group_factors,1e-08,1184,1.0277777777777777,8.222222222222221,True,0.0008361999643966556,snapshot only,0.0,0.0
explicit_feedback_n8_T128_s9401100,explicit_feedback,8,128,9401100,144,8,1152,owner_block_factors,1e-08,1240,1.0763888888888888,8.61111111111111,True,0.0015143000055104494,snapshot only,0.0,0.0
explicit_feedback_n8_T128_s9401100,explicit_feedback,8,128,9401100,144,8,1152,kronecker_shared_input_basis,1e-08,1176,1.0208333333333333,8.166666666666666,True,0.0008119000121951103,snapshot only,4.361300154138288e-09,2.7554528901629904e-09
explicit_feedback_n8_T128_s9401100,explicit_feedback,8,128,9401100,144,8,1152,immediate_support_exact_slice_plus_svd_residual,1e-08,1968,1.7083333333333333,13.666666666666666,True,9.380001574754715e-05,snapshot only,1.4551025905683536e-16,1.3877787807814457e-16
explicit_feedback_n8_T128_s9401100,explicit_feedback,8,128,9401100,144,8,1152,local_eligibility_plus_svd_residual,1e-08,1968,1.7083333333333333,13.666666666666666,True,8.939998224377632e-05,snapshot only,1.3794568443818033e-16,1.3183898417423734e-16
explicit_feedback_n8_T128_s9401100,explicit_feedback,8,128,9401100,144,8,1152,global_svd,1e-10,1216,1.0555555555555556,8.444444444444445,True,7.609999738633633e-05,snapshot only,1.23885319231914e-15,1.4432899320127035e-15
explicit_feedback_n8_T128_s9401100,explicit_feedback,8,128,9401100,144,8,1152,pivoted_qr_repeated_basis,1e-10,1360,1.1805555555555556,9.444444444444445,True,5.1900045946240425e-05,snapshot only,4.074331115049253e-16,4.440892098500626e-16
explicit_feedback_n8_T128_s9401100,explicit_feedback,8,128,9401100,144,8,1152,supported_group_factors,1e-10,1184,1.0277777777777777,8.222222222222221,True,0.0007961998926475644,snapshot only,0.0,0.0
explicit_feedback_n8_T128_s9401100,explicit_feedback,8,128,9401100,144,8,1152,owner_block_factors,1e-10,1240,1.0763888888888888,8.61111111111111,True,0.001724999980069697,snapshot only,0.0,0.0
explicit_feedback_n8_T128_s9401100,explicit_feedback,8,128,9401100,144,8,1152,kronecker_shared_input_basis,1e-10,1184,1.0277777777777777,8.222222222222221,True,0.0008251999970525503,snapshot only,0.0,0.0
explicit_feedback_n8_T128_s9401100,explicit_feedback,8,128,9401100,144,8,1152,immediate_support_exact_slice_plus_svd_residual,1e-10,1968,1.7083333333333333,13.666666666666666,True,9.400001727044582e-05,snapshot only,1.4551025905683536e-16,1.3877787807814457e-16
explicit_feedback_n8_T128_s9401100,explicit_feedback,8,128,9401100,144,8,1152,local_eligibility_plus_svd_residual,1e-10,1968,1.7083333333333333,13.666666666666666,True,8.969998452812433e-05,snapshot only,1.3794568443818033e-16,1.3183898417423734e-16
explicit_feedback_n8_T128_s9401100,explicit_feedback,8,128,9401100,144,8,1152,global_svd,1e-12,1216,1.0555555555555556,8.444444444444445,True,7.670000195503235e-05,snapshot only,1.23885319231914e-15,1.4432899320127035e-15
explicit_feedback_n8_T128_s9401100,explicit_feedback,8,128,9401100,144,8,1152,pivoted_qr_repeated_basis,1e-12,1360,1.1805555555555556,9.444444444444445,True,5.209993105381727e-05,snapshot only,4.074331115049253e-16,4.440892098500626e-16
explicit_feedback_n8_T128_s9401100,explicit_feedback,8,128,9401100,144,8,1152,supported_group_factors,1e-12,1184,1.0277777777777777,8.222222222222221,True,0.0008033000631257892,snapshot only,0.0,0.0
explicit_feedback_n8_T128_s9401100,explicit_feedback,8,128,9401100,144,8,1152,owner_block_factors,1e-12,1240,1.0763888888888888,8.61111111111111,True,0.001517999917268753,snapshot only,0.0,0.0
explicit_feedback_n8_T128_s9401100,explicit_feedback,8,128,9401100,144,8,1152,kronecker_shared_input_basis,1e-12,1184,1.0277777777777777,8.222222222222221,True,0.000784000032581389,snapshot only,0.0,0.0
explicit_feedback_n8_T128_s9401100,explicit_feedback,8,128,9401100,144,8,1152,immediate_support_exact_slice_plus_svd_residual,1e-12,1968,1.7083333333333333,13.666666666666666,True,0.00012580002658069134,snapshot only,1.4551025905683536e-16,1.3877787807814457e-16
explicit_feedback_n8_T128_s9401100,explicit_feedback,8,128,9401100,144,8,1152,local_eligibility_plus_svd_residual,1e-12,1968,1.7083333333333333,13.666666666666666,True,9.250000584870577e-05,snapshot only,1.3794568443818033e-16,1.3183898417423734e-16
explicit_feedback_n8_T128_s9401101,explicit_feedback,8,128,9401101,144,8,1152,full_matrix,1e-08,1152,1.0,8.0,True,9.00006853044033e-07,online baseline,0.0,0.0
explicit_feedback_n8_T128_s9401101,explicit_feedback,8,128,9401101,144,8,1152,coordinate_sparse,1e-08,2304,2.0,16.0,True,1.68998958542943e-05,snapshot only,0.0,0.0
explicit_feedback_n8_T128_s9401101,explicit_feedback,8,128,9401101,144,8,1152,block_sparse_triangular,1e-08,1304,1.1319444444444444,9.055555555555555,True,1.750001683831215e-05,known closed online block recurrence,0.0,0.0
explicit_feedback_n8_T128_s9401101,explicit_feedback,8,128,9401101,144,8,1152,global_svd,1e-08,1216,1.0555555555555556,8.444444444444445,True,0.00011220003943890333,snapshot only,1.2072220279316516e-15,8.881784197001252e-16
explicit_feedback_n8_T128_s9401101,explicit_feedback,8,128,9401101,144,8,1152,pivoted_qr_repeated_basis,1e-08,1360,1.1805555555555556,9.444444444444445,True,6.65000407025218e-05,snapshot only,2.148635353148969e-16,2.706168622523819e-16
explicit_feedback_n8_T128_s9401101,explicit_feedback,8,128,9401101,144,8,1152,supported_group_factors,1e-08,1184,1.0277777777777777,8.222222222222221,True,0.0008441000245511532,snapshot only,0.0,0.0
explicit_feedback_n8_T128_s9401101,explicit_feedback,8,128,9401101,144,8,1152,owner_block_factors,1e-08,1240,1.0763888888888888,8.61111111111111,True,0.0015370999462902546,snapshot only,0.0,0.0
explicit_feedback_n8_T128_s9401101,explicit_feedback,8,128,9401101,144,8,1152,kronecker_shared_input_basis,1e-08,1184,1.0277777777777777,8.222222222222221,True,0.0008067999733611941,snapshot only,0.0,0.0
explicit_feedback_n8_T128_s9401101,explicit_feedback,8,128,9401101,144,8,1152,immediate_support_exact_slice_plus_svd_residual,1e-08,1968,1.7083333333333333,13.666666666666666,True,9.979994501918554e-05,snapshot only,2.29787498371121e-16,3.0531133177191805e-16
explicit_feedback_n8_T128_s9401101,explicit_feedback,8,128,9401101,144,8,1152,local_eligibility_plus_svd_residual,1e-08,1968,1.7083333333333333,13.666666666666666,True,9.370001498609781e-05,snapshot only,2.561922317361418e-16,2.463307335887066e-16
explicit_feedback_n8_T128_s9401101,explicit_feedback,8,128,9401101,144,8,1152,global_svd,1e-10,1216,1.0555555555555556,8.444444444444445,True,7.800001185387373e-05,snapshot only,1.2072220279316516e-15,8.881784197001252e-16
explicit_feedback_n8_T128_s9401101,explicit_feedback,8,128,9401101,144,8,1152,pivoted_qr_repeated_basis,1e-10,1360,1.1805555555555556,9.444444444444445,True,5.809997674077749e-05,snapshot only,2.148635353148969e-16,2.706168622523819e-16
explicit_feedback_n8_T128_s9401101,explicit_feedback,8,128,9401101,144,8,1152,supported_group_factors,1e-10,1184,1.0277777777777777,8.222222222222221,True,0.000812100013718009,snapshot only,0.0,0.0
explicit_feedback_n8_T128_s9401101,explicit_feedback,8,128,9401101,144,8,1152,owner_block_factors,1e-10,1240,1.0763888888888888,8.61111111111111,True,0.001548800035379827,snapshot only,0.0,0.0
explicit_feedback_n8_T128_s9401101,explicit_feedback,8,128,9401101,144,8,1152,kronecker_shared_input_basis,1e-10,1184,1.0277777777777777,8.222222222222221,True,0.0008007000433281064,snapshot only,0.0,0.0
explicit_feedback_n8_T128_s9401101,explicit_feedback,8,128,9401101,144,8,1152,immediate_support_exact_slice_plus_svd_residual,1e-10,1968,1.7083333333333333,13.666666666666666,True,9.580003097653389e-05,snapshot only,2.29787498371121e-16,3.0531133177191805e-16
explicit_feedback_n8_T128_s9401101,explicit_feedback,8,128,9401101,144,8,1152,local_eligibility_plus_svd_residual,1e-10,1968,1.7083333333333333,13.666666666666666,True,9.049999061971903e-05,snapshot only,2.561922317361418e-16,2.463307335887066e-16
explicit_feedback_n8_T128_s9401101,explicit_feedback,8,128,9401101,144,8,1152,global_svd,1e-12,1216,1.0555555555555556,8.444444444444445,True,7.639999967068434e-05,snapshot only,1.2072220279316516e-15,8.881784197001252e-16
explicit_feedback_n8_T128_s9401101,explicit_feedback,8,128,9401101,144,8,1152,pivoted_qr_repeated_basis,1e-12,1360,1.1805555555555556,9.444444444444445,True,5.1900045946240425e-05,snapshot only,2.148635353148969e-16,2.706168622523819e-16
explicit_feedback_n8_T128_s9401101,explicit_feedback,8,128,9401101,144,8,1152,supported_group_factors,1e-12,1184,1.0277777777777777,8.222222222222221,True,0.0010400000028312206,snapshot only,0.0,0.0
explicit_feedback_n8_T128_s9401101,explicit_feedback,8,128,9401101,144,8,1152,owner_block_factors,1e-12,1240,1.0763888888888888,8.61111111111111,True,0.0017202000599354506,snapshot only,0.0,0.0
explicit_feedback_n8_T128_s9401101,explicit_feedback,8,128,9401101,144,8,1152,kronecker_shared_input_basis,1e-12,1184,1.0277777777777777,8.222222222222221,True,0.0008131000213325024,snapshot only,0.0,0.0
explicit_feedback_n8_T128_s9401101,explicit_feedback,8,128,9401101,144,8,1152,immediate_support_exact_slice_plus_svd_residual,1e-12,1968,1.7083333333333333,13.666666666666666,True,9.890005458146334e-05,snapshot only,2.29787498371121e-16,3.0531133177191805e-16
explicit_feedback_n8_T128_s9401101,explicit_feedback,8,128,9401101,144,8,1152,local_eligibility_plus_svd_residual,1e-12,1968,1.7083333333333333,13.666666666666666,True,9.129999671131372e-05,snapshot only,2.561922317361418e-16,2.463307335887066e-16
explicit_feedback_n8_T128_s9401102,explicit_feedback,8,128,9401102,144,8,1152,full_matrix,1e-08,1152,1.0,8.0,True,6.00004568696022e-07,online baseline,0.0,0.0
explicit_feedback_n8_T128_s9401102,explicit_feedback,8,128,9401102,144,8,1152,coordinate_sparse,1e-08,2304,2.0,16.0,True,1.8700025975704193e-05,snapshot only,0.0,0.0
explicit_feedback_n8_T128_s9401102,explicit_feedback,8,128,9401102,144,8,1152,block_sparse_triangular,1e-08,1304,1.1319444444444444,9.055555555555555,True,1.7600017599761486e-05,known closed online block recurrence,0.0,0.0
explicit_feedback_n8_T128_s9401102,explicit_feedback,8,128,9401102,144,8,1152,global_svd,1e-08,1216,1.0555555555555556,8.444444444444445,True,0.000112100038677454,snapshot only,1.1934760325474856e-15,8.881784197001252e-16
explicit_feedback_n8_T128_s9401102,explicit_feedback,8,128,9401102,144,8,1152,pivoted_qr_repeated_basis,1e-08,1360,1.1805555555555556,9.444444444444445,True,7.030006963759661e-05,snapshot only,4.2806205288813403e-16,5.551115123125783e-16
explicit_feedback_n8_T128_s9401102,explicit_feedback,8,128,9401102,144,8,1152,supported_group_factors,1e-08,1184,1.0277777777777777,8.222222222222221,True,0.0008766999235376716,snapshot only,0.0,0.0
explicit_feedback_n8_T128_s9401102,explicit_feedback,8,128,9401102,144,8,1152,owner_block_factors,1e-08,1240,1.0763888888888888,8.61111111111111,True,0.0015527999494224787,snapshot only,0.0,0.0
explicit_feedback_n8_T128_s9401102,explicit_feedback,8,128,9401102,144,8,1152,kronecker_shared_input_basis,1e-08,1184,1.0277777777777777,8.222222222222221,True,0.001292400062084198,snapshot only,0.0,0.0
explicit_feedback_n8_T128_s9401102,explicit_feedback,8,128,9401102,144,8,1152,immediate_support_exact_slice_plus_svd_residual,1e-08,1968,1.7083333333333333,13.666666666666666,True,9.980006143450737e-05,snapshot only,1.5098178783820934e-16,1.457167719820518e-16
explicit_feedback_n8_T128_s9401102,explicit_feedback,8,128,9401102,144,8,1152,local_eligibility_plus_svd_residual,1e-08,1968,1.7083333333333333,13.666666666666666,True,0.00021389999892562628,snapshot only,1.6344424535487302e-16,1.3877787807814457e-16
explicit_feedback_n8_T128_s9401102,explicit_feedback,8,128,9401102,144,8,1152,global_svd,1e-10,1216,1.0555555555555556,8.444444444444445,True,0.0001265999162569642,snapshot only,1.1934760325474856e-15,8.881784197001252e-16
explicit_feedback_n8_T128_s9401102,explicit_feedback,8,128,9401102,144,8,1152,pivoted_qr_repeated_basis,1e-10,1360,1.1805555555555556,9.444444444444445,True,8.63000750541687e-05,snapshot only,4.2806205288813403e-16,5.551115123125783e-16
explicit_feedback_n8_T128_s9401102,explicit_feedback,8,128,9401102,144,8,1152,supported_group_factors,1e-10,1184,1.0277777777777777,8.222222222222221,True,0.0012242000084370375,snapshot only,0.0,0.0
explicit_feedback_n8_T128_s9401102,explicit_feedback,8,128,9401102,144,8,1152,owner_block_factors,1e-10,1240,1.0763888888888888,8.61111111111111,True,0.0017859999788925052,snapshot only,0.0,0.0
explicit_feedback_n8_T128_s9401102,explicit_feedback,8,128,9401102,144,8,1152,kronecker_shared_input_basis,1e-10,1184,1.0277777777777777,8.222222222222221,True,0.0008336000610142946,snapshot only,0.0,0.0
explicit_feedback_n8_T128_s9401102,explicit_feedback,8,128,9401102,144,8,1152,immediate_support_exact_slice_plus_svd_residual,1e-10,1968,1.7083333333333333,13.666666666666666,True,0.00013870000839233398,snapshot only,1.5098178783820934e-16,1.457167719820518e-16
explicit_feedback_n8_T128_s9401102,explicit_feedback,8,128,9401102,144,8,1152,local_eligibility_plus_svd_residual,1e-10,1968,1.7083333333333333,13.666666666666666,True,0.00012909993529319763,snapshot only,1.6344424535487302e-16,1.3877787807814457e-16
explicit_feedback_n8_T128_s9401102,explicit_feedback,8,128,9401102,144,8,1152,global_svd,1e-12,1216,1.0555555555555556,8.444444444444445,True,8.5200066678226e-05,snapshot only,1.1934760325474856e-15,8.881784197001252e-16
explicit_feedback_n8_T128_s9401102,explicit_feedback,8,128,9401102,144,8,1152,pivoted_qr_repeated_basis,1e-12,1360,1.1805555555555556,9.444444444444445,True,6.050011143088341e-05,snapshot only,4.2806205288813403e-16,5.551115123125783e-16
explicit_feedback_n8_T128_s9401102,explicit_feedback,8,128,9401102,144,8,1152,supported_group_factors,1e-12,1184,1.0277777777777777,8.222222222222221,True,0.0008986999746412039,snapshot only,0.0,0.0
explicit_feedback_n8_T128_s9401102,explicit_feedback,8,128,9401102,144,8,1152,owner_block_factors,1e-12,1240,1.0763888888888888,8.61111111111111,True,0.0015607000095769763,snapshot only,0.0,0.0
explicit_feedback_n8_T128_s9401102,explicit_feedback,8,128,9401102,144,8,1152,kronecker_shared_input_basis,1e-12,1184,1.0277777777777777,8.222222222222221,True,0.0008593000238761306,snapshot only,0.0,0.0
explicit_feedback_n8_T128_s9401102,explicit_feedback,8,128,9401102,144,8,1152,immediate_support_exact_slice_plus_svd_residual,1e-12,1968,1.7083333333333333,13.666666666666666,True,0.00011150003410875797,snapshot only,1.5098178783820934e-16,1.457167719820518e-16
explicit_feedback_n8_T128_s9401102,explicit_feedback,8,128,9401102,144,8,1152,local_eligibility_plus_svd_residual,1e-12,1968,1.7083333333333333,13.666666666666666,True,0.00010430009569972754,snapshot only,1.6344424535487302e-16,1.3877787807814457e-16
explicit_feedback_n8_T128_s9401103,explicit_feedback,8,128,9401103,144,8,1152,full_matrix,1e-08,1152,1.0,8.0,True,6.00004568696022e-07,online baseline,0.0,0.0
explicit_feedback_n8_T128_s9401103,explicit_feedback,8,128,9401103,144,8,1152,coordinate_sparse,1e-08,2304,2.0,16.0,True,1.910002902150154e-05,snapshot only,0.0,0.0
explicit_feedback_n8_T128_s9401103,explicit_feedback,8,128,9401103,144,8,1152,block_sparse_triangular,1e-08,1304,1.1319444444444444,9.055555555555555,True,1.850002445280552e-05,known closed online block recurrence,0.0,0.0
explicit_feedback_n8_T128_s9401103,explicit_feedback,8,128,9401103,144,8,1152,global_svd,1e-08,1216,1.0555555555555556,8.444444444444445,True,0.0001246000174432993,snapshot only,1.2101338950995072e-15,9.992007221626409e-16
explicit_feedback_n8_T128_s9401103,explicit_feedback,8,128,9401103,144,8,1152,pivoted_qr_repeated_basis,1e-08,1360,1.1805555555555556,9.444444444444445,True,7.349997758865356e-05,snapshot only,2.769451392809047e-16,3.660266534311063e-16
explicit_feedback_n8_T128_s9401103,explicit_feedback,8,128,9401103,144,8,1152,supported_group_factors,1e-08,1184,1.0277777777777777,8.222222222222221,True,0.0009108999511227012,snapshot only,0.0,0.0
explicit_feedback_n8_T128_s9401103,explicit_feedback,8,128,9401103,144,8,1152,owner_block_factors,1e-08,1240,1.0763888888888888,8.61111111111111,True,0.00162390002515167,snapshot only,0.0,0.0
explicit_feedback_n8_T128_s9401103,explicit_feedback,8,128,9401103,144,8,1152,kronecker_shared_input_basis,1e-08,1184,1.0277777777777777,8.222222222222221,True,0.000839899992570281,snapshot only,0.0,0.0
explicit_feedback_n8_T128_s9401103,explicit_feedback,8,128,9401103,144,8,1152,immediate_support_exact_slice_plus_svd_residual,1e-08,1968,1.7083333333333333,13.666666666666666,True,0.00010339997243136168,snapshot only,1.0257022176711848e-16,1.1102230246251565e-16
explicit_feedback_n8_T128_s9401103,explicit_feedback,8,128,9401103,144,8,1152,local_eligibility_plus_svd_residual,1e-08,1968,1.7083333333333333,13.666666666666666,True,9.109999518841505e-05,snapshot only,8.390355835581203e-17,8.326672684688674e-17
explicit_feedback_n8_T128_s9401103,explicit_feedback,8,128,9401103,144,8,1152,global_svd,1e-10,1216,1.0555555555555556,8.444444444444445,True,7.780001033097506e-05,snapshot only,1.2101338950995072e-15,9.992007221626409e-16
explicit_feedback_n8_T128_s9401103,explicit_feedback,8,128,9401103,144,8,1152,pivoted_qr_repeated_basis,1e-10,1360,1.1805555555555556,9.444444444444445,True,5.789997521787882e-05,snapshot only,2.769451392809047e-16,3.660266534311063e-16
explicit_feedback_n8_T128_s9401103,explicit_feedback,8,128,9401103,144,8,1152,supported_group_factors,1e-10,1184,1.0277777777777777,8.222222222222221,True,0.0008468000451102853,snapshot only,0.0,0.0
explicit_feedback_n8_T128_s9401103,explicit_feedback,8,128,9401103,144,8,1152,owner_block_factors,1e-10,1240,1.0763888888888888,8.61111111111111,True,0.0016891000559553504,snapshot only,0.0,0.0
explicit_feedback_n8_T128_s9401103,explicit_feedback,8,128,9401103,144,8,1152,kronecker_shared_input_basis,1e-10,1184,1.0277777777777777,8.222222222222221,True,0.0008480000542476773,snapshot only,0.0,0.0
explicit_feedback_n8_T128_s9401103,explicit_feedback,8,128,9401103,144,8,1152,immediate_support_exact_slice_plus_svd_residual,1e-10,1968,1.7083333333333333,13.666666666666666,True,0.00010090006981045008,snapshot only,1.0257022176711848e-16,1.1102230246251565e-16
explicit_feedback_n8_T128_s9401103,explicit_feedback,8,128,9401103,144,8,1152,local_eligibility_plus_svd_residual,1e-10,1968,1.7083333333333333,13.666666666666666,True,9.510002564638853e-05,snapshot only,8.390355835581203e-17,8.326672684688674e-17
explicit_feedback_n8_T128_s9401103,explicit_feedback,8,128,9401103,144,8,1152,global_svd,1e-12,1216,1.0555555555555556,8.444444444444445,True,8.340005297213793e-05,snapshot only,1.2101338950995072e-15,9.992007221626409e-16
explicit_feedback_n8_T128_s9401103,explicit_feedback,8,128,9401103,144,8,1152,pivoted_qr_repeated_basis,1e-12,1360,1.1805555555555556,9.444444444444445,True,5.849997978657484e-05,snapshot only,2.769451392809047e-16,3.660266534311063e-16
explicit_feedback_n8_T128_s9401103,explicit_feedback,8,128,9401103,144,8,1152,supported_group_factors,1e-12,1184,1.0277777777777777,8.222222222222221,True,0.0009009999921545386,snapshot only,0.0,0.0
explicit_feedback_n8_T128_s9401103,explicit_feedback,8,128,9401103,144,8,1152,owner_block_factors,1e-12,1240,1.0763888888888888,8.61111111111111,True,0.001633700099773705,snapshot only,0.0,0.0
explicit_feedback_n8_T128_s9401103,explicit_feedback,8,128,9401103,144,8,1152,kronecker_shared_input_basis,1e-12,1184,1.0277777777777777,8.222222222222221,True,0.0008503000717610121,snapshot only,0.0,0.0
explicit_feedback_n8_T128_s9401103,explicit_feedback,8,128,9401103,144,8,1152,immediate_support_exact_slice_plus_svd_residual,1e-12,1968,1.7083333333333333,13.666666666666666,True,9.429990313947201e-05,snapshot only,1.0257022176711848e-16,1.1102230246251565e-16
explicit_feedback_n8_T128_s9401103,explicit_feedback,8,128,9401103,144,8,1152,local_eligibility_plus_svd_residual,1e-12,1968,1.7083333333333333,13.666666666666666,True,9.540002793073654e-05,snapshot only,8.390355835581203e-17,8.326672684688674e-17
explicit_feedback_n8_T128_s9401104,explicit_feedback,8,128,9401104,144,8,1152,full_matrix,1e-08,1152,1.0,8.0,True,7.00005330145359e-07,online baseline,0.0,0.0
explicit_feedback_n8_T128_s9401104,explicit_feedback,8,128,9401104,144,8,1152,coordinate_sparse,1e-08,2304,2.0,16.0,True,1.5700003132224083e-05,snapshot only,0.0,0.0
explicit_feedback_n8_T128_s9401104,explicit_feedback,8,128,9401104,144,8,1152,block_sparse_triangular,1e-08,1304,1.1319444444444444,9.055555555555555,True,1.6700010746717453e-05,known closed online block recurrence,0.0,0.0
explicit_feedback_n8_T128_s9401104,explicit_feedback,8,128,9401104,144,8,1152,global_svd,1e-08,1216,1.0555555555555556,8.444444444444445,True,0.00010710000060498714,snapshot only,8.354504171836353e-16,6.071532165918825e-16
explicit_feedback_n8_T128_s9401104,explicit_feedback,8,128,9401104,144,8,1152,pivoted_qr_repeated_basis,1e-08,1360,1.1805555555555556,9.444444444444445,True,6.290001329034567e-05,snapshot only,2.7228528785325625e-16,4.440892098500626e-16
explicit_feedback_n8_T128_s9401104,explicit_feedback,8,128,9401104,144,8,1152,supported_group_factors,1e-08,1184,1.0277777777777777,8.222222222222221,True,0.000864699948579073,snapshot only,0.0,0.0
explicit_feedback_n8_T128_s9401104,explicit_feedback,8,128,9401104,144,8,1152,owner_block_factors,1e-08,1240,1.0763888888888888,8.61111111111111,True,0.0016286999452859163,snapshot only,0.0,0.0
explicit_feedback_n8_T128_s9401104,explicit_feedback,8,128,9401104,144,8,1152,kronecker_shared_input_basis,1e-08,1184,1.0277777777777777,8.222222222222221,True,0.0008160999277606606,snapshot only,0.0,0.0
explicit_feedback_n8_T128_s9401104,explicit_feedback,8,128,9401104,144,8,1152,immediate_support_exact_slice_plus_svd_residual,1e-08,1968,1.7083333333333333,13.666666666666666,True,9.450002107769251e-05,snapshot only,1.756745806592193e-16,1.8735013540549517e-16
explicit_feedback_n8_T128_s9401104,explicit_feedback,8,128,9401104,144,8,1152,local_eligibility_plus_svd_residual,1e-08,1968,1.7083333333333333,13.666666666666666,True,9.06999921426177e-05,snapshot only,1.5876324314154342e-16,1.3183898417423734e-16
explicit_feedback_n8_T128_s9401104,explicit_feedback,8,128,9401104,144,8,1152,global_svd,1e-10,1216,1.0555555555555556,8.444444444444445,True,7.700000423938036e-05,snapshot only,8.354504171836353e-16,6.071532165918825e-16
explicit_feedback_n8_T128_s9401104,explicit_feedback,8,128,9401104,144,8,1152,pivoted_qr_repeated_basis,1e-10,1360,1.1805555555555556,9.444444444444445,True,7.039995398372412e-05,snapshot only,2.7228528785325625e-16,4.440892098500626e-16
explicit_feedback_n8_T128_s9401104,explicit_feedback,8,128,9401104,144,8,1152,supported_group_factors,1e-10,1184,1.0277777777777777,8.222222222222221,True,0.0008423000108450651,snapshot only,0.0,0.0
explicit_feedback_n8_T128_s9401104,explicit_feedback,8,128,9401104,144,8,1152,owner_block_factors,1e-10,1240,1.0763888888888888,8.61111111111111,True,0.0015026000328361988,snapshot only,0.0,0.0
explicit_feedback_n8_T128_s9401104,explicit_feedback,8,128,9401104,144,8,1152,kronecker_shared_input_basis,1e-10,1184,1.0277777777777777,8.222222222222221,True,0.0007838999154046178,snapshot only,0.0,0.0
explicit_feedback_n8_T128_s9401104,explicit_feedback,8,128,9401104,144,8,1152,immediate_support_exact_slice_plus_svd_residual,1e-10,1968,1.7083333333333333,13.666666666666666,True,9.670003782957792e-05,snapshot only,1.756745806592193e-16,1.8735013540549517e-16
explicit_feedback_n8_T128_s9401104,explicit_feedback,8,128,9401104,144,8,1152,local_eligibility_plus_svd_residual,1e-10,1968,1.7083333333333333,13.666666666666666,True,9.059999138116837e-05,snapshot only,1.5876324314154342e-16,1.3183898417423734e-16
explicit_feedback_n8_T128_s9401104,explicit_feedback,8,128,9401104,144,8,1152,global_svd,1e-12,1216,1.0555555555555556,8.444444444444445,True,7.639999967068434e-05,snapshot only,8.354504171836353e-16,6.071532165918825e-16
explicit_feedback_n8_T128_s9401104,explicit_feedback,8,128,9401104,144,8,1152,pivoted_qr_repeated_basis,1e-12,1360,1.1805555555555556,9.444444444444445,True,5.4999953135848045e-05,snapshot only,2.7228528785325625e-16,4.440892098500626e-16
explicit_feedback_n8_T128_s9401104,explicit_feedback,8,128,9401104,144,8,1152,supported_group_factors,1e-12,1184,1.0277777777777777,8.222222222222221,True,0.0009336000075563788,snapshot only,0.0,0.0
explicit_feedback_n8_T128_s9401104,explicit_feedback,8,128,9401104,144,8,1152,owner_block_factors,1e-12,1240,1.0763888888888888,8.61111111111111,True,0.0018539000302553177,snapshot only,0.0,0.0
explicit_feedback_n8_T128_s9401104,explicit_feedback,8,128,9401104,144,8,1152,kronecker_shared_input_basis,1e-12,1184,1.0277777777777777,8.222222222222221,True,0.0008271000115200877,snapshot only,0.0,0.0
explicit_feedback_n8_T128_s9401104,explicit_feedback,8,128,9401104,144,8,1152,immediate_support_exact_slice_plus_svd_residual,1e-12,1968,1.7083333333333333,13.666666666666666,True,9.879993740469217e-05,snapshot only,1.756745806592193e-16,1.8735013540549517e-16
explicit_feedback_n8_T128_s9401104,explicit_feedback,8,128,9401104,144,8,1152,local_eligibility_plus_svd_residual,1e-12,1968,1.7083333333333333,13.666666666666666,True,9.129999671131372e-05,snapshot only,1.5876324314154342e-16,1.3183898417423734e-16
explicit_feedback_n16_T32_s9401100,explicit_feedback,16,32,9401100,544,16,8704,full_matrix,1e-08,8704,1.0,16.0,True,6.00004568696022e-07,online baseline,0.0,0.0
explicit_feedback_n16_T32_s9401100,explicit_feedback,16,32,9401100,544,16,8704,coordinate_sparse,1e-08,17408,2.0,32.0,True,3.330002073198557e-05,snapshot only,0.0,0.0
explicit_feedback_n16_T32_s9401100,explicit_feedback,16,32,9401100,544,16,8704,block_sparse_triangular,1e-08,9264,1.0643382352941178,17.029411764705884,True,3.369990736246109e-05,known closed online block recurrence,0.0,0.0
explicit_feedback_n16_T32_s9401100,explicit_feedback,16,32,9401100,544,16,8704,global_svd,1e-08,8960,1.0294117647058822,16.470588235294116,True,0.00025699997786432505,snapshot only,1.361504915686986e-15,1.6653345369377348e-15
explicit_feedback_n16_T32_s9401100,explicit_feedback,16,32,9401100,544,16,8704,pivoted_qr_repeated_basis,1e-08,9504,1.0919117647058822,17.470588235294116,True,0.00012689991854131222,snapshot only,4.929114214417817e-16,6.661338147750939e-16
explicit_feedback_n16_T32_s9401100,explicit_feedback,16,32,9401100,544,16,8704,supported_group_factors,1e-08,8768,1.0073529411764706,16.11764705882353,True,0.002205599914304912,snapshot only,0.0,0.0
explicit_feedback_n16_T32_s9401100,explicit_feedback,16,32,9401100,544,16,8704,owner_block_factors,1e-08,9008,1.0349264705882353,16.558823529411764,True,0.0040210000006482005,snapshot only,0.0,0.0
explicit_feedback_n16_T32_s9401100,explicit_feedback,16,32,9401100,544,16,8704,kronecker_shared_input_basis,1e-08,7392,0.8492647058823529,13.588235294117647,True,0.0020596999675035477,snapshot only,1.1472644842667464e-09,4.828472222745406e-10
explicit_feedback_n16_T32_s9401100,explicit_feedback,16,32,9401100,544,16,8704,immediate_support_exact_slice_plus_svd_residual,1e-08,13920,1.599264705882353,25.58823529411765,True,0.00023570004850625992,snapshot only,4.37035670123595e-16,3.885780586188048e-16
explicit_feedback_n16_T32_s9401100,explicit_feedback,16,32,9401100,544,16,8704,local_eligibility_plus_svd_residual,1e-08,13920,1.599264705882353,25.58823529411765,True,0.00022499996703118086,snapshot only,3.7663856639900035e-16,5.390653201597928e-16
explicit_feedback_n16_T32_s9401100,explicit_feedback,16,32,9401100,544,16,8704,global_svd,1e-10,8960,1.0294117647058822,16.470588235294116,True,0.000192799954675138,snapshot only,1.361504915686986e-15,1.6653345369377348e-15
explicit_feedback_n16_T32_s9401100,explicit_feedback,16,32,9401100,544,16,8704,pivoted_qr_repeated_basis,1e-10,9504,1.0919117647058822,17.470588235294116,True,0.00010900001507252455,snapshot only,4.929114214417817e-16,6.661338147750939e-16
explicit_feedback_n16_T32_s9401100,explicit_feedback,16,32,9401100,544,16,8704,supported_group_factors,1e-10,8768,1.0073529411764706,16.11764705882353,True,0.0021084999898448586,snapshot only,0.0,0.0
explicit_feedback_n16_T32_s9401100,explicit_feedback,16,32,9401100,544,16,8704,owner_block_factors,1e-10,9008,1.0349264705882353,16.558823529411764,True,0.003928299993276596,snapshot only,0.0,0.0
explicit_feedback_n16_T32_s9401100,explicit_feedback,16,32,9401100,544,16,8704,kronecker_shared_input_basis,1e-10,7936,0.9117647058823529,14.588235294117647,True,0.002364500076510012,snapshot only,7.0999650936670245e-12,3.2807125072142895e-12
explicit_feedback_n16_T32_s9401100,explicit_feedback,16,32,9401100,544,16,8704,immediate_support_exact_slice_plus_svd_residual,1e-10,13920,1.599264705882353,25.58823529411765,True,0.00031939998734742403,snapshot only,4.37035670123595e-16,3.885780586188048e-16
explicit_feedback_n16_T32_s9401100,explicit_feedback,16,32,9401100,544,16,8704,local_eligibility_plus_svd_residual,1e-10,13920,1.599264705882353,25.58823529411765,True,0.00020699994638562202,snapshot only,3.7663856639900035e-16,5.390653201597928e-16
explicit_feedback_n16_T32_s9401100,explicit_feedback,16,32,9401100,544,16,8704,global_svd,1e-12,8960,1.0294117647058822,16.470588235294116,True,0.00022080005146563053,snapshot only,1.361504915686986e-15,1.6653345369377348e-15
explicit_feedback_n16_T32_s9401100,explicit_feedback,16,32,9401100,544,16,8704,pivoted_qr_repeated_basis,1e-12,9504,1.0919117647058822,17.470588235294116,True,0.000112100038677454,snapshot only,4.929114214417817e-16,6.661338147750939e-16
explicit_feedback_n16_T32_s9401100,explicit_feedback,16,32,9401100,544,16,8704,supported_group_factors,1e-12,8768,1.0073529411764706,16.11764705882353,True,0.0020981000270694494,snapshot only,0.0,0.0
explicit_feedback_n16_T32_s9401100,explicit_feedback,16,32,9401100,544,16,8704,owner_block_factors,1e-12,9008,1.0349264705882353,16.558823529411764,True,0.004053900018334389,snapshot only,0.0,0.0
explicit_feedback_n16_T32_s9401100,explicit_feedback,16,32,9401100,544,16,8704,kronecker_shared_input_basis,1e-12,8480,0.9742647058823529,15.588235294117647,True,0.002060999977402389,snapshot only,5.748063868446666e-14,3.087460842543521e-14
explicit_feedback_n16_T32_s9401100,explicit_feedback,16,32,9401100,544,16,8704,immediate_support_exact_slice_plus_svd_residual,1e-12,13920,1.599264705882353,25.58823529411765,True,0.0002250999677926302,snapshot only,4.37035670123595e-16,3.885780586188048e-16
explicit_feedback_n16_T32_s9401100,explicit_feedback,16,32,9401100,544,16,8704,local_eligibility_plus_svd_residual,1e-12,13920,1.599264705882353,25.58823529411765,True,0.00020720006432384253,snapshot only,3.7663856639900035e-16,5.390653201597928e-16
explicit_feedback_n16_T32_s9401101,explicit_feedback,16,32,9401101,544,16,8704,full_matrix,1e-08,8704,1.0,16.0,True,7.00005330145359e-07,online baseline,0.0,0.0
explicit_feedback_n16_T32_s9401101,explicit_feedback,16,32,9401101,544,16,8704,coordinate_sparse,1e-08,17408,2.0,32.0,True,3.029999788850546e-05,snapshot only,0.0,0.0
explicit_feedback_n16_T32_s9401101,explicit_feedback,16,32,9401101,544,16,8704,block_sparse_triangular,1e-08,9264,1.0643382352941178,17.029411764705884,True,3.4100026823580265e-05,known closed online block recurrence,0.0,0.0
explicit_feedback_n16_T32_s9401101,explicit_feedback,16,32,9401101,544,16,8704,global_svd,1e-08,8960,1.0294117647058822,16.470588235294116,True,0.0002772000152617693,snapshot only,1.5303944531496384e-15,1.0373646386341306e-15
explicit_feedback_n16_T32_s9401101,explicit_feedback,16,32,9401101,544,16,8704,pivoted_qr_repeated_basis,1e-08,9504,1.0919117647058822,17.470588235294116,True,0.00013100006617605686,snapshot only,3.2574745790674815e-16,4.440892098500626e-16
explicit_feedback_n16_T32_s9401101,explicit_feedback,16,32,9401101,544,16,8704,supported_group_factors,1e-08,8768,1.0073529411764706,16.11764705882353,True,0.002168099978007376,snapshot only,0.0,0.0
explicit_feedback_n16_T32_s9401101,explicit_feedback,16,32,9401101,544,16,8704,owner_block_factors,1e-08,9008,1.0349264705882353,16.558823529411764,True,0.0038693000096827745,snapshot only,0.0,0.0
explicit_feedback_n16_T32_s9401101,explicit_feedback,16,32,9401101,544,16,8704,kronecker_shared_input_basis,1e-08,7392,0.8492647058823529,13.588235294117647,True,0.0020459999796003103,snapshot only,1.1089971632068055e-09,5.572401646017355e-10
explicit_feedback_n16_T32_s9401101,explicit_feedback,16,32,9401101,544,16,8704,immediate_support_exact_slice_plus_svd_residual,1e-08,13920,1.599264705882353,25.58823529411765,True,0.0002935000229626894,snapshot only,1.618569429900244e-16,1.249000902703301e-16
explicit_feedback_n16_T32_s9401101,explicit_feedback,16,32,9401101,544,16,8704,local_eligibility_plus_svd_residual,1e-08,13920,1.599264705882353,25.58823529411765,True,0.00024510000366717577,snapshot only,1.9173096533509735e-16,1.8041124150158794e-16
explicit_feedback_n16_T32_s9401101,explicit_feedback,16,32,9401101,544,16,8704,global_svd,1e-10,8960,1.0294117647058822,16.470588235294116,True,0.00020690006203949451,snapshot only,1.5303944531496384e-15,1.0373646386341306e-15
explicit_feedback_n16_T32_s9401101,explicit_feedback,16,32,9401101,544,16,8704,pivoted_qr_repeated_basis,1e-10,9504,1.0919117647058822,17.470588235294116,True,0.00012079998850822449,snapshot only,3.2574745790674815e-16,4.440892098500626e-16
explicit_feedback_n16_T32_s9401101,explicit_feedback,16,32,9401101,544,16,8704,supported_group_factors,1e-10,8768,1.0073529411764706,16.11764705882353,True,0.002263600006699562,snapshot only,0.0,0.0
explicit_feedback_n16_T32_s9401101,explicit_feedback,16,32,9401101,544,16,8704,owner_block_factors,1e-10,9008,1.0349264705882353,16.558823529411764,True,0.003968999953940511,snapshot only,0.0,0.0
explicit_feedback_n16_T32_s9401101,explicit_feedback,16,32,9401101,544,16,8704,kronecker_shared_input_basis,1e-10,7936,0.9117647058823529,14.588235294117647,True,0.002057399949990213,snapshot only,1.231828569291639e-11,7.61399320328704e-12
explicit_feedback_n16_T32_s9401101,explicit_feedback,16,32,9401101,544,16,8704,immediate_support_exact_slice_plus_svd_residual,1e-10,13920,1.599264705882353,25.58823529411765,True,0.00026350002735853195,snapshot only,1.618569429900244e-16,1.249000902703301e-16
explicit_feedback_n16_T32_s9401101,explicit_feedback,16,32,9401101,544,16,8704,local_eligibility_plus_svd_residual,1e-10,13920,1.599264705882353,25.58823529411765,True,0.0002164999023079872,snapshot only,1.9173096533509735e-16,1.8041124150158794e-16
explicit_feedback_n16_T32_s9401101,explicit_feedback,16,32,9401101,544,16,8704,global_svd,1e-12,8960,1.0294117647058822,16.470588235294116,True,0.0001903999364003539,snapshot only,1.5303944531496384e-15,1.0373646386341306e-15
explicit_feedback_n16_T32_s9401101,explicit_feedback,16,32,9401101,544,16,8704,pivoted_qr_repeated_basis,1e-12,9504,1.0919117647058822,17.470588235294116,True,0.00010639999527484179,snapshot only,3.2574745790674815e-16,4.440892098500626e-16
explicit_feedback_n16_T32_s9401101,explicit_feedback,16,32,9401101,544,16,8704,supported_group_factors,1e-12,8768,1.0073529411764706,16.11764705882353,True,0.00207719998434186,snapshot only,0.0,0.0
explicit_feedback_n16_T32_s9401101,explicit_feedback,16,32,9401101,544,16,8704,owner_block_factors,1e-12,9008,1.0349264705882353,16.558823529411764,True,0.004616999998688698,snapshot only,0.0,0.0
explicit_feedback_n16_T32_s9401101,explicit_feedback,16,32,9401101,544,16,8704,kronecker_shared_input_basis,1e-12,8480,0.9742647058823529,15.588235294117647,True,0.0020496000070124865,snapshot only,1.0083010852285714e-13,5.940668963699824e-14
explicit_feedback_n16_T32_s9401101,explicit_feedback,16,32,9401101,544,16,8704,immediate_support_exact_slice_plus_svd_residual,1e-12,13920,1.599264705882353,25.58823529411765,True,0.00020519993267953396,snapshot only,1.618569429900244e-16,1.249000902703301e-16
explicit_feedback_n16_T32_s9401101,explicit_feedback,16,32,9401101,544,16,8704,local_eligibility_plus_svd_residual,1e-12,13920,1.599264705882353,25.58823529411765,True,0.00021110009402036667,snapshot only,1.9173096533509735e-16,1.8041124150158794e-16
explicit_feedback_n16_T32_s9401102,explicit_feedback,16,32,9401102,544,16,8704,full_matrix,1e-08,8704,1.0,16.0,True,7.00005330145359e-07,online baseline,0.0,0.0
explicit_feedback_n16_T32_s9401102,explicit_feedback,16,32,9401102,544,16,8704,coordinate_sparse,1e-08,17408,2.0,32.0,True,3.370002377778292e-05,snapshot only,0.0,0.0
explicit_feedback_n16_T32_s9401102,explicit_feedback,16,32,9401102,544,16,8704,block_sparse_triangular,1e-08,9264,1.0643382352941178,17.029411764705884,True,3.7400051951408386e-05,known closed online block recurrence,0.0,0.0
explicit_feedback_n16_T32_s9401102,explicit_feedback,16,32,9401102,544,16,8704,global_svd,1e-08,8960,1.0294117647058822,16.470588235294116,True,0.00030319998040795326,snapshot only,1.20231121250043e-15,9.992007221626409e-16
explicit_feedback_n16_T32_s9401102,explicit_feedback,16,32,9401102,544,16,8704,pivoted_qr_repeated_basis,1e-08,9504,1.0919117647058822,17.470588235294116,True,0.00013639999087899923,snapshot only,3.7153312573019236e-16,4.440892098500626e-16
explicit_feedback_n16_T32_s9401102,explicit_feedback,16,32,9401102,544,16,8704,supported_group_factors,1e-08,8768,1.0073529411764706,16.11764705882353,True,0.0023954000789672136,snapshot only,0.0,0.0
explicit_feedback_n16_T32_s9401102,explicit_feedback,16,32,9401102,544,16,8704,owner_block_factors,1e-08,9008,1.0349264705882353,16.558823529411764,True,0.0039159000152722,snapshot only,0.0,0.0
explicit_feedback_n16_T32_s9401102,explicit_feedback,16,32,9401102,544,16,8704,kronecker_shared_input_basis,1e-08,7120,0.8180147058823529,13.088235294117647,True,0.002076299977488816,snapshot only,2.708143563517703e-09,9.848491397401737e-10
explicit_feedback_n16_T32_s9401102,explicit_feedback,16,32,9401102,544,16,8704,immediate_support_exact_slice_plus_svd_residual,1e-08,13920,1.599264705882353,25.58823529411765,True,0.00021470000501722097,snapshot only,1.9296713165177187e-16,1.457167719820518e-16
explicit_feedback_n16_T32_s9401102,explicit_feedback,16,32,9401102,544,16,8704,local_eligibility_plus_svd_residual,1e-08,13920,1.599264705882353,25.58823529411765,True,0.00021399999968707561,snapshot only,1.9156123797763238e-16,1.3877787807814457e-16
explicit_feedback_n16_T32_s9401102,explicit_feedback,16,32,9401102,544,16,8704,global_svd,1e-10,8960,1.0294117647058822,16.470588235294116,True,0.00019109994173049927,snapshot only,1.20231121250043e-15,9.992007221626409e-16
explicit_feedback_n16_T32_s9401102,explicit_feedback,16,32,9401102,544,16,8704,pivoted_qr_repeated_basis,1e-10,9504,1.0919117647058822,17.470588235294116,True,0.00011270004324615002,snapshot only,3.7153312573019236e-16,4.440892098500626e-16
explicit_feedback_n16_T32_s9401102,explicit_feedback,16,32,9401102,544,16,8704,supported_group_factors,1e-10,8768,1.0073529411764706,16.11764705882353,True,0.0022182000102475286,snapshot only,0.0,0.0
explicit_feedback_n16_T32_s9401102,explicit_feedback,16,32,9401102,544,16,8704,owner_block_factors,1e-10,9008,1.0349264705882353,16.558823529411764,True,0.003917999914847314,snapshot only,0.0,0.0
explicit_feedback_n16_T32_s9401102,explicit_feedback,16,32,9401102,544,16,8704,kronecker_shared_input_basis,1e-10,7936,0.9117647058823529,14.588235294117647,True,0.00211430003400892,snapshot only,3.644554057000856e-12,1.864229446811236e-12
explicit_feedback_n16_T32_s9401102,explicit_feedback,16,32,9401102,544,16,8704,immediate_support_exact_slice_plus_svd_residual,1e-10,13920,1.599264705882353,25.58823529411765,True,0.00020840007346123457,snapshot only,1.9296713165177187e-16,1.457167719820518e-16
explicit_feedback_n16_T32_s9401102,explicit_feedback,16,32,9401102,544,16,8704,local_eligibility_plus_svd_residual,1e-10,13920,1.599264705882353,25.58823529411765,True,0.00021279999054968357,snapshot only,1.9156123797763238e-16,1.3877787807814457e-16
explicit_feedback_n16_T32_s9401102,explicit_feedback,16,32,9401102,544,16,8704,global_svd,1e-12,8960,1.0294117647058822,16.470588235294116,True,0.00019489997066557407,snapshot only,1.20231121250043e-15,9.992007221626409e-16
explicit_feedback_n16_T32_s9401102,explicit_feedback,16,32,9401102,544,16,8704,pivoted_qr_repeated_basis,1e-12,9504,1.0919117647058822,17.470588235294116,True,0.00010720000136643648,snapshot only,3.7153312573019236e-16,4.440892098500626e-16
explicit_feedback_n16_T32_s9401102,explicit_feedback,16,32,9401102,544,16,8704,supported_group_factors,1e-12,8768,1.0073529411764706,16.11764705882353,True,0.0020788999972864985,snapshot only,0.0,0.0
explicit_feedback_n16_T32_s9401102,explicit_feedback,16,32,9401102,544,16,8704,owner_block_factors,1e-12,9008,1.0349264705882353,16.558823529411764,True,0.004503800068050623,snapshot only,0.0,0.0
explicit_feedback_n16_T32_s9401102,explicit_feedback,16,32,9401102,544,16,8704,kronecker_shared_input_basis,1e-12,8208,0.9430147058823529,15.088235294117647,True,0.002127900021150708,snapshot only,2.8929308965851947e-13,1.6714207058329822e-13
explicit_feedback_n16_T32_s9401102,explicit_feedback,16,32,9401102,544,16,8704,immediate_support_exact_slice_plus_svd_residual,1e-12,13920,1.599264705882353,25.58823529411765,True,0.00022629997693002224,snapshot only,1.9296713165177187e-16,1.457167719820518e-16
explicit_feedback_n16_T32_s9401102,explicit_feedback,16,32,9401102,544,16,8704,local_eligibility_plus_svd_residual,1e-12,13920,1.599264705882353,25.58823529411765,True,0.00021790002938359976,snapshot only,1.9156123797763238e-16,1.3877787807814457e-16
explicit_feedback_n16_T32_s9401103,explicit_feedback,16,32,9401103,544,16,8704,full_matrix,1e-08,8704,1.0,16.0,True,6.998889148235321e-07,online baseline,0.0,0.0
explicit_feedback_n16_T32_s9401103,explicit_feedback,16,32,9401103,544,16,8704,coordinate_sparse,1e-08,17408,2.0,32.0,True,2.8699985705316067e-05,snapshot only,0.0,0.0
explicit_feedback_n16_T32_s9401103,explicit_feedback,16,32,9401103,544,16,8704,block_sparse_triangular,1e-08,9264,1.0643382352941178,17.029411764705884,True,3.4199911169707775e-05,known closed online block recurrence,0.0,0.0
explicit_feedback_n16_T32_s9401103,explicit_feedback,16,32,9401103,544,16,8704,global_svd,1e-08,8960,1.0294117647058822,16.470588235294116,True,0.00024259998463094234,snapshot only,1.4142596714973742e-15,1.5543122344752192e-15
explicit_feedback_n16_T32_s9401103,explicit_feedback,16,32,9401103,544,16,8704,pivoted_qr_repeated_basis,1e-08,9504,1.0919117647058822,17.470588235294116,True,0.00011930009350180626,snapshot only,5.058028660393283e-16,5.689893001203927e-16
explicit_feedback_n16_T32_s9401103,explicit_feedback,16,32,9401103,544,16,8704,supported_group_factors,1e-08,8768,1.0073529411764706,16.11764705882353,True,0.0021707999985665083,snapshot only,0.0,0.0
explicit_feedback_n16_T32_s9401103,explicit_feedback,16,32,9401103,544,16,8704,owner_block_factors,1e-08,9008,1.0349264705882353,16.558823529411764,True,0.004468599916435778,snapshot only,0.0,0.0
explicit_feedback_n16_T32_s9401103,explicit_feedback,16,32,9401103,544,16,8704,kronecker_shared_input_basis,1e-08,7120,0.8180147058823529,13.088235294117647,True,0.0021121000172570348,snapshot only,4.130591096396322e-09,1.8995370285393443e-09
explicit_feedback_n16_T32_s9401103,explicit_feedback,16,32,9401103,544,16,8704,immediate_support_exact_slice_plus_svd_residual,1e-08,13920,1.599264705882353,25.58823529411765,True,0.00020870007574558258,snapshot only,2.828743078743368e-16,2.3592239273284576e-16
explicit_feedback_n16_T32_s9401103,explicit_feedback,16,32,9401103,544,16,8704,local_eligibility_plus_svd_residual,1e-08,13920,1.599264705882353,25.58823529411765,True,0.00021300010848790407,snapshot only,3.12288491069112e-16,3.625572064791527e-16
explicit_feedback_n16_T32_s9401103,explicit_feedback,16,32,9401103,544,16,8704,global_svd,1e-10,8960,1.0294117647058822,16.470588235294116,True,0.00021279999054968357,snapshot only,1.4142596714973742e-15,1.5543122344752192e-15
explicit_feedback_n16_T32_s9401103,explicit_feedback,16,32,9401103,544,16,8704,pivoted_qr_repeated_basis,1e-10,9504,1.0919117647058822,17.470588235294116,True,0.00013239996042102575,snapshot only,5.058028660393283e-16,5.689893001203927e-16
explicit_feedback_n16_T32_s9401103,explicit_feedback,16,32,9401103,544,16,8704,supported_group_factors,1e-10,8768,1.0073529411764706,16.11764705882353,True,0.0021898000268265605,snapshot only,0.0,0.0
explicit_feedback_n16_T32_s9401103,explicit_feedback,16,32,9401103,544,16,8704,owner_block_factors,1e-10,9008,1.0349264705882353,16.558823529411764,True,0.004528600024059415,snapshot only,0.0,0.0
explicit_feedback_n16_T32_s9401103,explicit_feedback,16,32,9401103,544,16,8704,kronecker_shared_input_basis,1e-10,7664,0.8805147058823529,14.088235294117647,True,0.0022991999285295606,snapshot only,3.846885903384742e-11,2.2559355425388894e-11
explicit_feedback_n16_T32_s9401103,explicit_feedback,16,32,9401103,544,16,8704,immediate_support_exact_slice_plus_svd_residual,1e-10,13920,1.599264705882353,25.58823529411765,True,0.00022799998987466097,snapshot only,2.828743078743368e-16,2.3592239273284576e-16
explicit_feedback_n16_T32_s9401103,explicit_feedback,16,32,9401103,544,16,8704,local_eligibility_plus_svd_residual,1e-10,13920,1.599264705882353,25.58823529411765,True,0.0002272999845445156,snapshot only,3.12288491069112e-16,3.625572064791527e-16
explicit_feedback_n16_T32_s9401103,explicit_feedback,16,32,9401103,544,16,8704,global_svd,1e-12,8960,1.0294117647058822,16.470588235294116,True,0.00020250002853572369,snapshot only,1.4142596714973742e-15,1.5543122344752192e-15
explicit_feedback_n16_T32_s9401103,explicit_feedback,16,32,9401103,544,16,8704,pivoted_qr_repeated_basis,1e-12,9504,1.0919117647058822,17.470588235294116,True,0.00012099999003112316,snapshot only,5.058028660393283e-16,5.689893001203927e-16
explicit_feedback_n16_T32_s9401103,explicit_feedback,16,32,9401103,544,16,8704,supported_group_factors,1e-12,8768,1.0073529411764706,16.11764705882353,True,0.00219290005043149,snapshot only,0.0,0.0
explicit_feedback_n16_T32_s9401103,explicit_feedback,16,32,9401103,544,16,8704,owner_block_factors,1e-12,9008,1.0349264705882353,16.558823529411764,True,0.0041322000324726105,snapshot only,0.0,0.0
explicit_feedback_n16_T32_s9401103,explicit_feedback,16,32,9401103,544,16,8704,kronecker_shared_input_basis,1e-12,8208,0.9430147058823529,15.088235294117647,True,0.0025864000199362636,snapshot only,4.725941621770183e-13,3.0347816273867956e-13
explicit_feedback_n16_T32_s9401103,explicit_feedback,16,32,9401103,544,16,8704,immediate_support_exact_slice_plus_svd_residual,1e-12,13920,1.599264705882353,25.58823529411765,True,0.0002383999526500702,snapshot only,2.828743078743368e-16,2.3592239273284576e-16
explicit_feedback_n16_T32_s9401103,explicit_feedback,16,32,9401103,544,16,8704,local_eligibility_plus_svd_residual,1e-12,13920,1.599264705882353,25.58823529411765,True,0.00022950000129640102,snapshot only,3.12288491069112e-16,3.625572064791527e-16
explicit_feedback_n16_T32_s9401104,explicit_feedback,16,32,9401104,544,16,8704,full_matrix,1e-08,8704,1.0,16.0,True,8.00006091594696e-07,online baseline,0.0,0.0
explicit_feedback_n16_T32_s9401104,explicit_feedback,16,32,9401104,544,16,8704,coordinate_sparse,1e-08,17408,2.0,32.0,True,2.829998265951872e-05,snapshot only,0.0,0.0
explicit_feedback_n16_T32_s9401104,explicit_feedback,16,32,9401104,544,16,8704,block_sparse_triangular,1e-08,9264,1.0643382352941178,17.029411764705884,True,3.42000275850296e-05,known closed online block recurrence,0.0,0.0
explicit_feedback_n16_T32_s9401104,explicit_feedback,16,32,9401104,544,16,8704,global_svd,1e-08,8960,1.0294117647058822,16.470588235294116,True,0.000269099953584373,snapshot only,2.4404775148743264e-15,1.887379141862766e-15
explicit_feedback_n16_T32_s9401104,explicit_feedback,16,32,9401104,544,16,8704,pivoted_qr_repeated_basis,1e-08,9504,1.0919117647058822,17.470588235294116,True,0.00011790008284151554,snapshot only,5.526661372807294e-16,8.187894806610529e-16
explicit_feedback_n16_T32_s9401104,explicit_feedback,16,32,9401104,544,16,8704,supported_group_factors,1e-08,8768,1.0073529411764706,16.11764705882353,True,0.002203600015491247,snapshot only,0.0,0.0
explicit_feedback_n16_T32_s9401104,explicit_feedback,16,32,9401104,544,16,8704,owner_block_factors,1e-08,9008,1.0349264705882353,16.558823529411764,True,0.004408300039358437,snapshot only,0.0,0.0
explicit_feedback_n16_T32_s9401104,explicit_feedback,16,32,9401104,544,16,8704,kronecker_shared_input_basis,1e-08,7120,0.8180147058823529,13.088235294117647,True,0.0019965999526903033,snapshot only,6.202604295171057e-09,2.638348777297961e-09
explicit_feedback_n16_T32_s9401104,explicit_feedback,16,32,9401104,544,16,8704,immediate_support_exact_slice_plus_svd_residual,1e-08,13920,1.599264705882353,25.58823529411765,True,0.00020060001406818628,snapshot only,2.286209007540338e-16,2.0469737016526324e-16
explicit_feedback_n16_T32_s9401104,explicit_feedback,16,32,9401104,544,16,8704,local_eligibility_plus_svd_residual,1e-08,13920,1.599264705882353,25.58823529411765,True,0.00019990000873804092,snapshot only,2.603574435264158e-16,2.3592239273284576e-16
explicit_feedback_n16_T32_s9401104,explicit_feedback,16,32,9401104,544,16,8704,global_svd,1e-10,8960,1.0294117647058822,16.470588235294116,True,0.00018450000789016485,snapshot only,2.4404775148743264e-15,1.887379141862766e-15
explicit_feedback_n16_T32_s9401104,explicit_feedback,16,32,9401104,544,16,8704,pivoted_qr_repeated_basis,1e-10,9504,1.0919117647058822,17.470588235294116,True,0.0001113000325858593,snapshot only,5.526661372807294e-16,8.187894806610529e-16
explicit_feedback_n16_T32_s9401104,explicit_feedback,16,32,9401104,544,16,8704,supported_group_factors,1e-10,8768,1.0073529411764706,16.11764705882353,True,0.0020433000754565,snapshot only,0.0,0.0
explicit_feedback_n16_T32_s9401104,explicit_feedback,16,32,9401104,544,16,8704,owner_block_factors,1e-10,9008,1.0349264705882353,16.558823529411764,True,0.004077099962159991,snapshot only,0.0,0.0
explicit_feedback_n16_T32_s9401104,explicit_feedback,16,32,9401104,544,16,8704,kronecker_shared_input_basis,1e-10,7936,0.9117647058823529,14.588235294117647,True,0.002308800001628697,snapshot only,5.646939065341948e-12,4.5315140528856546e-12
explicit_feedback_n16_T32_s9401104,explicit_feedback,16,32,9401104,544,16,8704,immediate_support_exact_slice_plus_svd_residual,1e-10,13920,1.599264705882353,25.58823529411765,True,0.00024970003869384527,snapshot only,2.286209007540338e-16,2.0469737016526324e-16
explicit_feedback_n16_T32_s9401104,explicit_feedback,16,32,9401104,544,16,8704,local_eligibility_plus_svd_residual,1e-10,13920,1.599264705882353,25.58823529411765,True,0.00021500000730156898,snapshot only,2.603574435264158e-16,2.3592239273284576e-16
explicit_feedback_n16_T32_s9401104,explicit_feedback,16,32,9401104,544,16,8704,global_svd,1e-12,8960,1.0294117647058822,16.470588235294116,True,0.0001996000064536929,snapshot only,2.4404775148743264e-15,1.887379141862766e-15
explicit_feedback_n16_T32_s9401104,explicit_feedback,16,32,9401104,544,16,8704,pivoted_qr_repeated_basis,1e-12,9504,1.0919117647058822,17.470588235294116,True,0.00010430009569972754,snapshot only,5.526661372807294e-16,8.187894806610529e-16
explicit_feedback_n16_T32_s9401104,explicit_feedback,16,32,9401104,544,16,8704,supported_group_factors,1e-12,8768,1.0073529411764706,16.11764705882353,True,0.0020900999661535025,snapshot only,0.0,0.0
explicit_feedback_n16_T32_s9401104,explicit_feedback,16,32,9401104,544,16,8704,owner_block_factors,1e-12,9008,1.0349264705882353,16.558823529411764,True,0.004018999985419214,snapshot only,0.0,0.0
explicit_feedback_n16_T32_s9401104,explicit_feedback,16,32,9401104,544,16,8704,kronecker_shared_input_basis,1e-12,8208,0.9430147058823529,15.088235294117647,True,0.002072499948553741,snapshot only,2.337250780386409e-13,1.2385925618474403e-13
explicit_feedback_n16_T32_s9401104,explicit_feedback,16,32,9401104,544,16,8704,immediate_support_exact_slice_plus_svd_residual,1e-12,13920,1.599264705882353,25.58823529411765,True,0.0002829000586643815,snapshot only,2.286209007540338e-16,2.0469737016526324e-16
explicit_feedback_n16_T32_s9401104,explicit_feedback,16,32,9401104,544,16,8704,local_eligibility_plus_svd_residual,1e-12,13920,1.599264705882353,25.58823529411765,True,0.0003399999113753438,snapshot only,2.603574435264158e-16,2.3592239273284576e-16
explicit_feedback_n16_T128_s9401100,explicit_feedback,16,128,9401100,544,16,8704,full_matrix,1e-08,8704,1.0,16.0,True,6.00004568696022e-07,online baseline,0.0,0.0
explicit_feedback_n16_T128_s9401100,explicit_feedback,16,128,9401100,544,16,8704,coordinate_sparse,1e-08,17408,2.0,32.0,True,2.8199981898069382e-05,snapshot only,0.0,0.0
explicit_feedback_n16_T128_s9401100,explicit_feedback,16,128,9401100,544,16,8704,block_sparse_triangular,1e-08,9264,1.0643382352941178,17.029411764705884,True,3.390002530068159e-05,known closed online block recurrence,0.0,0.0
explicit_feedback_n16_T128_s9401100,explicit_feedback,16,128,9401100,544,16,8704,global_svd,1e-08,8960,1.0294117647058822,16.470588235294116,True,0.0002386999549344182,snapshot only,1.8332945039112535e-15,1.887379141862766e-15
explicit_feedback_n16_T128_s9401100,explicit_feedback,16,128,9401100,544,16,8704,pivoted_qr_repeated_basis,1e-08,9504,1.0919117647058822,17.470588235294116,True,0.00012809992767870426,snapshot only,4.688788889942469e-16,5.551115123125783e-16
explicit_feedback_n16_T128_s9401100,explicit_feedback,16,128,9401100,544,16,8704,supported_group_factors,1e-08,8768,1.0073529411764706,16.11764705882353,True,0.002445099991746247,snapshot only,0.0,0.0
explicit_feedback_n16_T128_s9401100,explicit_feedback,16,128,9401100,544,16,8704,owner_block_factors,1e-08,9008,1.0349264705882353,16.558823529411764,True,0.0038351999828591943,snapshot only,0.0,0.0
explicit_feedback_n16_T128_s9401100,explicit_feedback,16,128,9401100,544,16,8704,kronecker_shared_input_basis,1e-08,7392,0.8492647058823529,13.588235294117647,True,0.0020528999157249928,snapshot only,5.076604477745685e-10,3.3552483794802024e-10
explicit_feedback_n16_T128_s9401100,explicit_feedback,16,128,9401100,544,16,8704,immediate_support_exact_slice_plus_svd_residual,1e-08,13920,1.599264705882353,25.58823529411765,True,0.00022789998911321163,snapshot only,2.3500458863915847e-16,2.7755575615628914e-16
explicit_feedback_n16_T128_s9401100,explicit_feedback,16,128,9401100,544,16,8704,local_eligibility_plus_svd_residual,1e-08,13920,1.599264705882353,25.58823529411765,True,0.00019859999883919954,snapshot only,2.5030485808226026e-16,1.8041124150158794e-16
explicit_feedback_n16_T128_s9401100,explicit_feedback,16,128,9401100,544,16,8704,global_svd,1e-10,8960,1.0294117647058822,16.470588235294116,True,0.000192799954675138,snapshot only,1.8332945039112535e-15,1.887379141862766e-15
explicit_feedback_n16_T128_s9401100,explicit_feedback,16,128,9401100,544,16,8704,pivoted_qr_repeated_basis,1e-10,9504,1.0919117647058822,17.470588235294116,True,0.00010579999070614576,snapshot only,4.688788889942469e-16,5.551115123125783e-16
explicit_feedback_n16_T128_s9401100,explicit_feedback,16,128,9401100,544,16,8704,supported_group_factors,1e-10,8768,1.0073529411764706,16.11764705882353,True,0.0021128999069333076,snapshot only,0.0,0.0
explicit_feedback_n16_T128_s9401100,explicit_feedback,16,128,9401100,544,16,8704,owner_block_factors,1e-10,9008,1.0349264705882353,16.558823529411764,True,0.004323300090618432,snapshot only,0.0,0.0
explicit_feedback_n16_T128_s9401100,explicit_feedback,16,128,9401100,544,16,8704,kronecker_shared_input_basis,1e-10,7936,0.9117647058823529,14.588235294117647,True,0.0020779999904334545,snapshot only,7.173221725248666e-12,5.0212091429191474e-12
explicit_feedback_n16_T128_s9401100,explicit_feedback,16,128,9401100,544,16,8704,immediate_support_exact_slice_plus_svd_residual,1e-10,13920,1.599264705882353,25.58823529411765,True,0.00023600005079060793,snapshot only,2.3500458863915847e-16,2.7755575615628914e-16
explicit_feedback_n16_T128_s9401100,explicit_feedback,16,128,9401100,544,16,8704,local_eligibility_plus_svd_residual,1e-10,13920,1.599264705882353,25.58823529411765,True,0.00022320006974041462,snapshot only,2.5030485808226026e-16,1.8041124150158794e-16
explicit_feedback_n16_T128_s9401100,explicit_feedback,16,128,9401100,544,16,8704,global_svd,1e-12,8960,1.0294117647058822,16.470588235294116,True,0.00019219995010644197,snapshot only,1.8332945039112535e-15,1.887379141862766e-15
explicit_feedback_n16_T128_s9401100,explicit_feedback,16,128,9401100,544,16,8704,pivoted_qr_repeated_basis,1e-12,9504,1.0919117647058822,17.470588235294116,True,0.00011340004857629538,snapshot only,4.688788889942469e-16,5.551115123125783e-16
explicit_feedback_n16_T128_s9401100,explicit_feedback,16,128,9401100,544,16,8704,supported_group_factors,1e-12,8768,1.0073529411764706,16.11764705882353,True,0.0021573000121861696,snapshot only,0.0,0.0
explicit_feedback_n16_T128_s9401100,explicit_feedback,16,128,9401100,544,16,8704,owner_block_factors,1e-12,9008,1.0349264705882353,16.558823529411764,True,0.004243599949404597,snapshot only,0.0,0.0
explicit_feedback_n16_T128_s9401100,explicit_feedback,16,128,9401100,544,16,8704,kronecker_shared_input_basis,1e-12,8480,0.9742647058823529,15.588235294117647,True,0.002099400036968291,snapshot only,8.133941572751192e-14,5.854518259074126e-14
explicit_feedback_n16_T128_s9401100,explicit_feedback,16,128,9401100,544,16,8704,immediate_support_exact_slice_plus_svd_residual,1e-12,13920,1.599264705882353,25.58823529411765,True,0.00023820006754249334,snapshot only,2.3500458863915847e-16,2.7755575615628914e-16
explicit_feedback_n16_T128_s9401100,explicit_feedback,16,128,9401100,544,16,8704,local_eligibility_plus_svd_residual,1e-12,13920,1.599264705882353,25.58823529411765,True,0.0002978000557050109,snapshot only,2.5030485808226026e-16,1.8041124150158794e-16
explicit_feedback_n16_T128_s9401101,explicit_feedback,16,128,9401101,544,16,8704,full_matrix,1e-08,8704,1.0,16.0,True,6.998889148235321e-07,online baseline,0.0,0.0
explicit_feedback_n16_T128_s9401101,explicit_feedback,16,128,9401101,544,16,8704,coordinate_sparse,1e-08,17408,2.0,32.0,True,2.95999925583601e-05,snapshot only,0.0,0.0
explicit_feedback_n16_T128_s9401101,explicit_feedback,16,128,9401101,544,16,8704,block_sparse_triangular,1e-08,9264,1.0643382352941178,17.029411764705884,True,3.439991269260645e-05,known closed online block recurrence,0.0,0.0
explicit_feedback_n16_T128_s9401101,explicit_feedback,16,128,9401101,544,16,8704,global_svd,1e-08,8960,1.0294117647058822,16.470588235294116,True,0.00025029992684721947,snapshot only,1.6823013932500427e-15,1.7763568394002505e-15
explicit_feedback_n16_T128_s9401101,explicit_feedback,16,128,9401101,544,16,8704,pivoted_qr_repeated_basis,1e-08,9504,1.0919117647058822,17.470588235294116,True,0.00011790008284151554,snapshot only,5.106777478990896e-16,7.771561172376096e-16
explicit_feedback_n16_T128_s9401101,explicit_feedback,16,128,9401101,544,16,8704,supported_group_factors,1e-08,8768,1.0073529411764706,16.11764705882353,True,0.0021096999989822507,snapshot only,0.0,0.0
explicit_feedback_n16_T128_s9401101,explicit_feedback,16,128,9401101,544,16,8704,owner_block_factors,1e-08,9008,1.0349264705882353,16.558823529411764,True,0.00388179998844862,snapshot only,0.0,0.0
explicit_feedback_n16_T128_s9401101,explicit_feedback,16,128,9401101,544,16,8704,kronecker_shared_input_basis,1e-08,7392,0.8492647058823529,13.588235294117647,True,0.002062200102955103,snapshot only,1.0465114030169208e-09,3.869499443087676e-10
explicit_feedback_n16_T128_s9401101,explicit_feedback,16,128,9401101,544,16,8704,immediate_support_exact_slice_plus_svd_residual,1e-08,13920,1.599264705882353,25.58823529411765,True,0.00022960000205785036,snapshot only,2.214115454675492e-16,1.6653345369377348e-16
explicit_feedback_n16_T128_s9401101,explicit_feedback,16,128,9401101,544,16,8704,local_eligibility_plus_svd_residual,1e-08,13920,1.599264705882353,25.58823529411765,True,0.0002975000534206629,snapshot only,2.856089939992192e-16,2.636779683484747e-16
explicit_feedback_n16_T128_s9401101,explicit_feedback,16,128,9401101,544,16,8704,global_svd,1e-10,8960,1.0294117647058822,16.470588235294116,True,0.000202000024728477,snapshot only,1.6823013932500427e-15,1.7763568394002505e-15
explicit_feedback_n16_T128_s9401101,explicit_feedback,16,128,9401101,544,16,8704,pivoted_qr_repeated_basis,1e-10,9504,1.0919117647058822,17.470588235294116,True,0.0001140000531449914,snapshot only,5.106777478990896e-16,7.771561172376096e-16
explicit_feedback_n16_T128_s9401101,explicit_feedback,16,128,9401101,544,16,8704,supported_group_factors,1e-10,8768,1.0073529411764706,16.11764705882353,True,0.00215119996573776,snapshot only,0.0,0.0
explicit_feedback_n16_T128_s9401101,explicit_feedback,16,128,9401101,544,16,8704,owner_block_factors,1e-10,9008,1.0349264705882353,16.558823529411764,True,0.003932299907319248,snapshot only,0.0,0.0
explicit_feedback_n16_T128_s9401101,explicit_feedback,16,128,9401101,544,16,8704,kronecker_shared_input_basis,1e-10,7936,0.9117647058823529,14.588235294117647,True,0.002198000089265406,snapshot only,1.6707431574301382e-11,1.0877430792026466e-11
explicit_feedback_n16_T128_s9401101,explicit_feedback,16,128,9401101,544,16,8704,immediate_support_exact_slice_plus_svd_residual,1e-10,13920,1.599264705882353,25.58823529411765,True,0.00022360007278621197,snapshot only,2.214115454675492e-16,1.6653345369377348e-16
explicit_feedback_n16_T128_s9401101,explicit_feedback,16,128,9401101,544,16,8704,local_eligibility_plus_svd_residual,1e-10,13920,1.599264705882353,25.58823529411765,True,0.00019829999655485153,snapshot only,2.856089939992192e-16,2.636779683484747e-16
explicit_feedback_n16_T128_s9401101,explicit_feedback,16,128,9401101,544,16,8704,global_svd,1e-12,8960,1.0294117647058822,16.470588235294116,True,0.00019090005662292242,snapshot only,1.6823013932500427e-15,1.7763568394002505e-15
explicit_feedback_n16_T128_s9401101,explicit_feedback,16,128,9401101,544,16,8704,pivoted_qr_repeated_basis,1e-12,9504,1.0919117647058822,17.470588235294116,True,0.00010040006600320339,snapshot only,5.106777478990896e-16,7.771561172376096e-16
explicit_feedback_n16_T128_s9401101,explicit_feedback,16,128,9401101,544,16,8704,supported_group_factors,1e-12,8768,1.0073529411764706,16.11764705882353,True,0.002077899989672005,snapshot only,0.0,0.0
explicit_feedback_n16_T128_s9401101,explicit_feedback,16,128,9401101,544,16,8704,owner_block_factors,1e-12,9008,1.0349264705882353,16.558823529411764,True,0.004523999989032745,snapshot only,0.0,0.0
explicit_feedback_n16_T128_s9401101,explicit_feedback,16,128,9401101,544,16,8704,kronecker_shared_input_basis,1e-12,8480,0.9742647058823529,15.588235294117647,True,0.002086700056679547,snapshot only,1.3456712799769886e-13,5.843546133088573e-14
explicit_feedback_n16_T128_s9401101,explicit_feedback,16,128,9401101,544,16,8704,immediate_support_exact_slice_plus_svd_residual,1e-12,13920,1.599264705882353,25.58823529411765,True,0.00022499996703118086,snapshot only,2.214115454675492e-16,1.6653345369377348e-16
explicit_feedback_n16_T128_s9401101,explicit_feedback,16,128,9401101,544,16,8704,local_eligibility_plus_svd_residual,1e-12,13920,1.599264705882353,25.58823529411765,True,0.00024479988496750593,snapshot only,2.856089939992192e-16,2.636779683484747e-16
explicit_feedback_n16_T128_s9401102,explicit_feedback,16,128,9401102,544,16,8704,full_matrix,1e-08,8704,1.0,16.0,True,6.00004568696022e-07,online baseline,0.0,0.0
explicit_feedback_n16_T128_s9401102,explicit_feedback,16,128,9401102,544,16,8704,coordinate_sparse,1e-08,17408,2.0,32.0,True,2.9799994081258774e-05,snapshot only,0.0,0.0
explicit_feedback_n16_T128_s9401102,explicit_feedback,16,128,9401102,544,16,8704,block_sparse_triangular,1e-08,9264,1.0643382352941178,17.029411764705884,True,3.550003748387098e-05,known closed online block recurrence,0.0,0.0
explicit_feedback_n16_T128_s9401102,explicit_feedback,16,128,9401102,544,16,8704,global_svd,1e-08,8960,1.0294117647058822,16.470588235294116,True,0.00028190005104988813,snapshot only,2.8220796067121275e-15,2.0643209364124004e-15
explicit_feedback_n16_T128_s9401102,explicit_feedback,16,128,9401102,544,16,8704,pivoted_qr_repeated_basis,1e-08,9504,1.0919117647058822,17.470588235294116,True,0.00014139991253614426,snapshot only,3.9811501293704226e-16,4.440892098500626e-16
explicit_feedback_n16_T128_s9401102,explicit_feedback,16,128,9401102,544,16,8704,supported_group_factors,1e-08,8768,1.0073529411764706,16.11764705882353,True,0.0022554000606760383,snapshot only,0.0,0.0
explicit_feedback_n16_T128_s9401102,explicit_feedback,16,128,9401102,544,16,8704,owner_block_factors,1e-08,9008,1.0349264705882353,16.558823529411764,True,0.004502699943259358,snapshot only,0.0,0.0
explicit_feedback_n16_T128_s9401102,explicit_feedback,16,128,9401102,544,16,8704,kronecker_shared_input_basis,1e-08,7120,0.8180147058823529,13.088235294117647,True,0.002138799987733364,snapshot only,5.57735519265549e-09,1.9768782427015408e-09
explicit_feedback_n16_T128_s9401102,explicit_feedback,16,128,9401102,544,16,8704,immediate_support_exact_slice_plus_svd_residual,1e-08,13920,1.599264705882353,25.58823529411765,True,0.00033569999504834414,snapshot only,1.752180194182507e-16,1.6653345369377348e-16
explicit_feedback_n16_T128_s9401102,explicit_feedback,16,128,9401102,544,16,8704,local_eligibility_plus_svd_residual,1e-08,13920,1.599264705882353,25.58823529411765,True,0.00021599989850074053,snapshot only,2.737368604499072e-16,2.1510571102112408e-16
explicit_feedback_n16_T128_s9401102,explicit_feedback,16,128,9401102,544,16,8704,global_svd,1e-10,8960,1.0294117647058822,16.470588235294116,True,0.00026839994825422764,snapshot only,2.8220796067121275e-15,2.0643209364124004e-15
explicit_feedback_n16_T128_s9401102,explicit_feedback,16,128,9401102,544,16,8704,pivoted_qr_repeated_basis,1e-10,9504,1.0919117647058822,17.470588235294116,True,0.00013329996727406979,snapshot only,3.9811501293704226e-16,4.440892098500626e-16
explicit_feedback_n16_T128_s9401102,explicit_feedback,16,128,9401102,544,16,8704,supported_group_factors,1e-10,8768,1.0073529411764706,16.11764705882353,True,0.0022275999654084444,snapshot only,0.0,0.0
explicit_feedback_n16_T128_s9401102,explicit_feedback,16,128,9401102,544,16,8704,owner_block_factors,1e-10,9008,1.0349264705882353,16.558823529411764,True,0.004426900064572692,snapshot only,0.0,0.0
explicit_feedback_n16_T128_s9401102,explicit_feedback,16,128,9401102,544,16,8704,kronecker_shared_input_basis,1e-10,7664,0.8805147058823529,14.088235294117647,True,0.0025475999573245645,snapshot only,4.1433957794146356e-11,1.8424516795047252e-11
explicit_feedback_n16_T128_s9401102,explicit_feedback,16,128,9401102,544,16,8704,immediate_support_exact_slice_plus_svd_residual,1e-10,13920,1.599264705882353,25.58823529411765,True,0.0003667999990284443,snapshot only,1.752180194182507e-16,1.6653345369377348e-16
explicit_feedback_n16_T128_s9401102,explicit_feedback,16,128,9401102,544,16,8704,local_eligibility_plus_svd_residual,1e-10,13920,1.599264705882353,25.58823529411765,True,0.0003501999890431762,snapshot only,2.737368604499072e-16,2.1510571102112408e-16
explicit_feedback_n16_T128_s9401102,explicit_feedback,16,128,9401102,544,16,8704,global_svd,1e-12,8960,1.0294117647058822,16.470588235294116,True,0.00028579996433109045,snapshot only,2.8220796067121275e-15,2.0643209364124004e-15
explicit_feedback_n16_T128_s9401102,explicit_feedback,16,128,9401102,544,16,8704,pivoted_qr_repeated_basis,1e-12,9504,1.0919117647058822,17.470588235294116,True,0.0001406999072059989,snapshot only,3.9811501293704226e-16,4.440892098500626e-16
explicit_feedback_n16_T128_s9401102,explicit_feedback,16,128,9401102,544,16,8704,supported_group_factors,1e-12,8768,1.0073529411764706,16.11764705882353,True,0.0022678000386804342,snapshot only,0.0,0.0
explicit_feedback_n16_T128_s9401102,explicit_feedback,16,128,9401102,544,16,8704,owner_block_factors,1e-12,9008,1.0349264705882353,16.558823529411764,True,0.0043342000572010875,snapshot only,0.0,0.0
explicit_feedback_n16_T128_s9401102,explicit_feedback,16,128,9401102,544,16,8704,kronecker_shared_input_basis,1e-12,8208,0.9430147058823529,15.088235294117647,True,0.0025632999604567885,snapshot only,2.1820463179506324e-13,1.1293656981825606e-13
explicit_feedback_n16_T128_s9401102,explicit_feedback,16,128,9401102,544,16,8704,immediate_support_exact_slice_plus_svd_residual,1e-12,13920,1.599264705882353,25.58823529411765,True,0.00022689998149871826,snapshot only,1.752180194182507e-16,1.6653345369377348e-16
explicit_feedback_n16_T128_s9401102,explicit_feedback,16,128,9401102,544,16,8704,local_eligibility_plus_svd_residual,1e-12,13920,1.599264705882353,25.58823529411765,True,0.00021249998826533556,snapshot only,2.737368604499072e-16,2.1510571102112408e-16
explicit_feedback_n16_T128_s9401103,explicit_feedback,16,128,9401103,544,16,8704,full_matrix,1e-08,8704,1.0,16.0,True,6.00004568696022e-07,online baseline,0.0,0.0
explicit_feedback_n16_T128_s9401103,explicit_feedback,16,128,9401103,544,16,8704,coordinate_sparse,1e-08,17408,2.0,32.0,True,2.9099988751113415e-05,snapshot only,0.0,0.0
explicit_feedback_n16_T128_s9401103,explicit_feedback,16,128,9401103,544,16,8704,block_sparse_triangular,1e-08,9264,1.0643382352941178,17.029411764705884,True,3.379990812391043e-05,known closed online block recurrence,0.0,0.0
explicit_feedback_n16_T128_s9401103,explicit_feedback,16,128,9401103,544,16,8704,global_svd,1e-08,8960,1.0294117647058822,16.470588235294116,True,0.00028789998032152653,snapshot only,2.91039430055838e-15,2.3314683517128287e-15
explicit_feedback_n16_T128_s9401103,explicit_feedback,16,128,9401103,544,16,8704,pivoted_qr_repeated_basis,1e-08,9504,1.0919117647058822,17.470588235294116,True,0.0001210999907925725,snapshot only,4.243799239941635e-16,5.551115123125783e-16
explicit_feedback_n16_T128_s9401103,explicit_feedback,16,128,9401103,544,16,8704,supported_group_factors,1e-08,8768,1.0073529411764706,16.11764705882353,True,0.002379000070504844,snapshot only,0.0,0.0
explicit_feedback_n16_T128_s9401103,explicit_feedback,16,128,9401103,544,16,8704,owner_block_factors,1e-08,9008,1.0349264705882353,16.558823529411764,True,0.004009400028735399,snapshot only,0.0,0.0
explicit_feedback_n16_T128_s9401103,explicit_feedback,16,128,9401103,544,16,8704,kronecker_shared_input_basis,1e-08,7120,0.8180147058823529,13.088235294117647,True,0.0020592999644577503,snapshot only,3.881316604141897e-09,2.287141937645787e-09
explicit_feedback_n16_T128_s9401103,explicit_feedback,16,128,9401103,544,16,8704,immediate_support_exact_slice_plus_svd_residual,1e-08,13920,1.599264705882353,25.58823529411765,True,0.0002166999038308859,snapshot only,2.177871465747339e-16,2.1510571102112408e-16
explicit_feedback_n16_T128_s9401103,explicit_feedback,16,128,9401103,544,16,8704,local_eligibility_plus_svd_residual,1e-08,13920,1.599264705882353,25.58823529411765,True,0.00020560005214065313,snapshot only,2.621646075213708e-16,2.498001805406602e-16
explicit_feedback_n16_T128_s9401103,explicit_feedback,16,128,9401103,544,16,8704,global_svd,1e-10,8960,1.0294117647058822,16.470588235294116,True,0.00019180006347596645,snapshot only,2.91039430055838e-15,2.3314683517128287e-15
explicit_feedback_n16_T128_s9401103,explicit_feedback,16,128,9401103,544,16,8704,pivoted_qr_repeated_basis,1e-10,9504,1.0919117647058822,17.470588235294116,True,0.00010269996710121632,snapshot only,4.243799239941635e-16,5.551115123125783e-16
explicit_feedback_n16_T128_s9401103,explicit_feedback,16,128,9401103,544,16,8704,supported_group_factors,1e-10,8768,1.0073529411764706,16.11764705882353,True,0.0022728999610990286,snapshot only,0.0,0.0
explicit_feedback_n16_T128_s9401103,explicit_feedback,16,128,9401103,544,16,8704,owner_block_factors,1e-10,9008,1.0349264705882353,16.558823529411764,True,0.004701499943621457,snapshot only,0.0,0.0
explicit_feedback_n16_T128_s9401103,explicit_feedback,16,128,9401103,544,16,8704,kronecker_shared_input_basis,1e-10,7664,0.8805147058823529,14.088235294117647,True,0.0022184000117704272,snapshot only,5.1067638433744256e-11,3.72632857729982e-11
explicit_feedback_n16_T128_s9401103,explicit_feedback,16,128,9401103,544,16,8704,immediate_support_exact_slice_plus_svd_residual,1e-10,13920,1.599264705882353,25.58823529411765,True,0.0003106000367552042,snapshot only,2.177871465747339e-16,2.1510571102112408e-16
explicit_feedback_n16_T128_s9401103,explicit_feedback,16,128,9401103,544,16,8704,local_eligibility_plus_svd_residual,1e-10,13920,1.599264705882353,25.58823529411765,True,0.00019759999122470617,snapshot only,2.621646075213708e-16,2.498001805406602e-16
explicit_feedback_n16_T128_s9401103,explicit_feedback,16,128,9401103,544,16,8704,global_svd,1e-12,8960,1.0294117647058822,16.470588235294116,True,0.0003328999737277627,snapshot only,2.91039430055838e-15,2.3314683517128287e-15
explicit_feedback_n16_T128_s9401103,explicit_feedback,16,128,9401103,544,16,8704,pivoted_qr_repeated_basis,1e-12,9504,1.0919117647058822,17.470588235294116,True,0.00011689995881170034,snapshot only,4.243799239941635e-16,5.551115123125783e-16
explicit_feedback_n16_T128_s9401103,explicit_feedback,16,128,9401103,544,16,8704,supported_group_factors,1e-12,8768,1.0073529411764706,16.11764705882353,True,0.0021599000319838524,snapshot only,0.0,0.0
explicit_feedback_n16_T128_s9401103,explicit_feedback,16,128,9401103,544,16,8704,owner_block_factors,1e-12,9008,1.0349264705882353,16.558823529411764,True,0.004013999947346747,snapshot only,0.0,0.0
explicit_feedback_n16_T128_s9401103,explicit_feedback,16,128,9401103,544,16,8704,kronecker_shared_input_basis,1e-12,8208,0.9430147058823529,15.088235294117647,True,0.0023412000155076385,snapshot only,2.621396520718936e-13,1.5906503544882433e-13
explicit_feedback_n16_T128_s9401103,explicit_feedback,16,128,9401103,544,16,8704,immediate_support_exact_slice_plus_svd_residual,1e-12,13920,1.599264705882353,25.58823529411765,True,0.00022090005222707987,snapshot only,2.177871465747339e-16,2.1510571102112408e-16
explicit_feedback_n16_T128_s9401103,explicit_feedback,16,128,9401103,544,16,8704,local_eligibility_plus_svd_residual,1e-12,13920,1.599264705882353,25.58823529411765,True,0.00019779999274760485,snapshot only,2.621646075213708e-16,2.498001805406602e-16
explicit_feedback_n16_T128_s9401104,explicit_feedback,16,128,9401104,544,16,8704,full_matrix,1e-08,8704,1.0,16.0,True,7.00005330145359e-07,online baseline,0.0,0.0
explicit_feedback_n16_T128_s9401104,explicit_feedback,16,128,9401104,544,16,8704,coordinate_sparse,1e-08,17408,2.0,32.0,True,3.0199997127056122e-05,snapshot only,0.0,0.0
explicit_feedback_n16_T128_s9401104,explicit_feedback,16,128,9401104,544,16,8704,block_sparse_triangular,1e-08,9264,1.0643382352941178,17.029411764705884,True,3.509991802275181e-05,known closed online block recurrence,0.0,0.0
explicit_feedback_n16_T128_s9401104,explicit_feedback,16,128,9401104,544,16,8704,global_svd,1e-08,8960,1.0294117647058822,16.470588235294116,True,0.00025860010646283627,snapshot only,2.4923447910369945e-15,2.248201624865942e-15
explicit_feedback_n16_T128_s9401104,explicit_feedback,16,128,9401104,544,16,8704,pivoted_qr_repeated_basis,1e-08,9504,1.0919117647058822,17.470588235294116,True,0.00011809996794909239,snapshot only,5.121726349306806e-16,5.551115123125783e-16
explicit_feedback_n16_T128_s9401104,explicit_feedback,16,128,9401104,544,16,8704,supported_group_factors,1e-08,8768,1.0073529411764706,16.11764705882353,True,0.0021561000030487776,snapshot only,0.0,0.0
explicit_feedback_n16_T128_s9401104,explicit_feedback,16,128,9401104,544,16,8704,owner_block_factors,1e-08,9008,1.0349264705882353,16.558823529411764,True,0.004435700015164912,snapshot only,0.0,0.0
explicit_feedback_n16_T128_s9401104,explicit_feedback,16,128,9401104,544,16,8704,kronecker_shared_input_basis,1e-08,7120,0.8180147058823529,13.088235294117647,True,0.002073700074106455,snapshot only,3.2704634287470464e-09,2.0293179675730244e-09
explicit_feedback_n16_T128_s9401104,explicit_feedback,16,128,9401104,544,16,8704,immediate_support_exact_slice_plus_svd_residual,1e-08,13920,1.599264705882353,25.58823529411765,True,0.0002294000005349517,snapshot only,1.570136986990173e-16,1.3877787807814457e-16
explicit_feedback_n16_T128_s9401104,explicit_feedback,16,128,9401104,544,16,8704,local_eligibility_plus_svd_residual,1e-08,13920,1.599264705882353,25.58823529411765,True,0.00020649994257837534,snapshot only,1.7798100037080008e-16,1.8041124150158794e-16
explicit_feedback_n16_T128_s9401104,explicit_feedback,16,128,9401104,544,16,8704,global_svd,1e-10,8960,1.0294117647058822,16.470588235294116,True,0.0001930000726133585,snapshot only,2.4923447910369945e-15,2.248201624865942e-15
explicit_feedback_n16_T128_s9401104,explicit_feedback,16,128,9401104,544,16,8704,pivoted_qr_repeated_basis,1e-10,9504,1.0919117647058822,17.470588235294116,True,0.00010800000745803118,snapshot only,5.121726349306806e-16,5.551115123125783e-16
explicit_feedback_n16_T128_s9401104,explicit_feedback,16,128,9401104,544,16,8704,supported_group_factors,1e-10,8768,1.0073529411764706,16.11764705882353,True,0.0022646000143140554,snapshot only,0.0,0.0
explicit_feedback_n16_T128_s9401104,explicit_feedback,16,128,9401104,544,16,8704,owner_block_factors,1e-10,9008,1.0349264705882353,16.558823529411764,True,0.004856699961237609,snapshot only,0.0,0.0
explicit_feedback_n16_T128_s9401104,explicit_feedback,16,128,9401104,544,16,8704,kronecker_shared_input_basis,1e-10,7936,0.9117647058823529,14.588235294117647,True,0.0025107000255957246,snapshot only,6.822868085787559e-12,5.17751119755161e-12
explicit_feedback_n16_T128_s9401104,explicit_feedback,16,128,9401104,544,16,8704,immediate_support_exact_slice_plus_svd_residual,1e-10,13920,1.599264705882353,25.58823529411765,True,0.00023060000967234373,snapshot only,1.570136986990173e-16,1.3877787807814457e-16
explicit_feedback_n16_T128_s9401104,explicit_feedback,16,128,9401104,544,16,8704,local_eligibility_plus_svd_residual,1e-10,13920,1.599264705882353,25.58823529411765,True,0.0001998000079765916,snapshot only,1.7798100037080008e-16,1.8041124150158794e-16
explicit_feedback_n16_T128_s9401104,explicit_feedback,16,128,9401104,544,16,8704,global_svd,1e-12,8960,1.0294117647058822,16.470588235294116,True,0.00019040005281567574,snapshot only,2.4923447910369945e-15,2.248201624865942e-15
explicit_feedback_n16_T128_s9401104,explicit_feedback,16,128,9401104,544,16,8704,pivoted_qr_repeated_basis,1e-12,9504,1.0919117647058822,17.470588235294116,True,0.00010770000517368317,snapshot only,5.121726349306806e-16,5.551115123125783e-16
explicit_feedback_n16_T128_s9401104,explicit_feedback,16,128,9401104,544,16,8704,supported_group_factors,1e-12,8768,1.0073529411764706,16.11764705882353,True,0.002142900018952787,snapshot only,0.0,0.0
explicit_feedback_n16_T128_s9401104,explicit_feedback,16,128,9401104,544,16,8704,owner_block_factors,1e-12,9008,1.0349264705882353,16.558823529411764,True,0.004269300028681755,snapshot only,0.0,0.0
explicit_feedback_n16_T128_s9401104,explicit_feedback,16,128,9401104,544,16,8704,kronecker_shared_input_basis,1e-12,8208,0.9430147058823529,15.088235294117647,True,0.002114800037816167,snapshot only,6.291656598358642e-13,4.1472901501915516e-13
explicit_feedback_n16_T128_s9401104,explicit_feedback,16,128,9401104,544,16,8704,immediate_support_exact_slice_plus_svd_residual,1e-12,13920,1.599264705882353,25.58823529411765,True,0.00022169994190335274,snapshot only,1.570136986990173e-16,1.3877787807814457e-16
explicit_feedback_n16_T128_s9401104,explicit_feedback,16,128,9401104,544,16,8704,local_eligibility_plus_svd_residual,1e-12,13920,1.599264705882353,25.58823529411765,True,0.00020000000949949026,snapshot only,1.7798100037080008e-16,1.8041124150158794e-16
block4_n8_T32_s9401100,block4,8,32,9401100,104,8,832,full_matrix,1e-08,832,1.0,8.0,True,1.1998927220702171e-06,online baseline,0.0,0.0
block4_n8_T32_s9401100,block4,8,32,9401100,104,8,832,coordinate_sparse,1e-08,832,1.0,8.0,True,1.71000137925148e-05,snapshot only,0.0,0.0
block4_n8_T32_s9401100,block4,8,32,9401100,104,8,832,block_sparse_triangular,1e-08,528,0.6346153846153846,5.076923076923077,True,2.319994382560253e-05,known closed online block recurrence,0.0,0.0
block4_n8_T32_s9401100,block4,8,32,9401100,104,8,832,global_svd,1e-08,896,1.0769230769230769,8.615384615384615,True,0.00012099999003112316,snapshot only,5.260369779325003e-16,5.551115123125783e-16
block4_n8_T32_s9401100,block4,8,32,9401100,104,8,832,pivoted_qr_repeated_basis,1e-08,1000,1.2019230769230769,9.615384615384615,True,9.14999982342124e-05,snapshot only,3.140252242946767e-16,3.3306690738754696e-16
block4_n8_T32_s9401100,block4,8,32,9401100,104,8,832,supported_group_factors,1e-08,856,1.0288461538461537,8.23076923076923,True,0.0008641000604256988,snapshot only,0.0,0.0
block4_n8_T32_s9401100,block4,8,32,9401100,104,8,832,owner_block_factors,1e-08,624,0.75,6.0,True,0.0016208000015467405,snapshot only,0.0,0.0
block4_n8_T32_s9401100,block4,8,32,9401100,104,8,832,kronecker_shared_input_basis,1e-08,856,1.0288461538461537,8.23076923076923,True,0.0008783000521361828,snapshot only,0.0,0.0
block4_n8_T32_s9401100,block4,8,32,9401100,104,8,832,immediate_support_exact_slice_plus_svd_residual,1e-08,1112,1.3365384615384615,10.692307692307692,True,0.00010619999375194311,snapshot only,9.723334954421085e-16,1.609823385706477e-15
block4_n8_T32_s9401100,block4,8,32,9401100,104,8,832,local_eligibility_plus_svd_residual,1e-08,1112,1.3365384615384615,10.692307692307692,True,9.26000066101551e-05,snapshot only,1.7840098914156328e-16,2.220446049250313e-16
block4_n8_T32_s9401100,block4,8,32,9401100,104,8,832,global_svd,1e-10,896,1.0769230769230769,8.615384615384615,True,7.569999434053898e-05,snapshot only,5.260369779325003e-16,5.551115123125783e-16
block4_n8_T32_s9401100,block4,8,32,9401100,104,8,832,pivoted_qr_repeated_basis,1e-10,1000,1.2019230769230769,9.615384615384615,True,5.500006955116987e-05,snapshot only,3.140252242946767e-16,3.3306690738754696e-16
block4_n8_T32_s9401100,block4,8,32,9401100,104,8,832,supported_group_factors,1e-10,856,1.0288461538461537,8.23076923076923,True,0.0010512000881135464,snapshot only,0.0,0.0
block4_n8_T32_s9401100,block4,8,32,9401100,104,8,832,owner_block_factors,1e-10,624,0.75,6.0,True,0.001492300070822239,snapshot only,0.0,0.0
block4_n8_T32_s9401100,block4,8,32,9401100,104,8,832,kronecker_shared_input_basis,1e-10,856,1.0288461538461537,8.23076923076923,True,0.0008607000345364213,snapshot only,0.0,0.0
block4_n8_T32_s9401100,block4,8,32,9401100,104,8,832,immediate_support_exact_slice_plus_svd_residual,1e-10,1112,1.3365384615384615,10.692307692307692,True,0.0001058999914675951,snapshot only,9.723334954421085e-16,1.609823385706477e-15
block4_n8_T32_s9401100,block4,8,32,9401100,104,8,832,local_eligibility_plus_svd_residual,1e-10,1112,1.3365384615384615,10.692307692307692,True,0.00014190003275871277,snapshot only,1.7840098914156328e-16,2.220446049250313e-16
block4_n8_T32_s9401100,block4,8,32,9401100,104,8,832,global_svd,1e-12,896,1.0769230769230769,8.615384615384615,True,8.120003622025251e-05,snapshot only,5.260369779325003e-16,5.551115123125783e-16
block4_n8_T32_s9401100,block4,8,32,9401100,104,8,832,pivoted_qr_repeated_basis,1e-12,1000,1.2019230769230769,9.615384615384615,True,5.719996988773346e-05,snapshot only,3.140252242946767e-16,3.3306690738754696e-16
block4_n8_T32_s9401100,block4,8,32,9401100,104,8,832,supported_group_factors,1e-12,856,1.0288461538461537,8.23076923076923,True,0.0008119000121951103,snapshot only,0.0,0.0
block4_n8_T32_s9401100,block4,8,32,9401100,104,8,832,owner_block_factors,1e-12,624,0.75,6.0,True,0.0019108999986201525,snapshot only,0.0,0.0
block4_n8_T32_s9401100,block4,8,32,9401100,104,8,832,kronecker_shared_input_basis,1e-12,856,1.0288461538461537,8.23076923076923,True,0.0008321999339386821,snapshot only,0.0,0.0
block4_n8_T32_s9401100,block4,8,32,9401100,104,8,832,immediate_support_exact_slice_plus_svd_residual,1e-12,1112,1.3365384615384615,10.692307692307692,True,0.00010659999679774046,snapshot only,9.723334954421085e-16,1.609823385706477e-15
block4_n8_T32_s9401100,block4,8,32,9401100,104,8,832,local_eligibility_plus_svd_residual,1e-12,1112,1.3365384615384615,10.692307692307692,True,8.789997082203627e-05,snapshot only,1.7840098914156328e-16,2.220446049250313e-16
block4_n8_T32_s9401101,block4,8,32,9401101,104,8,832,full_matrix,1e-08,832,1.0,8.0,True,7.00005330145359e-07,online baseline,0.0,0.0
block4_n8_T32_s9401101,block4,8,32,9401101,104,8,832,coordinate_sparse,1e-08,832,1.0,8.0,True,1.5300000086426735e-05,snapshot only,0.0,0.0
block4_n8_T32_s9401101,block4,8,32,9401101,104,8,832,block_sparse_triangular,1e-08,528,0.6346153846153846,5.076923076923077,True,2.159993164241314e-05,known closed online block recurrence,0.0,0.0
block4_n8_T32_s9401101,block4,8,32,9401101,104,8,832,global_svd,1e-08,896,1.0769230769230769,8.615384615384615,True,0.00017609994392842054,snapshot only,5.705370125911471e-16,6.661338147750939e-16
block4_n8_T32_s9401101,block4,8,32,9401101,104,8,832,pivoted_qr_repeated_basis,1e-08,1000,1.2019230769230769,9.615384615384615,True,0.00012600002810359,snapshot only,2.24353617161244e-16,2.220446049250313e-16
block4_n8_T32_s9401101,block4,8,32,9401101,104,8,832,supported_group_factors,1e-08,856,1.0288461538461537,8.23076923076923,True,0.0010536001063883305,snapshot only,0.0,0.0
block4_n8_T32_s9401101,block4,8,32,9401101,104,8,832,owner_block_factors,1e-08,624,0.75,6.0,True,0.0014949999749660492,snapshot only,0.0,0.0
block4_n8_T32_s9401101,block4,8,32,9401101,104,8,832,kronecker_shared_input_basis,1e-08,856,1.0288461538461537,8.23076923076923,True,0.0011015000054612756,snapshot only,0.0,0.0
block4_n8_T32_s9401101,block4,8,32,9401101,104,8,832,immediate_support_exact_slice_plus_svd_residual,1e-08,1112,1.3365384615384615,10.692307692307692,True,0.00010369997471570969,snapshot only,2.492956356373475e-16,4.996003610813204e-16
block4_n8_T32_s9401101,block4,8,32,9401101,104,8,832,local_eligibility_plus_svd_residual,1e-08,1112,1.3365384615384615,10.692307692307692,True,9.680003859102726e-05,snapshot only,2.145850165233142e-16,3.3306690738754696e-16
block4_n8_T32_s9401101,block4,8,32,9401101,104,8,832,global_svd,1e-10,896,1.0769230769230769,8.615384615384615,True,0.0001148000592365861,snapshot only,5.705370125911471e-16,6.661338147750939e-16
block4_n8_T32_s9401101,block4,8,32,9401101,104,8,832,pivoted_qr_repeated_basis,1e-10,1000,1.2019230769230769,9.615384615384615,True,5.949998740106821e-05,snapshot only,2.24353617161244e-16,2.220446049250313e-16
block4_n8_T32_s9401101,block4,8,32,9401101,104,8,832,supported_group_factors,1e-10,856,1.0288461538461537,8.23076923076923,True,0.0009876999538391829,snapshot only,0.0,0.0
block4_n8_T32_s9401101,block4,8,32,9401101,104,8,832,owner_block_factors,1e-10,624,0.75,6.0,True,0.0016737000551074743,snapshot only,0.0,0.0
block4_n8_T32_s9401101,block4,8,32,9401101,104,8,832,kronecker_shared_input_basis,1e-10,856,1.0288461538461537,8.23076923076923,True,0.0009053000248968601,snapshot only,0.0,0.0
block4_n8_T32_s9401101,block4,8,32,9401101,104,8,832,immediate_support_exact_slice_plus_svd_residual,1e-10,1112,1.3365384615384615,10.692307692307692,True,0.00022380007430911064,snapshot only,2.492956356373475e-16,4.996003610813204e-16
block4_n8_T32_s9401101,block4,8,32,9401101,104,8,832,local_eligibility_plus_svd_residual,1e-10,1112,1.3365384615384615,10.692307692307692,True,0.00014409993309527636,snapshot only,2.145850165233142e-16,3.3306690738754696e-16
block4_n8_T32_s9401101,block4,8,32,9401101,104,8,832,global_svd,1e-12,896,1.0769230769230769,8.615384615384615,True,7.98000255599618e-05,snapshot only,5.705370125911471e-16,6.661338147750939e-16
block4_n8_T32_s9401101,block4,8,32,9401101,104,8,832,pivoted_qr_repeated_basis,1e-12,1000,1.2019230769230769,9.615384615384615,True,5.700008478015661e-05,snapshot only,2.24353617161244e-16,2.220446049250313e-16
block4_n8_T32_s9401101,block4,8,32,9401101,104,8,832,supported_group_factors,1e-12,856,1.0288461538461537,8.23076923076923,True,0.0008525000885128975,snapshot only,0.0,0.0
block4_n8_T32_s9401101,block4,8,32,9401101,104,8,832,owner_block_factors,1e-12,624,0.75,6.0,True,0.0017652999376878142,snapshot only,0.0,0.0
block4_n8_T32_s9401101,block4,8,32,9401101,104,8,832,kronecker_shared_input_basis,1e-12,856,1.0288461538461537,8.23076923076923,True,0.0007252000505104661,snapshot only,0.0,0.0
block4_n8_T32_s9401101,block4,8,32,9401101,104,8,832,immediate_support_exact_slice_plus_svd_residual,1e-12,1112,1.3365384615384615,10.692307692307692,True,0.00016729999333620071,snapshot only,2.492956356373475e-16,4.996003610813204e-16
block4_n8_T32_s9401101,block4,8,32,9401101,104,8,832,local_eligibility_plus_svd_residual,1e-12,1112,1.3365384615384615,10.692307692307692,True,9.169999975711107e-05,snapshot only,2.145850165233142e-16,3.3306690738754696e-16
block4_n8_T32_s9401102,block4,8,32,9401102,104,8,832,full_matrix,1e-08,832,1.0,8.0,True,5.998881533741951e-07,online baseline,0.0,0.0
block4_n8_T32_s9401102,block4,8,32,9401102,104,8,832,coordinate_sparse,1e-08,832,1.0,8.0,True,1.4399993233382702e-05,snapshot only,0.0,0.0
block4_n8_T32_s9401102,block4,8,32,9401102,104,8,832,block_sparse_triangular,1e-08,528,0.6346153846153846,5.076923076923077,True,2.1000043489038944e-05,known closed online block recurrence,0.0,0.0
block4_n8_T32_s9401102,block4,8,32,9401102,104,8,832,global_svd,1e-08,896,1.0769230769230769,8.615384615384615,True,9.870005305856466e-05,snapshot only,7.4338024595191e-16,1.0061396160665481e-15
block4_n8_T32_s9401102,block4,8,32,9401102,104,8,832,pivoted_qr_repeated_basis,1e-08,1000,1.2019230769230769,9.615384615384615,True,6.340001709759235e-05,snapshot only,6.446558256523736e-16,8.881784197001252e-16
block4_n8_T32_s9401102,block4,8,32,9401102,104,8,832,supported_group_factors,1e-08,856,1.0288461538461537,8.23076923076923,True,0.0006485999329015613,snapshot only,0.0,0.0
block4_n8_T32_s9401102,block4,8,32,9401102,104,8,832,owner_block_factors,1e-08,624,0.75,6.0,True,0.0012889000354334712,snapshot only,0.0,0.0
block4_n8_T32_s9401102,block4,8,32,9401102,104,8,832,kronecker_shared_input_basis,1e-08,856,1.0288461538461537,8.23076923076923,True,0.0007165999850258231,snapshot only,0.0,0.0
block4_n8_T32_s9401102,block4,8,32,9401102,104,8,832,immediate_support_exact_slice_plus_svd_residual,1e-08,1112,1.3365384615384615,10.692307692307692,True,9.510002564638853e-05,snapshot only,1.9890874576913304e-16,2.7755575615628914e-16
block4_n8_T32_s9401102,block4,8,32,9401102,104,8,832,local_eligibility_plus_svd_residual,1e-08,1112,1.3365384615384615,10.692307692307692,True,8.290004916489124e-05,snapshot only,1.2532004938207344e-16,1.249000902703301e-16
block4_n8_T32_s9401102,block4,8,32,9401102,104,8,832,global_svd,1e-10,896,1.0769230769230769,8.615384615384615,True,7.27000879123807e-05,snapshot only,7.4338024595191e-16,1.0061396160665481e-15
block4_n8_T32_s9401102,block4,8,32,9401102,104,8,832,pivoted_qr_repeated_basis,1e-10,1000,1.2019230769230769,9.615384615384615,True,5.2900053560733795e-05,snapshot only,6.446558256523736e-16,8.881784197001252e-16
block4_n8_T32_s9401102,block4,8,32,9401102,104,8,832,supported_group_factors,1e-10,856,1.0288461538461537,8.23076923076923,True,0.0006252999883145094,snapshot only,0.0,0.0
block4_n8_T32_s9401102,block4,8,32,9401102,104,8,832,owner_block_factors,1e-10,624,0.75,6.0,True,0.0012453000526875257,snapshot only,0.0,0.0
block4_n8_T32_s9401102,block4,8,32,9401102,104,8,832,kronecker_shared_input_basis,1e-10,856,1.0288461538461537,8.23076923076923,True,0.0006241000955924392,snapshot only,0.0,0.0
block4_n8_T32_s9401102,block4,8,32,9401102,104,8,832,immediate_support_exact_slice_plus_svd_residual,1e-10,1112,1.3365384615384615,10.692307692307692,True,9.009998757392168e-05,snapshot only,1.9890874576913304e-16,2.7755575615628914e-16
block4_n8_T32_s9401102,block4,8,32,9401102,104,8,832,local_eligibility_plus_svd_residual,1e-10,1112,1.3365384615384615,10.692307692307692,True,8.160003926604986e-05,snapshot only,1.2532004938207344e-16,1.249000902703301e-16
block4_n8_T32_s9401102,block4,8,32,9401102,104,8,832,global_svd,1e-12,896,1.0769230769230769,8.615384615384615,True,7.479998748749495e-05,snapshot only,7.4338024595191e-16,1.0061396160665481e-15
block4_n8_T32_s9401102,block4,8,32,9401102,104,8,832,pivoted_qr_repeated_basis,1e-12,1000,1.2019230769230769,9.615384615384615,True,5.010003224015236e-05,snapshot only,6.446558256523736e-16,8.881784197001252e-16
block4_n8_T32_s9401102,block4,8,32,9401102,104,8,832,supported_group_factors,1e-12,856,1.0288461538461537,8.23076923076923,True,0.000615699915215373,snapshot only,0.0,0.0
block4_n8_T32_s9401102,block4,8,32,9401102,104,8,832,owner_block_factors,1e-12,624,0.75,6.0,True,0.0012023999588564038,snapshot only,0.0,0.0
block4_n8_T32_s9401102,block4,8,32,9401102,104,8,832,kronecker_shared_input_basis,1e-12,856,1.0288461538461537,8.23076923076923,True,0.0011535000521689653,snapshot only,0.0,0.0
block4_n8_T32_s9401102,block4,8,32,9401102,104,8,832,immediate_support_exact_slice_plus_svd_residual,1e-12,1112,1.3365384615384615,10.692307692307692,True,0.0002044000430032611,snapshot only,1.9890874576913304e-16,2.7755575615628914e-16
block4_n8_T32_s9401102,block4,8,32,9401102,104,8,832,local_eligibility_plus_svd_residual,1e-12,1112,1.3365384615384615,10.692307692307692,True,9.930005762726068e-05,snapshot only,1.2532004938207344e-16,1.249000902703301e-16
block4_n8_T32_s9401103,block4,8,32,9401103,104,8,832,full_matrix,1e-08,832,1.0,8.0,True,7.00005330145359e-07,online baseline,0.0,0.0
block4_n8_T32_s9401103,block4,8,32,9401103,104,8,832,coordinate_sparse,1e-08,832,1.0,8.0,True,1.750001683831215e-05,snapshot only,0.0,0.0
block4_n8_T32_s9401103,block4,8,32,9401103,104,8,832,block_sparse_triangular,1e-08,528,0.6346153846153846,5.076923076923077,True,3.779993858188391e-05,known closed online block recurrence,0.0,0.0
block4_n8_T32_s9401103,block4,8,32,9401103,104,8,832,global_svd,1e-08,896,1.0769230769230769,8.615384615384615,True,0.00011770008131861687,snapshot only,6.58485576585567e-16,7.771561172376096e-16
block4_n8_T32_s9401103,block4,8,32,9401103,104,8,832,pivoted_qr_repeated_basis,1e-08,1000,1.2019230769230769,9.615384615384615,True,7.029995322227478e-05,snapshot only,2.397727082563588e-16,3.3306690738754696e-16
block4_n8_T32_s9401103,block4,8,32,9401103,104,8,832,supported_group_factors,1e-08,856,1.0288461538461537,8.23076923076923,True,0.0009592999704182148,snapshot only,0.0,0.0
block4_n8_T32_s9401103,block4,8,32,9401103,104,8,832,owner_block_factors,1e-08,624,0.75,6.0,True,0.0016723000444471836,snapshot only,0.0,0.0
block4_n8_T32_s9401103,block4,8,32,9401103,104,8,832,kronecker_shared_input_basis,1e-08,856,1.0288461538461537,8.23076923076923,True,0.0008747000247240067,snapshot only,0.0,0.0
block4_n8_T32_s9401103,block4,8,32,9401103,104,8,832,immediate_support_exact_slice_plus_svd_residual,1e-08,1112,1.3365384615384615,10.692307692307692,True,0.00010439998004585505,snapshot only,2.5339881004054415e-16,3.885780586188048e-16
block4_n8_T32_s9401103,block4,8,32,9401103,104,8,832,local_eligibility_plus_svd_residual,1e-08,1112,1.3365384615384615,10.692307692307692,True,0.00014100002590566874,snapshot only,1.484272059358407e-15,2.858824288409778e-15
block4_n8_T32_s9401103,block4,8,32,9401103,104,8,832,global_svd,1e-10,896,1.0769230769230769,8.615384615384615,True,7.990002632141113e-05,snapshot only,6.58485576585567e-16,7.771561172376096e-16
block4_n8_T32_s9401103,block4,8,32,9401103,104,8,832,pivoted_qr_repeated_basis,1e-10,1000,1.2019230769230769,9.615384615384615,True,6.230000872164965e-05,snapshot only,2.397727082563588e-16,3.3306690738754696e-16
block4_n8_T32_s9401103,block4,8,32,9401103,104,8,832,supported_group_factors,1e-10,856,1.0288461538461537,8.23076923076923,True,0.0008387999841943383,snapshot only,0.0,0.0
block4_n8_T32_s9401103,block4,8,32,9401103,104,8,832,owner_block_factors,1e-10,624,0.75,6.0,True,0.0015140000032261014,snapshot only,0.0,0.0
block4_n8_T32_s9401103,block4,8,32,9401103,104,8,832,kronecker_shared_input_basis,1e-10,856,1.0288461538461537,8.23076923076923,True,0.0008354999590665102,snapshot only,0.0,0.0
block4_n8_T32_s9401103,block4,8,32,9401103,104,8,832,immediate_support_exact_slice_plus_svd_residual,1e-10,1112,1.3365384615384615,10.692307692307692,True,0.00018450000789016485,snapshot only,2.5339881004054415e-16,3.885780586188048e-16
block4_n8_T32_s9401103,block4,8,32,9401103,104,8,832,local_eligibility_plus_svd_residual,1e-10,1112,1.3365384615384615,10.692307692307692,True,9.330001194030046e-05,snapshot only,1.484272059358407e-15,2.858824288409778e-15
block4_n8_T32_s9401103,block4,8,32,9401103,104,8,832,global_svd,1e-12,896,1.0769230769230769,8.615384615384615,True,0.00011809996794909239,snapshot only,6.58485576585567e-16,7.771561172376096e-16
block4_n8_T32_s9401103,block4,8,32,9401103,104,8,832,pivoted_qr_repeated_basis,1e-12,1000,1.2019230769230769,9.615384615384615,True,5.879998207092285e-05,snapshot only,2.397727082563588e-16,3.3306690738754696e-16
block4_n8_T32_s9401103,block4,8,32,9401103,104,8,832,supported_group_factors,1e-12,856,1.0288461538461537,8.23076923076923,True,0.0008285000221803784,snapshot only,0.0,0.0
block4_n8_T32_s9401103,block4,8,32,9401103,104,8,832,owner_block_factors,1e-12,624,0.75,6.0,True,0.001675899955444038,snapshot only,0.0,0.0
block4_n8_T32_s9401103,block4,8,32,9401103,104,8,832,kronecker_shared_input_basis,1e-12,856,1.0288461538461537,8.23076923076923,True,0.000802299939095974,snapshot only,0.0,0.0
block4_n8_T32_s9401103,block4,8,32,9401103,104,8,832,immediate_support_exact_slice_plus_svd_residual,1e-12,1112,1.3365384615384615,10.692307692307692,True,9.940005838871002e-05,snapshot only,2.5339881004054415e-16,3.885780586188048e-16
block4_n8_T32_s9401103,block4,8,32,9401103,104,8,832,local_eligibility_plus_svd_residual,1e-12,1112,1.3365384615384615,10.692307692307692,True,0.00017589994240552187,snapshot only,1.484272059358407e-15,2.858824288409778e-15
block4_n8_T32_s9401104,block4,8,32,9401104,104,8,832,full_matrix,1e-08,832,1.0,8.0,True,7.00005330145359e-07,online baseline,0.0,0.0
block4_n8_T32_s9401104,block4,8,32,9401104,104,8,832,coordinate_sparse,1e-08,832,1.0,8.0,True,1.550000160932541e-05,snapshot only,0.0,0.0
block4_n8_T32_s9401104,block4,8,32,9401104,104,8,832,block_sparse_triangular,1e-08,528,0.6346153846153846,5.076923076923077,True,2.1600048057734966e-05,known closed online block recurrence,0.0,0.0
block4_n8_T32_s9401104,block4,8,32,9401104,104,8,832,global_svd,1e-08,896,1.0769230769230769,8.615384615384615,True,0.00010770000517368317,snapshot only,8.05250235569905e-16,1.1102230246251565e-15
block4_n8_T32_s9401104,block4,8,32,9401104,104,8,832,pivoted_qr_repeated_basis,1e-08,1000,1.2019230769230769,9.615384615384615,True,6.779993418604136e-05,snapshot only,2.790140268439299e-16,3.3306690738754696e-16
block4_n8_T32_s9401104,block4,8,32,9401104,104,8,832,supported_group_factors,1e-08,856,1.0288461538461537,8.23076923076923,True,0.0008382999803870916,snapshot only,0.0,0.0
block4_n8_T32_s9401104,block4,8,32,9401104,104,8,832,owner_block_factors,1e-08,624,0.75,6.0,True,0.0018118999432772398,snapshot only,0.0,0.0
block4_n8_T32_s9401104,block4,8,32,9401104,104,8,832,kronecker_shared_input_basis,1e-08,856,1.0288461538461537,8.23076923076923,True,0.0008593000238761306,snapshot only,0.0,0.0
block4_n8_T32_s9401104,block4,8,32,9401104,104,8,832,immediate_support_exact_slice_plus_svd_residual,1e-08,1112,1.3365384615384615,10.692307692307692,True,0.00010280008427798748,snapshot only,2.451458504224545e-16,2.7755575615628914e-16
block4_n8_T32_s9401104,block4,8,32,9401104,104,8,832,local_eligibility_plus_svd_residual,1e-08,1112,1.3365384615384615,10.692307692307692,True,9.53000271692872e-05,snapshot only,1.9659156081060405e-16,2.220446049250313e-16
block4_n8_T32_s9401104,block4,8,32,9401104,104,8,832,global_svd,1e-10,896,1.0769230769230769,8.615384615384615,True,0.00017010001465678215,snapshot only,8.05250235569905e-16,1.1102230246251565e-15
block4_n8_T32_s9401104,block4,8,32,9401104,104,8,832,pivoted_qr_repeated_basis,1e-10,1000,1.2019230769230769,9.615384615384615,True,5.7200086303055286e-05,snapshot only,2.790140268439299e-16,3.3306690738754696e-16
block4_n8_T32_s9401104,block4,8,32,9401104,104,8,832,supported_group_factors,1e-10,856,1.0288461538461537,8.23076923076923,True,0.0008150000358000398,snapshot only,0.0,0.0
block4_n8_T32_s9401104,block4,8,32,9401104,104,8,832,owner_block_factors,1e-10,624,0.75,6.0,True,0.0017665999475866556,snapshot only,0.0,0.0
block4_n8_T32_s9401104,block4,8,32,9401104,104,8,832,kronecker_shared_input_basis,1e-10,856,1.0288461538461537,8.23076923076923,True,0.0007339000003412366,snapshot only,0.0,0.0
block4_n8_T32_s9401104,block4,8,32,9401104,104,8,832,immediate_support_exact_slice_plus_svd_residual,1e-10,1112,1.3365384615384615,10.692307692307692,True,0.00010100007057189941,snapshot only,2.451458504224545e-16,2.7755575615628914e-16
block4_n8_T32_s9401104,block4,8,32,9401104,104,8,832,local_eligibility_plus_svd_residual,1e-10,1112,1.3365384615384615,10.692307692307692,True,0.00010329997166991234,snapshot only,1.9659156081060405e-16,2.220446049250313e-16
block4_n8_T32_s9401104,block4,8,32,9401104,104,8,832,global_svd,1e-12,896,1.0769230769230769,8.615384615384615,True,8.09000339359045e-05,snapshot only,8.05250235569905e-16,1.1102230246251565e-15
block4_n8_T32_s9401104,block4,8,32,9401104,104,8,832,pivoted_qr_repeated_basis,1e-12,1000,1.2019230769230769,9.615384615384615,True,6.260001100599766e-05,snapshot only,2.790140268439299e-16,3.3306690738754696e-16
block4_n8_T32_s9401104,block4,8,32,9401104,104,8,832,supported_group_factors,1e-12,856,1.0288461538461537,8.23076923076923,True,0.0007039000047370791,snapshot only,0.0,0.0
block4_n8_T32_s9401104,block4,8,32,9401104,104,8,832,owner_block_factors,1e-12,624,0.75,6.0,True,0.0013268999755382538,snapshot only,0.0,0.0
block4_n8_T32_s9401104,block4,8,32,9401104,104,8,832,kronecker_shared_input_basis,1e-12,856,1.0288461538461537,8.23076923076923,True,0.0006352000636979938,snapshot only,0.0,0.0
block4_n8_T32_s9401104,block4,8,32,9401104,104,8,832,immediate_support_exact_slice_plus_svd_residual,1e-12,1112,1.3365384615384615,10.692307692307692,True,9.490002412348986e-05,snapshot only,2.451458504224545e-16,2.7755575615628914e-16
block4_n8_T32_s9401104,block4,8,32,9401104,104,8,832,local_eligibility_plus_svd_residual,1e-12,1112,1.3365384615384615,10.692307692307692,True,8.859997615218163e-05,snapshot only,1.9659156081060405e-16,2.220446049250313e-16
block4_n8_T128_s9401100,block4,8,128,9401100,104,8,832,full_matrix,1e-08,832,1.0,8.0,True,7.00005330145359e-07,online baseline,0.0,0.0
block4_n8_T128_s9401100,block4,8,128,9401100,104,8,832,coordinate_sparse,1e-08,832,1.0,8.0,True,1.880002673715353e-05,snapshot only,0.0,0.0
block4_n8_T128_s9401100,block4,8,128,9401100,104,8,832,block_sparse_triangular,1e-08,528,0.6346153846153846,5.076923076923077,True,2.129992935806513e-05,known closed online block recurrence,0.0,0.0
block4_n8_T128_s9401100,block4,8,128,9401100,104,8,832,global_svd,1e-08,896,1.0769230769230769,8.615384615384615,True,0.0001058999914675951,snapshot only,3.4027886255182355e-15,4.218847493575595e-15
block4_n8_T128_s9401100,block4,8,128,9401100,104,8,832,pivoted_qr_repeated_basis,1e-08,1000,1.2019230769230769,9.615384615384615,True,6.57000346109271e-05,snapshot only,3.8113679653323957e-16,6.661338147750939e-16
block4_n8_T128_s9401100,block4,8,128,9401100,104,8,832,supported_group_factors,1e-08,856,1.0288461538461537,8.23076923076923,True,0.0006986999651417136,snapshot only,0.0,0.0
block4_n8_T128_s9401100,block4,8,128,9401100,104,8,832,owner_block_factors,1e-08,624,0.75,6.0,True,0.0012750999303534627,snapshot only,0.0,0.0
block4_n8_T128_s9401100,block4,8,128,9401100,104,8,832,kronecker_shared_input_basis,1e-08,856,1.0288461538461537,8.23076923076923,True,0.0006300000241026282,snapshot only,0.0,0.0
block4_n8_T128_s9401100,block4,8,128,9401100,104,8,832,immediate_support_exact_slice_plus_svd_residual,1e-08,1112,1.3365384615384615,10.692307692307692,True,9.539991151541471e-05,snapshot only,8.464685299986403e-16,1.5543122344752192e-15
block4_n8_T128_s9401100,block4,8,128,9401100,104,8,832,local_eligibility_plus_svd_residual,1e-08,1112,1.3365384615384615,10.692307692307692,True,8.36000544950366e-05,snapshot only,2.616025901167047e-16,3.3306690738754696e-16
block4_n8_T128_s9401100,block4,8,128,9401100,104,8,832,global_svd,1e-10,896,1.0769230769230769,8.615384615384615,True,7.509998977184296e-05,snapshot only,3.4027886255182355e-15,4.218847493575595e-15
block4_n8_T128_s9401100,block4,8,128,9401100,104,8,832,pivoted_qr_repeated_basis,1e-10,1000,1.2019230769230769,9.615384615384615,True,5.759997293353081e-05,snapshot only,3.8113679653323957e-16,6.661338147750939e-16
block4_n8_T128_s9401100,block4,8,128,9401100,104,8,832,supported_group_factors,1e-10,856,1.0288461538461537,8.23076923076923,True,0.0006510000675916672,snapshot only,0.0,0.0
block4_n8_T128_s9401100,block4,8,128,9401100,104,8,832,owner_block_factors,1e-10,624,0.75,6.0,True,0.0012035999679937959,snapshot only,0.0,0.0
block4_n8_T128_s9401100,block4,8,128,9401100,104,8,832,kronecker_shared_input_basis,1e-10,856,1.0288461538461537,8.23076923076923,True,0.0006460000295192003,snapshot only,0.0,0.0
block4_n8_T128_s9401100,block4,8,128,9401100,104,8,832,immediate_support_exact_slice_plus_svd_residual,1e-10,1112,1.3365384615384615,10.692307692307692,True,0.00016950001008808613,snapshot only,8.464685299986403e-16,1.5543122344752192e-15
block4_n8_T128_s9401100,block4,8,128,9401100,104,8,832,local_eligibility_plus_svd_residual,1e-10,1112,1.3365384615384615,10.692307692307692,True,9.750004392117262e-05,snapshot only,2.616025901167047e-16,3.3306690738754696e-16
block4_n8_T128_s9401100,block4,8,128,9401100,104,8,832,global_svd,1e-12,896,1.0769230769230769,8.615384615384615,True,8.09000339359045e-05,snapshot only,3.4027886255182355e-15,4.218847493575595e-15
block4_n8_T128_s9401100,block4,8,128,9401100,104,8,832,pivoted_qr_repeated_basis,1e-12,1000,1.2019230769230769,9.615384615384615,True,6.059999577701092e-05,snapshot only,3.8113679653323957e-16,6.661338147750939e-16
block4_n8_T128_s9401100,block4,8,128,9401100,104,8,832,supported_group_factors,1e-12,856,1.0288461538461537,8.23076923076923,True,0.0007654998917132616,snapshot only,0.0,0.0
block4_n8_T128_s9401100,block4,8,128,9401100,104,8,832,owner_block_factors,1e-12,624,0.75,6.0,True,0.001296199974603951,snapshot only,0.0,0.0
block4_n8_T128_s9401100,block4,8,128,9401100,104,8,832,kronecker_shared_input_basis,1e-12,856,1.0288461538461537,8.23076923076923,True,0.0006412999937310815,snapshot only,0.0,0.0
block4_n8_T128_s9401100,block4,8,128,9401100,104,8,832,immediate_support_exact_slice_plus_svd_residual,1e-12,1112,1.3365384615384615,10.692307692307692,True,9.50000248849392e-05,snapshot only,8.464685299986403e-16,1.5543122344752192e-15
block4_n8_T128_s9401100,block4,8,128,9401100,104,8,832,local_eligibility_plus_svd_residual,1e-12,1112,1.3365384615384615,10.692307692307692,True,8.180004078894854e-05,snapshot only,2.616025901167047e-16,3.3306690738754696e-16
block4_n8_T128_s9401101,block4,8,128,9401101,104,8,832,full_matrix,1e-08,832,1.0,8.0,True,6.00004568696022e-07,online baseline,0.0,0.0
block4_n8_T128_s9401101,block4,8,128,9401101,104,8,832,coordinate_sparse,1e-08,832,1.0,8.0,True,1.479999627918005e-05,snapshot only,0.0,0.0
block4_n8_T128_s9401101,block4,8,128,9401101,104,8,832,block_sparse_triangular,1e-08,528,0.6346153846153846,5.076923076923077,True,2.1000043489038944e-05,known closed online block recurrence,0.0,0.0
block4_n8_T128_s9401101,block4,8,128,9401101,104,8,832,global_svd,1e-08,896,1.0769230769230769,8.615384615384615,True,0.00010069995187222958,snapshot only,8.255300571814461e-16,1.1102230246251565e-15
block4_n8_T128_s9401101,block4,8,128,9401101,104,8,832,pivoted_qr_repeated_basis,1e-08,1000,1.2019230769230769,9.615384615384615,True,6.719992961734533e-05,snapshot only,3.4607338263531884e-16,4.440892098500626e-16
block4_n8_T128_s9401101,block4,8,128,9401101,104,8,832,supported_group_factors,1e-08,856,1.0288461538461537,8.23076923076923,True,0.0006582000060006976,snapshot only,0.0,0.0
block4_n8_T128_s9401101,block4,8,128,9401101,104,8,832,owner_block_factors,1e-08,624,0.75,6.0,True,0.0012170999543741345,snapshot only,0.0,0.0
block4_n8_T128_s9401101,block4,8,128,9401101,104,8,832,kronecker_shared_input_basis,1e-08,856,1.0288461538461537,8.23076923076923,True,0.0006335999350994825,snapshot only,0.0,0.0
block4_n8_T128_s9401101,block4,8,128,9401101,104,8,832,immediate_support_exact_slice_plus_svd_residual,1e-08,1112,1.3365384615384615,10.692307692307692,True,9.059999138116837e-05,snapshot only,2.1327147750938054e-16,2.7755575615628914e-16
block4_n8_T128_s9401101,block4,8,128,9401101,104,8,832,local_eligibility_plus_svd_residual,1e-08,1112,1.3365384615384615,10.692307692307692,True,8.240004535764456e-05,snapshot only,2.8955806119746297e-16,3.3306690738754696e-16
block4_n8_T128_s9401101,block4,8,128,9401101,104,8,832,global_svd,1e-10,896,1.0769230769230769,8.615384615384615,True,7.219996768981218e-05,snapshot only,8.255300571814461e-16,1.1102230246251565e-15
block4_n8_T128_s9401101,block4,8,128,9401101,104,8,832,pivoted_qr_repeated_basis,1e-10,1000,1.2019230769230769,9.615384615384615,True,5.1900045946240425e-05,snapshot only,3.4607338263531884e-16,4.440892098500626e-16
block4_n8_T128_s9401101,block4,8,128,9401101,104,8,832,supported_group_factors,1e-10,856,1.0288461538461537,8.23076923076923,True,0.0006247001001611352,snapshot only,0.0,0.0
block4_n8_T128_s9401101,block4,8,128,9401101,104,8,832,owner_block_factors,1e-10,624,0.75,6.0,True,0.0011786000104621053,snapshot only,0.0,0.0
block4_n8_T128_s9401101,block4,8,128,9401101,104,8,832,kronecker_shared_input_basis,1e-10,856,1.0288461538461537,8.23076923076923,True,0.0006113999988883734,snapshot only,0.0,0.0
block4_n8_T128_s9401101,block4,8,128,9401101,104,8,832,immediate_support_exact_slice_plus_svd_residual,1e-10,1112,1.3365384615384615,10.692307692307692,True,8.909997995942831e-05,snapshot only,2.1327147750938054e-16,2.7755575615628914e-16
block4_n8_T128_s9401101,block4,8,128,9401101,104,8,832,local_eligibility_plus_svd_residual,1e-10,1112,1.3365384615384615,10.692307692307692,True,8.320005144923925e-05,snapshot only,2.8955806119746297e-16,3.3306690738754696e-16
block4_n8_T128_s9401101,block4,8,128,9401101,104,8,832,global_svd,1e-12,896,1.0769230769230769,8.615384615384615,True,7.250008638948202e-05,snapshot only,8.255300571814461e-16,1.1102230246251565e-15
block4_n8_T128_s9401101,block4,8,128,9401101,104,8,832,pivoted_qr_repeated_basis,1e-12,1000,1.2019230769230769,9.615384615384615,True,5.139992572367191e-05,snapshot only,3.4607338263531884e-16,4.440892098500626e-16
block4_n8_T128_s9401101,block4,8,128,9401101,104,8,832,supported_group_factors,1e-12,856,1.0288461538461537,8.23076923076923,True,0.0006195999449118972,snapshot only,0.0,0.0
block4_n8_T128_s9401101,block4,8,128,9401101,104,8,832,owner_block_factors,1e-12,624,0.75,6.0,True,0.0015337999211624265,snapshot only,0.0,0.0
block4_n8_T128_s9401101,block4,8,128,9401101,104,8,832,kronecker_shared_input_basis,1e-12,856,1.0288461538461537,8.23076923076923,True,0.0006406999891623855,snapshot only,0.0,0.0
block4_n8_T128_s9401101,block4,8,128,9401101,104,8,832,immediate_support_exact_slice_plus_svd_residual,1e-12,1112,1.3365384615384615,10.692307692307692,True,9.430001955479383e-05,snapshot only,2.1327147750938054e-16,2.7755575615628914e-16
block4_n8_T128_s9401101,block4,8,128,9401101,104,8,832,local_eligibility_plus_svd_residual,1e-12,1112,1.3365384615384615,10.692307692307692,True,8.239992894232273e-05,snapshot only,2.8955806119746297e-16,3.3306690738754696e-16
block4_n8_T128_s9401102,block4,8,128,9401102,104,8,832,full_matrix,1e-08,832,1.0,8.0,True,6.00004568696022e-07,online baseline,0.0,0.0
block4_n8_T128_s9401102,block4,8,128,9401102,104,8,832,coordinate_sparse,1e-08,832,1.0,8.0,True,1.5700003132224083e-05,snapshot only,0.0,0.0
block4_n8_T128_s9401102,block4,8,128,9401102,104,8,832,block_sparse_triangular,1e-08,528,0.6346153846153846,5.076923076923077,True,2.0600040443241596e-05,known closed online block recurrence,0.0,0.0
block4_n8_T128_s9401102,block4,8,128,9401102,104,8,832,global_svd,1e-08,896,1.0769230769230769,8.615384615384615,True,0.0001023999648168683,snapshot only,6.025095077490745e-16,9.992007221626409e-16
block4_n8_T128_s9401102,block4,8,128,9401102,104,8,832,pivoted_qr_repeated_basis,1e-08,1000,1.2019230769230769,9.615384615384615,True,0.00035580003168433905,snapshot only,4.744976317430833e-16,8.049116928532385e-16
block4_n8_T128_s9401102,block4,8,128,9401102,104,8,832,supported_group_factors,1e-08,856,1.0288461538461537,8.23076923076923,True,0.0008424000116065145,snapshot only,0.0,0.0
block4_n8_T128_s9401102,block4,8,128,9401102,104,8,832,owner_block_factors,1e-08,624,0.75,6.0,True,0.0013382000615820289,snapshot only,0.0,0.0
block4_n8_T128_s9401102,block4,8,128,9401102,104,8,832,kronecker_shared_input_basis,1e-08,856,1.0288461538461537,8.23076923076923,True,0.0006387999746948481,snapshot only,0.0,0.0
block4_n8_T128_s9401102,block4,8,128,9401102,104,8,832,immediate_support_exact_slice_plus_svd_residual,1e-08,1112,1.3365384615384615,10.692307692307692,True,9.200000204145908e-05,snapshot only,1.6921501649735148e-16,1.6653345369377348e-16
block4_n8_T128_s9401102,block4,8,128,9401102,104,8,832,local_eligibility_plus_svd_residual,1e-08,1112,1.3365384615384615,10.692307692307692,True,8.320005144923925e-05,snapshot only,1.8229539876159807e-16,2.220446049250313e-16
block4_n8_T128_s9401102,block4,8,128,9401102,104,8,832,global_svd,1e-10,896,1.0769230769230769,8.615384615384615,True,7.200008258223534e-05,snapshot only,6.025095077490745e-16,9.992007221626409e-16
block4_n8_T128_s9401102,block4,8,128,9401102,104,8,832,pivoted_qr_repeated_basis,1e-10,1000,1.2019230769230769,9.615384615384615,True,5.630007945001125e-05,snapshot only,4.744976317430833e-16,8.049116928532385e-16
block4_n8_T128_s9401102,block4,8,128,9401102,104,8,832,supported_group_factors,1e-10,856,1.0288461538461537,8.23076923076923,True,0.0006198999471962452,snapshot only,0.0,0.0
block4_n8_T128_s9401102,block4,8,128,9401102,104,8,832,owner_block_factors,1e-10,624,0.75,6.0,True,0.0011848000576719642,snapshot only,0.0,0.0
block4_n8_T128_s9401102,block4,8,128,9401102,104,8,832,kronecker_shared_input_basis,1e-10,856,1.0288461538461537,8.23076923076923,True,0.000610699993558228,snapshot only,0.0,0.0
block4_n8_T128_s9401102,block4,8,128,9401102,104,8,832,immediate_support_exact_slice_plus_svd_residual,1e-10,1112,1.3365384615384615,10.692307692307692,True,8.719996549189091e-05,snapshot only,1.6921501649735148e-16,1.6653345369377348e-16
block4_n8_T128_s9401102,block4,8,128,9401102,104,8,832,local_eligibility_plus_svd_residual,1e-10,1112,1.3365384615384615,10.692307692307692,True,8.429994340986013e-05,snapshot only,1.8229539876159807e-16,2.220446049250313e-16
block4_n8_T128_s9401102,block4,8,128,9401102,104,8,832,global_svd,1e-12,896,1.0769230769230769,8.615384615384615,True,7.139996159821749e-05,snapshot only,6.025095077490745e-16,9.992007221626409e-16
block4_n8_T128_s9401102,block4,8,128,9401102,104,8,832,pivoted_qr_repeated_basis,1e-12,1000,1.2019230769230769,9.615384615384615,True,5.140004213899374e-05,snapshot only,4.744976317430833e-16,8.049116928532385e-16
block4_n8_T128_s9401102,block4,8,128,9401102,104,8,832,supported_group_factors,1e-12,856,1.0288461538461537,8.23076923076923,True,0.0006576000014320016,snapshot only,0.0,0.0
block4_n8_T128_s9401102,block4,8,128,9401102,104,8,832,owner_block_factors,1e-12,624,0.75,6.0,True,0.0011907999869436026,snapshot only,0.0,0.0
block4_n8_T128_s9401102,block4,8,128,9401102,104,8,832,kronecker_shared_input_basis,1e-12,856,1.0288461538461537,8.23076923076923,True,0.0006127000087872148,snapshot only,0.0,0.0
block4_n8_T128_s9401102,block4,8,128,9401102,104,8,832,immediate_support_exact_slice_plus_svd_residual,1e-12,1112,1.3365384615384615,10.692307692307692,True,8.870009332895279e-05,snapshot only,1.6921501649735148e-16,1.6653345369377348e-16
block4_n8_T128_s9401102,block4,8,128,9401102,104,8,832,local_eligibility_plus_svd_residual,1e-12,1112,1.3365384615384615,10.692307692307692,True,8.139992132782936e-05,snapshot only,1.8229539876159807e-16,2.220446049250313e-16
block4_n8_T128_s9401103,block4,8,128,9401103,104,8,832,full_matrix,1e-08,832,1.0,8.0,True,6.00004568696022e-07,online baseline,0.0,0.0
block4_n8_T128_s9401103,block4,8,128,9401103,104,8,832,coordinate_sparse,1e-08,832,1.0,8.0,True,1.5099998563528061e-05,snapshot only,0.0,0.0
block4_n8_T128_s9401103,block4,8,128,9401103,104,8,832,block_sparse_triangular,1e-08,528,0.6346153846153846,5.076923076923077,True,2.0900042727589607e-05,known closed online block recurrence,0.0,0.0
block4_n8_T128_s9401103,block4,8,128,9401103,104,8,832,global_svd,1e-08,896,1.0769230769230769,8.615384615384615,True,0.00013419997412711382,snapshot only,5.962447387637355e-16,8.881784197001252e-16
block4_n8_T128_s9401103,block4,8,128,9401103,104,8,832,pivoted_qr_repeated_basis,1e-08,1000,1.2019230769230769,9.615384615384615,True,6.92000612616539e-05,snapshot only,2.959171974934013e-16,3.3306690738754696e-16
block4_n8_T128_s9401103,block4,8,128,9401103,104,8,832,supported_group_factors,1e-08,856,1.0288461538461537,8.23076923076923,True,0.0006773000350221992,snapshot only,0.0,0.0
block4_n8_T128_s9401103,block4,8,128,9401103,104,8,832,owner_block_factors,1e-08,624,0.75,6.0,True,0.0012022999580949545,snapshot only,0.0,0.0
block4_n8_T128_s9401103,block4,8,128,9401103,104,8,832,kronecker_shared_input_basis,1e-08,856,1.0288461538461537,8.23076923076923,True,0.0006208999548107386,snapshot only,0.0,0.0
block4_n8_T128_s9401103,block4,8,128,9401103,104,8,832,immediate_support_exact_slice_plus_svd_residual,1e-08,1112,1.3365384615384615,10.692307692307692,True,8.98001017048955e-05,snapshot only,2.0940388870031113e-16,3.3306690738754696e-16
block4_n8_T128_s9401103,block4,8,128,9401103,104,8,832,local_eligibility_plus_svd_residual,1e-08,1112,1.3365384615384615,10.692307692307692,True,8.429994340986013e-05,snapshot only,9.547628116958333e-16,1.582067810090848e-15
block4_n8_T128_s9401103,block4,8,128,9401103,104,8,832,global_svd,1e-10,896,1.0769230769230769,8.615384615384615,True,7.16999638825655e-05,snapshot only,5.962447387637355e-16,8.881784197001252e-16
block4_n8_T128_s9401103,block4,8,128,9401103,104,8,832,pivoted_qr_repeated_basis,1e-10,1000,1.2019230769230769,9.615384615384615,True,5.410006269812584e-05,snapshot only,2.959171974934013e-16,3.3306690738754696e-16
block4_n8_T128_s9401103,block4,8,128,9401103,104,8,832,supported_group_factors,1e-10,856,1.0288461538461537,8.23076923076923,True,0.0006206000689417124,snapshot only,0.0,0.0
block4_n8_T128_s9401103,block4,8,128,9401103,104,8,832,owner_block_factors,1e-10,624,0.75,6.0,True,0.0011759999906644225,snapshot only,0.0,0.0
block4_n8_T128_s9401103,block4,8,128,9401103,104,8,832,kronecker_shared_input_basis,1e-10,856,1.0288461538461537,8.23076923076923,True,0.0006136000156402588,snapshot only,0.0,0.0
block4_n8_T128_s9401103,block4,8,128,9401103,104,8,832,immediate_support_exact_slice_plus_svd_residual,1e-10,1112,1.3365384615384615,10.692307692307692,True,8.999998681247234e-05,snapshot only,2.0940388870031113e-16,3.3306690738754696e-16
block4_n8_T128_s9401103,block4,8,128,9401103,104,8,832,local_eligibility_plus_svd_residual,1e-10,1112,1.3365384615384615,10.692307692307692,True,8.190004155039787e-05,snapshot only,9.547628116958333e-16,1.582067810090848e-15
block4_n8_T128_s9401103,block4,8,128,9401103,104,8,832,global_svd,1e-12,896,1.0769230769230769,8.615384615384615,True,7.379997987300158e-05,snapshot only,5.962447387637355e-16,8.881784197001252e-16
block4_n8_T128_s9401103,block4,8,128,9401103,104,8,832,pivoted_qr_repeated_basis,1e-12,1000,1.2019230769230769,9.615384615384615,True,5.079992115497589e-05,snapshot only,2.959171974934013e-16,3.3306690738754696e-16
block4_n8_T128_s9401103,block4,8,128,9401103,104,8,832,supported_group_factors,1e-12,856,1.0288461538461537,8.23076923076923,True,0.0006285000126808882,snapshot only,0.0,0.0
block4_n8_T128_s9401103,block4,8,128,9401103,104,8,832,owner_block_factors,1e-12,624,0.75,6.0,True,0.0011801000218838453,snapshot only,0.0,0.0
block4_n8_T128_s9401103,block4,8,128,9401103,104,8,832,kronecker_shared_input_basis,1e-12,856,1.0288461538461537,8.23076923076923,True,0.0009137999732047319,snapshot only,0.0,0.0
block4_n8_T128_s9401103,block4,8,128,9401103,104,8,832,immediate_support_exact_slice_plus_svd_residual,1e-12,1112,1.3365384615384615,10.692307692307692,True,0.00013259996194392443,snapshot only,2.0940388870031113e-16,3.3306690738754696e-16
block4_n8_T128_s9401103,block4,8,128,9401103,104,8,832,local_eligibility_plus_svd_residual,1e-12,1112,1.3365384615384615,10.692307692307692,True,8.859997615218163e-05,snapshot only,9.547628116958333e-16,1.582067810090848e-15
block4_n8_T128_s9401104,block4,8,128,9401104,104,8,832,full_matrix,1e-08,832,1.0,8.0,True,6.00004568696022e-07,online baseline,0.0,0.0
block4_n8_T128_s9401104,block4,8,128,9401104,104,8,832,coordinate_sparse,1e-08,832,1.0,8.0,True,1.5700003132224083e-05,snapshot only,0.0,0.0
block4_n8_T128_s9401104,block4,8,128,9401104,104,8,832,block_sparse_triangular,1e-08,528,0.6346153846153846,5.076923076923077,True,2.089992631226778e-05,known closed online block recurrence,0.0,0.0
block4_n8_T128_s9401104,block4,8,128,9401104,104,8,832,global_svd,1e-08,896,1.0769230769230769,8.615384615384615,True,0.00010869989637285471,snapshot only,2.6035638055383307e-15,4.912736883966318e-15
block4_n8_T128_s9401104,block4,8,128,9401104,104,8,832,pivoted_qr_repeated_basis,1e-08,1000,1.2019230769230769,9.615384615384615,True,6.749993190169334e-05,snapshot only,2.3654932690570724e-16,3.3306690738754696e-16
block4_n8_T128_s9401104,block4,8,128,9401104,104,8,832,supported_group_factors,1e-08,856,1.0288461538461537,8.23076923076923,True,0.0006560999900102615,snapshot only,0.0,0.0
block4_n8_T128_s9401104,block4,8,128,9401104,104,8,832,owner_block_factors,1e-08,624,0.75,6.0,True,0.0011902999831363559,snapshot only,0.0,0.0
block4_n8_T128_s9401104,block4,8,128,9401104,104,8,832,kronecker_shared_input_basis,1e-08,856,1.0288461538461537,8.23076923076923,True,0.0006213999586179852,snapshot only,0.0,0.0
block4_n8_T128_s9401104,block4,8,128,9401104,104,8,832,immediate_support_exact_slice_plus_svd_residual,1e-08,1112,1.3365384615384615,10.692307692307692,True,9.279989171773195e-05,snapshot only,2.1345212005947793e-16,2.498001805406602e-16
block4_n8_T128_s9401104,block4,8,128,9401104,104,8,832,local_eligibility_plus_svd_residual,1e-08,1112,1.3365384615384615,10.692307692307692,True,8.420005906373262e-05,snapshot only,2.1340657145108834e-16,2.220446049250313e-16
block4_n8_T128_s9401104,block4,8,128,9401104,104,8,832,global_svd,1e-10,896,1.0769230769230769,8.615384615384615,True,7.43999844416976e-05,snapshot only,2.6035638055383307e-15,4.912736883966318e-15
block4_n8_T128_s9401104,block4,8,128,9401104,104,8,832,pivoted_qr_repeated_basis,1e-10,1000,1.2019230769230769,9.615384615384615,True,5.4699950851500034e-05,snapshot only,2.3654932690570724e-16,3.3306690738754696e-16
block4_n8_T128_s9401104,block4,8,128,9401104,104,8,832,supported_group_factors,1e-10,856,1.0288461538461537,8.23076923076923,True,0.0006288000149652362,snapshot only,0.0,0.0
block4_n8_T128_s9401104,block4,8,128,9401104,104,8,832,owner_block_factors,1e-10,624,0.75,6.0,True,0.0014079000102356076,snapshot only,0.0,0.0
block4_n8_T128_s9401104,block4,8,128,9401104,104,8,832,kronecker_shared_input_basis,1e-10,856,1.0288461538461537,8.23076923076923,True,0.0007391000399366021,snapshot only,0.0,0.0
block4_n8_T128_s9401104,block4,8,128,9401104,104,8,832,immediate_support_exact_slice_plus_svd_residual,1e-10,1112,1.3365384615384615,10.692307692307692,True,9.190000128000975e-05,snapshot only,2.1345212005947793e-16,2.498001805406602e-16
block4_n8_T128_s9401104,block4,8,128,9401104,104,8,832,local_eligibility_plus_svd_residual,1e-10,1112,1.3365384615384615,10.692307692307692,True,8.260004688054323e-05,snapshot only,2.1340657145108834e-16,2.220446049250313e-16
block4_n8_T128_s9401104,block4,8,128,9401104,104,8,832,global_svd,1e-12,896,1.0769230769230769,8.615384615384615,True,7.220008410513401e-05,snapshot only,2.6035638055383307e-15,4.912736883966318e-15
block4_n8_T128_s9401104,block4,8,128,9401104,104,8,832,pivoted_qr_repeated_basis,1e-12,1000,1.2019230769230769,9.615384615384615,True,5.1999930292367935e-05,snapshot only,2.3654932690570724e-16,3.3306690738754696e-16
block4_n8_T128_s9401104,block4,8,128,9401104,104,8,832,supported_group_factors,1e-12,856,1.0288461538461537,8.23076923076923,True,0.0006327000446617603,snapshot only,0.0,0.0
block4_n8_T128_s9401104,block4,8,128,9401104,104,8,832,owner_block_factors,1e-12,624,0.75,6.0,True,0.0011671999236568809,snapshot only,0.0,0.0
block4_n8_T128_s9401104,block4,8,128,9401104,104,8,832,kronecker_shared_input_basis,1e-12,856,1.0288461538461537,8.23076923076923,True,0.0006120000034570694,snapshot only,0.0,0.0
block4_n8_T128_s9401104,block4,8,128,9401104,104,8,832,immediate_support_exact_slice_plus_svd_residual,1e-12,1112,1.3365384615384615,10.692307692307692,True,9.129999671131372e-05,snapshot only,2.1345212005947793e-16,2.498001805406602e-16
block4_n8_T128_s9401104,block4,8,128,9401104,104,8,832,local_eligibility_plus_svd_residual,1e-12,1112,1.3365384615384615,10.692307692307692,True,8.200004231184721e-05,snapshot only,2.1340657145108834e-16,2.220446049250313e-16
block4_n16_T32_s9401100,block4,16,32,9401100,336,16,5376,full_matrix,1e-08,5376,1.0,16.0,True,7.00005330145359e-07,online baseline,0.0,0.0
block4_n16_T32_s9401100,block4,16,32,9401100,336,16,5376,coordinate_sparse,1e-08,2688,0.5,8.0,True,2.2700056433677673e-05,snapshot only,0.0,0.0
block4_n16_T32_s9401100,block4,16,32,9401100,336,16,5376,block_sparse_triangular,1e-08,1696,0.31547619047619047,5.0476190476190474,True,3.830005880445242e-05,known closed online block recurrence,0.0,0.0
block4_n16_T32_s9401100,block4,16,32,9401100,336,16,5376,global_svd,1e-08,5632,1.0476190476190477,16.761904761904763,True,0.00023699994198977947,snapshot only,2.197049980285573e-15,4.246603069191224e-15
block4_n16_T32_s9401100,block4,16,32,9401100,336,16,5376,pivoted_qr_repeated_basis,1e-08,5968,1.1101190476190477,17.761904761904763,True,0.00014460005331784487,snapshot only,3.9846796119747105e-16,7.771561172376096e-16
block4_n16_T32_s9401100,block4,16,32,9401100,336,16,5376,supported_group_factors,1e-08,5424,1.0089285714285714,16.142857142857142,True,0.002155900001525879,snapshot only,0.0,0.0
block4_n16_T32_s9401100,block4,16,32,9401100,336,16,5376,owner_block_factors,1e-08,2400,0.44642857142857145,7.142857142857143,True,0.003984300070442259,snapshot only,0.0,0.0
block4_n16_T32_s9401100,block4,16,32,9401100,336,16,5376,kronecker_shared_input_basis,1e-08,5408,1.005952380952381,16.095238095238095,True,0.002200599992647767,snapshot only,6.390958833935162e-10,4.372034123623081e-10
block4_n16_T32_s9401100,block4,16,32,9401100,336,16,5376,immediate_support_exact_slice_plus_svd_residual,1e-08,6320,1.1755952380952381,18.80952380952381,True,0.00019310007337480783,snapshot only,5.7431488026323e-16,1.27675647831893e-15
block4_n16_T32_s9401100,block4,16,32,9401100,336,16,5376,local_eligibility_plus_svd_residual,1e-08,6320,1.1755952380952381,18.80952380952381,True,0.00019289995543658733,snapshot only,3.0476380973658253e-16,4.996003610813204e-16
block4_n16_T32_s9401100,block4,16,32,9401100,336,16,5376,global_svd,1e-10,5632,1.0476190476190477,16.761904761904763,True,0.00017200002912431955,snapshot only,2.197049980285573e-15,4.246603069191224e-15
block4_n16_T32_s9401100,block4,16,32,9401100,336,16,5376,pivoted_qr_repeated_basis,1e-10,5968,1.1101190476190477,17.761904761904763,True,0.00011250004172325134,snapshot only,3.9846796119747105e-16,7.771561172376096e-16
block4_n16_T32_s9401100,block4,16,32,9401100,336,16,5376,supported_group_factors,1e-10,5424,1.0089285714285714,16.142857142857142,True,0.001638400019146502,snapshot only,0.0,0.0
block4_n16_T32_s9401100,block4,16,32,9401100,336,16,5376,owner_block_factors,1e-10,2400,0.44642857142857145,7.142857142857143,True,0.0028798000421375036,snapshot only,0.0,0.0
block4_n16_T32_s9401100,block4,16,32,9401100,336,16,5376,kronecker_shared_input_basis,1e-10,5424,1.0089285714285714,16.142857142857142,True,0.0016361000016331673,snapshot only,0.0,0.0
block4_n16_T32_s9401100,block4,16,32,9401100,336,16,5376,immediate_support_exact_slice_plus_svd_residual,1e-10,6320,1.1755952380952381,18.80952380952381,True,0.00019779999274760485,snapshot only,5.7431488026323e-16,1.27675647831893e-15
block4_n16_T32_s9401100,block4,16,32,9401100,336,16,5376,local_eligibility_plus_svd_residual,1e-10,6320,1.1755952380952381,18.80952380952381,True,0.00018610002007335424,snapshot only,3.0476380973658253e-16,4.996003610813204e-16
block4_n16_T32_s9401100,block4,16,32,9401100,336,16,5376,global_svd,1e-12,5632,1.0476190476190477,16.761904761904763,True,0.0001697000116109848,snapshot only,2.197049980285573e-15,4.246603069191224e-15
block4_n16_T32_s9401100,block4,16,32,9401100,336,16,5376,pivoted_qr_repeated_basis,1e-12,5968,1.1101190476190477,17.761904761904763,True,0.00010449998080730438,snapshot only,3.9846796119747105e-16,7.771561172376096e-16
block4_n16_T32_s9401100,block4,16,32,9401100,336,16,5376,supported_group_factors,1e-12,5424,1.0089285714285714,16.142857142857142,True,0.001677399966865778,snapshot only,0.0,0.0
block4_n16_T32_s9401100,block4,16,32,9401100,336,16,5376,owner_block_factors,1e-12,2400,0.44642857142857145,7.142857142857143,True,0.0036322000669315457,snapshot only,0.0,0.0
block4_n16_T32_s9401100,block4,16,32,9401100,336,16,5376,kronecker_shared_input_basis,1e-12,5424,1.0089285714285714,16.142857142857142,True,0.002360899932682514,snapshot only,0.0,0.0
block4_n16_T32_s9401100,block4,16,32,9401100,336,16,5376,immediate_support_exact_slice_plus_svd_residual,1e-12,6320,1.1755952380952381,18.80952380952381,True,0.0002261999761685729,snapshot only,5.7431488026323e-16,1.27675647831893e-15
block4_n16_T32_s9401100,block4,16,32,9401100,336,16,5376,local_eligibility_plus_svd_residual,1e-12,6320,1.1755952380952381,18.80952380952381,True,0.0002476000227034092,snapshot only,3.0476380973658253e-16,4.996003610813204e-16
block4_n16_T32_s9401101,block4,16,32,9401101,336,16,5376,full_matrix,1e-08,5376,1.0,16.0,True,7.00005330145359e-07,online baseline,0.0,0.0
block4_n16_T32_s9401101,block4,16,32,9401101,336,16,5376,coordinate_sparse,1e-08,2688,0.5,8.0,True,1.6700010746717453e-05,snapshot only,0.0,0.0
block4_n16_T32_s9401101,block4,16,32,9401101,336,16,5376,block_sparse_triangular,1e-08,1696,0.31547619047619047,5.0476190476190474,True,3.739993553608656e-05,known closed online block recurrence,0.0,0.0
block4_n16_T32_s9401101,block4,16,32,9401101,336,16,5376,global_svd,1e-08,5632,1.0476190476190477,16.761904761904763,True,0.00020190002396702766,snapshot only,6.12631205248459e-16,8.881784197001252e-16
block4_n16_T32_s9401101,block4,16,32,9401101,336,16,5376,pivoted_qr_repeated_basis,1e-08,5968,1.1101190476190477,17.761904761904763,True,0.00010449998080730438,snapshot only,4.372428273583206e-16,6.38378239159465e-16
block4_n16_T32_s9401101,block4,16,32,9401101,336,16,5376,supported_group_factors,1e-08,5424,1.0089285714285714,16.142857142857142,True,0.0015904000028967857,snapshot only,0.0,0.0
block4_n16_T32_s9401101,block4,16,32,9401101,336,16,5376,owner_block_factors,1e-08,2400,0.44642857142857145,7.142857142857143,True,0.0027428000466898084,snapshot only,0.0,0.0
block4_n16_T32_s9401101,block4,16,32,9401101,336,16,5376,kronecker_shared_input_basis,1e-08,5408,1.005952380952381,16.095238095238095,True,0.0015756000066176057,snapshot only,1.394329658271706e-09,1.30894506605167e-09
block4_n16_T32_s9401101,block4,16,32,9401101,336,16,5376,immediate_support_exact_slice_plus_svd_residual,1e-08,6320,1.1755952380952381,18.80952380952381,True,0.00018280011136084795,snapshot only,2.774746677621869e-16,4.996003610813204e-16
block4_n16_T32_s9401101,block4,16,32,9401101,336,16,5376,local_eligibility_plus_svd_residual,1e-08,6320,1.1755952380952381,18.80952380952381,True,0.00017179991118609905,snapshot only,5.18660359162998e-16,1.304512053934559e-15
block4_n16_T32_s9401101,block4,16,32,9401101,336,16,5376,global_svd,1e-10,5632,1.0476190476190477,16.761904761904763,True,0.000156699912622571,snapshot only,6.12631205248459e-16,8.881784197001252e-16
block4_n16_T32_s9401101,block4,16,32,9401101,336,16,5376,pivoted_qr_repeated_basis,1e-10,5968,1.1101190476190477,17.761904761904763,True,9.350001346319914e-05,snapshot only,4.372428273583206e-16,6.38378239159465e-16
block4_n16_T32_s9401101,block4,16,32,9401101,336,16,5376,supported_group_factors,1e-10,5424,1.0089285714285714,16.142857142857142,True,0.001627999939955771,snapshot only,0.0,0.0
block4_n16_T32_s9401101,block4,16,32,9401101,336,16,5376,owner_block_factors,1e-10,2400,0.44642857142857145,7.142857142857143,True,0.00277489994186908,snapshot only,0.0,0.0
block4_n16_T32_s9401101,block4,16,32,9401101,336,16,5376,kronecker_shared_input_basis,1e-10,5424,1.0089285714285714,16.142857142857142,True,0.001561500015668571,snapshot only,0.0,0.0
block4_n16_T32_s9401101,block4,16,32,9401101,336,16,5376,immediate_support_exact_slice_plus_svd_residual,1e-10,6320,1.1755952380952381,18.80952380952381,True,0.0001810999820008874,snapshot only,2.774746677621869e-16,4.996003610813204e-16
block4_n16_T32_s9401101,block4,16,32,9401101,336,16,5376,local_eligibility_plus_svd_residual,1e-10,6320,1.1755952380952381,18.80952380952381,True,0.0001786000793799758,snapshot only,5.18660359162998e-16,1.304512053934559e-15
block4_n16_T32_s9401101,block4,16,32,9401101,336,16,5376,global_svd,1e-12,5632,1.0476190476190477,16.761904761904763,True,0.00016359996516257524,snapshot only,6.12631205248459e-16,8.881784197001252e-16
block4_n16_T32_s9401101,block4,16,32,9401101,336,16,5376,pivoted_qr_repeated_basis,1e-12,5968,1.1101190476190477,17.761904761904763,True,9.23000043258071e-05,snapshot only,4.372428273583206e-16,6.38378239159465e-16
block4_n16_T32_s9401101,block4,16,32,9401101,336,16,5376,supported_group_factors,1e-12,5424,1.0089285714285714,16.142857142857142,True,0.0016429000534117222,snapshot only,0.0,0.0
block4_n16_T32_s9401101,block4,16,32,9401101,336,16,5376,owner_block_factors,1e-12,2400,0.44642857142857145,7.142857142857143,True,0.0027288999408483505,snapshot only,0.0,0.0
block4_n16_T32_s9401101,block4,16,32,9401101,336,16,5376,kronecker_shared_input_basis,1e-12,5424,1.0089285714285714,16.142857142857142,True,0.0015959000447764993,snapshot only,0.0,0.0
block4_n16_T32_s9401101,block4,16,32,9401101,336,16,5376,immediate_support_exact_slice_plus_svd_residual,1e-12,6320,1.1755952380952381,18.80952380952381,True,0.00018269999418407679,snapshot only,2.774746677621869e-16,4.996003610813204e-16
block4_n16_T32_s9401101,block4,16,32,9401101,336,16,5376,local_eligibility_plus_svd_residual,1e-12,6320,1.1755952380952381,18.80952380952381,True,0.00017250003293156624,snapshot only,5.18660359162998e-16,1.304512053934559e-15
block4_n16_T32_s9401102,block4,16,32,9401102,336,16,5376,full_matrix,1e-08,5376,1.0,16.0,True,6.00004568696022e-07,online baseline,0.0,0.0
block4_n16_T32_s9401102,block4,16,32,9401102,336,16,5376,coordinate_sparse,1e-08,2688,0.5,8.0,True,7.479998748749495e-05,snapshot only,0.0,0.0
block4_n16_T32_s9401102,block4,16,32,9401102,336,16,5376,block_sparse_triangular,1e-08,1696,0.31547619047619047,5.0476190476190474,True,4.060007631778717e-05,known closed online block recurrence,0.0,0.0
block4_n16_T32_s9401102,block4,16,32,9401102,336,16,5376,global_svd,1e-08,5632,1.0476190476190477,16.761904761904763,True,0.00025020004250109196,snapshot only,5.793734974617707e-16,9.992007221626409e-16
block4_n16_T32_s9401102,block4,16,32,9401102,336,16,5376,pivoted_qr_repeated_basis,1e-08,5968,1.1101190476190477,17.761904761904763,True,0.00011589995119720697,snapshot only,3.607199785359197e-16,6.661338147750939e-16
block4_n16_T32_s9401102,block4,16,32,9401102,336,16,5376,supported_group_factors,1e-08,5424,1.0089285714285714,16.142857142857142,True,0.0018019999843090773,snapshot only,0.0,0.0
block4_n16_T32_s9401102,block4,16,32,9401102,336,16,5376,owner_block_factors,1e-08,2400,0.44642857142857145,7.142857142857143,True,0.0027918999549001455,snapshot only,0.0,0.0
block4_n16_T32_s9401102,block4,16,32,9401102,336,16,5376,kronecker_shared_input_basis,1e-08,5408,1.005952380952381,16.095238095238095,True,0.0016978998901322484,snapshot only,4.066606892443295e-09,2.6120908561133582e-09
block4_n16_T32_s9401102,block4,16,32,9401102,336,16,5376,immediate_support_exact_slice_plus_svd_residual,1e-08,6320,1.1755952380952381,18.80952380952381,True,0.00023769994731992483,snapshot only,1.9447520294610142e-16,2.7755575615628914e-16
block4_n16_T32_s9401102,block4,16,32,9401102,336,16,5376,local_eligibility_plus_svd_residual,1e-08,6320,1.1755952380952381,18.80952380952381,True,0.0001962999813258648,snapshot only,2.734148611467098e-16,6.106226635438361e-16
block4_n16_T32_s9401102,block4,16,32,9401102,336,16,5376,global_svd,1e-10,5632,1.0476190476190477,16.761904761904763,True,0.0001680999994277954,snapshot only,5.793734974617707e-16,9.992007221626409e-16
block4_n16_T32_s9401102,block4,16,32,9401102,336,16,5376,pivoted_qr_repeated_basis,1e-10,5968,1.1101190476190477,17.761904761904763,True,0.00010990002192556858,snapshot only,3.607199785359197e-16,6.661338147750939e-16
block4_n16_T32_s9401102,block4,16,32,9401102,336,16,5376,supported_group_factors,1e-10,5424,1.0089285714285714,16.142857142857142,True,0.0016120999353006482,snapshot only,0.0,0.0
block4_n16_T32_s9401102,block4,16,32,9401102,336,16,5376,owner_block_factors,1e-10,2400,0.44642857142857145,7.142857142857143,True,0.0027616999577730894,snapshot only,0.0,0.0
block4_n16_T32_s9401102,block4,16,32,9401102,336,16,5376,kronecker_shared_input_basis,1e-10,5424,1.0089285714285714,16.142857142857142,True,0.001598999951966107,snapshot only,0.0,0.0
block4_n16_T32_s9401102,block4,16,32,9401102,336,16,5376,immediate_support_exact_slice_plus_svd_residual,1e-10,6320,1.1755952380952381,18.80952380952381,True,0.0001775000710040331,snapshot only,1.9447520294610142e-16,2.7755575615628914e-16
block4_n16_T32_s9401102,block4,16,32,9401102,336,16,5376,local_eligibility_plus_svd_residual,1e-10,6320,1.1755952380952381,18.80952380952381,True,0.0001783999614417553,snapshot only,2.734148611467098e-16,6.106226635438361e-16
block4_n16_T32_s9401102,block4,16,32,9401102,336,16,5376,global_svd,1e-12,5632,1.0476190476190477,16.761904761904763,True,0.00015850004274398088,snapshot only,5.793734974617707e-16,9.992007221626409e-16
block4_n16_T32_s9401102,block4,16,32,9401102,336,16,5376,pivoted_qr_repeated_basis,1e-12,5968,1.1101190476190477,17.761904761904763,True,9.430001955479383e-05,snapshot only,3.607199785359197e-16,6.661338147750939e-16
block4_n16_T32_s9401102,block4,16,32,9401102,336,16,5376,supported_group_factors,1e-12,5424,1.0089285714285714,16.142857142857142,True,0.0016012999694794416,snapshot only,0.0,0.0
block4_n16_T32_s9401102,block4,16,32,9401102,336,16,5376,owner_block_factors,1e-12,2400,0.44642857142857145,7.142857142857143,True,0.0027914000675082207,snapshot only,0.0,0.0
block4_n16_T32_s9401102,block4,16,32,9401102,336,16,5376,kronecker_shared_input_basis,1e-12,5424,1.0089285714285714,16.142857142857142,True,0.00179280003067106,snapshot only,0.0,0.0
block4_n16_T32_s9401102,block4,16,32,9401102,336,16,5376,immediate_support_exact_slice_plus_svd_residual,1e-12,6320,1.1755952380952381,18.80952380952381,True,0.00018700002692639828,snapshot only,1.9447520294610142e-16,2.7755575615628914e-16
block4_n16_T32_s9401102,block4,16,32,9401102,336,16,5376,local_eligibility_plus_svd_residual,1e-12,6320,1.1755952380952381,18.80952380952381,True,0.00017969997134059668,snapshot only,2.734148611467098e-16,6.106226635438361e-16
block4_n16_T32_s9401103,block4,16,32,9401103,336,16,5376,full_matrix,1e-08,5376,1.0,16.0,True,8.00006091594696e-07,online baseline,0.0,0.0
block4_n16_T32_s9401103,block4,16,32,9401103,336,16,5376,coordinate_sparse,1e-08,2688,0.5,8.0,True,2.41999514400959e-05,snapshot only,0.0,0.0
block4_n16_T32_s9401103,block4,16,32,9401103,336,16,5376,block_sparse_triangular,1e-08,1696,0.31547619047619047,5.0476190476190474,True,4.8600020818412304e-05,known closed online block recurrence,0.0,0.0
block4_n16_T32_s9401103,block4,16,32,9401103,336,16,5376,global_svd,1e-08,5632,1.0476190476190477,16.761904761904763,True,0.0003197999903932214,snapshot only,7.561195810547075e-16,1.5265566588595902e-15
block4_n16_T32_s9401103,block4,16,32,9401103,336,16,5376,pivoted_qr_repeated_basis,1e-08,5968,1.1101190476190477,17.761904761904763,True,0.00011909997556358576,snapshot only,3.8049597080468556e-16,5.551115123125783e-16
block4_n16_T32_s9401103,block4,16,32,9401103,336,16,5376,supported_group_factors,1e-08,5424,1.0089285714285714,16.142857142857142,True,0.002377699944190681,snapshot only,0.0,0.0
block4_n16_T32_s9401103,block4,16,32,9401103,336,16,5376,owner_block_factors,1e-08,2400,0.44642857142857145,7.142857142857143,True,0.0042076000245288014,snapshot only,0.0,0.0
block4_n16_T32_s9401103,block4,16,32,9401103,336,16,5376,kronecker_shared_input_basis,1e-08,5408,1.005952380952381,16.095238095238095,True,0.002292000106535852,snapshot only,3.6778346022860664e-09,2.527556441922485e-09
block4_n16_T32_s9401103,block4,16,32,9401103,336,16,5376,immediate_support_exact_slice_plus_svd_residual,1e-08,6320,1.1755952380952381,18.80952380952381,True,0.00040959997568279505,snapshot only,2.2244632193956833e-16,3.3306690738754696e-16
block4_n16_T32_s9401103,block4,16,32,9401103,336,16,5376,local_eligibility_plus_svd_residual,1e-08,6320,1.1755952380952381,18.80952380952381,True,0.00025610008742660284,snapshot only,2.248236964430615e-16,4.440892098500626e-16
block4_n16_T32_s9401103,block4,16,32,9401103,336,16,5376,global_svd,1e-10,5632,1.0476190476190477,16.761904761904763,True,0.00020279991440474987,snapshot only,7.561195810547075e-16,1.5265566588595902e-15
block4_n16_T32_s9401103,block4,16,32,9401103,336,16,5376,pivoted_qr_repeated_basis,1e-10,5968,1.1101190476190477,17.761904761904763,True,0.0001357999863103032,snapshot only,3.8049597080468556e-16,5.551115123125783e-16
block4_n16_T32_s9401103,block4,16,32,9401103,336,16,5376,supported_group_factors,1e-10,5424,1.0089285714285714,16.142857142857142,True,0.002003300003707409,snapshot only,0.0,0.0
block4_n16_T32_s9401103,block4,16,32,9401103,336,16,5376,owner_block_factors,1e-10,2400,0.44642857142857145,7.142857142857143,True,0.0030701999785378575,snapshot only,0.0,0.0
block4_n16_T32_s9401103,block4,16,32,9401103,336,16,5376,kronecker_shared_input_basis,1e-10,5424,1.0089285714285714,16.142857142857142,True,0.001742199994623661,snapshot only,0.0,0.0
block4_n16_T32_s9401103,block4,16,32,9401103,336,16,5376,immediate_support_exact_slice_plus_svd_residual,1e-10,6320,1.1755952380952381,18.80952380952381,True,0.00019990000873804092,snapshot only,2.2244632193956833e-16,3.3306690738754696e-16
block4_n16_T32_s9401103,block4,16,32,9401103,336,16,5376,local_eligibility_plus_svd_residual,1e-10,6320,1.1755952380952381,18.80952380952381,True,0.000202300027012825,snapshot only,2.248236964430615e-16,4.440892098500626e-16
block4_n16_T32_s9401103,block4,16,32,9401103,336,16,5376,global_svd,1e-12,5632,1.0476190476190477,16.761904761904763,True,0.0001775999553501606,snapshot only,7.561195810547075e-16,1.5265566588595902e-15
block4_n16_T32_s9401103,block4,16,32,9401103,336,16,5376,pivoted_qr_repeated_basis,1e-12,5968,1.1101190476190477,17.761904761904763,True,0.00011200003791600466,snapshot only,3.8049597080468556e-16,5.551115123125783e-16
block4_n16_T32_s9401103,block4,16,32,9401103,336,16,5376,supported_group_factors,1e-12,5424,1.0089285714285714,16.142857142857142,True,0.0016950999852269888,snapshot only,0.0,0.0
block4_n16_T32_s9401103,block4,16,32,9401103,336,16,5376,owner_block_factors,1e-12,2400,0.44642857142857145,7.142857142857143,True,0.004073600051924586,snapshot only,0.0,0.0
block4_n16_T32_s9401103,block4,16,32,9401103,336,16,5376,kronecker_shared_input_basis,1e-12,5424,1.0089285714285714,16.142857142857142,True,0.0018508000066503882,snapshot only,0.0,0.0
block4_n16_T32_s9401103,block4,16,32,9401103,336,16,5376,immediate_support_exact_slice_plus_svd_residual,1e-12,6320,1.1755952380952381,18.80952380952381,True,0.000228599994443357,snapshot only,2.2244632193956833e-16,3.3306690738754696e-16
block4_n16_T32_s9401103,block4,16,32,9401103,336,16,5376,local_eligibility_plus_svd_residual,1e-12,6320,1.1755952380952381,18.80952380952381,True,0.00019399996381253004,snapshot only,2.248236964430615e-16,4.440892098500626e-16
block4_n16_T32_s9401104,block4,16,32,9401104,336,16,5376,full_matrix,1e-08,5376,1.0,16.0,True,7.00005330145359e-07,online baseline,0.0,0.0
block4_n16_T32_s9401104,block4,16,32,9401104,336,16,5376,coordinate_sparse,1e-08,2688,0.5,8.0,True,1.9299914129078388e-05,snapshot only,0.0,0.0
block4_n16_T32_s9401104,block4,16,32,9401104,336,16,5376,block_sparse_triangular,1e-08,1696,0.31547619047619047,5.0476190476190474,True,3.830005880445242e-05,known closed online block recurrence,0.0,0.0
block4_n16_T32_s9401104,block4,16,32,9401104,336,16,5376,global_svd,1e-08,5632,1.0476190476190477,16.761904761904763,True,0.00024209998082369566,snapshot only,5.277237095915444e-16,6.661338147750939e-16
block4_n16_T32_s9401104,block4,16,32,9401104,336,16,5376,pivoted_qr_repeated_basis,1e-08,5968,1.1101190476190477,17.761904761904763,True,0.00011039990931749344,snapshot only,3.659894058717572e-16,6.661338147750939e-16
block4_n16_T32_s9401104,block4,16,32,9401104,336,16,5376,supported_group_factors,1e-08,5424,1.0089285714285714,16.142857142857142,True,0.001718199928291142,snapshot only,0.0,0.0
block4_n16_T32_s9401104,block4,16,32,9401104,336,16,5376,owner_block_factors,1e-08,2400,0.44642857142857145,7.142857142857143,True,0.003204899956472218,snapshot only,0.0,0.0
block4_n16_T32_s9401104,block4,16,32,9401104,336,16,5376,kronecker_shared_input_basis,1e-08,5408,1.005952380952381,16.095238095238095,True,0.001664999988861382,snapshot only,2.441165970630363e-09,2.6445107492722997e-09
block4_n16_T32_s9401104,block4,16,32,9401104,336,16,5376,immediate_support_exact_slice_plus_svd_residual,1e-08,6320,1.1755952380952381,18.80952380952381,True,0.00020309991668909788,snapshot only,1.8027330526552626e-16,2.220446049250313e-16
block4_n16_T32_s9401104,block4,16,32,9401104,336,16,5376,local_eligibility_plus_svd_residual,1e-08,6320,1.1755952380952381,18.80952380952381,True,0.0002068999456241727,snapshot only,1.826687618058269e-16,2.7755575615628914e-16
block4_n16_T32_s9401104,block4,16,32,9401104,336,16,5376,global_svd,1e-10,5632,1.0476190476190477,16.761904761904763,True,0.00018279999494552612,snapshot only,5.277237095915444e-16,6.661338147750939e-16
block4_n16_T32_s9401104,block4,16,32,9401104,336,16,5376,pivoted_qr_repeated_basis,1e-10,5968,1.1101190476190477,17.761904761904763,True,0.0001230000052601099,snapshot only,3.659894058717572e-16,6.661338147750939e-16
block4_n16_T32_s9401104,block4,16,32,9401104,336,16,5376,supported_group_factors,1e-10,5424,1.0089285714285714,16.142857142857142,True,0.0017534000799059868,snapshot only,0.0,0.0
block4_n16_T32_s9401104,block4,16,32,9401104,336,16,5376,owner_block_factors,1e-10,2400,0.44642857142857145,7.142857142857143,True,0.0029906000709161162,snapshot only,0.0,0.0
block4_n16_T32_s9401104,block4,16,32,9401104,336,16,5376,kronecker_shared_input_basis,1e-10,5424,1.0089285714285714,16.142857142857142,True,0.0016537000192329288,snapshot only,0.0,0.0
block4_n16_T32_s9401104,block4,16,32,9401104,336,16,5376,immediate_support_exact_slice_plus_svd_residual,1e-10,6320,1.1755952380952381,18.80952380952381,True,0.00018289999570697546,snapshot only,1.8027330526552626e-16,2.220446049250313e-16
block4_n16_T32_s9401104,block4,16,32,9401104,336,16,5376,local_eligibility_plus_svd_residual,1e-10,6320,1.1755952380952381,18.80952380952381,True,0.00018409988842904568,snapshot only,1.826687618058269e-16,2.7755575615628914e-16
block4_n16_T32_s9401104,block4,16,32,9401104,336,16,5376,global_svd,1e-12,5632,1.0476190476190477,16.761904761904763,True,0.00016489997506141663,snapshot only,5.277237095915444e-16,6.661338147750939e-16
block4_n16_T32_s9401104,block4,16,32,9401104,336,16,5376,pivoted_qr_repeated_basis,1e-12,5968,1.1101190476190477,17.761904761904763,True,0.00010950001887977123,snapshot only,3.659894058717572e-16,6.661338147750939e-16
block4_n16_T32_s9401104,block4,16,32,9401104,336,16,5376,supported_group_factors,1e-12,5424,1.0089285714285714,16.142857142857142,True,0.0016723000444471836,snapshot only,0.0,0.0
block4_n16_T32_s9401104,block4,16,32,9401104,336,16,5376,owner_block_factors,1e-12,2400,0.44642857142857145,7.142857142857143,True,0.002804200048558414,snapshot only,0.0,0.0
block4_n16_T32_s9401104,block4,16,32,9401104,336,16,5376,kronecker_shared_input_basis,1e-12,5424,1.0089285714285714,16.142857142857142,True,0.0017359999474138021,snapshot only,0.0,0.0
block4_n16_T32_s9401104,block4,16,32,9401104,336,16,5376,immediate_support_exact_slice_plus_svd_residual,1e-12,6320,1.1755952380952381,18.80952380952381,True,0.00020810007117688656,snapshot only,1.8027330526552626e-16,2.220446049250313e-16
block4_n16_T32_s9401104,block4,16,32,9401104,336,16,5376,local_eligibility_plus_svd_residual,1e-12,6320,1.1755952380952381,18.80952380952381,True,0.00019970000721514225,snapshot only,1.826687618058269e-16,2.7755575615628914e-16
block4_n16_T128_s9401100,block4,16,128,9401100,336,16,5376,full_matrix,1e-08,5376,1.0,16.0,True,7.00005330145359e-07,online baseline,0.0,0.0
block4_n16_T128_s9401100,block4,16,128,9401100,336,16,5376,coordinate_sparse,1e-08,2688,0.5,8.0,True,1.8999911844730377e-05,snapshot only,0.0,0.0
block4_n16_T128_s9401100,block4,16,128,9401100,336,16,5376,block_sparse_triangular,1e-08,1696,0.31547619047619047,5.0476190476190474,True,3.8899946957826614e-05,known closed online block recurrence,0.0,0.0
block4_n16_T128_s9401100,block4,16,128,9401100,336,16,5376,global_svd,1e-08,5632,1.0476190476190477,16.761904761904763,True,0.0002188000362366438,snapshot only,5.276520374007567e-16,7.771561172376096e-16
block4_n16_T128_s9401100,block4,16,128,9401100,336,16,5376,pivoted_qr_repeated_basis,1e-08,5968,1.1101190476190477,17.761904761904763,True,0.00018949992954730988,snapshot only,4.808767597147691e-16,7.771561172376096e-16
block4_n16_T128_s9401100,block4,16,128,9401100,336,16,5376,supported_group_factors,1e-08,5424,1.0089285714285714,16.142857142857142,True,0.0020717999432235956,snapshot only,0.0,0.0
block4_n16_T128_s9401100,block4,16,128,9401100,336,16,5376,owner_block_factors,1e-08,2400,0.44642857142857145,7.142857142857143,True,0.0036763999378308654,snapshot only,0.0,0.0
block4_n16_T128_s9401100,block4,16,128,9401100,336,16,5376,kronecker_shared_input_basis,1e-08,5408,1.005952380952381,16.095238095238095,True,0.0020997999235987663,snapshot only,4.114489689499124e-09,3.270980677289037e-09
block4_n16_T128_s9401100,block4,16,128,9401100,336,16,5376,immediate_support_exact_slice_plus_svd_residual,1e-08,6320,1.1755952380952381,18.80952380952381,True,0.0001916999462991953,snapshot only,6.986108940852989e-16,1.887379141862766e-15
block4_n16_T128_s9401100,block4,16,128,9401100,336,16,5376,local_eligibility_plus_svd_residual,1e-08,6320,1.1755952380952381,18.80952380952381,True,0.0001898000482469797,snapshot only,2.883968182001406e-16,3.885780586188048e-16
block4_n16_T128_s9401100,block4,16,128,9401100,336,16,5376,global_svd,1e-10,5632,1.0476190476190477,16.761904761904763,True,0.000215600011870265,snapshot only,5.276520374007567e-16,7.771561172376096e-16
block4_n16_T128_s9401100,block4,16,128,9401100,336,16,5376,pivoted_qr_repeated_basis,1e-10,5968,1.1101190476190477,17.761904761904763,True,9.760004468262196e-05,snapshot only,4.808767597147691e-16,7.771561172376096e-16
block4_n16_T128_s9401100,block4,16,128,9401100,336,16,5376,supported_group_factors,1e-10,5424,1.0089285714285714,16.142857142857142,True,0.0021407000022009015,snapshot only,0.0,0.0
block4_n16_T128_s9401100,block4,16,128,9401100,336,16,5376,owner_block_factors,1e-10,2400,0.44642857142857145,7.142857142857143,True,0.0035522000398486853,snapshot only,0.0,0.0
block4_n16_T128_s9401100,block4,16,128,9401100,336,16,5376,kronecker_shared_input_basis,1e-10,5424,1.0089285714285714,16.142857142857142,True,0.0020855999318882823,snapshot only,0.0,0.0
block4_n16_T128_s9401100,block4,16,128,9401100,336,16,5376,immediate_support_exact_slice_plus_svd_residual,1e-10,6320,1.1755952380952381,18.80952380952381,True,0.00020250002853572369,snapshot only,6.986108940852989e-16,1.887379141862766e-15
block4_n16_T128_s9401100,block4,16,128,9401100,336,16,5376,local_eligibility_plus_svd_residual,1e-10,6320,1.1755952380952381,18.80952380952381,True,0.00017969997134059668,snapshot only,2.883968182001406e-16,3.885780586188048e-16
block4_n16_T128_s9401100,block4,16,128,9401100,336,16,5376,global_svd,1e-12,5632,1.0476190476190477,16.761904761904763,True,0.00015649991109967232,snapshot only,5.276520374007567e-16,7.771561172376096e-16
block4_n16_T128_s9401100,block4,16,128,9401100,336,16,5376,pivoted_qr_repeated_basis,1e-12,5968,1.1101190476190477,17.761904761904763,True,0.00019209994934499264,snapshot only,4.808767597147691e-16,7.771561172376096e-16
block4_n16_T128_s9401100,block4,16,128,9401100,336,16,5376,supported_group_factors,1e-12,5424,1.0089285714285714,16.142857142857142,True,0.0017970000626519322,snapshot only,0.0,0.0
block4_n16_T128_s9401100,block4,16,128,9401100,336,16,5376,owner_block_factors,1e-12,2400,0.44642857142857145,7.142857142857143,True,0.002786400029435754,snapshot only,0.0,0.0
block4_n16_T128_s9401100,block4,16,128,9401100,336,16,5376,kronecker_shared_input_basis,1e-12,5424,1.0089285714285714,16.142857142857142,True,0.0015877000987529755,snapshot only,0.0,0.0
block4_n16_T128_s9401100,block4,16,128,9401100,336,16,5376,immediate_support_exact_slice_plus_svd_residual,1e-12,6320,1.1755952380952381,18.80952380952381,True,0.00017989997286349535,snapshot only,6.986108940852989e-16,1.887379141862766e-15
block4_n16_T128_s9401100,block4,16,128,9401100,336,16,5376,local_eligibility_plus_svd_residual,1e-12,6320,1.1755952380952381,18.80952380952381,True,0.00017230003140866756,snapshot only,2.883968182001406e-16,3.885780586188048e-16
block4_n16_T128_s9401101,block4,16,128,9401101,336,16,5376,full_matrix,1e-08,5376,1.0,16.0,True,6.00004568696022e-07,online baseline,0.0,0.0
block4_n16_T128_s9401101,block4,16,128,9401101,336,16,5376,coordinate_sparse,1e-08,2688,0.5,8.0,True,1.9400031305849552e-05,snapshot only,0.0,0.0
block4_n16_T128_s9401101,block4,16,128,9401101,336,16,5376,block_sparse_triangular,1e-08,1696,0.31547619047619047,5.0476190476190474,True,0.00021869991905987263,known closed online block recurrence,0.0,0.0
block4_n16_T128_s9401101,block4,16,128,9401101,336,16,5376,global_svd,1e-08,5632,1.0476190476190477,16.761904761904763,True,0.0003510999958962202,snapshot only,7.56328230954303e-16,8.881784197001252e-16
block4_n16_T128_s9401101,block4,16,128,9401101,336,16,5376,pivoted_qr_repeated_basis,1e-08,5968,1.1101190476190477,17.761904761904763,True,0.00019080005586147308,snapshot only,3.845175029118594e-16,4.440892098500626e-16
block4_n16_T128_s9401101,block4,16,128,9401101,336,16,5376,supported_group_factors,1e-08,5424,1.0089285714285714,16.142857142857142,True,0.0021822999697178602,snapshot only,0.0,0.0
block4_n16_T128_s9401101,block4,16,128,9401101,336,16,5376,owner_block_factors,1e-08,2400,0.44642857142857145,7.142857142857143,True,0.004102099919691682,snapshot only,0.0,0.0
block4_n16_T128_s9401101,block4,16,128,9401101,336,16,5376,kronecker_shared_input_basis,1e-08,5408,1.005952380952381,16.095238095238095,True,0.001750500057823956,snapshot only,1.7838441106339682e-09,1.4218654587061508e-09
block4_n16_T128_s9401101,block4,16,128,9401101,336,16,5376,immediate_support_exact_slice_plus_svd_residual,1e-08,6320,1.1755952380952381,18.80952380952381,True,0.00019679998513311148,snapshot only,2.5295920255316303e-16,6.106226635438361e-16
block4_n16_T128_s9401101,block4,16,128,9401101,336,16,5376,local_eligibility_plus_svd_residual,1e-08,6320,1.1755952380952381,18.80952380952381,True,0.0004464000230655074,snapshot only,5.049571497082896e-16,1.2490009027033011e-15
block4_n16_T128_s9401101,block4,16,128,9401101,336,16,5376,global_svd,1e-10,5632,1.0476190476190477,16.761904761904763,True,0.0002343999221920967,snapshot only,7.56328230954303e-16,8.881784197001252e-16
block4_n16_T128_s9401101,block4,16,128,9401101,336,16,5376,pivoted_qr_repeated_basis,1e-10,5968,1.1101190476190477,17.761904761904763,True,0.00019339995924383402,snapshot only,3.845175029118594e-16,4.440892098500626e-16
block4_n16_T128_s9401101,block4,16,128,9401101,336,16,5376,supported_group_factors,1e-10,5424,1.0089285714285714,16.142857142857142,True,0.0020671000238507986,snapshot only,0.0,0.0
block4_n16_T128_s9401101,block4,16,128,9401101,336,16,5376,owner_block_factors,1e-10,2400,0.44642857142857145,7.142857142857143,True,0.0038481000810861588,snapshot only,0.0,0.0
block4_n16_T128_s9401101,block4,16,128,9401101,336,16,5376,kronecker_shared_input_basis,1e-10,5424,1.0089285714285714,16.142857142857142,True,0.0018939999863505363,snapshot only,0.0,0.0
block4_n16_T128_s9401101,block4,16,128,9401101,336,16,5376,immediate_support_exact_slice_plus_svd_residual,1e-10,6320,1.1755952380952381,18.80952380952381,True,0.00022829999215900898,snapshot only,2.5295920255316303e-16,6.106226635438361e-16
block4_n16_T128_s9401101,block4,16,128,9401101,336,16,5376,local_eligibility_plus_svd_residual,1e-10,6320,1.1755952380952381,18.80952380952381,True,0.0001981999957934022,snapshot only,5.049571497082896e-16,1.2490009027033011e-15
block4_n16_T128_s9401101,block4,16,128,9401101,336,16,5376,global_svd,1e-12,5632,1.0476190476190477,16.761904761904763,True,0.00017899996601045132,snapshot only,7.56328230954303e-16,8.881784197001252e-16
block4_n16_T128_s9401101,block4,16,128,9401101,336,16,5376,pivoted_qr_repeated_basis,1e-12,5968,1.1101190476190477,17.761904761904763,True,0.00012049998622387648,snapshot only,3.845175029118594e-16,4.440892098500626e-16
block4_n16_T128_s9401101,block4,16,128,9401101,336,16,5376,supported_group_factors,1e-12,5424,1.0089285714285714,16.142857142857142,True,0.002553099999204278,snapshot only,0.0,0.0
block4_n16_T128_s9401101,block4,16,128,9401101,336,16,5376,owner_block_factors,1e-12,2400,0.44642857142857145,7.142857142857143,True,0.004571199999190867,snapshot only,0.0,0.0
block4_n16_T128_s9401101,block4,16,128,9401101,336,16,5376,kronecker_shared_input_basis,1e-12,5424,1.0089285714285714,16.142857142857142,True,0.0023689999943599105,snapshot only,0.0,0.0
block4_n16_T128_s9401101,block4,16,128,9401101,336,16,5376,immediate_support_exact_slice_plus_svd_residual,1e-12,6320,1.1755952380952381,18.80952380952381,True,0.00022869999520480633,snapshot only,2.5295920255316303e-16,6.106226635438361e-16
block4_n16_T128_s9401101,block4,16,128,9401101,336,16,5376,local_eligibility_plus_svd_residual,1e-12,6320,1.1755952380952381,18.80952380952381,True,0.00019129994325339794,snapshot only,5.049571497082896e-16,1.2490009027033011e-15
block4_n16_T128_s9401102,block4,16,128,9401102,336,16,5376,full_matrix,1e-08,5376,1.0,16.0,True,7.00005330145359e-07,online baseline,0.0,0.0
block4_n16_T128_s9401102,block4,16,128,9401102,336,16,5376,coordinate_sparse,1e-08,2688,0.5,8.0,True,2.1300045773386955e-05,snapshot only,0.0,0.0
block4_n16_T128_s9401102,block4,16,128,9401102,336,16,5376,block_sparse_triangular,1e-08,1696,0.31547619047619047,5.0476190476190474,True,3.8800062611699104e-05,known closed online block recurrence,0.0,0.0
block4_n16_T128_s9401102,block4,16,128,9401102,336,16,5376,global_svd,1e-08,5632,1.0476190476190477,16.761904761904763,True,0.0003260999219492078,snapshot only,6.900133726496368e-16,1.1102230246251565e-15
block4_n16_T128_s9401102,block4,16,128,9401102,336,16,5376,pivoted_qr_repeated_basis,1e-08,5968,1.1101190476190477,17.761904761904763,True,0.00012820004485547543,snapshot only,3.010026027472892e-16,4.440892098500626e-16
block4_n16_T128_s9401102,block4,16,128,9401102,336,16,5376,supported_group_factors,1e-08,5424,1.0089285714285714,16.142857142857142,True,0.0019030999392271042,snapshot only,0.0,0.0
block4_n16_T128_s9401102,block4,16,128,9401102,336,16,5376,owner_block_factors,1e-08,2400,0.44642857142857145,7.142857142857143,True,0.00292630004696548,snapshot only,0.0,0.0
block4_n16_T128_s9401102,block4,16,128,9401102,336,16,5376,kronecker_shared_input_basis,1e-08,5408,1.005952380952381,16.095238095238095,True,0.0016500999918207526,snapshot only,1.616758646014044e-09,2.1601468808141178e-09
block4_n16_T128_s9401102,block4,16,128,9401102,336,16,5376,immediate_support_exact_slice_plus_svd_residual,1e-08,6320,1.1755952380952381,18.80952380952381,True,0.00018610002007335424,snapshot only,1.796697399795014e-16,2.7755575615628914e-16
block4_n16_T128_s9401102,block4,16,128,9401102,336,16,5376,local_eligibility_plus_svd_residual,1e-08,6320,1.1755952380952381,18.80952380952381,True,0.00017269991803914309,snapshot only,1.9450206909871826e-16,2.220446049250313e-16
block4_n16_T128_s9401102,block4,16,128,9401102,336,16,5376,global_svd,1e-10,5632,1.0476190476190477,16.761904761904763,True,0.00015740003436803818,snapshot only,6.900133726496368e-16,1.1102230246251565e-15
block4_n16_T128_s9401102,block4,16,128,9401102,336,16,5376,pivoted_qr_repeated_basis,1e-10,5968,1.1101190476190477,17.761904761904763,True,9.270000737160444e-05,snapshot only,3.010026027472892e-16,4.440892098500626e-16
block4_n16_T128_s9401102,block4,16,128,9401102,336,16,5376,supported_group_factors,1e-10,5424,1.0089285714285714,16.142857142857142,True,0.00171849993057549,snapshot only,0.0,0.0
block4_n16_T128_s9401102,block4,16,128,9401102,336,16,5376,owner_block_factors,1e-10,2400,0.44642857142857145,7.142857142857143,True,0.0027336999773979187,snapshot only,0.0,0.0
block4_n16_T128_s9401102,block4,16,128,9401102,336,16,5376,kronecker_shared_input_basis,1e-10,5424,1.0089285714285714,16.142857142857142,True,0.0016833000117912889,snapshot only,0.0,0.0
block4_n16_T128_s9401102,block4,16,128,9401102,336,16,5376,immediate_support_exact_slice_plus_svd_residual,1e-10,6320,1.1755952380952381,18.80952380952381,True,0.00023420003708451986,snapshot only,1.796697399795014e-16,2.7755575615628914e-16
block4_n16_T128_s9401102,block4,16,128,9401102,336,16,5376,local_eligibility_plus_svd_residual,1e-10,6320,1.1755952380952381,18.80952380952381,True,0.00017830007709562778,snapshot only,1.9450206909871826e-16,2.220446049250313e-16
block4_n16_T128_s9401102,block4,16,128,9401102,336,16,5376,global_svd,1e-12,5632,1.0476190476190477,16.761904761904763,True,0.0001577000366523862,snapshot only,6.900133726496368e-16,1.1102230246251565e-15
block4_n16_T128_s9401102,block4,16,128,9401102,336,16,5376,pivoted_qr_repeated_basis,1e-12,5968,1.1101190476190477,17.761904761904763,True,9.670003782957792e-05,snapshot only,3.010026027472892e-16,4.440892098500626e-16
block4_n16_T128_s9401102,block4,16,128,9401102,336,16,5376,supported_group_factors,1e-12,5424,1.0089285714285714,16.142857142857142,True,0.0015817999374121428,snapshot only,0.0,0.0
block4_n16_T128_s9401102,block4,16,128,9401102,336,16,5376,owner_block_factors,1e-12,2400,0.44642857142857145,7.142857142857143,True,0.002804799936711788,snapshot only,0.0,0.0
block4_n16_T128_s9401102,block4,16,128,9401102,336,16,5376,kronecker_shared_input_basis,1e-12,5424,1.0089285714285714,16.142857142857142,True,0.0016348999924957752,snapshot only,0.0,0.0
block4_n16_T128_s9401102,block4,16,128,9401102,336,16,5376,immediate_support_exact_slice_plus_svd_residual,1e-12,6320,1.1755952380952381,18.80952380952381,True,0.00018750003073364496,snapshot only,1.796697399795014e-16,2.7755575615628914e-16
block4_n16_T128_s9401102,block4,16,128,9401102,336,16,5376,local_eligibility_plus_svd_residual,1e-12,6320,1.1755952380952381,18.80952380952381,True,0.00017490005120635033,snapshot only,1.9450206909871826e-16,2.220446049250313e-16
block4_n16_T128_s9401103,block4,16,128,9401103,336,16,5376,full_matrix,1e-08,5376,1.0,16.0,True,7.00005330145359e-07,online baseline,0.0,0.0
block4_n16_T128_s9401103,block4,16,128,9401103,336,16,5376,coordinate_sparse,1e-08,2688,0.5,8.0,True,1.780001912266016e-05,snapshot only,0.0,0.0
block4_n16_T128_s9401103,block4,16,128,9401103,336,16,5376,block_sparse_triangular,1e-08,1696,0.31547619047619047,5.0476190476190474,True,3.769993782043457e-05,known closed online block recurrence,0.0,0.0
block4_n16_T128_s9401103,block4,16,128,9401103,336,16,5376,global_svd,1e-08,5632,1.0476190476190477,16.761904761904763,True,0.0002044000430032611,snapshot only,6.444010146330258e-16,8.881784197001252e-16
block4_n16_T128_s9401103,block4,16,128,9401103,336,16,5376,pivoted_qr_repeated_basis,1e-08,5968,1.1101190476190477,17.761904761904763,True,0.00010220007970929146,snapshot only,3.8812469822178226e-16,7.771561172376096e-16
block4_n16_T128_s9401103,block4,16,128,9401103,336,16,5376,supported_group_factors,1e-08,5424,1.0089285714285714,16.142857142857142,True,0.0016326999757438898,snapshot only,0.0,0.0
block4_n16_T128_s9401103,block4,16,128,9401103,336,16,5376,owner_block_factors,1e-08,2400,0.44642857142857145,7.142857142857143,True,0.002763999975286424,snapshot only,0.0,0.0
block4_n16_T128_s9401103,block4,16,128,9401103,336,16,5376,kronecker_shared_input_basis,1e-08,5136,0.9553571428571429,15.285714285714286,True,0.0015939000295475125,snapshot only,4.981781620041505e-09,4.806263928514021e-09
block4_n16_T128_s9401103,block4,16,128,9401103,336,16,5376,immediate_support_exact_slice_plus_svd_residual,1e-08,6320,1.1755952380952381,18.80952380952381,True,0.00018289999570697546,snapshot only,2.8366343799730253e-16,4.440892098500626e-16
block4_n16_T128_s9401103,block4,16,128,9401103,336,16,5376,local_eligibility_plus_svd_residual,1e-08,6320,1.1755952380952381,18.80952380952381,True,0.0001759000588208437,snapshot only,2.6713526185078833e-16,3.885780586188048e-16
block4_n16_T128_s9401103,block4,16,128,9401103,336,16,5376,global_svd,1e-10,5632,1.0476190476190477,16.761904761904763,True,0.0001569000305607915,snapshot only,6.444010146330258e-16,8.881784197001252e-16
block4_n16_T128_s9401103,block4,16,128,9401103,336,16,5376,pivoted_qr_repeated_basis,1e-10,5968,1.1101190476190477,17.761904761904763,True,9.210000280290842e-05,snapshot only,3.8812469822178226e-16,7.771561172376096e-16
block4_n16_T128_s9401103,block4,16,128,9401103,336,16,5376,supported_group_factors,1e-10,5424,1.0089285714285714,16.142857142857142,True,0.0018101000459864736,snapshot only,0.0,0.0
block4_n16_T128_s9401103,block4,16,128,9401103,336,16,5376,owner_block_factors,1e-10,2400,0.44642857142857145,7.142857142857143,True,0.0028522999491542578,snapshot only,0.0,0.0
block4_n16_T128_s9401103,block4,16,128,9401103,336,16,5376,kronecker_shared_input_basis,1e-10,5424,1.0089285714285714,16.142857142857142,True,0.0015761000104248524,snapshot only,0.0,0.0
block4_n16_T128_s9401103,block4,16,128,9401103,336,16,5376,immediate_support_exact_slice_plus_svd_residual,1e-10,6320,1.1755952380952381,18.80952380952381,True,0.00018360000103712082,snapshot only,2.8366343799730253e-16,4.440892098500626e-16
block4_n16_T128_s9401103,block4,16,128,9401103,336,16,5376,local_eligibility_plus_svd_residual,1e-10,6320,1.1755952380952381,18.80952380952381,True,0.0001727000344544649,snapshot only,2.6713526185078833e-16,3.885780586188048e-16
block4_n16_T128_s9401103,block4,16,128,9401103,336,16,5376,global_svd,1e-12,5632,1.0476190476190477,16.761904761904763,True,0.00015810003969818354,snapshot only,6.444010146330258e-16,8.881784197001252e-16
block4_n16_T128_s9401103,block4,16,128,9401103,336,16,5376,pivoted_qr_repeated_basis,1e-12,5968,1.1101190476190477,17.761904761904763,True,8.859997615218163e-05,snapshot only,3.8812469822178226e-16,7.771561172376096e-16
block4_n16_T128_s9401103,block4,16,128,9401103,336,16,5376,supported_group_factors,1e-12,5424,1.0089285714285714,16.142857142857142,True,0.0015619000187143683,snapshot only,0.0,0.0
block4_n16_T128_s9401103,block4,16,128,9401103,336,16,5376,owner_block_factors,1e-12,2400,0.44642857142857145,7.142857142857143,True,0.002715099952183664,snapshot only,0.0,0.0
block4_n16_T128_s9401103,block4,16,128,9401103,336,16,5376,kronecker_shared_input_basis,1e-12,5424,1.0089285714285714,16.142857142857142,True,0.001546400017105043,snapshot only,0.0,0.0
block4_n16_T128_s9401103,block4,16,128,9401103,336,16,5376,immediate_support_exact_slice_plus_svd_residual,1e-12,6320,1.1755952380952381,18.80952380952381,True,0.00018079997971653938,snapshot only,2.8366343799730253e-16,4.440892098500626e-16
block4_n16_T128_s9401103,block4,16,128,9401103,336,16,5376,local_eligibility_plus_svd_residual,1e-12,6320,1.1755952380952381,18.80952380952381,True,0.00017340003978461027,snapshot only,2.6713526185078833e-16,3.885780586188048e-16
block4_n16_T128_s9401104,block4,16,128,9401104,336,16,5376,full_matrix,1e-08,5376,1.0,16.0,True,6.00004568696022e-07,online baseline,0.0,0.0
block4_n16_T128_s9401104,block4,16,128,9401104,336,16,5376,coordinate_sparse,1e-08,2688,0.5,8.0,True,1.6700010746717453e-05,snapshot only,0.0,0.0
block4_n16_T128_s9401104,block4,16,128,9401104,336,16,5376,block_sparse_triangular,1e-08,1696,0.31547619047619047,5.0476190476190474,True,3.750005271285772e-05,known closed online block recurrence,0.0,0.0
block4_n16_T128_s9401104,block4,16,128,9401104,336,16,5376,global_svd,1e-08,5632,1.0476190476190477,16.761904761904763,True,0.00020309991668909788,snapshot only,7.9960238735769e-16,1.3322676295501878e-15
block4_n16_T128_s9401104,block4,16,128,9401104,336,16,5376,pivoted_qr_repeated_basis,1e-08,5968,1.1101190476190477,17.761904761904763,True,9.750004392117262e-05,snapshot only,3.9136850987244756e-16,5.551115123125783e-16
block4_n16_T128_s9401104,block4,16,128,9401104,336,16,5376,supported_group_factors,1e-08,5424,1.0089285714285714,16.142857142857142,True,0.001603799988515675,snapshot only,0.0,0.0
block4_n16_T128_s9401104,block4,16,128,9401104,336,16,5376,owner_block_factors,1e-08,2400,0.44642857142857145,7.142857142857143,True,0.0027321999659761786,snapshot only,0.0,0.0
block4_n16_T128_s9401104,block4,16,128,9401104,336,16,5376,kronecker_shared_input_basis,1e-08,5408,1.005952380952381,16.095238095238095,True,0.0015520999440923333,snapshot only,1.2446771761835724e-09,7.954471595295054e-10
block4_n16_T128_s9401104,block4,16,128,9401104,336,16,5376,immediate_support_exact_slice_plus_svd_residual,1e-08,6320,1.1755952380952381,18.80952380952381,True,0.00017819995991885662,snapshot only,2.7209835356881983e-16,4.440892098500626e-16
block4_n16_T128_s9401104,block4,16,128,9401104,336,16,5376,local_eligibility_plus_svd_residual,1e-08,6320,1.1755952380952381,18.80952380952381,True,0.0003247999120503664,snapshot only,3.7146259236824026e-16,8.257283745649602e-16
block4_n16_T128_s9401104,block4,16,128,9401104,336,16,5376,global_svd,1e-10,5632,1.0476190476190477,16.761904761904763,True,0.00025800010189414024,snapshot only,7.9960238735769e-16,1.3322676295501878e-15
block4_n16_T128_s9401104,block4,16,128,9401104,336,16,5376,pivoted_qr_repeated_basis,1e-10,5968,1.1101190476190477,17.761904761904763,True,0.00010010006371885538,snapshot only,3.9136850987244756e-16,5.551115123125783e-16
block4_n16_T128_s9401104,block4,16,128,9401104,336,16,5376,supported_group_factors,1e-10,5424,1.0089285714285714,16.142857142857142,True,0.0016494999872520566,snapshot only,0.0,0.0
block4_n16_T128_s9401104,block4,16,128,9401104,336,16,5376,owner_block_factors,1e-10,2400,0.44642857142857145,7.142857142857143,True,0.0027274000458419323,snapshot only,0.0,0.0
block4_n16_T128_s9401104,block4,16,128,9401104,336,16,5376,kronecker_shared_input_basis,1e-10,5424,1.0089285714285714,16.142857142857142,True,0.0015742999967187643,snapshot only,0.0,0.0
block4_n16_T128_s9401104,block4,16,128,9401104,336,16,5376,immediate_support_exact_slice_plus_svd_residual,1e-10,6320,1.1755952380952381,18.80952380952381,True,0.00018239999189972878,snapshot only,2.7209835356881983e-16,4.440892098500626e-16
block4_n16_T128_s9401104,block4,16,128,9401104,336,16,5376,local_eligibility_plus_svd_residual,1e-10,6320,1.1755952380952381,18.80952380952381,True,0.00017330003902316093,snapshot only,3.7146259236824026e-16,8.257283745649602e-16
block4_n16_T128_s9401104,block4,16,128,9401104,336,16,5376,global_svd,1e-12,5632,1.0476190476190477,16.761904761904763,True,0.00015750003512948751,snapshot only,7.9960238735769e-16,1.3322676295501878e-15
block4_n16_T128_s9401104,block4,16,128,9401104,336,16,5376,pivoted_qr_repeated_basis,1e-12,5968,1.1101190476190477,17.761904761904763,True,8.699996396899223e-05,snapshot only,3.9136850987244756e-16,5.551115123125783e-16
block4_n16_T128_s9401104,block4,16,128,9401104,336,16,5376,supported_group_factors,1e-12,5424,1.0089285714285714,16.142857142857142,True,0.0015651999274268746,snapshot only,0.0,0.0
block4_n16_T128_s9401104,block4,16,128,9401104,336,16,5376,owner_block_factors,1e-12,2400,0.44642857142857145,7.142857142857143,True,0.002855899976566434,snapshot only,0.0,0.0
block4_n16_T128_s9401104,block4,16,128,9401104,336,16,5376,kronecker_shared_input_basis,1e-12,5424,1.0089285714285714,16.142857142857142,True,0.0016246999148279428,snapshot only,0.0,0.0
block4_n16_T128_s9401104,block4,16,128,9401104,336,16,5376,immediate_support_exact_slice_plus_svd_residual,1e-12,6320,1.1755952380952381,18.80952380952381,True,0.00047580001410096884,snapshot only,2.7209835356881983e-16,4.440892098500626e-16
block4_n16_T128_s9401104,block4,16,128,9401104,336,16,5376,local_eligibility_plus_svd_residual,1e-12,6320,1.1755952380952381,18.80952380952381,True,0.00021349999587982893,snapshot only,3.7146259236824026e-16,8.257283745649602e-16
deep2_n8_T32_s9401100,deep2,8,32,9401100,272,16,4352,full_matrix,1e-08,4352,1.0,16.0,True,6.00004568696022e-07,online baseline,0.0,0.0
deep2_n8_T32_s9401100,deep2,8,32,9401100,272,16,4352,coordinate_sparse,1e-08,6528,1.5,24.0,True,2.2999942302703857e-05,snapshot only,0.0,0.0
deep2_n8_T32_s9401100,deep2,8,32,9401100,272,16,4352,block_sparse_triangular,1e-08,3560,0.8180147058823529,13.088235294117647,True,2.7799978852272034e-05,known closed online block recurrence,0.0,0.0
deep2_n8_T32_s9401100,deep2,8,32,9401100,272,16,4352,global_svd,1e-08,4608,1.0588235294117647,16.941176470588236,True,0.00019749999046325684,snapshot only,2.4936337590374256e-15,1.7763568394002505e-15
deep2_n8_T32_s9401100,deep2,8,32,9401100,272,16,4352,pivoted_qr_repeated_basis,1e-08,4880,1.1213235294117647,17.941176470588236,True,9.23000043258071e-05,snapshot only,3.7630918021461907e-16,5.551115123125783e-16
deep2_n8_T32_s9401100,deep2,8,32,9401100,272,16,4352,supported_group_factors,1e-08,3336,0.7665441176470589,12.264705882352942,True,0.0017056000651791692,snapshot only,0.0,0.0
deep2_n8_T32_s9401100,deep2,8,32,9401100,272,16,4352,owner_block_factors,1e-08,3504,0.8051470588235294,12.882352941176471,True,0.0030817000661045313,snapshot only,0.0,0.0
deep2_n8_T32_s9401100,deep2,8,32,9401100,272,16,4352,kronecker_shared_input_basis,1e-08,3336,0.7665441176470589,12.264705882352942,True,0.0016723999287933111,snapshot only,0.0,0.0
deep2_n8_T32_s9401100,deep2,8,32,9401100,272,16,4352,immediate_support_exact_slice_plus_svd_residual,1e-08,6320,1.4522058823529411,23.235294117647058,True,0.00017989997286349535,snapshot only,5.045151494553443e-16,5.603156827405087e-16
deep2_n8_T32_s9401100,deep2,8,32,9401100,272,16,4352,local_eligibility_plus_svd_residual,1e-08,6320,1.4522058823529411,23.235294117647058,True,0.00016739999409765005,snapshot only,6.07598836688292e-16,5.273559366969494e-16
deep2_n8_T32_s9401100,deep2,8,32,9401100,272,16,4352,global_svd,1e-10,4608,1.0588235294117647,16.941176470588236,True,0.00015259999781847,snapshot only,2.4936337590374256e-15,1.7763568394002505e-15
deep2_n8_T32_s9401100,deep2,8,32,9401100,272,16,4352,pivoted_qr_repeated_basis,1e-10,4880,1.1213235294117647,17.941176470588236,True,8.41999426484108e-05,snapshot only,3.7630918021461907e-16,5.551115123125783e-16
deep2_n8_T32_s9401100,deep2,8,32,9401100,272,16,4352,supported_group_factors,1e-10,3336,0.7665441176470589,12.264705882352942,True,0.0019313000375404954,snapshot only,0.0,0.0
deep2_n8_T32_s9401100,deep2,8,32,9401100,272,16,4352,owner_block_factors,1e-10,3504,0.8051470588235294,12.882352941176471,True,0.004075200064107776,snapshot only,0.0,0.0
deep2_n8_T32_s9401100,deep2,8,32,9401100,272,16,4352,kronecker_shared_input_basis,1e-10,3336,0.7665441176470589,12.264705882352942,True,0.0016548000276088715,snapshot only,0.0,0.0
deep2_n8_T32_s9401100,deep2,8,32,9401100,272,16,4352,immediate_support_exact_slice_plus_svd_residual,1e-10,6320,1.4522058823529411,23.235294117647058,True,0.0001900000497698784,snapshot only,5.045151494553443e-16,5.603156827405087e-16
deep2_n8_T32_s9401100,deep2,8,32,9401100,272,16,4352,local_eligibility_plus_svd_residual,1e-10,6320,1.4522058823529411,23.235294117647058,True,0.00017859996296465397,snapshot only,6.07598836688292e-16,5.273559366969494e-16
deep2_n8_T32_s9401100,deep2,8,32,9401100,272,16,4352,global_svd,1e-12,4608,1.0588235294117647,16.941176470588236,True,0.0001588000450283289,snapshot only,2.4936337590374256e-15,1.7763568394002505e-15
deep2_n8_T32_s9401100,deep2,8,32,9401100,272,16,4352,pivoted_qr_repeated_basis,1e-12,4880,1.1213235294117647,17.941176470588236,True,8.559995330870152e-05,snapshot only,3.7630918021461907e-16,5.551115123125783e-16
deep2_n8_T32_s9401100,deep2,8,32,9401100,272,16,4352,supported_group_factors,1e-12,3336,0.7665441176470589,12.264705882352942,True,0.0016743999440222979,snapshot only,0.0,0.0
deep2_n8_T32_s9401100,deep2,8,32,9401100,272,16,4352,owner_block_factors,1e-12,3504,0.8051470588235294,12.882352941176471,True,0.003119500004686415,snapshot only,0.0,0.0
deep2_n8_T32_s9401100,deep2,8,32,9401100,272,16,4352,kronecker_shared_input_basis,1e-12,3336,0.7665441176470589,12.264705882352942,True,0.0016138999490067363,snapshot only,0.0,0.0
deep2_n8_T32_s9401100,deep2,8,32,9401100,272,16,4352,immediate_support_exact_slice_plus_svd_residual,1e-12,6320,1.4522058823529411,23.235294117647058,True,0.00027029996272176504,snapshot only,5.045151494553443e-16,5.603156827405087e-16
deep2_n8_T32_s9401100,deep2,8,32,9401100,272,16,4352,local_eligibility_plus_svd_residual,1e-12,6320,1.4522058823529411,23.235294117647058,True,0.00017479993402957916,snapshot only,6.07598836688292e-16,5.273559366969494e-16
deep2_n8_T32_s9401101,deep2,8,32,9401101,272,16,4352,full_matrix,1e-08,4352,1.0,16.0,True,7.00005330145359e-07,online baseline,0.0,0.0
deep2_n8_T32_s9401101,deep2,8,32,9401101,272,16,4352,coordinate_sparse,1e-08,6528,1.5,24.0,True,1.9000028260052204e-05,snapshot only,0.0,0.0
deep2_n8_T32_s9401101,deep2,8,32,9401101,272,16,4352,block_sparse_triangular,1e-08,3560,0.8180147058823529,13.088235294117647,True,2.7999980375170708e-05,known closed online block recurrence,0.0,0.0
deep2_n8_T32_s9401101,deep2,8,32,9401101,272,16,4352,global_svd,1e-08,4608,1.0588235294117647,16.941176470588236,True,0.0001821999903768301,snapshot only,2.0473327396881996e-15,1.929750851819684e-15
deep2_n8_T32_s9401101,deep2,8,32,9401101,272,16,4352,pivoted_qr_repeated_basis,1e-08,4880,1.1213235294117647,17.941176470588236,True,9.320001117885113e-05,snapshot only,2.915427253345999e-16,3.582645217887209e-16
deep2_n8_T32_s9401101,deep2,8,32,9401101,272,16,4352,supported_group_factors,1e-08,3336,0.7665441176470589,12.264705882352942,True,0.0019863999914377928,snapshot only,0.0,0.0
deep2_n8_T32_s9401101,deep2,8,32,9401101,272,16,4352,owner_block_factors,1e-08,3504,0.8051470588235294,12.882352941176471,True,0.00313660001847893,snapshot only,0.0,0.0
deep2_n8_T32_s9401101,deep2,8,32,9401101,272,16,4352,kronecker_shared_input_basis,1e-08,3336,0.7665441176470589,12.264705882352942,True,0.001873499946668744,snapshot only,0.0,0.0
deep2_n8_T32_s9401101,deep2,8,32,9401101,272,16,4352,immediate_support_exact_slice_plus_svd_residual,1e-08,6320,1.4522058823529411,23.235294117647058,True,0.00018940004520118237,snapshot only,3.3358593938445e-16,4.440892098500626e-16
deep2_n8_T32_s9401101,deep2,8,32,9401101,272,16,4352,local_eligibility_plus_svd_residual,1e-08,6320,1.4522058823529411,23.235294117647058,True,0.00017909996677190065,snapshot only,5.241943361104092e-16,5.551115123125783e-16
deep2_n8_T32_s9401101,deep2,8,32,9401101,272,16,4352,global_svd,1e-10,4608,1.0588235294117647,16.941176470588236,True,0.00015790003817528486,snapshot only,2.0473327396881996e-15,1.929750851819684e-15
deep2_n8_T32_s9401101,deep2,8,32,9401101,272,16,4352,pivoted_qr_repeated_basis,1e-10,4880,1.1213235294117647,17.941176470588236,True,9.770004544407129e-05,snapshot only,2.915427253345999e-16,3.582645217887209e-16
deep2_n8_T32_s9401101,deep2,8,32,9401101,272,16,4352,supported_group_factors,1e-10,3336,0.7665441176470589,12.264705882352942,True,0.0016876999288797379,snapshot only,0.0,0.0
deep2_n8_T32_s9401101,deep2,8,32,9401101,272,16,4352,owner_block_factors,1e-10,3504,0.8051470588235294,12.882352941176471,True,0.003070899983868003,snapshot only,0.0,0.0
deep2_n8_T32_s9401101,deep2,8,32,9401101,272,16,4352,kronecker_shared_input_basis,1e-10,3336,0.7665441176470589,12.264705882352942,True,0.001627200050279498,snapshot only,0.0,0.0
deep2_n8_T32_s9401101,deep2,8,32,9401101,272,16,4352,immediate_support_exact_slice_plus_svd_residual,1e-10,6320,1.4522058823529411,23.235294117647058,True,0.00022120005451142788,snapshot only,3.3358593938445e-16,4.440892098500626e-16
deep2_n8_T32_s9401101,deep2,8,32,9401101,272,16,4352,local_eligibility_plus_svd_residual,1e-10,6320,1.4522058823529411,23.235294117647058,True,0.00018319999799132347,snapshot only,5.241943361104092e-16,5.551115123125783e-16
deep2_n8_T32_s9401101,deep2,8,32,9401101,272,16,4352,global_svd,1e-12,4608,1.0588235294117647,16.941176470588236,True,0.00015440001152455807,snapshot only,2.0473327396881996e-15,1.929750851819684e-15
deep2_n8_T32_s9401101,deep2,8,32,9401101,272,16,4352,pivoted_qr_repeated_basis,1e-12,4880,1.1213235294117647,17.941176470588236,True,8.859997615218163e-05,snapshot only,2.915427253345999e-16,3.582645217887209e-16
deep2_n8_T32_s9401101,deep2,8,32,9401101,272,16,4352,supported_group_factors,1e-12,3336,0.7665441176470589,12.264705882352942,True,0.0016735000535845757,snapshot only,0.0,0.0
deep2_n8_T32_s9401101,deep2,8,32,9401101,272,16,4352,owner_block_factors,1e-12,3504,0.8051470588235294,12.882352941176471,True,0.0033001999836415052,snapshot only,0.0,0.0
deep2_n8_T32_s9401101,deep2,8,32,9401101,272,16,4352,kronecker_shared_input_basis,1e-12,3336,0.7665441176470589,12.264705882352942,True,0.00179280003067106,snapshot only,0.0,0.0
deep2_n8_T32_s9401101,deep2,8,32,9401101,272,16,4352,immediate_support_exact_slice_plus_svd_residual,1e-12,6320,1.4522058823529411,23.235294117647058,True,0.00019749999046325684,snapshot only,3.3358593938445e-16,4.440892098500626e-16
deep2_n8_T32_s9401101,deep2,8,32,9401101,272,16,4352,local_eligibility_plus_svd_residual,1e-12,6320,1.4522058823529411,23.235294117647058,True,0.00018169998656958342,snapshot only,5.241943361104092e-16,5.551115123125783e-16
deep2_n8_T32_s9401102,deep2,8,32,9401102,272,16,4352,full_matrix,1e-08,4352,1.0,16.0,True,6.00004568696022e-07,online baseline,0.0,0.0
deep2_n8_T32_s9401102,deep2,8,32,9401102,272,16,4352,coordinate_sparse,1e-08,6528,1.5,24.0,True,2.2300053387880325e-05,snapshot only,0.0,0.0
deep2_n8_T32_s9401102,deep2,8,32,9401102,272,16,4352,block_sparse_triangular,1e-08,3560,0.8180147058823529,13.088235294117647,True,2.8799986466765404e-05,known closed online block recurrence,0.0,0.0
deep2_n8_T32_s9401102,deep2,8,32,9401102,272,16,4352,global_svd,1e-08,4608,1.0588235294117647,16.941176470588236,True,0.00031830009538680315,snapshot only,1.5140474406458289e-15,1.2212453270876722e-15
deep2_n8_T32_s9401102,deep2,8,32,9401102,272,16,4352,pivoted_qr_repeated_basis,1e-08,4880,1.1213235294117647,17.941176470588236,True,9.849993512034416e-05,snapshot only,3.8062751258595196e-16,4.440892098500626e-16
deep2_n8_T32_s9401102,deep2,8,32,9401102,272,16,4352,supported_group_factors,1e-08,3336,0.7665441176470589,12.264705882352942,True,0.002159399911761284,snapshot only,0.0,0.0
deep2_n8_T32_s9401102,deep2,8,32,9401102,272,16,4352,owner_block_factors,1e-08,3504,0.8051470588235294,12.882352941176471,True,0.003968600067310035,snapshot only,0.0,0.0
deep2_n8_T32_s9401102,deep2,8,32,9401102,272,16,4352,kronecker_shared_input_basis,1e-08,3336,0.7665441176470589,12.264705882352942,True,0.0018496999982744455,snapshot only,0.0,0.0
deep2_n8_T32_s9401102,deep2,8,32,9401102,272,16,4352,immediate_support_exact_slice_plus_svd_residual,1e-08,6320,1.4522058823529411,23.235294117647058,True,0.00021349999587982893,snapshot only,3.9515471542994685e-16,5.273559366969494e-16
deep2_n8_T32_s9401102,deep2,8,32,9401102,272,16,4352,local_eligibility_plus_svd_residual,1e-08,6320,1.4522058823529411,23.235294117647058,True,0.00017420004587620497,snapshot only,4.946556233218712e-16,4.440892098500626e-16
deep2_n8_T32_s9401102,deep2,8,32,9401102,272,16,4352,global_svd,1e-10,4608,1.0588235294117647,16.941176470588236,True,0.00015679991338402033,snapshot only,1.5140474406458289e-15,1.2212453270876722e-15
deep2_n8_T32_s9401102,deep2,8,32,9401102,272,16,4352,pivoted_qr_repeated_basis,1e-10,4880,1.1213235294117647,17.941176470588236,True,9.930005762726068e-05,snapshot only,3.8062751258595196e-16,4.440892098500626e-16
deep2_n8_T32_s9401102,deep2,8,32,9401102,272,16,4352,supported_group_factors,1e-10,3336,0.7665441176470589,12.264705882352942,True,0.0017905998975038528,snapshot only,0.0,0.0
deep2_n8_T32_s9401102,deep2,8,32,9401102,272,16,4352,owner_block_factors,1e-10,3504,0.8051470588235294,12.882352941176471,True,0.0030864999862387776,snapshot only,0.0,0.0
deep2_n8_T32_s9401102,deep2,8,32,9401102,272,16,4352,kronecker_shared_input_basis,1e-10,3336,0.7665441176470589,12.264705882352942,True,0.0016465999651700258,snapshot only,0.0,0.0
deep2_n8_T32_s9401102,deep2,8,32,9401102,272,16,4352,immediate_support_exact_slice_plus_svd_residual,1e-10,6320,1.4522058823529411,23.235294117647058,True,0.00018360000103712082,snapshot only,3.9515471542994685e-16,5.273559366969494e-16
deep2_n8_T32_s9401102,deep2,8,32,9401102,272,16,4352,local_eligibility_plus_svd_residual,1e-10,6320,1.4522058823529411,23.235294117647058,True,0.0001829999964684248,snapshot only,4.946556233218712e-16,4.440892098500626e-16
deep2_n8_T32_s9401102,deep2,8,32,9401102,272,16,4352,global_svd,1e-12,4608,1.0588235294117647,16.941176470588236,True,0.00017939996905624866,snapshot only,1.5140474406458289e-15,1.2212453270876722e-15
deep2_n8_T32_s9401102,deep2,8,32,9401102,272,16,4352,pivoted_qr_repeated_basis,1e-12,4880,1.1213235294117647,17.941176470588236,True,9.350001346319914e-05,snapshot only,3.8062751258595196e-16,4.440892098500626e-16
deep2_n8_T32_s9401102,deep2,8,32,9401102,272,16,4352,supported_group_factors,1e-12,3336,0.7665441176470589,12.264705882352942,True,0.0017877999925985932,snapshot only,0.0,0.0
deep2_n8_T32_s9401102,deep2,8,32,9401102,272,16,4352,owner_block_factors,1e-12,3504,0.8051470588235294,12.882352941176471,True,0.0032010000431910157,snapshot only,0.0,0.0
deep2_n8_T32_s9401102,deep2,8,32,9401102,272,16,4352,kronecker_shared_input_basis,1e-12,3336,0.7665441176470589,12.264705882352942,True,0.0016254999209195375,snapshot only,0.0,0.0
deep2_n8_T32_s9401102,deep2,8,32,9401102,272,16,4352,immediate_support_exact_slice_plus_svd_residual,1e-12,6320,1.4522058823529411,23.235294117647058,True,0.00018269999418407679,snapshot only,3.9515471542994685e-16,5.273559366969494e-16
deep2_n8_T32_s9401102,deep2,8,32,9401102,272,16,4352,local_eligibility_plus_svd_residual,1e-12,6320,1.4522058823529411,23.235294117647058,True,0.00016799999866634607,snapshot only,4.946556233218712e-16,4.440892098500626e-16
deep2_n8_T32_s9401103,deep2,8,32,9401103,272,16,4352,full_matrix,1e-08,4352,1.0,16.0,True,7.00005330145359e-07,online baseline,0.0,0.0
deep2_n8_T32_s9401103,deep2,8,32,9401103,272,16,4352,coordinate_sparse,1e-08,6528,1.5,24.0,True,2.559996210038662e-05,snapshot only,0.0,0.0
deep2_n8_T32_s9401103,deep2,8,32,9401103,272,16,4352,block_sparse_triangular,1e-08,3560,0.8180147058823529,13.088235294117647,True,2.8999987989664078e-05,known closed online block recurrence,0.0,0.0
deep2_n8_T32_s9401103,deep2,8,32,9401103,272,16,4352,global_svd,1e-08,4608,1.0588235294117647,16.941176470588236,True,0.0002025999128818512,snapshot only,1.993492804399848e-15,1.7763568394002505e-15
deep2_n8_T32_s9401103,deep2,8,32,9401103,272,16,4352,pivoted_qr_repeated_basis,1e-08,4880,1.1213235294117647,17.941176470588236,True,9.950005915015936e-05,snapshot only,3.52993541129252e-16,4.440892098500626e-16
deep2_n8_T32_s9401103,deep2,8,32,9401103,272,16,4352,supported_group_factors,1e-08,3336,0.7665441176470589,12.264705882352942,True,0.0018686000257730484,snapshot only,0.0,0.0
deep2_n8_T32_s9401103,deep2,8,32,9401103,272,16,4352,owner_block_factors,1e-08,3504,0.8051470588235294,12.882352941176471,True,0.0034218999790027738,snapshot only,0.0,0.0
deep2_n8_T32_s9401103,deep2,8,32,9401103,272,16,4352,kronecker_shared_input_basis,1e-08,3336,0.7665441176470589,12.264705882352942,True,0.0022395000560209155,snapshot only,0.0,0.0
deep2_n8_T32_s9401103,deep2,8,32,9401103,272,16,4352,immediate_support_exact_slice_plus_svd_residual,1e-08,6320,1.4522058823529411,23.235294117647058,True,0.00021670002024620771,snapshot only,3.6529459730097214e-16,4.440892098500626e-16
deep2_n8_T32_s9401103,deep2,8,32,9401103,272,16,4352,local_eligibility_plus_svd_residual,1e-08,6320,1.4522058823529411,23.235294117647058,True,0.00021430000197142363,snapshot only,6.088870430990403e-16,5.551115123125783e-16
deep2_n8_T32_s9401103,deep2,8,32,9401103,272,16,4352,global_svd,1e-10,4608,1.0588235294117647,16.941176470588236,True,0.00018119998276233673,snapshot only,1.993492804399848e-15,1.7763568394002505e-15
deep2_n8_T32_s9401103,deep2,8,32,9401103,272,16,4352,pivoted_qr_repeated_basis,1e-10,4880,1.1213235294117647,17.941176470588236,True,0.00012110010720789433,snapshot only,3.52993541129252e-16,4.440892098500626e-16
deep2_n8_T32_s9401103,deep2,8,32,9401103,272,16,4352,supported_group_factors,1e-10,3336,0.7665441176470589,12.264705882352942,True,0.001762000028975308,snapshot only,0.0,0.0
deep2_n8_T32_s9401103,deep2,8,32,9401103,272,16,4352,owner_block_factors,1e-10,3504,0.8051470588235294,12.882352941176471,True,0.0033312999876216054,snapshot only,0.0,0.0
deep2_n8_T32_s9401103,deep2,8,32,9401103,272,16,4352,kronecker_shared_input_basis,1e-10,3336,0.7665441176470589,12.264705882352942,True,0.001846299972385168,snapshot only,0.0,0.0
deep2_n8_T32_s9401103,deep2,8,32,9401103,272,16,4352,immediate_support_exact_slice_plus_svd_residual,1e-10,6320,1.4522058823529411,23.235294117647058,True,0.0001916999462991953,snapshot only,3.6529459730097214e-16,4.440892098500626e-16
deep2_n8_T32_s9401103,deep2,8,32,9401103,272,16,4352,local_eligibility_plus_svd_residual,1e-10,6320,1.4522058823529411,23.235294117647058,True,0.00017560005653649569,snapshot only,6.088870430990403e-16,5.551115123125783e-16
deep2_n8_T32_s9401103,deep2,8,32,9401103,272,16,4352,global_svd,1e-12,4608,1.0588235294117647,16.941176470588236,True,0.00021389999892562628,snapshot only,1.993492804399848e-15,1.7763568394002505e-15
deep2_n8_T32_s9401103,deep2,8,32,9401103,272,16,4352,pivoted_qr_repeated_basis,1e-12,4880,1.1213235294117647,17.941176470588236,True,0.00010950001887977123,snapshot only,3.52993541129252e-16,4.440892098500626e-16
deep2_n8_T32_s9401103,deep2,8,32,9401103,272,16,4352,supported_group_factors,1e-12,3336,0.7665441176470589,12.264705882352942,True,0.002475899993441999,snapshot only,0.0,0.0
deep2_n8_T32_s9401103,deep2,8,32,9401103,272,16,4352,owner_block_factors,1e-12,3504,0.8051470588235294,12.882352941176471,True,0.003984099952504039,snapshot only,0.0,0.0
deep2_n8_T32_s9401103,deep2,8,32,9401103,272,16,4352,kronecker_shared_input_basis,1e-12,3336,0.7665441176470589,12.264705882352942,True,0.0018936000997200608,snapshot only,0.0,0.0
deep2_n8_T32_s9401103,deep2,8,32,9401103,272,16,4352,immediate_support_exact_slice_plus_svd_residual,1e-12,6320,1.4522058823529411,23.235294117647058,True,0.0002319000195711851,snapshot only,3.6529459730097214e-16,4.440892098500626e-16
deep2_n8_T32_s9401103,deep2,8,32,9401103,272,16,4352,local_eligibility_plus_svd_residual,1e-12,6320,1.4522058823529411,23.235294117647058,True,0.00019609997980296612,snapshot only,6.088870430990403e-16,5.551115123125783e-16
deep2_n8_T32_s9401104,deep2,8,32,9401104,272,16,4352,full_matrix,1e-08,4352,1.0,16.0,True,6.00004568696022e-07,online baseline,0.0,0.0
deep2_n8_T32_s9401104,deep2,8,32,9401104,272,16,4352,coordinate_sparse,1e-08,6528,1.5,24.0,True,2.1300045773386955e-05,snapshot only,0.0,0.0
deep2_n8_T32_s9401104,deep2,8,32,9401104,272,16,4352,block_sparse_triangular,1e-08,3560,0.8180147058823529,13.088235294117647,True,2.8099981136620045e-05,known closed online block recurrence,0.0,0.0
deep2_n8_T32_s9401104,deep2,8,32,9401104,272,16,4352,global_svd,1e-08,4608,1.0588235294117647,16.941176470588236,True,0.00020350003615021706,snapshot only,2.351036295870036e-15,3.030561912531482e-15
deep2_n8_T32_s9401104,deep2,8,32,9401104,272,16,4352,pivoted_qr_repeated_basis,1e-08,4880,1.1213235294117647,17.941176470588236,True,9.550002869218588e-05,snapshot only,3.497592193258988e-16,4.440892098500626e-16
deep2_n8_T32_s9401104,deep2,8,32,9401104,272,16,4352,supported_group_factors,1e-08,3336,0.7665441176470589,12.264705882352942,True,0.0017077000811696053,snapshot only,0.0,0.0
deep2_n8_T32_s9401104,deep2,8,32,9401104,272,16,4352,owner_block_factors,1e-08,3504,0.8051470588235294,12.882352941176471,True,0.0035444999812170863,snapshot only,0.0,0.0
deep2_n8_T32_s9401104,deep2,8,32,9401104,272,16,4352,kronecker_shared_input_basis,1e-08,3336,0.7665441176470589,12.264705882352942,True,0.001626300043426454,snapshot only,0.0,0.0
deep2_n8_T32_s9401104,deep2,8,32,9401104,272,16,4352,immediate_support_exact_slice_plus_svd_residual,1e-08,6320,1.4522058823529411,23.235294117647058,True,0.0001949999714270234,snapshot only,1.434348654363546e-15,2.220446049250313e-15
deep2_n8_T32_s9401104,deep2,8,32,9401104,272,16,4352,local_eligibility_plus_svd_residual,1e-08,6320,1.4522058823529411,23.235294117647058,True,0.00018039997667074203,snapshot only,1.3915950062621055e-15,2.6412755625670853e-15
deep2_n8_T32_s9401104,deep2,8,32,9401104,272,16,4352,global_svd,1e-10,4608,1.0588235294117647,16.941176470588236,True,0.00015569990500807762,snapshot only,2.351036295870036e-15,3.030561912531482e-15
deep2_n8_T32_s9401104,deep2,8,32,9401104,272,16,4352,pivoted_qr_repeated_basis,1e-10,4880,1.1213235294117647,17.941176470588236,True,8.809997234493494e-05,snapshot only,3.497592193258988e-16,4.440892098500626e-16
deep2_n8_T32_s9401104,deep2,8,32,9401104,272,16,4352,supported_group_factors,1e-10,3336,0.7665441176470589,12.264705882352942,True,0.0017161000287160277,snapshot only,0.0,0.0
deep2_n8_T32_s9401104,deep2,8,32,9401104,272,16,4352,owner_block_factors,1e-10,3504,0.8051470588235294,12.882352941176471,True,0.0030934999231249094,snapshot only,0.0,0.0
deep2_n8_T32_s9401104,deep2,8,32,9401104,272,16,4352,kronecker_shared_input_basis,1e-10,3336,0.7665441176470589,12.264705882352942,True,0.0016389000229537487,snapshot only,0.0,0.0
deep2_n8_T32_s9401104,deep2,8,32,9401104,272,16,4352,immediate_support_exact_slice_plus_svd_residual,1e-10,6320,1.4522058823529411,23.235294117647058,True,0.00017739995382726192,snapshot only,1.434348654363546e-15,2.220446049250313e-15
deep2_n8_T32_s9401104,deep2,8,32,9401104,272,16,4352,local_eligibility_plus_svd_residual,1e-10,6320,1.4522058823529411,23.235294117647058,True,0.00017359992489218712,snapshot only,1.3915950062621055e-15,2.6412755625670853e-15
deep2_n8_T32_s9401104,deep2,8,32,9401104,272,16,4352,global_svd,1e-12,4608,1.0588235294117647,16.941176470588236,True,0.00015350000467151403,snapshot only,2.351036295870036e-15,3.030561912531482e-15
deep2_n8_T32_s9401104,deep2,8,32,9401104,272,16,4352,pivoted_qr_repeated_basis,1e-12,4880,1.1213235294117647,17.941176470588236,True,8.320005144923925e-05,snapshot only,3.497592193258988e-16,4.440892098500626e-16
deep2_n8_T32_s9401104,deep2,8,32,9401104,272,16,4352,supported_group_factors,1e-12,3336,0.7665441176470589,12.264705882352942,True,0.0017548000905662775,snapshot only,0.0,0.0
deep2_n8_T32_s9401104,deep2,8,32,9401104,272,16,4352,owner_block_factors,1e-12,3504,0.8051470588235294,12.882352941176471,True,0.003110900055617094,snapshot only,0.0,0.0
deep2_n8_T32_s9401104,deep2,8,32,9401104,272,16,4352,kronecker_shared_input_basis,1e-12,3336,0.7665441176470589,12.264705882352942,True,0.0016734999371692538,snapshot only,0.0,0.0
deep2_n8_T32_s9401104,deep2,8,32,9401104,272,16,4352,immediate_support_exact_slice_plus_svd_residual,1e-12,6320,1.4522058823529411,23.235294117647058,True,0.00018510001245886087,snapshot only,1.434348654363546e-15,2.220446049250313e-15
deep2_n8_T32_s9401104,deep2,8,32,9401104,272,16,4352,local_eligibility_plus_svd_residual,1e-12,6320,1.4522058823529411,23.235294117647058,True,0.00017450004816055298,snapshot only,1.3915950062621055e-15,2.6412755625670853e-15
deep2_n8_T128_s9401100,deep2,8,128,9401100,272,16,4352,full_matrix,1e-08,4352,1.0,16.0,True,6.00004568696022e-07,online baseline,0.0,0.0
deep2_n8_T128_s9401100,deep2,8,128,9401100,272,16,4352,coordinate_sparse,1e-08,6528,1.5,24.0,True,2.0300038158893585e-05,snapshot only,0.0,0.0
deep2_n8_T128_s9401100,deep2,8,128,9401100,272,16,4352,block_sparse_triangular,1e-08,3560,0.8180147058823529,13.088235294117647,True,2.7799978852272034e-05,known closed online block recurrence,0.0,0.0
deep2_n8_T128_s9401100,deep2,8,128,9401100,272,16,4352,global_svd,1e-08,4608,1.0588235294117647,16.941176470588236,True,0.00019259995315223932,snapshot only,1.2176354517677997e-15,1.1102230246251565e-15
deep2_n8_T128_s9401100,deep2,8,128,9401100,272,16,4352,pivoted_qr_repeated_basis,1e-08,4880,1.1213235294117647,17.941176470588236,True,9.93999419733882e-05,snapshot only,3.6009386851715266e-16,4.440892098500626e-16
deep2_n8_T128_s9401100,deep2,8,128,9401100,272,16,4352,supported_group_factors,1e-08,3336,0.7665441176470589,12.264705882352942,True,0.0017224999610334635,snapshot only,0.0,0.0
deep2_n8_T128_s9401100,deep2,8,128,9401100,272,16,4352,owner_block_factors,1e-08,3504,0.8051470588235294,12.882352941176471,True,0.003245500032790005,snapshot only,0.0,0.0
deep2_n8_T128_s9401100,deep2,8,128,9401100,272,16,4352,kronecker_shared_input_basis,1e-08,3336,0.7665441176470589,12.264705882352942,True,0.001778300036676228,snapshot only,0.0,0.0
deep2_n8_T128_s9401100,deep2,8,128,9401100,272,16,4352,immediate_support_exact_slice_plus_svd_residual,1e-08,6320,1.4522058823529411,23.235294117647058,True,0.00018770003225654364,snapshot only,3.9480350305194516e-16,4.996003610813204e-16
deep2_n8_T128_s9401100,deep2,8,128,9401100,272,16,4352,local_eligibility_plus_svd_residual,1e-08,6320,1.4522058823529411,23.235294117647058,True,0.00017310003750026226,snapshot only,4.518614940196128e-16,4.3021142204224816e-16
deep2_n8_T128_s9401100,deep2,8,128,9401100,272,16,4352,global_svd,1e-10,4608,1.0588235294117647,16.941176470588236,True,0.00015320000238716602,snapshot only,1.2176354517677997e-15,1.1102230246251565e-15
deep2_n8_T128_s9401100,deep2,8,128,9401100,272,16,4352,pivoted_qr_repeated_basis,1e-10,4880,1.1213235294117647,17.941176470588236,True,9.169999975711107e-05,snapshot only,3.6009386851715266e-16,4.440892098500626e-16
deep2_n8_T128_s9401100,deep2,8,128,9401100,272,16,4352,supported_group_factors,1e-10,3336,0.7665441176470589,12.264705882352942,True,0.0016882000491023064,snapshot only,0.0,0.0
deep2_n8_T128_s9401100,deep2,8,128,9401100,272,16,4352,owner_block_factors,1e-10,3504,0.8051470588235294,12.882352941176471,True,0.003093099920079112,snapshot only,0.0,0.0
deep2_n8_T128_s9401100,deep2,8,128,9401100,272,16,4352,kronecker_shared_input_basis,1e-10,3336,0.7665441176470589,12.264705882352942,True,0.0016534000169485807,snapshot only,0.0,0.0
deep2_n8_T128_s9401100,deep2,8,128,9401100,272,16,4352,immediate_support_exact_slice_plus_svd_residual,1e-10,6320,1.4522058823529411,23.235294117647058,True,0.00018609990365803242,snapshot only,3.9480350305194516e-16,4.996003610813204e-16
deep2_n8_T128_s9401100,deep2,8,128,9401100,272,16,4352,local_eligibility_plus_svd_residual,1e-10,6320,1.4522058823529411,23.235294117647058,True,0.00017110002227127552,snapshot only,4.518614940196128e-16,4.3021142204224816e-16
deep2_n8_T128_s9401100,deep2,8,128,9401100,272,16,4352,global_svd,1e-12,4608,1.0588235294117647,16.941176470588236,True,0.00015199999324977398,snapshot only,1.2176354517677997e-15,1.1102230246251565e-15
deep2_n8_T128_s9401100,deep2,8,128,9401100,272,16,4352,pivoted_qr_repeated_basis,1e-12,4880,1.1213235294117647,17.941176470588236,True,9.049999061971903e-05,snapshot only,3.6009386851715266e-16,4.440892098500626e-16
deep2_n8_T128_s9401100,deep2,8,128,9401100,272,16,4352,supported_group_factors,1e-12,3336,0.7665441176470589,12.264705882352942,True,0.0016760999569669366,snapshot only,0.0,0.0
deep2_n8_T128_s9401100,deep2,8,128,9401100,272,16,4352,owner_block_factors,1e-12,3504,0.8051470588235294,12.882352941176471,True,0.003434399957768619,snapshot only,0.0,0.0
deep2_n8_T128_s9401100,deep2,8,128,9401100,272,16,4352,kronecker_shared_input_basis,1e-12,3336,0.7665441176470589,12.264705882352942,True,0.0016258000396192074,snapshot only,0.0,0.0
deep2_n8_T128_s9401100,deep2,8,128,9401100,272,16,4352,immediate_support_exact_slice_plus_svd_residual,1e-12,6320,1.4522058823529411,23.235294117647058,True,0.0001802999759092927,snapshot only,3.9480350305194516e-16,4.996003610813204e-16
deep2_n8_T128_s9401100,deep2,8,128,9401100,272,16,4352,local_eligibility_plus_svd_residual,1e-12,6320,1.4522058823529411,23.235294117647058,True,0.00017120002303272486,snapshot only,4.518614940196128e-16,4.3021142204224816e-16
deep2_n8_T128_s9401101,deep2,8,128,9401101,272,16,4352,full_matrix,1e-08,4352,1.0,16.0,True,6.00004568696022e-07,online baseline,0.0,0.0
deep2_n8_T128_s9401101,deep2,8,128,9401101,272,16,4352,coordinate_sparse,1e-08,6528,1.5,24.0,True,2.010003663599491e-05,snapshot only,0.0,0.0
deep2_n8_T128_s9401101,deep2,8,128,9401101,272,16,4352,block_sparse_triangular,1e-08,3560,0.8180147058823529,13.088235294117647,True,4.539999645203352e-05,known closed online block recurrence,0.0,0.0
deep2_n8_T128_s9401101,deep2,8,128,9401101,272,16,4352,global_svd,1e-08,4608,1.0588235294117647,16.941176470588236,True,0.00019869999960064888,snapshot only,1.3230910708219828e-15,1.1657341758564144e-15
deep2_n8_T128_s9401101,deep2,8,128,9401101,272,16,4352,pivoted_qr_repeated_basis,1e-08,4880,1.1213235294117647,17.941176470588236,True,0.00010139995720237494,snapshot only,3.8362464813048994e-16,5.551115123125783e-16
deep2_n8_T128_s9401101,deep2,8,128,9401101,272,16,4352,supported_group_factors,1e-08,3336,0.7665441176470589,12.264705882352942,True,0.0016986000118777156,snapshot only,0.0,0.0
deep2_n8_T128_s9401101,deep2,8,128,9401101,272,16,4352,owner_block_factors,1e-08,3504,0.8051470588235294,12.882352941176471,True,0.004004800110124052,snapshot only,0.0,0.0
deep2_n8_T128_s9401101,deep2,8,128,9401101,272,16,4352,kronecker_shared_input_basis,1e-08,3336,0.7665441176470589,12.264705882352942,True,0.001692199963144958,snapshot only,0.0,0.0
deep2_n8_T128_s9401101,deep2,8,128,9401101,272,16,4352,immediate_support_exact_slice_plus_svd_residual,1e-08,6320,1.4522058823529411,23.235294117647058,True,0.0001965999836102128,snapshot only,2.9392069200170415e-16,2.498001805406602e-16
deep2_n8_T128_s9401101,deep2,8,128,9401101,272,16,4352,local_eligibility_plus_svd_residual,1e-08,6320,1.4522058823529411,23.235294117647058,True,0.00017199991270899773,snapshot only,6.798330482047137e-16,6.661338147750939e-16
deep2_n8_T128_s9401101,deep2,8,128,9401101,272,16,4352,global_svd,1e-10,4608,1.0588235294117647,16.941176470588236,True,0.00016980001237243414,snapshot only,1.3230910708219828e-15,1.1657341758564144e-15
deep2_n8_T128_s9401101,deep2,8,128,9401101,272,16,4352,pivoted_qr_repeated_basis,1e-10,4880,1.1213235294117647,17.941176470588236,True,9.449990466237068e-05,snapshot only,3.8362464813048994e-16,5.551115123125783e-16
deep2_n8_T128_s9401101,deep2,8,128,9401101,272,16,4352,supported_group_factors,1e-10,3336,0.7665441176470589,12.264705882352942,True,0.0017101999837905169,snapshot only,0.0,0.0
deep2_n8_T128_s9401101,deep2,8,128,9401101,272,16,4352,owner_block_factors,1e-10,3504,0.8051470588235294,12.882352941176471,True,0.0030848999740555882,snapshot only,0.0,0.0
deep2_n8_T128_s9401101,deep2,8,128,9401101,272,16,4352,kronecker_shared_input_basis,1e-10,3336,0.7665441176470589,12.264705882352942,True,0.0016119000501930714,snapshot only,0.0,0.0
deep2_n8_T128_s9401101,deep2,8,128,9401101,272,16,4352,immediate_support_exact_slice_plus_svd_residual,1e-10,6320,1.4522058823529411,23.235294117647058,True,0.00017470004968345165,snapshot only,2.9392069200170415e-16,2.498001805406602e-16
deep2_n8_T128_s9401101,deep2,8,128,9401101,272,16,4352,local_eligibility_plus_svd_residual,1e-10,6320,1.4522058823529411,23.235294117647058,True,0.00016719999257475138,snapshot only,6.798330482047137e-16,6.661338147750939e-16
deep2_n8_T128_s9401101,deep2,8,128,9401101,272,16,4352,global_svd,1e-12,4608,1.0588235294117647,16.941176470588236,True,0.00015460001304745674,snapshot only,1.3230910708219828e-15,1.1657341758564144e-15
deep2_n8_T128_s9401101,deep2,8,128,9401101,272,16,4352,pivoted_qr_repeated_basis,1e-12,4880,1.1213235294117647,17.941176470588236,True,8.480006363242865e-05,snapshot only,3.8362464813048994e-16,5.551115123125783e-16
deep2_n8_T128_s9401101,deep2,8,128,9401101,272,16,4352,supported_group_factors,1e-12,3336,0.7665441176470589,12.264705882352942,True,0.0018934999825432897,snapshot only,0.0,0.0
deep2_n8_T128_s9401101,deep2,8,128,9401101,272,16,4352,owner_block_factors,1e-12,3504,0.8051470588235294,12.882352941176471,True,0.003211700008250773,snapshot only,0.0,0.0
deep2_n8_T128_s9401101,deep2,8,128,9401101,272,16,4352,kronecker_shared_input_basis,1e-12,3336,0.7665441176470589,12.264705882352942,True,0.0020679000299423933,snapshot only,0.0,0.0
deep2_n8_T128_s9401101,deep2,8,128,9401101,272,16,4352,immediate_support_exact_slice_plus_svd_residual,1e-12,6320,1.4522058823529411,23.235294117647058,True,0.0001860000193119049,snapshot only,2.9392069200170415e-16,2.498001805406602e-16
deep2_n8_T128_s9401101,deep2,8,128,9401101,272,16,4352,local_eligibility_plus_svd_residual,1e-12,6320,1.4522058823529411,23.235294117647058,True,0.000175100052729249,snapshot only,6.798330482047137e-16,6.661338147750939e-16
deep2_n8_T128_s9401102,deep2,8,128,9401102,272,16,4352,full_matrix,1e-08,4352,1.0,16.0,True,6.00004568696022e-07,online baseline,0.0,0.0
deep2_n8_T128_s9401102,deep2,8,128,9401102,272,16,4352,coordinate_sparse,1e-08,6528,1.5,24.0,True,1.9400031305849552e-05,snapshot only,0.0,0.0
deep2_n8_T128_s9401102,deep2,8,128,9401102,272,16,4352,block_sparse_triangular,1e-08,3560,0.8180147058823529,13.088235294117647,True,2.8399983420968056e-05,known closed online block recurrence,0.0,0.0
deep2_n8_T128_s9401102,deep2,8,128,9401102,272,16,4352,global_svd,1e-08,4608,1.0588235294117647,16.941176470588236,True,0.0002584999892860651,snapshot only,2.105287580923813e-15,1.942890293094024e-15
deep2_n8_T128_s9401102,deep2,8,128,9401102,272,16,4352,pivoted_qr_repeated_basis,1e-08,4880,1.1213235294117647,17.941176470588236,True,0.0001078000059351325,snapshot only,3.151146134686714e-16,3.6316990407179284e-16
deep2_n8_T128_s9401102,deep2,8,128,9401102,272,16,4352,supported_group_factors,1e-08,3336,0.7665441176470589,12.264705882352942,True,0.0017333000432699919,snapshot only,0.0,0.0
deep2_n8_T128_s9401102,deep2,8,128,9401102,272,16,4352,owner_block_factors,1e-08,3504,0.8051470588235294,12.882352941176471,True,0.003306900034658611,snapshot only,0.0,0.0
deep2_n8_T128_s9401102,deep2,8,128,9401102,272,16,4352,kronecker_shared_input_basis,1e-08,3336,0.7665441176470589,12.264705882352942,True,0.0016475000884383917,snapshot only,0.0,0.0
deep2_n8_T128_s9401102,deep2,8,128,9401102,272,16,4352,immediate_support_exact_slice_plus_svd_residual,1e-08,6320,1.4522058823529411,23.235294117647058,True,0.0001849000109359622,snapshot only,4.8279953336851235e-16,5.551115123125783e-16
deep2_n8_T128_s9401102,deep2,8,128,9401102,272,16,4352,local_eligibility_plus_svd_residual,1e-08,6320,1.4522058823529411,23.235294117647058,True,0.0001935999607667327,snapshot only,5.432570131575656e-16,4.440892098500626e-16
deep2_n8_T128_s9401102,deep2,8,128,9401102,272,16,4352,global_svd,1e-10,4608,1.0588235294117647,16.941176470588236,True,0.00015750003512948751,snapshot only,2.105287580923813e-15,1.942890293094024e-15
deep2_n8_T128_s9401102,deep2,8,128,9401102,272,16,4352,pivoted_qr_repeated_basis,1e-10,4880,1.1213235294117647,17.941176470588236,True,9.119999594986439e-05,snapshot only,3.151146134686714e-16,3.6316990407179284e-16
deep2_n8_T128_s9401102,deep2,8,128,9401102,272,16,4352,supported_group_factors,1e-10,3336,0.7665441176470589,12.264705882352942,True,0.0018003999721258879,snapshot only,0.0,0.0
deep2_n8_T128_s9401102,deep2,8,128,9401102,272,16,4352,owner_block_factors,1e-10,3504,0.8051470588235294,12.882352941176471,True,0.00310700002592057,snapshot only,0.0,0.0
deep2_n8_T128_s9401102,deep2,8,128,9401102,272,16,4352,kronecker_shared_input_basis,1e-10,3336,0.7665441176470589,12.264705882352942,True,0.0020182000007480383,snapshot only,0.0,0.0
deep2_n8_T128_s9401102,deep2,8,128,9401102,272,16,4352,immediate_support_exact_slice_plus_svd_residual,1e-10,6320,1.4522058823529411,23.235294117647058,True,0.00017559994012117386,snapshot only,4.8279953336851235e-16,5.551115123125783e-16
deep2_n8_T128_s9401102,deep2,8,128,9401102,272,16,4352,local_eligibility_plus_svd_residual,1e-10,6320,1.4522058823529411,23.235294117647058,True,0.00017310003750026226,snapshot only,5.432570131575656e-16,4.440892098500626e-16
deep2_n8_T128_s9401102,deep2,8,128,9401102,272,16,4352,global_svd,1e-12,4608,1.0588235294117647,16.941176470588236,True,0.00015009997878223658,snapshot only,2.105287580923813e-15,1.942890293094024e-15
deep2_n8_T128_s9401102,deep2,8,128,9401102,272,16,4352,pivoted_qr_repeated_basis,1e-12,4880,1.1213235294117647,17.941176470588236,True,8.679996244609356e-05,snapshot only,3.151146134686714e-16,3.6316990407179284e-16
deep2_n8_T128_s9401102,deep2,8,128,9401102,272,16,4352,supported_group_factors,1e-12,3336,0.7665441176470589,12.264705882352942,True,0.001624800032004714,snapshot only,0.0,0.0
deep2_n8_T128_s9401102,deep2,8,128,9401102,272,16,4352,owner_block_factors,1e-12,3504,0.8051470588235294,12.882352941176471,True,0.0031911999685689807,snapshot only,0.0,0.0
deep2_n8_T128_s9401102,deep2,8,128,9401102,272,16,4352,kronecker_shared_input_basis,1e-12,3336,0.7665441176470589,12.264705882352942,True,0.0016443999484181404,snapshot only,0.0,0.0
deep2_n8_T128_s9401102,deep2,8,128,9401102,272,16,4352,immediate_support_exact_slice_plus_svd_residual,1e-12,6320,1.4522058823529411,23.235294117647058,True,0.00020150002092123032,snapshot only,4.8279953336851235e-16,5.551115123125783e-16
deep2_n8_T128_s9401102,deep2,8,128,9401102,272,16,4352,local_eligibility_plus_svd_residual,1e-12,6320,1.4522058823529411,23.235294117647058,True,0.00020859995856881142,snapshot only,5.432570131575656e-16,4.440892098500626e-16
deep2_n8_T128_s9401103,deep2,8,128,9401103,272,16,4352,full_matrix,1e-08,4352,1.0,16.0,True,6.00004568696022e-07,online baseline,0.0,0.0
deep2_n8_T128_s9401103,deep2,8,128,9401103,272,16,4352,coordinate_sparse,1e-08,6528,1.5,24.0,True,2.589996438473463e-05,snapshot only,0.0,0.0
deep2_n8_T128_s9401103,deep2,8,128,9401103,272,16,4352,block_sparse_triangular,1e-08,3560,0.8180147058823529,13.088235294117647,True,2.7799978852272034e-05,known closed online block recurrence,0.0,0.0
deep2_n8_T128_s9401103,deep2,8,128,9401103,272,16,4352,global_svd,1e-08,4608,1.0588235294117647,16.941176470588236,True,0.00018590001855045557,snapshot only,1.9777573375774998e-15,2.4153804976058515e-15
deep2_n8_T128_s9401103,deep2,8,128,9401103,272,16,4352,pivoted_qr_repeated_basis,1e-08,4880,1.1213235294117647,17.941176470588236,True,0.00011180003639310598,snapshot only,4.21619685394496e-16,3.5388358909926865e-16
deep2_n8_T128_s9401103,deep2,8,128,9401103,272,16,4352,supported_group_factors,1e-08,3336,0.7665441176470589,12.264705882352942,True,0.001706099952571094,snapshot only,0.0,0.0
deep2_n8_T128_s9401103,deep2,8,128,9401103,272,16,4352,owner_block_factors,1e-08,3504,0.8051470588235294,12.882352941176471,True,0.0032153999200090766,snapshot only,0.0,0.0
deep2_n8_T128_s9401103,deep2,8,128,9401103,272,16,4352,kronecker_shared_input_basis,1e-08,3336,0.7665441176470589,12.264705882352942,True,0.0016377000138163567,snapshot only,0.0,0.0
deep2_n8_T128_s9401103,deep2,8,128,9401103,272,16,4352,immediate_support_exact_slice_plus_svd_residual,1e-08,6320,1.4522058823529411,23.235294117647058,True,0.00018069997895509005,snapshot only,4.349762035754869e-16,4.579669976578771e-16
deep2_n8_T128_s9401103,deep2,8,128,9401103,272,16,4352,local_eligibility_plus_svd_residual,1e-08,6320,1.4522058823529411,23.235294117647058,True,0.00016950001008808613,snapshot only,8.139216051022554e-16,7.632783294297951e-16
deep2_n8_T128_s9401103,deep2,8,128,9401103,272,16,4352,global_svd,1e-10,4608,1.0588235294117647,16.941176470588236,True,0.0001509999856352806,snapshot only,1.9777573375774998e-15,2.4153804976058515e-15
deep2_n8_T128_s9401103,deep2,8,128,9401103,272,16,4352,pivoted_qr_repeated_basis,1e-10,4880,1.1213235294117647,17.941176470588236,True,8.659996092319489e-05,snapshot only,4.21619685394496e-16,3.5388358909926865e-16
deep2_n8_T128_s9401103,deep2,8,128,9401103,272,16,4352,supported_group_factors,1e-10,3336,0.7665441176470589,12.264705882352942,True,0.0016683000139892101,snapshot only,0.0,0.0
deep2_n8_T128_s9401103,deep2,8,128,9401103,272,16,4352,owner_block_factors,1e-10,3504,0.8051470588235294,12.882352941176471,True,0.003083599964156747,snapshot only,0.0,0.0
deep2_n8_T128_s9401103,deep2,8,128,9401103,272,16,4352,kronecker_shared_input_basis,1e-10,3336,0.7665441176470589,12.264705882352942,True,0.0016077000182121992,snapshot only,0.0,0.0
deep2_n8_T128_s9401103,deep2,8,128,9401103,272,16,4352,immediate_support_exact_slice_plus_svd_residual,1e-10,6320,1.4522058823529411,23.235294117647058,True,0.00018470000941306353,snapshot only,4.349762035754869e-16,4.579669976578771e-16
deep2_n8_T128_s9401103,deep2,8,128,9401103,272,16,4352,local_eligibility_plus_svd_residual,1e-10,6320,1.4522058823529411,23.235294117647058,True,0.00016960001084953547,snapshot only,8.139216051022554e-16,7.632783294297951e-16
deep2_n8_T128_s9401103,deep2,8,128,9401103,272,16,4352,global_svd,1e-12,4608,1.0588235294117647,16.941176470588236,True,0.00038629991468042135,snapshot only,1.9777573375774998e-15,2.4153804976058515e-15
deep2_n8_T128_s9401103,deep2,8,128,9401103,272,16,4352,pivoted_qr_repeated_basis,1e-12,4880,1.1213235294117647,17.941176470588236,True,9.34000127017498e-05,snapshot only,4.21619685394496e-16,3.5388358909926865e-16
deep2_n8_T128_s9401103,deep2,8,128,9401103,272,16,4352,supported_group_factors,1e-12,3336,0.7665441176470589,12.264705882352942,True,0.0019583998946473002,snapshot only,0.0,0.0
deep2_n8_T128_s9401103,deep2,8,128,9401103,272,16,4352,owner_block_factors,1e-12,3504,0.8051470588235294,12.882352941176471,True,0.003244000021368265,snapshot only,0.0,0.0
deep2_n8_T128_s9401103,deep2,8,128,9401103,272,16,4352,kronecker_shared_input_basis,1e-12,3336,0.7665441176470589,12.264705882352942,True,0.00163720001000911,snapshot only,0.0,0.0
deep2_n8_T128_s9401103,deep2,8,128,9401103,272,16,4352,immediate_support_exact_slice_plus_svd_residual,1e-12,6320,1.4522058823529411,23.235294117647058,True,0.00018400000408291817,snapshot only,4.349762035754869e-16,4.579669976578771e-16
deep2_n8_T128_s9401103,deep2,8,128,9401103,272,16,4352,local_eligibility_plus_svd_residual,1e-12,6320,1.4522058823529411,23.235294117647058,True,0.0002058000536635518,snapshot only,8.139216051022554e-16,7.632783294297951e-16
deep2_n8_T128_s9401104,deep2,8,128,9401104,272,16,4352,full_matrix,1e-08,4352,1.0,16.0,True,7.00005330145359e-07,online baseline,0.0,0.0
deep2_n8_T128_s9401104,deep2,8,128,9401104,272,16,4352,coordinate_sparse,1e-08,6528,1.5,24.0,True,2.0900042727589607e-05,snapshot only,0.0,0.0
deep2_n8_T128_s9401104,deep2,8,128,9401104,272,16,4352,block_sparse_triangular,1e-08,3560,0.8180147058823529,13.088235294117647,True,2.8699985705316067e-05,known closed online block recurrence,0.0,0.0
deep2_n8_T128_s9401104,deep2,8,128,9401104,272,16,4352,global_svd,1e-08,4608,1.0588235294117647,16.941176470588236,True,0.00019449996761977673,snapshot only,1.1501382052120585e-15,9.71445146547012e-16
deep2_n8_T128_s9401104,deep2,8,128,9401104,272,16,4352,pivoted_qr_repeated_basis,1e-08,4880,1.1213235294117647,17.941176470588236,True,0.0001020999625325203,snapshot only,3.6987715816331214e-16,3.469446951953614e-16
deep2_n8_T128_s9401104,deep2,8,128,9401104,272,16,4352,supported_group_factors,1e-08,3336,0.7665441176470589,12.264705882352942,True,0.0018894999520853162,snapshot only,0.0,0.0
deep2_n8_T128_s9401104,deep2,8,128,9401104,272,16,4352,owner_block_factors,1e-08,3504,0.8051470588235294,12.882352941176471,True,0.00309220002964139,snapshot only,0.0,0.0
deep2_n8_T128_s9401104,deep2,8,128,9401104,272,16,4352,kronecker_shared_input_basis,1e-08,3336,0.7665441176470589,12.264705882352942,True,0.00199590006377548,snapshot only,0.0,0.0
deep2_n8_T128_s9401104,deep2,8,128,9401104,272,16,4352,immediate_support_exact_slice_plus_svd_residual,1e-08,6320,1.4522058823529411,23.235294117647058,True,0.00019950000569224358,snapshot only,1.1027240723311589e-15,2.3245294578089215e-15
deep2_n8_T128_s9401104,deep2,8,128,9401104,272,16,4352,local_eligibility_plus_svd_residual,1e-08,6320,1.4522058823529411,23.235294117647058,True,0.0002101999707520008,snapshot only,1.072931078605791e-15,1.9298536688080853e-15
deep2_n8_T128_s9401104,deep2,8,128,9401104,272,16,4352,global_svd,1e-10,4608,1.0588235294117647,16.941176470588236,True,0.00016050005797296762,snapshot only,1.1501382052120585e-15,9.71445146547012e-16
deep2_n8_T128_s9401104,deep2,8,128,9401104,272,16,4352,pivoted_qr_repeated_basis,1e-10,4880,1.1213235294117647,17.941176470588236,True,8.890009485185146e-05,snapshot only,3.6987715816331214e-16,3.469446951953614e-16
deep2_n8_T128_s9401104,deep2,8,128,9401104,272,16,4352,supported_group_factors,1e-10,3336,0.7665441176470589,12.264705882352942,True,0.0016886000521481037,snapshot only,0.0,0.0
deep2_n8_T128_s9401104,deep2,8,128,9401104,272,16,4352,owner_block_factors,1e-10,3504,0.8051470588235294,12.882352941176471,True,0.003089300007559359,snapshot only,0.0,0.0
deep2_n8_T128_s9401104,deep2,8,128,9401104,272,16,4352,kronecker_shared_input_basis,1e-10,3336,0.7665441176470589,12.264705882352942,True,0.0016601000679656863,snapshot only,0.0,0.0
deep2_n8_T128_s9401104,deep2,8,128,9401104,272,16,4352,immediate_support_exact_slice_plus_svd_residual,1e-10,6320,1.4522058823529411,23.235294117647058,True,0.00018199998885393143,snapshot only,1.1027240723311589e-15,2.3245294578089215e-15
deep2_n8_T128_s9401104,deep2,8,128,9401104,272,16,4352,local_eligibility_plus_svd_residual,1e-10,6320,1.4522058823529411,23.235294117647058,True,0.0001805000938475132,snapshot only,1.072931078605791e-15,1.9298536688080853e-15
deep2_n8_T128_s9401104,deep2,8,128,9401104,272,16,4352,global_svd,1e-12,4608,1.0588235294117647,16.941176470588236,True,0.00016329996287822723,snapshot only,1.1501382052120585e-15,9.71445146547012e-16
deep2_n8_T128_s9401104,deep2,8,128,9401104,272,16,4352,pivoted_qr_repeated_basis,1e-12,4880,1.1213235294117647,17.941176470588236,True,9.200000204145908e-05,snapshot only,3.6987715816331214e-16,3.469446951953614e-16
deep2_n8_T128_s9401104,deep2,8,128,9401104,272,16,4352,supported_group_factors,1e-12,3336,0.7665441176470589,12.264705882352942,True,0.001731499913148582,snapshot only,0.0,0.0
deep2_n8_T128_s9401104,deep2,8,128,9401104,272,16,4352,owner_block_factors,1e-12,3504,0.8051470588235294,12.882352941176471,True,0.003551200032234192,snapshot only,0.0,0.0
deep2_n8_T128_s9401104,deep2,8,128,9401104,272,16,4352,kronecker_shared_input_basis,1e-12,3336,0.7665441176470589,12.264705882352942,True,0.001842399942688644,snapshot only,0.0,0.0
deep2_n8_T128_s9401104,deep2,8,128,9401104,272,16,4352,immediate_support_exact_slice_plus_svd_residual,1e-12,6320,1.4522058823529411,23.235294117647058,True,0.00020160002168267965,snapshot only,1.1027240723311589e-15,2.3245294578089215e-15
deep2_n8_T128_s9401104,deep2,8,128,9401104,272,16,4352,local_eligibility_plus_svd_residual,1e-12,6320,1.4522058823529411,23.235294117647058,True,0.00023520004469901323,snapshot only,1.072931078605791e-15,1.9298536688080853e-15
deep2_n16_T32_s9401100,deep2,16,32,9401100,1056,32,33792,full_matrix,1e-08,33792,1.0,32.0,True,7.00005330145359e-07,online baseline,0.0,0.0
deep2_n16_T32_s9401100,deep2,16,32,9401100,1056,32,33792,coordinate_sparse,1e-08,50688,1.5,48.0,True,6.180000491440296e-05,snapshot only,0.0,0.0
deep2_n16_T32_s9401100,deep2,16,32,9401100,1056,32,33792,block_sparse_triangular,1e-08,26448,0.7826704545454546,25.045454545454547,True,8.410005830228329e-05,known closed online block recurrence,0.0,0.0
deep2_n16_T32_s9401100,deep2,16,32,9401100,1056,32,33792,global_svd,1e-08,34816,1.0303030303030303,32.96969696969697,True,0.0006756999064236879,snapshot only,2.091539798864044e-15,1.7763568394002505e-15
deep2_n16_T32_s9401100,deep2,16,32,9401100,1056,32,33792,pivoted_qr_repeated_basis,1e-08,35872,1.0615530303030303,33.96969696969697,True,0.0038256000261753798,snapshot only,4.500443188922975e-16,6.661338147750939e-16
deep2_n16_T32_s9401100,deep2,16,32,9401100,1056,32,33792,supported_group_factors,1e-08,25488,0.7542613636363636,24.136363636363637,True,0.0058608000399544835,snapshot only,0.0,0.0
deep2_n16_T32_s9401100,deep2,16,32,9401100,1056,32,33792,owner_block_factors,1e-08,26208,0.7755681818181818,24.818181818181817,True,0.012990399962291121,snapshot only,0.0,0.0
deep2_n16_T32_s9401100,deep2,16,32,9401100,1056,32,33792,kronecker_shared_input_basis,1e-08,25488,0.7542613636363636,24.136363636363637,True,0.007052100030705333,snapshot only,0.0,0.0
deep2_n16_T32_s9401100,deep2,16,32,9401100,1056,32,33792,immediate_support_exact_slice_plus_svd_residual,1e-08,45664,1.3513257575757576,43.24242424242424,True,0.0009663000237196684,snapshot only,5.240659335822142e-16,4.996003610813204e-16
deep2_n16_T32_s9401100,deep2,16,32,9401100,1056,32,33792,local_eligibility_plus_svd_residual,1e-08,45664,1.3513257575757576,43.24242424242424,True,0.0007925999816507101,snapshot only,7.01085499112807e-16,4.440892098500626e-16
deep2_n16_T32_s9401100,deep2,16,32,9401100,1056,32,33792,global_svd,1e-10,34816,1.0303030303030303,32.96969696969697,True,0.0006559999892488122,snapshot only,2.091539798864044e-15,1.7763568394002505e-15
deep2_n16_T32_s9401100,deep2,16,32,9401100,1056,32,33792,pivoted_qr_repeated_basis,1e-10,35872,1.0615530303030303,33.96969696969697,True,0.004998000105842948,snapshot only,4.500443188922975e-16,6.661338147750939e-16
deep2_n16_T32_s9401100,deep2,16,32,9401100,1056,32,33792,supported_group_factors,1e-10,25488,0.7542613636363636,24.136363636363637,True,0.0073026999598369,snapshot only,0.0,0.0
deep2_n16_T32_s9401100,deep2,16,32,9401100,1056,32,33792,owner_block_factors,1e-10,26208,0.7755681818181818,24.818181818181817,True,0.010666999965906143,snapshot only,0.0,0.0
deep2_n16_T32_s9401100,deep2,16,32,9401100,1056,32,33792,kronecker_shared_input_basis,1e-10,25488,0.7542613636363636,24.136363636363637,True,0.005716099985875189,snapshot only,0.0,0.0
deep2_n16_T32_s9401100,deep2,16,32,9401100,1056,32,33792,immediate_support_exact_slice_plus_svd_residual,1e-10,45664,1.3513257575757576,43.24242424242424,True,0.000759200076572597,snapshot only,5.240659335822142e-16,4.996003610813204e-16
deep2_n16_T32_s9401100,deep2,16,32,9401100,1056,32,33792,local_eligibility_plus_svd_residual,1e-10,45664,1.3513257575757576,43.24242424242424,True,0.0007363000186160207,snapshot only,7.01085499112807e-16,4.440892098500626e-16
deep2_n16_T32_s9401100,deep2,16,32,9401100,1056,32,33792,global_svd,1e-12,34816,1.0303030303030303,32.96969696969697,True,0.0005818000063300133,snapshot only,2.091539798864044e-15,1.7763568394002505e-15
deep2_n16_T32_s9401100,deep2,16,32,9401100,1056,32,33792,pivoted_qr_repeated_basis,1e-12,35872,1.0615530303030303,33.96969696969697,True,0.004010900040157139,snapshot only,4.500443188922975e-16,6.661338147750939e-16
deep2_n16_T32_s9401100,deep2,16,32,9401100,1056,32,33792,supported_group_factors,1e-12,25488,0.7542613636363636,24.136363636363637,True,0.005899999989196658,snapshot only,0.0,0.0
deep2_n16_T32_s9401100,deep2,16,32,9401100,1056,32,33792,owner_block_factors,1e-12,26208,0.7755681818181818,24.818181818181817,True,0.010756699950434268,snapshot only,0.0,0.0
deep2_n16_T32_s9401100,deep2,16,32,9401100,1056,32,33792,kronecker_shared_input_basis,1e-12,25488,0.7542613636363636,24.136363636363637,True,0.0062360999872908,snapshot only,0.0,0.0
deep2_n16_T32_s9401100,deep2,16,32,9401100,1056,32,33792,immediate_support_exact_slice_plus_svd_residual,1e-12,45664,1.3513257575757576,43.24242424242424,True,0.0007429999532178044,snapshot only,5.240659335822142e-16,4.996003610813204e-16
deep2_n16_T32_s9401100,deep2,16,32,9401100,1056,32,33792,local_eligibility_plus_svd_residual,1e-12,45664,1.3513257575757576,43.24242424242424,True,0.0006994999712333083,snapshot only,7.01085499112807e-16,4.440892098500626e-16
deep2_n16_T32_s9401101,deep2,16,32,9401101,1056,32,33792,full_matrix,1e-08,33792,1.0,32.0,True,7.00005330145359e-07,online baseline,0.0,0.0
deep2_n16_T32_s9401101,deep2,16,32,9401101,1056,32,33792,coordinate_sparse,1e-08,50688,1.5,48.0,True,6.280001252889633e-05,snapshot only,0.0,0.0
deep2_n16_T32_s9401101,deep2,16,32,9401101,1056,32,33792,block_sparse_triangular,1e-08,26448,0.7826704545454546,25.045454545454547,True,8.869997691363096e-05,known closed online block recurrence,0.0,0.0
deep2_n16_T32_s9401101,deep2,16,32,9401101,1056,32,33792,global_svd,1e-08,34816,1.0303030303030303,32.96969696969697,True,0.0008628000505268574,snapshot only,1.4675927205591807e-15,1.2212453270876722e-15
deep2_n16_T32_s9401101,deep2,16,32,9401101,1056,32,33792,pivoted_qr_repeated_basis,1e-08,35872,1.0615530303030303,33.96969696969697,True,0.004753899993374944,snapshot only,5.145102419205832e-16,7.771561172376096e-16
deep2_n16_T32_s9401101,deep2,16,32,9401101,1056,32,33792,supported_group_factors,1e-08,25488,0.7542613636363636,24.136363636363637,True,0.006423299899324775,snapshot only,0.0,0.0
deep2_n16_T32_s9401101,deep2,16,32,9401101,1056,32,33792,owner_block_factors,1e-08,26208,0.7755681818181818,24.818181818181817,True,0.01086889998987317,snapshot only,0.0,0.0
deep2_n16_T32_s9401101,deep2,16,32,9401101,1056,32,33792,kronecker_shared_input_basis,1e-08,25488,0.7542613636363636,24.136363636363637,True,0.006552000064402819,snapshot only,0.0,0.0
deep2_n16_T32_s9401101,deep2,16,32,9401101,1056,32,33792,immediate_support_exact_slice_plus_svd_residual,1e-08,45664,1.3513257575757576,43.24242424242424,True,0.0007681000279262662,snapshot only,5.790664889975861e-16,5.828670879282072e-16
deep2_n16_T32_s9401101,deep2,16,32,9401101,1056,32,33792,local_eligibility_plus_svd_residual,1e-08,45664,1.3513257575757576,43.24242424242424,True,0.0007700000423938036,snapshot only,6.431204688819867e-16,6.661338147750939e-16
deep2_n16_T32_s9401101,deep2,16,32,9401101,1056,32,33792,global_svd,1e-10,34816,1.0303030303030303,32.96969696969697,True,0.0005857000360265374,snapshot only,1.4675927205591807e-15,1.2212453270876722e-15
deep2_n16_T32_s9401101,deep2,16,32,9401101,1056,32,33792,pivoted_qr_repeated_basis,1e-10,35872,1.0615530303030303,33.96969696969697,True,0.005034300033003092,snapshot only,5.145102419205832e-16,7.771561172376096e-16
deep2_n16_T32_s9401101,deep2,16,32,9401101,1056,32,33792,supported_group_factors,1e-10,25488,0.7542613636363636,24.136363636363637,True,0.006716600037179887,snapshot only,0.0,0.0
deep2_n16_T32_s9401101,deep2,16,32,9401101,1056,32,33792,owner_block_factors,1e-10,26208,0.7755681818181818,24.818181818181817,True,0.011264799977652729,snapshot only,0.0,0.0
deep2_n16_T32_s9401101,deep2,16,32,9401101,1056,32,33792,kronecker_shared_input_basis,1e-10,25488,0.7542613636363636,24.136363636363637,True,0.0075804999796673656,snapshot only,0.0,0.0
deep2_n16_T32_s9401101,deep2,16,32,9401101,1056,32,33792,immediate_support_exact_slice_plus_svd_residual,1e-10,45664,1.3513257575757576,43.24242424242424,True,0.0010797999566420913,snapshot only,5.790664889975861e-16,5.828670879282072e-16
deep2_n16_T32_s9401101,deep2,16,32,9401101,1056,32,33792,local_eligibility_plus_svd_residual,1e-10,45664,1.3513257575757576,43.24242424242424,True,0.000701199984177947,snapshot only,6.431204688819867e-16,6.661338147750939e-16
deep2_n16_T32_s9401101,deep2,16,32,9401101,1056,32,33792,global_svd,1e-12,34816,1.0303030303030303,32.96969696969697,True,0.0006169000407680869,snapshot only,1.4675927205591807e-15,1.2212453270876722e-15
deep2_n16_T32_s9401101,deep2,16,32,9401101,1056,32,33792,pivoted_qr_repeated_basis,1e-12,35872,1.0615530303030303,33.96969696969697,True,0.005207100068219006,snapshot only,5.145102419205832e-16,7.771561172376096e-16
deep2_n16_T32_s9401101,deep2,16,32,9401101,1056,32,33792,supported_group_factors,1e-12,25488,0.7542613636363636,24.136363636363637,True,0.006549399928189814,snapshot only,0.0,0.0
deep2_n16_T32_s9401101,deep2,16,32,9401101,1056,32,33792,owner_block_factors,1e-12,26208,0.7755681818181818,24.818181818181817,True,0.011889900080859661,snapshot only,0.0,0.0
deep2_n16_T32_s9401101,deep2,16,32,9401101,1056,32,33792,kronecker_shared_input_basis,1e-12,25488,0.7542613636363636,24.136363636363637,True,0.006177400005981326,snapshot only,0.0,0.0
deep2_n16_T32_s9401101,deep2,16,32,9401101,1056,32,33792,immediate_support_exact_slice_plus_svd_residual,1e-12,45664,1.3513257575757576,43.24242424242424,True,0.000749099999666214,snapshot only,5.790664889975861e-16,5.828670879282072e-16
deep2_n16_T32_s9401101,deep2,16,32,9401101,1056,32,33792,local_eligibility_plus_svd_residual,1e-12,45664,1.3513257575757576,43.24242424242424,True,0.0007730000652372837,snapshot only,6.431204688819867e-16,6.661338147750939e-16
deep2_n16_T32_s9401102,deep2,16,32,9401102,1056,32,33792,full_matrix,1e-08,33792,1.0,32.0,True,7.00005330145359e-07,online baseline,0.0,0.0
deep2_n16_T32_s9401102,deep2,16,32,9401102,1056,32,33792,coordinate_sparse,1e-08,50688,1.5,48.0,True,5.959998816251755e-05,snapshot only,0.0,0.0
deep2_n16_T32_s9401102,deep2,16,32,9401102,1056,32,33792,block_sparse_triangular,1e-08,26448,0.7826704545454546,25.045454545454547,True,0.00024860003031790257,known closed online block recurrence,0.0,0.0
deep2_n16_T32_s9401102,deep2,16,32,9401102,1056,32,33792,global_svd,1e-08,34816,1.0303030303030303,32.96969696969697,True,0.0006355000659823418,snapshot only,2.148669748381425e-15,1.6653345369377348e-15
deep2_n16_T32_s9401102,deep2,16,32,9401102,1056,32,33792,pivoted_qr_repeated_basis,1e-08,35872,1.0615530303030303,33.96969696969697,True,0.007713200058788061,snapshot only,5.974572308068679e-16,6.661338147750939e-16
deep2_n16_T32_s9401102,deep2,16,32,9401102,1056,32,33792,supported_group_factors,1e-08,25488,0.7542613636363636,24.136363636363637,True,0.006930500036105514,snapshot only,0.0,0.0
deep2_n16_T32_s9401102,deep2,16,32,9401102,1056,32,33792,owner_block_factors,1e-08,26208,0.7755681818181818,24.818181818181817,True,0.013095200061798096,snapshot only,0.0,0.0
deep2_n16_T32_s9401102,deep2,16,32,9401102,1056,32,33792,kronecker_shared_input_basis,1e-08,25488,0.7542613636363636,24.136363636363637,True,0.005592399975284934,snapshot only,0.0,0.0
deep2_n16_T32_s9401102,deep2,16,32,9401102,1056,32,33792,immediate_support_exact_slice_plus_svd_residual,1e-08,45664,1.3513257575757576,43.24242424242424,True,0.0006738000083714724,snapshot only,4.837860854542299e-16,4.440892098500626e-16
deep2_n16_T32_s9401102,deep2,16,32,9401102,1056,32,33792,local_eligibility_plus_svd_residual,1e-08,45664,1.3513257575757576,43.24242424242424,True,0.0006322999252006412,snapshot only,6.707262592417444e-16,5.551115123125783e-16
deep2_n16_T32_s9401102,deep2,16,32,9401102,1056,32,33792,global_svd,1e-10,34816,1.0303030303030303,32.96969696969697,True,0.0005683000199496746,snapshot only,2.148669748381425e-15,1.6653345369377348e-15
deep2_n16_T32_s9401102,deep2,16,32,9401102,1056,32,33792,pivoted_qr_repeated_basis,1e-10,35872,1.0615530303030303,33.96969696969697,True,0.004725000006146729,snapshot only,5.974572308068679e-16,6.661338147750939e-16
deep2_n16_T32_s9401102,deep2,16,32,9401102,1056,32,33792,supported_group_factors,1e-10,25488,0.7542613636363636,24.136363636363637,True,0.00590119999833405,snapshot only,0.0,0.0
deep2_n16_T32_s9401102,deep2,16,32,9401102,1056,32,33792,owner_block_factors,1e-10,26208,0.7755681818181818,24.818181818181817,True,0.011153300059959292,snapshot only,0.0,0.0
deep2_n16_T32_s9401102,deep2,16,32,9401102,1056,32,33792,kronecker_shared_input_basis,1e-10,25488,0.7542613636363636,24.136363636363637,True,0.0055538000306114554,snapshot only,0.0,0.0
deep2_n16_T32_s9401102,deep2,16,32,9401102,1056,32,33792,immediate_support_exact_slice_plus_svd_residual,1e-10,45664,1.3513257575757576,43.24242424242424,True,0.0006531999679282308,snapshot only,4.837860854542299e-16,4.440892098500626e-16
deep2_n16_T32_s9401102,deep2,16,32,9401102,1056,32,33792,local_eligibility_plus_svd_residual,1e-10,45664,1.3513257575757576,43.24242424242424,True,0.0006167999235913157,snapshot only,6.707262592417444e-16,5.551115123125783e-16
deep2_n16_T32_s9401102,deep2,16,32,9401102,1056,32,33792,global_svd,1e-12,34816,1.0303030303030303,32.96969696969697,True,0.000813300022855401,snapshot only,2.148669748381425e-15,1.6653345369377348e-15
deep2_n16_T32_s9401102,deep2,16,32,9401102,1056,32,33792,pivoted_qr_repeated_basis,1e-12,35872,1.0615530303030303,33.96969696969697,True,0.005106999888084829,snapshot only,5.974572308068679e-16,6.661338147750939e-16
deep2_n16_T32_s9401102,deep2,16,32,9401102,1056,32,33792,supported_group_factors,1e-12,25488,0.7542613636363636,24.136363636363637,True,0.005877099931240082,snapshot only,0.0,0.0
deep2_n16_T32_s9401102,deep2,16,32,9401102,1056,32,33792,owner_block_factors,1e-12,26208,0.7755681818181818,24.818181818181817,True,0.010531200096011162,snapshot only,0.0,0.0
deep2_n16_T32_s9401102,deep2,16,32,9401102,1056,32,33792,kronecker_shared_input_basis,1e-12,25488,0.7542613636363636,24.136363636363637,True,0.00552500004414469,snapshot only,0.0,0.0
deep2_n16_T32_s9401102,deep2,16,32,9401102,1056,32,33792,immediate_support_exact_slice_plus_svd_residual,1e-12,45664,1.3513257575757576,43.24242424242424,True,0.0007575999479740858,snapshot only,4.837860854542299e-16,4.440892098500626e-16
deep2_n16_T32_s9401102,deep2,16,32,9401102,1056,32,33792,local_eligibility_plus_svd_residual,1e-12,45664,1.3513257575757576,43.24242424242424,True,0.0009637000039219856,snapshot only,6.707262592417444e-16,5.551115123125783e-16
deep2_n16_T32_s9401103,deep2,16,32,9401103,1056,32,33792,full_matrix,1e-08,33792,1.0,32.0,True,7.00005330145359e-07,online baseline,0.0,0.0
deep2_n16_T32_s9401103,deep2,16,32,9401103,1056,32,33792,coordinate_sparse,1e-08,50688,1.5,48.0,True,7.680000271648169e-05,snapshot only,0.0,0.0
deep2_n16_T32_s9401103,deep2,16,32,9401103,1056,32,33792,block_sparse_triangular,1e-08,26448,0.7826704545454546,25.045454545454547,True,0.00010830000974237919,known closed online block recurrence,0.0,0.0
deep2_n16_T32_s9401103,deep2,16,32,9401103,1056,32,33792,global_svd,1e-08,34816,1.0303030303030303,32.96969696969697,True,0.0007232000352814794,snapshot only,1.6316763490344897e-15,1.6653345369377348e-15
deep2_n16_T32_s9401103,deep2,16,32,9401103,1056,32,33792,pivoted_qr_repeated_basis,1e-08,35872,1.0615530303030303,33.96969696969697,True,0.004354999982751906,snapshot only,5.630732990414779e-16,8.881784197001252e-16
deep2_n16_T32_s9401103,deep2,16,32,9401103,1056,32,33792,supported_group_factors,1e-08,25488,0.7542613636363636,24.136363636363637,True,0.007257199962623417,snapshot only,0.0,0.0
deep2_n16_T32_s9401103,deep2,16,32,9401103,1056,32,33792,owner_block_factors,1e-08,26208,0.7755681818181818,24.818181818181817,True,0.013487999909557402,snapshot only,0.0,0.0
deep2_n16_T32_s9401103,deep2,16,32,9401103,1056,32,33792,kronecker_shared_input_basis,1e-08,25472,0.7537878787878788,24.12121212121212,True,0.005882799974642694,snapshot only,1.2586432162281813e-09,8.107219088768214e-10
deep2_n16_T32_s9401103,deep2,16,32,9401103,1056,32,33792,immediate_support_exact_slice_plus_svd_residual,1e-08,45664,1.3513257575757576,43.24242424242424,True,0.0006204999517649412,snapshot only,6.134228983696601e-16,5.551115123125783e-16
deep2_n16_T32_s9401103,deep2,16,32,9401103,1056,32,33792,local_eligibility_plus_svd_residual,1e-08,45664,1.3513257575757576,43.24242424242424,True,0.0006135000148788095,snapshot only,1.022128028198081e-15,8.881784197001252e-16
deep2_n16_T32_s9401103,deep2,16,32,9401103,1056,32,33792,global_svd,1e-10,34816,1.0303030303030303,32.96969696969697,True,0.0005651999963447452,snapshot only,1.6316763490344897e-15,1.6653345369377348e-15
deep2_n16_T32_s9401103,deep2,16,32,9401103,1056,32,33792,pivoted_qr_repeated_basis,1e-10,35872,1.0615530303030303,33.96969696969697,True,0.005213199998252094,snapshot only,5.630732990414779e-16,8.881784197001252e-16
deep2_n16_T32_s9401103,deep2,16,32,9401103,1056,32,33792,supported_group_factors,1e-10,25488,0.7542613636363636,24.136363636363637,True,0.007882100064307451,snapshot only,0.0,0.0
deep2_n16_T32_s9401103,deep2,16,32,9401103,1056,32,33792,owner_block_factors,1e-10,26208,0.7755681818181818,24.818181818181817,True,0.01194439991377294,snapshot only,0.0,0.0
deep2_n16_T32_s9401103,deep2,16,32,9401103,1056,32,33792,kronecker_shared_input_basis,1e-10,25488,0.7542613636363636,24.136363636363637,True,0.005580600001849234,snapshot only,0.0,0.0
deep2_n16_T32_s9401103,deep2,16,32,9401103,1056,32,33792,immediate_support_exact_slice_plus_svd_residual,1e-10,45664,1.3513257575757576,43.24242424242424,True,0.0006606000242754817,snapshot only,6.134228983696601e-16,5.551115123125783e-16
deep2_n16_T32_s9401103,deep2,16,32,9401103,1056,32,33792,local_eligibility_plus_svd_residual,1e-10,45664,1.3513257575757576,43.24242424242424,True,0.0007674000225961208,snapshot only,1.022128028198081e-15,8.881784197001252e-16
deep2_n16_T32_s9401103,deep2,16,32,9401103,1056,32,33792,global_svd,1e-12,34816,1.0303030303030303,32.96969696969697,True,0.0005996000254526734,snapshot only,1.6316763490344897e-15,1.6653345369377348e-15
deep2_n16_T32_s9401103,deep2,16,32,9401103,1056,32,33792,pivoted_qr_repeated_basis,1e-12,35872,1.0615530303030303,33.96969696969697,True,0.004382600076496601,snapshot only,5.630732990414779e-16,8.881784197001252e-16
deep2_n16_T32_s9401103,deep2,16,32,9401103,1056,32,33792,supported_group_factors,1e-12,25488,0.7542613636363636,24.136363636363637,True,0.0060492999618873,snapshot only,0.0,0.0
deep2_n16_T32_s9401103,deep2,16,32,9401103,1056,32,33792,owner_block_factors,1e-12,26208,0.7755681818181818,24.818181818181817,True,0.01035340002272278,snapshot only,0.0,0.0
deep2_n16_T32_s9401103,deep2,16,32,9401103,1056,32,33792,kronecker_shared_input_basis,1e-12,25488,0.7542613636363636,24.136363636363637,True,0.005504300002939999,snapshot only,0.0,0.0
deep2_n16_T32_s9401103,deep2,16,32,9401103,1056,32,33792,immediate_support_exact_slice_plus_svd_residual,1e-12,45664,1.3513257575757576,43.24242424242424,True,0.0006704999832436442,snapshot only,6.134228983696601e-16,5.551115123125783e-16
deep2_n16_T32_s9401103,deep2,16,32,9401103,1056,32,33792,local_eligibility_plus_svd_residual,1e-12,45664,1.3513257575757576,43.24242424242424,True,0.0006365999579429626,snapshot only,1.022128028198081e-15,8.881784197001252e-16
deep2_n16_T32_s9401104,deep2,16,32,9401104,1056,32,33792,full_matrix,1e-08,33792,1.0,32.0,True,6.00004568696022e-07,online baseline,0.0,0.0
deep2_n16_T32_s9401104,deep2,16,32,9401104,1056,32,33792,coordinate_sparse,1e-08,50688,1.5,48.0,True,6.590003613382578e-05,snapshot only,0.0,0.0
deep2_n16_T32_s9401104,deep2,16,32,9401104,1056,32,33792,block_sparse_triangular,1e-08,26448,0.7826704545454546,25.045454545454547,True,9.400001727044582e-05,known closed online block recurrence,0.0,0.0
deep2_n16_T32_s9401104,deep2,16,32,9401104,1056,32,33792,global_svd,1e-08,34816,1.0303030303030303,32.96969696969697,True,0.0007095999317243695,snapshot only,1.8387959813711295e-15,1.7763568394002505e-15
deep2_n16_T32_s9401104,deep2,16,32,9401104,1056,32,33792,pivoted_qr_repeated_basis,1e-08,35872,1.0615530303030303,33.96969696969697,True,0.004018799983896315,snapshot only,4.874423107222298e-16,5.551115123125783e-16
deep2_n16_T32_s9401104,deep2,16,32,9401104,1056,32,33792,supported_group_factors,1e-08,25488,0.7542613636363636,24.136363636363637,True,0.0061419999692589045,snapshot only,0.0,0.0
deep2_n16_T32_s9401104,deep2,16,32,9401104,1056,32,33792,owner_block_factors,1e-08,26208,0.7755681818181818,24.818181818181817,True,0.010478600044734776,snapshot only,0.0,0.0
deep2_n16_T32_s9401104,deep2,16,32,9401104,1056,32,33792,kronecker_shared_input_basis,1e-08,25488,0.7542613636363636,24.136363636363637,True,0.005419600056484342,snapshot only,0.0,0.0
deep2_n16_T32_s9401104,deep2,16,32,9401104,1056,32,33792,immediate_support_exact_slice_plus_svd_residual,1e-08,45664,1.3513257575757576,43.24242424242424,True,0.0006288998993113637,snapshot only,6.33742603346037e-16,5.412337245047638e-16
deep2_n16_T32_s9401104,deep2,16,32,9401104,1056,32,33792,local_eligibility_plus_svd_residual,1e-08,45664,1.3513257575757576,43.24242424242424,True,0.0006283000111579895,snapshot only,6.26672441080867e-16,5.273559366969494e-16
deep2_n16_T32_s9401104,deep2,16,32,9401104,1056,32,33792,global_svd,1e-10,34816,1.0303030303030303,32.96969696969697,True,0.0005670000100508332,snapshot only,1.8387959813711295e-15,1.7763568394002505e-15
deep2_n16_T32_s9401104,deep2,16,32,9401104,1056,32,33792,pivoted_qr_repeated_basis,1e-10,35872,1.0615530303030303,33.96969696969697,True,0.004102100036107004,snapshot only,4.874423107222298e-16,5.551115123125783e-16
deep2_n16_T32_s9401104,deep2,16,32,9401104,1056,32,33792,supported_group_factors,1e-10,25488,0.7542613636363636,24.136363636363637,True,0.006399800069630146,snapshot only,0.0,0.0
deep2_n16_T32_s9401104,deep2,16,32,9401104,1056,32,33792,owner_block_factors,1e-10,26208,0.7755681818181818,24.818181818181817,True,0.012498000054620206,snapshot only,0.0,0.0
deep2_n16_T32_s9401104,deep2,16,32,9401104,1056,32,33792,kronecker_shared_input_basis,1e-10,25488,0.7542613636363636,24.136363636363637,True,0.00611180008854717,snapshot only,0.0,0.0
deep2_n16_T32_s9401104,deep2,16,32,9401104,1056,32,33792,immediate_support_exact_slice_plus_svd_residual,1e-10,45664,1.3513257575757576,43.24242424242424,True,0.0006467999191954732,snapshot only,6.33742603346037e-16,5.412337245047638e-16
deep2_n16_T32_s9401104,deep2,16,32,9401104,1056,32,33792,local_eligibility_plus_svd_residual,1e-10,45664,1.3513257575757576,43.24242424242424,True,0.0006831999635323882,snapshot only,6.26672441080867e-16,5.273559366969494e-16
deep2_n16_T32_s9401104,deep2,16,32,9401104,1056,32,33792,global_svd,1e-12,34816,1.0303030303030303,32.96969696969697,True,0.0005647999932989478,snapshot only,1.8387959813711295e-15,1.7763568394002505e-15
deep2_n16_T32_s9401104,deep2,16,32,9401104,1056,32,33792,pivoted_qr_repeated_basis,1e-12,35872,1.0615530303030303,33.96969696969697,True,0.005829700035974383,snapshot only,4.874423107222298e-16,5.551115123125783e-16
deep2_n16_T32_s9401104,deep2,16,32,9401104,1056,32,33792,supported_group_factors,1e-12,25488,0.7542613636363636,24.136363636363637,True,0.005715099978260696,snapshot only,0.0,0.0
deep2_n16_T32_s9401104,deep2,16,32,9401104,1056,32,33792,owner_block_factors,1e-12,26208,0.7755681818181818,24.818181818181817,True,0.012670399970375001,snapshot only,0.0,0.0
deep2_n16_T32_s9401104,deep2,16,32,9401104,1056,32,33792,kronecker_shared_input_basis,1e-12,25488,0.7542613636363636,24.136363636363637,True,0.006823900039307773,snapshot only,0.0,0.0
deep2_n16_T32_s9401104,deep2,16,32,9401104,1056,32,33792,immediate_support_exact_slice_plus_svd_residual,1e-12,45664,1.3513257575757576,43.24242424242424,True,0.0007654000073671341,snapshot only,6.33742603346037e-16,5.412337245047638e-16
deep2_n16_T32_s9401104,deep2,16,32,9401104,1056,32,33792,local_eligibility_plus_svd_residual,1e-12,45664,1.3513257575757576,43.24242424242424,True,0.0007196000078693032,snapshot only,6.26672441080867e-16,5.273559366969494e-16
deep2_n16_T128_s9401100,deep2,16,128,9401100,1056,32,33792,full_matrix,1e-08,33792,1.0,32.0,True,7.00005330145359e-07,online baseline,0.0,0.0
deep2_n16_T128_s9401100,deep2,16,128,9401100,1056,32,33792,coordinate_sparse,1e-08,50688,1.5,48.0,True,6.350001785904169e-05,snapshot only,0.0,0.0
deep2_n16_T128_s9401100,deep2,16,128,9401100,1056,32,33792,block_sparse_triangular,1e-08,26448,0.7826704545454546,25.045454545454547,True,8.120003622025251e-05,known closed online block recurrence,0.0,0.0
deep2_n16_T128_s9401100,deep2,16,128,9401100,1056,32,33792,global_svd,1e-08,34816,1.0303030303030303,32.96969696969697,True,0.0006232000887393951,snapshot only,2.4793520067476267e-15,2.3314683517128287e-15
deep2_n16_T128_s9401100,deep2,16,128,9401100,1056,32,33792,pivoted_qr_repeated_basis,1e-08,35872,1.0615530303030303,33.96969696969697,True,0.004768699989654124,snapshot only,5.553043575782713e-16,1.1102230246251565e-15
deep2_n16_T128_s9401100,deep2,16,128,9401100,1056,32,33792,supported_group_factors,1e-08,25488,0.7542613636363636,24.136363636363637,True,0.006215699948370457,snapshot only,0.0,0.0
deep2_n16_T128_s9401100,deep2,16,128,9401100,1056,32,33792,owner_block_factors,1e-08,26208,0.7755681818181818,24.818181818181817,True,0.01077409996651113,snapshot only,0.0,0.0
deep2_n16_T128_s9401100,deep2,16,128,9401100,1056,32,33792,kronecker_shared_input_basis,1e-08,25488,0.7542613636363636,24.136363636363637,True,0.005740400054492056,snapshot only,0.0,0.0
deep2_n16_T128_s9401100,deep2,16,128,9401100,1056,32,33792,immediate_support_exact_slice_plus_svd_residual,1e-08,45664,1.3513257575757576,43.24242424242424,True,0.0006891000084578991,snapshot only,5.230519514509897e-16,5.273559366969494e-16
deep2_n16_T128_s9401100,deep2,16,128,9401100,1056,32,33792,local_eligibility_plus_svd_residual,1e-08,45664,1.3513257575757576,43.24242424242424,True,0.0007996000349521637,snapshot only,7.268317108054704e-16,5.551115123125783e-16
deep2_n16_T128_s9401100,deep2,16,128,9401100,1056,32,33792,global_svd,1e-10,34816,1.0303030303030303,32.96969696969697,True,0.0005711999256163836,snapshot only,2.4793520067476267e-15,2.3314683517128287e-15
deep2_n16_T128_s9401100,deep2,16,128,9401100,1056,32,33792,pivoted_qr_repeated_basis,1e-10,35872,1.0615530303030303,33.96969696969697,True,0.01425310003105551,snapshot only,5.553043575782713e-16,1.1102230246251565e-15
deep2_n16_T128_s9401100,deep2,16,128,9401100,1056,32,33792,supported_group_factors,1e-10,25488,0.7542613636363636,24.136363636363637,True,0.00725110003259033,snapshot only,0.0,0.0
deep2_n16_T128_s9401100,deep2,16,128,9401100,1056,32,33792,owner_block_factors,1e-10,26208,0.7755681818181818,24.818181818181817,True,0.012150999973528087,snapshot only,0.0,0.0
deep2_n16_T128_s9401100,deep2,16,128,9401100,1056,32,33792,kronecker_shared_input_basis,1e-10,25488,0.7542613636363636,24.136363636363637,True,0.005960999988019466,snapshot only,0.0,0.0
deep2_n16_T128_s9401100,deep2,16,128,9401100,1056,32,33792,immediate_support_exact_slice_plus_svd_residual,1e-10,45664,1.3513257575757576,43.24242424242424,True,0.0006303000263869762,snapshot only,5.230519514509897e-16,5.273559366969494e-16
deep2_n16_T128_s9401100,deep2,16,128,9401100,1056,32,33792,local_eligibility_plus_svd_residual,1e-10,45664,1.3513257575757576,43.24242424242424,True,0.0007200000109151006,snapshot only,7.268317108054704e-16,5.551115123125783e-16
deep2_n16_T128_s9401100,deep2,16,128,9401100,1056,32,33792,global_svd,1e-12,34816,1.0303030303030303,32.96969696969697,True,0.0005772999720647931,snapshot only,2.4793520067476267e-15,2.3314683517128287e-15
deep2_n16_T128_s9401100,deep2,16,128,9401100,1056,32,33792,pivoted_qr_repeated_basis,1e-12,35872,1.0615530303030303,33.96969696969697,True,0.013768099946901202,snapshot only,5.553043575782713e-16,1.1102230246251565e-15
deep2_n16_T128_s9401100,deep2,16,128,9401100,1056,32,33792,supported_group_factors,1e-12,25488,0.7542613636363636,24.136363636363637,True,0.0059399999445304275,snapshot only,0.0,0.0
deep2_n16_T128_s9401100,deep2,16,128,9401100,1056,32,33792,owner_block_factors,1e-12,26208,0.7755681818181818,24.818181818181817,True,0.010107100009918213,snapshot only,0.0,0.0
deep2_n16_T128_s9401100,deep2,16,128,9401100,1056,32,33792,kronecker_shared_input_basis,1e-12,25488,0.7542613636363636,24.136363636363637,True,0.005688700010068715,snapshot only,0.0,0.0
deep2_n16_T128_s9401100,deep2,16,128,9401100,1056,32,33792,immediate_support_exact_slice_plus_svd_residual,1e-12,45664,1.3513257575757576,43.24242424242424,True,0.0006014000391587615,snapshot only,5.230519514509897e-16,5.273559366969494e-16
deep2_n16_T128_s9401100,deep2,16,128,9401100,1056,32,33792,local_eligibility_plus_svd_residual,1e-12,45664,1.3513257575757576,43.24242424242424,True,0.0006039000581949949,snapshot only,7.268317108054704e-16,5.551115123125783e-16
deep2_n16_T128_s9401101,deep2,16,128,9401101,1056,32,33792,full_matrix,1e-08,33792,1.0,32.0,True,6.998889148235321e-07,online baseline,0.0,0.0
deep2_n16_T128_s9401101,deep2,16,128,9401101,1056,32,33792,coordinate_sparse,1e-08,50688,1.5,48.0,True,6.170000415295362e-05,snapshot only,0.0,0.0
deep2_n16_T128_s9401101,deep2,16,128,9401101,1056,32,33792,block_sparse_triangular,1e-08,26448,0.7826704545454546,25.045454545454547,True,8.199992589652538e-05,known closed online block recurrence,0.0,0.0
deep2_n16_T128_s9401101,deep2,16,128,9401101,1056,32,33792,global_svd,1e-08,34816,1.0303030303030303,32.96969696969697,True,0.000681100063957274,snapshot only,1.9604513081176622e-15,1.5543122344752192e-15
deep2_n16_T128_s9401101,deep2,16,128,9401101,1056,32,33792,pivoted_qr_repeated_basis,1e-08,35872,1.0615530303030303,33.96969696969697,True,0.009900899953208864,snapshot only,4.917853629983548e-16,5.551115123125783e-16
deep2_n16_T128_s9401101,deep2,16,128,9401101,1056,32,33792,supported_group_factors,1e-08,25488,0.7542613636363636,24.136363636363637,True,0.005761299980804324,snapshot only,0.0,0.0
deep2_n16_T128_s9401101,deep2,16,128,9401101,1056,32,33792,owner_block_factors,1e-08,26208,0.7755681818181818,24.818181818181817,True,0.010595700005069375,snapshot only,0.0,0.0
deep2_n16_T128_s9401101,deep2,16,128,9401101,1056,32,33792,kronecker_shared_input_basis,1e-08,25488,0.7542613636363636,24.136363636363637,True,0.005556400050409138,snapshot only,0.0,0.0
deep2_n16_T128_s9401101,deep2,16,128,9401101,1056,32,33792,immediate_support_exact_slice_plus_svd_residual,1e-08,45664,1.3513257575757576,43.24242424242424,True,0.0006930000381544232,snapshot only,7.351540307531598e-16,7.494005416219807e-16
deep2_n16_T128_s9401101,deep2,16,128,9401101,1056,32,33792,local_eligibility_plus_svd_residual,1e-08,45664,1.3513257575757576,43.24242424242424,True,0.0006831000791862607,snapshot only,8.410360669245134e-16,9.159339953157541e-16
deep2_n16_T128_s9401101,deep2,16,128,9401101,1056,32,33792,global_svd,1e-10,34816,1.0303030303030303,32.96969696969697,True,0.000570200034417212,snapshot only,1.9604513081176622e-15,1.5543122344752192e-15
deep2_n16_T128_s9401101,deep2,16,128,9401101,1056,32,33792,pivoted_qr_repeated_basis,1e-10,35872,1.0615530303030303,33.96969696969697,True,0.004127899999730289,snapshot only,4.917853629983548e-16,5.551115123125783e-16
deep2_n16_T128_s9401101,deep2,16,128,9401101,1056,32,33792,supported_group_factors,1e-10,25488,0.7542613636363636,24.136363636363637,True,0.00576650002039969,snapshot only,0.0,0.0
deep2_n16_T128_s9401101,deep2,16,128,9401101,1056,32,33792,owner_block_factors,1e-10,26208,0.7755681818181818,24.818181818181817,True,0.010321700014173985,snapshot only,0.0,0.0
deep2_n16_T128_s9401101,deep2,16,128,9401101,1056,32,33792,kronecker_shared_input_basis,1e-10,25488,0.7542613636363636,24.136363636363637,True,0.005434499937109649,snapshot only,0.0,0.0
deep2_n16_T128_s9401101,deep2,16,128,9401101,1056,32,33792,immediate_support_exact_slice_plus_svd_residual,1e-10,45664,1.3513257575757576,43.24242424242424,True,0.0005910999607294798,snapshot only,7.351540307531598e-16,7.494005416219807e-16
deep2_n16_T128_s9401101,deep2,16,128,9401101,1056,32,33792,local_eligibility_plus_svd_residual,1e-10,45664,1.3513257575757576,43.24242424242424,True,0.0006066999631002545,snapshot only,8.410360669245134e-16,9.159339953157541e-16
deep2_n16_T128_s9401101,deep2,16,128,9401101,1056,32,33792,global_svd,1e-12,34816,1.0303030303030303,32.96969696969697,True,0.0005654999986290932,snapshot only,1.9604513081176622e-15,1.5543122344752192e-15
deep2_n16_T128_s9401101,deep2,16,128,9401101,1056,32,33792,pivoted_qr_repeated_basis,1e-12,35872,1.0615530303030303,33.96969696969697,True,0.007568800006993115,snapshot only,4.917853629983548e-16,5.551115123125783e-16
deep2_n16_T128_s9401101,deep2,16,128,9401101,1056,32,33792,supported_group_factors,1e-12,25488,0.7542613636363636,24.136363636363637,True,0.005814700038172305,snapshot only,0.0,0.0
deep2_n16_T128_s9401101,deep2,16,128,9401101,1056,32,33792,owner_block_factors,1e-12,26208,0.7755681818181818,24.818181818181817,True,0.010863500065170228,snapshot only,0.0,0.0
deep2_n16_T128_s9401101,deep2,16,128,9401101,1056,32,33792,kronecker_shared_input_basis,1e-12,25488,0.7542613636363636,24.136363636363637,True,0.006729799904860556,snapshot only,0.0,0.0
deep2_n16_T128_s9401101,deep2,16,128,9401101,1056,32,33792,immediate_support_exact_slice_plus_svd_residual,1e-12,45664,1.3513257575757576,43.24242424242424,True,0.0008496000664308667,snapshot only,7.351540307531598e-16,7.494005416219807e-16
deep2_n16_T128_s9401101,deep2,16,128,9401101,1056,32,33792,local_eligibility_plus_svd_residual,1e-12,45664,1.3513257575757576,43.24242424242424,True,0.0008379999781027436,snapshot only,8.410360669245134e-16,9.159339953157541e-16
deep2_n16_T128_s9401102,deep2,16,128,9401102,1056,32,33792,full_matrix,1e-08,33792,1.0,32.0,True,7.00005330145359e-07,online baseline,0.0,0.0
deep2_n16_T128_s9401102,deep2,16,128,9401102,1056,32,33792,coordinate_sparse,1e-08,50688,1.5,48.0,True,6.079999729990959e-05,snapshot only,0.0,0.0
deep2_n16_T128_s9401102,deep2,16,128,9401102,1056,32,33792,block_sparse_triangular,1e-08,26448,0.7826704545454546,25.045454545454547,True,8.079991675913334e-05,known closed online block recurrence,0.0,0.0
deep2_n16_T128_s9401102,deep2,16,128,9401102,1056,32,33792,global_svd,1e-08,34816,1.0303030303030303,32.96969696969697,True,0.0006415999960154295,snapshot only,1.8811946536242755e-15,2.220446049250313e-15
deep2_n16_T128_s9401102,deep2,16,128,9401102,1056,32,33792,pivoted_qr_repeated_basis,1e-08,35872,1.0615530303030303,33.96969696969697,True,0.006584799964912236,snapshot only,4.786626287221451e-16,8.881784197001252e-16
deep2_n16_T128_s9401102,deep2,16,128,9401102,1056,32,33792,supported_group_factors,1e-08,25488,0.7542613636363636,24.136363636363637,True,0.005772200063802302,snapshot only,0.0,0.0
deep2_n16_T128_s9401102,deep2,16,128,9401102,1056,32,33792,owner_block_factors,1e-08,26208,0.7755681818181818,24.818181818181817,True,0.010414100019261241,snapshot only,0.0,0.0
deep2_n16_T128_s9401102,deep2,16,128,9401102,1056,32,33792,kronecker_shared_input_basis,1e-08,25472,0.7537878787878788,24.12121212121212,True,0.00568370008841157,snapshot only,4.3534584695033193e-10,4.786785824488493e-10
deep2_n16_T128_s9401102,deep2,16,128,9401102,1056,32,33792,immediate_support_exact_slice_plus_svd_residual,1e-08,45664,1.3513257575757576,43.24242424242424,True,0.0006576000014320016,snapshot only,9.333667341742889e-16,1.0269562977782698e-15
deep2_n16_T128_s9401102,deep2,16,128,9401102,1056,32,33792,local_eligibility_plus_svd_residual,1e-08,45664,1.3513257575757576,43.24242424242424,True,0.0006062999600544572,snapshot only,6.51802777283342e-16,7.73686670285656e-16
deep2_n16_T128_s9401102,deep2,16,128,9401102,1056,32,33792,global_svd,1e-10,34816,1.0303030303030303,32.96969696969697,True,0.0005579999415203929,snapshot only,1.8811946536242755e-15,2.220446049250313e-15
deep2_n16_T128_s9401102,deep2,16,128,9401102,1056,32,33792,pivoted_qr_repeated_basis,1e-10,35872,1.0615530303030303,33.96969696969697,True,0.004294999991543591,snapshot only,4.786626287221451e-16,8.881784197001252e-16
deep2_n16_T128_s9401102,deep2,16,128,9401102,1056,32,33792,supported_group_factors,1e-10,25488,0.7542613636363636,24.136363636363637,True,0.005753000034019351,snapshot only,0.0,0.0
deep2_n16_T128_s9401102,deep2,16,128,9401102,1056,32,33792,owner_block_factors,1e-10,26208,0.7755681818181818,24.818181818181817,True,0.010465900064446032,snapshot only,0.0,0.0
deep2_n16_T128_s9401102,deep2,16,128,9401102,1056,32,33792,kronecker_shared_input_basis,1e-10,25488,0.7542613636363636,24.136363636363637,True,0.0054796000476926565,snapshot only,0.0,0.0
deep2_n16_T128_s9401102,deep2,16,128,9401102,1056,32,33792,immediate_support_exact_slice_plus_svd_residual,1e-10,45664,1.3513257575757576,43.24242424242424,True,0.0005932000931352377,snapshot only,9.333667341742889e-16,1.0269562977782698e-15
deep2_n16_T128_s9401102,deep2,16,128,9401102,1056,32,33792,local_eligibility_plus_svd_residual,1e-10,45664,1.3513257575757576,43.24242424242424,True,0.0006055999547243118,snapshot only,6.51802777283342e-16,7.73686670285656e-16
deep2_n16_T128_s9401102,deep2,16,128,9401102,1056,32,33792,global_svd,1e-12,34816,1.0303030303030303,32.96969696969697,True,0.0005650999955832958,snapshot only,1.8811946536242755e-15,2.220446049250313e-15
deep2_n16_T128_s9401102,deep2,16,128,9401102,1056,32,33792,pivoted_qr_repeated_basis,1e-12,35872,1.0615530303030303,33.96969696969697,True,0.0039594999980181456,snapshot only,4.786626287221451e-16,8.881784197001252e-16
deep2_n16_T128_s9401102,deep2,16,128,9401102,1056,32,33792,supported_group_factors,1e-12,25488,0.7542613636363636,24.136363636363637,True,0.0059022000059485435,snapshot only,0.0,0.0
deep2_n16_T128_s9401102,deep2,16,128,9401102,1056,32,33792,owner_block_factors,1e-12,26208,0.7755681818181818,24.818181818181817,True,0.010436099953949451,snapshot only,0.0,0.0
deep2_n16_T128_s9401102,deep2,16,128,9401102,1056,32,33792,kronecker_shared_input_basis,1e-12,25488,0.7542613636363636,24.136363636363637,True,0.005442499998025596,snapshot only,0.0,0.0
deep2_n16_T128_s9401102,deep2,16,128,9401102,1056,32,33792,immediate_support_exact_slice_plus_svd_residual,1e-12,45664,1.3513257575757576,43.24242424242424,True,0.0005983998998999596,snapshot only,9.333667341742889e-16,1.0269562977782698e-15
deep2_n16_T128_s9401102,deep2,16,128,9401102,1056,32,33792,local_eligibility_plus_svd_residual,1e-12,45664,1.3513257575757576,43.24242424242424,True,0.0006043999455869198,snapshot only,6.51802777283342e-16,7.73686670285656e-16
deep2_n16_T128_s9401103,deep2,16,128,9401103,1056,32,33792,full_matrix,1e-08,33792,1.0,32.0,True,1.200009137392044e-06,online baseline,0.0,0.0
deep2_n16_T128_s9401103,deep2,16,128,9401103,1056,32,33792,coordinate_sparse,1e-08,50688,1.5,48.0,True,8.290004916489124e-05,snapshot only,0.0,0.0
deep2_n16_T128_s9401103,deep2,16,128,9401103,1056,32,33792,block_sparse_triangular,1e-08,26448,0.7826704545454546,25.045454545454547,True,9.699992369860411e-05,known closed online block recurrence,0.0,0.0
deep2_n16_T128_s9401103,deep2,16,128,9401103,1056,32,33792,global_svd,1e-08,34816,1.0303030303030303,32.96969696969697,True,0.0008945999434217811,snapshot only,1.4248057312290407e-15,1.1379786002407855e-15
deep2_n16_T128_s9401103,deep2,16,128,9401103,1056,32,33792,pivoted_qr_repeated_basis,1e-08,35872,1.0615530303030303,33.96969696969697,True,0.00462689995765686,snapshot only,5.83955845226218e-16,9.992007221626409e-16
deep2_n16_T128_s9401103,deep2,16,128,9401103,1056,32,33792,supported_group_factors,1e-08,25488,0.7542613636363636,24.136363636363637,True,0.007303099962882698,snapshot only,0.0,0.0
deep2_n16_T128_s9401103,deep2,16,128,9401103,1056,32,33792,owner_block_factors,1e-08,26208,0.7755681818181818,24.818181818181817,True,0.011513800011016428,snapshot only,0.0,0.0
deep2_n16_T128_s9401103,deep2,16,128,9401103,1056,32,33792,kronecker_shared_input_basis,1e-08,25488,0.7542613636363636,24.136363636363637,True,0.0061666000401601195,snapshot only,0.0,0.0
deep2_n16_T128_s9401103,deep2,16,128,9401103,1056,32,33792,immediate_support_exact_slice_plus_svd_residual,1e-08,45664,1.3513257575757576,43.24242424242424,True,0.0007096000481396914,snapshot only,9.885399625755834e-16,1.1796119636642288e-15
deep2_n16_T128_s9401103,deep2,16,128,9401103,1056,32,33792,local_eligibility_plus_svd_residual,1e-08,45664,1.3513257575757576,43.24242424242424,True,0.0006191999418660998,snapshot only,6.405884462294836e-16,4.996003610813204e-16
deep2_n16_T128_s9401103,deep2,16,128,9401103,1056,32,33792,global_svd,1e-10,34816,1.0303030303030303,32.96969696969697,True,0.0006058000726625323,snapshot only,1.4248057312290407e-15,1.1379786002407855e-15
deep2_n16_T128_s9401103,deep2,16,128,9401103,1056,32,33792,pivoted_qr_repeated_basis,1e-10,35872,1.0615530303030303,33.96969696969697,True,0.005031700013205409,snapshot only,5.83955845226218e-16,9.992007221626409e-16
deep2_n16_T128_s9401103,deep2,16,128,9401103,1056,32,33792,supported_group_factors,1e-10,25488,0.7542613636363636,24.136363636363637,True,0.006568099954165518,snapshot only,0.0,0.0
deep2_n16_T128_s9401103,deep2,16,128,9401103,1056,32,33792,owner_block_factors,1e-10,26208,0.7755681818181818,24.818181818181817,True,0.010959999985061586,snapshot only,0.0,0.0
deep2_n16_T128_s9401103,deep2,16,128,9401103,1056,32,33792,kronecker_shared_input_basis,1e-10,25488,0.7542613636363636,24.136363636363637,True,0.006024700007401407,snapshot only,0.0,0.0
deep2_n16_T128_s9401103,deep2,16,128,9401103,1056,32,33792,immediate_support_exact_slice_plus_svd_residual,1e-10,45664,1.3513257575757576,43.24242424242424,True,0.0006434000097215176,snapshot only,9.885399625755834e-16,1.1796119636642288e-15
deep2_n16_T128_s9401103,deep2,16,128,9401103,1056,32,33792,local_eligibility_plus_svd_residual,1e-10,45664,1.3513257575757576,43.24242424242424,True,0.0006321999244391918,snapshot only,6.405884462294836e-16,4.996003610813204e-16
deep2_n16_T128_s9401103,deep2,16,128,9401103,1056,32,33792,global_svd,1e-12,34816,1.0303030303030303,32.96969696969697,True,0.0005795999895781279,snapshot only,1.4248057312290407e-15,1.1379786002407855e-15
deep2_n16_T128_s9401103,deep2,16,128,9401103,1056,32,33792,pivoted_qr_repeated_basis,1e-12,35872,1.0615530303030303,33.96969696969697,True,0.00478259997908026,snapshot only,5.83955845226218e-16,9.992007221626409e-16
deep2_n16_T128_s9401103,deep2,16,128,9401103,1056,32,33792,supported_group_factors,1e-12,25488,0.7542613636363636,24.136363636363637,True,0.0060171999502927065,snapshot only,0.0,0.0
deep2_n16_T128_s9401103,deep2,16,128,9401103,1056,32,33792,owner_block_factors,1e-12,26208,0.7755681818181818,24.818181818181817,True,0.010474700015038252,snapshot only,0.0,0.0
deep2_n16_T128_s9401103,deep2,16,128,9401103,1056,32,33792,kronecker_shared_input_basis,1e-12,25488,0.7542613636363636,24.136363636363637,True,0.0055883999448269606,snapshot only,0.0,0.0
deep2_n16_T128_s9401103,deep2,16,128,9401103,1056,32,33792,immediate_support_exact_slice_plus_svd_residual,1e-12,45664,1.3513257575757576,43.24242424242424,True,0.0006055000703781843,snapshot only,9.885399625755834e-16,1.1796119636642288e-15
deep2_n16_T128_s9401103,deep2,16,128,9401103,1056,32,33792,local_eligibility_plus_svd_residual,1e-12,45664,1.3513257575757576,43.24242424242424,True,0.0008249999955296516,snapshot only,6.405884462294836e-16,4.996003610813204e-16
deep2_n16_T128_s9401104,deep2,16,128,9401104,1056,32,33792,full_matrix,1e-08,33792,1.0,32.0,True,7.00005330145359e-07,online baseline,0.0,0.0
deep2_n16_T128_s9401104,deep2,16,128,9401104,1056,32,33792,coordinate_sparse,1e-08,50688,1.5,48.0,True,5.9300102293491364e-05,snapshot only,0.0,0.0
deep2_n16_T128_s9401104,deep2,16,128,9401104,1056,32,33792,block_sparse_triangular,1e-08,26448,0.7826704545454546,25.045454545454547,True,8.160003926604986e-05,known closed online block recurrence,0.0,0.0
deep2_n16_T128_s9401104,deep2,16,128,9401104,1056,32,33792,global_svd,1e-08,34816,1.0303030303030303,32.96969696969697,True,0.0006434000097215176,snapshot only,1.9725279750265007e-15,1.5265566588595902e-15
deep2_n16_T128_s9401104,deep2,16,128,9401104,1056,32,33792,pivoted_qr_repeated_basis,1e-08,35872,1.0615530303030303,33.96969696969697,True,0.004957100027240813,snapshot only,5.436361520547338e-16,8.881784197001252e-16
deep2_n16_T128_s9401104,deep2,16,128,9401104,1056,32,33792,supported_group_factors,1e-08,25488,0.7542613636363636,24.136363636363637,True,0.006063800072297454,snapshot only,0.0,0.0
deep2_n16_T128_s9401104,deep2,16,128,9401104,1056,32,33792,owner_block_factors,1e-08,26208,0.7755681818181818,24.818181818181817,True,0.010064900037832558,snapshot only,0.0,0.0
deep2_n16_T128_s9401104,deep2,16,128,9401104,1056,32,33792,kronecker_shared_input_basis,1e-08,25488,0.7542613636363636,24.136363636363637,True,0.005831600050441921,snapshot only,0.0,0.0
deep2_n16_T128_s9401104,deep2,16,128,9401104,1056,32,33792,immediate_support_exact_slice_plus_svd_residual,1e-08,45664,1.3513257575757576,43.24242424242424,True,0.0006509000668302178,snapshot only,9.462456760732233e-16,1.124100812432971e-15
deep2_n16_T128_s9401104,deep2,16,128,9401104,1056,32,33792,local_eligibility_plus_svd_residual,1e-08,45664,1.3513257575757576,43.24242424242424,True,0.0006221999647095799,snapshot only,6.48791120875201e-16,5.273559366969494e-16
deep2_n16_T128_s9401104,deep2,16,128,9401104,1056,32,33792,global_svd,1e-10,34816,1.0303030303030303,32.96969696969697,True,0.0006324999267235398,snapshot only,1.9725279750265007e-15,1.5265566588595902e-15
deep2_n16_T128_s9401104,deep2,16,128,9401104,1056,32,33792,pivoted_qr_repeated_basis,1e-10,35872,1.0615530303030303,33.96969696969697,True,0.0037718999665230513,snapshot only,5.436361520547338e-16,8.881784197001252e-16
deep2_n16_T128_s9401104,deep2,16,128,9401104,1056,32,33792,supported_group_factors,1e-10,25488,0.7542613636363636,24.136363636363637,True,0.005890300031751394,snapshot only,0.0,0.0
deep2_n16_T128_s9401104,deep2,16,128,9401104,1056,32,33792,owner_block_factors,1e-10,26208,0.7755681818181818,24.818181818181817,True,0.010100600076839328,snapshot only,0.0,0.0
deep2_n16_T128_s9401104,deep2,16,128,9401104,1056,32,33792,kronecker_shared_input_basis,1e-10,25488,0.7542613636363636,24.136363636363637,True,0.005467099952511489,snapshot only,0.0,0.0
deep2_n16_T128_s9401104,deep2,16,128,9401104,1056,32,33792,immediate_support_exact_slice_plus_svd_residual,1e-10,45664,1.3513257575757576,43.24242424242424,True,0.0005969000048935413,snapshot only,9.462456760732233e-16,1.124100812432971e-15
deep2_n16_T128_s9401104,deep2,16,128,9401104,1056,32,33792,local_eligibility_plus_svd_residual,1e-10,45664,1.3513257575757576,43.24242424242424,True,0.0006172999273985624,snapshot only,6.48791120875201e-16,5.273559366969494e-16
deep2_n16_T128_s9401104,deep2,16,128,9401104,1056,32,33792,global_svd,1e-12,34816,1.0303030303030303,32.96969696969697,True,0.0005574999377131462,snapshot only,1.9725279750265007e-15,1.5265566588595902e-15
deep2_n16_T128_s9401104,deep2,16,128,9401104,1056,32,33792,pivoted_qr_repeated_basis,1e-12,35872,1.0615530303030303,33.96969696969697,True,0.0036453999346122146,snapshot only,5.436361520547338e-16,8.881784197001252e-16
deep2_n16_T128_s9401104,deep2,16,128,9401104,1056,32,33792,supported_group_factors,1e-12,25488,0.7542613636363636,24.136363636363637,True,0.005910700070671737,snapshot only,0.0,0.0
deep2_n16_T128_s9401104,deep2,16,128,9401104,1056,32,33792,owner_block_factors,1e-12,26208,0.7755681818181818,24.818181818181817,True,0.0101442999439314,snapshot only,0.0,0.0
deep2_n16_T128_s9401104,deep2,16,128,9401104,1056,32,33792,kronecker_shared_input_basis,1e-12,25488,0.7542613636363636,24.136363636363637,True,0.00558389991056174,snapshot only,0.0,0.0
deep2_n16_T128_s9401104,deep2,16,128,9401104,1056,32,33792,immediate_support_exact_slice_plus_svd_residual,1e-12,45664,1.3513257575757576,43.24242424242424,True,0.0005956999957561493,snapshot only,9.462456760732233e-16,1.124100812432971e-15
deep2_n16_T128_s9401104,deep2,16,128,9401104,1056,32,33792,local_eligibility_plus_svd_residual,1e-12,45664,1.3513257575757576,43.24242424242424,True,0.0006101999897509813,snapshot only,6.48791120875201e-16,5.273559366969494e-16
