id,case,n,T,seed,P,N,full_size,method,all_stored_numbers,bytes,peak_stored_numbers,ratio_to_full,ratio_to_P,seconds,inclusive_to_inference,exact,peak_scratch_bound_scalars,relative_error,absolute_error,max_group_relative_error
independent_n8_T32_s9401100,independent,8,32,9401100,80,8,640,packed_exact,168,1344,168,0.2625,2.1,0.010044499998912215,4.57337324130076,True,6896,0.0,0.0,3.3188033458363953e-16
independent_n8_T32_s9401100,independent,8,32,9401100,80,8,640,online_svd,704,5632,704,1.1,8.8,0.007902299985289574,3.5980056051937463,True,12096,1.2538008465300347e-16,2.7267684638010437e-16,9.228582628565577e-16
independent_n8_T32_s9401100,independent,8,32,9401100,80,8,640,online_local_residual,168,1344,168,0.2625,2.1,0.015469899983145297,7.043618561021228,True,10592,0.0,0.0,3.3188033458363953e-16
independent_n8_T32_s9401100,independent,8,32,9401100,80,8,640,unfused_kronecker_history,2448,19584,2448,3.825,30.6,0.0073735000332817435,3.357237070097361,True,13952,2.4908339240313594e-17,5.551115123125783e-17,3.3188033458363953e-16
independent_n8_T32_s9401101,independent,8,32,9401101,80,8,640,packed_exact,168,1344,168,0.2625,2.1,0.010175099945627153,7.2642966156443345,True,6896,0.0,0.0,2.5982390149671767e-16
independent_n8_T32_s9401101,independent,8,32,9401101,80,8,640,online_svd,704,5632,704,1.1,8.8,0.007722300011664629,5.513172169265407,True,12096,1.9448121978114305e-16,4.440892098500626e-16,1.9532533135882097e-15
independent_n8_T32_s9401101,independent,8,32,9401101,80,8,640,online_local_residual,168,1344,168,0.2625,2.1,0.015709899947978556,11.215749588116477,True,10592,0.0,0.0,2.5982390149671767e-16
independent_n8_T32_s9401102,independent,8,32,9401102,80,8,640,packed_exact,168,1344,168,0.2625,2.1,0.009496900020167232,7.776058401925404,True,6896,0.0,0.0,4.536026322356601e-16
independent_n8_T32_s9401102,independent,8,32,9401102,80,8,640,online_svd,704,5632,704,1.1,8.8,0.008350799907930195,6.837632032448734,True,12096,1.0983183976762701e-16,2.220446049250313e-16,1.0123070369443558e-15
independent_n8_T32_s9401102,independent,8,32,9401102,80,8,640,online_local_residual,168,1344,168,0.2625,2.1,0.015572500065900385,12.750757586084,True,10592,0.0,0.0,4.536026322356601e-16
independent_n8_T32_s9401103,independent,8,32,9401103,80,8,640,packed_exact,168,1344,168,0.2625,2.1,0.009605800034478307,7.767284008957024,True,6896,0.0,0.0,3.403788676794328e-16
independent_n8_T32_s9401103,independent,8,32,9401103,80,8,640,online_svd,704,5632,704,1.1,8.8,0.008129099966026843,6.573219091246946,True,12096,2.0180235507319728e-16,4.831204880595408e-16,2.1177909463199046e-15
independent_n8_T32_s9401103,independent,8,32,9401103,80,8,640,online_local_residual,168,1344,168,0.2625,2.1,0.014988200040534139,12.119511761647086,True,10592,0.0,0.0,3.403788676794328e-16
independent_n8_T32_s9401104,independent,8,32,9401104,80,8,640,packed_exact,168,1344,168,0.2625,2.1,0.009736899985000491,7.93876867426538,True,6896,0.0,0.0,4.0431391481531513e-16
independent_n8_T32_s9401104,independent,8,32,9401104,80,8,640,online_svd,704,5632,704,1.1,8.8,0.008180100005120039,6.669465823110411,True,12096,1.5711126803209111e-16,3.5388358909926865e-16,1.917442834745681e-15
independent_n8_T32_s9401104,independent,8,32,9401104,80,8,640,online_local_residual,168,1344,168,0.2625,2.1,0.01572109991684556,12.817855347914751,True,10592,0.0,0.0,4.0431391481531513e-16
independent_n8_T128_s9401100,independent,8,128,9401100,80,8,640,packed_exact,168,1344,168,0.2625,2.1,0.038915099925361574,7.731220764339495,True,6896,0.0,0.0,3.2943952908113646e-16
independent_n8_T128_s9401100,independent,8,128,9401100,80,8,640,online_svd,704,5632,704,1.1,8.8,0.03129170008469373,6.216688172721435,True,12096,2.0824725883824822e-16,6.661338147750939e-16,1.580538783758289e-15
independent_n8_T128_s9401100,independent,8,128,9401100,80,8,640,online_local_residual,168,1344,168,0.2625,2.1,0.05985069996677339,11.89047375519677,True,10592,0.0,0.0,3.2943952908113646e-16
independent_n8_T128_s9401101,independent,8,128,9401101,80,8,640,packed_exact,168,1344,168,0.2625,2.1,0.03852189995814115,7.991432374105584,True,6896,0.0,0.0,3.6811525660660425e-16
independent_n8_T128_s9401101,independent,8,128,9401101,80,8,640,online_svd,704,5632,704,1.1,8.8,0.031193000031635165,6.471039864834187,True,12096,1.493015611415855e-16,4.440892098500626e-16,1.1363913335779493e-15
independent_n8_T128_s9401101,independent,8,128,9401101,80,8,640,online_local_residual,168,1344,168,0.2625,2.1,0.060066299978643656,12.460854079463047,True,10592,0.0,0.0,3.6811525660660425e-16
independent_n8_T128_s9401102,independent,8,128,9401102,80,8,640,packed_exact,168,1344,168,0.2625,2.1,0.038060400052927434,8.03385755654621,True,6896,0.0,0.0,4.917919466188563e-16
independent_n8_T128_s9401102,independent,8,128,9401102,80,8,640,online_svd,704,5632,704,1.1,8.8,0.030215999926440418,6.378047498188652,True,12096,1.155948967900629e-16,2.220446049250313e-16,9.354067815191788e-16
independent_n8_T128_s9401102,independent,8,128,9401102,80,8,640,online_local_residual,168,1344,168,0.2625,2.1,0.061374399927444756,12.9550184955995,True,10592,0.0,0.0,4.917919466188563e-16
independent_n8_T128_s9401103,independent,8,128,9401103,80,8,640,packed_exact,168,1344,168,0.2625,2.1,0.03789739997591823,8.140524874703617,True,6896,0.0,0.0,2.9124221183797064e-16
independent_n8_T128_s9401103,independent,8,128,9401103,80,8,640,online_svd,704,5632,704,1.1,8.8,0.03105009999126196,6.669695322146653,True,12096,1.3427613935351847e-16,2.220446049250313e-16,1.0379061419051524e-15
independent_n8_T128_s9401103,independent,8,128,9401103,80,8,640,online_local_residual,168,1344,168,0.2625,2.1,0.062202999950386584,13.36147252051797,True,10592,0.0,0.0,2.9124221183797064e-16
independent_n8_T128_s9401104,independent,8,128,9401104,80,8,640,packed_exact,168,1344,168,0.2625,2.1,0.03901069995481521,7.438685799479553,True,6896,0.0,0.0,3.5449529613124414e-16
independent_n8_T128_s9401104,independent,8,128,9401104,80,8,640,online_svd,704,5632,704,1.1,8.8,0.0315036999527365,6.007226882391778,True,12096,1.7867551484677207e-16,4.440892098500626e-16,1.3066521329589554e-15
independent_n8_T128_s9401104,independent,8,128,9401104,80,8,640,online_local_residual,168,1344,168,0.2625,2.1,0.06189819995779544,11.802947949478286,True,10592,0.0,0.0,3.5449529613124414e-16
independent_n16_T32_s9401100,independent,16,32,9401100,288,16,4608,packed_exact,592,4736,592,0.1284722222222222,2.0555555555555554,0.018181500025093555,9.995327131214788,True,45664,0.0,0.0,3.0831050941289775e-16
independent_n16_T32_s9401100,independent,16,32,9401100,288,16,4608,online_svd,4864,38912,4864,1.0555555555555556,16.88888888888889,0.01387819997034967,7.629576685345384,True,82944,1.2069569807910681e-16,2.498001805406602e-16,1.2600792798557218e-15
independent_n16_T32_s9401100,independent,16,32,9401100,288,16,4608,online_local_residual,592,4736,592,0.1284722222222222,2.0555555555555554,0.029976199963130057,16.479494231425598,True,70464,0.0,0.0,3.0831050941289775e-16
independent_n16_T32_s9401100,independent,16,32,9401100,288,16,4608,unfused_kronecker_history,9248,73984,9248,2.0069444444444446,32.111111111111114,0.010019399924203753,5.508191280293984,True,72448,2.943877870714483e-17,5.551115123125783e-17,3.0831050941289775e-16
independent_n16_T32_s9401101,independent,16,32,9401101,288,16,4608,packed_exact,592,4736,592,0.1284722222222222,2.0555555555555554,0.017376700066961348,8.93633318262304,True,45664,0.0,0.0,3.1388515449503844e-16
independent_n16_T32_s9401101,independent,16,32,9401101,288,16,4608,online_svd,4864,38912,4864,1.0555555555555556,16.88888888888889,0.014890499995090067,7.657752547905997,True,82944,1.1991386317285038e-16,2.220446049250313e-16,7.062416749237548e-16
independent_n16_T32_s9401101,independent,16,32,9401101,288,16,4608,online_local_residual,592,4736,592,0.1284722222222222,2.0555555555555554,0.029153899988159537,14.993005741200092,True,70464,0.0,0.0,3.1388515449503844e-16
independent_n16_T32_s9401102,independent,16,32,9401102,288,16,4608,packed_exact,592,4736,592,0.1284722222222222,2.0555555555555554,0.017901599989272654,8.334466448278404,True,45664,0.0,0.0,3.3798699334150514e-16
independent_n16_T32_s9401102,independent,16,32,9401102,288,16,4608,online_svd,4864,38912,4864,1.0555555555555556,16.88888888888889,0.013501099892891943,6.285721060664531,True,82944,2.030535117781904e-16,6.661338147750939e-16,1.919020283896104e-15
independent_n16_T32_s9401102,independent,16,32,9401102,288,16,4608,online_local_residual,592,4736,592,0.1284722222222222,2.0555555555555554,0.02761140000075102,12.8550680963799,True,70464,0.0,0.0,3.3798699334150514e-16
independent_n16_T32_s9401103,independent,16,32,9401103,288,16,4608,packed_exact,592,4736,592,0.1284722222222222,2.0555555555555554,0.01670939999166876,9.513978323139453,True,45664,0.0,0.0,3.2460902641551755e-16
independent_n16_T32_s9401103,independent,16,32,9401103,288,16,4608,online_svd,4864,38912,4864,1.0555555555555556,16.88888888888889,0.013424200005829334,7.643455056712285,True,82944,1.5520056630675616e-16,4.440892098500626e-16,9.517940816213232e-16
independent_n16_T32_s9401103,independent,16,32,9401103,288,16,4608,online_local_residual,592,4736,592,0.1284722222222222,2.0555555555555554,0.029060899978503585,16.546660716977335,True,70464,0.0,0.0,3.2460902641551755e-16
independent_n16_T32_s9401104,independent,16,32,9401104,288,16,4608,packed_exact,592,4736,592,0.1284722222222222,2.0555555555555554,0.01712580001913011,10.353545606956233,True,45664,0.0,0.0,4.1361924612094343e-16
independent_n16_T32_s9401104,independent,16,32,9401104,288,16,4608,online_svd,4864,38912,4864,1.0555555555555556,16.88888888888889,0.013910899986512959,8.409950909346453,True,82944,1.1569941058679842e-16,2.220446049250313e-16,1.4955457510907842e-15
independent_n16_T32_s9401104,independent,16,32,9401104,288,16,4608,online_local_residual,592,4736,592,0.1284722222222222,2.0555555555555554,0.028445499949157238,17.196964854622312,True,70464,0.0,0.0,4.1361924612094343e-16
independent_n16_T128_s9401100,independent,16,128,9401100,288,16,4608,packed_exact,592,4736,592,0.1284722222222222,2.0555555555555554,0.06643160001840442,9.56882965970959,True,45664,0.0,0.0,3.0703832809496813e-16
independent_n16_T128_s9401100,independent,16,128,9401100,288,16,4608,online_svd,4864,38912,4864,1.0555555555555556,16.88888888888889,0.06127459998242557,8.82601366723422,True,82944,1.3784582813898663e-16,2.636779683484747e-16,2.127099518458646e-15
independent_n16_T128_s9401100,independent,16,128,9401100,288,16,4608,online_local_residual,592,4736,592,0.1284722222222222,2.0555555555555554,0.1148053000215441,16.536593422914134,True,70464,0.0,0.0,3.0703832809496813e-16
independent_n16_T128_s9401101,independent,16,128,9401101,288,16,4608,packed_exact,592,4736,592,0.1284722222222222,2.0555555555555554,0.06784459995105863,10.567200913683395,True,45664,0.0,0.0,3.969059313736705e-16
independent_n16_T128_s9401101,independent,16,128,9401101,288,16,4608,online_svd,4864,38912,4864,1.0555555555555556,16.88888888888889,0.05333729996345937,8.30760245198378,True,82944,1.4555250775727213e-16,4.440892098500626e-16,1.2752608242725081e-15
independent_n16_T128_s9401101,independent,16,128,9401101,288,16,4608,online_local_residual,592,4736,592,0.1284722222222222,2.0555555555555554,0.11473999998997897,17.87143904754087,True,70464,0.0,0.0,3.969059313736705e-16
independent_n16_T128_s9401102,independent,16,128,9401102,288,16,4608,packed_exact,592,4736,592,0.1284722222222222,2.0555555555555554,0.06971539999358356,9.937621912452155,True,45664,0.0,0.0,8.03234487804066e-16
independent_n16_T128_s9401102,independent,16,128,9401102,288,16,4608,online_svd,4864,38912,4864,1.0555555555555556,16.88888888888889,0.05547849996946752,7.908214784929861,True,82944,1.6150130957576554e-16,4.440892098500626e-16,1.2469468163959876e-15
independent_n16_T128_s9401102,independent,16,128,9401102,288,16,4608,online_local_residual,592,4736,592,0.1284722222222222,2.0555555555555554,0.10893880005460232,15.528744103003056,True,70464,0.0,0.0,8.03234487804066e-16
independent_n16_T128_s9401103,independent,16,128,9401103,288,16,4608,packed_exact,592,4736,592,0.1284722222222222,2.0555555555555554,0.06626930006314069,10.166809802990885,True,45664,0.0,0.0,4.945325541200282e-16
independent_n16_T128_s9401103,independent,16,128,9401103,288,16,4608,online_svd,4864,38912,4864,1.0555555555555556,16.88888888888889,0.053655199939385056,8.231597620699588,True,82944,1.5240077650487623e-16,4.440892098500626e-16,8.686150330833174e-16
independent_n16_T128_s9401103,independent,16,128,9401103,288,16,4608,online_local_residual,592,4736,592,0.1284722222222222,2.0555555555555554,0.11054129991680384,16.95886889643805,True,70464,0.0,0.0,4.945325541200282e-16
independent_n16_T128_s9401104,independent,16,128,9401104,288,16,4608,packed_exact,592,4736,592,0.1284722222222222,2.0555555555555554,0.07220729999244213,10.442729827323951,True,45664,0.0,0.0,2.8496211267439645e-16
independent_n16_T128_s9401104,independent,16,128,9401104,288,16,4608,online_svd,4864,38912,4864,1.0555555555555556,16.88888888888889,0.056867900071665645,8.224322421110042,True,82944,1.402235611839854e-16,3.0531133177191805e-16,1.0199098023585944e-15
independent_n16_T128_s9401104,independent,16,128,9401104,288,16,4608,online_local_residual,592,4736,592,0.1284722222222222,2.0555555555555554,0.11040390003472567,15.966780367998753,True,70464,0.0,0.0,2.8496211267439645e-16
shared_linear_n8_T32_s9401100,shared_linear,8,32,9401100,80,8,640,packed_exact,168,1344,168,0.2625,2.1,0.011423900024965405,7.1816810132370374,True,6896,0.0,0.0,4.866093508370414e-16
shared_linear_n8_T32_s9401100,shared_linear,8,32,9401100,80,8,640,online_svd,704,5632,704,1.1,8.8,0.008088300004601479,5.084742552496855,True,12096,1.328327180693695e-16,3.191891195797325e-16,6.462146643736962e-16
shared_linear_n8_T32_s9401100,shared_linear,8,32,9401100,80,8,640,online_local_residual,168,1344,168,0.2625,2.1,0.01565009995829314,9.838498715860037,True,10592,0.0,0.0,4.866093508370414e-16
shared_linear_n8_T32_s9401100,shared_linear,8,32,9401100,80,8,640,shared_exact,17,136,17,0.0265625,0.2125,0.001698400010354817,1.0677060443973654,True,944,0.0,0.0,4.866093508370414e-16
shared_linear_n8_T32_s9401100,shared_linear,8,32,9401100,80,8,640,unfused_kronecker_history,2448,19584,2448,3.825,30.6,0.007071899948641658,4.4457785412758435,True,13952,1.6685441713299218e-17,2.7755575615628914e-17,4.866093508370414e-16
shared_linear_n8_T32_s9401101,shared_linear,8,32,9401101,80,8,640,packed_exact,168,1344,168,0.2625,2.1,0.010154100018553436,6.763538175858085,True,6896,0.0,0.0,3.403423323404414e-16
shared_linear_n8_T32_s9401101,shared_linear,8,32,9401101,80,8,640,online_svd,704,5632,704,1.1,8.8,0.007521299994550645,5.0098580427880774,True,12096,1.1573162854797922e-16,2.220446049250313e-16,1.0876593839592299e-15
shared_linear_n8_T32_s9401101,shared_linear,8,32,9401101,80,8,640,online_local_residual,168,1344,168,0.2625,2.1,0.01787280000280589,11.904882255205056,True,10592,0.0,0.0,3.403423323404414e-16
shared_linear_n8_T32_s9401101,shared_linear,8,32,9401101,80,8,640,shared_exact,17,136,17,0.0265625,0.2125,0.0021000999258831143,1.3988542555099541,True,944,0.0,0.0,3.403423323404414e-16
shared_linear_n8_T32_s9401102,shared_linear,8,32,9401102,80,8,640,packed_exact,168,1344,168,0.2625,2.1,0.009584999992512167,7.580070674084717,True,6896,0.0,0.0,3.180068758570743e-16
shared_linear_n8_T32_s9401102,shared_linear,8,32,9401102,80,8,640,online_svd,704,5632,704,1.1,8.8,0.0075462000677362084,5.9677339466780115,True,12096,9.404453633096112e-17,2.3592239273284576e-16,7.791846925837128e-16
shared_linear_n8_T32_s9401102,shared_linear,8,32,9401102,80,8,640,online_local_residual,168,1344,168,0.2625,2.1,0.017013899981975555,13.455040626597029,True,10592,0.0,0.0,3.180068758570743e-16
shared_linear_n8_T32_s9401102,shared_linear,8,32,9401102,80,8,640,shared_exact,17,136,17,0.0265625,0.2125,0.001774700009264052,1.4034795520114072,True,944,0.0,0.0,3.180068758570743e-16
shared_linear_n8_T32_s9401103,shared_linear,8,32,9401103,80,8,640,packed_exact,168,1344,168,0.2625,2.1,0.009941900032572448,6.459134794832739,True,6896,0.0,0.0,2.093818602132802e-16
shared_linear_n8_T32_s9401103,shared_linear,8,32,9401103,80,8,640,online_svd,704,5632,704,1.1,8.8,0.008652899996377528,5.621686725846978,True,12096,1.598543775022328e-16,2.749536709423239e-16,9.437297544443182e-16
shared_linear_n8_T32_s9401103,shared_linear,8,32,9401103,80,8,640,online_local_residual,168,1344,168,0.2625,2.1,0.016281599993817508,10.577962833167204,True,10592,0.0,0.0,2.093818602132802e-16
shared_linear_n8_T32_s9401103,shared_linear,8,32,9401103,80,8,640,shared_exact,17,136,17,0.0265625,0.2125,0.0017864999826997519,1.160667896621195,True,944,0.0,0.0,2.093818602132802e-16
shared_linear_n8_T32_s9401104,shared_linear,8,32,9401104,80,8,640,packed_exact,168,1344,168,0.2625,2.1,0.010164199979044497,7.410469689492931,True,6896,0.0,0.0,4.084557864341117e-16
shared_linear_n8_T32_s9401104,shared_linear,8,32,9401104,80,8,640,online_svd,704,5632,704,1.1,8.8,0.007941900053992867,5.790245149488786,True,12096,1.1859433161470403e-16,2.220446049250313e-16,3.882121562133464e-15
shared_linear_n8_T32_s9401104,shared_linear,8,32,9401104,80,8,640,online_local_residual,168,1344,168,0.2625,2.1,0.014879000023938715,10.847915125114222,True,10592,0.0,0.0,4.084557864341117e-16
shared_linear_n8_T32_s9401104,shared_linear,8,32,9401104,80,8,640,shared_exact,17,136,17,0.0265625,0.2125,0.0016709000337868929,1.2182123610396034,True,944,0.0,0.0,4.084557864341117e-16
shared_linear_n8_T128_s9401100,shared_linear,8,128,9401100,80,8,640,packed_exact,168,1344,168,0.2625,2.1,0.03728940000291914,8.143212682009208,True,6896,0.0,0.0,3.7920299912493315e-16
shared_linear_n8_T128_s9401100,shared_linear,8,128,9401100,80,8,640,online_svd,704,5632,704,1.1,8.8,0.029465299914591014,6.434595459431338,True,12096,9.93351586516687e-17,2.220446049250313e-16,5.326755111144563e-16
shared_linear_n8_T128_s9401100,shared_linear,8,128,9401100,80,8,640,online_local_residual,168,1344,168,0.2625,2.1,0.059563000104390085,13.007293702516401,True,10592,0.0,0.0,3.7920299912493315e-16
shared_linear_n8_T128_s9401100,shared_linear,8,128,9401100,80,8,640,shared_exact,17,136,17,0.0265625,0.2125,0.006316400016658008,1.3793675606543978,True,944,0.0,0.0,3.7920299912493315e-16
shared_linear_n8_T128_s9401101,shared_linear,8,128,9401101,80,8,640,packed_exact,168,1344,168,0.2625,2.1,0.03663570003118366,8.059950663200313,True,6896,0.0,0.0,3.2948667888767083e-16
shared_linear_n8_T128_s9401101,shared_linear,8,128,9401101,80,8,640,online_svd,704,5632,704,1.1,8.8,0.03009440004825592,6.620847408977953,True,12096,1.1275461485640773e-16,2.220446049250313e-16,1.3011606612787665e-15
shared_linear_n8_T128_s9401101,shared_linear,8,128,9401101,80,8,640,online_local_residual,168,1344,168,0.2625,2.1,0.0589575000340119,12.970805555654445,True,10592,0.0,0.0,3.2948667888767083e-16
shared_linear_n8_T128_s9401101,shared_linear,8,128,9401101,80,8,640,shared_exact,17,136,17,0.0265625,0.2125,0.006032199948094785,1.327099903395312,True,944,0.0,0.0,3.2948667888767083e-16
shared_linear_n8_T128_s9401102,shared_linear,8,128,9401102,80,8,640,packed_exact,168,1344,168,0.2625,2.1,0.03748329996597022,8.340000888967126,True,6896,0.0,0.0,3.922175210128545e-16
shared_linear_n8_T128_s9401102,shared_linear,8,128,9401102,80,8,640,online_svd,704,5632,704,1.1,8.8,0.029725000029429793,6.613786056592082,True,12096,1.436031822990985e-16,2.220446049250313e-16,9.269496774418843e-16
shared_linear_n8_T128_s9401102,shared_linear,8,128,9401102,80,8,640,online_local_residual,168,1344,168,0.2625,2.1,0.06667170010041445,14.83439394640326,True,10592,0.0,0.0,3.922175210128545e-16
shared_linear_n8_T128_s9401102,shared_linear,8,128,9401102,80,8,640,shared_exact,17,136,17,0.0265625,0.2125,0.007269999943673611,1.617568518462205,True,944,0.0,0.0,3.922175210128545e-16
shared_linear_n8_T128_s9401103,shared_linear,8,128,9401103,80,8,640,packed_exact,168,1344,168,0.2625,2.1,0.037565200007520616,8.414954866472609,True,6896,0.0,0.0,3.4133926415445927e-16
shared_linear_n8_T128_s9401103,shared_linear,8,128,9401103,80,8,640,online_svd,704,5632,704,1.1,8.8,0.031382699962705374,7.030017242590144,True,12096,1.0950430051936443e-16,2.220446049250313e-16,7.821010406913827e-16
shared_linear_n8_T128_s9401103,shared_linear,8,128,9401103,80,8,640,online_local_residual,168,1344,168,0.2625,2.1,0.061045899987220764,13.674850475248908,True,10592,0.0,0.0,3.4133926415445927e-16
shared_linear_n8_T128_s9401103,shared_linear,8,128,9401103,80,8,640,shared_exact,17,136,17,0.0265625,0.2125,0.00622129999101162,1.3936291734016664,True,944,0.0,0.0,3.4133926415445927e-16
shared_linear_n8_T128_s9401104,shared_linear,8,128,9401104,80,8,640,packed_exact,168,1344,168,0.2625,2.1,0.03712180000729859,7.62849875451967,True,6896,0.0,0.0,4.091106434447872e-16
shared_linear_n8_T128_s9401104,shared_linear,8,128,9401104,80,8,640,online_svd,704,5632,704,1.1,8.8,0.029890700010582805,6.142513772436152,True,12096,1.21021385315515e-16,2.914335439641036e-16,3.7491896340266265e-16
shared_linear_n8_T128_s9401104,shared_linear,8,128,9401104,80,8,640,online_local_residual,168,1344,168,0.2625,2.1,0.05919139995239675,12.16378302577881,True,10592,0.0,0.0,4.091106434447872e-16
shared_linear_n8_T128_s9401104,shared_linear,8,128,9401104,80,8,640,shared_exact,17,136,17,0.0265625,0.2125,0.006312999990768731,1.297316201191574,True,944,0.0,0.0,4.091106434447872e-16
shared_linear_n16_T32_s9401100,shared_linear,16,32,9401100,288,16,4608,packed_exact,592,4736,592,0.1284722222222222,2.0555555555555554,0.018711999990046024,10.240244825752269,True,45664,0.0,0.0,2.6124195222446984e-16
shared_linear_n16_T32_s9401100,shared_linear,16,32,9401100,288,16,4608,online_svd,4864,38912,4864,1.0555555555555556,16.88888888888889,0.013501200010068715,7.388605900924468,True,82944,1.619663509960851e-16,4.440892098500626e-16,1.6909491271034632e-15
shared_linear_n16_T32_s9401100,shared_linear,16,32,9401100,288,16,4608,online_local_residual,592,4736,592,0.1284722222222222,2.0555555555555554,0.027834800072014332,15.232747304666526,True,70464,0.0,0.0,2.6124195222446984e-16
shared_linear_n16_T32_s9401100,shared_linear,16,32,9401100,288,16,4608,shared_exact,33,264,33,0.007161458333333333,0.11458333333333333,0.002408699947409332,1.318174283153551,True,5600,0.0,0.0,2.6124195222446984e-16
shared_linear_n16_T32_s9401100,shared_linear,16,32,9401100,288,16,4608,unfused_kronecker_history,9248,73984,9248,2.0069444444444446,32.111111111111114,0.009542600018903613,5.222240301399277,True,72448,2.6382910382457568e-17,2.7755575615628914e-17,2.6945423517785244e-16
shared_linear_n16_T32_s9401101,shared_linear,16,32,9401101,288,16,4608,packed_exact,592,4736,592,0.1284722222222222,2.0555555555555554,0.017461000010371208,9.750390808468259,True,45664,0.0,0.0,3.106162409955926e-16
shared_linear_n16_T32_s9401101,shared_linear,16,32,9401101,288,16,4608,online_svd,4864,38912,4864,1.0555555555555556,16.88888888888889,0.013823100016452372,7.718952366124494,True,82944,1.2542936573240934e-16,2.7755575615628914e-16,1.4421817373939905e-15
shared_linear_n16_T32_s9401101,shared_linear,16,32,9401101,288,16,4608,online_local_residual,592,4736,592,0.1284722222222222,2.0555555555555554,0.029875600012019277,16.682823182042604,True,70464,0.0,0.0,3.106162409955926e-16
shared_linear_n16_T32_s9401101,shared_linear,16,32,9401101,288,16,4608,shared_exact,33,264,33,0.007161458333333333,0.11458333333333333,0.002370400005020201,1.3236542241345965,True,5600,0.0,0.0,3.106162409955926e-16
shared_linear_n16_T32_s9401102,shared_linear,16,32,9401102,288,16,4608,packed_exact,592,4736,592,0.1284722222222222,2.0555555555555554,0.016849700012244284,8.881819579263947,True,45664,0.0,0.0,3.5675001214545063e-16
shared_linear_n16_T32_s9401102,shared_linear,16,32,9401102,288,16,4608,online_svd,4864,38912,4864,1.0555555555555556,16.88888888888889,0.012701599975116551,6.695271682284541,True,82944,1.4254739844706385e-16,2.393918396847994e-16,1.775524815405825e-15
shared_linear_n16_T32_s9401102,shared_linear,16,32,9401102,288,16,4608,online_local_residual,592,4736,592,0.1284722222222222,2.0555555555555554,0.028005499974824488,14.762268635211232,True,70464,0.0,0.0,3.5675001214545063e-16
shared_linear_n16_T32_s9401102,shared_linear,16,32,9401102,288,16,4608,shared_exact,33,264,33,0.007161458333333333,0.11458333333333333,0.002211199956946075,1.165568470477201,True,5600,0.0,0.0,3.5675001214545063e-16
shared_linear_n16_T32_s9401103,shared_linear,16,32,9401103,288,16,4608,packed_exact,592,4736,592,0.1284722222222222,2.0555555555555554,0.016293399967253208,9.851502365788212,True,45664,0.0,0.0,2.533591839497685e-16
shared_linear_n16_T32_s9401103,shared_linear,16,32,9401103,288,16,4608,online_svd,4864,38912,4864,1.0555555555555556,16.88888888888889,0.013214599923230708,7.989962970791714,True,82944,1.5927379466871126e-16,4.440892098500626e-16,1.237345343016799e-15
shared_linear_n16_T32_s9401103,shared_linear,16,32,9401103,288,16,4608,online_local_residual,592,4736,592,0.1284722222222222,2.0555555555555554,0.029000599985010922,17.53467538609603,True,70464,0.0,0.0,2.533591839497685e-16
shared_linear_n16_T32_s9401103,shared_linear,16,32,9401103,288,16,4608,shared_exact,33,264,33,0.007161458333333333,0.11458333333333333,0.0021925000473856926,1.3256545255883887,True,5600,0.0,0.0,2.533591839497685e-16
shared_linear_n16_T32_s9401104,shared_linear,16,32,9401104,288,16,4608,packed_exact,592,4736,592,0.1284722222222222,2.0555555555555554,0.01790350000374019,10.826983432359572,True,45664,0.0,0.0,3.448306574111878e-16
shared_linear_n16_T32_s9401104,shared_linear,16,32,9401104,288,16,4608,online_svd,4864,38912,4864,1.0555555555555556,16.88888888888889,0.014381499961018562,8.69708502683269,True,82944,1.6401478090130482e-16,3.608224830031759e-16,1.1958403954267969e-15
shared_linear_n16_T32_s9401104,shared_linear,16,32,9401104,288,16,4608,online_local_residual,592,4736,592,0.1284722222222222,2.0555555555555554,0.028848599991761148,17.445935939470793,True,70464,0.0,0.0,3.448306574111878e-16
shared_linear_n16_T32_s9401104,shared_linear,16,32,9401104,288,16,4608,shared_exact,33,264,33,0.007161458333333333,0.11458333333333333,0.002131699933670461,1.2891266992370487,True,5600,0.0,0.0,3.448306574111878e-16
shared_linear_n16_T128_s9401100,shared_linear,16,128,9401100,288,16,4608,packed_exact,592,4736,592,0.1284722222222222,2.0555555555555554,0.06492969999089837,10.464093303361157,True,45664,0.0,0.0,3.4264176094418615e-16
shared_linear_n16_T128_s9401100,shared_linear,16,128,9401100,288,16,4608,online_svd,4864,38912,4864,1.0555555555555556,16.88888888888889,0.051867600064724684,8.359000681887961,True,82944,1.7688371865169393e-16,4.440892098500626e-16,1.587342713119594e-15
shared_linear_n16_T128_s9401100,shared_linear,16,128,9401100,288,16,4608,online_local_residual,592,4736,592,0.1284722222222222,2.0555555555555554,0.10738579998724163,17.306333321732453,True,70464,0.0,0.0,3.4264176094418615e-16
shared_linear_n16_T128_s9401100,shared_linear,16,128,9401100,288,16,4608,shared_exact,33,264,33,0.007161458333333333,0.11458333333333333,0.0083458999870345,1.3450281793553893,True,5600,0.0,0.0,3.4264176094418615e-16
shared_linear_n16_T128_s9401101,shared_linear,16,128,9401101,288,16,4608,packed_exact,592,4736,592,0.1284722222222222,2.0555555555555554,0.06498929997906089,9.474349493003167,True,45664,0.0,0.0,4.510065899990922e-16
shared_linear_n16_T128_s9401101,shared_linear,16,128,9401101,288,16,4608,online_svd,4864,38912,4864,1.0555555555555556,16.88888888888889,0.051814100006595254,7.553626401362491,True,82944,1.2030945586118136e-16,2.7755575615628914e-16,9.623405483070748e-16
shared_linear_n16_T128_s9401101,shared_linear,16,128,9401101,288,16,4608,online_local_residual,592,4736,592,0.1284722222222222,2.0555555555555554,0.11080950009636581,16.154165861090853,True,70464,0.0,0.0,4.510065899990922e-16
shared_linear_n16_T128_s9401101,shared_linear,16,128,9401101,288,16,4608,shared_exact,33,264,33,0.007161458333333333,0.11458333333333333,0.008484300109557807,1.2368685994059738,True,5600,0.0,0.0,4.510065899990922e-16
shared_linear_n16_T128_s9401102,shared_linear,16,128,9401102,288,16,4608,packed_exact,592,4736,592,0.1284722222222222,2.0555555555555554,0.06956580001860857,10.364546552270374,True,45664,0.0,0.0,2.6053604119805894e-16
shared_linear_n16_T128_s9401102,shared_linear,16,128,9401102,288,16,4608,online_svd,4864,38912,4864,1.0555555555555556,16.88888888888889,0.05269460007548332,7.8509215072567615,True,82944,1.6024708308159238e-16,4.440892098500626e-16,8.586024261077633e-16
shared_linear_n16_T128_s9401102,shared_linear,16,128,9401102,288,16,4608,online_local_residual,592,4736,592,0.1284722222222222,2.0555555555555554,0.10888559999875724,16.222768512072424,True,70464,0.0,0.0,2.6053604119805894e-16
shared_linear_n16_T128_s9401102,shared_linear,16,128,9401102,288,16,4608,shared_exact,33,264,33,0.007161458333333333,0.11458333333333333,0.008105500019155443,1.2076312247612002,True,5600,0.0,0.0,2.6053604119805894e-16
shared_linear_n16_T128_s9401103,shared_linear,16,128,9401103,288,16,4608,packed_exact,592,4736,592,0.1284722222222222,2.0555555555555554,0.06553899997379631,9.780334516109939,True,45664,0.0,0.0,2.947013712729608e-16
shared_linear_n16_T128_s9401103,shared_linear,16,128,9401103,288,16,4608,online_svd,4864,38912,4864,1.0555555555555556,16.88888888888889,0.05281799996737391,7.881989477400294,True,82944,1.5056034467908508e-16,4.440892098500626e-16,8.707864364783775e-16
shared_linear_n16_T128_s9401103,shared_linear,16,128,9401103,288,16,4608,online_local_residual,592,4736,592,0.1284722222222222,2.0555555555555554,0.10928099998272955,16.3079195061479,True,70464,0.0,0.0,2.947013712729608e-16
shared_linear_n16_T128_s9401103,shared_linear,16,128,9401103,288,16,4608,shared_exact,33,264,33,0.007161458333333333,0.11458333333333333,0.008284099982120097,1.2362298634771465,True,5600,0.0,0.0,2.947013712729608e-16
shared_linear_n16_T128_s9401104,shared_linear,16,128,9401104,288,16,4608,packed_exact,592,4736,592,0.1284722222222222,2.0555555555555554,0.07110310008283705,11.268141619891878,True,45664,0.0,0.0,3.0409726140180953e-16
shared_linear_n16_T128_s9401104,shared_linear,16,128,9401104,288,16,4608,online_svd,4864,38912,4864,1.0555555555555556,16.88888888888889,0.05676740000490099,8.996275857213686,True,82944,1.295068502233503e-16,4.440892098500626e-16,6.612386523295884e-16
shared_linear_n16_T128_s9401104,shared_linear,16,128,9401104,288,16,4608,online_local_residual,592,4736,592,0.1284722222222222,2.0555555555555554,0.10830859991256148,17.164323933064946,True,70464,0.0,0.0,3.0409726140180953e-16
shared_linear_n16_T128_s9401104,shared_linear,16,128,9401104,288,16,4608,shared_exact,33,264,33,0.007161458333333333,0.11458333333333333,0.007849300047382712,1.243926417383901,True,5600,0.0,0.0,3.0409726140180953e-16
rank1_feedback_n8_T32_s9401100,rank1_feedback,8,32,9401100,96,8,768,packed_exact,872,6976,872,1.1354166666666667,9.083333333333334,0.005467899958603084,4.84571080097746,True,10112,0.0,0.0,3.167967623185521e-16
rank1_feedback_n8_T32_s9401100,rank1_feedback,8,32,9401100,96,8,768,online_svd,832,6656,832,1.0833333333333333,8.666666666666666,0.008433800074271858,7.474122866656171,True,14272,1.2364515454346587e-15,1.9984014443252818e-15,5.4395734278379945e-15
rank1_feedback_n8_T32_s9401100,rank1_feedback,8,32,9401100,96,8,768,online_local_residual,1096,8768,1096,1.4270833333333333,11.416666666666666,0.01863579999189824,16.515243144402252,True,16096,3.175443460014877e-16,9.159339953157541e-16,1.1092504706155633e-15
rank1_feedback_n8_T32_s9401100,rank1_feedback,8,32,9401100,96,8,768,unfused_kronecker_history,2592,20736,2592,3.375,27.0,0.006881400011479855,6.098369504549834,True,15488,3.455225722646113e-17,5.551115123125783e-17,3.030475543132347e-16
rank1_feedback_n8_T32_s9401101,rank1_feedback,8,32,9401101,96,8,768,packed_exact,872,6976,872,1.1354166666666667,9.083333333333334,0.006125799962319434,5.456310400749903,True,10112,0.0,0.0,3.879992366966107e-16
rank1_feedback_n8_T32_s9401101,rank1_feedback,8,32,9401101,96,8,768,online_svd,832,6656,832,1.0833333333333333,8.666666666666666,0.007754299906082451,6.906831350737045,True,14272,1.4950342869415507e-15,3.774758283725532e-15,2.56114552779717e-15
rank1_feedback_n8_T32_s9401101,rank1_feedback,8,32,9401101,96,8,768,online_local_residual,1096,8768,1096,1.4270833333333333,11.416666666666666,0.019006900023669004,16.92963317820969,True,16096,5.894200433549275e-17,1.6653345369377348e-16,3.868820470420265e-16
rank1_feedback_n8_T32_s9401102,rank1_feedback,8,32,9401102,96,8,768,packed_exact,872,6976,872,1.1354166666666667,9.083333333333334,0.006017200066708028,5.061574378055008,True,10112,0.0,0.0,8.409314566477607e-16
rank1_feedback_n8_T32_s9401102,rank1_feedback,8,32,9401102,96,8,768,online_svd,832,6656,832,1.0833333333333333,8.666666666666666,0.007625100086443126,6.414114671237887,True,14272,1.1315385919213927e-15,2.6645352591003757e-15,1.1513810690078768e-14
rank1_feedback_n8_T32_s9401102,rank1_feedback,8,32,9401102,96,8,768,online_local_residual,1096,8768,1096,1.4270833333333333,11.416666666666666,0.018632400082424283,15.67328289126753,True,16096,9.99543874573204e-17,1.942890293094024e-16,1.2289302798630437e-15
rank1_feedback_n8_T32_s9401103,rank1_feedback,8,32,9401103,96,8,768,packed_exact,872,6976,872,1.1354166666666667,9.083333333333334,0.005916699999943376,4.407553328039258,True,10112,0.0,0.0,3.358763643484218e-16
rank1_feedback_n8_T32_s9401103,rank1_feedback,8,32,9401103,96,8,768,online_svd,832,6656,832,1.0833333333333333,8.666666666666666,0.007342500030063093,5.469680809225185,True,14272,1.4426475042437052e-15,3.1086244689504383e-15,9.934606154135478e-15
rank1_feedback_n8_T32_s9401103,rank1_feedback,8,32,9401103,96,8,768,online_local_residual,1096,8768,1096,1.4270833333333333,11.416666666666666,0.018357399967499077,13.675058617417253,True,16096,4.8853116396457877e-17,1.1102230246251565e-16,3.5028899137253707e-16
rank1_feedback_n8_T32_s9401104,rank1_feedback,8,32,9401104,96,8,768,packed_exact,872,6976,872,1.1354166666666667,9.083333333333334,0.00574409996625036,4.959078048520155,True,10112,0.0,0.0,6.166785337129817e-16
rank1_feedback_n8_T32_s9401104,rank1_feedback,8,32,9401104,96,8,768,online_svd,832,6656,832,1.0833333333333333,8.666666666666666,0.0072453999891877174,6.255201728772093,True,14272,1.388557857370664e-15,2.220446049250313e-15,1.2228102928472298e-14
rank1_feedback_n8_T32_s9401104,rank1_feedback,8,32,9401104,96,8,768,online_local_residual,1096,8768,1096,1.4270833333333333,11.416666666666666,0.017064900021068752,14.732712103183596,True,16096,5.360657027801433e-17,1.6653345369377348e-16,6.166785337129817e-16
rank1_feedback_n8_T128_s9401100,rank1_feedback,8,128,9401100,96,8,768,packed_exact,872,6976,872,1.1354166666666667,9.083333333333334,0.021717900061048567,5.400044918519404,True,10112,0.0,0.0,3.9909446925381955e-16
rank1_feedback_n8_T128_s9401100,rank1_feedback,8,128,9401100,96,8,768,online_svd,832,6656,832,1.0833333333333333,8.666666666666666,0.030225499998778105,7.515416187536758,True,14272,1.271817811231421e-15,2.1371793224034263e-15,4.6900887968122855e-15
rank1_feedback_n8_T128_s9401100,rank1_feedback,8,128,9401100,96,8,768,online_local_residual,1096,8768,1096,1.4270833333333333,11.416666666666666,0.06796280003618449,16.89860308557056,True,16096,3.957278592796232e-16,1.1657341758564144e-15,1.5030486727885784e-15
rank1_feedback_n8_T128_s9401101,rank1_feedback,8,128,9401101,96,8,768,packed_exact,872,6976,872,1.1354166666666667,9.083333333333334,0.021183100063353777,5.215842287206087,True,10112,0.0,0.0,4.153329240104358e-16
rank1_feedback_n8_T128_s9401101,rank1_feedback,8,128,9401101,96,8,768,online_svd,832,6656,832,1.0833333333333333,8.666666666666666,0.02935950004030019,7.229089292097778,True,14272,1.1050381094917307e-15,2.886579864025407e-15,6.2735355935149344e-15
rank1_feedback_n8_T128_s9401101,rank1_feedback,8,128,9401101,96,8,768,online_local_residual,1096,8768,1096,1.4270833333333333,11.416666666666666,0.0674556999001652,16.609386303236906,True,16096,1.634424352167026e-16,4.163336342344337e-16,1.3914642595036976e-15
rank1_feedback_n8_T128_s9401102,rank1_feedback,8,128,9401102,96,8,768,packed_exact,872,6976,872,1.1354166666666667,9.083333333333334,0.02057649998459965,5.113317376768516,True,10112,0.0,0.0,6.606867965210764e-16
rank1_feedback_n8_T128_s9401102,rank1_feedback,8,128,9401102,96,8,768,online_svd,832,6656,832,1.0833333333333333,8.666666666666666,0.029501100070774555,7.331105277310526,True,14272,7.206791326437402e-16,1.1102230246251565e-15,3.496170462665597e-15
rank1_feedback_n8_T128_s9401102,rank1_feedback,8,128,9401102,96,8,768,online_local_residual,1096,8768,1096,1.4270833333333333,11.416666666666666,0.0670769999269396,16.66882072094994,True,16096,1.205243604796671e-16,3.191891195797325e-16,7.833387758061486e-16
rank1_feedback_n8_T128_s9401103,rank1_feedback,8,128,9401103,96,8,768,packed_exact,872,6976,872,1.1354166666666667,9.083333333333334,0.020399099914357066,4.546976279226959,True,10112,0.0,0.0,5.869409108084707e-16
rank1_feedback_n8_T128_s9401103,rank1_feedback,8,128,9401103,96,8,768,online_svd,832,6656,832,1.0833333333333333,8.666666666666666,0.030778000014834106,6.860441714440638,True,14272,1.360334451652723e-15,2.3071822230491534e-15,5.155120065365585e-15
rank1_feedback_n8_T128_s9401103,rank1_feedback,8,128,9401103,96,8,768,online_local_residual,1096,8768,1096,1.4270833333333333,11.416666666666666,0.0689934000838548,15.37868606563911,True,16096,9.573560357497106e-17,1.942890293094024e-16,6.046530753319188e-16
rank1_feedback_n8_T128_s9401104,rank1_feedback,8,128,9401104,96,8,768,packed_exact,872,6976,872,1.1354166666666667,9.083333333333334,0.0213199999416247,5.128575207907807,True,10112,0.0,0.0,6.158071321465944e-16
rank1_feedback_n8_T128_s9401104,rank1_feedback,8,128,9401104,96,8,768,online_svd,832,6656,832,1.0833333333333333,8.666666666666666,0.030659499927423894,7.37521349179961,True,14272,1.1498308353973832e-15,1.788499903732088e-15,2.488105367377591e-15
rank1_feedback_n8_T128_s9401104,rank1_feedback,8,128,9401104,96,8,768,online_local_residual,1096,8768,1096,1.4270833333333333,11.416666666666666,0.06728610000573099,16.185826701268752,True,16096,2.1888338802256855e-17,5.551115123125783e-17,6.158071321465944e-16
rank1_feedback_n16_T32_s9401100,rank1_feedback,16,32,9401100,320,16,5120,packed_exact,5456,43648,5456,1.065625,17.05,0.006681500002741814,5.188305530640696,True,64768,0.0,0.0,9.138839804906567e-16
rank1_feedback_n16_T32_s9401100,rank1_feedback,16,32,9401100,320,16,5120,online_svd,5376,43008,5376,1.05,16.8,0.010726300068199635,8.329165897525229,True,91648,2.4247201755698562e-15,9.037909309839165e-15,3.898045867236758e-15
rank1_feedback_n16_T32_s9401100,rank1_feedback,16,32,9401100,320,16,5120,online_local_residual,6288,50304,6288,1.228125,19.65,0.02923499990720302,22.701505896068003,True,100416,1.7004440243438257e-16,5.273559366969494e-16,9.054582584914795e-16
rank1_feedback_n16_T32_s9401100,rank1_feedback,16,32,9401100,320,16,5120,unfused_kronecker_history,9792,78336,9792,1.9125,30.6,0.007101299939677119,5.514287770208201,True,78592,4.359862759701179e-17,1.1102230246251565e-16,9.138839804906567e-16
rank1_feedback_n16_T32_s9401101,rank1_feedback,16,32,9401101,320,16,5120,packed_exact,5456,43648,5456,1.065625,17.05,0.006449300097301602,5.58913288791027,True,64768,0.0,0.0,8.785177461890508e-16
rank1_feedback_n16_T32_s9401101,rank1_feedback,16,32,9401101,320,16,5120,online_svd,5376,43008,5376,1.05,16.8,0.01147779996972531,9.946962976414772,True,91648,1.8722375132114116e-15,4.440892098500626e-15,3.0358902557453513e-15
rank1_feedback_n16_T32_s9401101,rank1_feedback,16,32,9401101,320,16,5120,online_local_residual,6288,50304,6288,1.228125,19.65,0.029863399919122458,25.88040688362755,True,100416,9.49006761592309e-17,2.220446049250313e-16,1.1921140119156152e-15
rank1_feedback_n16_T32_s9401102,rank1_feedback,16,32,9401102,320,16,5120,packed_exact,5456,43648,5456,1.065625,17.05,0.006971700000576675,5.993552220558193,True,64768,0.0,0.0,4.64932618616248e-16
rank1_feedback_n16_T32_s9401102,rank1_feedback,16,32,9401102,320,16,5120,online_svd,5376,43008,5376,1.05,16.8,0.012043900089338422,10.354109344731466,True,91648,1.544643521376081e-15,2.4424906541753444e-15,2.6689021399470134e-15
rank1_feedback_n16_T32_s9401102,rank1_feedback,16,32,9401102,320,16,5120,online_local_residual,6288,50304,6288,1.228125,19.65,0.031491499976255,27.07316000341079,True,100416,8.118391529859807e-17,2.220446049250313e-16,4.3457724217613104e-16
rank1_feedback_n16_T32_s9401103,rank1_feedback,16,32,9401103,320,16,5120,packed_exact,5456,43648,5456,1.065625,17.05,0.00642549991607666,5.80075858611655,True,64768,0.0,0.0,3.792783332055946e-16
rank1_feedback_n16_T32_s9401103,rank1_feedback,16,32,9401103,320,16,5120,online_svd,5376,43008,5376,1.05,16.8,0.010698799975216389,9.658572348915984,True,91648,1.3447212275818974e-15,2.4424906541753444e-15,1.9048610870455867e-15
rank1_feedback_n16_T32_s9401103,rank1_feedback,16,32,9401103,320,16,5120,online_local_residual,6288,50304,6288,1.228125,19.65,0.02978930005338043,26.892932894870977,True,100416,1.18487616750209e-16,2.914335439641036e-16,5.743096815028821e-16
rank1_feedback_n16_T32_s9401104,rank1_feedback,16,32,9401104,320,16,5120,packed_exact,5456,43648,5456,1.065625,17.05,0.0062414000276476145,6.017546701092915,True,64768,0.0,0.0,3.3472409923362237e-16
rank1_feedback_n16_T32_s9401104,rank1_feedback,16,32,9401104,320,16,5120,online_svd,5376,43008,5376,1.05,16.8,0.010624400107190013,10.243346610200975,True,91648,2.02604592720789e-15,4.767020111984266e-15,2.9915577005069793e-15
rank1_feedback_n16_T32_s9401104,rank1_feedback,16,32,9401104,320,16,5120,online_local_residual,6288,50304,6288,1.228125,19.65,0.028798400075174868,27.76552001177173,True,100416,5.4918789805842845e-17,1.6653345369377348e-16,3.986315706280389e-16
rank1_feedback_n16_T128_s9401100,rank1_feedback,16,128,9401100,320,16,5120,packed_exact,5456,43648,5456,1.065625,17.05,0.023670800030231476,5.261229992774338,True,64768,0.0,0.0,5.611697890743808e-16
rank1_feedback_n16_T128_s9401100,rank1_feedback,16,128,9401100,320,16,5120,online_svd,5376,43008,5376,1.05,16.8,0.04165560007095337,9.258651679723963,True,91648,2.770647825492811e-15,9.279035872999941e-15,3.2925535672827126e-15
rank1_feedback_n16_T128_s9401100,rank1_feedback,16,128,9401100,320,16,5120,online_local_residual,6288,50304,6288,1.228125,19.65,0.11503670003730804,25.5688247010277,True,100416,6.507264995851806e-17,2.220446049250313e-16,5.546829464355922e-16
rank1_feedback_n16_T128_s9401101,rank1_feedback,16,128,9401101,320,16,5120,packed_exact,5456,43648,5456,1.065625,17.05,0.027403899934142828,6.336161853312549,True,64768,0.0,0.0,4.1340795260550814e-16
rank1_feedback_n16_T128_s9401101,rank1_feedback,16,128,9401101,320,16,5120,online_svd,5376,43008,5376,1.05,16.8,0.05081370007246733,11.7488324216107,True,91648,1.5927946700446566e-15,2.4424906541753444e-15,2.572083235896414e-15
rank1_feedback_n16_T128_s9401101,rank1_feedback,16,128,9401101,320,16,5120,online_local_residual,6288,50304,6288,1.228125,19.65,0.12285210005939007,28.405109924730564,True,100416,8.997168723060747e-17,2.42861286636753e-16,4.112749452186339e-16
rank1_feedback_n16_T128_s9401102,rank1_feedback,16,128,9401102,320,16,5120,packed_exact,5456,43648,5456,1.065625,17.05,0.02386399998795241,5.323102421257489,True,64768,0.0,0.0,3.6881533304512867e-16
rank1_feedback_n16_T128_s9401102,rank1_feedback,16,128,9401102,320,16,5120,online_svd,5376,43008,5376,1.05,16.8,0.04278599994722754,9.543842609369342,True,91648,2.9588204963063522e-15,8.590350653037149e-15,3.455201559442608e-15
rank1_feedback_n16_T128_s9401102,rank1_feedback,16,128,9401102,320,16,5120,online_local_residual,6288,50304,6288,1.228125,19.65,0.12291259993799031,27.41687724871256,True,100416,9.410928526837085e-17,3.2612801348363973e-16,3.7537172568517905e-16
rank1_feedback_n16_T128_s9401103,rank1_feedback,16,128,9401103,320,16,5120,packed_exact,5456,43648,5456,1.065625,17.05,0.02549249993171543,5.0650704976536405,True,64768,0.0,0.0,5.436945423195346e-16
rank1_feedback_n16_T128_s9401103,rank1_feedback,16,128,9401103,320,16,5120,online_svd,5376,43008,5376,1.05,16.8,0.043644099961966276,8.671587474988227,True,91648,1.632024683950634e-15,4.440892098500626e-15,2.239194501465051e-15
rank1_feedback_n16_T128_s9401103,rank1_feedback,16,128,9401103,320,16,5120,online_local_residual,6288,50304,6288,1.228125,19.65,0.11689059995114803,23.224835965538567,True,100416,6.52770957547489e-17,2.220446049250313e-16,5.481236079611983e-16
rank1_feedback_n16_T128_s9401104,rank1_feedback,16,128,9401104,320,16,5120,packed_exact,5456,43648,5456,1.065625,17.05,0.02378140005748719,5.775128057135471,True,64768,0.0,0.0,4.278298982422054e-16
rank1_feedback_n16_T128_s9401104,rank1_feedback,16,128,9401104,320,16,5120,online_svd,5376,43008,5376,1.05,16.8,0.04364789999090135,10.599553065133211,True,91648,2.686859109247227e-15,9.076940588048643e-15,2.0656216694396992e-15
rank1_feedback_n16_T128_s9401104,rank1_feedback,16,128,9401104,320,16,5120,online_local_residual,6288,50304,6288,1.228125,19.65,0.11726790003012866,28.477597535395585,True,100416,5.728814271916796e-17,2.220446049250313e-16,4.274063554227546e-16
full_feedback_n8_T32_s9401100,full_feedback,8,32,9401100,136,8,1088,packed_exact,1232,9856,1232,1.1323529411764706,9.058823529411764,0.005767700029537082,4.738887721430396,True,13952,0.0,0.0,3.024160930017656e-16
full_feedback_n8_T32_s9401100,full_feedback,8,32,9401100,136,8,1088,online_svd,1152,9216,1152,1.0588235294117647,8.470588235294118,0.007511200034059584,6.171391270753966,True,19712,1.0199401489176871e-15,8.743006318923108e-16,1.3794965618467662e-15
full_feedback_n8_T32_s9401100,full_feedback,8,32,9401100,136,8,1088,online_local_residual,1432,11456,1432,1.3161764705882353,10.529411764705882,0.01714939996600151,14.09037926948259,True,21920,4.2622372521393264e-16,3.3306690738754696e-16,8.305261891643651e-16
full_feedback_n8_T32_s9401100,full_feedback,8,32,9401100,136,8,1088,unfused_kronecker_history,2952,23616,2952,2.713235294117647,21.705882352941178,0.00677540001925081,5.566839432456394,True,19328,4.4218699914844875e-17,5.551115123125783e-17,2.9243332690864767e-16
full_feedback_n8_T32_s9401101,full_feedback,8,32,9401101,136,8,1088,packed_exact,1232,9856,1232,1.1323529411764706,9.058823529411764,0.005761799984611571,7.000120644220336,True,13952,0.0,0.0,3.9685700256199604e-16
full_feedback_n8_T32_s9401101,full_feedback,8,32,9401101,136,8,1088,online_svd,1152,9216,1152,1.0588235294117647,8.470588235294118,0.007354100001975894,8.934636290912959,True,19712,1.2818095786582102e-15,1.096345236817342e-15,2.9382315762101005e-15
full_feedback_n8_T32_s9401101,full_feedback,8,32,9401101,136,8,1088,online_local_residual,1432,11456,1432,1.3161764705882353,10.529411764705882,0.01678820000961423,20.396304241811187,True,21920,3.620256120476697e-16,3.3306690738754696e-16,1.0491870036922362e-15
full_feedback_n8_T32_s9401102,full_feedback,8,32,9401102,136,8,1088,packed_exact,1232,9856,1232,1.1323529411764706,9.058823529411764,0.005740599939599633,5.150829969701724,True,13952,0.0,0.0,3.2675849921764797e-16
full_feedback_n8_T32_s9401102,full_feedback,8,32,9401102,136,8,1088,online_svd,1152,9216,1152,1.0588235294117647,8.470588235294118,0.007575599942356348,6.797308231216187,True,19712,9.393926612821906e-16,6.869504964868156e-16,2.028749969109298e-15
full_feedback_n8_T32_s9401102,full_feedback,8,32,9401102,136,8,1088,online_local_residual,1432,11456,1432,1.3161764705882353,10.529411764705882,0.017444800003431737,15.652579803252358,True,21920,4.554844078493397e-16,3.885780586188048e-16,9.330886011922731e-16
full_feedback_n8_T32_s9401103,full_feedback,8,32,9401103,136,8,1088,packed_exact,1232,9856,1232,1.1323529411764706,9.058823529411764,0.0063369000563398,7.4254748214687645,True,13952,0.0,0.0,2.711973867182727e-16
full_feedback_n8_T32_s9401103,full_feedback,8,32,9401103,136,8,1088,online_svd,1152,9216,1152,1.0588235294117647,8.470588235294118,0.008790199994109571,10.300211168177446,True,19712,1.2714684430787496e-15,1.3322676295501878e-15,1.3412043335983728e-15
full_feedback_n8_T32_s9401103,full_feedback,8,32,9401103,136,8,1088,online_local_residual,1432,11456,1432,1.3161764705882353,10.529411764705882,0.0166175999911502,19.472229202048933,True,21920,5.02723065101453e-16,3.885780586188048e-16,5.987716003319075e-16
full_feedback_n8_T32_s9401104,full_feedback,8,32,9401104,136,8,1088,packed_exact,1232,9856,1232,1.1323529411764706,9.058823529411764,0.005677700042724609,5.5343600516271705,True,13952,0.0,0.0,4.77134545194362e-16
full_feedback_n8_T32_s9401104,full_feedback,8,32,9401104,136,8,1088,online_svd,1152,9216,1152,1.0588235294117647,8.470588235294118,0.008010599995031953,7.808363292963767,True,19712,9.988986956000198e-16,7.632783294297951e-16,1.3686748127472325e-15
full_feedback_n8_T32_s9401104,full_feedback,8,32,9401104,136,8,1088,online_local_residual,1432,11456,1432,1.3161764705882353,10.529411764705882,0.016822500037960708,16.39779690332297,True,21920,4.924360055125546e-16,4.163336342344337e-16,5.891601014029279e-16
full_feedback_n8_T128_s9401100,full_feedback,8,128,9401100,136,8,1088,packed_exact,1232,9856,1232,1.1323529411764706,9.058823529411764,0.02181649999693036,6.4399148567143465,True,13952,0.0,0.0,3.5755825548701053e-16
full_feedback_n8_T128_s9401100,full_feedback,8,128,9401100,136,8,1088,online_svd,1152,9216,1152,1.0588235294117647,8.470588235294118,0.03027660003863275,8.93721387147449,True,19712,9.887514448077385e-16,9.020562075079397e-16,1.9251965980894294e-15
full_feedback_n8_T128_s9401100,full_feedback,8,128,9401100,136,8,1088,online_local_residual,1432,11456,1432,1.3161764705882353,10.529411764705882,0.06666789995506406,19.679398594961217,True,21920,3.923418979510871e-16,4.440892098500626e-16,7.773625094977601e-16
full_feedback_n8_T128_s9401101,full_feedback,8,128,9401101,136,8,1088,packed_exact,1232,9856,1232,1.1323529411764706,9.058823529411764,0.02370839996729046,6.019193542833422,True,13952,0.0,0.0,3.037678106420571e-16
full_feedback_n8_T128_s9401101,full_feedback,8,128,9401101,136,8,1088,online_svd,1152,9216,1152,1.0588235294117647,8.470588235294118,0.033936699968762696,8.615999628776171,True,19712,1.5127515487111613e-15,1.3322676295501878e-15,1.3138701852324982e-15
full_feedback_n8_T128_s9401101,full_feedback,8,128,9401101,136,8,1088,online_local_residual,1432,11456,1432,1.3161764705882353,10.529411764705882,0.0724845000077039,18.40268575710819,True,21920,9.45142320248107e-16,8.98586760555986e-16,8.301582931029239e-16
full_feedback_n8_T128_s9401102,full_feedback,8,128,9401102,136,8,1088,packed_exact,1232,9856,1232,1.1323529411764706,9.058823529411764,0.02344370004720986,6.501844348416593,True,13952,0.0,0.0,4.336897905759302e-16
full_feedback_n8_T128_s9401102,full_feedback,8,128,9401102,136,8,1088,online_svd,1152,9216,1152,1.0588235294117647,8.470588235294118,0.03524190001189709,9.773941312949292,True,19712,1.3016234576041955e-15,1.5543122344752192e-15,1.4121414182572742e-15
full_feedback_n8_T128_s9401102,full_feedback,8,128,9401102,136,8,1088,online_local_residual,1432,11456,1432,1.3161764705882353,10.529411764705882,0.06927799992263317,19.213467642032295,True,21920,4.853938129404768e-16,3.469446951953614e-16,1.0666310218894484e-15
full_feedback_n8_T128_s9401103,full_feedback,8,128,9401103,136,8,1088,packed_exact,1232,9856,1232,1.1323529411764706,9.058823529411764,0.02176919998601079,6.701308177064386,True,13952,0.0,0.0,4.365691694488131e-16
full_feedback_n8_T128_s9401103,full_feedback,8,128,9401103,136,8,1088,online_svd,1152,9216,1152,1.0588235294117647,8.470588235294118,0.02939769998192787,9.049622742332097,True,19712,1.0021247791711882e-15,1.2212453270876722e-15,2.331770593999783e-15
full_feedback_n8_T128_s9401103,full_feedback,8,128,9401103,136,8,1088,online_local_residual,1432,11456,1432,1.3161764705882353,10.529411764705882,0.06739310000557452,20.74591314496139,True,21920,3.3777017137386224e-16,3.0531133177191805e-16,7.651872806880959e-16
full_feedback_n8_T128_s9401104,full_feedback,8,128,9401104,136,8,1088,packed_exact,1232,9856,1232,1.1323529411764706,9.058823529411764,0.02150529995560646,6.68717923025288,True,13952,0.0,0.0,5.001890051326589e-16
full_feedback_n8_T128_s9401104,full_feedback,8,128,9401104,136,8,1088,online_svd,1152,9216,1152,1.0588235294117647,8.470588235294118,0.03053920005913824,9.4963150835181,True,19712,1.969402664249127e-15,2.192690473634684e-15,1.6534466592646725e-15
full_feedback_n8_T128_s9401104,full_feedback,8,128,9401104,136,8,1088,online_local_residual,1432,11456,1432,1.3161764705882353,10.529411764705882,0.07152100000530481,22.239808175179807,True,21920,6.669525771026108e-16,9.43689570931383e-16,8.347047632968968e-16
full_feedback_n16_T32_s9401100,full_feedback,16,32,9401100,528,16,8448,packed_exact,8992,71936,8992,1.0643939393939394,17.03030303030303,0.009658699971623719,10.192802864730949,True,104704,0.0,0.0,3.116568320918079e-16
full_feedback_n16_T32_s9401100,full_feedback,16,32,9401100,528,16,8448,online_svd,8704,69632,8704,1.0303030303030303,16.484848484848484,0.013689500046893954,14.44649649586932,True,148224,1.5106349930672434e-15,1.2212453270876722e-15,1.6358626957874534e-15
full_feedback_n16_T32_s9401100,full_feedback,16,32,9401100,528,16,8448,online_local_residual,9776,78208,9776,1.1571969696969697,18.515151515151516,0.0327763999812305,34.588856119949554,True,160960,8.701502765415974e-16,6.661338147750939e-16,1.0251028008463374e-15
full_feedback_n16_T32_s9401100,full_feedback,16,32,9401100,528,16,8448,unfused_kronecker_history,13328,106624,13328,1.5776515151515151,25.242424242424242,0.008323199930600822,8.783452881402075,True,118528,5.918160637810805e-17,5.551115123125783e-17,3.116568320918079e-16
full_feedback_n16_T32_s9401101,full_feedback,16,32,9401101,528,16,8448,packed_exact,8992,71936,8992,1.0643939393939394,17.03030303030303,0.009911299915984273,11.782334625406856,True,104704,0.0,0.0,2.9539470090993843e-16
full_feedback_n16_T32_s9401101,full_feedback,16,32,9401101,528,16,8448,online_svd,8704,69632,8704,1.0303030303030303,16.484848484848484,0.015509800054132938,18.437708046371828,True,148224,2.7712172277047053e-15,2.9698465908722937e-15,2.571047117790166e-15
full_feedback_n16_T32_s9401101,full_feedback,16,32,9401101,528,16,8448,online_local_residual,9776,78208,9776,1.1571969696969697,18.515151515151516,0.03345029999036342,39.76497847382171,True,160960,9.98727515092563e-16,9.159339953157541e-16,1.1499245406754648e-15
full_feedback_n16_T32_s9401102,full_feedback,16,32,9401102,528,16,8448,packed_exact,8992,71936,8992,1.0643939393939394,17.03030303030303,0.008580699912272394,8.69900586702973,True,104704,0.0,0.0,2.966238069421508e-16
full_feedback_n16_T32_s9401102,full_feedback,16,32,9401102,528,16,8448,online_svd,8704,69632,8704,1.0303030303030303,16.484848484848484,0.01330180000513792,13.485197882430917,True,148224,3.2863846371047838e-15,2.942091015256665e-15,5.948088474723365e-15
full_feedback_n16_T32_s9401102,full_feedback,16,32,9401102,528,16,8448,online_local_residual,9776,78208,9776,1.1571969696969697,18.515151515151516,0.031714600045233965,32.15186344757392,True,160960,6.742036534454993e-16,6.106226635438361e-16,7.517895970019536e-16
full_feedback_n16_T32_s9401103,full_feedback,16,32,9401103,528,16,8448,packed_exact,8992,71936,8992,1.0643939393939394,17.03030303030303,0.008730600005947053,11.471029164402271,True,104704,0.0,0.0,3.468447448345626e-16
full_feedback_n16_T32_s9401103,full_feedback,16,32,9401103,528,16,8448,online_svd,8704,69632,8704,1.0303030303030303,16.484848484848484,0.0170225000474602,22.365655781096972,True,148224,1.7650748775821626e-15,1.5543122344752192e-15,1.9792748133516056e-15
full_feedback_n16_T32_s9401103,full_feedback,16,32,9401103,528,16,8448,online_local_residual,9776,78208,9776,1.1571969696969697,18.515151515151516,0.033415099955163896,43.90369342954716,True,160960,9.384233610702272e-16,6.38378239159465e-16,9.662126225806453e-16
full_feedback_n16_T32_s9401104,full_feedback,16,32,9401104,528,16,8448,packed_exact,8992,71936,8992,1.0643939393939394,17.03030303030303,0.009561700047925115,10.62529194386295,True,104704,0.0,0.0,3.4644466944050456e-16
full_feedback_n16_T32_s9401104,full_feedback,16,32,9401104,528,16,8448,online_svd,8704,69632,8704,1.0303030303030303,16.484848484848484,0.013595500029623508,15.107790059665602,True,148224,2.3729128692331673e-15,2.0261570199409107e-15,2.338490395130437e-15
full_feedback_n16_T32_s9401104,full_feedback,16,32,9401104,528,16,8448,online_local_residual,9776,78208,9776,1.1571969696969697,18.515151515151516,0.03357600001618266,37.310813003018595,True,160960,9.96422420914839e-16,1.3253287356462806e-15,1.3587146903112515e-15
full_feedback_n16_T128_s9401100,full_feedback,16,128,9401100,528,16,8448,packed_exact,8992,71936,8992,1.0643939393939394,17.03030303030303,0.032198800006881356,9.877841799797997,True,104704,0.0,0.0,5.402855098492698e-16
full_feedback_n16_T128_s9401100,full_feedback,16,128,9401100,528,16,8448,online_svd,8704,69632,8704,1.0303030303030303,16.484848484848484,0.05391719995532185,16.540540993233396,True,148224,1.7118833801916659e-15,1.4432899320127035e-15,1.9684003476203846e-15
full_feedback_n16_T128_s9401100,full_feedback,16,128,9401100,528,16,8448,online_local_residual,9776,78208,9776,1.1571969696969697,18.515151515151516,0.12613180000334978,38.69429811330175,True,160960,1.131437286198761e-15,8.881784197001252e-16,8.482451044965322e-16
full_feedback_n16_T128_s9401101,full_feedback,16,128,9401101,528,16,8448,packed_exact,8992,71936,8992,1.0643939393939394,17.03030303030303,0.032758899964392185,10.207172698615553,True,104704,0.0,0.0,3.6176689824826713e-16
full_feedback_n16_T128_s9401101,full_feedback,16,128,9401101,528,16,8448,online_svd,8704,69632,8704,1.0303030303030303,16.484848484848484,0.05189040000550449,16.168255797115958,True,148224,2.376768654366345e-15,2.4424906541753444e-15,1.9140051479666382e-15
full_feedback_n16_T128_s9401101,full_feedback,16,128,9401101,528,16,8448,online_local_residual,9776,78208,9776,1.1571969696969697,18.515151515151516,0.12551070004701614,39.10721642962833,True,160960,6.270052701946845e-16,3.885780586188048e-16,6.276643159868858e-16
full_feedback_n16_T128_s9401102,full_feedback,16,128,9401102,528,16,8448,packed_exact,8992,71936,8992,1.0643939393939394,17.03030303030303,0.03581969998776913,11.38579157275917,True,104704,0.0,0.0,3.296146375523936e-16
full_feedback_n16_T128_s9401102,full_feedback,16,128,9401102,528,16,8448,online_svd,8704,69632,8704,1.0303030303030303,16.484848484848484,0.062493500066921115,19.864431211236678,True,148224,2.6208607487379634e-15,2.192690473634684e-15,3.1873945045583534e-15
full_feedback_n16_T128_s9401102,full_feedback,16,128,9401102,528,16,8448,online_local_residual,9776,78208,9776,1.1571969696969697,18.515151515151516,0.12864540005102754,40.891735896039414,True,160960,9.8518634734666e-16,1.0408340855860843e-15,7.409610056203152e-16
full_feedback_n16_T128_s9401103,full_feedback,16,128,9401103,528,16,8448,packed_exact,8992,71936,8992,1.0643939393939394,17.03030303030303,0.03224540001247078,10.058142915777713,True,104704,0.0,0.0,3.408509763602935e-16
full_feedback_n16_T128_s9401103,full_feedback,16,128,9401103,528,16,8448,online_svd,8704,69632,8704,1.0303030303030303,16.484848484848484,0.05507150001358241,17.17817169297453,True,148224,2.3195017087232136e-15,2.1371793224034263e-15,2.3303331464604517e-15
full_feedback_n16_T128_s9401103,full_feedback,16,128,9401103,528,16,8448,online_local_residual,9776,78208,9776,1.1571969696969697,18.515151515151516,0.12657940003555268,39.483265683123804,True,160960,8.229653050847905e-16,5.828670879282072e-16,8.748622574113141e-16
full_feedback_n16_T128_s9401104,full_feedback,16,128,9401104,528,16,8448,packed_exact,8992,71936,8992,1.0643939393939394,17.03030303030303,0.03234160004649311,9.942389965170241,True,104704,0.0,0.0,3.586967145816851e-16
full_feedback_n16_T128_s9401104,full_feedback,16,128,9401104,528,16,8448,online_svd,8704,69632,8704,1.0303030303030303,16.484848484848484,0.05385070003103465,16.554674438997246,True,148224,3.247810384143973e-15,3.8441472227646045e-15,2.6892923088144824e-15
full_feedback_n16_T128_s9401104,full_feedback,16,128,9401104,528,16,8448,online_local_residual,9776,78208,9776,1.1571969696969697,18.515151515151516,0.12948390003293753,39.8056814284975,True,160960,5.984859720515551e-16,8.881784197001252e-16,1.0795028405048493e-15
deep3_n8_T32_s9401100,deep3,8,32,9401100,408,24,9792,packed_exact,6984,55872,6984,0.7132352941176471,17.11764705882353,0.018562800018116832,8.93645299347442,True,70720,2.057767962429454e-17,8.326672684688674e-17,7.27796276259435e-16
deep3_n8_T32_s9401100,deep3,8,32,9401100,408,24,9792,online_svd,10368,82944,10368,1.0588235294117647,25.41176470588235,0.02596479991916567,12.499903771851972,True,132352,2.028055211195306e-15,2.886579864025407e-15,1.2894860359155276e-14
deep3_n8_T32_s9401100,deep3,8,32,9401100,408,24,9792,online_local_residual,14664,117312,14664,1.4975490196078431,35.94117647058823,0.06014419998973608,28.95445813744899,True,159328,8.082726446057213e-16,8.049116928532385e-16,3.466546869498678e-15
deep3_n8_T32_s9401101,deep3,8,32,9401101,408,24,9792,packed_exact,6984,55872,6984,0.7132352941176471,17.11764705882353,0.019056000048294663,8.192605294805034,True,70720,1.4162624971119516e-17,2.7755575615628914e-17,3.9815051405347363e-16
deep3_n8_T32_s9401101,deep3,8,32,9401101,408,24,9792,online_svd,10368,82944,10368,1.0588235294117647,25.41176470588235,0.029453200055286288,12.662596668259578,True,132352,3.775314273565429e-15,3.0896975170219386e-15,1.8495986246606675e-14
deep3_n8_T32_s9401101,deep3,8,32,9401101,408,24,9792,online_local_residual,14664,117312,14664,1.4975490196078431,35.94117647058823,0.06181520002428442,26.575752190119534,True,159328,7.454540773255062e-16,6.38378239159465e-16,5.754204805230462e-15
deep3_n8_T32_s9401102,deep3,8,32,9401102,408,24,9792,packed_exact,6984,55872,6984,0.7132352941176471,17.11764705882353,0.021760800038464367,9.55804410814603,True,70720,1.4271969071499342e-17,5.551115123125783e-17,6.827866333628514e-16
deep3_n8_T32_s9401102,deep3,8,32,9401102,408,24,9792,online_svd,10368,82944,10368,1.0588235294117647,25.41176470588235,0.03267640003468841,14.352527125607304,True,132352,2.2933158547060767e-15,1.734723475976807e-15,1.5060654477128212e-14
deep3_n8_T32_s9401102,deep3,8,32,9401102,408,24,9792,online_local_residual,14664,117312,14664,1.4975490196078431,35.94117647058823,0.05898789991624653,25.90938514437887,True,159328,8.016575363619061e-16,9.601694439531627e-16,3.673803577012515e-15
deep3_n8_T32_s9401103,deep3,8,32,9401103,408,24,9792,packed_exact,6984,55872,6984,0.7132352941176471,17.11764705882353,0.027807399979792535,11.555121311390396,True,70720,1.3760712668328921e-17,2.7755575615628914e-17,5.514610214722427e-16
deep3_n8_T32_s9401103,deep3,8,32,9401103,408,24,9792,online_svd,10368,82944,10368,1.0588235294117647,25.41176470588235,0.02883810002822429,11.983419681750073,True,132352,1.8912495155580585e-15,1.3893662090383385e-15,9.24047626028562e-15
deep3_n8_T32_s9401103,deep3,8,32,9401103,408,24,9792,online_local_residual,14664,117312,14664,1.4975490196078431,35.94117647058823,0.057820199988782406,24.026677273127028,True,159328,8.431588010986467e-16,8.881784197001252e-16,4.107353125657438e-15
deep3_n8_T32_s9401104,deep3,8,32,9401104,408,24,9792,packed_exact,6984,55872,6984,0.7132352941176471,17.11764705882353,0.019269200041890144,7.411230765166565,True,70720,1.3328485440150033e-17,2.7755575615628914e-17,7.776698115638102e-16
deep3_n8_T32_s9401104,deep3,8,32,9401104,408,24,9792,online_svd,10368,82944,10368,1.0588235294117647,25.41176470588235,0.027848799945786595,10.711076873066554,True,132352,2.0573259249766026e-15,1.5543122344752192e-15,1.805089744743896e-14
deep3_n8_T32_s9401104,deep3,8,32,9401104,408,24,9792,online_local_residual,14664,117312,14664,1.4975490196078431,35.94117647058823,0.05873829999472946,22.591653782624835,True,159328,8.007375269240783e-16,8.326672684688674e-16,5.354224440725411e-15
deep3_n8_T128_s9401100,deep3,8,128,9401100,408,24,9792,packed_exact,6984,55872,6984,0.7132352941176471,17.11764705882353,0.07417200005147606,8.28959729764901,True,70720,1.8531410812498208e-17,5.551115123125783e-17,5.119075897829663e-16
deep3_n8_T128_s9401100,deep3,8,128,9401100,408,24,9792,online_svd,10368,82944,10368,1.0588235294117647,25.41176470588235,0.10088580008596182,11.27518005693989,True,132352,1.7980847440416257e-15,1.4432899320127035e-15,1.2004332860860548e-14
deep3_n8_T128_s9401100,deep3,8,128,9401100,408,24,9792,online_local_residual,14664,117312,14664,1.4975490196078431,35.94117647058823,0.21197449997998774,23.690654707775238,True,159328,7.590493208136695e-16,6.401129626354418e-16,4.139118951977366e-15
deep3_n8_T128_s9401101,deep3,8,128,9401101,408,24,9792,packed_exact,6984,55872,6984,0.7132352941176471,17.11764705882353,0.07327319995965809,7.663518519001036,True,70720,2.8311763700078566e-17,1.1102230246251565e-16,5.431807569599537e-16
deep3_n8_T128_s9401101,deep3,8,128,9401101,408,24,9792,online_svd,10368,82944,10368,1.0588235294117647,25.41176470588235,0.10628389997873455,11.116051110189385,True,132352,1.981540484026661e-15,1.4432899320127035e-15,1.3809332807988042e-14
deep3_n8_T128_s9401101,deep3,8,128,9401101,408,24,9792,online_local_residual,14664,117312,14664,1.4975490196078431,35.94117647058823,0.22327630000654608,23.35208590448165,True,159328,5.172654006913033e-16,4.440892098500626e-16,4.3174135499717314e-15
deep3_n8_T128_s9401102,deep3,8,128,9401102,408,24,9792,packed_exact,6984,55872,6984,0.7132352941176471,17.11764705882353,0.07160499994643033,7.896013652345761,True,70720,2.5732242379379948e-17,1.1102230246251565e-16,7.142344395404362e-16
deep3_n8_T128_s9401102,deep3,8,128,9401102,408,24,9792,online_svd,10368,82944,10368,1.0588235294117647,25.41176470588235,0.10297020000871271,11.354711342250365,True,132352,1.834016590017546e-15,1.3322676295501878e-15,2.0273899391242278e-14
deep3_n8_T128_s9401102,deep3,8,128,9401102,408,24,9792,online_local_residual,14664,117312,14664,1.4975490196078431,35.94117647058823,0.2235905999550596,24.655742351820827,True,159328,1.0116071389025342e-15,8.881784197001252e-16,3.901828133204993e-15
deep3_n8_T128_s9401103,deep3,8,128,9401103,408,24,9792,packed_exact,6984,55872,6984,0.7132352941176471,17.11764705882353,0.07458240003325045,7.122486019549756,True,70720,1.131806688691802e-17,2.7755575615628914e-17,6.799116338835034e-16
deep3_n8_T128_s9401103,deep3,8,128,9401103,408,24,9792,online_svd,10368,82944,10368,1.0588235294117647,25.41176470588235,0.10759299993515015,10.274939362341227,True,132352,2.701677923304302e-15,3.552713678800501e-15,1.2038815870488406e-14
deep3_n8_T128_s9401103,deep3,8,128,9401103,408,24,9792,online_local_residual,14664,117312,14664,1.4975490196078431,35.94117647058823,0.21533959999214858,20.564547262031454,True,159328,8.170384959061816e-16,7.771561172376096e-16,5.393711148408665e-15
deep3_n8_T128_s9401104,deep3,8,128,9401104,408,24,9792,packed_exact,6984,55872,6984,0.7132352941176471,17.11764705882353,0.07086609990801662,7.645495702944573,True,70720,1.235595321611198e-17,2.7755575615628914e-17,8.2608586602028285e-16
deep3_n8_T128_s9401104,deep3,8,128,9401104,408,24,9792,online_svd,10368,82944,10368,1.0588235294117647,25.41176470588235,0.10155709995888174,10.95664037313993,True,132352,2.359341233043208e-15,1.970645868709653e-15,1.1599820665865378e-14
deep3_n8_T128_s9401104,deep3,8,128,9401104,408,24,9792,online_local_residual,14664,117312,14664,1.4975490196078431,35.94117647058823,0.21473480004351586,23.16698665703828,True,159328,9.772906128070612e-16,1.1657341758564144e-15,5.34065789759458e-15
deep3_n16_T32_s9401100,deep3,16,32,9401100,1584,48,76032,packed_exact,52368,418944,52368,0.6887626262626263,33.06060606060606,0.03405200003180653,13.760607879359364,True,540160,2.050475489816407e-17,4.163336342344337e-17,4.484404281137877e-16
deep3_n16_T32_s9401100,deep3,16,32,9401100,1584,48,76032,online_svd,78336,626688,78336,1.0303030303030303,49.45454545454545,0.07224609993863851,29.19506199753376,True,1007872,3.0376678059374317e-15,2.275957200481571e-15,9.280834252134835e-15
deep3_n16_T32_s9401100,deep3,16,32,9401100,1584,48,76032,online_local_residual,107664,861312,107664,1.4160353535353536,67.96969696969697,0.1532242998946458,61.91881553125111,True,1201216,1.1524072896287477e-15,9.610368056911511e-16,2.3052909711965e-15
deep3_n16_T32_s9401101,deep3,16,32,9401101,1584,48,76032,packed_exact,52368,418944,52368,0.6887626262626263,33.06060606060606,0.034085000050254166,14.675995782081143,True,540160,2.1169076467768126e-17,5.551115123125783e-17,6.272755013363666e-16
deep3_n16_T32_s9401101,deep3,16,32,9401101,1584,48,76032,online_svd,78336,626688,78336,1.0303030303030303,49.45454545454545,0.07010680006351322,30.185920507858523,True,1007872,2.5254144722399557e-15,1.5525775109992423e-15,8.117841562957678e-15
deep3_n16_T32_s9401101,deep3,16,32,9401101,1584,48,76032,online_local_residual,107664,861312,107664,1.4160353535353536,67.96969696969697,0.14354189997538924,61.80490877174041,True,1201216,8.653236728193962e-16,8.503744277422189e-16,3.1132566295473672e-15
deep3_n16_T32_s9401102,deep3,16,32,9401102,1584,48,76032,packed_exact,52368,418944,52368,0.6887626262626263,33.06060606060606,0.03650229994673282,14.257039868938985,True,540160,2.429617901249604e-17,5.551115123125783e-17,4.653881273858583e-16
deep3_n16_T32_s9401102,deep3,16,32,9401102,1584,48,76032,online_svd,78336,626688,78336,1.0303030303030303,49.45454545454545,0.07132450002245605,27.857867639469443,True,1007872,2.1205238193502225e-15,2.220446049250313e-15,6.735123261033518e-15
deep3_n16_T32_s9401102,deep3,16,32,9401102,1584,48,76032,online_local_residual,107664,861312,107664,1.4160353535353536,67.96969696969697,0.15950230008456856,62.29828407556833,True,1201216,9.421991179039654e-16,7.771561172376096e-16,3.0808568874895242e-15
deep3_n16_T32_s9401103,deep3,16,32,9401103,1584,48,76032,packed_exact,52368,418944,52368,0.6887626262626263,33.06060606060606,0.034055299940519035,14.665102113312585,True,540160,1.962151894809509e-17,5.551115123125783e-17,4.451293057174773e-16
deep3_n16_T32_s9401103,deep3,16,32,9401103,1584,48,76032,online_svd,78336,626688,78336,1.0303030303030303,49.45454545454545,0.07177319994661957,30.90741552870714,True,1007872,2.591170690058605e-15,1.8980599011352083e-15,1.1299256090369322e-14
deep3_n16_T32_s9401103,deep3,16,32,9401103,1584,48,76032,online_local_residual,107664,861312,107664,1.4160353535353536,67.96969696969697,0.14451769995503128,62.23309824677181,True,1201216,8.380820139149977e-16,5.898059818321144e-16,2.543562479200123e-15
deep3_n16_T32_s9401104,deep3,16,32,9401104,1584,48,76032,packed_exact,52368,418944,52368,0.6887626262626263,33.06060606060606,0.03534690011292696,13.735486593124547,True,540160,2.0670076932140092e-17,5.551115123125783e-17,4.572928910795569e-16
deep3_n16_T32_s9401104,deep3,16,32,9401104,1584,48,76032,online_svd,78336,626688,78336,1.0303030303030303,49.45454545454545,0.07416950003243983,28.82159878404025,True,1007872,2.0709344115011565e-15,1.0614679908877393e-15,6.879272028570217e-15
deep3_n16_T32_s9401104,deep3,16,32,9401104,1584,48,76032,online_local_residual,107664,861312,107664,1.4160353535353536,67.96969696969697,0.14546109992079437,56.52487152763154,True,1201216,7.144583319731885e-16,4.996003610813204e-16,2.4774702046194645e-15
deep3_n16_T128_s9401100,deep3,16,128,9401100,1584,48,76032,packed_exact,52368,418944,52368,0.6887626262626263,33.06060606060606,0.12577139993663877,13.17833562806272,True,540160,1.7200444780891117e-17,2.7755575615628914e-17,6.079684591259629e-16
deep3_n16_T128_s9401100,deep3,16,128,9401100,1584,48,76032,online_svd,78336,626688,78336,1.0303030303030303,49.45454545454545,0.2831404000753537,29.66746990123934,True,1007872,2.2206902897865742e-15,1.3322676295501878e-15,8.71971667533912e-15
deep3_n16_T128_s9401100,deep3,16,128,9401100,1584,48,76032,online_local_residual,107664,861312,107664,1.4160353535353536,67.96969696969697,0.5582251000450924,58.49086301105952,True,1201216,7.838707028216017e-16,6.366435156834882e-16,2.0476853142878858e-15
deep3_n16_T128_s9401101,deep3,16,128,9401101,1584,48,76032,packed_exact,52368,418944,52368,0.6887626262626263,33.06060606060606,0.12285960000008345,13.407789709918728,True,540160,2.2187883626735798e-17,5.551115123125783e-17,6.861659396185348e-16
deep3_n16_T128_s9401101,deep3,16,128,9401101,1584,48,76032,online_svd,78336,626688,78336,1.0303030303030303,49.45454545454545,0.281986300018616,30.77344392888376,True,1007872,1.9853147030207325e-15,1.016547956922409e-15,7.738987975543063e-15
deep3_n16_T128_s9401101,deep3,16,128,9401101,1584,48,76032,online_local_residual,107664,861312,107664,1.4160353535353536,67.96969696969697,0.552902500028722,60.33879689066546,True,1201216,8.85939359534918e-16,6.661338147750939e-16,3.1000380059524625e-15
deep3_n16_T128_s9401102,deep3,16,128,9401102,1584,48,76032,packed_exact,52368,418944,52368,0.6887626262626263,33.06060606060606,0.13067410001531243,13.619830393562513,True,540160,2.1302056299961225e-17,5.551115123125783e-17,5.05317047584764e-16
deep3_n16_T128_s9401102,deep3,16,128,9401102,1584,48,76032,online_svd,78336,626688,78336,1.0303030303030303,49.45454545454545,0.2883879999862984,30.057950633613178,True,1007872,3.595839565193704e-15,2.55351295663786e-15,1.3486307095176684e-14
deep3_n16_T128_s9401102,deep3,16,128,9401102,1584,48,76032,online_local_residual,107664,861312,107664,1.4160353535353536,67.96969696969697,0.5517358999932185,57.506035083208126,True,1201216,9.756253931017943e-16,8.881784197001252e-16,3.088152329734916e-15
deep3_n16_T128_s9401103,deep3,16,128,9401103,1584,48,76032,packed_exact,52368,418944,52368,0.6887626262626263,33.06060606060606,0.12365150009281933,11.971989786641906,True,540160,2.0031995926633084e-17,5.551115123125783e-17,6.216489081605537e-16
deep3_n16_T128_s9401103,deep3,16,128,9401103,1584,48,76032,online_svd,78336,626688,78336,1.0303030303030303,49.45454545454545,0.2824773999163881,27.349579618666898,True,1007872,2.2114726691133428e-15,1.2212453270876722e-15,7.438901305232022e-15
deep3_n16_T128_s9401103,deep3,16,128,9401103,1584,48,76032,online_local_residual,107664,861312,107664,1.4160353535353536,67.96969696969697,0.5508130999514833,53.32995395945601,True,1201216,9.177657382565678e-16,7.147060721024445e-16,2.1200178408888546e-15
deep3_n16_T128_s9401104,deep3,16,128,9401104,1584,48,76032,packed_exact,52368,418944,52368,0.6887626262626263,33.06060606060606,0.12489420000929385,11.958922198959197,True,540160,1.9107285967755025e-17,2.7755575615628914e-17,4.6449353344863e-16
deep3_n16_T128_s9401104,deep3,16,128,9401104,1584,48,76032,online_svd,78336,626688,78336,1.0303030303030303,49.45454545454545,0.28346559999044985,27.14251787604885,True,1007872,2.3725728607884125e-15,1.5543122344752192e-15,6.1698880234610784e-15
deep3_n16_T128_s9401104,deep3,16,128,9401104,1584,48,76032,online_local_residual,107664,861312,107664,1.4160353535353536,67.96969696969697,0.5556773999705911,53.20745713951271,True,1201216,7.90147338606181e-16,8.881784197001252e-16,2.4120617491463457e-15
explicit_feedback_n8_T32_s9401100,explicit_feedback,8,32,9401100,144,8,1152,packed_exact,1304,10432,1304,1.1319444444444444,9.055555555555555,0.009240400046110153,5.49108628611189,True,14720,0.0,0.0,2.9354814014748814e-16
explicit_feedback_n8_T32_s9401100,explicit_feedback,8,32,9401100,144,8,1152,online_svd,1216,9728,1216,1.0555555555555556,8.444444444444445,0.011486899922601879,6.8260636249716535,True,20800,9.493903254011975e-16,6.869504964868156e-16,1.5580478153500658e-14
explicit_feedback_n8_T32_s9401100,explicit_feedback,8,32,9401100,144,8,1152,online_local_residual,1968,15744,1968,1.7083333333333333,13.666666666666666,0.023402299964800477,13.90676245172825,True,24960,2.0826619291479566e-16,2.220446049250313e-16,2.3000008065277453e-15
explicit_feedback_n8_T32_s9401100,explicit_feedback,8,32,9401100,144,8,1152,unfused_kronecker_history,3024,24192,3024,2.625,21.0,0.009201499982737005,5.467970013715535,True,20096,1.6132697420883316e-17,2.7755575615628914e-17,2.9354814014748814e-16
explicit_feedback_n8_T32_s9401101,explicit_feedback,8,32,9401101,144,8,1152,packed_exact,1304,10432,1304,1.1319444444444444,9.055555555555555,0.008591299992986023,5.647712544447819,True,14720,0.0,0.0,3.1517697273736147e-16
explicit_feedback_n8_T32_s9401101,explicit_feedback,8,32,9401101,144,8,1152,online_svd,1216,9728,1216,1.0555555555555556,8.444444444444445,0.011692499974742532,7.686366305125091,True,20800,9.272009156875956e-16,1.1102230246251565e-15,1.0914610318767552e-14
explicit_feedback_n8_T32_s9401101,explicit_feedback,8,32,9401101,144,8,1152,online_local_residual,1968,15744,1968,1.7083333333333333,13.666666666666666,0.022180100088007748,14.58066062253884,True,24960,1.2453077127770337e-16,1.1449174941446927e-16,1.7283807060130415e-15
explicit_feedback_n8_T32_s9401102,explicit_feedback,8,32,9401102,144,8,1152,packed_exact,1304,10432,1304,1.1319444444444444,9.055555555555555,0.008050599950365722,4.932059109857468,True,14720,0.0,0.0,2.0648720700856417e-16
explicit_feedback_n8_T32_s9401102,explicit_feedback,8,32,9401102,144,8,1152,online_svd,1216,9728,1216,1.0555555555555556,8.444444444444445,0.01062889990862459,6.511609438463486,True,20800,1.1285982907989884e-15,1.1102230246251565e-15,1.9451251045805338e-14
explicit_feedback_n8_T32_s9401102,explicit_feedback,8,32,9401102,144,8,1152,online_local_residual,1968,15744,1968,1.7083333333333333,13.666666666666666,0.02059710002504289,12.618452716749813,True,24960,5.909354764302017e-16,7.754213937616328e-16,2.229479591526644e-15
explicit_feedback_n8_T32_s9401103,explicit_feedback,8,32,9401103,144,8,1152,packed_exact,1304,10432,1304,1.1319444444444444,9.055555555555555,0.008614299935288727,6.098187494426883,True,14720,0.0,0.0,2.894199178622002e-16
explicit_feedback_n8_T32_s9401103,explicit_feedback,8,32,9401103,144,8,1152,online_svd,1216,9728,1216,1.0555555555555556,8.444444444444445,0.01105269999243319,7.82436615625563,True,20800,3.025183051018307e-15,2.581268532253489e-15,3.007474071782968e-14
explicit_feedback_n8_T32_s9401103,explicit_feedback,8,32,9401103,144,8,1152,online_local_residual,1968,15744,1968,1.7083333333333333,13.666666666666666,0.020615500048734248,14.594010602480175,True,24960,6.656242273874828e-16,7.008282842946301e-16,1.6278733862009117e-15
explicit_feedback_n8_T32_s9401104,explicit_feedback,8,32,9401104,144,8,1152,packed_exact,1304,10432,1304,1.1319444444444444,9.055555555555555,0.008413699921220541,5.969703272266639,True,14720,0.0,0.0,2.78254155352208e-16
explicit_feedback_n8_T32_s9401104,explicit_feedback,8,32,9401104,144,8,1152,online_svd,1216,9728,1216,1.0555555555555556,8.444444444444445,0.009981099981814623,7.081807739776821,True,20800,1.5856181212970373e-15,1.321859288694327e-15,1.8513489662600674e-14
explicit_feedback_n8_T32_s9401104,explicit_feedback,8,32,9401104,144,8,1152,online_local_residual,1968,15744,1968,1.7083333333333333,13.666666666666666,0.02058080001734197,14.602525685461895,True,24960,1.0527996287948654e-16,8.326672684688674e-17,3.0696661890846294e-15
explicit_feedback_n8_T128_s9401100,explicit_feedback,8,128,9401100,144,8,1152,packed_exact,1304,10432,1304,1.1319444444444444,9.055555555555555,0.03209469991270453,5.949853552839515,True,14720,0.0,0.0,2.2823633650214327e-16
explicit_feedback_n8_T128_s9401100,explicit_feedback,8,128,9401100,144,8,1152,online_svd,1216,9728,1216,1.0555555555555556,8.444444444444445,0.040531400009058416,7.513885314440824,True,20800,1.2727701160767937e-15,1.887379141862766e-15,1.4348905480306616e-14
explicit_feedback_n8_T128_s9401100,explicit_feedback,8,128,9401100,144,8,1152,online_local_residual,1968,15744,1968,1.7083333333333333,13.666666666666666,0.07950690004508942,14.739331197836663,True,24960,2.084091315807362e-16,2.636779683484747e-16,3.6167233477217306e-15
explicit_feedback_n8_T128_s9401101,explicit_feedback,8,128,9401101,144,8,1152,packed_exact,1304,10432,1304,1.1319444444444444,9.055555555555555,0.031133900047279894,5.726933324367986,True,14720,0.0,0.0,3.671102025626257e-16
explicit_feedback_n8_T128_s9401101,explicit_feedback,8,128,9401101,144,8,1152,online_svd,1216,9728,1216,1.0555555555555556,8.444444444444445,0.04137059999629855,7.6099257532176745,True,20800,7.237790307753477e-16,5.551115123125783e-16,1.0285803734759902e-14
explicit_feedback_n8_T128_s9401101,explicit_feedback,8,128,9401101,144,8,1152,online_local_residual,1968,15744,1968,1.7083333333333333,13.666666666666666,0.08513990009669214,15.66108101961698,True,24960,2.646084368775427e-16,3.885780586188048e-16,1.4060745044765115e-15
explicit_feedback_n8_T128_s9401102,explicit_feedback,8,128,9401102,144,8,1152,packed_exact,1304,10432,1304,1.1319444444444444,9.055555555555555,0.03175019996706396,5.112012723231754,True,14720,0.0,0.0,4.1890556199629195e-16
explicit_feedback_n8_T128_s9401102,explicit_feedback,8,128,9401102,144,8,1152,online_svd,1216,9728,1216,1.0555555555555556,8.444444444444445,0.039943099953234196,6.431129107157333,True,20800,1.1077049997907763e-15,8.881784197001252e-16,1.1639832509916038e-14
explicit_feedback_n8_T128_s9401102,explicit_feedback,8,128,9401102,144,8,1152,online_local_residual,1968,15744,1968,1.7083333333333333,13.666666666666666,0.08626210002694279,13.888824427180444,True,24960,1.6127852478581531e-16,1.1796119636642288e-16,1.425738431467688e-15
explicit_feedback_n8_T128_s9401103,explicit_feedback,8,128,9401103,144,8,1152,packed_exact,1304,10432,1304,1.1319444444444444,9.055555555555555,0.030878999968990684,4.9263732196730805,True,14720,0.0,0.0,2.9969292143047137e-16
explicit_feedback_n8_T128_s9401103,explicit_feedback,8,128,9401103,144,8,1152,online_svd,1216,9728,1216,1.0555555555555556,8.444444444444445,0.040802599978633225,6.509564300321554,True,20800,1.1569398219284325e-15,1.0130785099704553e-15,6.840233485753549e-15
explicit_feedback_n8_T128_s9401103,explicit_feedback,8,128,9401103,144,8,1152,online_local_residual,1968,15744,1968,1.7083333333333333,13.666666666666666,0.08350329997483641,13.321947639608355,True,24960,9.086993060320985e-17,1.249000902703301e-16,8.689957924774222e-16
explicit_feedback_n8_T128_s9401104,explicit_feedback,8,128,9401104,144,8,1152,packed_exact,1304,10432,1304,1.1319444444444444,9.055555555555555,0.0340483000036329,5.9507315180271725,True,14720,0.0,0.0,3.3179124369724595e-16
explicit_feedback_n8_T128_s9401104,explicit_feedback,8,128,9401104,144,8,1152,online_svd,1216,9728,1216,1.0555555555555556,8.444444444444445,0.04330759996082634,7.569009319980855,True,20800,8.483679249517237e-16,6.661338147750939e-16,8.811469856291577e-15
explicit_feedback_n8_T128_s9401104,explicit_feedback,8,128,9401104,144,8,1152,online_local_residual,1968,15744,1968,1.7083333333333333,13.666666666666666,0.08202349999919534,14.335512393042645,True,24960,1.5628830755652919e-16,1.3877787807814457e-16,1.429547143270706e-15
explicit_feedback_n16_T32_s9401100,explicit_feedback,16,32,9401100,544,16,8704,packed_exact,9264,74112,9264,1.0643382352941178,17.029411764705884,0.01231049990747124,6.696311855770639,True,107776,0.0,0.0,2.1959996201063471e-16
explicit_feedback_n16_T32_s9401100,explicit_feedback,16,32,9401100,544,16,8704,online_svd,8960,71680,8960,1.0294117647058822,16.470588235294116,0.016817099996842444,9.147682623367057,True,152576,1.4859817003298796e-15,1.2212453270876722e-15,4.173146399091626e-15
explicit_feedback_n16_T32_s9401100,explicit_feedback,16,32,9401100,544,16,8704,online_local_residual,13920,111360,13920,1.599264705882353,25.58823529411765,0.03736560000106692,20.325064958026147,True,181120,3.994243046008653e-16,5.140202499753777e-16,7.989095286979464e-16
explicit_feedback_n16_T32_s9401100,explicit_feedback,16,32,9401100,544,16,8704,unfused_kronecker_history,13600,108800,13600,1.5625,25.0,0.012349800090305507,6.717689239485766,True,121600,1.9292059662286662e-17,1.3877787807814457e-17,2.2236416138256435e-16
explicit_feedback_n16_T32_s9401101,explicit_feedback,16,32,9401101,544,16,8704,packed_exact,9264,74112,9264,1.0643382352941178,17.029411764705884,0.012735099997371435,6.899127909910091,True,107776,0.0,0.0,2.46193084982066e-16
explicit_feedback_n16_T32_s9401101,explicit_feedback,16,32,9401101,544,16,8704,online_svd,8960,71680,8960,1.0294117647058822,16.470588235294116,0.016786199994385242,9.093775542123693,True,152576,1.392762750573196e-15,1.6653345369377348e-15,7.537355360746687e-15
explicit_feedback_n16_T32_s9401101,explicit_feedback,16,32,9401101,544,16,8704,online_local_residual,13920,111360,13920,1.599264705882353,25.58823529411765,0.038363900035619736,20.783303902079698,True,181120,1.7425489793925314e-16,1.5265566588595902e-16,2.407106181909053e-15
explicit_feedback_n16_T32_s9401102,explicit_feedback,16,32,9401102,544,16,8704,packed_exact,9264,74112,9264,1.0643382352941178,17.029411764705884,0.012978699989616871,5.841261877307192,True,107776,0.0,0.0,2.5226245661491594e-16
explicit_feedback_n16_T32_s9401102,explicit_feedback,16,32,9401102,544,16,8704,online_svd,8960,71680,8960,1.0294117647058822,16.470588235294116,0.01737330004107207,7.819118655498676,True,152576,1.547957062561571e-15,1.6653345369377348e-15,4.169428696814185e-15
explicit_feedback_n16_T32_s9401102,explicit_feedback,16,32,9401102,544,16,8704,online_local_residual,13920,111360,13920,1.599264705882353,25.58823529411765,0.03709770005661994,16.696385712734838,True,181120,1.7935954141087845e-16,2.220446049250313e-16,6.594821984928756e-16
explicit_feedback_n16_T32_s9401103,explicit_feedback,16,32,9401103,544,16,8704,packed_exact,9264,74112,9264,1.0643382352941178,17.029411764705884,0.012780899996869266,7.023630256698439,True,107776,0.0,0.0,2.3084615960463356e-16
explicit_feedback_n16_T32_s9401103,explicit_feedback,16,32,9401103,544,16,8704,online_svd,8960,71680,8960,1.0294117647058822,16.470588235294116,0.017248200019821525,9.478595369847197,True,152576,1.247619238942824e-15,8.881784197001252e-16,4.840381399243921e-15
explicit_feedback_n16_T32_s9401103,explicit_feedback,16,32,9401103,544,16,8704,online_local_residual,13920,111360,13920,1.599264705882353,25.58823529411765,0.03850819997023791,21.16183981630472,True,181120,3.1258691932510127e-16,3.382710778154774e-16,1.0241403028022957e-15
explicit_feedback_n16_T32_s9401104,explicit_feedback,16,32,9401104,544,16,8704,packed_exact,9264,74112,9264,1.0643382352941178,17.029411764705884,0.012690700008533895,6.313466821663153,True,107776,0.0,0.0,2.676909978512742e-16
explicit_feedback_n16_T32_s9401104,explicit_feedback,16,32,9401104,544,16,8704,online_svd,8960,71680,8960,1.0294117647058822,16.470588235294116,0.018756299978122115,9.331028038595608,True,152576,2.4080016170249213e-15,1.9984014443252818e-15,3.2342565421920836e-15
explicit_feedback_n16_T32_s9401104,explicit_feedback,16,32,9401104,544,16,8704,online_local_residual,13920,111360,13920,1.599264705882353,25.58823529411765,0.04047310003079474,20.134868371519904,True,181120,2.3641549855290683e-16,2.498001805406602e-16,4.228288592007462e-16
explicit_feedback_n16_T128_s9401100,explicit_feedback,16,128,9401100,544,16,8704,packed_exact,9264,74112,9264,1.0643382352941178,17.029411764705884,0.047528000082820654,6.496268613789661,True,107776,0.0,0.0,2.3286397017165295e-16
explicit_feedback_n16_T128_s9401100,explicit_feedback,16,128,9401100,544,16,8704,online_svd,8960,71680,8960,1.0294117647058822,16.470588235294116,0.07150029996410012,9.772873963220288,True,152576,1.8879732738435283e-15,2.4424906541753444e-15,3.735071266662033e-15
explicit_feedback_n16_T128_s9401100,explicit_feedback,16,128,9401100,544,16,8704,online_local_residual,13920,111360,13920,1.599264705882353,25.58823529411765,0.15506669995374978,21.19497841689323,True,181120,2.480712243649152e-16,1.8127860323957634e-16,1.2593715296544001e-15
explicit_feedback_n16_T128_s9401101,explicit_feedback,16,128,9401101,544,16,8704,packed_exact,9264,74112,9264,1.0643382352941178,17.029411764705884,0.046746699954383075,6.35110858610442,True,107776,0.0,0.0,2.61139865988408e-16
explicit_feedback_n16_T128_s9401101,explicit_feedback,16,128,9401101,544,16,8704,online_svd,8960,71680,8960,1.0294117647058822,16.470588235294116,0.06744240003172308,9.162871525197447,True,152576,1.3454358263766914e-15,1.1102230246251565e-15,3.251614679969373e-15
explicit_feedback_n16_T128_s9401101,explicit_feedback,16,128,9401101,544,16,8704,online_local_residual,13920,111360,13920,1.599264705882353,25.58823529411765,0.14612330007366836,19.852630167122037,True,181120,2.861049099824624e-16,2.7755575615628914e-16,4.485791735395442e-16
explicit_feedback_n16_T128_s9401102,explicit_feedback,16,128,9401102,544,16,8704,packed_exact,9264,74112,9264,1.0643382352941178,17.029411764705884,0.04814289999194443,6.427966791540814,True,107776,0.0,0.0,2.5069325723324756e-16
explicit_feedback_n16_T128_s9401102,explicit_feedback,16,128,9401102,544,16,8704,online_svd,8960,71680,8960,1.0294117647058822,16.470588235294116,0.08143989997915924,10.87373159199041,True,152576,2.760112520401743e-15,2.2690183065776637e-15,7.186864817288911e-15
explicit_feedback_n16_T128_s9401102,explicit_feedback,16,128,9401102,544,16,8704,online_local_residual,13920,111360,13920,1.599264705882353,25.58823529411765,0.14970319997519255,19.988143593114398,True,181120,2.5940960147748513e-16,2.0122792321330962e-16,1.0194902826039996e-15
explicit_feedback_n16_T128_s9401103,explicit_feedback,16,128,9401103,544,16,8704,packed_exact,9264,74112,9264,1.0643382352941178,17.029411764705884,0.047074400004930794,6.05092742745108,True,107776,0.0,0.0,2.345698980812494e-16
explicit_feedback_n16_T128_s9401103,explicit_feedback,16,128,9401103,544,16,8704,online_svd,8960,71680,8960,1.0294117647058822,16.470588235294116,0.07201889995485544,9.257284999618568,True,152576,2.73817812261309e-15,2.2039661762285334e-15,3.758743491051874e-15
explicit_feedback_n16_T128_s9401103,explicit_feedback,16,128,9401103,544,16,8704,online_local_residual,13920,111360,13920,1.599264705882353,25.58823529411765,0.14809739997144789,19.036389615747883,True,181120,1.957757758615701e-16,1.3877787807814457e-16,6.187164105454756e-16
explicit_feedback_n16_T128_s9401104,explicit_feedback,16,128,9401104,544,16,8704,packed_exact,9264,74112,9264,1.0643382352941178,17.029411764705884,0.0465330999577418,6.354029542442513,True,107776,0.0,0.0,3.2553788963742577e-16
explicit_feedback_n16_T128_s9401104,explicit_feedback,16,128,9401104,544,16,8704,online_svd,8960,71680,8960,1.0294117647058822,16.470588235294116,0.06935579993296415,9.470437218109051,True,152576,2.5500338113446156e-15,2.3609586508044345e-15,5.698916976436413e-15
explicit_feedback_n16_T128_s9401104,explicit_feedback,16,128,9401104,544,16,8704,online_local_residual,13920,111360,13920,1.599264705882353,25.58823529411765,0.14590879995375872,19.923642015048532,True,181120,1.7487352496051635e-16,1.8388068845354155e-16,1.0786980654340136e-15
block4_n8_T32_s9401100,block4,8,32,9401100,104,8,832,packed_exact,528,4224,528,0.6346153846153846,5.076923076923077,0.005995000014081597,6.45595542870138,True,9632,7.738957012976534e-17,2.220446049250313e-16,3.3826363282708395e-16
block4_n8_T32_s9401100,block4,8,32,9401100,104,8,832,online_svd,896,7168,896,1.0769230769230769,8.615384615384615,0.007372200023382902,7.939048315368941,True,15360,1.483499281292701e-15,2.609024107869118e-15,1.8652414560348656e-15
block4_n8_T32_s9401100,block4,8,32,9401100,104,8,832,online_local_residual,1112,8896,1112,1.3365384615384615,10.692307692307692,0.016701399930752814,17.985570191257867,True,17056,1.1682250537447223e-15,1.6653345369377348e-15,1.5501610621807927e-15
block4_n8_T32_s9401100,block4,8,32,9401100,104,8,832,unfused_kronecker_history,2664,21312,2664,3.201923076923077,25.615384615384617,0.006597799947485328,7.105104635263112,True,16256,7.23150221886025e-17,2.220446049250313e-16,3.2490714714689813e-16
block4_n8_T32_s9401101,block4,8,32,9401101,104,8,832,packed_exact,528,4224,528,0.6346153846153846,5.076923076923077,0.006563800037838519,7.033647670502226,True,9632,1.0410779912869284e-17,2.7755575615628914e-17,2.7539011164176697e-16
block4_n8_T32_s9401101,block4,8,32,9401101,104,8,832,online_svd,896,7168,896,1.0769230769230769,8.615384615384615,0.007759899948723614,8.315366385787051,True,15360,3.520392955292614e-15,3.6914915568786455e-15,3.1088554568792117e-15
block4_n8_T32_s9401101,block4,8,32,9401101,104,8,832,online_local_residual,1112,8896,1112,1.3365384615384615,10.692307692307692,0.017335099983029068,18.57597503133371,True,17056,3.348252851847069e-16,4.996003610813204e-16,7.140084799200216e-16
block4_n8_T32_s9401102,block4,8,32,9401102,104,8,832,packed_exact,528,4224,528,0.6346153846153846,5.076923076923077,0.00618709996342659,7.392877675455148,True,9632,5.55194593792883e-17,1.1102230246251565e-16,3.2776029325205366e-16
block4_n8_T32_s9401102,block4,8,32,9401102,104,8,832,online_svd,896,7168,896,1.0769230769230769,8.615384615384615,0.007419600035063922,8.865574466919009,True,15360,9.36102785171022e-16,1.3322676295501878e-15,1.3343925842332993e-15
block4_n8_T32_s9401102,block4,8,32,9401102,104,8,832,online_local_residual,1112,8896,1112,1.3365384615384615,10.692307692307692,0.016475899959914386,19.686818334388892,True,17056,2.2703868085634507e-16,4.440892098500626e-16,4.1839560170278566e-16
block4_n8_T32_s9401103,block4,8,32,9401103,104,8,832,packed_exact,528,4224,528,0.6346153846153846,5.076923076923077,0.006508499966003001,5.488699820065769,True,9632,7.614743532982893e-17,2.220446049250313e-16,2.723804623199415e-16
block4_n8_T32_s9401103,block4,8,32,9401103,104,8,832,online_svd,896,7168,896,1.0769230769230769,8.615384615384615,0.007499900064431131,6.324759982972614,True,15360,3.38215650021882e-15,4.785002088099632e-15,3.239191043071109e-15
block4_n8_T32_s9401103,block4,8,32,9401103,104,8,832,online_local_residual,1112,8896,1112,1.3365384615384615,10.692307692307692,0.016941900015808642,14.287317208890997,True,17056,4.596195963689207e-16,6.106226635438361e-16,5.219407276116387e-16
block4_n8_T32_s9401104,block4,8,32,9401104,104,8,832,packed_exact,528,4224,528,0.6346153846153846,5.076923076923077,0.006300400011241436,6.410011742207729,True,9632,5.2724685739679696e-17,1.1102230246251565e-16,2.605976630604832e-16
block4_n8_T32_s9401104,block4,8,32,9401104,104,8,832,online_svd,896,7168,896,1.0769230769230769,8.615384615384615,0.008466800092719495,8.61410194851479,True,15360,1.395430259707241e-15,1.2212453270876722e-15,1.995649063236115e-15
block4_n8_T32_s9401104,block4,8,32,9401104,104,8,832,online_local_residual,1112,8896,1112,1.3365384615384615,10.692307692307692,0.01766390004195273,17.971209205777157,True,17056,3.0586549248856033e-16,3.3306690738754696e-16,5.249432310757954e-16
block4_n8_T128_s9401100,block4,8,128,9401100,104,8,832,packed_exact,528,4224,528,0.6346153846153846,5.076923076923077,0.023313699988648295,6.3172200077391505,True,9632,3.563377403218986e-17,5.551115123125783e-17,4.059896200118063e-16
block4_n8_T128_s9401100,block4,8,128,9401100,104,8,832,online_svd,896,7168,896,1.0769230769230769,8.615384615384615,0.030279799946583807,8.204796241953723,True,15360,1.6577856598307618e-15,2.185751579730777e-15,4.263075365512037e-15
block4_n8_T128_s9401100,block4,8,128,9401100,104,8,832,online_local_residual,1112,8896,1112,1.3365384615384615,10.692307692307692,0.06523179996293038,17.67559984332431,True,17056,2.0538929908825503e-16,2.220446049250313e-16,9.27418683816243e-16
block4_n8_T128_s9401101,block4,8,128,9401101,104,8,832,packed_exact,528,4224,528,0.6346153846153846,5.076923076923077,0.025250399950891733,6.86562627237267,True,9632,3.2245409683076186e-17,5.551115123125783e-17,4.360788574332209e-16
block4_n8_T128_s9401101,block4,8,128,9401101,104,8,832,online_svd,896,7168,896,1.0769230769230769,8.615384615384615,0.030415099929086864,8.26991689462742,True,15360,2.9296254120434506e-15,3.0253577421035516e-15,1.9374039074837427e-15
block4_n8_T128_s9401101,block4,8,128,9401101,104,8,832,online_local_residual,1112,8896,1112,1.3365384615384615,10.692307692307692,0.07033130002673715,19.123198926464468,True,17056,2.7673710662028646e-15,3.8782084147068655e-15,9.977458780474472e-16
block4_n8_T128_s9401102,block4,8,128,9401102,104,8,832,packed_exact,528,4224,528,0.6346153846153846,5.076923076923077,0.02398699999321252,6.683477344180166,True,9632,7.983674514064964e-17,2.220446049250313e-16,4.939490861188069e-16
block4_n8_T128_s9401102,block4,8,128,9401102,104,8,832,online_svd,896,7168,896,1.0769230769230769,8.615384615384615,0.030373600078746676,8.46297027743922,True,15360,2.0473976883855908e-15,2.9996756344361323e-15,2.675066482634825e-15
block4_n8_T128_s9401102,block4,8,128,9401102,104,8,832,online_local_residual,1112,8896,1112,1.3365384615384615,10.692307692307692,0.06407419999595731,17.852939681520244,True,17056,7.961095233532033e-16,9.71445146547012e-16,2.1354645727288294e-15
block4_n8_T128_s9401103,block4,8,128,9401103,104,8,832,packed_exact,528,4224,528,0.6346153846153846,5.076923076923077,0.022990699973888695,6.413742015648484,True,9632,3.526889540197276e-17,5.551115123125783e-17,4.682598568921695e-16
block4_n8_T128_s9401103,block4,8,128,9401103,104,8,832,online_svd,896,7168,896,1.0769230769230769,8.615384615384615,0.02952420001383871,8.23640003663351,True,15360,5.024008527745803e-15,7.733775718322212e-15,1.122522872203561e-14
block4_n8_T128_s9401103,block4,8,128,9401103,104,8,832,online_local_residual,1112,8896,1112,1.3365384615384615,10.692307692307692,0.06500030006282032,18.13320847195393,True,17056,4.3989812732392566e-16,6.661338147750939e-16,6.168210680220765e-16
block4_n8_T128_s9401104,block4,8,128,9401104,104,8,832,packed_exact,528,4224,528,0.6346153846153846,5.076923076923077,0.023651800001971424,6.662291377317149,True,9632,6.119308049788601e-17,1.1102230246251565e-16,2.606094913488184e-16
block4_n8_T128_s9401104,block4,8,128,9401104,104,8,832,online_svd,896,7168,896,1.0769230769230769,8.615384615384615,0.0293623999459669,8.27086580983466,True,15360,2.2696868476073705e-15,2.55351295663786e-15,6.211793210397547e-15
block4_n8_T128_s9401104,block4,8,128,9401104,104,8,832,online_local_residual,1112,8896,1112,1.3365384615384615,10.692307692307692,0.06409120000898838,18.05335108305504,True,17056,3.1945056746149835e-16,4.440892098500626e-16,5.383977509430117e-16
block4_n16_T32_s9401100,block4,16,32,9401100,336,16,5376,packed_exact,1696,13568,1696,0.31547619047619047,5.0476190476190474,0.011036999989300966,9.639301406388608,True,55744,5.96174837198503e-17,2.220446049250313e-16,3.5004430723737497e-16
block4_n16_T32_s9401100,block4,16,32,9401100,336,16,5376,online_svd,5632,45056,5632,1.0476190476190477,16.761904761904763,0.012723300023935735,11.112052544488192,True,96000,1.7059054793736231e-15,2.6645352591003757e-15,1.567905932419883e-15
block4_n16_T32_s9401100,block4,16,32,9401100,336,16,5376,online_local_residual,6320,50560,6320,1.1755952380952381,18.80952380952381,0.03264390002004802,28.509956661981246,True,104128,6.232184615718699e-16,6.661338147750939e-16,7.212453396732359e-16
block4_n16_T32_s9401100,block4,16,32,9401100,336,16,5376,unfused_kronecker_history,10064,80512,10064,1.8720238095238095,29.952380952380953,0.009778799954801798,8.540436735388987,True,81664,4.158781900285783e-17,2.7755575615628914e-17,3.493934532564842e-16
block4_n16_T32_s9401101,block4,16,32,9401101,336,16,5376,packed_exact,1696,13568,1696,0.31547619047619047,5.0476190476190474,0.01098620006814599,8.481587540855012,True,55744,5.380927893490547e-17,2.220446049250313e-16,3.135325289152701e-16
block4_n16_T32_s9401101,block4,16,32,9401101,336,16,5376,online_svd,5632,45056,5632,1.0476190476190477,16.761904761904763,0.013189899967983365,10.182892222938627,True,96000,3.5859367681868764e-15,9.076073226310655e-15,5.392926231655145e-15
block4_n16_T32_s9401101,block4,16,32,9401101,336,16,5376,online_local_residual,6320,50560,6320,1.1755952380952381,18.80952380952381,0.032650599954649806,25.206979670772824,True,104128,7.332766458901844e-16,9.71521083614816e-16,1.0251743113555784e-15
block4_n16_T32_s9401102,block4,16,32,9401102,336,16,5376,packed_exact,1696,13568,1696,0.31547619047619047,5.0476190476190474,0.010768600041046739,9.291284872488069,True,55744,7.263527032223076e-17,2.220446049250313e-16,3.7907472027096465e-16
block4_n16_T32_s9401102,block4,16,32,9401102,336,16,5376,online_svd,5632,45056,5632,1.0476190476190477,16.761904761904763,0.01373770006466657,11.853062079293995,True,96000,2.2604718949150017e-15,3.1086244689504383e-15,1.8245999564468546e-15
block4_n16_T32_s9401102,block4,16,32,9401102,336,16,5376,online_local_residual,6320,50560,6320,1.1755952380952381,18.80952380952381,0.03182250005193055,27.456857178299742,True,104128,1.067855153729411e-15,2.275957200481571e-15,7.22306434270019e-16
block4_n16_T32_s9401103,block4,16,32,9401103,336,16,5376,packed_exact,1696,13568,1696,0.31547619047619047,5.0476190476190474,0.009701099945232272,9.167548399212354,True,55744,4.1177641481142695e-17,1.1102230246251565e-16,4.274344616777908e-16
block4_n16_T32_s9401103,block4,16,32,9401103,336,16,5376,online_svd,5632,45056,5632,1.0476190476190477,16.761904761904763,0.013193899998441339,12.468247672216178,True,96000,1.5902087464071372e-15,2.4841240175987878e-15,1.8893181915884638e-15
block4_n16_T32_s9401103,block4,16,32,9401103,336,16,5376,online_local_residual,6320,50560,6320,1.1755952380952381,18.80952380952381,0.03308580000884831,31.266111535820812,True,104128,6.432132143495247e-16,8.326672684688674e-16,7.474960363964334e-16
block4_n16_T32_s9401104,block4,16,32,9401104,336,16,5376,packed_exact,1696,13568,1696,0.31547619047619047,5.0476190476190474,0.011684200027957559,10.334512725782503,True,55744,5.530862398501434e-17,2.220446049250313e-16,2.5613027879270304e-16
block4_n16_T32_s9401104,block4,16,32,9401104,336,16,5376,online_svd,5632,45056,5632,1.0476190476190477,16.761904761904763,0.01417460001539439,12.537236943176225,True,96000,3.600589563870852e-15,5.773159728050814e-15,5.436917104705777e-15
block4_n16_T32_s9401104,block4,16,32,9401104,336,16,5376,online_local_residual,6320,50560,6320,1.1755952380952381,18.80952380952381,0.03307519992813468,29.254555189676868,True,104128,6.793636893641147e-16,8.326672684688674e-16,1.3043224455875507e-15
block4_n16_T128_s9401100,block4,16,128,9401100,336,16,5376,packed_exact,1696,13568,1696,0.31547619047619047,5.0476190476190474,0.039624699973501265,8.550678850738754,True,55744,4.5458731561199905e-17,1.1102230246251565e-16,3.758547958634303e-16
block4_n16_T128_s9401100,block4,16,128,9401100,336,16,5376,online_svd,5632,45056,5632,1.0476190476190477,16.761904761904763,0.05070350004825741,10.94139124866558,True,96000,3.2040332213947498e-15,4.258048907645123e-15,3.915852085402003e-15
block4_n16_T128_s9401100,block4,16,128,9401100,336,16,5376,online_local_residual,6320,50560,6320,1.1755952380952381,18.80952380952381,0.1193820999469608,25.761658709237146,True,104128,1.055007793767247e-15,9.854438252092891e-16,9.417266339595552e-16
block4_n16_T128_s9401101,block4,16,128,9401101,336,16,5376,packed_exact,1696,13568,1696,0.31547619047619047,5.0476190476190474,0.03795309993438423,9.17650314994653,True,55744,3.6700736127736735e-17,1.1102230246251565e-16,4.711824009434908e-16
block4_n16_T128_s9401101,block4,16,128,9401101,336,16,5376,online_svd,5632,45056,5632,1.0476190476190477,16.761904761904763,0.05027560004964471,12.155903022905521,True,96000,2.511161498255425e-15,4.15877237926304e-15,3.367067643702386e-15
block4_n16_T128_s9401101,block4,16,128,9401101,336,16,5376,online_local_residual,6320,50560,6320,1.1755952380952381,18.80952380952381,0.1179107999196276,28.509102780690498,True,104128,1.348101211899986e-15,1.8814952401944435e-15,1.1230510128409776e-15
block4_n16_T128_s9401102,block4,16,128,9401102,336,16,5376,packed_exact,1696,13568,1696,0.31547619047619047,5.0476190476190474,0.038544500013813376,9.729528728337716,True,55744,2.915578665087519e-17,5.551115123125783e-17,5.167562253602272e-16
block4_n16_T128_s9401102,block4,16,128,9401102,336,16,5376,online_svd,5632,45056,5632,1.0476190476190477,16.761904761904763,0.05303059995640069,13.386157443263691,True,96000,2.0549408742277904e-15,3.774758283725532e-15,1.9447760745626444e-15
block4_n16_T128_s9401102,block4,16,128,9401102,336,16,5376,online_local_residual,6320,50560,6320,1.1755952380952381,18.80952380952381,0.12826649995986372,32.37744933247495,True,104128,1.0236398958013464e-15,1.5543122344752192e-15,7.340518797118627e-16
block4_n16_T128_s9401103,block4,16,128,9401103,336,16,5376,packed_exact,1696,13568,1696,0.31547619047619047,5.0476190476190474,0.037714799982495606,9.740895630648987,True,55744,2.7306408469077877e-17,5.551115123125783e-17,4.969986196170723e-16
block4_n16_T128_s9401103,block4,16,128,9401103,336,16,5376,online_svd,5632,45056,5632,1.0476190476190477,16.761904761904763,0.0517290000570938,13.360452418357058,True,96000,2.0992027996137072e-15,3.878841692284141e-15,2.7709677339112557e-15
block4_n16_T128_s9401103,block4,16,128,9401103,336,16,5376,online_local_residual,6320,50560,6320,1.1755952380952381,18.80952380952381,0.1242448000703007,32.089673833544374,True,104128,6.307975895078622e-16,9.024038647356998e-16,7.486012270312704e-16
block4_n16_T128_s9401104,block4,16,128,9401104,336,16,5376,packed_exact,1696,13568,1696,0.31547619047619047,5.0476190476190474,0.04032359994016588,9.942941594558349,True,55744,4.8140138310565197e-17,1.6653345369377348e-16,3.8650595879462885e-16
block4_n16_T128_s9401104,block4,16,128,9401104,336,16,5376,online_svd,5632,45056,5632,1.0476190476190477,16.761904761904763,0.05079220002517104,12.5242755869709,True,96000,1.5457744835101197e-15,2.9698465908722937e-15,2.1438203362453094e-15
block4_n16_T128_s9401104,block4,16,128,9401104,336,16,5376,online_local_residual,6320,50560,6320,1.1755952380952381,18.80952380952381,0.1198229999281466,29.54580175723839,True,104128,5.076293687264974e-16,7.216449660063518e-16,1.3432053294356176e-15
deep2_n8_T32_s9401100,deep2,8,32,9401100,272,16,4352,packed_exact,3560,28480,3560,0.8180147058823529,13.088235294117647,0.013245400041341782,8.39964481109106,True,37312,2.862748382639709e-17,8.326672684688674e-17,3.63638148130251e-16
deep2_n8_T32_s9401100,deep2,8,32,9401100,272,16,4352,online_svd,4608,36864,4608,1.0588235294117647,16.941176470588236,0.018610900035127997,11.802206760224157,True,63616,2.6974223522346007e-15,2.277120637265195e-15,6.285859275628147e-15
deep2_n8_T32_s9401100,deep2,8,32,9401100,272,16,4352,online_local_residual,6320,50560,6320,1.4522058823529411,23.235294117647058,0.03759560000617057,23.841460848750298,True,74816,6.877716386422081e-16,6.661338147750939e-16,1.1336188331959103e-15
deep2_n8_T32_s9401101,deep2,8,32,9401101,272,16,4352,packed_exact,3560,28480,3560,0.8180147058823529,13.088235294117647,0.012581599992699921,7.790946450972853,True,37312,1.2187190771737056e-17,2.7755575615628914e-17,3.3879693235444655e-16
deep2_n8_T32_s9401101,deep2,8,32,9401101,272,16,4352,online_svd,4608,36864,4608,1.0588235294117647,16.941176470588236,0.01613769994582981,9.993002177209357,True,63616,2.0724590112325095e-15,2.0886070650760757e-15,5.310920253006319e-15
deep2_n8_T32_s9401101,deep2,8,32,9401101,272,16,4352,online_local_residual,6320,50560,6320,1.4522058823529411,23.235294117647058,0.036464400007389486,22.57997297555646,True,74816,4.73941309276248e-16,4.440892098500626e-16,2.0212779856433724e-15
deep2_n8_T32_s9401102,deep2,8,32,9401102,272,16,4352,packed_exact,3560,28480,3560,0.8180147058823529,13.088235294117647,0.012051900033839047,6.950345845473636,True,37312,3.0354452607568896e-17,1.1102230246251565e-16,3.748370604707067e-16
deep2_n8_T32_s9401102,deep2,8,32,9401102,272,16,4352,online_svd,4608,36864,4608,1.0588235294117647,16.941176470588236,0.016398699954152107,9.457150804229112,True,63616,1.68686427275386e-15,1.7763568394002505e-15,4.6638725328387445e-15
deep2_n8_T32_s9401102,deep2,8,32,9401102,272,16,4352,online_local_residual,6320,50560,6320,1.4522058823529411,23.235294117647058,0.03533510002307594,20.377796443317322,True,74816,5.91070612293066e-16,4.440892098500626e-16,2.6229155016220665e-15
deep2_n8_T32_s9401103,deep2,8,32,9401103,272,16,4352,packed_exact,3560,28480,3560,0.8180147058823529,13.088235294117647,0.01494339993223548,6.851313650135737,True,37312,3.236345369816875e-17,1.1102230246251565e-16,4.813247305094009e-16
deep2_n8_T32_s9401103,deep2,8,32,9401103,272,16,4352,online_svd,4608,36864,4608,1.0588235294117647,16.941176470588236,0.023201199946925044,10.637384973749842,True,63616,1.4685820618119939e-15,1.304512053934559e-15,3.715889216746907e-15
deep2_n8_T32_s9401103,deep2,8,32,9401103,272,16,4352,online_local_residual,6320,50560,6320,1.4522058823529411,23.235294117647058,0.04051710001658648,18.576452592206476,True,74816,8.107332336656358e-16,7.494005416219807e-16,1.897918322445023e-15
deep2_n8_T32_s9401104,deep2,8,32,9401104,272,16,4352,packed_exact,3560,28480,3560,0.8180147058823529,13.088235294117647,0.013645199942402542,7.29105019624831,True,37312,2.2521961136025754e-17,5.551115123125783e-17,3.996747824183579e-16
deep2_n8_T32_s9401104,deep2,8,32,9401104,272,16,4352,online_svd,4608,36864,4608,1.0588235294117647,16.941176470588236,0.017238100059330463,9.210847283370766,True,63616,2.299265315220983e-15,2.959438250016433e-15,1.0548008169906798e-14
deep2_n8_T32_s9401104,deep2,8,32,9401104,272,16,4352,online_local_residual,6320,50560,6320,1.4522058823529411,23.235294117647058,0.03554909990634769,18.994977936760883,True,74816,1.4266873449986864e-15,2.5477474758657864e-15,1.5469471278299142e-15
deep2_n8_T128_s9401100,deep2,8,128,9401100,272,16,4352,packed_exact,3560,28480,3560,0.8180147058823529,13.088235294117647,0.04817239998374134,7.832273752960613,True,37312,1.445405157591952e-17,2.7755575615628914e-17,3.957002854104734e-16
deep2_n8_T128_s9401100,deep2,8,128,9401100,272,16,4352,online_svd,4608,36864,4608,1.0588235294117647,16.941176470588236,0.06454910000320524,10.494935313643659,True,63616,1.5093838923040102e-15,1.3322676295501878e-15,1.0132880671130525e-14
deep2_n8_T128_s9401100,deep2,8,128,9401100,272,16,4352,online_local_residual,6320,50560,6320,1.4522058823529411,23.235294117647058,0.1437712999759242,23.375546570453473,True,74816,4.847263908794458e-16,4.440892098500626e-16,2.6209582806067084e-15
deep2_n8_T128_s9401101,deep2,8,128,9401101,272,16,4352,packed_exact,3560,28480,3560,0.8180147058823529,13.088235294117647,0.04644399997778237,7.06200770069491,True,37312,2.1159727576094122e-17,5.551115123125783e-17,3.9324747487899124e-16
deep2_n8_T128_s9401101,deep2,8,128,9401101,272,16,4352,online_svd,4608,36864,4608,1.0588235294117647,16.941176470588236,0.06276150001212955,9.5431529714247,True,63616,1.5498978414721549e-15,1.392982951209376e-15,4.6332974892631655e-15
deep2_n8_T128_s9401101,deep2,8,128,9401101,272,16,4352,online_local_residual,6320,50560,6320,1.4522058823529411,23.235294117647058,0.13539989991113544,20.588130572370552,True,74816,5.587033427318285e-16,4.440892098500626e-16,1.149997438085021e-15
deep2_n8_T128_s9401102,deep2,8,128,9401102,272,16,4352,packed_exact,3560,28480,3560,0.8180147058823529,13.088235294117647,0.046096500009298325,7.38607605951608,True,37312,2.1504681748257255e-17,5.551115123125783e-17,5.515506473220841e-16
deep2_n8_T128_s9401102,deep2,8,128,9401102,272,16,4352,online_svd,4608,36864,4608,1.0588235294117647,16.941176470588236,0.06363480002619326,10.196250755062774,True,63616,1.9103636335180478e-15,1.7128523949170603e-15,6.177992561292234e-15
deep2_n8_T128_s9401102,deep2,8,128,9401102,272,16,4352,online_local_residual,6320,50560,6320,1.4522058823529411,23.235294117647058,0.1516443999717012,24.298093607209477,True,74816,6.54681924237203e-16,6.661338147750939e-16,1.7656755853243174e-15
deep2_n8_T128_s9401103,deep2,8,128,9401103,272,16,4352,packed_exact,3560,28480,3560,0.8180147058823529,13.088235294117647,0.04947359999641776,7.3297480534536,True,37312,2.0912863611412614e-17,5.551115123125783e-17,3.785155283530644e-16
deep2_n8_T128_s9401103,deep2,8,128,9401103,272,16,4352,online_svd,4608,36864,4608,1.0588235294117647,16.941176470588236,0.0670535999815911,9.934308277095479,True,63616,2.2934350261719437e-15,2.0177953134887384e-15,6.4473587191395935e-15
deep2_n8_T128_s9401103,deep2,8,128,9401103,272,16,4352,online_local_residual,6320,50560,6320,1.4522058823529411,23.235294117647058,0.14538699993863702,21.539772320486968,True,74816,5.726650396243521e-16,5.551115123125783e-16,1.6378565606372184e-15
deep2_n8_T128_s9401104,deep2,8,128,9401104,272,16,4352,packed_exact,3560,28480,3560,0.8180147058823529,13.088235294117647,0.04667309997603297,6.7150708976935345,True,37312,2.039652714301059e-17,5.551115123125783e-17,5.506910200725439e-16
deep2_n8_T128_s9401104,deep2,8,128,9401104,272,16,4352,online_svd,4608,36864,4608,1.0588235294117647,16.941176470588236,0.0626678999979049,9.01631543033555,True,63616,1.5257775765890638e-15,1.3322676295501878e-15,4.36930007882144e-15
deep2_n8_T128_s9401104,deep2,8,128,9401104,272,16,4352,online_local_residual,6320,50560,6320,1.4522058823529411,23.235294117647058,0.13593410002067685,19.557456426115756,True,74816,1.2851719014265246e-15,2.163603652237586e-15,1.7842972719066767e-15
deep2_n16_T32_s9401100,deep2,16,32,9401100,1056,32,33792,packed_exact,26448,211584,26448,0.7826704545454546,25.045454545454547,0.020545899984426796,12.135077874020068,True,283904,2.4747341730502662e-17,5.551115123125783e-17,3.7716648197327483e-16
deep2_n16_T32_s9401100,deep2,16,32,9401100,1056,32,33792,online_svd,34816,278528,34816,1.0303030303030303,32.96969696969697,0.03667900001164526,21.66381233335474,True,483328,2.1586465437109925e-15,1.887379141862766e-15,3.6069008107588686e-15
deep2_n16_T32_s9401100,deep2,16,32,9401100,1056,32,33792,online_local_residual,45664,365312,45664,1.3513257575757576,43.24242424242424,0.08305869996547699,49.05717408144246,True,560512,6.623145355948653e-16,4.440892098500626e-16,1.545874791429525e-15
deep2_n16_T32_s9401101,deep2,16,32,9401101,1056,32,33792,packed_exact,26448,211584,26448,0.7826704545454546,25.045454545454547,0.02144040004350245,12.20562461101834,True,283904,3.034892971264931e-17,1.1102230246251565e-16,5.196510742164338e-16
deep2_n16_T32_s9401101,deep2,16,32,9401101,1056,32,33792,online_svd,34816,278528,34816,1.0303030303030303,32.96969696969697,0.038586299982853234,21.966469457811176,True,483328,1.935704404466062e-15,1.9984014443252818e-15,3.2418350611701055e-15
deep2_n16_T32_s9401101,deep2,16,32,9401101,1056,32,33792,online_local_residual,45664,365312,45664,1.3513257575757576,43.24242424242424,0.08199580002110451,46.67869781846858,True,560512,8.994162249833657e-16,1.1102230246251565e-15,1.938119669666233e-15
deep2_n16_T32_s9401102,deep2,16,32,9401102,1056,32,33792,packed_exact,26448,211584,26448,0.7826704545454546,25.045454545454547,0.021660699974745512,13.273301291476036,True,283904,2.3318178674801055e-17,5.551115123125783e-17,4.668582120541809e-16
deep2_n16_T32_s9401102,deep2,16,32,9401102,1056,32,33792,online_svd,34816,278528,34816,1.0303030303030303,32.96969696969697,0.03801330004353076,23.29389101688026,True,483328,2.1782032943175465e-15,1.5452581982206275e-15,4.376456511127401e-15
deep2_n16_T32_s9401102,deep2,16,32,9401102,1056,32,33792,online_local_residual,45664,365312,45664,1.3513257575757576,43.24242424242424,0.08515099994838238,52.17905602787975,True,560512,7.586065172915657e-16,5.8527137166257395e-16,1.4585569635066728e-15
deep2_n16_T32_s9401103,deep2,16,32,9401103,1056,32,33792,packed_exact,26448,211584,26448,0.7826704545454546,25.045454545454547,0.021432300098240376,14.808471412810528,True,283904,3.400736891396842e-17,1.1102230246251565e-16,5.498249191617358e-16
deep2_n16_T32_s9401103,deep2,16,32,9401103,1056,32,33792,online_svd,34816,278528,34816,1.0303030303030303,32.96969696969697,0.03647440008353442,25.201686634687373,True,483328,2.43699381361468e-15,2.886579864025407e-15,4.335689064284202e-15
deep2_n16_T32_s9401103,deep2,16,32,9401103,1056,32,33792,online_local_residual,45664,365312,45664,1.3513257575757576,43.24242424242424,0.08289370010606945,57.27472005786259,True,560512,1.0423720400656812e-15,9.124645483638005e-16,1.7524170502882077e-15
deep2_n16_T32_s9401104,deep2,16,32,9401104,1056,32,33792,packed_exact,26448,211584,26448,0.7826704545454546,25.045454545454547,0.01997659995686263,13.330174779901554,True,283904,2.5595410032958266e-17,5.551115123125783e-17,4.962994024338849e-16
deep2_n16_T32_s9401104,deep2,16,32,9401104,1056,32,33792,online_svd,34816,278528,34816,1.0303030303030303,32.96969696969697,0.037495399941690266,25.02028552127745,True,483328,1.7227125466399835e-15,1.2212453270876722e-15,3.4276614412450173e-15
deep2_n16_T32_s9401104,deep2,16,32,9401104,1056,32,33792,online_local_residual,45664,365312,45664,1.3513257575757576,43.24242424242424,0.08087499998509884,53.967035804586324,True,560512,6.414240146839882e-16,4.440892098500626e-16,1.426620810593384e-15
deep2_n16_T128_s9401100,deep2,16,128,9401100,1056,32,33792,packed_exact,26448,211584,26448,0.7826704545454546,25.045454545454547,0.07458130002487451,11.71924884898101,True,283904,3.471390067709662e-17,1.1102230246251565e-16,6.243607578241786e-16
deep2_n16_T128_s9401100,deep2,16,128,9401100,1056,32,33792,online_svd,34816,278528,34816,1.0303030303030303,32.96969696969697,0.15115519997198135,23.751602649703443,True,483328,2.8361403955498245e-15,2.220446049250313e-15,4.9669086519567974e-15
deep2_n16_T128_s9401100,deep2,16,128,9401100,1056,32,33792,online_local_residual,45664,365312,45664,1.3513257575757576,43.24242424242424,0.3084054000210017,48.4609362938191,True,560512,7.529104647191369e-16,6.661338147750939e-16,1.233403859168697e-15
deep2_n16_T128_s9401101,deep2,16,128,9401101,1056,32,33792,packed_exact,26448,211584,26448,0.7826704545454546,25.045454545454547,0.07422389998100698,12.420331351591045,True,283904,3.107439000502366e-17,1.1102230246251565e-16,4.685292382939222e-16
deep2_n16_T128_s9401101,deep2,16,128,9401101,1056,32,33792,online_svd,34816,278528,34816,1.0303030303030303,32.96969696969697,0.14478000008966774,24.22690770300667,True,483328,1.784118006610727e-15,1.4432899320127035e-15,2.7956433328235343e-15
deep2_n16_T128_s9401101,deep2,16,128,9401101,1056,32,33792,online_local_residual,45664,365312,45664,1.3513257575757576,43.24242424242424,0.3225038000382483,53.96649946509536,True,560512,8.471854160357418e-16,8.881784197001252e-16,9.564888811939774e-16
deep2_n16_T128_s9401102,deep2,16,128,9401102,1056,32,33792,packed_exact,26448,211584,26448,0.7826704545454546,25.045454545454547,0.07556750008370727,11.785691936460598,True,283904,2.5048521714724523e-17,5.551115123125783e-17,4.0063319707856564e-16
deep2_n16_T128_s9401102,deep2,16,128,9401102,1056,32,33792,online_svd,34816,278528,34816,1.0303030303030303,32.96969696969697,0.14588399999774992,22.752425057432834,True,483328,2.0279620728458145e-15,1.4432899320127035e-15,3.601550802886564e-15
deep2_n16_T128_s9401102,deep2,16,128,9401102,1056,32,33792,online_local_residual,45664,365312,45664,1.3513257575757576,43.24242424242424,0.3013247998896986,46.99535197514503,True,560512,7.541987404667305e-16,6.871673369213127e-16,1.4115794785189009e-15
deep2_n16_T128_s9401103,deep2,16,128,9401103,1056,32,33792,packed_exact,26448,211584,26448,0.7826704545454546,25.045454545454547,0.07507470005657524,12.212232601959796,True,283904,2.7426578720426716e-17,1.1102230246251565e-16,3.90090689443598e-16
deep2_n16_T128_s9401103,deep2,16,128,9401103,1056,32,33792,online_svd,34816,278528,34816,1.0303030303030303,32.96969696969697,0.14935259998310357,24.294851518908906,True,483328,1.6406809060938831e-15,1.1102230246251565e-15,2.4022933443042586e-15
deep2_n16_T128_s9401103,deep2,16,128,9401103,1056,32,33792,online_local_residual,45664,365312,45664,1.3513257575757576,43.24242424242424,0.3095970000140369,50.361447654018704,True,560512,7.540618490242416e-16,5.551115123125783e-16,1.010557876877004e-15
deep2_n16_T128_s9401104,deep2,16,128,9401104,1056,32,33792,packed_exact,26448,211584,26448,0.7826704545454546,25.045454545454547,0.07629019999876618,12.234816808621295,True,283904,4.3634753946762914e-17,2.220446049250313e-16,5.800740831906197e-16
deep2_n16_T128_s9401104,deep2,16,128,9401104,1056,32,33792,online_svd,34816,278528,34816,1.0303030303030303,32.96969696969697,0.15422309993300587,24.73307679582093,True,483328,2.1383826332697695e-15,1.5543122344752192e-15,5.061872680238121e-15
deep2_n16_T128_s9401104,deep2,16,128,9401104,1056,32,33792,online_local_residual,45664,365312,45664,1.3513257575757576,43.24242424242424,0.3255244999891147,52.205035825692875,True,560512,6.818201810047362e-16,4.996003610813204e-16,1.6374010877215675e-15
