id,case,n,T,seed,P,N,full_size,method,tolerance,stored_numbers,ratio_to_full,ratio_to_P,passes,seconds,scope,relative_error,absolute_error
independent_n8_T32_s9401100,independent,8,32,9401100,80,8,640,full_matrix,1e-08,640,1.0,8.0,True,8.00006091594696e-07,online baseline,0.0,0.0
independent_n8_T32_s9401100,independent,8,32,9401100,80,8,640,coordinate_sparse,1e-08,160,0.25,2.0,True,2.9799994081258774e-05,snapshot only,0.0,0.0
independent_n8_T32_s9401100,independent,8,32,9401100,80,8,640,block_sparse_triangular,1e-08,168,0.2625,2.1,True,6.220000796020031e-05,known closed online block recurrence,0.0,0.0
independent_n8_T32_s9401100,independent,8,32,9401100,80,8,640,global_svd,1e-08,704,1.1,8.8,True,0.00010619999375194311,snapshot only,1.1320856177737507e-16,2.7267684638010437e-16
independent_n8_T32_s9401100,independent,8,32,9401100,80,8,640,pivoted_qr_repeated_basis,1e-08,784,1.225,9.8,True,9.089999366551638e-05,snapshot only,2.1096315917103804e-16,4.440892098500626e-16
independent_n8_T32_s9401100,independent,8,32,9401100,80,8,640,supported_group_factors,1e-08,664,1.0375,8.3,True,0.0007838999154046178,snapshot only,0.0,0.0
independent_n8_T32_s9401100,independent,8,32,9401100,80,8,640,owner_block_factors,1e-08,216,0.3375,2.7,True,0.0010102000087499619,snapshot only,0.0,0.0
independent_n8_T32_s9401100,independent,8,32,9401100,80,8,640,kronecker_shared_input_basis,1e-08,664,1.0375,8.3,True,0.0006615000311285257,snapshot only,0.0,0.0
independent_n8_T32_s9401100,independent,8,32,9401100,80,8,640,immediate_support_exact_slice_plus_svd_residual,1e-08,168,0.2625,2.1,True,4.930002614855766e-05,snapshot only,0.0,0.0
independent_n8_T32_s9401100,independent,8,32,9401100,80,8,640,local_eligibility_plus_svd_residual,1e-08,168,0.2625,2.1,True,4.0899962186813354e-05,snapshot only,0.0,0.0
independent_n8_T32_s9401100,independent,8,32,9401100,80,8,640,global_svd,1e-10,704,1.1,8.8,True,6.92000612616539e-05,snapshot only,1.1320856177737507e-16,2.7267684638010437e-16
independent_n8_T32_s9401100,independent,8,32,9401100,80,8,640,pivoted_qr_repeated_basis,1e-10,784,1.225,9.8,True,5.650008097290993e-05,snapshot only,2.1096315917103804e-16,4.440892098500626e-16
independent_n8_T32_s9401100,independent,8,32,9401100,80,8,640,supported_group_factors,1e-10,664,1.0375,8.3,True,0.0005598999559879303,snapshot only,0.0,0.0
independent_n8_T32_s9401100,independent,8,32,9401100,80,8,640,owner_block_factors,1e-10,216,0.3375,2.7,True,0.0010067000985145569,snapshot only,0.0,0.0
independent_n8_T32_s9401100,independent,8,32,9401100,80,8,640,kronecker_shared_input_basis,1e-10,664,1.0375,8.3,True,0.0005661000031977892,snapshot only,0.0,0.0
independent_n8_T32_s9401100,independent,8,32,9401100,80,8,640,immediate_support_exact_slice_plus_svd_residual,1e-10,168,0.2625,2.1,True,4.8200017772614956e-05,snapshot only,0.0,0.0
independent_n8_T32_s9401100,independent,8,32,9401100,80,8,640,local_eligibility_plus_svd_residual,1e-10,168,0.2625,2.1,True,3.979995381087065e-05,snapshot only,0.0,0.0
independent_n8_T32_s9401100,independent,8,32,9401100,80,8,640,global_svd,1e-12,704,1.1,8.8,True,6.890005897730589e-05,snapshot only,1.1320856177737507e-16,2.7267684638010437e-16
independent_n8_T32_s9401100,independent,8,32,9401100,80,8,640,pivoted_qr_repeated_basis,1e-12,784,1.225,9.8,True,5.319993942975998e-05,snapshot only,2.1096315917103804e-16,4.440892098500626e-16
independent_n8_T32_s9401100,independent,8,32,9401100,80,8,640,supported_group_factors,1e-12,664,1.0375,8.3,True,0.0005627999780699611,snapshot only,0.0,0.0
independent_n8_T32_s9401100,independent,8,32,9401100,80,8,640,owner_block_factors,1e-12,216,0.3375,2.7,True,0.0010217999806627631,snapshot only,0.0,0.0
independent_n8_T32_s9401100,independent,8,32,9401100,80,8,640,kronecker_shared_input_basis,1e-12,664,1.0375,8.3,True,0.000569900032132864,snapshot only,0.0,0.0
independent_n8_T32_s9401100,independent,8,32,9401100,80,8,640,immediate_support_exact_slice_plus_svd_residual,1e-12,168,0.2625,2.1,True,4.7600013203918934e-05,snapshot only,0.0,0.0
independent_n8_T32_s9401100,independent,8,32,9401100,80,8,640,local_eligibility_plus_svd_residual,1e-12,168,0.2625,2.1,True,3.96000687032938e-05,snapshot only,0.0,0.0
independent_n8_T32_s9401101,independent,8,32,9401101,80,8,640,full_matrix,1e-08,640,1.0,8.0,True,7.00005330145359e-07,online baseline,0.0,0.0
independent_n8_T32_s9401101,independent,8,32,9401101,80,8,640,coordinate_sparse,1e-08,160,0.25,2.0,True,1.6999896615743637e-05,snapshot only,0.0,0.0
independent_n8_T32_s9401101,independent,8,32,9401101,80,8,640,block_sparse_triangular,1e-08,168,0.2625,2.1,True,6.180000491440296e-05,known closed online block recurrence,0.0,0.0
independent_n8_T32_s9401101,independent,8,32,9401101,80,8,640,global_svd,1e-08,704,1.1,8.8,True,0.00010389997623860836,snapshot only,1.1858017242488507e-16,2.3592239273284576e-16
independent_n8_T32_s9401101,independent,8,32,9401101,80,8,640,pivoted_qr_repeated_basis,1e-08,784,1.225,9.8,True,6.660004146397114e-05,snapshot only,1.39545831449516e-16,4.440892098500626e-16
independent_n8_T32_s9401101,independent,8,32,9401101,80,8,640,supported_group_factors,1e-08,664,1.0375,8.3,True,0.0005896999500691891,snapshot only,0.0,0.0
independent_n8_T32_s9401101,independent,8,32,9401101,80,8,640,owner_block_factors,1e-08,216,0.3375,2.7,True,0.0012382999993860722,snapshot only,0.0,0.0
independent_n8_T32_s9401101,independent,8,32,9401101,80,8,640,kronecker_shared_input_basis,1e-08,664,1.0375,8.3,True,0.0007184999994933605,snapshot only,0.0,0.0
independent_n8_T32_s9401101,independent,8,32,9401101,80,8,640,immediate_support_exact_slice_plus_svd_residual,1e-08,168,0.2625,2.1,True,4.7900015488266945e-05,snapshot only,0.0,0.0
independent_n8_T32_s9401101,independent,8,32,9401101,80,8,640,local_eligibility_plus_svd_residual,1e-08,168,0.2625,2.1,True,4.0499959141016006e-05,snapshot only,0.0,0.0
independent_n8_T32_s9401101,independent,8,32,9401101,80,8,640,global_svd,1e-10,704,1.1,8.8,True,6.910006050020456e-05,snapshot only,1.1858017242488507e-16,2.3592239273284576e-16
independent_n8_T32_s9401101,independent,8,32,9401101,80,8,640,pivoted_qr_repeated_basis,1e-10,784,1.225,9.8,True,7.82000133767724e-05,snapshot only,1.39545831449516e-16,4.440892098500626e-16
independent_n8_T32_s9401101,independent,8,32,9401101,80,8,640,supported_group_factors,1e-10,664,1.0375,8.3,True,0.0006061000749468803,snapshot only,0.0,0.0
independent_n8_T32_s9401101,independent,8,32,9401101,80,8,640,owner_block_factors,1e-10,216,0.3375,2.7,True,0.000970599940046668,snapshot only,0.0,0.0
independent_n8_T32_s9401101,independent,8,32,9401101,80,8,640,kronecker_shared_input_basis,1e-10,664,1.0375,8.3,True,0.0005597000708803535,snapshot only,0.0,0.0
independent_n8_T32_s9401101,independent,8,32,9401101,80,8,640,immediate_support_exact_slice_plus_svd_residual,1e-10,168,0.2625,2.1,True,4.369998350739479e-05,snapshot only,0.0,0.0
independent_n8_T32_s9401101,independent,8,32,9401101,80,8,640,local_eligibility_plus_svd_residual,1e-10,168,0.2625,2.1,True,3.869994543492794e-05,snapshot only,0.0,0.0
independent_n8_T32_s9401101,independent,8,32,9401101,80,8,640,global_svd,1e-12,704,1.1,8.8,True,6.660004146397114e-05,snapshot only,1.1858017242488507e-16,2.3592239273284576e-16
independent_n8_T32_s9401101,independent,8,32,9401101,80,8,640,pivoted_qr_repeated_basis,1e-12,784,1.225,9.8,True,5.679996684193611e-05,snapshot only,1.39545831449516e-16,4.440892098500626e-16
independent_n8_T32_s9401101,independent,8,32,9401101,80,8,640,supported_group_factors,1e-12,664,1.0375,8.3,True,0.0005560999270528555,snapshot only,0.0,0.0
independent_n8_T32_s9401101,independent,8,32,9401101,80,8,640,owner_block_factors,1e-12,216,0.3375,2.7,True,0.0009854999370872974,snapshot only,0.0,0.0
independent_n8_T32_s9401101,independent,8,32,9401101,80,8,640,kronecker_shared_input_basis,1e-12,664,1.0375,8.3,True,0.0005650999955832958,snapshot only,0.0,0.0
independent_n8_T32_s9401101,independent,8,32,9401101,80,8,640,immediate_support_exact_slice_plus_svd_residual,1e-12,168,0.2625,2.1,True,4.369998350739479e-05,snapshot only,0.0,0.0
independent_n8_T32_s9401101,independent,8,32,9401101,80,8,640,local_eligibility_plus_svd_residual,1e-12,168,0.2625,2.1,True,3.85999446734786e-05,snapshot only,0.0,0.0
independent_n8_T32_s9401102,independent,8,32,9401102,80,8,640,full_matrix,1e-08,640,1.0,8.0,True,7.00005330145359e-07,online baseline,0.0,0.0
independent_n8_T32_s9401102,independent,8,32,9401102,80,8,640,coordinate_sparse,1e-08,160,0.25,2.0,True,1.4699995517730713e-05,snapshot only,0.0,0.0
independent_n8_T32_s9401102,independent,8,32,9401102,80,8,640,block_sparse_triangular,1e-08,168,0.2625,2.1,True,6.430002395063639e-05,known closed online block recurrence,0.0,0.0
independent_n8_T32_s9401102,independent,8,32,9401102,80,8,640,global_svd,1e-08,704,1.1,8.8,True,9.919994045048952e-05,snapshot only,1.0762321158274724e-16,2.220446049250313e-16
independent_n8_T32_s9401102,independent,8,32,9401102,80,8,640,pivoted_qr_repeated_basis,1e-08,784,1.225,9.8,True,6.210000719875097e-05,snapshot only,2.0286094217681186e-16,4.440892098500626e-16
independent_n8_T32_s9401102,independent,8,32,9401102,80,8,640,supported_group_factors,1e-08,664,1.0375,8.3,True,0.0005884000565856695,snapshot only,0.0,0.0
independent_n8_T32_s9401102,independent,8,32,9401102,80,8,640,owner_block_factors,1e-08,216,0.3375,2.7,True,0.0010014999425038695,snapshot only,0.0,0.0
independent_n8_T32_s9401102,independent,8,32,9401102,80,8,640,kronecker_shared_input_basis,1e-08,664,1.0375,8.3,True,0.0005644999910145998,snapshot only,0.0,0.0
independent_n8_T32_s9401102,independent,8,32,9401102,80,8,640,immediate_support_exact_slice_plus_svd_residual,1e-08,168,0.2625,2.1,True,4.700000863522291e-05,snapshot only,0.0,0.0
independent_n8_T32_s9401102,independent,8,32,9401102,80,8,640,local_eligibility_plus_svd_residual,1e-08,168,0.2625,2.1,True,3.8100057281553745e-05,snapshot only,0.0,0.0
independent_n8_T32_s9401102,independent,8,32,9401102,80,8,640,global_svd,1e-10,704,1.1,8.8,True,6.789993494749069e-05,snapshot only,1.0762321158274724e-16,2.220446049250313e-16
independent_n8_T32_s9401102,independent,8,32,9401102,80,8,640,pivoted_qr_repeated_basis,1e-10,784,1.225,9.8,True,5.48000680282712e-05,snapshot only,2.0286094217681186e-16,4.440892098500626e-16
independent_n8_T32_s9401102,independent,8,32,9401102,80,8,640,supported_group_factors,1e-10,664,1.0375,8.3,True,0.0008188999490812421,snapshot only,0.0,0.0
independent_n8_T32_s9401102,independent,8,32,9401102,80,8,640,owner_block_factors,1e-10,216,0.3375,2.7,True,0.0010636999504640698,snapshot only,0.0,0.0
independent_n8_T32_s9401102,independent,8,32,9401102,80,8,640,kronecker_shared_input_basis,1e-10,664,1.0375,8.3,True,0.0005691000260412693,snapshot only,0.0,0.0
independent_n8_T32_s9401102,independent,8,32,9401102,80,8,640,immediate_support_exact_slice_plus_svd_residual,1e-10,168,0.2625,2.1,True,4.339998122304678e-05,snapshot only,0.0,0.0
independent_n8_T32_s9401102,independent,8,32,9401102,80,8,640,local_eligibility_plus_svd_residual,1e-10,168,0.2625,2.1,True,3.779993858188391e-05,snapshot only,0.0,0.0
independent_n8_T32_s9401102,independent,8,32,9401102,80,8,640,global_svd,1e-12,704,1.1,8.8,True,6.810005288571119e-05,snapshot only,1.0762321158274724e-16,2.220446049250313e-16
independent_n8_T32_s9401102,independent,8,32,9401102,80,8,640,pivoted_qr_repeated_basis,1e-12,784,1.225,9.8,True,5.089992191642523e-05,snapshot only,2.0286094217681186e-16,4.440892098500626e-16
independent_n8_T32_s9401102,independent,8,32,9401102,80,8,640,supported_group_factors,1e-12,664,1.0375,8.3,True,0.0005590000655502081,snapshot only,0.0,0.0
independent_n8_T32_s9401102,independent,8,32,9401102,80,8,640,owner_block_factors,1e-12,216,0.3375,2.7,True,0.0009624999947845936,snapshot only,0.0,0.0
independent_n8_T32_s9401102,independent,8,32,9401102,80,8,640,kronecker_shared_input_basis,1e-12,664,1.0375,8.3,True,0.0005534999072551727,snapshot only,0.0,0.0
independent_n8_T32_s9401102,independent,8,32,9401102,80,8,640,immediate_support_exact_slice_plus_svd_residual,1e-12,168,0.2625,2.1,True,4.309997893869877e-05,snapshot only,0.0,0.0
independent_n8_T32_s9401102,independent,8,32,9401102,80,8,640,local_eligibility_plus_svd_residual,1e-12,168,0.2625,2.1,True,3.759993705898523e-05,snapshot only,0.0,0.0
independent_n8_T32_s9401103,independent,8,32,9401103,80,8,640,full_matrix,1e-08,640,1.0,8.0,True,7.00005330145359e-07,online baseline,0.0,0.0
independent_n8_T32_s9401103,independent,8,32,9401103,80,8,640,coordinate_sparse,1e-08,160,0.25,2.0,True,1.479999627918005e-05,snapshot only,0.0,0.0
independent_n8_T32_s9401103,independent,8,32,9401103,80,8,640,block_sparse_triangular,1e-08,168,0.2625,2.1,True,6.170000415295362e-05,known closed online block recurrence,0.0,0.0
independent_n8_T32_s9401103,independent,8,32,9401103,80,8,640,global_svd,1e-08,704,1.1,8.8,True,0.00010249996557831764,snapshot only,1.333873628443033e-16,2.220446049250313e-16
independent_n8_T32_s9401103,independent,8,32,9401103,80,8,640,pivoted_qr_repeated_basis,1e-08,784,1.225,9.8,True,6.370001938194036e-05,snapshot only,2.0738706596455669e-16,6.661338147750939e-16
independent_n8_T32_s9401103,independent,8,32,9401103,80,8,640,supported_group_factors,1e-08,664,1.0375,8.3,True,0.0007428000681102276,snapshot only,0.0,0.0
independent_n8_T32_s9401103,independent,8,32,9401103,80,8,640,owner_block_factors,1e-08,216,0.3375,2.7,True,0.0009354000212624669,snapshot only,0.0,0.0
independent_n8_T32_s9401103,independent,8,32,9401103,80,8,640,kronecker_shared_input_basis,1e-08,664,1.0375,8.3,True,0.0006649000570178032,snapshot only,0.0,0.0
independent_n8_T32_s9401103,independent,8,32,9401103,80,8,640,immediate_support_exact_slice_plus_svd_residual,1e-08,168,0.2625,2.1,True,4.4599990360438824e-05,snapshot only,0.0,0.0
independent_n8_T32_s9401103,independent,8,32,9401103,80,8,640,local_eligibility_plus_svd_residual,1e-08,168,0.2625,2.1,True,3.799994010478258e-05,snapshot only,0.0,0.0
independent_n8_T32_s9401103,independent,8,32,9401103,80,8,640,global_svd,1e-10,704,1.1,8.8,True,6.580003537237644e-05,snapshot only,1.333873628443033e-16,2.220446049250313e-16
independent_n8_T32_s9401103,independent,8,32,9401103,80,8,640,pivoted_qr_repeated_basis,1e-10,784,1.225,9.8,True,5.180004518479109e-05,snapshot only,2.0738706596455669e-16,6.661338147750939e-16
independent_n8_T32_s9401103,independent,8,32,9401103,80,8,640,supported_group_factors,1e-10,664,1.0375,8.3,True,0.0005589999491348863,snapshot only,0.0,0.0
independent_n8_T32_s9401103,independent,8,32,9401103,80,8,640,owner_block_factors,1e-10,216,0.3375,2.7,True,0.0009602999780327082,snapshot only,0.0,0.0
independent_n8_T32_s9401103,independent,8,32,9401103,80,8,640,kronecker_shared_input_basis,1e-10,664,1.0375,8.3,True,0.0005496999947354198,snapshot only,0.0,0.0
independent_n8_T32_s9401103,independent,8,32,9401103,80,8,640,immediate_support_exact_slice_plus_svd_residual,1e-10,168,0.2625,2.1,True,4.2599975131452084e-05,snapshot only,0.0,0.0
independent_n8_T32_s9401103,independent,8,32,9401103,80,8,640,local_eligibility_plus_svd_residual,1e-10,168,0.2625,2.1,True,3.750005271285772e-05,snapshot only,0.0,0.0
independent_n8_T32_s9401103,independent,8,32,9401103,80,8,640,global_svd,1e-12,704,1.1,8.8,True,6.639992352575064e-05,snapshot only,1.333873628443033e-16,2.220446049250313e-16
independent_n8_T32_s9401103,independent,8,32,9401103,80,8,640,pivoted_qr_repeated_basis,1e-12,784,1.225,9.8,True,4.9400026910007e-05,snapshot only,2.0738706596455669e-16,6.661338147750939e-16
independent_n8_T32_s9401103,independent,8,32,9401103,80,8,640,supported_group_factors,1e-12,664,1.0375,8.3,True,0.0005545000312849879,snapshot only,0.0,0.0
independent_n8_T32_s9401103,independent,8,32,9401103,80,8,640,owner_block_factors,1e-12,216,0.3375,2.7,True,0.0012474000686779618,snapshot only,0.0,0.0
independent_n8_T32_s9401103,independent,8,32,9401103,80,8,640,kronecker_shared_input_basis,1e-12,664,1.0375,8.3,True,0.0005457000806927681,snapshot only,0.0,0.0
independent_n8_T32_s9401103,independent,8,32,9401103,80,8,640,immediate_support_exact_slice_plus_svd_residual,1e-12,168,0.2625,2.1,True,4.20999713242054e-05,snapshot only,0.0,0.0
independent_n8_T32_s9401103,independent,8,32,9401103,80,8,640,local_eligibility_plus_svd_residual,1e-12,168,0.2625,2.1,True,5.579995922744274e-05,snapshot only,0.0,0.0
independent_n8_T32_s9401104,independent,8,32,9401104,80,8,640,full_matrix,1e-08,640,1.0,8.0,True,7.00005330145359e-07,online baseline,0.0,0.0
independent_n8_T32_s9401104,independent,8,32,9401104,80,8,640,coordinate_sparse,1e-08,160,0.25,2.0,True,1.5600002370774746e-05,snapshot only,0.0,0.0
independent_n8_T32_s9401104,independent,8,32,9401104,80,8,640,block_sparse_triangular,1e-08,168,0.2625,2.1,True,6.130000110715628e-05,known closed online block recurrence,0.0,0.0
independent_n8_T32_s9401104,independent,8,32,9401104,80,8,640,global_svd,1e-08,704,1.1,8.8,True,9.850005153566599e-05,snapshot only,1.2522579635782497e-16,2.220446049250313e-16
independent_n8_T32_s9401104,independent,8,32,9401104,80,8,640,pivoted_qr_repeated_basis,1e-08,784,1.225,9.8,True,6.230000872164965e-05,snapshot only,2.0019742055641153e-16,4.440892098500626e-16
independent_n8_T32_s9401104,independent,8,32,9401104,80,8,640,supported_group_factors,1e-08,664,1.0375,8.3,True,0.0006075999699532986,snapshot only,0.0,0.0
independent_n8_T32_s9401104,independent,8,32,9401104,80,8,640,owner_block_factors,1e-08,216,0.3375,2.7,True,0.001106400042772293,snapshot only,0.0,0.0
independent_n8_T32_s9401104,independent,8,32,9401104,80,8,640,kronecker_shared_input_basis,1e-08,664,1.0375,8.3,True,0.0006189000559970737,snapshot only,0.0,0.0
independent_n8_T32_s9401104,independent,8,32,9401104,80,8,640,immediate_support_exact_slice_plus_svd_residual,1e-08,168,0.2625,2.1,True,4.67000063508749e-05,snapshot only,0.0,0.0
independent_n8_T32_s9401104,independent,8,32,9401104,80,8,640,local_eligibility_plus_svd_residual,1e-08,168,0.2625,2.1,True,3.8499943912029266e-05,snapshot only,0.0,0.0
independent_n8_T32_s9401104,independent,8,32,9401104,80,8,640,global_svd,1e-10,704,1.1,8.8,True,6.750004831701517e-05,snapshot only,1.2522579635782497e-16,2.220446049250313e-16
independent_n8_T32_s9401104,independent,8,32,9401104,80,8,640,pivoted_qr_repeated_basis,1e-10,784,1.225,9.8,True,6.0999998822808266e-05,snapshot only,2.0019742055641153e-16,4.440892098500626e-16
independent_n8_T32_s9401104,independent,8,32,9401104,80,8,640,supported_group_factors,1e-10,664,1.0375,8.3,True,0.0005655999993905425,snapshot only,0.0,0.0
independent_n8_T32_s9401104,independent,8,32,9401104,80,8,640,owner_block_factors,1e-10,216,0.3375,2.7,True,0.0009711999446153641,snapshot only,0.0,0.0
independent_n8_T32_s9401104,independent,8,32,9401104,80,8,640,kronecker_shared_input_basis,1e-10,664,1.0375,8.3,True,0.0005709000397473574,snapshot only,0.0,0.0
independent_n8_T32_s9401104,independent,8,32,9401104,80,8,640,immediate_support_exact_slice_plus_svd_residual,1e-10,168,0.2625,2.1,True,4.3899985030293465e-05,snapshot only,0.0,0.0
independent_n8_T32_s9401104,independent,8,32,9401104,80,8,640,local_eligibility_plus_svd_residual,1e-10,168,0.2625,2.1,True,3.7800054997205734e-05,snapshot only,0.0,0.0
independent_n8_T32_s9401104,independent,8,32,9401104,80,8,640,global_svd,1e-12,704,1.1,8.8,True,6.820005364716053e-05,snapshot only,1.2522579635782497e-16,2.220446049250313e-16
independent_n8_T32_s9401104,independent,8,32,9401104,80,8,640,pivoted_qr_repeated_basis,1e-12,784,1.225,9.8,True,5.589995998889208e-05,snapshot only,2.0019742055641153e-16,4.440892098500626e-16
independent_n8_T32_s9401104,independent,8,32,9401104,80,8,640,supported_group_factors,1e-12,664,1.0375,8.3,True,0.0005669000092893839,snapshot only,0.0,0.0
independent_n8_T32_s9401104,independent,8,32,9401104,80,8,640,owner_block_factors,1e-12,216,0.3375,2.7,True,0.0009661999065428972,snapshot only,0.0,0.0
independent_n8_T32_s9401104,independent,8,32,9401104,80,8,640,kronecker_shared_input_basis,1e-12,664,1.0375,8.3,True,0.0005613999674096704,snapshot only,0.0,0.0
independent_n8_T32_s9401104,independent,8,32,9401104,80,8,640,immediate_support_exact_slice_plus_svd_residual,1e-12,168,0.2625,2.1,True,4.329998046159744e-05,snapshot only,0.0,0.0
independent_n8_T32_s9401104,independent,8,32,9401104,80,8,640,local_eligibility_plus_svd_residual,1e-12,168,0.2625,2.1,True,3.800005652010441e-05,snapshot only,0.0,0.0
independent_n8_T128_s9401100,independent,8,128,9401100,80,8,640,full_matrix,1e-08,640,1.0,8.0,True,8.00006091594696e-07,online baseline,0.0,0.0
independent_n8_T128_s9401100,independent,8,128,9401100,80,8,640,coordinate_sparse,1e-08,160,0.25,2.0,True,1.4899997040629387e-05,snapshot only,0.0,0.0
independent_n8_T128_s9401100,independent,8,128,9401100,80,8,640,block_sparse_triangular,1e-08,168,0.2625,2.1,True,6.140000186860561e-05,known closed online block recurrence,0.0,0.0
independent_n8_T128_s9401100,independent,8,128,9401100,80,8,640,global_svd,1e-08,704,1.1,8.8,True,9.42000187933445e-05,snapshot only,1.3419680693116685e-16,2.7755575615628914e-16
independent_n8_T128_s9401100,independent,8,128,9401100,80,8,640,pivoted_qr_repeated_basis,1e-08,784,1.225,9.8,True,6.200000643730164e-05,snapshot only,1.477266603031386e-16,4.440892098500626e-16
independent_n8_T128_s9401100,independent,8,128,9401100,80,8,640,supported_group_factors,1e-08,664,1.0375,8.3,True,0.0005792999872937799,snapshot only,0.0,0.0
independent_n8_T128_s9401100,independent,8,128,9401100,80,8,640,owner_block_factors,1e-08,216,0.3375,2.7,True,0.0009794000070542097,snapshot only,0.0,0.0
independent_n8_T128_s9401100,independent,8,128,9401100,80,8,640,kronecker_shared_input_basis,1e-08,664,1.0375,8.3,True,0.0005616999696940184,snapshot only,0.0,0.0
independent_n8_T128_s9401100,independent,8,128,9401100,80,8,640,immediate_support_exact_slice_plus_svd_residual,1e-08,168,0.2625,2.1,True,4.569999873638153e-05,snapshot only,0.0,0.0
independent_n8_T128_s9401100,independent,8,128,9401100,80,8,640,local_eligibility_plus_svd_residual,1e-08,168,0.2625,2.1,True,3.830005880445242e-05,snapshot only,0.0,0.0
independent_n8_T128_s9401100,independent,8,128,9401100,80,8,640,global_svd,1e-10,704,1.1,8.8,True,7.040007039904594e-05,snapshot only,1.3419680693116685e-16,2.7755575615628914e-16
independent_n8_T128_s9401100,independent,8,128,9401100,80,8,640,pivoted_qr_repeated_basis,1e-10,784,1.225,9.8,True,5.089992191642523e-05,snapshot only,1.477266603031386e-16,4.440892098500626e-16
independent_n8_T128_s9401100,independent,8,128,9401100,80,8,640,supported_group_factors,1e-10,664,1.0375,8.3,True,0.0005596000701189041,snapshot only,0.0,0.0
independent_n8_T128_s9401100,independent,8,128,9401100,80,8,640,owner_block_factors,1e-10,216,0.3375,2.7,True,0.0009701000526547432,snapshot only,0.0,0.0
independent_n8_T128_s9401100,independent,8,128,9401100,80,8,640,kronecker_shared_input_basis,1e-10,664,1.0375,8.3,True,0.0005665000062435865,snapshot only,0.0,0.0
independent_n8_T128_s9401100,independent,8,128,9401100,80,8,640,immediate_support_exact_slice_plus_svd_residual,1e-10,168,0.2625,2.1,True,4.499999340623617e-05,snapshot only,0.0,0.0
independent_n8_T128_s9401100,independent,8,128,9401100,80,8,640,local_eligibility_plus_svd_residual,1e-10,168,0.2625,2.1,True,3.8400059565901756e-05,snapshot only,0.0,0.0
independent_n8_T128_s9401100,independent,8,128,9401100,80,8,640,global_svd,1e-12,704,1.1,8.8,True,6.990006659179926e-05,snapshot only,1.3419680693116685e-16,2.7755575615628914e-16
independent_n8_T128_s9401100,independent,8,128,9401100,80,8,640,pivoted_qr_repeated_basis,1e-12,784,1.225,9.8,True,4.9900030717253685e-05,snapshot only,1.477266603031386e-16,4.440892098500626e-16
independent_n8_T128_s9401100,independent,8,128,9401100,80,8,640,supported_group_factors,1e-12,664,1.0375,8.3,True,0.000561899971216917,snapshot only,0.0,0.0
independent_n8_T128_s9401100,independent,8,128,9401100,80,8,640,owner_block_factors,1e-12,216,0.3375,2.7,True,0.0009978000307455659,snapshot only,0.0,0.0
independent_n8_T128_s9401100,independent,8,128,9401100,80,8,640,kronecker_shared_input_basis,1e-12,664,1.0375,8.3,True,0.0005715000443160534,snapshot only,0.0,0.0
independent_n8_T128_s9401100,independent,8,128,9401100,80,8,640,immediate_support_exact_slice_plus_svd_residual,1e-12,168,0.2625,2.1,True,4.469999112188816e-05,snapshot only,0.0,0.0
independent_n8_T128_s9401100,independent,8,128,9401100,80,8,640,local_eligibility_plus_svd_residual,1e-12,168,0.2625,2.1,True,3.739993553608656e-05,snapshot only,0.0,0.0
independent_n8_T128_s9401101,independent,8,128,9401101,80,8,640,full_matrix,1e-08,640,1.0,8.0,True,1.700012944638729e-06,online baseline,0.0,0.0
independent_n8_T128_s9401101,independent,8,128,9401101,80,8,640,coordinate_sparse,1e-08,160,0.25,2.0,True,2.550007775425911e-05,snapshot only,0.0,0.0
independent_n8_T128_s9401101,independent,8,128,9401101,80,8,640,block_sparse_triangular,1e-08,168,0.2625,2.1,True,6.480002775788307e-05,known closed online block recurrence,0.0,0.0
independent_n8_T128_s9401101,independent,8,128,9401101,80,8,640,global_svd,1e-08,704,1.1,8.8,True,0.00014220003504306078,snapshot only,1.208888239548827e-16,3.608224830031759e-16
independent_n8_T128_s9401101,independent,8,128,9401101,80,8,640,pivoted_qr_repeated_basis,1e-08,784,1.225,9.8,True,7.670000195503235e-05,snapshot only,1.3357240680203473e-16,4.440892098500626e-16
independent_n8_T128_s9401101,independent,8,128,9401101,80,8,640,supported_group_factors,1e-08,664,1.0375,8.3,True,0.0006337999366223812,snapshot only,0.0,0.0
independent_n8_T128_s9401101,independent,8,128,9401101,80,8,640,owner_block_factors,1e-08,216,0.3375,2.7,True,0.001033900072798133,snapshot only,0.0,0.0
independent_n8_T128_s9401101,independent,8,128,9401101,80,8,640,kronecker_shared_input_basis,1e-08,664,1.0375,8.3,True,0.0005751000717282295,snapshot only,0.0,0.0
independent_n8_T128_s9401101,independent,8,128,9401101,80,8,640,immediate_support_exact_slice_plus_svd_residual,1e-08,168,0.2625,2.1,True,5.370005965232849e-05,snapshot only,0.0,0.0
independent_n8_T128_s9401101,independent,8,128,9401101,80,8,640,local_eligibility_plus_svd_residual,1e-08,168,0.2625,2.1,True,3.879994619637728e-05,snapshot only,0.0,0.0
independent_n8_T128_s9401101,independent,8,128,9401101,80,8,640,global_svd,1e-10,704,1.1,8.8,True,6.870005745440722e-05,snapshot only,1.208888239548827e-16,3.608224830031759e-16
independent_n8_T128_s9401101,independent,8,128,9401101,80,8,640,pivoted_qr_repeated_basis,1e-10,784,1.225,9.8,True,6.140000186860561e-05,snapshot only,1.3357240680203473e-16,4.440892098500626e-16
independent_n8_T128_s9401101,independent,8,128,9401101,80,8,640,supported_group_factors,1e-10,664,1.0375,8.3,True,0.0005806999979540706,snapshot only,0.0,0.0
independent_n8_T128_s9401101,independent,8,128,9401101,80,8,640,owner_block_factors,1e-10,216,0.3375,2.7,True,0.0009702000534161925,snapshot only,0.0,0.0
independent_n8_T128_s9401101,independent,8,128,9401101,80,8,640,kronecker_shared_input_basis,1e-10,664,1.0375,8.3,True,0.0005726999370381236,snapshot only,0.0,0.0
independent_n8_T128_s9401101,independent,8,128,9401101,80,8,640,immediate_support_exact_slice_plus_svd_residual,1e-10,168,0.2625,2.1,True,4.3599982745945454e-05,snapshot only,0.0,0.0
independent_n8_T128_s9401101,independent,8,128,9401101,80,8,640,local_eligibility_plus_svd_residual,1e-10,168,0.2625,2.1,True,3.800005652010441e-05,snapshot only,0.0,0.0
independent_n8_T128_s9401101,independent,8,128,9401101,80,8,640,global_svd,1e-12,704,1.1,8.8,True,0.00020070001482963562,snapshot only,1.208888239548827e-16,3.608224830031759e-16
independent_n8_T128_s9401101,independent,8,128,9401101,80,8,640,pivoted_qr_repeated_basis,1e-12,784,1.225,9.8,True,6.54000323265791e-05,snapshot only,1.3357240680203473e-16,4.440892098500626e-16
independent_n8_T128_s9401101,independent,8,128,9401101,80,8,640,supported_group_factors,1e-12,664,1.0375,8.3,True,0.0006310000317171216,snapshot only,0.0,0.0
independent_n8_T128_s9401101,independent,8,128,9401101,80,8,640,owner_block_factors,1e-12,216,0.3375,2.7,True,0.0010594000341370702,snapshot only,0.0,0.0
independent_n8_T128_s9401101,independent,8,128,9401101,80,8,640,kronecker_shared_input_basis,1e-12,664,1.0375,8.3,True,0.0006466000340878963,snapshot only,0.0,0.0
independent_n8_T128_s9401101,independent,8,128,9401101,80,8,640,immediate_support_exact_slice_plus_svd_residual,1e-12,168,0.2625,2.1,True,6.0699996538460255e-05,snapshot only,0.0,0.0
independent_n8_T128_s9401101,independent,8,128,9401101,80,8,640,local_eligibility_plus_svd_residual,1e-12,168,0.2625,2.1,True,4.610000178217888e-05,snapshot only,0.0,0.0
independent_n8_T128_s9401102,independent,8,128,9401102,80,8,640,full_matrix,1e-08,640,1.0,8.0,True,8.00006091594696e-07,online baseline,0.0,0.0
independent_n8_T128_s9401102,independent,8,128,9401102,80,8,640,coordinate_sparse,1e-08,160,0.25,2.0,True,1.5300000086426735e-05,snapshot only,0.0,0.0
independent_n8_T128_s9401102,independent,8,128,9401102,80,8,640,block_sparse_triangular,1e-08,168,0.2625,2.1,True,6.170000415295362e-05,known closed online block recurrence,0.0,0.0
independent_n8_T128_s9401102,independent,8,128,9401102,80,8,640,global_svd,1e-08,704,1.1,8.8,True,9.649991989135742e-05,snapshot only,1.127616899307263e-16,2.220446049250313e-16
independent_n8_T128_s9401102,independent,8,128,9401102,80,8,640,pivoted_qr_repeated_basis,1e-08,784,1.225,9.8,True,6.690004374831915e-05,snapshot only,1.320572500218393e-16,4.440892098500626e-16
independent_n8_T128_s9401102,independent,8,128,9401102,80,8,640,supported_group_factors,1e-08,664,1.0375,8.3,True,0.0005950999911874533,snapshot only,0.0,0.0
independent_n8_T128_s9401102,independent,8,128,9401102,80,8,640,owner_block_factors,1e-08,216,0.3375,2.7,True,0.0009798998944461346,snapshot only,0.0,0.0
independent_n8_T128_s9401102,independent,8,128,9401102,80,8,640,kronecker_shared_input_basis,1e-08,664,1.0375,8.3,True,0.0008849999867379665,snapshot only,0.0,0.0
independent_n8_T128_s9401102,independent,8,128,9401102,80,8,640,immediate_support_exact_slice_plus_svd_residual,1e-08,168,0.2625,2.1,True,5.6900084018707275e-05,snapshot only,0.0,0.0
independent_n8_T128_s9401102,independent,8,128,9401102,80,8,640,local_eligibility_plus_svd_residual,1e-08,168,0.2625,2.1,True,4.7600013203918934e-05,snapshot only,0.0,0.0
independent_n8_T128_s9401102,independent,8,128,9401102,80,8,640,global_svd,1e-10,704,1.1,8.8,True,7.82000133767724e-05,snapshot only,1.127616899307263e-16,2.220446049250313e-16
independent_n8_T128_s9401102,independent,8,128,9401102,80,8,640,pivoted_qr_repeated_basis,1e-10,784,1.225,9.8,True,6.989995017647743e-05,snapshot only,1.320572500218393e-16,4.440892098500626e-16
independent_n8_T128_s9401102,independent,8,128,9401102,80,8,640,supported_group_factors,1e-10,664,1.0375,8.3,True,0.0006191999418660998,snapshot only,0.0,0.0
independent_n8_T128_s9401102,independent,8,128,9401102,80,8,640,owner_block_factors,1e-10,216,0.3375,2.7,True,0.0010053999722003937,snapshot only,0.0,0.0
independent_n8_T128_s9401102,independent,8,128,9401102,80,8,640,kronecker_shared_input_basis,1e-10,664,1.0375,8.3,True,0.0005591999506577849,snapshot only,0.0,0.0
independent_n8_T128_s9401102,independent,8,128,9401102,80,8,640,immediate_support_exact_slice_plus_svd_residual,1e-10,168,0.2625,2.1,True,4.610000178217888e-05,snapshot only,0.0,0.0
independent_n8_T128_s9401102,independent,8,128,9401102,80,8,640,local_eligibility_plus_svd_residual,1e-10,168,0.2625,2.1,True,3.7899939343333244e-05,snapshot only,0.0,0.0
independent_n8_T128_s9401102,independent,8,128,9401102,80,8,640,global_svd,1e-12,704,1.1,8.8,True,6.850005593150854e-05,snapshot only,1.127616899307263e-16,2.220446049250313e-16
independent_n8_T128_s9401102,independent,8,128,9401102,80,8,640,pivoted_qr_repeated_basis,1e-12,784,1.225,9.8,True,5.019991658627987e-05,snapshot only,1.320572500218393e-16,4.440892098500626e-16
independent_n8_T128_s9401102,independent,8,128,9401102,80,8,640,supported_group_factors,1e-12,664,1.0375,8.3,True,0.0005740000633522868,snapshot only,0.0,0.0
independent_n8_T128_s9401102,independent,8,128,9401102,80,8,640,owner_block_factors,1e-12,216,0.3375,2.7,True,0.0009698999347165227,snapshot only,0.0,0.0
independent_n8_T128_s9401102,independent,8,128,9401102,80,8,640,kronecker_shared_input_basis,1e-12,664,1.0375,8.3,True,0.0005634999834001064,snapshot only,0.0,0.0
independent_n8_T128_s9401102,independent,8,128,9401102,80,8,640,immediate_support_exact_slice_plus_svd_residual,1e-12,168,0.2625,2.1,True,4.439998883754015e-05,snapshot only,0.0,0.0
independent_n8_T128_s9401102,independent,8,128,9401102,80,8,640,local_eligibility_plus_svd_residual,1e-12,168,0.2625,2.1,True,3.85999446734786e-05,snapshot only,0.0,0.0
independent_n8_T128_s9401103,independent,8,128,9401103,80,8,640,full_matrix,1e-08,640,1.0,8.0,True,8.00006091594696e-07,online baseline,0.0,0.0
independent_n8_T128_s9401103,independent,8,128,9401103,80,8,640,coordinate_sparse,1e-08,160,0.25,2.0,True,1.7900019884109497e-05,snapshot only,0.0,0.0
independent_n8_T128_s9401103,independent,8,128,9401103,80,8,640,block_sparse_triangular,1e-08,168,0.2625,2.1,True,6.410002242773771e-05,known closed online block recurrence,0.0,0.0
independent_n8_T128_s9401103,independent,8,128,9401103,80,8,640,global_svd,1e-08,704,1.1,8.8,True,0.00011280004400759935,snapshot only,1.4231280540005513e-16,2.220446049250313e-16
independent_n8_T128_s9401103,independent,8,128,9401103,80,8,640,pivoted_qr_repeated_basis,1e-08,784,1.225,9.8,True,6.630003917962313e-05,snapshot only,0.0,0.0
independent_n8_T128_s9401103,independent,8,128,9401103,80,8,640,supported_group_factors,1e-08,664,1.0375,8.3,True,0.0006104999920353293,snapshot only,0.0,0.0
independent_n8_T128_s9401103,independent,8,128,9401103,80,8,640,owner_block_factors,1e-08,216,0.3375,2.7,True,0.0010021000634878874,snapshot only,0.0,0.0
independent_n8_T128_s9401103,independent,8,128,9401103,80,8,640,kronecker_shared_input_basis,1e-08,664,1.0375,8.3,True,0.0007483999943360686,snapshot only,0.0,0.0
independent_n8_T128_s9401103,independent,8,128,9401103,80,8,640,immediate_support_exact_slice_plus_svd_residual,1e-08,168,0.2625,2.1,True,4.770001396536827e-05,snapshot only,0.0,0.0
independent_n8_T128_s9401103,independent,8,128,9401103,80,8,640,local_eligibility_plus_svd_residual,1e-08,168,0.2625,2.1,True,3.900006413459778e-05,snapshot only,0.0,0.0
independent_n8_T128_s9401103,independent,8,128,9401103,80,8,640,global_svd,1e-10,704,1.1,8.8,True,6.950006354600191e-05,snapshot only,1.4231280540005513e-16,2.220446049250313e-16
independent_n8_T128_s9401103,independent,8,128,9401103,80,8,640,pivoted_qr_repeated_basis,1e-10,784,1.225,9.8,True,5.449994932860136e-05,snapshot only,0.0,0.0
independent_n8_T128_s9401103,independent,8,128,9401103,80,8,640,supported_group_factors,1e-10,664,1.0375,8.3,True,0.0005718999309465289,snapshot only,0.0,0.0
independent_n8_T128_s9401103,independent,8,128,9401103,80,8,640,owner_block_factors,1e-10,216,0.3375,2.7,True,0.0010077999904751778,snapshot only,0.0,0.0
independent_n8_T128_s9401103,independent,8,128,9401103,80,8,640,kronecker_shared_input_basis,1e-10,664,1.0375,8.3,True,0.0006053999532014132,snapshot only,0.0,0.0
independent_n8_T128_s9401103,independent,8,128,9401103,80,8,640,immediate_support_exact_slice_plus_svd_residual,1e-10,168,0.2625,2.1,True,4.509999416768551e-05,snapshot only,0.0,0.0
independent_n8_T128_s9401103,independent,8,128,9401103,80,8,640,local_eligibility_plus_svd_residual,1e-10,168,0.2625,2.1,True,4.0100072510540485e-05,snapshot only,0.0,0.0
independent_n8_T128_s9401103,independent,8,128,9401103,80,8,640,global_svd,1e-12,704,1.1,8.8,True,6.960006430745125e-05,snapshot only,1.4231280540005513e-16,2.220446049250313e-16
independent_n8_T128_s9401103,independent,8,128,9401103,80,8,640,pivoted_qr_repeated_basis,1e-12,784,1.225,9.8,True,5.249993409961462e-05,snapshot only,0.0,0.0
independent_n8_T128_s9401103,independent,8,128,9401103,80,8,640,supported_group_factors,1e-12,664,1.0375,8.3,True,0.000568700022995472,snapshot only,0.0,0.0
independent_n8_T128_s9401103,independent,8,128,9401103,80,8,640,owner_block_factors,1e-12,216,0.3375,2.7,True,0.0009919999865815043,snapshot only,0.0,0.0
independent_n8_T128_s9401103,independent,8,128,9401103,80,8,640,kronecker_shared_input_basis,1e-12,664,1.0375,8.3,True,0.0005839000223204494,snapshot only,0.0,0.0
independent_n8_T128_s9401103,independent,8,128,9401103,80,8,640,immediate_support_exact_slice_plus_svd_residual,1e-12,168,0.2625,2.1,True,4.349998198449612e-05,snapshot only,0.0,0.0
independent_n8_T128_s9401103,independent,8,128,9401103,80,8,640,local_eligibility_plus_svd_residual,1e-12,168,0.2625,2.1,True,3.8899946957826614e-05,snapshot only,0.0,0.0
independent_n8_T128_s9401104,independent,8,128,9401104,80,8,640,full_matrix,1e-08,640,1.0,8.0,True,7.00005330145359e-07,online baseline,0.0,0.0
independent_n8_T128_s9401104,independent,8,128,9401104,80,8,640,coordinate_sparse,1e-08,160,0.25,2.0,True,1.4499993994832039e-05,snapshot only,0.0,0.0
independent_n8_T128_s9401104,independent,8,128,9401104,80,8,640,block_sparse_triangular,1e-08,168,0.2625,2.1,True,5.850009620189667e-05,known closed online block recurrence,0.0,0.0
independent_n8_T128_s9401104,independent,8,128,9401104,80,8,640,global_svd,1e-08,704,1.1,8.8,True,0.00011700007598847151,snapshot only,1.6259036961426484e-16,2.7755575615628914e-16
independent_n8_T128_s9401104,independent,8,128,9401104,80,8,640,pivoted_qr_repeated_basis,1e-08,784,1.225,9.8,True,6.46000262349844e-05,snapshot only,1.3976559332573816e-16,4.440892098500626e-16
independent_n8_T128_s9401104,independent,8,128,9401104,80,8,640,supported_group_factors,1e-08,664,1.0375,8.3,True,0.0005935999797657132,snapshot only,0.0,0.0
independent_n8_T128_s9401104,independent,8,128,9401104,80,8,640,owner_block_factors,1e-08,216,0.3375,2.7,True,0.0011530000483617187,snapshot only,0.0,0.0
independent_n8_T128_s9401104,independent,8,128,9401104,80,8,640,kronecker_shared_input_basis,1e-08,664,1.0375,8.3,True,0.0005801001098006964,snapshot only,0.0,0.0
independent_n8_T128_s9401104,independent,8,128,9401104,80,8,640,immediate_support_exact_slice_plus_svd_residual,1e-08,168,0.2625,2.1,True,4.4599990360438824e-05,snapshot only,0.0,0.0
independent_n8_T128_s9401104,independent,8,128,9401104,80,8,640,local_eligibility_plus_svd_residual,1e-08,168,0.2625,2.1,True,3.9499951526522636e-05,snapshot only,0.0,0.0
independent_n8_T128_s9401104,independent,8,128,9401104,80,8,640,global_svd,1e-10,704,1.1,8.8,True,6.870005745440722e-05,snapshot only,1.6259036961426484e-16,2.7755575615628914e-16
independent_n8_T128_s9401104,independent,8,128,9401104,80,8,640,pivoted_qr_repeated_basis,1e-10,784,1.225,9.8,True,5.689996760338545e-05,snapshot only,1.3976559332573816e-16,4.440892098500626e-16
independent_n8_T128_s9401104,independent,8,128,9401104,80,8,640,supported_group_factors,1e-10,664,1.0375,8.3,True,0.0005642999894917011,snapshot only,0.0,0.0
independent_n8_T128_s9401104,independent,8,128,9401104,80,8,640,owner_block_factors,1e-10,216,0.3375,2.7,True,0.0009606999810785055,snapshot only,0.0,0.0
independent_n8_T128_s9401104,independent,8,128,9401104,80,8,640,kronecker_shared_input_basis,1e-10,664,1.0375,8.3,True,0.0005673000123351812,snapshot only,0.0,0.0
independent_n8_T128_s9401104,independent,8,128,9401104,80,8,640,immediate_support_exact_slice_plus_svd_residual,1e-10,168,0.2625,2.1,True,4.42001037299633e-05,snapshot only,0.0,0.0
independent_n8_T128_s9401104,independent,8,128,9401104,80,8,640,local_eligibility_plus_svd_residual,1e-10,168,0.2625,2.1,True,3.9599952287971973e-05,snapshot only,0.0,0.0
independent_n8_T128_s9401104,independent,8,128,9401104,80,8,640,global_svd,1e-12,704,1.1,8.8,True,7.00999516993761e-05,snapshot only,1.6259036961426484e-16,2.7755575615628914e-16
independent_n8_T128_s9401104,independent,8,128,9401104,80,8,640,pivoted_qr_repeated_basis,1e-12,784,1.225,9.8,True,5.030003376305103e-05,snapshot only,1.3976559332573816e-16,4.440892098500626e-16
independent_n8_T128_s9401104,independent,8,128,9401104,80,8,640,supported_group_factors,1e-12,664,1.0375,8.3,True,0.0005683000199496746,snapshot only,0.0,0.0
independent_n8_T128_s9401104,independent,8,128,9401104,80,8,640,owner_block_factors,1e-12,216,0.3375,2.7,True,0.0009721000678837299,snapshot only,0.0,0.0
independent_n8_T128_s9401104,independent,8,128,9401104,80,8,640,kronecker_shared_input_basis,1e-12,664,1.0375,8.3,True,0.0005509000038728118,snapshot only,0.0,0.0
independent_n8_T128_s9401104,independent,8,128,9401104,80,8,640,immediate_support_exact_slice_plus_svd_residual,1e-12,168,0.2625,2.1,True,4.299997817724943e-05,snapshot only,0.0,0.0
independent_n8_T128_s9401104,independent,8,128,9401104,80,8,640,local_eligibility_plus_svd_residual,1e-12,168,0.2625,2.1,True,4.0199956856667995e-05,snapshot only,0.0,0.0
independent_n16_T32_s9401100,independent,16,32,9401100,288,16,4608,full_matrix,1e-08,4608,1.0,16.0,True,7.00005330145359e-07,online baseline,0.0,0.0
independent_n16_T32_s9401100,independent,16,32,9401100,288,16,4608,coordinate_sparse,1e-08,576,0.125,2.0,True,1.7400016076862812e-05,snapshot only,0.0,0.0
independent_n16_T32_s9401100,independent,16,32,9401100,288,16,4608,block_sparse_triangular,1e-08,592,0.1284722222222222,2.0555555555555554,True,0.00011709996033459902,known closed online block recurrence,0.0,0.0
independent_n16_T32_s9401100,independent,16,32,9401100,288,16,4608,global_svd,1e-08,4864,1.0555555555555556,16.88888888888889,True,0.00021229998674243689,snapshot only,1.0616751427299188e-16,2.220446049250313e-16
independent_n16_T32_s9401100,independent,16,32,9401100,288,16,4608,pivoted_qr_repeated_basis,1e-08,5152,1.1180555555555556,17.88888888888889,True,0.00010800000745803118,snapshot only,1.8505403263233384e-16,4.440892098500626e-16
independent_n16_T32_s9401100,independent,16,32,9401100,288,16,4608,supported_group_factors,1e-08,4656,1.0104166666666667,16.166666666666668,True,0.0014404000248759985,snapshot only,0.0,0.0
independent_n16_T32_s9401100,independent,16,32,9401100,288,16,4608,owner_block_factors,1e-08,816,0.17708333333333334,2.8333333333333335,True,0.0023151999339461327,snapshot only,0.0,0.0
independent_n16_T32_s9401100,independent,16,32,9401100,288,16,4608,kronecker_shared_input_basis,1e-08,4096,0.8888888888888888,14.222222222222221,True,0.0014402000233530998,snapshot only,1.872657704213312e-09,3.6150149262947906e-09
independent_n16_T32_s9401100,independent,16,32,9401100,288,16,4608,immediate_support_exact_slice_plus_svd_residual,1e-08,592,0.1284722222222222,2.0555555555555554,True,7.860001642256975e-05,snapshot only,0.0,0.0
independent_n16_T32_s9401100,independent,16,32,9401100,288,16,4608,local_eligibility_plus_svd_residual,1e-08,592,0.1284722222222222,2.0555555555555554,True,6.789993494749069e-05,snapshot only,0.0,0.0
independent_n16_T32_s9401100,independent,16,32,9401100,288,16,4608,global_svd,1e-10,4864,1.0555555555555556,16.88888888888889,True,0.00014649995137006044,snapshot only,1.0616751427299188e-16,2.220446049250313e-16
independent_n16_T32_s9401100,independent,16,32,9401100,288,16,4608,pivoted_qr_repeated_basis,1e-10,5152,1.1180555555555556,17.88888888888889,True,8.699996396899223e-05,snapshot only,1.8505403263233384e-16,4.440892098500626e-16
independent_n16_T32_s9401100,independent,16,32,9401100,288,16,4608,supported_group_factors,1e-10,4656,1.0104166666666667,16.166666666666668,True,0.0015027000335976481,snapshot only,0.0,0.0
independent_n16_T32_s9401100,independent,16,32,9401100,288,16,4608,owner_block_factors,1e-10,816,0.17708333333333334,2.8333333333333335,True,0.0025887000374495983,snapshot only,0.0,0.0
independent_n16_T32_s9401100,independent,16,32,9401100,288,16,4608,kronecker_shared_input_basis,1e-10,4640,1.0069444444444444,16.11111111111111,True,0.0017169000348076224,snapshot only,8.288859776567068e-12,1.688782447217818e-11
independent_n16_T32_s9401100,independent,16,32,9401100,288,16,4608,immediate_support_exact_slice_plus_svd_residual,1e-10,592,0.1284722222222222,2.0555555555555554,True,0.00011370005086064339,snapshot only,0.0,0.0
independent_n16_T32_s9401100,independent,16,32,9401100,288,16,4608,local_eligibility_plus_svd_residual,1e-10,592,0.1284722222222222,2.0555555555555554,True,7.700000423938036e-05,snapshot only,0.0,0.0
independent_n16_T32_s9401100,independent,16,32,9401100,288,16,4608,global_svd,1e-12,4864,1.0555555555555556,16.88888888888889,True,0.00015710003208369017,snapshot only,1.0616751427299188e-16,2.220446049250313e-16
independent_n16_T32_s9401100,independent,16,32,9401100,288,16,4608,pivoted_qr_repeated_basis,1e-12,5152,1.1180555555555556,17.88888888888889,True,0.00010469998233020306,snapshot only,1.8505403263233384e-16,4.440892098500626e-16
independent_n16_T32_s9401100,independent,16,32,9401100,288,16,4608,supported_group_factors,1e-12,4656,1.0104166666666667,16.166666666666668,True,0.0014436999335885048,snapshot only,0.0,0.0
independent_n16_T32_s9401100,independent,16,32,9401100,288,16,4608,owner_block_factors,1e-12,816,0.17708333333333334,2.8333333333333335,True,0.002343100029975176,snapshot only,0.0,0.0
independent_n16_T32_s9401100,independent,16,32,9401100,288,16,4608,kronecker_shared_input_basis,1e-12,4656,1.0104166666666667,16.166666666666668,True,0.001451499992981553,snapshot only,0.0,0.0
independent_n16_T32_s9401100,independent,16,32,9401100,288,16,4608,immediate_support_exact_slice_plus_svd_residual,1e-12,592,0.1284722222222222,2.0555555555555554,True,7.489998824894428e-05,snapshot only,0.0,0.0
independent_n16_T32_s9401100,independent,16,32,9401100,288,16,4608,local_eligibility_plus_svd_residual,1e-12,592,0.1284722222222222,2.0555555555555554,True,7.730000652372837e-05,snapshot only,0.0,0.0
independent_n16_T32_s9401101,independent,16,32,9401101,288,16,4608,full_matrix,1e-08,4608,1.0,16.0,True,9.00006853044033e-07,online baseline,0.0,0.0
independent_n16_T32_s9401101,independent,16,32,9401101,288,16,4608,coordinate_sparse,1e-08,576,0.125,2.0,True,2.5999965146183968e-05,snapshot only,0.0,0.0
independent_n16_T32_s9401101,independent,16,32,9401101,288,16,4608,block_sparse_triangular,1e-08,592,0.1284722222222222,2.0555555555555554,True,0.00013269996270537376,known closed online block recurrence,0.0,0.0
independent_n16_T32_s9401101,independent,16,32,9401101,288,16,4608,global_svd,1e-08,4864,1.0555555555555556,16.88888888888889,True,0.00024209998082369566,snapshot only,1.0956095064715382e-16,2.2898349882893854e-16
independent_n16_T32_s9401101,independent,16,32,9401101,288,16,4608,pivoted_qr_repeated_basis,1e-08,5152,1.1180555555555556,17.88888888888889,True,0.0001078000059351325,snapshot only,1.5775675672816566e-16,4.440892098500626e-16
independent_n16_T32_s9401101,independent,16,32,9401101,288,16,4608,supported_group_factors,1e-08,4656,1.0104166666666667,16.166666666666668,True,0.0016487999819219112,snapshot only,0.0,0.0
independent_n16_T32_s9401101,independent,16,32,9401101,288,16,4608,owner_block_factors,1e-08,816,0.17708333333333334,2.8333333333333335,True,0.002850400051102042,snapshot only,0.0,0.0
independent_n16_T32_s9401101,independent,16,32,9401101,288,16,4608,kronecker_shared_input_basis,1e-08,3824,0.8298611111111112,13.277777777777779,True,0.0015061999438330531,snapshot only,4.026999220138686e-09,5.486966353496214e-09
independent_n16_T32_s9401101,independent,16,32,9401101,288,16,4608,immediate_support_exact_slice_plus_svd_residual,1e-08,592,0.1284722222222222,2.0555555555555554,True,7.79998954385519e-05,snapshot only,0.0,0.0
independent_n16_T32_s9401101,independent,16,32,9401101,288,16,4608,local_eligibility_plus_svd_residual,1e-08,592,0.1284722222222222,2.0555555555555554,True,7.309997454285622e-05,snapshot only,0.0,0.0
independent_n16_T32_s9401101,independent,16,32,9401101,288,16,4608,global_svd,1e-10,4864,1.0555555555555556,16.88888888888889,True,0.0001572000328451395,snapshot only,1.0956095064715382e-16,2.2898349882893854e-16
independent_n16_T32_s9401101,independent,16,32,9401101,288,16,4608,pivoted_qr_repeated_basis,1e-10,5152,1.1180555555555556,17.88888888888889,True,9.159999899566174e-05,snapshot only,1.5775675672816566e-16,4.440892098500626e-16
independent_n16_T32_s9401101,independent,16,32,9401101,288,16,4608,supported_group_factors,1e-10,4656,1.0104166666666667,16.166666666666668,True,0.0014275000430643559,snapshot only,0.0,0.0
independent_n16_T32_s9401101,independent,16,32,9401101,288,16,4608,owner_block_factors,1e-10,816,0.17708333333333334,2.8333333333333335,True,0.0028876999858766794,snapshot only,0.0,0.0
independent_n16_T32_s9401101,independent,16,32,9401101,288,16,4608,kronecker_shared_input_basis,1e-10,4656,1.0104166666666667,16.166666666666668,True,0.0014458999503403902,snapshot only,0.0,0.0
independent_n16_T32_s9401101,independent,16,32,9401101,288,16,4608,immediate_support_exact_slice_plus_svd_residual,1e-10,592,0.1284722222222222,2.0555555555555554,True,7.520010694861412e-05,snapshot only,0.0,0.0
independent_n16_T32_s9401101,independent,16,32,9401101,288,16,4608,local_eligibility_plus_svd_residual,1e-10,592,0.1284722222222222,2.0555555555555554,True,6.589991971850395e-05,snapshot only,0.0,0.0
independent_n16_T32_s9401101,independent,16,32,9401101,288,16,4608,global_svd,1e-12,4864,1.0555555555555556,16.88888888888889,True,0.0001542000100016594,snapshot only,1.0956095064715382e-16,2.2898349882893854e-16
independent_n16_T32_s9401101,independent,16,32,9401101,288,16,4608,pivoted_qr_repeated_basis,1e-12,5152,1.1180555555555556,17.88888888888889,True,9.440002031624317e-05,snapshot only,1.5775675672816566e-16,4.440892098500626e-16
independent_n16_T32_s9401101,independent,16,32,9401101,288,16,4608,supported_group_factors,1e-12,4656,1.0104166666666667,16.166666666666668,True,0.0014193999813869596,snapshot only,0.0,0.0
independent_n16_T32_s9401101,independent,16,32,9401101,288,16,4608,owner_block_factors,1e-12,816,0.17708333333333334,2.8333333333333335,True,0.002251700032502413,snapshot only,0.0,0.0
independent_n16_T32_s9401101,independent,16,32,9401101,288,16,4608,kronecker_shared_input_basis,1e-12,4656,1.0104166666666667,16.166666666666668,True,0.001521600061096251,snapshot only,0.0,0.0
independent_n16_T32_s9401101,independent,16,32,9401101,288,16,4608,immediate_support_exact_slice_plus_svd_residual,1e-12,592,0.1284722222222222,2.0555555555555554,True,9.750004392117262e-05,snapshot only,0.0,0.0
independent_n16_T32_s9401101,independent,16,32,9401101,288,16,4608,local_eligibility_plus_svd_residual,1e-12,592,0.1284722222222222,2.0555555555555554,True,7.619999814778566e-05,snapshot only,0.0,0.0
independent_n16_T32_s9401102,independent,16,32,9401102,288,16,4608,full_matrix,1e-08,4608,1.0,16.0,True,6.998889148235321e-07,online baseline,0.0,0.0
independent_n16_T32_s9401102,independent,16,32,9401102,288,16,4608,coordinate_sparse,1e-08,576,0.125,2.0,True,1.610000617802143e-05,snapshot only,0.0,0.0
independent_n16_T32_s9401102,independent,16,32,9401102,288,16,4608,block_sparse_triangular,1e-08,592,0.1284722222222222,2.0555555555555554,True,0.00011629995424300432,known closed online block recurrence,0.0,0.0
independent_n16_T32_s9401102,independent,16,32,9401102,288,16,4608,global_svd,1e-08,4864,1.0555555555555556,16.88888888888889,True,0.00018630002159625292,snapshot only,1.482717042650698e-16,3.469446951953614e-16
independent_n16_T32_s9401102,independent,16,32,9401102,288,16,4608,pivoted_qr_repeated_basis,1e-08,5152,1.1180555555555556,17.88888888888889,True,8.889997843652964e-05,snapshot only,1.0197870701224801e-16,4.440892098500626e-16
independent_n16_T32_s9401102,independent,16,32,9401102,288,16,4608,supported_group_factors,1e-08,4656,1.0104166666666667,16.166666666666668,True,0.0015124999918043613,snapshot only,0.0,0.0
independent_n16_T32_s9401102,independent,16,32,9401102,288,16,4608,owner_block_factors,1e-08,816,0.17708333333333334,2.8333333333333335,True,0.002341700019314885,snapshot only,0.0,0.0
independent_n16_T32_s9401102,independent,16,32,9401102,288,16,4608,kronecker_shared_input_basis,1e-08,4096,0.8888888888888888,14.222222222222221,True,0.00138369994238019,snapshot only,9.313292336808e-10,1.8435201316890915e-09
independent_n16_T32_s9401102,independent,16,32,9401102,288,16,4608,immediate_support_exact_slice_plus_svd_residual,1e-08,592,0.1284722222222222,2.0555555555555554,True,8.44000605866313e-05,snapshot only,0.0,0.0
independent_n16_T32_s9401102,independent,16,32,9401102,288,16,4608,local_eligibility_plus_svd_residual,1e-08,592,0.1284722222222222,2.0555555555555554,True,6.779993418604136e-05,snapshot only,0.0,0.0
independent_n16_T32_s9401102,independent,16,32,9401102,288,16,4608,global_svd,1e-10,4864,1.0555555555555556,16.88888888888889,True,0.00014619994908571243,snapshot only,1.482717042650698e-16,3.469446951953614e-16
independent_n16_T32_s9401102,independent,16,32,9401102,288,16,4608,pivoted_qr_repeated_basis,1e-10,5152,1.1180555555555556,17.88888888888889,True,8.17000400274992e-05,snapshot only,1.0197870701224801e-16,4.440892098500626e-16
independent_n16_T32_s9401102,independent,16,32,9401102,288,16,4608,supported_group_factors,1e-10,4656,1.0104166666666667,16.166666666666668,True,0.0013896999880671501,snapshot only,0.0,0.0
independent_n16_T32_s9401102,independent,16,32,9401102,288,16,4608,owner_block_factors,1e-10,816,0.17708333333333334,2.8333333333333335,True,0.0022532999282702804,snapshot only,0.0,0.0
independent_n16_T32_s9401102,independent,16,32,9401102,288,16,4608,kronecker_shared_input_basis,1e-10,4640,1.0069444444444444,16.11111111111111,True,0.0015804000431671739,snapshot only,1.3483838592043262e-11,2.962166623099449e-11
independent_n16_T32_s9401102,independent,16,32,9401102,288,16,4608,immediate_support_exact_slice_plus_svd_residual,1e-10,592,0.1284722222222222,2.0555555555555554,True,8.510006591677666e-05,snapshot only,0.0,0.0
independent_n16_T32_s9401102,independent,16,32,9401102,288,16,4608,local_eligibility_plus_svd_residual,1e-10,592,0.1284722222222222,2.0555555555555554,True,6.97999494150281e-05,snapshot only,0.0,0.0
independent_n16_T32_s9401102,independent,16,32,9401102,288,16,4608,global_svd,1e-12,4864,1.0555555555555556,16.88888888888889,True,0.00014359992928802967,snapshot only,1.482717042650698e-16,3.469446951953614e-16
independent_n16_T32_s9401102,independent,16,32,9401102,288,16,4608,pivoted_qr_repeated_basis,1e-12,5152,1.1180555555555556,17.88888888888889,True,8.180004078894854e-05,snapshot only,1.0197870701224801e-16,4.440892098500626e-16
independent_n16_T32_s9401102,independent,16,32,9401102,288,16,4608,supported_group_factors,1e-12,4656,1.0104166666666667,16.166666666666668,True,0.0013894999865442514,snapshot only,0.0,0.0
independent_n16_T32_s9401102,independent,16,32,9401102,288,16,4608,owner_block_factors,1e-12,816,0.17708333333333334,2.8333333333333335,True,0.0022145999828353524,snapshot only,0.0,0.0
independent_n16_T32_s9401102,independent,16,32,9401102,288,16,4608,kronecker_shared_input_basis,1e-12,4656,1.0104166666666667,16.166666666666668,True,0.0013888999819755554,snapshot only,0.0,0.0
independent_n16_T32_s9401102,independent,16,32,9401102,288,16,4608,immediate_support_exact_slice_plus_svd_residual,1e-12,592,0.1284722222222222,2.0555555555555554,True,0.00010890001431107521,snapshot only,0.0,0.0
independent_n16_T32_s9401102,independent,16,32,9401102,288,16,4608,local_eligibility_plus_svd_residual,1e-12,592,0.1284722222222222,2.0555555555555554,True,7.119996007531881e-05,snapshot only,0.0,0.0
independent_n16_T32_s9401103,independent,16,32,9401103,288,16,4608,full_matrix,1e-08,4608,1.0,16.0,True,8.00006091594696e-07,online baseline,0.0,0.0
independent_n16_T32_s9401103,independent,16,32,9401103,288,16,4608,coordinate_sparse,1e-08,576,0.125,2.0,True,1.580000389367342e-05,snapshot only,0.0,0.0
independent_n16_T32_s9401103,independent,16,32,9401103,288,16,4608,block_sparse_triangular,1e-08,592,0.1284722222222222,2.0555555555555554,True,0.00011979998089373112,known closed online block recurrence,0.0,0.0
independent_n16_T32_s9401103,independent,16,32,9401103,288,16,4608,global_svd,1e-08,4864,1.0555555555555556,16.88888888888889,True,0.00018440000712871552,snapshot only,1.2925911758128962e-16,2.7755575615628914e-16
independent_n16_T32_s9401103,independent,16,32,9401103,288,16,4608,pivoted_qr_repeated_basis,1e-08,5152,1.1180555555555556,17.88888888888889,True,9.119999594986439e-05,snapshot only,1.8778203572400973e-16,6.661338147750939e-16
independent_n16_T32_s9401103,independent,16,32,9401103,288,16,4608,supported_group_factors,1e-08,4656,1.0104166666666667,16.166666666666668,True,0.0016948000993579626,snapshot only,0.0,0.0
independent_n16_T32_s9401103,independent,16,32,9401103,288,16,4608,owner_block_factors,1e-08,816,0.17708333333333334,2.8333333333333335,True,0.002306999987922609,snapshot only,0.0,0.0
independent_n16_T32_s9401103,independent,16,32,9401103,288,16,4608,kronecker_shared_input_basis,1e-08,3824,0.8298611111111112,13.277777777777779,True,0.001424000016413629,snapshot only,2.6082975631629725e-09,5.4202043964224345e-09
independent_n16_T32_s9401103,independent,16,32,9401103,288,16,4608,immediate_support_exact_slice_plus_svd_residual,1e-08,592,0.1284722222222222,2.0555555555555554,True,8.009991142898798e-05,snapshot only,0.0,0.0
independent_n16_T32_s9401103,independent,16,32,9401103,288,16,4608,local_eligibility_plus_svd_residual,1e-08,592,0.1284722222222222,2.0555555555555554,True,0.00011190003715455532,snapshot only,0.0,0.0
independent_n16_T32_s9401103,independent,16,32,9401103,288,16,4608,global_svd,1e-10,4864,1.0555555555555556,16.88888888888889,True,0.00016709999181330204,snapshot only,1.2925911758128962e-16,2.7755575615628914e-16
independent_n16_T32_s9401103,independent,16,32,9401103,288,16,4608,pivoted_qr_repeated_basis,1e-10,5152,1.1180555555555556,17.88888888888889,True,9.360001422464848e-05,snapshot only,1.8778203572400973e-16,6.661338147750939e-16
independent_n16_T32_s9401103,independent,16,32,9401103,288,16,4608,supported_group_factors,1e-10,4656,1.0104166666666667,16.166666666666668,True,0.0013988999417051673,snapshot only,0.0,0.0
independent_n16_T32_s9401103,independent,16,32,9401103,288,16,4608,owner_block_factors,1e-10,816,0.17708333333333334,2.8333333333333335,True,0.0022293999791145325,snapshot only,0.0,0.0
independent_n16_T32_s9401103,independent,16,32,9401103,288,16,4608,kronecker_shared_input_basis,1e-10,4640,1.0069444444444444,16.11111111111111,True,0.0014294000575318933,snapshot only,1.2224402919055317e-11,2.5105618972620647e-11
independent_n16_T32_s9401103,independent,16,32,9401103,288,16,4608,immediate_support_exact_slice_plus_svd_residual,1e-10,592,0.1284722222222222,2.0555555555555554,True,7.329997606575489e-05,snapshot only,0.0,0.0
independent_n16_T32_s9401103,independent,16,32,9401103,288,16,4608,local_eligibility_plus_svd_residual,1e-10,592,0.1284722222222222,2.0555555555555554,True,6.54000323265791e-05,snapshot only,0.0,0.0
independent_n16_T32_s9401103,independent,16,32,9401103,288,16,4608,global_svd,1e-12,4864,1.0555555555555556,16.88888888888889,True,0.000143399927765131,snapshot only,1.2925911758128962e-16,2.7755575615628914e-16
independent_n16_T32_s9401103,independent,16,32,9401103,288,16,4608,pivoted_qr_repeated_basis,1e-12,5152,1.1180555555555556,17.88888888888889,True,8.380005601793528e-05,snapshot only,1.8778203572400973e-16,6.661338147750939e-16
independent_n16_T32_s9401103,independent,16,32,9401103,288,16,4608,supported_group_factors,1e-12,4656,1.0104166666666667,16.166666666666668,True,0.001385799958370626,snapshot only,0.0,0.0
independent_n16_T32_s9401103,independent,16,32,9401103,288,16,4608,owner_block_factors,1e-12,816,0.17708333333333334,2.8333333333333335,True,0.002486000070348382,snapshot only,0.0,0.0
independent_n16_T32_s9401103,independent,16,32,9401103,288,16,4608,kronecker_shared_input_basis,1e-12,4656,1.0104166666666667,16.166666666666668,True,0.0014132000505924225,snapshot only,0.0,0.0
independent_n16_T32_s9401103,independent,16,32,9401103,288,16,4608,immediate_support_exact_slice_plus_svd_residual,1e-12,592,0.1284722222222222,2.0555555555555554,True,9.540002793073654e-05,snapshot only,0.0,0.0
independent_n16_T32_s9401103,independent,16,32,9401103,288,16,4608,local_eligibility_plus_svd_residual,1e-12,592,0.1284722222222222,2.0555555555555554,True,6.770004983991385e-05,snapshot only,0.0,0.0
independent_n16_T32_s9401104,independent,16,32,9401104,288,16,4608,full_matrix,1e-08,4608,1.0,16.0,True,6.00004568696022e-07,online baseline,0.0,0.0
independent_n16_T32_s9401104,independent,16,32,9401104,288,16,4608,coordinate_sparse,1e-08,576,0.125,2.0,True,1.4300108887255192e-05,snapshot only,0.0,0.0
independent_n16_T32_s9401104,independent,16,32,9401104,288,16,4608,block_sparse_triangular,1e-08,592,0.1284722222222222,2.0555555555555554,True,0.00011260004248470068,known closed online block recurrence,0.0,0.0
independent_n16_T32_s9401104,independent,16,32,9401104,288,16,4608,global_svd,1e-08,4864,1.0555555555555556,16.88888888888889,True,0.0001786999637261033,snapshot only,1.295150820685694e-16,4.440892098500626e-16
independent_n16_T32_s9401104,independent,16,32,9401104,288,16,4608,pivoted_qr_repeated_basis,1e-08,5152,1.1180555555555556,17.88888888888889,True,9.220000356435776e-05,snapshot only,1.8833164343844123e-16,4.440892098500626e-16
independent_n16_T32_s9401104,independent,16,32,9401104,288,16,4608,supported_group_factors,1e-08,4656,1.0104166666666667,16.166666666666668,True,0.0014037999790161848,snapshot only,0.0,0.0
independent_n16_T32_s9401104,independent,16,32,9401104,288,16,4608,owner_block_factors,1e-08,816,0.17708333333333334,2.8333333333333335,True,0.0022350000217556953,snapshot only,0.0,0.0
independent_n16_T32_s9401104,independent,16,32,9401104,288,16,4608,kronecker_shared_input_basis,1e-08,4368,0.9479166666666666,15.166666666666666,True,0.0014030999736860394,snapshot only,3.180610379100702e-10,6.512377442868811e-10
independent_n16_T32_s9401104,independent,16,32,9401104,288,16,4608,immediate_support_exact_slice_plus_svd_residual,1e-08,592,0.1284722222222222,2.0555555555555554,True,7.119996007531881e-05,snapshot only,0.0,0.0
independent_n16_T32_s9401104,independent,16,32,9401104,288,16,4608,local_eligibility_plus_svd_residual,1e-08,592,0.1284722222222222,2.0555555555555554,True,6.46000262349844e-05,snapshot only,0.0,0.0
independent_n16_T32_s9401104,independent,16,32,9401104,288,16,4608,global_svd,1e-10,4864,1.0555555555555556,16.88888888888889,True,0.00014600006397813559,snapshot only,1.295150820685694e-16,4.440892098500626e-16
independent_n16_T32_s9401104,independent,16,32,9401104,288,16,4608,pivoted_qr_repeated_basis,1e-10,5152,1.1180555555555556,17.88888888888889,True,0.00012069998774677515,snapshot only,1.8833164343844123e-16,4.440892098500626e-16
independent_n16_T32_s9401104,independent,16,32,9401104,288,16,4608,supported_group_factors,1e-10,4656,1.0104166666666667,16.166666666666668,True,0.0013617000076919794,snapshot only,0.0,0.0
independent_n16_T32_s9401104,independent,16,32,9401104,288,16,4608,owner_block_factors,1e-10,816,0.17708333333333334,2.8333333333333335,True,0.0026147000025957823,snapshot only,0.0,0.0
independent_n16_T32_s9401104,independent,16,32,9401104,288,16,4608,kronecker_shared_input_basis,1e-10,4640,1.0069444444444444,16.11111111111111,True,0.0013951000291854143,snapshot only,4.729782657162181e-12,1.1339956751399427e-11
independent_n16_T32_s9401104,independent,16,32,9401104,288,16,4608,immediate_support_exact_slice_plus_svd_residual,1e-10,592,0.1284722222222222,2.0555555555555554,True,7.289997301995754e-05,snapshot only,0.0,0.0
independent_n16_T32_s9401104,independent,16,32,9401104,288,16,4608,local_eligibility_plus_svd_residual,1e-10,592,0.1284722222222222,2.0555555555555554,True,7.099995855242014e-05,snapshot only,0.0,0.0
independent_n16_T32_s9401104,independent,16,32,9401104,288,16,4608,global_svd,1e-12,4864,1.0555555555555556,16.88888888888889,True,0.00014669995289295912,snapshot only,1.295150820685694e-16,4.440892098500626e-16
independent_n16_T32_s9401104,independent,16,32,9401104,288,16,4608,pivoted_qr_repeated_basis,1e-12,5152,1.1180555555555556,17.88888888888889,True,8.270004764199257e-05,snapshot only,1.8833164343844123e-16,4.440892098500626e-16
independent_n16_T32_s9401104,independent,16,32,9401104,288,16,4608,supported_group_factors,1e-12,4656,1.0104166666666667,16.166666666666668,True,0.00137189996894449,snapshot only,0.0,0.0
independent_n16_T32_s9401104,independent,16,32,9401104,288,16,4608,owner_block_factors,1e-12,816,0.17708333333333334,2.8333333333333335,True,0.00248030002694577,snapshot only,0.0,0.0
independent_n16_T32_s9401104,independent,16,32,9401104,288,16,4608,kronecker_shared_input_basis,1e-12,4656,1.0104166666666667,16.166666666666668,True,0.0014133000513538718,snapshot only,0.0,0.0
independent_n16_T32_s9401104,independent,16,32,9401104,288,16,4608,immediate_support_exact_slice_plus_svd_residual,1e-12,592,0.1284722222222222,2.0555555555555554,True,7.299997378140688e-05,snapshot only,0.0,0.0
independent_n16_T32_s9401104,independent,16,32,9401104,288,16,4608,local_eligibility_plus_svd_residual,1e-12,592,0.1284722222222222,2.0555555555555554,True,6.590003613382578e-05,snapshot only,0.0,0.0
independent_n16_T128_s9401100,independent,16,128,9401100,288,16,4608,full_matrix,1e-08,4608,1.0,16.0,True,1.200009137392044e-06,online baseline,0.0,0.0
independent_n16_T128_s9401100,independent,16,128,9401100,288,16,4608,coordinate_sparse,1e-08,576,0.125,2.0,True,2.0000035874545574e-05,snapshot only,0.0,0.0
independent_n16_T128_s9401100,independent,16,128,9401100,288,16,4608,block_sparse_triangular,1e-08,592,0.1284722222222222,2.0555555555555554,True,0.00016369996592402458,known closed online block recurrence,0.0,0.0
independent_n16_T128_s9401100,independent,16,128,9401100,288,16,4608,global_svd,1e-08,4864,1.0555555555555556,16.88888888888889,True,0.00021029997151345015,snapshot only,1.2969878237859523e-16,2.636779683484747e-16
independent_n16_T128_s9401100,independent,16,128,9401100,288,16,4608,pivoted_qr_repeated_basis,1e-08,5152,1.1180555555555556,17.88888888888889,True,9.810004848986864e-05,snapshot only,1.0866403393225136e-16,4.440892098500626e-16
independent_n16_T128_s9401100,independent,16,128,9401100,288,16,4608,supported_group_factors,1e-08,4656,1.0104166666666667,16.166666666666668,True,0.0014914999483153224,snapshot only,0.0,0.0
independent_n16_T128_s9401100,independent,16,128,9401100,288,16,4608,owner_block_factors,1e-08,816,0.17708333333333334,2.8333333333333335,True,0.002735599991865456,snapshot only,0.0,0.0
independent_n16_T128_s9401100,independent,16,128,9401100,288,16,4608,kronecker_shared_input_basis,1e-08,4368,0.9479166666666666,15.166666666666666,True,0.0015352999325841665,snapshot only,1.4393869973130353e-10,3.709567375498324e-10
independent_n16_T128_s9401100,independent,16,128,9401100,288,16,4608,immediate_support_exact_slice_plus_svd_residual,1e-08,592,0.1284722222222222,2.0555555555555554,True,8.020002860575914e-05,snapshot only,0.0,0.0
independent_n16_T128_s9401100,independent,16,128,9401100,288,16,4608,local_eligibility_plus_svd_residual,1e-08,592,0.1284722222222222,2.0555555555555554,True,7.340009324252605e-05,snapshot only,0.0,0.0
independent_n16_T128_s9401100,independent,16,128,9401100,288,16,4608,global_svd,1e-10,4864,1.0555555555555556,16.88888888888889,True,0.00015490001533180475,snapshot only,1.2969878237859523e-16,2.636779683484747e-16
independent_n16_T128_s9401100,independent,16,128,9401100,288,16,4608,pivoted_qr_repeated_basis,1e-10,5152,1.1180555555555556,17.88888888888889,True,9.540002793073654e-05,snapshot only,1.0866403393225136e-16,4.440892098500626e-16
independent_n16_T128_s9401100,independent,16,128,9401100,288,16,4608,supported_group_factors,1e-10,4656,1.0104166666666667,16.166666666666668,True,0.0014630999648943543,snapshot only,0.0,0.0
independent_n16_T128_s9401100,independent,16,128,9401100,288,16,4608,owner_block_factors,1e-10,816,0.17708333333333334,2.8333333333333335,True,0.0023351999698206782,snapshot only,0.0,0.0
independent_n16_T128_s9401100,independent,16,128,9401100,288,16,4608,kronecker_shared_input_basis,1e-10,4640,1.0069444444444444,16.11111111111111,True,0.001482499996200204,snapshot only,5.557672565707701e-12,1.2444989483384461e-11
independent_n16_T128_s9401100,independent,16,128,9401100,288,16,4608,immediate_support_exact_slice_plus_svd_residual,1e-10,592,0.1284722222222222,2.0555555555555554,True,7.479998748749495e-05,snapshot only,0.0,0.0
independent_n16_T128_s9401100,independent,16,128,9401100,288,16,4608,local_eligibility_plus_svd_residual,1e-10,592,0.1284722222222222,2.0555555555555554,True,6.949994713068008e-05,snapshot only,0.0,0.0
independent_n16_T128_s9401100,independent,16,128,9401100,288,16,4608,global_svd,1e-12,4864,1.0555555555555556,16.88888888888889,True,0.00015139998868107796,snapshot only,1.2969878237859523e-16,2.636779683484747e-16
independent_n16_T128_s9401100,independent,16,128,9401100,288,16,4608,pivoted_qr_repeated_basis,1e-12,5152,1.1180555555555556,17.88888888888889,True,9.540002793073654e-05,snapshot only,1.0866403393225136e-16,4.440892098500626e-16
independent_n16_T128_s9401100,independent,16,128,9401100,288,16,4608,supported_group_factors,1e-12,4656,1.0104166666666667,16.166666666666668,True,0.0014362999936565757,snapshot only,0.0,0.0
independent_n16_T128_s9401100,independent,16,128,9401100,288,16,4608,owner_block_factors,1e-12,816,0.17708333333333334,2.8333333333333335,True,0.0027830000035464764,snapshot only,0.0,0.0
independent_n16_T128_s9401100,independent,16,128,9401100,288,16,4608,kronecker_shared_input_basis,1e-12,4656,1.0104166666666667,16.166666666666668,True,0.001464499975554645,snapshot only,0.0,0.0
independent_n16_T128_s9401100,independent,16,128,9401100,288,16,4608,immediate_support_exact_slice_plus_svd_residual,1e-12,592,0.1284722222222222,2.0555555555555554,True,8.080003317445517e-05,snapshot only,0.0,0.0
independent_n16_T128_s9401100,independent,16,128,9401100,288,16,4608,local_eligibility_plus_svd_residual,1e-12,592,0.1284722222222222,2.0555555555555554,True,0.00014919997192919254,snapshot only,0.0,0.0
independent_n16_T128_s9401101,independent,16,128,9401101,288,16,4608,full_matrix,1e-08,4608,1.0,16.0,True,6.00004568696022e-07,online baseline,0.0,0.0
independent_n16_T128_s9401101,independent,16,128,9401101,288,16,4608,coordinate_sparse,1e-08,576,0.125,2.0,True,1.8200022168457508e-05,snapshot only,0.0,0.0
independent_n16_T128_s9401101,independent,16,128,9401101,288,16,4608,block_sparse_triangular,1e-08,592,0.1284722222222222,2.0555555555555554,True,0.00011799996718764305,known closed online block recurrence,0.0,0.0
independent_n16_T128_s9401101,independent,16,128,9401101,288,16,4608,global_svd,1e-08,4864,1.0555555555555556,16.88888888888889,True,0.00020080001559108496,snapshot only,1.1200650589129857e-16,2.3592239273284576e-16
independent_n16_T128_s9401101,independent,16,128,9401101,288,16,4608,pivoted_qr_repeated_basis,1e-08,5152,1.1180555555555556,17.88888888888889,True,0.00010559998918324709,snapshot only,0.0,0.0
independent_n16_T128_s9401101,independent,16,128,9401101,288,16,4608,supported_group_factors,1e-08,4656,1.0104166666666667,16.166666666666668,True,0.0014221000019460917,snapshot only,0.0,0.0
independent_n16_T128_s9401101,independent,16,128,9401101,288,16,4608,owner_block_factors,1e-08,816,0.17708333333333334,2.8333333333333335,True,0.0024788000155240297,snapshot only,0.0,0.0
independent_n16_T128_s9401101,independent,16,128,9401101,288,16,4608,kronecker_shared_input_basis,1e-08,4096,0.8888888888888888,14.222222222222221,True,0.001563199912197888,snapshot only,2.5328333319177835e-09,4.415124404966164e-09
independent_n16_T128_s9401101,independent,16,128,9401101,288,16,4608,immediate_support_exact_slice_plus_svd_residual,1e-08,592,0.1284722222222222,2.0555555555555554,True,8.44000605866313e-05,snapshot only,0.0,0.0
independent_n16_T128_s9401101,independent,16,128,9401101,288,16,4608,local_eligibility_plus_svd_residual,1e-08,592,0.1284722222222222,2.0555555555555554,True,7.08999577909708e-05,snapshot only,0.0,0.0
independent_n16_T128_s9401101,independent,16,128,9401101,288,16,4608,global_svd,1e-10,4864,1.0555555555555556,16.88888888888889,True,0.00014679995365440845,snapshot only,1.1200650589129857e-16,2.3592239273284576e-16
independent_n16_T128_s9401101,independent,16,128,9401101,288,16,4608,pivoted_qr_repeated_basis,1e-10,5152,1.1180555555555556,17.88888888888889,True,0.00010080006904900074,snapshot only,0.0,0.0
independent_n16_T128_s9401101,independent,16,128,9401101,288,16,4608,supported_group_factors,1e-10,4656,1.0104166666666667,16.166666666666668,True,0.0014088000170886517,snapshot only,0.0,0.0
independent_n16_T128_s9401101,independent,16,128,9401101,288,16,4608,owner_block_factors,1e-10,816,0.17708333333333334,2.8333333333333335,True,0.0023506999714300036,snapshot only,0.0,0.0
independent_n16_T128_s9401101,independent,16,128,9401101,288,16,4608,kronecker_shared_input_basis,1e-10,4640,1.0069444444444444,16.11111111111111,True,0.0014368999982252717,snapshot only,2.895429611408549e-12,6.937214691582483e-12
independent_n16_T128_s9401101,independent,16,128,9401101,288,16,4608,immediate_support_exact_slice_plus_svd_residual,1e-10,592,0.1284722222222222,2.0555555555555554,True,8.559995330870152e-05,snapshot only,0.0,0.0
independent_n16_T128_s9401101,independent,16,128,9401101,288,16,4608,local_eligibility_plus_svd_residual,1e-10,592,0.1284722222222222,2.0555555555555554,True,7.269997149705887e-05,snapshot only,0.0,0.0
independent_n16_T128_s9401101,independent,16,128,9401101,288,16,4608,global_svd,1e-12,4864,1.0555555555555556,16.88888888888889,True,0.00015630002599209547,snapshot only,1.1200650589129857e-16,2.3592239273284576e-16
independent_n16_T128_s9401101,independent,16,128,9401101,288,16,4608,pivoted_qr_repeated_basis,1e-12,5152,1.1180555555555556,17.88888888888889,True,0.00010559998918324709,snapshot only,0.0,0.0
independent_n16_T128_s9401101,independent,16,128,9401101,288,16,4608,supported_group_factors,1e-12,4656,1.0104166666666667,16.166666666666668,True,0.0014154999516904354,snapshot only,0.0,0.0
independent_n16_T128_s9401101,independent,16,128,9401101,288,16,4608,owner_block_factors,1e-12,816,0.17708333333333334,2.8333333333333335,True,0.002757999929599464,snapshot only,0.0,0.0
independent_n16_T128_s9401101,independent,16,128,9401101,288,16,4608,kronecker_shared_input_basis,1e-12,4656,1.0104166666666667,16.166666666666668,True,0.0018085000338032842,snapshot only,0.0,0.0
independent_n16_T128_s9401101,independent,16,128,9401101,288,16,4608,immediate_support_exact_slice_plus_svd_residual,1e-12,592,0.1284722222222222,2.0555555555555554,True,0.00016400008462369442,snapshot only,0.0,0.0
independent_n16_T128_s9401101,independent,16,128,9401101,288,16,4608,local_eligibility_plus_svd_residual,1e-12,592,0.1284722222222222,2.0555555555555554,True,9.430001955479383e-05,snapshot only,0.0,0.0
independent_n16_T128_s9401102,independent,16,128,9401102,288,16,4608,full_matrix,1e-08,4608,1.0,16.0,True,6.00004568696022e-07,online baseline,0.0,0.0
independent_n16_T128_s9401102,independent,16,128,9401102,288,16,4608,coordinate_sparse,1e-08,576,0.125,2.0,True,1.4399993233382702e-05,snapshot only,0.0,0.0
independent_n16_T128_s9401102,independent,16,128,9401102,288,16,4608,block_sparse_triangular,1e-08,592,0.1284722222222222,2.0555555555555554,True,0.0001102999085560441,known closed online block recurrence,0.0,0.0
independent_n16_T128_s9401102,independent,16,128,9401102,288,16,4608,global_svd,1e-08,4864,1.0555555555555556,16.88888888888889,True,0.0001802999759092927,snapshot only,1.3435019655651276e-16,2.7929047963226594e-16
independent_n16_T128_s9401102,independent,16,128,9401102,288,16,4608,pivoted_qr_repeated_basis,1e-08,5152,1.1180555555555556,17.88888888888889,True,0.0001650999765843153,snapshot only,1.0526213387240828e-16,4.440892098500626e-16
independent_n16_T128_s9401102,independent,16,128,9401102,288,16,4608,supported_group_factors,1e-08,4656,1.0104166666666667,16.166666666666668,True,0.002010999945923686,snapshot only,0.0,0.0
independent_n16_T128_s9401102,independent,16,128,9401102,288,16,4608,owner_block_factors,1e-08,816,0.17708333333333334,2.8333333333333335,True,0.002356800017878413,snapshot only,0.0,0.0
independent_n16_T128_s9401102,independent,16,128,9401102,288,16,4608,kronecker_shared_input_basis,1e-08,3824,0.8298611111111112,13.277777777777779,True,0.0014713000273332,snapshot only,2.8645008357884833e-09,8.744905771740363e-09
independent_n16_T128_s9401102,independent,16,128,9401102,288,16,4608,immediate_support_exact_slice_plus_svd_residual,1e-08,592,0.1284722222222222,2.0555555555555554,True,9.190000128000975e-05,snapshot only,0.0,0.0
independent_n16_T128_s9401102,independent,16,128,9401102,288,16,4608,local_eligibility_plus_svd_residual,1e-08,592,0.1284722222222222,2.0555555555555554,True,6.939994636923075e-05,snapshot only,0.0,0.0
independent_n16_T128_s9401102,independent,16,128,9401102,288,16,4608,global_svd,1e-10,4864,1.0555555555555556,16.88888888888889,True,0.0001479999627918005,snapshot only,1.3435019655651276e-16,2.7929047963226594e-16
independent_n16_T128_s9401102,independent,16,128,9401102,288,16,4608,pivoted_qr_repeated_basis,1e-10,5152,1.1180555555555556,17.88888888888889,True,0.00014300004113465548,snapshot only,1.0526213387240828e-16,4.440892098500626e-16
independent_n16_T128_s9401102,independent,16,128,9401102,288,16,4608,supported_group_factors,1e-10,4656,1.0104166666666667,16.166666666666668,True,0.001421900000423193,snapshot only,0.0,0.0
independent_n16_T128_s9401102,independent,16,128,9401102,288,16,4608,owner_block_factors,1e-10,816,0.17708333333333334,2.8333333333333335,True,0.0023762000491842628,snapshot only,0.0,0.0
independent_n16_T128_s9401102,independent,16,128,9401102,288,16,4608,kronecker_shared_input_basis,1e-10,4640,1.0069444444444444,16.11111111111111,True,0.0014208999928086996,snapshot only,6.328391851964694e-12,1.6429357874159223e-11
independent_n16_T128_s9401102,independent,16,128,9401102,288,16,4608,immediate_support_exact_slice_plus_svd_residual,1e-10,592,0.1284722222222222,2.0555555555555554,True,7.299997378140688e-05,snapshot only,0.0,0.0
independent_n16_T128_s9401102,independent,16,128,9401102,288,16,4608,local_eligibility_plus_svd_residual,1e-10,592,0.1284722222222222,2.0555555555555554,True,6.619992200285196e-05,snapshot only,0.0,0.0
independent_n16_T128_s9401102,independent,16,128,9401102,288,16,4608,global_svd,1e-12,4864,1.0555555555555556,16.88888888888889,True,0.00014500005636364222,snapshot only,1.3435019655651276e-16,2.7929047963226594e-16
independent_n16_T128_s9401102,independent,16,128,9401102,288,16,4608,pivoted_qr_repeated_basis,1e-12,5152,1.1180555555555556,17.88888888888889,True,8.390005677938461e-05,snapshot only,1.0526213387240828e-16,4.440892098500626e-16
independent_n16_T128_s9401102,independent,16,128,9401102,288,16,4608,supported_group_factors,1e-12,4656,1.0104166666666667,16.166666666666668,True,0.0013804999180138111,snapshot only,0.0,0.0
independent_n16_T128_s9401102,independent,16,128,9401102,288,16,4608,owner_block_factors,1e-12,816,0.17708333333333334,2.8333333333333335,True,0.002425599959678948,snapshot only,0.0,0.0
independent_n16_T128_s9401102,independent,16,128,9401102,288,16,4608,kronecker_shared_input_basis,1e-12,4656,1.0104166666666667,16.166666666666668,True,0.0014813999878242612,snapshot only,0.0,0.0
independent_n16_T128_s9401102,independent,16,128,9401102,288,16,4608,immediate_support_exact_slice_plus_svd_residual,1e-12,592,0.1284722222222222,2.0555555555555554,True,7.340009324252605e-05,snapshot only,0.0,0.0
independent_n16_T128_s9401102,independent,16,128,9401102,288,16,4608,local_eligibility_plus_svd_residual,1e-12,592,0.1284722222222222,2.0555555555555554,True,6.620003841817379e-05,snapshot only,0.0,0.0
independent_n16_T128_s9401103,independent,16,128,9401103,288,16,4608,full_matrix,1e-08,4608,1.0,16.0,True,7.00005330145359e-07,online baseline,0.0,0.0
independent_n16_T128_s9401103,independent,16,128,9401103,288,16,4608,coordinate_sparse,1e-08,576,0.125,2.0,True,1.71000137925148e-05,snapshot only,0.0,0.0
independent_n16_T128_s9401103,independent,16,128,9401103,288,16,4608,block_sparse_triangular,1e-08,592,0.1284722222222222,2.0555555555555554,True,0.00011190003715455532,known closed online block recurrence,0.0,0.0
independent_n16_T128_s9401103,independent,16,128,9401103,288,16,4608,global_svd,1e-08,4864,1.0555555555555556,16.88888888888889,True,0.00019090005662292242,snapshot only,1.2314179830457917e-16,3.608224830031759e-16
independent_n16_T128_s9401103,independent,16,128,9401103,288,16,4608,pivoted_qr_repeated_basis,1e-08,5152,1.1180555555555556,17.88888888888889,True,9.980006143450737e-05,snapshot only,1.0744308820166064e-16,4.440892098500626e-16
independent_n16_T128_s9401103,independent,16,128,9401103,288,16,4608,supported_group_factors,1e-08,4656,1.0104166666666667,16.166666666666668,True,0.001379899913445115,snapshot only,0.0,0.0
independent_n16_T128_s9401103,independent,16,128,9401103,288,16,4608,owner_block_factors,1e-08,816,0.17708333333333334,2.8333333333333335,True,0.002391100046224892,snapshot only,0.0,0.0
independent_n16_T128_s9401103,independent,16,128,9401103,288,16,4608,kronecker_shared_input_basis,1e-08,4096,0.8888888888888888,14.222222222222221,True,0.0014510999899357557,snapshot only,1.2215642646155675e-09,2.186170383611241e-09
independent_n16_T128_s9401103,independent,16,128,9401103,288,16,4608,immediate_support_exact_slice_plus_svd_residual,1e-08,592,0.1284722222222222,2.0555555555555554,True,0.0001023999648168683,snapshot only,0.0,0.0
independent_n16_T128_s9401103,independent,16,128,9401103,288,16,4608,local_eligibility_plus_svd_residual,1e-08,592,0.1284722222222222,2.0555555555555554,True,0.0001178000820800662,snapshot only,0.0,0.0
independent_n16_T128_s9401103,independent,16,128,9401103,288,16,4608,global_svd,1e-10,4864,1.0555555555555556,16.88888888888889,True,0.00015249999705702066,snapshot only,1.2314179830457917e-16,3.608224830031759e-16
independent_n16_T128_s9401103,independent,16,128,9401103,288,16,4608,pivoted_qr_repeated_basis,1e-10,5152,1.1180555555555556,17.88888888888889,True,8.949998300522566e-05,snapshot only,1.0744308820166064e-16,4.440892098500626e-16
independent_n16_T128_s9401103,independent,16,128,9401103,288,16,4608,supported_group_factors,1e-10,4656,1.0104166666666667,16.166666666666668,True,0.0015557999722659588,snapshot only,0.0,0.0
independent_n16_T128_s9401103,independent,16,128,9401103,288,16,4608,owner_block_factors,1e-10,816,0.17708333333333334,2.8333333333333335,True,0.002605200046673417,snapshot only,0.0,0.0
independent_n16_T128_s9401103,independent,16,128,9401103,288,16,4608,kronecker_shared_input_basis,1e-10,4640,1.0069444444444444,16.11111111111111,True,0.0014278000453487039,snapshot only,2.7301142783979622e-12,5.596800800589108e-12
independent_n16_T128_s9401103,independent,16,128,9401103,288,16,4608,immediate_support_exact_slice_plus_svd_residual,1e-10,592,0.1284722222222222,2.0555555555555554,True,7.500010542571545e-05,snapshot only,0.0,0.0
independent_n16_T128_s9401103,independent,16,128,9401103,288,16,4608,local_eligibility_plus_svd_residual,1e-10,592,0.1284722222222222,2.0555555555555554,True,6.569991819560528e-05,snapshot only,0.0,0.0
independent_n16_T128_s9401103,independent,16,128,9401103,288,16,4608,global_svd,1e-12,4864,1.0555555555555556,16.88888888888889,True,0.00015189999248832464,snapshot only,1.2314179830457917e-16,3.608224830031759e-16
independent_n16_T128_s9401103,independent,16,128,9401103,288,16,4608,pivoted_qr_repeated_basis,1e-12,5152,1.1180555555555556,17.88888888888889,True,8.599995635449886e-05,snapshot only,1.0744308820166064e-16,4.440892098500626e-16
independent_n16_T128_s9401103,independent,16,128,9401103,288,16,4608,supported_group_factors,1e-12,4656,1.0104166666666667,16.166666666666668,True,0.0013787000207230449,snapshot only,0.0,0.0
independent_n16_T128_s9401103,independent,16,128,9401103,288,16,4608,owner_block_factors,1e-12,816,0.17708333333333334,2.8333333333333335,True,0.002251400030218065,snapshot only,0.0,0.0
independent_n16_T128_s9401103,independent,16,128,9401103,288,16,4608,kronecker_shared_input_basis,1e-12,4656,1.0104166666666667,16.166666666666668,True,0.001402099966071546,snapshot only,0.0,0.0
independent_n16_T128_s9401103,independent,16,128,9401103,288,16,4608,immediate_support_exact_slice_plus_svd_residual,1e-12,592,0.1284722222222222,2.0555555555555554,True,7.239996921271086e-05,snapshot only,0.0,0.0
independent_n16_T128_s9401103,independent,16,128,9401103,288,16,4608,local_eligibility_plus_svd_residual,1e-12,592,0.1284722222222222,2.0555555555555554,True,6.370001938194036e-05,snapshot only,0.0,0.0
independent_n16_T128_s9401104,independent,16,128,9401104,288,16,4608,full_matrix,1e-08,4608,1.0,16.0,True,6.00004568696022e-07,online baseline,0.0,0.0
independent_n16_T128_s9401104,independent,16,128,9401104,288,16,4608,coordinate_sparse,1e-08,576,0.125,2.0,True,1.4599994756281376e-05,snapshot only,0.0,0.0
independent_n16_T128_s9401104,independent,16,128,9401104,288,16,4608,block_sparse_triangular,1e-08,592,0.1284722222222222,2.0555555555555554,True,0.00011559994891285896,known closed online block recurrence,0.0,0.0
independent_n16_T128_s9401104,independent,16,128,9401104,288,16,4608,global_svd,1e-08,4864,1.0555555555555556,16.88888888888889,True,0.00018209998961538076,snapshot only,1.4226607547771729e-16,3.2656169435263394e-16
independent_n16_T128_s9401104,independent,16,128,9401104,288,16,4608,pivoted_qr_repeated_basis,1e-08,5152,1.1180555555555556,17.88888888888889,True,8.949998300522566e-05,snapshot only,1.9669449396459884e-16,4.440892098500626e-16
independent_n16_T128_s9401104,independent,16,128,9401104,288,16,4608,supported_group_factors,1e-08,4656,1.0104166666666667,16.166666666666668,True,0.0013980999356135726,snapshot only,0.0,0.0
independent_n16_T128_s9401104,independent,16,128,9401104,288,16,4608,owner_block_factors,1e-08,816,0.17708333333333334,2.8333333333333335,True,0.0023744000354781747,snapshot only,0.0,0.0
independent_n16_T128_s9401104,independent,16,128,9401104,288,16,4608,kronecker_shared_input_basis,1e-08,4096,0.8888888888888888,14.222222222222221,True,0.001451799995265901,snapshot only,4.044503768922028e-09,6.631914239996206e-09
independent_n16_T128_s9401104,independent,16,128,9401104,288,16,4608,immediate_support_exact_slice_plus_svd_residual,1e-08,592,0.1284722222222222,2.0555555555555554,True,7.240008562803268e-05,snapshot only,0.0,0.0
independent_n16_T128_s9401104,independent,16,128,9401104,288,16,4608,local_eligibility_plus_svd_residual,1e-08,592,0.1284722222222222,2.0555555555555554,True,6.610003765672445e-05,snapshot only,0.0,0.0
independent_n16_T128_s9401104,independent,16,128,9401104,288,16,4608,global_svd,1e-10,4864,1.0555555555555556,16.88888888888889,True,0.00015079998411238194,snapshot only,1.4226607547771729e-16,3.2656169435263394e-16
independent_n16_T128_s9401104,independent,16,128,9401104,288,16,4608,pivoted_qr_repeated_basis,1e-10,5152,1.1180555555555556,17.88888888888889,True,8.189992513507605e-05,snapshot only,1.9669449396459884e-16,4.440892098500626e-16
independent_n16_T128_s9401104,independent,16,128,9401104,288,16,4608,supported_group_factors,1e-10,4656,1.0104166666666667,16.166666666666668,True,0.002053000032901764,snapshot only,0.0,0.0
independent_n16_T128_s9401104,independent,16,128,9401104,288,16,4608,owner_block_factors,1e-10,816,0.17708333333333334,2.8333333333333335,True,0.0022760999854654074,snapshot only,0.0,0.0
independent_n16_T128_s9401104,independent,16,128,9401104,288,16,4608,kronecker_shared_input_basis,1e-10,4656,1.0104166666666667,16.166666666666668,True,0.0014087000163272023,snapshot only,0.0,0.0
independent_n16_T128_s9401104,independent,16,128,9401104,288,16,4608,immediate_support_exact_slice_plus_svd_residual,1e-10,592,0.1284722222222222,2.0555555555555554,True,7.579999510198832e-05,snapshot only,0.0,0.0
independent_n16_T128_s9401104,independent,16,128,9401104,288,16,4608,local_eligibility_plus_svd_residual,1e-10,592,0.1284722222222222,2.0555555555555554,True,7.219996768981218e-05,snapshot only,0.0,0.0
independent_n16_T128_s9401104,independent,16,128,9401104,288,16,4608,global_svd,1e-12,4864,1.0555555555555556,16.88888888888889,True,0.00014600006397813559,snapshot only,1.4226607547771729e-16,3.2656169435263394e-16
independent_n16_T128_s9401104,independent,16,128,9401104,288,16,4608,pivoted_qr_repeated_basis,1e-12,5152,1.1180555555555556,17.88888888888889,True,8.839997462928295e-05,snapshot only,1.9669449396459884e-16,4.440892098500626e-16
independent_n16_T128_s9401104,independent,16,128,9401104,288,16,4608,supported_group_factors,1e-12,4656,1.0104166666666667,16.166666666666668,True,0.0013971999287605286,snapshot only,0.0,0.0
independent_n16_T128_s9401104,independent,16,128,9401104,288,16,4608,owner_block_factors,1e-12,816,0.17708333333333334,2.8333333333333335,True,0.0022655000211670995,snapshot only,0.0,0.0
independent_n16_T128_s9401104,independent,16,128,9401104,288,16,4608,kronecker_shared_input_basis,1e-12,4656,1.0104166666666667,16.166666666666668,True,0.001434599980711937,snapshot only,0.0,0.0
independent_n16_T128_s9401104,independent,16,128,9401104,288,16,4608,immediate_support_exact_slice_plus_svd_residual,1e-12,592,0.1284722222222222,2.0555555555555554,True,7.800001185387373e-05,snapshot only,0.0,0.0
independent_n16_T128_s9401104,independent,16,128,9401104,288,16,4608,local_eligibility_plus_svd_residual,1e-12,592,0.1284722222222222,2.0555555555555554,True,6.919994484633207e-05,snapshot only,0.0,0.0
shared_linear_n8_T32_s9401100,shared_linear,8,32,9401100,80,8,640,full_matrix,1e-08,640,1.0,8.0,True,8.00006091594696e-07,online baseline,0.0,0.0
shared_linear_n8_T32_s9401100,shared_linear,8,32,9401100,80,8,640,coordinate_sparse,1e-08,160,0.25,2.0,True,2.3700064048171043e-05,snapshot only,0.0,0.0
shared_linear_n8_T32_s9401100,shared_linear,8,32,9401100,80,8,640,block_sparse_triangular,1e-08,168,0.2625,2.1,True,7.119996007531881e-05,known closed online block recurrence,0.0,0.0
shared_linear_n8_T32_s9401100,shared_linear,8,32,9401100,80,8,640,shared_linear_factors,1e-08,17,0.0265625,0.2125,True,7.998896762728691e-07,known closed online shared recurrence,0.0,0.0
shared_linear_n8_T32_s9401100,shared_linear,8,32,9401100,80,8,640,global_svd,1e-08,704,1.1,8.8,True,0.00013179995585232973,snapshot only,1.0619846214932468e-16,2.220446049250313e-16
shared_linear_n8_T32_s9401100,shared_linear,8,32,9401100,80,8,640,pivoted_qr_repeated_basis,1e-08,784,1.225,9.8,True,6.740004755556583e-05,snapshot only,0.0,0.0
shared_linear_n8_T32_s9401100,shared_linear,8,32,9401100,80,8,640,supported_group_factors,1e-08,664,1.0375,8.3,True,0.0006247999845072627,snapshot only,0.0,0.0
shared_linear_n8_T32_s9401100,shared_linear,8,32,9401100,80,8,640,owner_block_factors,1e-08,216,0.3375,2.7,True,0.0011720000766217709,snapshot only,0.0,0.0
shared_linear_n8_T32_s9401100,shared_linear,8,32,9401100,80,8,640,kronecker_shared_input_basis,1e-08,224,0.35,2.8,True,0.0005508000031113625,snapshot only,7.827555342935491e-17,1.1102230246251565e-16
shared_linear_n8_T32_s9401100,shared_linear,8,32,9401100,80,8,640,immediate_support_exact_slice_plus_svd_residual,1e-08,168,0.2625,2.1,True,4.680000711232424e-05,snapshot only,0.0,0.0
shared_linear_n8_T32_s9401100,shared_linear,8,32,9401100,80,8,640,local_eligibility_plus_svd_residual,1e-08,168,0.2625,2.1,True,3.809994086623192e-05,snapshot only,0.0,0.0
shared_linear_n8_T32_s9401100,shared_linear,8,32,9401100,80,8,640,global_svd,1e-10,704,1.1,8.8,True,6.860005669295788e-05,snapshot only,1.0619846214932468e-16,2.220446049250313e-16
shared_linear_n8_T32_s9401100,shared_linear,8,32,9401100,80,8,640,pivoted_qr_repeated_basis,1e-10,784,1.225,9.8,True,5.3299940191209316e-05,snapshot only,0.0,0.0
shared_linear_n8_T32_s9401100,shared_linear,8,32,9401100,80,8,640,supported_group_factors,1e-10,664,1.0375,8.3,True,0.0005724000511690974,snapshot only,0.0,0.0
shared_linear_n8_T32_s9401100,shared_linear,8,32,9401100,80,8,640,owner_block_factors,1e-10,216,0.3375,2.7,True,0.0010888000251725316,snapshot only,0.0,0.0
shared_linear_n8_T32_s9401100,shared_linear,8,32,9401100,80,8,640,kronecker_shared_input_basis,1e-10,224,0.35,2.8,True,0.0005749999545514584,snapshot only,7.827555342935491e-17,1.1102230246251565e-16
shared_linear_n8_T32_s9401100,shared_linear,8,32,9401100,80,8,640,immediate_support_exact_slice_plus_svd_residual,1e-10,168,0.2625,2.1,True,4.439998883754015e-05,snapshot only,0.0,0.0
shared_linear_n8_T32_s9401100,shared_linear,8,32,9401100,80,8,640,local_eligibility_plus_svd_residual,1e-10,168,0.2625,2.1,True,3.970006946474314e-05,snapshot only,0.0,0.0
shared_linear_n8_T32_s9401100,shared_linear,8,32,9401100,80,8,640,global_svd,1e-12,704,1.1,8.8,True,6.780005060136318e-05,snapshot only,1.0619846214932468e-16,2.220446049250313e-16
shared_linear_n8_T32_s9401100,shared_linear,8,32,9401100,80,8,640,pivoted_qr_repeated_basis,1e-12,784,1.225,9.8,True,5.479995161294937e-05,snapshot only,0.0,0.0
shared_linear_n8_T32_s9401100,shared_linear,8,32,9401100,80,8,640,supported_group_factors,1e-12,664,1.0375,8.3,True,0.0006890000076964498,snapshot only,0.0,0.0
shared_linear_n8_T32_s9401100,shared_linear,8,32,9401100,80,8,640,owner_block_factors,1e-12,216,0.3375,2.7,True,0.0010984999826177955,snapshot only,0.0,0.0
shared_linear_n8_T32_s9401100,shared_linear,8,32,9401100,80,8,640,kronecker_shared_input_basis,1e-12,224,0.35,2.8,True,0.0005834999028593302,snapshot only,7.827555342935491e-17,1.1102230246251565e-16
shared_linear_n8_T32_s9401100,shared_linear,8,32,9401100,80,8,640,immediate_support_exact_slice_plus_svd_residual,1e-12,168,0.2625,2.1,True,4.700000863522291e-05,snapshot only,0.0,0.0
shared_linear_n8_T32_s9401100,shared_linear,8,32,9401100,80,8,640,local_eligibility_plus_svd_residual,1e-12,168,0.2625,2.1,True,3.879994619637728e-05,snapshot only,0.0,0.0
shared_linear_n8_T32_s9401101,shared_linear,8,32,9401101,80,8,640,full_matrix,1e-08,640,1.0,8.0,True,7.00005330145359e-07,online baseline,0.0,0.0
shared_linear_n8_T32_s9401101,shared_linear,8,32,9401101,80,8,640,coordinate_sparse,1e-08,160,0.25,2.0,True,1.7300015315413475e-05,snapshot only,0.0,0.0
shared_linear_n8_T32_s9401101,shared_linear,8,32,9401101,80,8,640,block_sparse_triangular,1e-08,168,0.2625,2.1,True,6.889994256198406e-05,known closed online block recurrence,0.0,0.0
shared_linear_n8_T32_s9401101,shared_linear,8,32,9401101,80,8,640,shared_linear_factors,1e-08,17,0.0265625,0.2125,True,7.00005330145359e-07,known closed online shared recurrence,0.0,0.0
shared_linear_n8_T32_s9401101,shared_linear,8,32,9401101,80,8,640,global_svd,1e-08,704,1.1,8.8,True,0.00011620006989687681,snapshot only,1.1486570590441346e-16,2.220446049250313e-16
shared_linear_n8_T32_s9401101,shared_linear,8,32,9401101,80,8,640,pivoted_qr_repeated_basis,1e-08,784,1.225,9.8,True,6.839993875473738e-05,snapshot only,0.0,0.0
shared_linear_n8_T32_s9401101,shared_linear,8,32,9401101,80,8,640,supported_group_factors,1e-08,664,1.0375,8.3,True,0.0006347999442368746,snapshot only,0.0,0.0
shared_linear_n8_T32_s9401101,shared_linear,8,32,9401101,80,8,640,owner_block_factors,1e-08,216,0.3375,2.7,True,0.0011990999337285757,snapshot only,0.0,0.0
shared_linear_n8_T32_s9401101,shared_linear,8,32,9401101,80,8,640,kronecker_shared_input_basis,1e-08,224,0.35,2.8,True,0.0006290000164881349,snapshot only,1.216451648951201e-16,2.220446049250313e-16
shared_linear_n8_T32_s9401101,shared_linear,8,32,9401101,80,8,640,immediate_support_exact_slice_plus_svd_residual,1e-08,168,0.2625,2.1,True,5.259993486106396e-05,snapshot only,0.0,0.0
shared_linear_n8_T32_s9401101,shared_linear,8,32,9401101,80,8,640,local_eligibility_plus_svd_residual,1e-08,168,0.2625,2.1,True,4.339998122304678e-05,snapshot only,0.0,0.0
shared_linear_n8_T32_s9401101,shared_linear,8,32,9401101,80,8,640,global_svd,1e-10,704,1.1,8.8,True,6.810005288571119e-05,snapshot only,1.1486570590441346e-16,2.220446049250313e-16
shared_linear_n8_T32_s9401101,shared_linear,8,32,9401101,80,8,640,pivoted_qr_repeated_basis,1e-10,784,1.225,9.8,True,5.6699966080486774e-05,snapshot only,0.0,0.0
shared_linear_n8_T32_s9401101,shared_linear,8,32,9401101,80,8,640,supported_group_factors,1e-10,664,1.0375,8.3,True,0.0005750999553129077,snapshot only,0.0,0.0
shared_linear_n8_T32_s9401101,shared_linear,8,32,9401101,80,8,640,owner_block_factors,1e-10,216,0.3375,2.7,True,0.0010018000612035394,snapshot only,0.0,0.0
shared_linear_n8_T32_s9401101,shared_linear,8,32,9401101,80,8,640,kronecker_shared_input_basis,1e-10,224,0.35,2.8,True,0.0005354000022634864,snapshot only,1.216451648951201e-16,2.220446049250313e-16
shared_linear_n8_T32_s9401101,shared_linear,8,32,9401101,80,8,640,immediate_support_exact_slice_plus_svd_residual,1e-10,168,0.2625,2.1,True,4.7600013203918934e-05,snapshot only,0.0,0.0
shared_linear_n8_T32_s9401101,shared_linear,8,32,9401101,80,8,640,local_eligibility_plus_svd_residual,1e-10,168,0.2625,2.1,True,4.1199964471161366e-05,snapshot only,0.0,0.0
shared_linear_n8_T32_s9401101,shared_linear,8,32,9401101,80,8,640,global_svd,1e-12,704,1.1,8.8,True,6.859994027763605e-05,snapshot only,1.1486570590441346e-16,2.220446049250313e-16
shared_linear_n8_T32_s9401101,shared_linear,8,32,9401101,80,8,640,pivoted_qr_repeated_basis,1e-12,784,1.225,9.8,True,5.550007335841656e-05,snapshot only,0.0,0.0
shared_linear_n8_T32_s9401101,shared_linear,8,32,9401101,80,8,640,supported_group_factors,1e-12,664,1.0375,8.3,True,0.0006264999974519014,snapshot only,0.0,0.0
shared_linear_n8_T32_s9401101,shared_linear,8,32,9401101,80,8,640,owner_block_factors,1e-12,216,0.3375,2.7,True,0.001055800006724894,snapshot only,0.0,0.0
shared_linear_n8_T32_s9401101,shared_linear,8,32,9401101,80,8,640,kronecker_shared_input_basis,1e-12,224,0.35,2.8,True,0.0005404000403359532,snapshot only,1.216451648951201e-16,2.220446049250313e-16
shared_linear_n8_T32_s9401101,shared_linear,8,32,9401101,80,8,640,immediate_support_exact_slice_plus_svd_residual,1e-12,168,0.2625,2.1,True,4.6200002543628216e-05,snapshot only,0.0,0.0
shared_linear_n8_T32_s9401101,shared_linear,8,32,9401101,80,8,640,local_eligibility_plus_svd_residual,1e-12,168,0.2625,2.1,True,0.0001210999907925725,snapshot only,0.0,0.0
shared_linear_n8_T32_s9401102,shared_linear,8,32,9401102,80,8,640,full_matrix,1e-08,640,1.0,8.0,True,6.00004568696022e-07,online baseline,0.0,0.0
shared_linear_n8_T32_s9401102,shared_linear,8,32,9401102,80,8,640,coordinate_sparse,1e-08,160,0.25,2.0,True,1.610000617802143e-05,snapshot only,0.0,0.0
shared_linear_n8_T32_s9401102,shared_linear,8,32,9401102,80,8,640,block_sparse_triangular,1e-08,168,0.2625,2.1,True,6.180000491440296e-05,known closed online block recurrence,0.0,0.0
shared_linear_n8_T32_s9401102,shared_linear,8,32,9401102,80,8,640,shared_linear_factors,1e-08,17,0.0265625,0.2125,True,1.100008375942707e-06,known closed online shared recurrence,0.0,0.0
shared_linear_n8_T32_s9401102,shared_linear,8,32,9401102,80,8,640,global_svd,1e-08,704,1.1,8.8,True,9.96000599116087e-05,snapshot only,1.1475972325090554e-16,2.3592239273284576e-16
shared_linear_n8_T32_s9401102,shared_linear,8,32,9401102,80,8,640,pivoted_qr_repeated_basis,1e-08,784,1.225,9.8,True,6.770004983991385e-05,snapshot only,0.0,0.0
shared_linear_n8_T32_s9401102,shared_linear,8,32,9401102,80,8,640,supported_group_factors,1e-08,664,1.0375,8.3,True,0.0005833000177517533,snapshot only,0.0,0.0
shared_linear_n8_T32_s9401102,shared_linear,8,32,9401102,80,8,640,owner_block_factors,1e-08,216,0.3375,2.7,True,0.0009732999606058002,snapshot only,0.0,0.0
shared_linear_n8_T32_s9401102,shared_linear,8,32,9401102,80,8,640,kronecker_shared_input_basis,1e-08,224,0.35,2.8,True,0.000534399994648993,snapshot only,1.2957117479557904e-17,1.3877787807814457e-17
shared_linear_n8_T32_s9401102,shared_linear,8,32,9401102,80,8,640,immediate_support_exact_slice_plus_svd_residual,1e-08,168,0.2625,2.1,True,4.4899992644786835e-05,snapshot only,0.0,0.0
shared_linear_n8_T32_s9401102,shared_linear,8,32,9401102,80,8,640,local_eligibility_plus_svd_residual,1e-08,168,0.2625,2.1,True,4.39999857917428e-05,snapshot only,0.0,0.0
shared_linear_n8_T32_s9401102,shared_linear,8,32,9401102,80,8,640,global_svd,1e-10,704,1.1,8.8,True,6.929994560778141e-05,snapshot only,1.1475972325090554e-16,2.3592239273284576e-16
shared_linear_n8_T32_s9401102,shared_linear,8,32,9401102,80,8,640,pivoted_qr_repeated_basis,1e-10,784,1.225,9.8,True,5.500006955116987e-05,snapshot only,0.0,0.0
shared_linear_n8_T32_s9401102,shared_linear,8,32,9401102,80,8,640,supported_group_factors,1e-10,664,1.0375,8.3,True,0.0005724999355152249,snapshot only,0.0,0.0
shared_linear_n8_T32_s9401102,shared_linear,8,32,9401102,80,8,640,owner_block_factors,1e-10,216,0.3375,2.7,True,0.0009715999476611614,snapshot only,0.0,0.0
shared_linear_n8_T32_s9401102,shared_linear,8,32,9401102,80,8,640,kronecker_shared_input_basis,1e-10,224,0.35,2.8,True,0.0005583000602200627,snapshot only,1.2957117479557904e-17,1.3877787807814457e-17
shared_linear_n8_T32_s9401102,shared_linear,8,32,9401102,80,8,640,immediate_support_exact_slice_plus_svd_residual,1e-10,168,0.2625,2.1,True,4.279997665435076e-05,snapshot only,0.0,0.0
shared_linear_n8_T32_s9401102,shared_linear,8,32,9401102,80,8,640,local_eligibility_plus_svd_residual,1e-10,168,0.2625,2.1,True,4.199997056275606e-05,snapshot only,0.0,0.0
shared_linear_n8_T32_s9401102,shared_linear,8,32,9401102,80,8,640,global_svd,1e-12,704,1.1,8.8,True,7.6299998909235e-05,snapshot only,1.1475972325090554e-16,2.3592239273284576e-16
shared_linear_n8_T32_s9401102,shared_linear,8,32,9401102,80,8,640,pivoted_qr_repeated_basis,1e-12,784,1.225,9.8,True,5.3200055845081806e-05,snapshot only,0.0,0.0
shared_linear_n8_T32_s9401102,shared_linear,8,32,9401102,80,8,640,supported_group_factors,1e-12,664,1.0375,8.3,True,0.0005942999850958586,snapshot only,0.0,0.0
shared_linear_n8_T32_s9401102,shared_linear,8,32,9401102,80,8,640,owner_block_factors,1e-12,216,0.3375,2.7,True,0.0009721999522298574,snapshot only,0.0,0.0
shared_linear_n8_T32_s9401102,shared_linear,8,32,9401102,80,8,640,kronecker_shared_input_basis,1e-12,224,0.35,2.8,True,0.0005532000213861465,snapshot only,1.2957117479557904e-17,1.3877787807814457e-17
shared_linear_n8_T32_s9401102,shared_linear,8,32,9401102,80,8,640,immediate_support_exact_slice_plus_svd_residual,1e-12,168,0.2625,2.1,True,4.439998883754015e-05,snapshot only,0.0,0.0
shared_linear_n8_T32_s9401102,shared_linear,8,32,9401102,80,8,640,local_eligibility_plus_svd_residual,1e-12,168,0.2625,2.1,True,0.0001227000029757619,snapshot only,0.0,0.0
shared_linear_n8_T32_s9401103,shared_linear,8,32,9401103,80,8,640,full_matrix,1e-08,640,1.0,8.0,True,6.00004568696022e-07,online baseline,0.0,0.0
shared_linear_n8_T32_s9401103,shared_linear,8,32,9401103,80,8,640,coordinate_sparse,1e-08,160,0.25,2.0,True,1.6999896615743637e-05,snapshot only,0.0,0.0
shared_linear_n8_T32_s9401103,shared_linear,8,32,9401103,80,8,640,block_sparse_triangular,1e-08,168,0.2625,2.1,True,6.829993799328804e-05,known closed online block recurrence,0.0,0.0
shared_linear_n8_T32_s9401103,shared_linear,8,32,9401103,80,8,640,shared_linear_factors,1e-08,17,0.0265625,0.2125,True,6.998889148235321e-07,known closed online shared recurrence,0.0,0.0
shared_linear_n8_T32_s9401103,shared_linear,8,32,9401103,80,8,640,global_svd,1e-08,704,1.1,8.8,True,0.00010830000974237919,snapshot only,1.6347487111949152e-16,2.749536709423239e-16
shared_linear_n8_T32_s9401103,shared_linear,8,32,9401103,80,8,640,pivoted_qr_repeated_basis,1e-08,784,1.225,9.8,True,6.539991591125727e-05,snapshot only,0.0,0.0
shared_linear_n8_T32_s9401103,shared_linear,8,32,9401103,80,8,640,supported_group_factors,1e-08,664,1.0375,8.3,True,0.000598000013269484,snapshot only,0.0,0.0
shared_linear_n8_T32_s9401103,shared_linear,8,32,9401103,80,8,640,owner_block_factors,1e-08,216,0.3375,2.7,True,0.0009994000429287553,snapshot only,0.0,0.0
shared_linear_n8_T32_s9401103,shared_linear,8,32,9401103,80,8,640,kronecker_shared_input_basis,1e-08,224,0.35,2.8,True,0.0005463999696075916,snapshot only,1.6581369734504684e-16,3.608224830031759e-16
shared_linear_n8_T32_s9401103,shared_linear,8,32,9401103,80,8,640,immediate_support_exact_slice_plus_svd_residual,1e-08,168,0.2625,2.1,True,4.600000102072954e-05,snapshot only,0.0,0.0
shared_linear_n8_T32_s9401103,shared_linear,8,32,9401103,80,8,640,local_eligibility_plus_svd_residual,1e-08,168,0.2625,2.1,True,3.9100064896047115e-05,snapshot only,0.0,0.0
shared_linear_n8_T32_s9401103,shared_linear,8,32,9401103,80,8,640,global_svd,1e-10,704,1.1,8.8,True,7.030006963759661e-05,snapshot only,1.6347487111949152e-16,2.749536709423239e-16
shared_linear_n8_T32_s9401103,shared_linear,8,32,9401103,80,8,640,pivoted_qr_repeated_basis,1e-10,784,1.225,9.8,True,5.589995998889208e-05,snapshot only,0.0,0.0
shared_linear_n8_T32_s9401103,shared_linear,8,32,9401103,80,8,640,supported_group_factors,1e-10,664,1.0375,8.3,True,0.0005617999704554677,snapshot only,0.0,0.0
shared_linear_n8_T32_s9401103,shared_linear,8,32,9401103,80,8,640,owner_block_factors,1e-10,216,0.3375,2.7,True,0.0009680000366643071,snapshot only,0.0,0.0
shared_linear_n8_T32_s9401103,shared_linear,8,32,9401103,80,8,640,kronecker_shared_input_basis,1e-10,224,0.35,2.8,True,0.0005330999847501516,snapshot only,1.6581369734504684e-16,3.608224830031759e-16
shared_linear_n8_T32_s9401103,shared_linear,8,32,9401103,80,8,640,immediate_support_exact_slice_plus_svd_residual,1e-10,168,0.2625,2.1,True,5.040003452450037e-05,snapshot only,0.0,0.0
shared_linear_n8_T32_s9401103,shared_linear,8,32,9401103,80,8,640,local_eligibility_plus_svd_residual,1e-10,168,0.2625,2.1,True,4.369998350739479e-05,snapshot only,0.0,0.0
shared_linear_n8_T32_s9401103,shared_linear,8,32,9401103,80,8,640,global_svd,1e-12,704,1.1,8.8,True,0.00024940003640949726,snapshot only,1.6347487111949152e-16,2.749536709423239e-16
shared_linear_n8_T32_s9401103,shared_linear,8,32,9401103,80,8,640,pivoted_qr_repeated_basis,1e-12,784,1.225,9.8,True,7.550010923296213e-05,snapshot only,0.0,0.0
shared_linear_n8_T32_s9401103,shared_linear,8,32,9401103,80,8,640,supported_group_factors,1e-12,664,1.0375,8.3,True,0.0007297000847756863,snapshot only,0.0,0.0
shared_linear_n8_T32_s9401103,shared_linear,8,32,9401103,80,8,640,owner_block_factors,1e-12,216,0.3375,2.7,True,0.0011355000315234065,snapshot only,0.0,0.0
shared_linear_n8_T32_s9401103,shared_linear,8,32,9401103,80,8,640,kronecker_shared_input_basis,1e-12,224,0.35,2.8,True,0.0006004999158903956,snapshot only,1.6581369734504684e-16,3.608224830031759e-16
shared_linear_n8_T32_s9401103,shared_linear,8,32,9401103,80,8,640,immediate_support_exact_slice_plus_svd_residual,1e-12,168,0.2625,2.1,True,5.0200033001601696e-05,snapshot only,0.0,0.0
shared_linear_n8_T32_s9401103,shared_linear,8,32,9401103,80,8,640,local_eligibility_plus_svd_residual,1e-12,168,0.2625,2.1,True,3.9400067180395126e-05,snapshot only,0.0,0.0
shared_linear_n8_T32_s9401104,shared_linear,8,32,9401104,80,8,640,full_matrix,1e-08,640,1.0,8.0,True,6.00004568696022e-07,online baseline,0.0,0.0
shared_linear_n8_T32_s9401104,shared_linear,8,32,9401104,80,8,640,coordinate_sparse,1e-08,160,0.25,2.0,True,1.6400008462369442e-05,snapshot only,0.0,0.0
shared_linear_n8_T32_s9401104,shared_linear,8,32,9401104,80,8,640,block_sparse_triangular,1e-08,168,0.2625,2.1,True,6.079999729990959e-05,known closed online block recurrence,0.0,0.0
shared_linear_n8_T32_s9401104,shared_linear,8,32,9401104,80,8,640,shared_linear_factors,1e-08,17,0.0265625,0.2125,True,5.00003807246685e-07,known closed online shared recurrence,0.0,0.0
shared_linear_n8_T32_s9401104,shared_linear,8,32,9401104,80,8,640,global_svd,1e-08,704,1.1,8.8,True,9.450002107769251e-05,snapshot only,1.4777559086334521e-16,2.636779683484747e-16
shared_linear_n8_T32_s9401104,shared_linear,8,32,9401104,80,8,640,pivoted_qr_repeated_basis,1e-08,784,1.225,9.8,True,5.9999991208314896e-05,snapshot only,0.0,0.0
shared_linear_n8_T32_s9401104,shared_linear,8,32,9401104,80,8,640,supported_group_factors,1e-08,664,1.0375,8.3,True,0.000573399942368269,snapshot only,0.0,0.0
shared_linear_n8_T32_s9401104,shared_linear,8,32,9401104,80,8,640,owner_block_factors,1e-08,216,0.3375,2.7,True,0.0009675000328570604,snapshot only,0.0,0.0
shared_linear_n8_T32_s9401104,shared_linear,8,32,9401104,80,8,640,kronecker_shared_input_basis,1e-08,224,0.35,2.8,True,0.0005314999725669622,snapshot only,6.534024441588507e-17,1.1102230246251565e-16
shared_linear_n8_T32_s9401104,shared_linear,8,32,9401104,80,8,640,immediate_support_exact_slice_plus_svd_residual,1e-08,168,0.2625,2.1,True,4.270009230822325e-05,snapshot only,0.0,0.0
shared_linear_n8_T32_s9401104,shared_linear,8,32,9401104,80,8,640,local_eligibility_plus_svd_residual,1e-08,168,0.2625,2.1,True,3.7100049667060375e-05,snapshot only,0.0,0.0
shared_linear_n8_T32_s9401104,shared_linear,8,32,9401104,80,8,640,global_svd,1e-10,704,1.1,8.8,True,6.659992504864931e-05,snapshot only,1.4777559086334521e-16,2.636779683484747e-16
shared_linear_n8_T32_s9401104,shared_linear,8,32,9401104,80,8,640,pivoted_qr_repeated_basis,1e-10,784,1.225,9.8,True,5.0600036047399044e-05,snapshot only,0.0,0.0
shared_linear_n8_T32_s9401104,shared_linear,8,32,9401104,80,8,640,supported_group_factors,1e-10,664,1.0375,8.3,True,0.0005682000191882253,snapshot only,0.0,0.0
shared_linear_n8_T32_s9401104,shared_linear,8,32,9401104,80,8,640,owner_block_factors,1e-10,216,0.3375,2.7,True,0.0009584999643266201,snapshot only,0.0,0.0
shared_linear_n8_T32_s9401104,shared_linear,8,32,9401104,80,8,640,kronecker_shared_input_basis,1e-10,224,0.35,2.8,True,0.0005278999451547861,snapshot only,6.534024441588507e-17,1.1102230246251565e-16
shared_linear_n8_T32_s9401104,shared_linear,8,32,9401104,80,8,640,immediate_support_exact_slice_plus_svd_residual,1e-10,168,0.2625,2.1,True,4.360009916126728e-05,snapshot only,0.0,0.0
shared_linear_n8_T32_s9401104,shared_linear,8,32,9401104,80,8,640,local_eligibility_plus_svd_residual,1e-10,168,0.2625,2.1,True,3.760005347430706e-05,snapshot only,0.0,0.0
shared_linear_n8_T32_s9401104,shared_linear,8,32,9401104,80,8,640,global_svd,1e-12,704,1.1,8.8,True,0.00017530005425214767,snapshot only,1.4777559086334521e-16,2.636779683484747e-16
shared_linear_n8_T32_s9401104,shared_linear,8,32,9401104,80,8,640,pivoted_qr_repeated_basis,1e-12,784,1.225,9.8,True,6.420002318918705e-05,snapshot only,0.0,0.0
shared_linear_n8_T32_s9401104,shared_linear,8,32,9401104,80,8,640,supported_group_factors,1e-12,664,1.0375,8.3,True,0.0006461000302806497,snapshot only,0.0,0.0
shared_linear_n8_T32_s9401104,shared_linear,8,32,9401104,80,8,640,owner_block_factors,1e-12,216,0.3375,2.7,True,0.0009703999385237694,snapshot only,0.0,0.0
shared_linear_n8_T32_s9401104,shared_linear,8,32,9401104,80,8,640,kronecker_shared_input_basis,1e-12,224,0.35,2.8,True,0.0005214998964220285,snapshot only,6.534024441588507e-17,1.1102230246251565e-16
shared_linear_n8_T32_s9401104,shared_linear,8,32,9401104,80,8,640,immediate_support_exact_slice_plus_svd_residual,1e-12,168,0.2625,2.1,True,4.509999416768551e-05,snapshot only,0.0,0.0
shared_linear_n8_T32_s9401104,shared_linear,8,32,9401104,80,8,640,local_eligibility_plus_svd_residual,1e-12,168,0.2625,2.1,True,3.9100064896047115e-05,snapshot only,0.0,0.0
shared_linear_n8_T128_s9401100,shared_linear,8,128,9401100,80,8,640,full_matrix,1e-08,640,1.0,8.0,True,6.00004568696022e-07,online baseline,0.0,0.0
shared_linear_n8_T128_s9401100,shared_linear,8,128,9401100,80,8,640,coordinate_sparse,1e-08,160,0.25,2.0,True,1.4999997802078724e-05,snapshot only,0.0,0.0
shared_linear_n8_T128_s9401100,shared_linear,8,128,9401100,80,8,640,block_sparse_triangular,1e-08,168,0.2625,2.1,True,6.130000110715628e-05,known closed online block recurrence,0.0,0.0
shared_linear_n8_T128_s9401100,shared_linear,8,128,9401100,80,8,640,shared_linear_factors,1e-08,17,0.0265625,0.2125,True,7.00005330145359e-07,known closed online shared recurrence,0.0,0.0
shared_linear_n8_T128_s9401100,shared_linear,8,128,9401100,80,8,640,global_svd,1e-08,704,1.1,8.8,True,0.00010039994958788157,snapshot only,1.184320638798818e-16,2.463307335887066e-16
shared_linear_n8_T128_s9401100,shared_linear,8,128,9401100,80,8,640,pivoted_qr_repeated_basis,1e-08,784,1.225,9.8,True,6.310001481324434e-05,snapshot only,0.0,0.0
shared_linear_n8_T128_s9401100,shared_linear,8,128,9401100,80,8,640,supported_group_factors,1e-08,664,1.0375,8.3,True,0.0005915999645367265,snapshot only,0.0,0.0
shared_linear_n8_T128_s9401100,shared_linear,8,128,9401100,80,8,640,owner_block_factors,1e-08,216,0.3375,2.7,True,0.0010266999015584588,snapshot only,0.0,0.0
shared_linear_n8_T128_s9401100,shared_linear,8,128,9401100,80,8,640,kronecker_shared_input_basis,1e-08,224,0.35,2.8,True,0.0008979999693110585,snapshot only,9.230738661697663e-17,1.3877787807814457e-16
shared_linear_n8_T128_s9401100,shared_linear,8,128,9401100,80,8,640,immediate_support_exact_slice_plus_svd_residual,1e-08,168,0.2625,2.1,True,4.830001853406429e-05,snapshot only,0.0,0.0
shared_linear_n8_T128_s9401100,shared_linear,8,128,9401100,80,8,640,local_eligibility_plus_svd_residual,1e-08,168,0.2625,2.1,True,4.1199964471161366e-05,snapshot only,0.0,0.0
shared_linear_n8_T128_s9401100,shared_linear,8,128,9401100,80,8,640,global_svd,1e-10,704,1.1,8.8,True,6.939994636923075e-05,snapshot only,1.184320638798818e-16,2.463307335887066e-16
shared_linear_n8_T128_s9401100,shared_linear,8,128,9401100,80,8,640,pivoted_qr_repeated_basis,1e-10,784,1.225,9.8,True,5.949998740106821e-05,snapshot only,0.0,0.0
shared_linear_n8_T128_s9401100,shared_linear,8,128,9401100,80,8,640,supported_group_factors,1e-10,664,1.0375,8.3,True,0.0005715000443160534,snapshot only,0.0,0.0
shared_linear_n8_T128_s9401100,shared_linear,8,128,9401100,80,8,640,owner_block_factors,1e-10,216,0.3375,2.7,True,0.0009945000056177378,snapshot only,0.0,0.0
shared_linear_n8_T128_s9401100,shared_linear,8,128,9401100,80,8,640,kronecker_shared_input_basis,1e-10,224,0.35,2.8,True,0.0005267000524327159,snapshot only,9.230738661697663e-17,1.3877787807814457e-16
shared_linear_n8_T128_s9401100,shared_linear,8,128,9401100,80,8,640,immediate_support_exact_slice_plus_svd_residual,1e-10,168,0.2625,2.1,True,4.3199979700148106e-05,snapshot only,0.0,0.0
shared_linear_n8_T128_s9401100,shared_linear,8,128,9401100,80,8,640,local_eligibility_plus_svd_residual,1e-10,168,0.2625,2.1,True,3.839994315057993e-05,snapshot only,0.0,0.0
shared_linear_n8_T128_s9401100,shared_linear,8,128,9401100,80,8,640,global_svd,1e-12,704,1.1,8.8,True,6.850005593150854e-05,snapshot only,1.184320638798818e-16,2.463307335887066e-16
shared_linear_n8_T128_s9401100,shared_linear,8,128,9401100,80,8,640,pivoted_qr_repeated_basis,1e-12,784,1.225,9.8,True,5.009991582483053e-05,snapshot only,0.0,0.0
shared_linear_n8_T128_s9401100,shared_linear,8,128,9401100,80,8,640,supported_group_factors,1e-12,664,1.0375,8.3,True,0.0005592000670731068,snapshot only,0.0,0.0
shared_linear_n8_T128_s9401100,shared_linear,8,128,9401100,80,8,640,owner_block_factors,1e-12,216,0.3375,2.7,True,0.0009643000084906816,snapshot only,0.0,0.0
shared_linear_n8_T128_s9401100,shared_linear,8,128,9401100,80,8,640,kronecker_shared_input_basis,1e-12,224,0.35,2.8,True,0.0005226000212132931,snapshot only,9.230738661697663e-17,1.3877787807814457e-16
shared_linear_n8_T128_s9401100,shared_linear,8,128,9401100,80,8,640,immediate_support_exact_slice_plus_svd_residual,1e-12,168,0.2625,2.1,True,4.20999713242054e-05,snapshot only,0.0,0.0
shared_linear_n8_T128_s9401100,shared_linear,8,128,9401100,80,8,640,local_eligibility_plus_svd_residual,1e-12,168,0.2625,2.1,True,3.9100064896047115e-05,snapshot only,0.0,0.0
shared_linear_n8_T128_s9401101,shared_linear,8,128,9401101,80,8,640,full_matrix,1e-08,640,1.0,8.0,True,7.00005330145359e-07,online baseline,0.0,0.0
shared_linear_n8_T128_s9401101,shared_linear,8,128,9401101,80,8,640,coordinate_sparse,1e-08,160,0.25,2.0,True,1.279998105019331e-05,snapshot only,0.0,0.0
shared_linear_n8_T128_s9401101,shared_linear,8,128,9401101,80,8,640,block_sparse_triangular,1e-08,168,0.2625,2.1,True,6.049999501556158e-05,known closed online block recurrence,0.0,0.0
shared_linear_n8_T128_s9401101,shared_linear,8,128,9401101,80,8,640,shared_linear_factors,1e-08,17,0.0265625,0.2125,True,5.00003807246685e-07,known closed online shared recurrence,0.0,0.0
shared_linear_n8_T128_s9401101,shared_linear,8,128,9401101,80,8,640,global_svd,1e-08,704,1.1,8.8,True,0.00010279996786266565,snapshot only,1.096113602178798e-16,2.220446049250313e-16
shared_linear_n8_T128_s9401101,shared_linear,8,128,9401101,80,8,640,pivoted_qr_repeated_basis,1e-08,784,1.225,9.8,True,9.80000477284193e-05,snapshot only,0.0,0.0
shared_linear_n8_T128_s9401101,shared_linear,8,128,9401101,80,8,640,supported_group_factors,1e-08,664,1.0375,8.3,True,0.0005840000230818987,snapshot only,0.0,0.0
shared_linear_n8_T128_s9401101,shared_linear,8,128,9401101,80,8,640,owner_block_factors,1e-08,216,0.3375,2.7,True,0.000968499924056232,snapshot only,0.0,0.0
shared_linear_n8_T128_s9401101,shared_linear,8,128,9401101,80,8,640,kronecker_shared_input_basis,1e-08,224,0.35,2.8,True,0.0005666000070050359,snapshot only,8.372333726315013e-17,1.1102230246251565e-16
shared_linear_n8_T128_s9401101,shared_linear,8,128,9401101,80,8,640,immediate_support_exact_slice_plus_svd_residual,1e-08,168,0.2625,2.1,True,4.309997893869877e-05,snapshot only,0.0,0.0
shared_linear_n8_T128_s9401101,shared_linear,8,128,9401101,80,8,640,local_eligibility_plus_svd_residual,1e-08,168,0.2625,2.1,True,0.00038439990021288395,snapshot only,0.0,0.0
shared_linear_n8_T128_s9401101,shared_linear,8,128,9401101,80,8,640,global_svd,1e-10,704,1.1,8.8,True,0.00011989998165518045,snapshot only,1.096113602178798e-16,2.220446049250313e-16
shared_linear_n8_T128_s9401101,shared_linear,8,128,9401101,80,8,640,pivoted_qr_repeated_basis,1e-10,784,1.225,9.8,True,8.469994645565748e-05,snapshot only,0.0,0.0
shared_linear_n8_T128_s9401101,shared_linear,8,128,9401101,80,8,640,supported_group_factors,1e-10,664,1.0375,8.3,True,0.0008690000977367163,snapshot only,0.0,0.0
shared_linear_n8_T128_s9401101,shared_linear,8,128,9401101,80,8,640,owner_block_factors,1e-10,216,0.3375,2.7,True,0.0009327000007033348,snapshot only,0.0,0.0
shared_linear_n8_T128_s9401101,shared_linear,8,128,9401101,80,8,640,kronecker_shared_input_basis,1e-10,224,0.35,2.8,True,0.0006638000486418605,snapshot only,8.372333726315013e-17,1.1102230246251565e-16
shared_linear_n8_T128_s9401101,shared_linear,8,128,9401101,80,8,640,immediate_support_exact_slice_plus_svd_residual,1e-10,168,0.2625,2.1,True,4.640000406652689e-05,snapshot only,0.0,0.0
shared_linear_n8_T128_s9401101,shared_linear,8,128,9401101,80,8,640,local_eligibility_plus_svd_residual,1e-10,168,0.2625,2.1,True,3.899994771927595e-05,snapshot only,0.0,0.0
shared_linear_n8_T128_s9401101,shared_linear,8,128,9401101,80,8,640,global_svd,1e-12,704,1.1,8.8,True,7.569999434053898e-05,snapshot only,1.096113602178798e-16,2.220446049250313e-16
shared_linear_n8_T128_s9401101,shared_linear,8,128,9401101,80,8,640,pivoted_qr_repeated_basis,1e-12,784,1.225,9.8,True,5.270005203783512e-05,snapshot only,0.0,0.0
shared_linear_n8_T128_s9401101,shared_linear,8,128,9401101,80,8,640,supported_group_factors,1e-12,664,1.0375,8.3,True,0.0005620000883936882,snapshot only,0.0,0.0
shared_linear_n8_T128_s9401101,shared_linear,8,128,9401101,80,8,640,owner_block_factors,1e-12,216,0.3375,2.7,True,0.0009961000178009272,snapshot only,0.0,0.0
shared_linear_n8_T128_s9401101,shared_linear,8,128,9401101,80,8,640,kronecker_shared_input_basis,1e-12,224,0.35,2.8,True,0.0005437999498099089,snapshot only,8.372333726315013e-17,1.1102230246251565e-16
shared_linear_n8_T128_s9401101,shared_linear,8,128,9401101,80,8,640,immediate_support_exact_slice_plus_svd_residual,1e-12,168,0.2625,2.1,True,4.3599982745945454e-05,snapshot only,0.0,0.0
shared_linear_n8_T128_s9401101,shared_linear,8,128,9401101,80,8,640,local_eligibility_plus_svd_residual,1e-12,168,0.2625,2.1,True,3.85999446734786e-05,snapshot only,0.0,0.0
shared_linear_n8_T128_s9401102,shared_linear,8,128,9401102,80,8,640,full_matrix,1e-08,640,1.0,8.0,True,7.00005330145359e-07,online baseline,0.0,0.0
shared_linear_n8_T128_s9401102,shared_linear,8,128,9401102,80,8,640,coordinate_sparse,1e-08,160,0.25,2.0,True,1.6700010746717453e-05,snapshot only,0.0,0.0
shared_linear_n8_T128_s9401102,shared_linear,8,128,9401102,80,8,640,block_sparse_triangular,1e-08,168,0.2625,2.1,True,6.0999998822808266e-05,known closed online block recurrence,0.0,0.0
shared_linear_n8_T128_s9401102,shared_linear,8,128,9401102,80,8,640,shared_linear_factors,1e-08,17,0.0265625,0.2125,True,7.00005330145359e-07,known closed online shared recurrence,0.0,0.0
shared_linear_n8_T128_s9401102,shared_linear,8,128,9401102,80,8,640,global_svd,1e-08,704,1.1,8.8,True,9.80000477284193e-05,snapshot only,1.4654687235207695e-16,2.220446049250313e-16
shared_linear_n8_T128_s9401102,shared_linear,8,128,9401102,80,8,640,pivoted_qr_repeated_basis,1e-08,784,1.225,9.8,True,6.710004527121782e-05,snapshot only,0.0,0.0
shared_linear_n8_T128_s9401102,shared_linear,8,128,9401102,80,8,640,supported_group_factors,1e-08,664,1.0375,8.3,True,0.0005959999980404973,snapshot only,0.0,0.0
shared_linear_n8_T128_s9401102,shared_linear,8,128,9401102,80,8,640,owner_block_factors,1e-08,216,0.3375,2.7,True,0.0009694000473245978,snapshot only,0.0,0.0
shared_linear_n8_T128_s9401102,shared_linear,8,128,9401102,80,8,640,kronecker_shared_input_basis,1e-08,224,0.35,2.8,True,0.000799100031144917,snapshot only,4.4421000567630424e-17,5.551115123125783e-17
shared_linear_n8_T128_s9401102,shared_linear,8,128,9401102,80,8,640,immediate_support_exact_slice_plus_svd_residual,1e-08,168,0.2625,2.1,True,4.2599975131452084e-05,snapshot only,0.0,0.0
shared_linear_n8_T128_s9401102,shared_linear,8,128,9401102,80,8,640,local_eligibility_plus_svd_residual,1e-08,168,0.2625,2.1,True,3.779993858188391e-05,snapshot only,0.0,0.0
shared_linear_n8_T128_s9401102,shared_linear,8,128,9401102,80,8,640,global_svd,1e-10,704,1.1,8.8,True,6.850005593150854e-05,snapshot only,1.4654687235207695e-16,2.220446049250313e-16
shared_linear_n8_T128_s9401102,shared_linear,8,128,9401102,80,8,640,pivoted_qr_repeated_basis,1e-10,784,1.225,9.8,True,5.180004518479109e-05,snapshot only,0.0,0.0
shared_linear_n8_T128_s9401102,shared_linear,8,128,9401102,80,8,640,supported_group_factors,1e-10,664,1.0375,8.3,True,0.0008547999896109104,snapshot only,0.0,0.0
shared_linear_n8_T128_s9401102,shared_linear,8,128,9401102,80,8,640,owner_block_factors,1e-10,216,0.3375,2.7,True,0.0015363999409601092,snapshot only,0.0,0.0
shared_linear_n8_T128_s9401102,shared_linear,8,128,9401102,80,8,640,kronecker_shared_input_basis,1e-10,224,0.35,2.8,True,0.0006931999232620001,snapshot only,4.4421000567630424e-17,5.551115123125783e-17
shared_linear_n8_T128_s9401102,shared_linear,8,128,9401102,80,8,640,immediate_support_exact_slice_plus_svd_residual,1e-10,168,0.2625,2.1,True,4.5900000259280205e-05,snapshot only,0.0,0.0
shared_linear_n8_T128_s9401102,shared_linear,8,128,9401102,80,8,640,local_eligibility_plus_svd_residual,1e-10,168,0.2625,2.1,True,3.8800062611699104e-05,snapshot only,0.0,0.0
shared_linear_n8_T128_s9401102,shared_linear,8,128,9401102,80,8,640,global_svd,1e-12,704,1.1,8.8,True,7.499998901039362e-05,snapshot only,1.4654687235207695e-16,2.220446049250313e-16
shared_linear_n8_T128_s9401102,shared_linear,8,128,9401102,80,8,640,pivoted_qr_repeated_basis,1e-12,784,1.225,9.8,True,5.6399963796138763e-05,snapshot only,0.0,0.0
shared_linear_n8_T128_s9401102,shared_linear,8,128,9401102,80,8,640,supported_group_factors,1e-12,664,1.0375,8.3,True,0.0005587000632658601,snapshot only,0.0,0.0
shared_linear_n8_T128_s9401102,shared_linear,8,128,9401102,80,8,640,owner_block_factors,1e-12,216,0.3375,2.7,True,0.0009838000405579805,snapshot only,0.0,0.0
shared_linear_n8_T128_s9401102,shared_linear,8,128,9401102,80,8,640,kronecker_shared_input_basis,1e-12,224,0.35,2.8,True,0.0005263999337330461,snapshot only,4.4421000567630424e-17,5.551115123125783e-17
shared_linear_n8_T128_s9401102,shared_linear,8,128,9401102,80,8,640,immediate_support_exact_slice_plus_svd_residual,1e-12,168,0.2625,2.1,True,4.309997893869877e-05,snapshot only,0.0,0.0
shared_linear_n8_T128_s9401102,shared_linear,8,128,9401102,80,8,640,local_eligibility_plus_svd_residual,1e-12,168,0.2625,2.1,True,3.829994238913059e-05,snapshot only,0.0,0.0
shared_linear_n8_T128_s9401103,shared_linear,8,128,9401103,80,8,640,full_matrix,1e-08,640,1.0,8.0,True,9.00006853044033e-07,online baseline,0.0,0.0
shared_linear_n8_T128_s9401103,shared_linear,8,128,9401103,80,8,640,coordinate_sparse,1e-08,160,0.25,2.0,True,1.989991869777441e-05,snapshot only,0.0,0.0
shared_linear_n8_T128_s9401103,shared_linear,8,128,9401103,80,8,640,block_sparse_triangular,1e-08,168,0.2625,2.1,True,6.330001633614302e-05,known closed online block recurrence,0.0,0.0
shared_linear_n8_T128_s9401103,shared_linear,8,128,9401103,80,8,640,shared_linear_factors,1e-08,17,0.0265625,0.2125,True,3.00002284348011e-07,known closed online shared recurrence,0.0,0.0
shared_linear_n8_T128_s9401103,shared_linear,8,128,9401103,80,8,640,global_svd,1e-08,704,1.1,8.8,True,0.00011270004324615002,snapshot only,1.031563185189781e-16,2.220446049250313e-16
shared_linear_n8_T128_s9401103,shared_linear,8,128,9401103,80,8,640,pivoted_qr_repeated_basis,1e-08,784,1.225,9.8,True,6.939994636923075e-05,snapshot only,0.0,0.0
shared_linear_n8_T128_s9401103,shared_linear,8,128,9401103,80,8,640,supported_group_factors,1e-08,664,1.0375,8.3,True,0.0007190000033006072,snapshot only,0.0,0.0
shared_linear_n8_T128_s9401103,shared_linear,8,128,9401103,80,8,640,owner_block_factors,1e-08,216,0.3375,2.7,True,0.001018499955534935,snapshot only,0.0,0.0
shared_linear_n8_T128_s9401103,shared_linear,8,128,9401103,80,8,640,kronecker_shared_input_basis,1e-08,224,0.35,2.8,True,0.0005493999924510717,snapshot only,9.133393383077893e-17,1.1102230246251565e-16
shared_linear_n8_T128_s9401103,shared_linear,8,128,9401103,80,8,640,immediate_support_exact_slice_plus_svd_residual,1e-08,168,0.2625,2.1,True,5.0200033001601696e-05,snapshot only,0.0,0.0
shared_linear_n8_T128_s9401103,shared_linear,8,128,9401103,80,8,640,local_eligibility_plus_svd_residual,1e-08,168,0.2625,2.1,True,4.109996370971203e-05,snapshot only,0.0,0.0
shared_linear_n8_T128_s9401103,shared_linear,8,128,9401103,80,8,640,global_svd,1e-10,704,1.1,8.8,True,7.479998748749495e-05,snapshot only,1.031563185189781e-16,2.220446049250313e-16
shared_linear_n8_T128_s9401103,shared_linear,8,128,9401103,80,8,640,pivoted_qr_repeated_basis,1e-10,784,1.225,9.8,True,5.989999044686556e-05,snapshot only,0.0,0.0
shared_linear_n8_T128_s9401103,shared_linear,8,128,9401103,80,8,640,supported_group_factors,1e-10,664,1.0375,8.3,True,0.0006136000156402588,snapshot only,0.0,0.0
shared_linear_n8_T128_s9401103,shared_linear,8,128,9401103,80,8,640,owner_block_factors,1e-10,216,0.3375,2.7,True,0.0010091000003740191,snapshot only,0.0,0.0
shared_linear_n8_T128_s9401103,shared_linear,8,128,9401103,80,8,640,kronecker_shared_input_basis,1e-10,224,0.35,2.8,True,0.0005390000296756625,snapshot only,9.133393383077893e-17,1.1102230246251565e-16
shared_linear_n8_T128_s9401103,shared_linear,8,128,9401103,80,8,640,immediate_support_exact_slice_plus_svd_residual,1e-10,168,0.2625,2.1,True,4.630000330507755e-05,snapshot only,0.0,0.0
shared_linear_n8_T128_s9401103,shared_linear,8,128,9401103,80,8,640,local_eligibility_plus_svd_residual,1e-10,168,0.2625,2.1,True,4.2199972085654736e-05,snapshot only,0.0,0.0
shared_linear_n8_T128_s9401103,shared_linear,8,128,9401103,80,8,640,global_svd,1e-12,704,1.1,8.8,True,7.049995474517345e-05,snapshot only,1.031563185189781e-16,2.220446049250313e-16
shared_linear_n8_T128_s9401103,shared_linear,8,128,9401103,80,8,640,pivoted_qr_repeated_basis,1e-12,784,1.225,9.8,True,5.200004670768976e-05,snapshot only,0.0,0.0
shared_linear_n8_T128_s9401103,shared_linear,8,128,9401103,80,8,640,supported_group_factors,1e-12,664,1.0375,8.3,True,0.000583500019274652,snapshot only,0.0,0.0
shared_linear_n8_T128_s9401103,shared_linear,8,128,9401103,80,8,640,owner_block_factors,1e-12,216,0.3375,2.7,True,0.0009985000360757113,snapshot only,0.0,0.0
shared_linear_n8_T128_s9401103,shared_linear,8,128,9401103,80,8,640,kronecker_shared_input_basis,1e-12,224,0.35,2.8,True,0.0005274999421089888,snapshot only,9.133393383077893e-17,1.1102230246251565e-16
shared_linear_n8_T128_s9401103,shared_linear,8,128,9401103,80,8,640,immediate_support_exact_slice_plus_svd_residual,1e-12,168,0.2625,2.1,True,4.3599982745945454e-05,snapshot only,0.0,0.0
shared_linear_n8_T128_s9401103,shared_linear,8,128,9401103,80,8,640,local_eligibility_plus_svd_residual,1e-12,168,0.2625,2.1,True,3.920006565749645e-05,snapshot only,0.0,0.0
shared_linear_n8_T128_s9401104,shared_linear,8,128,9401104,80,8,640,full_matrix,1e-08,640,1.0,8.0,True,7.00005330145359e-07,online baseline,0.0,0.0
shared_linear_n8_T128_s9401104,shared_linear,8,128,9401104,80,8,640,coordinate_sparse,1e-08,160,0.25,2.0,True,1.7400016076862812e-05,snapshot only,0.0,0.0
shared_linear_n8_T128_s9401104,shared_linear,8,128,9401104,80,8,640,block_sparse_triangular,1e-08,168,0.2625,2.1,True,6.38000201433897e-05,known closed online block recurrence,0.0,0.0
shared_linear_n8_T128_s9401104,shared_linear,8,128,9401104,80,8,640,shared_linear_factors,1e-08,17,0.0265625,0.2125,True,5.00003807246685e-07,known closed online shared recurrence,0.0,0.0
shared_linear_n8_T128_s9401104,shared_linear,8,128,9401104,80,8,640,global_svd,1e-08,704,1.1,8.8,True,0.00011429993901401758,snapshot only,1.1490547231429137e-16,2.220446049250313e-16
shared_linear_n8_T128_s9401104,shared_linear,8,128,9401104,80,8,640,pivoted_qr_repeated_basis,1e-08,784,1.225,9.8,True,6.410002242773771e-05,snapshot only,0.0,0.0
shared_linear_n8_T128_s9401104,shared_linear,8,128,9401104,80,8,640,supported_group_factors,1e-08,664,1.0375,8.3,True,0.0005917999660596251,snapshot only,0.0,0.0
shared_linear_n8_T128_s9401104,shared_linear,8,128,9401104,80,8,640,owner_block_factors,1e-08,216,0.3375,2.7,True,0.0010116000194102526,snapshot only,0.0,0.0
shared_linear_n8_T128_s9401104,shared_linear,8,128,9401104,80,8,640,kronecker_shared_input_basis,1e-08,224,0.35,2.8,True,0.0005632999818772078,snapshot only,1.0376588864498252e-16,2.7755575615628914e-16
shared_linear_n8_T128_s9401104,shared_linear,8,128,9401104,80,8,640,immediate_support_exact_slice_plus_svd_residual,1e-08,168,0.2625,2.1,True,4.740001168102026e-05,snapshot only,0.0,0.0
shared_linear_n8_T128_s9401104,shared_linear,8,128,9401104,80,8,640,local_eligibility_plus_svd_residual,1e-08,168,0.2625,2.1,True,3.96000687032938e-05,snapshot only,0.0,0.0
shared_linear_n8_T128_s9401104,shared_linear,8,128,9401104,80,8,640,global_svd,1e-10,704,1.1,8.8,True,0.00011290004476904869,snapshot only,1.1490547231429137e-16,2.220446049250313e-16
shared_linear_n8_T128_s9401104,shared_linear,8,128,9401104,80,8,640,pivoted_qr_repeated_basis,1e-10,784,1.225,9.8,True,6.490002851933241e-05,snapshot only,0.0,0.0
shared_linear_n8_T128_s9401104,shared_linear,8,128,9401104,80,8,640,supported_group_factors,1e-10,664,1.0375,8.3,True,0.0005896000657230616,snapshot only,0.0,0.0
shared_linear_n8_T128_s9401104,shared_linear,8,128,9401104,80,8,640,owner_block_factors,1e-10,216,0.3375,2.7,True,0.0011477000080049038,snapshot only,0.0,0.0
shared_linear_n8_T128_s9401104,shared_linear,8,128,9401104,80,8,640,kronecker_shared_input_basis,1e-10,224,0.35,2.8,True,0.0005579000571742654,snapshot only,1.0376588864498252e-16,2.7755575615628914e-16
shared_linear_n8_T128_s9401104,shared_linear,8,128,9401104,80,8,640,immediate_support_exact_slice_plus_svd_residual,1e-10,168,0.2625,2.1,True,4.549999721348286e-05,snapshot only,0.0,0.0
shared_linear_n8_T128_s9401104,shared_linear,8,128,9401104,80,8,640,local_eligibility_plus_svd_residual,1e-10,168,0.2625,2.1,True,3.790005575865507e-05,snapshot only,0.0,0.0
shared_linear_n8_T128_s9401104,shared_linear,8,128,9401104,80,8,640,global_svd,1e-12,704,1.1,8.8,True,6.859994027763605e-05,snapshot only,1.1490547231429137e-16,2.220446049250313e-16
shared_linear_n8_T128_s9401104,shared_linear,8,128,9401104,80,8,640,pivoted_qr_repeated_basis,1e-12,784,1.225,9.8,True,5.339994095265865e-05,snapshot only,0.0,0.0
shared_linear_n8_T128_s9401104,shared_linear,8,128,9401104,80,8,640,supported_group_factors,1e-12,664,1.0375,8.3,True,0.0005764999659731984,snapshot only,0.0,0.0
shared_linear_n8_T128_s9401104,shared_linear,8,128,9401104,80,8,640,owner_block_factors,1e-12,216,0.3375,2.7,True,0.0009613001020625234,snapshot only,0.0,0.0
shared_linear_n8_T128_s9401104,shared_linear,8,128,9401104,80,8,640,kronecker_shared_input_basis,1e-12,224,0.35,2.8,True,0.0005703999195247889,snapshot only,1.0376588864498252e-16,2.7755575615628914e-16
shared_linear_n8_T128_s9401104,shared_linear,8,128,9401104,80,8,640,immediate_support_exact_slice_plus_svd_residual,1e-12,168,0.2625,2.1,True,4.2100087739527225e-05,snapshot only,0.0,0.0
shared_linear_n8_T128_s9401104,shared_linear,8,128,9401104,80,8,640,local_eligibility_plus_svd_residual,1e-12,168,0.2625,2.1,True,3.7800054997205734e-05,snapshot only,0.0,0.0
shared_linear_n16_T32_s9401100,shared_linear,16,32,9401100,288,16,4608,full_matrix,1e-08,4608,1.0,16.0,True,7.00005330145359e-07,online baseline,0.0,0.0
shared_linear_n16_T32_s9401100,shared_linear,16,32,9401100,288,16,4608,coordinate_sparse,1e-08,576,0.125,2.0,True,1.819990575313568e-05,snapshot only,0.0,0.0
shared_linear_n16_T32_s9401100,shared_linear,16,32,9401100,288,16,4608,block_sparse_triangular,1e-08,592,0.1284722222222222,2.0555555555555554,True,0.00011920009274035692,known closed online block recurrence,0.0,0.0
shared_linear_n16_T32_s9401100,shared_linear,16,32,9401100,288,16,4608,shared_linear_factors,1e-08,33,0.007161458333333333,0.11458333333333333,True,3.00002284348011e-07,known closed online shared recurrence,0.0,0.0
shared_linear_n16_T32_s9401100,shared_linear,16,32,9401100,288,16,4608,global_svd,1e-08,4864,1.0555555555555556,16.88888888888889,True,0.00020250002853572369,snapshot only,1.3248272511055428e-16,2.498001805406602e-16
shared_linear_n16_T32_s9401100,shared_linear,16,32,9401100,288,16,4608,pivoted_qr_repeated_basis,1e-08,5152,1.1180555555555556,17.88888888888889,True,9.819993283599615e-05,snapshot only,0.0,0.0
shared_linear_n16_T32_s9401100,shared_linear,16,32,9401100,288,16,4608,supported_group_factors,1e-08,4656,1.0104166666666667,16.166666666666668,True,0.0015591999981552362,snapshot only,0.0,0.0
shared_linear_n16_T32_s9401100,shared_linear,16,32,9401100,288,16,4608,owner_block_factors,1e-08,816,0.17708333333333334,2.8333333333333335,True,0.0024352000327780843,snapshot only,0.0,0.0
shared_linear_n16_T32_s9401100,shared_linear,16,32,9401100,288,16,4608,kronecker_shared_input_basis,1e-08,832,0.18055555555555555,2.888888888888889,True,0.001359499990940094,snapshot only,1.6740298786987121e-16,3.3306690738754696e-16
shared_linear_n16_T32_s9401100,shared_linear,16,32,9401100,288,16,4608,immediate_support_exact_slice_plus_svd_residual,1e-08,592,0.1284722222222222,2.0555555555555554,True,7.389998063445091e-05,snapshot only,0.0,0.0
shared_linear_n16_T32_s9401100,shared_linear,16,32,9401100,288,16,4608,local_eligibility_plus_svd_residual,1e-08,592,0.1284722222222222,2.0555555555555554,True,6.500002928078175e-05,snapshot only,0.0,0.0
shared_linear_n16_T32_s9401100,shared_linear,16,32,9401100,288,16,4608,global_svd,1e-10,4864,1.0555555555555556,16.88888888888889,True,0.00014620006550103426,snapshot only,1.3248272511055428e-16,2.498001805406602e-16
shared_linear_n16_T32_s9401100,shared_linear,16,32,9401100,288,16,4608,pivoted_qr_repeated_basis,1e-10,5152,1.1180555555555556,17.88888888888889,True,8.969998452812433e-05,snapshot only,0.0,0.0
shared_linear_n16_T32_s9401100,shared_linear,16,32,9401100,288,16,4608,supported_group_factors,1e-10,4656,1.0104166666666667,16.166666666666668,True,0.0013810999225825071,snapshot only,0.0,0.0
shared_linear_n16_T32_s9401100,shared_linear,16,32,9401100,288,16,4608,owner_block_factors,1e-10,816,0.17708333333333334,2.8333333333333335,True,0.0022452999837696552,snapshot only,0.0,0.0
shared_linear_n16_T32_s9401100,shared_linear,16,32,9401100,288,16,4608,kronecker_shared_input_basis,1e-10,832,0.18055555555555555,2.888888888888889,True,0.0013586001005023718,snapshot only,1.6740298786987121e-16,3.3306690738754696e-16
shared_linear_n16_T32_s9401100,shared_linear,16,32,9401100,288,16,4608,immediate_support_exact_slice_plus_svd_residual,1e-10,592,0.1284722222222222,2.0555555555555554,True,0.00014779996126890182,snapshot only,0.0,0.0
shared_linear_n16_T32_s9401100,shared_linear,16,32,9401100,288,16,4608,local_eligibility_plus_svd_residual,1e-10,592,0.1284722222222222,2.0555555555555554,True,8.140003774315119e-05,snapshot only,0.0,0.0
shared_linear_n16_T32_s9401100,shared_linear,16,32,9401100,288,16,4608,global_svd,1e-12,4864,1.0555555555555556,16.88888888888889,True,0.00015470001380890608,snapshot only,1.3248272511055428e-16,2.498001805406602e-16
shared_linear_n16_T32_s9401100,shared_linear,16,32,9401100,288,16,4608,pivoted_qr_repeated_basis,1e-12,5152,1.1180555555555556,17.88888888888889,True,0.00010200007818639278,snapshot only,0.0,0.0
shared_linear_n16_T32_s9401100,shared_linear,16,32,9401100,288,16,4608,supported_group_factors,1e-12,4656,1.0104166666666667,16.166666666666668,True,0.0015527000650763512,snapshot only,0.0,0.0
shared_linear_n16_T32_s9401100,shared_linear,16,32,9401100,288,16,4608,owner_block_factors,1e-12,816,0.17708333333333334,2.8333333333333335,True,0.002580400090664625,snapshot only,0.0,0.0
shared_linear_n16_T32_s9401100,shared_linear,16,32,9401100,288,16,4608,kronecker_shared_input_basis,1e-12,832,0.18055555555555555,2.888888888888889,True,0.0015187999233603477,snapshot only,1.6740298786987121e-16,3.3306690738754696e-16
shared_linear_n16_T32_s9401100,shared_linear,16,32,9401100,288,16,4608,immediate_support_exact_slice_plus_svd_residual,1e-12,592,0.1284722222222222,2.0555555555555554,True,9.079999290406704e-05,snapshot only,0.0,0.0
shared_linear_n16_T32_s9401100,shared_linear,16,32,9401100,288,16,4608,local_eligibility_plus_svd_residual,1e-12,592,0.1284722222222222,2.0555555555555554,True,6.849993951618671e-05,snapshot only,0.0,0.0
shared_linear_n16_T32_s9401101,shared_linear,16,32,9401101,288,16,4608,full_matrix,1e-08,4608,1.0,16.0,True,1.00000761449337e-06,online baseline,0.0,0.0
shared_linear_n16_T32_s9401101,shared_linear,16,32,9401101,288,16,4608,coordinate_sparse,1e-08,576,0.125,2.0,True,2.180004958063364e-05,snapshot only,0.0,0.0
shared_linear_n16_T32_s9401101,shared_linear,16,32,9401101,288,16,4608,block_sparse_triangular,1e-08,592,0.1284722222222222,2.0555555555555554,True,0.00012960005551576614,known closed online block recurrence,0.0,0.0
shared_linear_n16_T32_s9401101,shared_linear,16,32,9401101,288,16,4608,shared_linear_factors,1e-08,33,0.007161458333333333,0.11458333333333333,True,5.00003807246685e-07,known closed online shared recurrence,0.0,0.0
shared_linear_n16_T32_s9401101,shared_linear,16,32,9401101,288,16,4608,global_svd,1e-08,4864,1.0555555555555556,16.88888888888889,True,0.00022199994418770075,snapshot only,1.2061866262504761e-16,3.0531133177191805e-16
shared_linear_n16_T32_s9401101,shared_linear,16,32,9401101,288,16,4608,pivoted_qr_repeated_basis,1e-08,5152,1.1180555555555556,17.88888888888889,True,0.00011180003639310598,snapshot only,0.0,0.0
shared_linear_n16_T32_s9401101,shared_linear,16,32,9401101,288,16,4608,supported_group_factors,1e-08,4656,1.0104166666666667,16.166666666666668,True,0.0016409000381827354,snapshot only,0.0,0.0
shared_linear_n16_T32_s9401101,shared_linear,16,32,9401101,288,16,4608,owner_block_factors,1e-08,816,0.17708333333333334,2.8333333333333335,True,0.0024120999732986093,snapshot only,0.0,0.0
shared_linear_n16_T32_s9401101,shared_linear,16,32,9401101,288,16,4608,kronecker_shared_input_basis,1e-08,832,0.18055555555555555,2.888888888888889,True,0.0015901000006124377,snapshot only,1.228445250804887e-16,2.7755575615628914e-16
shared_linear_n16_T32_s9401101,shared_linear,16,32,9401101,288,16,4608,immediate_support_exact_slice_plus_svd_residual,1e-08,592,0.1284722222222222,2.0555555555555554,True,9.14999982342124e-05,snapshot only,0.0,0.0
shared_linear_n16_T32_s9401101,shared_linear,16,32,9401101,288,16,4608,local_eligibility_plus_svd_residual,1e-08,592,0.1284722222222222,2.0555555555555554,True,0.00010870001278817654,snapshot only,0.0,0.0
shared_linear_n16_T32_s9401101,shared_linear,16,32,9401101,288,16,4608,global_svd,1e-10,4864,1.0555555555555556,16.88888888888889,True,0.0001634999644011259,snapshot only,1.2061866262504761e-16,3.0531133177191805e-16
shared_linear_n16_T32_s9401101,shared_linear,16,32,9401101,288,16,4608,pivoted_qr_repeated_basis,1e-10,5152,1.1180555555555556,17.88888888888889,True,9.480002336204052e-05,snapshot only,0.0,0.0
shared_linear_n16_T32_s9401101,shared_linear,16,32,9401101,288,16,4608,supported_group_factors,1e-10,4656,1.0104166666666667,16.166666666666668,True,0.001617699977941811,snapshot only,0.0,0.0
shared_linear_n16_T32_s9401101,shared_linear,16,32,9401101,288,16,4608,owner_block_factors,1e-10,816,0.17708333333333334,2.8333333333333335,True,0.0025231000036001205,snapshot only,0.0,0.0
shared_linear_n16_T32_s9401101,shared_linear,16,32,9401101,288,16,4608,kronecker_shared_input_basis,1e-10,832,0.18055555555555555,2.888888888888889,True,0.0014147000620141625,snapshot only,1.228445250804887e-16,2.7755575615628914e-16
shared_linear_n16_T32_s9401101,shared_linear,16,32,9401101,288,16,4608,immediate_support_exact_slice_plus_svd_residual,1e-10,592,0.1284722222222222,2.0555555555555554,True,8.420005906373262e-05,snapshot only,0.0,0.0
shared_linear_n16_T32_s9401101,shared_linear,16,32,9401101,288,16,4608,local_eligibility_plus_svd_residual,1e-10,592,0.1284722222222222,2.0555555555555554,True,9.009998757392168e-05,snapshot only,0.0,0.0
shared_linear_n16_T32_s9401101,shared_linear,16,32,9401101,288,16,4608,global_svd,1e-12,4864,1.0555555555555556,16.88888888888889,True,0.00017690006643533707,snapshot only,1.2061866262504761e-16,3.0531133177191805e-16
shared_linear_n16_T32_s9401101,shared_linear,16,32,9401101,288,16,4608,pivoted_qr_repeated_basis,1e-12,5152,1.1180555555555556,17.88888888888889,True,0.000112400040961802,snapshot only,0.0,0.0
shared_linear_n16_T32_s9401101,shared_linear,16,32,9401101,288,16,4608,supported_group_factors,1e-12,4656,1.0104166666666667,16.166666666666668,True,0.0017021000385284424,snapshot only,0.0,0.0
shared_linear_n16_T32_s9401101,shared_linear,16,32,9401101,288,16,4608,owner_block_factors,1e-12,816,0.17708333333333334,2.8333333333333335,True,0.002693300019018352,snapshot only,0.0,0.0
shared_linear_n16_T32_s9401101,shared_linear,16,32,9401101,288,16,4608,kronecker_shared_input_basis,1e-12,832,0.18055555555555555,2.888888888888889,True,0.0013836000580340624,snapshot only,1.228445250804887e-16,2.7755575615628914e-16
shared_linear_n16_T32_s9401101,shared_linear,16,32,9401101,288,16,4608,immediate_support_exact_slice_plus_svd_residual,1e-12,592,0.1284722222222222,2.0555555555555554,True,7.490010466426611e-05,snapshot only,0.0,0.0
shared_linear_n16_T32_s9401101,shared_linear,16,32,9401101,288,16,4608,local_eligibility_plus_svd_residual,1e-12,592,0.1284722222222222,2.0555555555555554,True,6.710004527121782e-05,snapshot only,0.0,0.0
shared_linear_n16_T32_s9401102,shared_linear,16,32,9401102,288,16,4608,full_matrix,1e-08,4608,1.0,16.0,True,6.00004568696022e-07,online baseline,0.0,0.0
shared_linear_n16_T32_s9401102,shared_linear,16,32,9401102,288,16,4608,coordinate_sparse,1e-08,576,0.125,2.0,True,1.950003206729889e-05,snapshot only,0.0,0.0
shared_linear_n16_T32_s9401102,shared_linear,16,32,9401102,288,16,4608,block_sparse_triangular,1e-08,592,0.1284722222222222,2.0555555555555554,True,0.00011729996185749769,known closed online block recurrence,0.0,0.0
shared_linear_n16_T32_s9401102,shared_linear,16,32,9401102,288,16,4608,shared_linear_factors,1e-08,33,0.007161458333333333,0.11458333333333333,True,4.00003045797348e-07,known closed online shared recurrence,0.0,0.0
shared_linear_n16_T32_s9401102,shared_linear,16,32,9401102,288,16,4608,global_svd,1e-08,4864,1.0555555555555556,16.88888888888889,True,0.00018550001550465822,snapshot only,1.365829613731207e-16,2.393918396847994e-16
shared_linear_n16_T32_s9401102,shared_linear,16,32,9401102,288,16,4608,pivoted_qr_repeated_basis,1e-08,5152,1.1180555555555556,17.88888888888889,True,9.580003097653389e-05,snapshot only,0.0,0.0
shared_linear_n16_T32_s9401102,shared_linear,16,32,9401102,288,16,4608,supported_group_factors,1e-08,4656,1.0104166666666667,16.166666666666668,True,0.0015303000109270215,snapshot only,0.0,0.0
shared_linear_n16_T32_s9401102,shared_linear,16,32,9401102,288,16,4608,owner_block_factors,1e-08,816,0.17708333333333334,2.8333333333333335,True,0.0023707000073045492,snapshot only,0.0,0.0
shared_linear_n16_T32_s9401102,shared_linear,16,32,9401102,288,16,4608,kronecker_shared_input_basis,1e-08,832,0.18055555555555555,2.888888888888889,True,0.0013559999642893672,snapshot only,7.812548437853885e-17,8.326672684688674e-17
shared_linear_n16_T32_s9401102,shared_linear,16,32,9401102,288,16,4608,immediate_support_exact_slice_plus_svd_residual,1e-08,592,0.1284722222222222,2.0555555555555554,True,7.339997682720423e-05,snapshot only,0.0,0.0
shared_linear_n16_T32_s9401102,shared_linear,16,32,9401102,288,16,4608,local_eligibility_plus_svd_residual,1e-08,592,0.1284722222222222,2.0555555555555554,True,6.430002395063639e-05,snapshot only,0.0,0.0
shared_linear_n16_T32_s9401102,shared_linear,16,32,9401102,288,16,4608,global_svd,1e-10,4864,1.0555555555555556,16.88888888888889,True,0.00014350004494190216,snapshot only,1.365829613731207e-16,2.393918396847994e-16
shared_linear_n16_T32_s9401102,shared_linear,16,32,9401102,288,16,4608,pivoted_qr_repeated_basis,1e-10,5152,1.1180555555555556,17.88888888888889,True,8.709996473044157e-05,snapshot only,0.0,0.0
shared_linear_n16_T32_s9401102,shared_linear,16,32,9401102,288,16,4608,supported_group_factors,1e-10,4656,1.0104166666666667,16.166666666666668,True,0.0013854000717401505,snapshot only,0.0,0.0
shared_linear_n16_T32_s9401102,shared_linear,16,32,9401102,288,16,4608,owner_block_factors,1e-10,816,0.17708333333333334,2.8333333333333335,True,0.0022265000734478235,snapshot only,0.0,0.0
shared_linear_n16_T32_s9401102,shared_linear,16,32,9401102,288,16,4608,kronecker_shared_input_basis,1e-10,832,0.18055555555555555,2.888888888888889,True,0.0013278999831527472,snapshot only,7.812548437853885e-17,8.326672684688674e-17
shared_linear_n16_T32_s9401102,shared_linear,16,32,9401102,288,16,4608,immediate_support_exact_slice_plus_svd_residual,1e-10,592,0.1284722222222222,2.0555555555555554,True,0.00011359993368387222,snapshot only,0.0,0.0
shared_linear_n16_T32_s9401102,shared_linear,16,32,9401102,288,16,4608,local_eligibility_plus_svd_residual,1e-10,592,0.1284722222222222,2.0555555555555554,True,7.050007116049528e-05,snapshot only,0.0,0.0
shared_linear_n16_T32_s9401102,shared_linear,16,32,9401102,288,16,4608,global_svd,1e-12,4864,1.0555555555555556,16.88888888888889,True,0.00014730007387697697,snapshot only,1.365829613731207e-16,2.393918396847994e-16
shared_linear_n16_T32_s9401102,shared_linear,16,32,9401102,288,16,4608,pivoted_qr_repeated_basis,1e-12,5152,1.1180555555555556,17.88888888888889,True,8.740008343011141e-05,snapshot only,0.0,0.0
shared_linear_n16_T32_s9401102,shared_linear,16,32,9401102,288,16,4608,supported_group_factors,1e-12,4656,1.0104166666666667,16.166666666666668,True,0.0013963000383228064,snapshot only,0.0,0.0
shared_linear_n16_T32_s9401102,shared_linear,16,32,9401102,288,16,4608,owner_block_factors,1e-12,816,0.17708333333333334,2.8333333333333335,True,0.002251400030218065,snapshot only,0.0,0.0
shared_linear_n16_T32_s9401102,shared_linear,16,32,9401102,288,16,4608,kronecker_shared_input_basis,1e-12,832,0.18055555555555555,2.888888888888889,True,0.001344099990092218,snapshot only,7.812548437853885e-17,8.326672684688674e-17
shared_linear_n16_T32_s9401102,shared_linear,16,32,9401102,288,16,4608,immediate_support_exact_slice_plus_svd_residual,1e-12,592,0.1284722222222222,2.0555555555555554,True,7.219996768981218e-05,snapshot only,0.0,0.0
shared_linear_n16_T32_s9401102,shared_linear,16,32,9401102,288,16,4608,local_eligibility_plus_svd_residual,1e-12,592,0.1284722222222222,2.0555555555555554,True,6.390002090483904e-05,snapshot only,0.0,0.0
shared_linear_n16_T32_s9401103,shared_linear,16,32,9401103,288,16,4608,full_matrix,1e-08,4608,1.0,16.0,True,8.00006091594696e-07,online baseline,0.0,0.0
shared_linear_n16_T32_s9401103,shared_linear,16,32,9401103,288,16,4608,coordinate_sparse,1e-08,576,0.125,2.0,True,1.8300022929906845e-05,snapshot only,0.0,0.0
shared_linear_n16_T32_s9401103,shared_linear,16,32,9401103,288,16,4608,block_sparse_triangular,1e-08,592,0.1284722222222222,2.0555555555555554,True,0.00011619995348155499,known closed online block recurrence,0.0,0.0
shared_linear_n16_T32_s9401103,shared_linear,16,32,9401103,288,16,4608,shared_linear_factors,1e-08,33,0.007161458333333333,0.11458333333333333,True,3.00002284348011e-07,known closed online shared recurrence,0.0,0.0
shared_linear_n16_T32_s9401103,shared_linear,16,32,9401103,288,16,4608,global_svd,1e-08,4864,1.0555555555555556,16.88888888888889,True,0.00022629997693002224,snapshot only,1.3243350790472689e-16,4.440892098500626e-16
shared_linear_n16_T32_s9401103,shared_linear,16,32,9401103,288,16,4608,pivoted_qr_repeated_basis,1e-08,5152,1.1180555555555556,17.88888888888889,True,0.00010259996633976698,snapshot only,0.0,0.0
shared_linear_n16_T32_s9401103,shared_linear,16,32,9401103,288,16,4608,supported_group_factors,1e-08,4656,1.0104166666666667,16.166666666666668,True,0.001818199991248548,snapshot only,0.0,0.0
shared_linear_n16_T32_s9401103,shared_linear,16,32,9401103,288,16,4608,owner_block_factors,1e-08,816,0.17708333333333334,2.8333333333333335,True,0.00253220007289201,snapshot only,0.0,0.0
shared_linear_n16_T32_s9401103,shared_linear,16,32,9401103,288,16,4608,kronecker_shared_input_basis,1e-08,832,0.18055555555555555,2.888888888888889,True,0.0015881999861449003,snapshot only,1.6318476241391095e-16,3.885780586188048e-16
shared_linear_n16_T32_s9401103,shared_linear,16,32,9401103,288,16,4608,immediate_support_exact_slice_plus_svd_residual,1e-08,592,0.1284722222222222,2.0555555555555554,True,8.759996853768826e-05,snapshot only,0.0,0.0
shared_linear_n16_T32_s9401103,shared_linear,16,32,9401103,288,16,4608,local_eligibility_plus_svd_residual,1e-08,592,0.1284722222222222,2.0555555555555554,True,0.00011230004020035267,snapshot only,0.0,0.0
shared_linear_n16_T32_s9401103,shared_linear,16,32,9401103,288,16,4608,global_svd,1e-10,4864,1.0555555555555556,16.88888888888889,True,0.0001537000061944127,snapshot only,1.3243350790472689e-16,4.440892098500626e-16
shared_linear_n16_T32_s9401103,shared_linear,16,32,9401103,288,16,4608,pivoted_qr_repeated_basis,1e-10,5152,1.1180555555555556,17.88888888888889,True,0.00010369997471570969,snapshot only,0.0,0.0
shared_linear_n16_T32_s9401103,shared_linear,16,32,9401103,288,16,4608,supported_group_factors,1e-10,4656,1.0104166666666667,16.166666666666668,True,0.0015112999826669693,snapshot only,0.0,0.0
shared_linear_n16_T32_s9401103,shared_linear,16,32,9401103,288,16,4608,owner_block_factors,1e-10,816,0.17708333333333334,2.8333333333333335,True,0.0023895000340417027,snapshot only,0.0,0.0
shared_linear_n16_T32_s9401103,shared_linear,16,32,9401103,288,16,4608,kronecker_shared_input_basis,1e-10,832,0.18055555555555555,2.888888888888889,True,0.0014390000142157078,snapshot only,1.6318476241391095e-16,3.885780586188048e-16
shared_linear_n16_T32_s9401103,shared_linear,16,32,9401103,288,16,4608,immediate_support_exact_slice_plus_svd_residual,1e-10,592,0.1284722222222222,2.0555555555555554,True,8.080003317445517e-05,snapshot only,0.0,0.0
shared_linear_n16_T32_s9401103,shared_linear,16,32,9401103,288,16,4608,local_eligibility_plus_svd_residual,1e-10,592,0.1284722222222222,2.0555555555555554,True,7.399998139590025e-05,snapshot only,0.0,0.0
shared_linear_n16_T32_s9401103,shared_linear,16,32,9401103,288,16,4608,global_svd,1e-12,4864,1.0555555555555556,16.88888888888889,True,0.00015850004274398088,snapshot only,1.3243350790472689e-16,4.440892098500626e-16
shared_linear_n16_T32_s9401103,shared_linear,16,32,9401103,288,16,4608,pivoted_qr_repeated_basis,1e-12,5152,1.1180555555555556,17.88888888888889,True,0.00010119995567947626,snapshot only,0.0,0.0
shared_linear_n16_T32_s9401103,shared_linear,16,32,9401103,288,16,4608,supported_group_factors,1e-12,4656,1.0104166666666667,16.166666666666668,True,0.0018755999626591802,snapshot only,0.0,0.0
shared_linear_n16_T32_s9401103,shared_linear,16,32,9401103,288,16,4608,owner_block_factors,1e-12,816,0.17708333333333334,2.8333333333333335,True,0.002480900031514466,snapshot only,0.0,0.0
shared_linear_n16_T32_s9401103,shared_linear,16,32,9401103,288,16,4608,kronecker_shared_input_basis,1e-12,832,0.18055555555555555,2.888888888888889,True,0.0014170999638736248,snapshot only,1.6318476241391095e-16,3.885780586188048e-16
shared_linear_n16_T32_s9401103,shared_linear,16,32,9401103,288,16,4608,immediate_support_exact_slice_plus_svd_residual,1e-12,592,0.1284722222222222,2.0555555555555554,True,9.34000127017498e-05,snapshot only,0.0,0.0
shared_linear_n16_T32_s9401103,shared_linear,16,32,9401103,288,16,4608,local_eligibility_plus_svd_residual,1e-12,592,0.1284722222222222,2.0555555555555554,True,7.940002251416445e-05,snapshot only,0.0,0.0
shared_linear_n16_T32_s9401104,shared_linear,16,32,9401104,288,16,4608,full_matrix,1e-08,4608,1.0,16.0,True,6.00004568696022e-07,online baseline,0.0,0.0
shared_linear_n16_T32_s9401104,shared_linear,16,32,9401104,288,16,4608,coordinate_sparse,1e-08,576,0.125,2.0,True,1.659989356994629e-05,snapshot only,0.0,0.0
shared_linear_n16_T32_s9401104,shared_linear,16,32,9401104,288,16,4608,block_sparse_triangular,1e-08,592,0.1284722222222222,2.0555555555555554,True,0.00017969997134059668,known closed online block recurrence,0.0,0.0
shared_linear_n16_T32_s9401104,shared_linear,16,32,9401104,288,16,4608,shared_linear_factors,1e-08,33,0.007161458333333333,0.11458333333333333,True,6.00004568696022e-07,known closed online shared recurrence,0.0,0.0
shared_linear_n16_T32_s9401104,shared_linear,16,32,9401104,288,16,4608,global_svd,1e-08,4864,1.0555555555555556,16.88888888888889,True,0.00019479996990412474,snapshot only,1.5328397972981834e-16,2.220446049250313e-16
shared_linear_n16_T32_s9401104,shared_linear,16,32,9401104,288,16,4608,pivoted_qr_repeated_basis,1e-08,5152,1.1180555555555556,17.88888888888889,True,9.790004696696997e-05,snapshot only,0.0,0.0
shared_linear_n16_T32_s9401104,shared_linear,16,32,9401104,288,16,4608,supported_group_factors,1e-08,4656,1.0104166666666667,16.166666666666668,True,0.0014729999238625169,snapshot only,0.0,0.0
shared_linear_n16_T32_s9401104,shared_linear,16,32,9401104,288,16,4608,owner_block_factors,1e-08,816,0.17708333333333334,2.8333333333333335,True,0.0022878999589011073,snapshot only,0.0,0.0
shared_linear_n16_T32_s9401104,shared_linear,16,32,9401104,288,16,4608,kronecker_shared_input_basis,1e-08,832,0.18055555555555555,2.888888888888889,True,0.0013508000411093235,snapshot only,3.04937493670167e-16,7.216449660063518e-16
shared_linear_n16_T32_s9401104,shared_linear,16,32,9401104,288,16,4608,immediate_support_exact_slice_plus_svd_residual,1e-08,592,0.1284722222222222,2.0555555555555554,True,8.17000400274992e-05,snapshot only,0.0,0.0
shared_linear_n16_T32_s9401104,shared_linear,16,32,9401104,288,16,4608,local_eligibility_plus_svd_residual,1e-08,592,0.1284722222222222,2.0555555555555554,True,6.57000346109271e-05,snapshot only,0.0,0.0
shared_linear_n16_T32_s9401104,shared_linear,16,32,9401104,288,16,4608,global_svd,1e-10,4864,1.0555555555555556,16.88888888888889,True,0.00014349992852658033,snapshot only,1.5328397972981834e-16,2.220446049250313e-16
shared_linear_n16_T32_s9401104,shared_linear,16,32,9401104,288,16,4608,pivoted_qr_repeated_basis,1e-10,5152,1.1180555555555556,17.88888888888889,True,9.029998909682035e-05,snapshot only,0.0,0.0
shared_linear_n16_T32_s9401104,shared_linear,16,32,9401104,288,16,4608,supported_group_factors,1e-10,4656,1.0104166666666667,16.166666666666668,True,0.0013846000656485558,snapshot only,0.0,0.0
shared_linear_n16_T32_s9401104,shared_linear,16,32,9401104,288,16,4608,owner_block_factors,1e-10,816,0.17708333333333334,2.8333333333333335,True,0.002235699910670519,snapshot only,0.0,0.0
shared_linear_n16_T32_s9401104,shared_linear,16,32,9401104,288,16,4608,kronecker_shared_input_basis,1e-10,832,0.18055555555555555,2.888888888888889,True,0.0013680000556632876,snapshot only,3.04937493670167e-16,7.216449660063518e-16
shared_linear_n16_T32_s9401104,shared_linear,16,32,9401104,288,16,4608,immediate_support_exact_slice_plus_svd_residual,1e-10,592,0.1284722222222222,2.0555555555555554,True,7.459998596459627e-05,snapshot only,0.0,0.0
shared_linear_n16_T32_s9401104,shared_linear,16,32,9401104,288,16,4608,local_eligibility_plus_svd_residual,1e-10,592,0.1284722222222222,2.0555555555555554,True,7.080007344484329e-05,snapshot only,0.0,0.0
shared_linear_n16_T32_s9401104,shared_linear,16,32,9401104,288,16,4608,global_svd,1e-12,4864,1.0555555555555556,16.88888888888889,True,0.00015029998030513525,snapshot only,1.5328397972981834e-16,2.220446049250313e-16
shared_linear_n16_T32_s9401104,shared_linear,16,32,9401104,288,16,4608,pivoted_qr_repeated_basis,1e-12,5152,1.1180555555555556,17.88888888888889,True,8.939998224377632e-05,snapshot only,0.0,0.0
shared_linear_n16_T32_s9401104,shared_linear,16,32,9401104,288,16,4608,supported_group_factors,1e-12,4656,1.0104166666666667,16.166666666666668,True,0.0016739999409765005,snapshot only,0.0,0.0
shared_linear_n16_T32_s9401104,shared_linear,16,32,9401104,288,16,4608,owner_block_factors,1e-12,816,0.17708333333333334,2.8333333333333335,True,0.0024151999969035387,snapshot only,0.0,0.0
shared_linear_n16_T32_s9401104,shared_linear,16,32,9401104,288,16,4608,kronecker_shared_input_basis,1e-12,832,0.18055555555555555,2.888888888888889,True,0.0014087000163272023,snapshot only,3.04937493670167e-16,7.216449660063518e-16
shared_linear_n16_T32_s9401104,shared_linear,16,32,9401104,288,16,4608,immediate_support_exact_slice_plus_svd_residual,1e-12,592,0.1284722222222222,2.0555555555555554,True,7.349997758865356e-05,snapshot only,0.0,0.0
shared_linear_n16_T32_s9401104,shared_linear,16,32,9401104,288,16,4608,local_eligibility_plus_svd_residual,1e-12,592,0.1284722222222222,2.0555555555555554,True,6.480002775788307e-05,snapshot only,0.0,0.0
shared_linear_n16_T128_s9401100,shared_linear,16,128,9401100,288,16,4608,full_matrix,1e-08,4608,1.0,16.0,True,6.00004568696022e-07,online baseline,0.0,0.0
shared_linear_n16_T128_s9401100,shared_linear,16,128,9401100,288,16,4608,coordinate_sparse,1e-08,576,0.125,2.0,True,1.8600025214254856e-05,snapshot only,0.0,0.0
shared_linear_n16_T128_s9401100,shared_linear,16,128,9401100,288,16,4608,block_sparse_triangular,1e-08,592,0.1284722222222222,2.0555555555555554,True,0.00011749996338039637,known closed online block recurrence,0.0,0.0
shared_linear_n16_T128_s9401100,shared_linear,16,128,9401100,288,16,4608,shared_linear_factors,1e-08,33,0.007161458333333333,0.11458333333333333,True,3.00002284348011e-07,known closed online shared recurrence,0.0,0.0
shared_linear_n16_T128_s9401100,shared_linear,16,128,9401100,288,16,4608,global_svd,1e-08,4864,1.0555555555555556,16.88888888888889,True,0.00020510004833340645,snapshot only,1.4145253072057427e-16,4.440892098500626e-16
shared_linear_n16_T128_s9401100,shared_linear,16,128,9401100,288,16,4608,pivoted_qr_repeated_basis,1e-08,5152,1.1180555555555556,17.88888888888889,True,0.00010089995339512825,snapshot only,0.0,0.0
shared_linear_n16_T128_s9401100,shared_linear,16,128,9401100,288,16,4608,supported_group_factors,1e-08,4656,1.0104166666666667,16.166666666666668,True,0.0015217000618577003,snapshot only,0.0,0.0
shared_linear_n16_T128_s9401100,shared_linear,16,128,9401100,288,16,4608,owner_block_factors,1e-08,816,0.17708333333333334,2.8333333333333335,True,0.0023082999978214502,snapshot only,0.0,0.0
shared_linear_n16_T128_s9401100,shared_linear,16,128,9401100,288,16,4608,kronecker_shared_input_basis,1e-08,832,0.18055555555555555,2.888888888888889,True,0.0013608000008389354,snapshot only,1.1499316758962243e-16,1.942890293094024e-16
shared_linear_n16_T128_s9401100,shared_linear,16,128,9401100,288,16,4608,immediate_support_exact_slice_plus_svd_residual,1e-08,592,0.1284722222222222,2.0555555555555554,True,7.830001413822174e-05,snapshot only,0.0,0.0
shared_linear_n16_T128_s9401100,shared_linear,16,128,9401100,288,16,4608,local_eligibility_plus_svd_residual,1e-08,592,0.1284722222222222,2.0555555555555554,True,6.84000551700592e-05,snapshot only,0.0,0.0
shared_linear_n16_T128_s9401100,shared_linear,16,128,9401100,288,16,4608,global_svd,1e-10,4864,1.0555555555555556,16.88888888888889,True,0.00014849996659904718,snapshot only,1.4145253072057427e-16,4.440892098500626e-16
shared_linear_n16_T128_s9401100,shared_linear,16,128,9401100,288,16,4608,pivoted_qr_repeated_basis,1e-10,5152,1.1180555555555556,17.88888888888889,True,9.390001650899649e-05,snapshot only,0.0,0.0
shared_linear_n16_T128_s9401100,shared_linear,16,128,9401100,288,16,4608,supported_group_factors,1e-10,4656,1.0104166666666667,16.166666666666668,True,0.0014199999859556556,snapshot only,0.0,0.0
shared_linear_n16_T128_s9401100,shared_linear,16,128,9401100,288,16,4608,owner_block_factors,1e-10,816,0.17708333333333334,2.8333333333333335,True,0.0027421999257057905,snapshot only,0.0,0.0
shared_linear_n16_T128_s9401100,shared_linear,16,128,9401100,288,16,4608,kronecker_shared_input_basis,1e-10,832,0.18055555555555555,2.888888888888889,True,0.0013911999994888902,snapshot only,1.1499316758962243e-16,1.942890293094024e-16
shared_linear_n16_T128_s9401100,shared_linear,16,128,9401100,288,16,4608,immediate_support_exact_slice_plus_svd_residual,1e-10,592,0.1284722222222222,2.0555555555555554,True,7.559999357908964e-05,snapshot only,0.0,0.0
shared_linear_n16_T128_s9401100,shared_linear,16,128,9401100,288,16,4608,local_eligibility_plus_svd_residual,1e-10,592,0.1284722222222222,2.0555555555555554,True,7.079995702952147e-05,snapshot only,0.0,0.0
shared_linear_n16_T128_s9401100,shared_linear,16,128,9401100,288,16,4608,global_svd,1e-12,4864,1.0555555555555556,16.88888888888889,True,0.00014849996659904718,snapshot only,1.4145253072057427e-16,4.440892098500626e-16
shared_linear_n16_T128_s9401100,shared_linear,16,128,9401100,288,16,4608,pivoted_qr_repeated_basis,1e-12,5152,1.1180555555555556,17.88888888888889,True,9.419990237802267e-05,snapshot only,0.0,0.0
shared_linear_n16_T128_s9401100,shared_linear,16,128,9401100,288,16,4608,supported_group_factors,1e-12,4656,1.0104166666666667,16.166666666666668,True,0.0013903999933972955,snapshot only,0.0,0.0
shared_linear_n16_T128_s9401100,shared_linear,16,128,9401100,288,16,4608,owner_block_factors,1e-12,816,0.17708333333333334,2.8333333333333335,True,0.0022311999928206205,snapshot only,0.0,0.0
shared_linear_n16_T128_s9401100,shared_linear,16,128,9401100,288,16,4608,kronecker_shared_input_basis,1e-12,832,0.18055555555555555,2.888888888888889,True,0.0013510000426322222,snapshot only,1.1499316758962243e-16,1.942890293094024e-16
shared_linear_n16_T128_s9401100,shared_linear,16,128,9401100,288,16,4608,immediate_support_exact_slice_plus_svd_residual,1e-12,592,0.1284722222222222,2.0555555555555554,True,7.330009248107672e-05,snapshot only,0.0,0.0
shared_linear_n16_T128_s9401100,shared_linear,16,128,9401100,288,16,4608,local_eligibility_plus_svd_residual,1e-12,592,0.1284722222222222,2.0555555555555554,True,6.799993570894003e-05,snapshot only,0.0,0.0
shared_linear_n16_T128_s9401101,shared_linear,16,128,9401101,288,16,4608,full_matrix,1e-08,4608,1.0,16.0,True,6.00004568696022e-07,online baseline,0.0,0.0
shared_linear_n16_T128_s9401101,shared_linear,16,128,9401101,288,16,4608,coordinate_sparse,1e-08,576,0.125,2.0,True,1.810002140700817e-05,snapshot only,0.0,0.0
shared_linear_n16_T128_s9401101,shared_linear,16,128,9401101,288,16,4608,block_sparse_triangular,1e-08,592,0.1284722222222222,2.0555555555555554,True,0.0001202999847009778,known closed online block recurrence,0.0,0.0
shared_linear_n16_T128_s9401101,shared_linear,16,128,9401101,288,16,4608,shared_linear_factors,1e-08,33,0.007161458333333333,0.11458333333333333,True,3.00002284348011e-07,known closed online shared recurrence,0.0,0.0
shared_linear_n16_T128_s9401101,shared_linear,16,128,9401101,288,16,4608,global_svd,1e-08,4864,1.0555555555555556,16.88888888888889,True,0.00021399999968707561,snapshot only,1.1108521171425171e-16,2.7755575615628914e-16
shared_linear_n16_T128_s9401101,shared_linear,16,128,9401101,288,16,4608,pivoted_qr_repeated_basis,1e-08,5152,1.1180555555555556,17.88888888888889,True,0.00010089995339512825,snapshot only,0.0,0.0
shared_linear_n16_T128_s9401101,shared_linear,16,128,9401101,288,16,4608,supported_group_factors,1e-08,4656,1.0104166666666667,16.166666666666668,True,0.0014526000013574958,snapshot only,0.0,0.0
shared_linear_n16_T128_s9401101,shared_linear,16,128,9401101,288,16,4608,owner_block_factors,1e-08,816,0.17708333333333334,2.8333333333333335,True,0.002295500016771257,snapshot only,0.0,0.0
shared_linear_n16_T128_s9401101,shared_linear,16,128,9401101,288,16,4608,kronecker_shared_input_basis,1e-08,832,0.18055555555555555,2.888888888888889,True,0.0014146999455988407,snapshot only,1.3505338747306607e-16,3.3306690738754696e-16
shared_linear_n16_T128_s9401101,shared_linear,16,128,9401101,288,16,4608,immediate_support_exact_slice_plus_svd_residual,1e-08,592,0.1284722222222222,2.0555555555555554,True,7.690000347793102e-05,snapshot only,0.0,0.0
shared_linear_n16_T128_s9401101,shared_linear,16,128,9401101,288,16,4608,local_eligibility_plus_svd_residual,1e-08,592,0.1284722222222222,2.0555555555555554,True,7.060007192194462e-05,snapshot only,0.0,0.0
shared_linear_n16_T128_s9401101,shared_linear,16,128,9401101,288,16,4608,global_svd,1e-10,4864,1.0555555555555556,16.88888888888889,True,0.00014729995746165514,snapshot only,1.1108521171425171e-16,2.7755575615628914e-16
shared_linear_n16_T128_s9401101,shared_linear,16,128,9401101,288,16,4608,pivoted_qr_repeated_basis,1e-10,5152,1.1180555555555556,17.88888888888889,True,9.370001498609781e-05,snapshot only,0.0,0.0
shared_linear_n16_T128_s9401101,shared_linear,16,128,9401101,288,16,4608,supported_group_factors,1e-10,4656,1.0104166666666667,16.166666666666668,True,0.0018478999845683575,snapshot only,0.0,0.0
shared_linear_n16_T128_s9401101,shared_linear,16,128,9401101,288,16,4608,owner_block_factors,1e-10,816,0.17708333333333334,2.8333333333333335,True,0.0024255000753328204,snapshot only,0.0,0.0
shared_linear_n16_T128_s9401101,shared_linear,16,128,9401101,288,16,4608,kronecker_shared_input_basis,1e-10,832,0.18055555555555555,2.888888888888889,True,0.0014421999221667647,snapshot only,1.3505338747306607e-16,3.3306690738754696e-16
shared_linear_n16_T128_s9401101,shared_linear,16,128,9401101,288,16,4608,immediate_support_exact_slice_plus_svd_residual,1e-10,592,0.1284722222222222,2.0555555555555554,True,0.00010199996177107096,snapshot only,0.0,0.0
shared_linear_n16_T128_s9401101,shared_linear,16,128,9401101,288,16,4608,local_eligibility_plus_svd_residual,1e-10,592,0.1284722222222222,2.0555555555555554,True,7.539999205619097e-05,snapshot only,0.0,0.0
shared_linear_n16_T128_s9401101,shared_linear,16,128,9401101,288,16,4608,global_svd,1e-12,4864,1.0555555555555556,16.88888888888889,True,0.00014730007387697697,snapshot only,1.1108521171425171e-16,2.7755575615628914e-16
shared_linear_n16_T128_s9401101,shared_linear,16,128,9401101,288,16,4608,pivoted_qr_repeated_basis,1e-12,5152,1.1180555555555556,17.88888888888889,True,9.93999419733882e-05,snapshot only,0.0,0.0
shared_linear_n16_T128_s9401101,shared_linear,16,128,9401101,288,16,4608,supported_group_factors,1e-12,4656,1.0104166666666667,16.166666666666668,True,0.0014037999790161848,snapshot only,0.0,0.0
shared_linear_n16_T128_s9401101,shared_linear,16,128,9401101,288,16,4608,owner_block_factors,1e-12,816,0.17708333333333334,2.8333333333333335,True,0.002548100077547133,snapshot only,0.0,0.0
shared_linear_n16_T128_s9401101,shared_linear,16,128,9401101,288,16,4608,kronecker_shared_input_basis,1e-12,832,0.18055555555555555,2.888888888888889,True,0.0013781000161543489,snapshot only,1.3505338747306607e-16,3.3306690738754696e-16
shared_linear_n16_T128_s9401101,shared_linear,16,128,9401101,288,16,4608,immediate_support_exact_slice_plus_svd_residual,1e-12,592,0.1284722222222222,2.0555555555555554,True,0.00012969993986189365,snapshot only,0.0,0.0
shared_linear_n16_T128_s9401101,shared_linear,16,128,9401101,288,16,4608,local_eligibility_plus_svd_residual,1e-12,592,0.1284722222222222,2.0555555555555554,True,8.640007581561804e-05,snapshot only,0.0,0.0
shared_linear_n16_T128_s9401102,shared_linear,16,128,9401102,288,16,4608,full_matrix,1e-08,4608,1.0,16.0,True,6.00004568696022e-07,online baseline,0.0,0.0
shared_linear_n16_T128_s9401102,shared_linear,16,128,9401102,288,16,4608,coordinate_sparse,1e-08,576,0.125,2.0,True,1.4999997802078724e-05,snapshot only,0.0,0.0
shared_linear_n16_T128_s9401102,shared_linear,16,128,9401102,288,16,4608,block_sparse_triangular,1e-08,592,0.1284722222222222,2.0555555555555554,True,0.00011490005999803543,known closed online block recurrence,0.0,0.0
shared_linear_n16_T128_s9401102,shared_linear,16,128,9401102,288,16,4608,shared_linear_factors,1e-08,33,0.007161458333333333,0.11458333333333333,True,4.00003045797348e-07,known closed online shared recurrence,0.0,0.0
shared_linear_n16_T128_s9401102,shared_linear,16,128,9401102,288,16,4608,global_svd,1e-08,4864,1.0555555555555556,16.88888888888889,True,0.0002484000287950039,snapshot only,1.418792614795137e-16,2.498001805406602e-16
shared_linear_n16_T128_s9401102,shared_linear,16,128,9401102,288,16,4608,pivoted_qr_repeated_basis,1e-08,5152,1.1180555555555556,17.88888888888889,True,0.00010480009950697422,snapshot only,0.0,0.0
shared_linear_n16_T128_s9401102,shared_linear,16,128,9401102,288,16,4608,supported_group_factors,1e-08,4656,1.0104166666666667,16.166666666666668,True,0.0014114000368863344,snapshot only,0.0,0.0
shared_linear_n16_T128_s9401102,shared_linear,16,128,9401102,288,16,4608,owner_block_factors,1e-08,816,0.17708333333333334,2.8333333333333335,True,0.0024829000467434525,snapshot only,0.0,0.0
shared_linear_n16_T128_s9401102,shared_linear,16,128,9401102,288,16,4608,kronecker_shared_input_basis,1e-08,832,0.18055555555555555,2.888888888888889,True,0.0013948000269010663,snapshot only,6.811926939029933e-17,8.326672684688674e-17
shared_linear_n16_T128_s9401102,shared_linear,16,128,9401102,288,16,4608,immediate_support_exact_slice_plus_svd_residual,1e-08,592,0.1284722222222222,2.0555555555555554,True,7.680000271648169e-05,snapshot only,0.0,0.0
shared_linear_n16_T128_s9401102,shared_linear,16,128,9401102,288,16,4608,local_eligibility_plus_svd_residual,1e-08,592,0.1284722222222222,2.0555555555555554,True,6.680004298686981e-05,snapshot only,0.0,0.0
shared_linear_n16_T128_s9401102,shared_linear,16,128,9401102,288,16,4608,global_svd,1e-10,4864,1.0555555555555556,16.88888888888889,True,0.00014409993309527636,snapshot only,1.418792614795137e-16,2.498001805406602e-16
shared_linear_n16_T128_s9401102,shared_linear,16,128,9401102,288,16,4608,pivoted_qr_repeated_basis,1e-10,5152,1.1180555555555556,17.88888888888889,True,9.019998833537102e-05,snapshot only,0.0,0.0
shared_linear_n16_T128_s9401102,shared_linear,16,128,9401102,288,16,4608,supported_group_factors,1e-10,4656,1.0104166666666667,16.166666666666668,True,0.001400599954649806,snapshot only,0.0,0.0
shared_linear_n16_T128_s9401102,shared_linear,16,128,9401102,288,16,4608,owner_block_factors,1e-10,816,0.17708333333333334,2.8333333333333335,True,0.0022200000239536166,snapshot only,0.0,0.0
shared_linear_n16_T128_s9401102,shared_linear,16,128,9401102,288,16,4608,kronecker_shared_input_basis,1e-10,832,0.18055555555555555,2.888888888888889,True,0.001342700095847249,snapshot only,6.811926939029933e-17,8.326672684688674e-17
shared_linear_n16_T128_s9401102,shared_linear,16,128,9401102,288,16,4608,immediate_support_exact_slice_plus_svd_residual,1e-10,592,0.1284722222222222,2.0555555555555554,True,7.16999638825655e-05,snapshot only,0.0,0.0
shared_linear_n16_T128_s9401102,shared_linear,16,128,9401102,288,16,4608,local_eligibility_plus_svd_residual,1e-10,592,0.1284722222222222,2.0555555555555554,True,6.62999227643013e-05,snapshot only,0.0,0.0
shared_linear_n16_T128_s9401102,shared_linear,16,128,9401102,288,16,4608,global_svd,1e-12,4864,1.0555555555555556,16.88888888888889,True,0.00014370004646480083,snapshot only,1.418792614795137e-16,2.498001805406602e-16
shared_linear_n16_T128_s9401102,shared_linear,16,128,9401102,288,16,4608,pivoted_qr_repeated_basis,1e-12,5152,1.1180555555555556,17.88888888888889,True,8.789997082203627e-05,snapshot only,0.0,0.0
shared_linear_n16_T128_s9401102,shared_linear,16,128,9401102,288,16,4608,supported_group_factors,1e-12,4656,1.0104166666666667,16.166666666666668,True,0.0014309999532997608,snapshot only,0.0,0.0
shared_linear_n16_T128_s9401102,shared_linear,16,128,9401102,288,16,4608,owner_block_factors,1e-12,816,0.17708333333333334,2.8333333333333335,True,0.003080100053921342,snapshot only,0.0,0.0
shared_linear_n16_T128_s9401102,shared_linear,16,128,9401102,288,16,4608,kronecker_shared_input_basis,1e-12,832,0.18055555555555555,2.888888888888889,True,0.0013854000717401505,snapshot only,6.811926939029933e-17,8.326672684688674e-17
shared_linear_n16_T128_s9401102,shared_linear,16,128,9401102,288,16,4608,immediate_support_exact_slice_plus_svd_residual,1e-12,592,0.1284722222222222,2.0555555555555554,True,7.500010542571545e-05,snapshot only,0.0,0.0
shared_linear_n16_T128_s9401102,shared_linear,16,128,9401102,288,16,4608,local_eligibility_plus_svd_residual,1e-12,592,0.1284722222222222,2.0555555555555554,True,6.910006050020456e-05,snapshot only,0.0,0.0
shared_linear_n16_T128_s9401103,shared_linear,16,128,9401103,288,16,4608,full_matrix,1e-08,4608,1.0,16.0,True,6.00004568696022e-07,online baseline,0.0,0.0
shared_linear_n16_T128_s9401103,shared_linear,16,128,9401103,288,16,4608,coordinate_sparse,1e-08,576,0.125,2.0,True,1.5600002370774746e-05,snapshot only,0.0,0.0
shared_linear_n16_T128_s9401103,shared_linear,16,128,9401103,288,16,4608,block_sparse_triangular,1e-08,592,0.1284722222222222,2.0555555555555554,True,0.00012980005703866482,known closed online block recurrence,0.0,0.0
shared_linear_n16_T128_s9401103,shared_linear,16,128,9401103,288,16,4608,shared_linear_factors,1e-08,33,0.007161458333333333,0.11458333333333333,True,3.998866304755211e-07,known closed online shared recurrence,0.0,0.0
shared_linear_n16_T128_s9401103,shared_linear,16,128,9401103,288,16,4608,global_svd,1e-08,4864,1.0555555555555556,16.88888888888889,True,0.0001962999813258648,snapshot only,1.4508359208500099e-16,4.440892098500626e-16
shared_linear_n16_T128_s9401103,shared_linear,16,128,9401103,288,16,4608,pivoted_qr_repeated_basis,1e-08,5152,1.1180555555555556,17.88888888888889,True,0.00010069995187222958,snapshot only,0.0,0.0
shared_linear_n16_T128_s9401103,shared_linear,16,128,9401103,288,16,4608,supported_group_factors,1e-08,4656,1.0104166666666667,16.166666666666668,True,0.0014115000376477838,snapshot only,0.0,0.0
shared_linear_n16_T128_s9401103,shared_linear,16,128,9401103,288,16,4608,owner_block_factors,1e-08,816,0.17708333333333334,2.8333333333333335,True,0.0022372999228537083,snapshot only,0.0,0.0
shared_linear_n16_T128_s9401103,shared_linear,16,128,9401103,288,16,4608,kronecker_shared_input_basis,1e-08,832,0.18055555555555555,2.888888888888889,True,0.0013447999954223633,snapshot only,1.7270801239797464e-16,3.3306690738754696e-16
shared_linear_n16_T128_s9401103,shared_linear,16,128,9401103,288,16,4608,immediate_support_exact_slice_plus_svd_residual,1e-08,592,0.1284722222222222,2.0555555555555554,True,8.919998072087765e-05,snapshot only,0.0,0.0
shared_linear_n16_T128_s9401103,shared_linear,16,128,9401103,288,16,4608,local_eligibility_plus_svd_residual,1e-08,592,0.1284722222222222,2.0555555555555554,True,6.989995017647743e-05,snapshot only,0.0,0.0
shared_linear_n16_T128_s9401103,shared_linear,16,128,9401103,288,16,4608,global_svd,1e-10,4864,1.0555555555555556,16.88888888888889,True,0.00014400004874914885,snapshot only,1.4508359208500099e-16,4.440892098500626e-16
shared_linear_n16_T128_s9401103,shared_linear,16,128,9401103,288,16,4608,pivoted_qr_repeated_basis,1e-10,5152,1.1180555555555556,17.88888888888889,True,9.180000051856041e-05,snapshot only,0.0,0.0
shared_linear_n16_T128_s9401103,shared_linear,16,128,9401103,288,16,4608,supported_group_factors,1e-10,4656,1.0104166666666667,16.166666666666668,True,0.0014090000186115503,snapshot only,0.0,0.0
shared_linear_n16_T128_s9401103,shared_linear,16,128,9401103,288,16,4608,owner_block_factors,1e-10,816,0.17708333333333334,2.8333333333333335,True,0.0022320999996736646,snapshot only,0.0,0.0
shared_linear_n16_T128_s9401103,shared_linear,16,128,9401103,288,16,4608,kronecker_shared_input_basis,1e-10,832,0.18055555555555555,2.888888888888889,True,0.0013419999741017818,snapshot only,1.7270801239797464e-16,3.3306690738754696e-16
shared_linear_n16_T128_s9401103,shared_linear,16,128,9401103,288,16,4608,immediate_support_exact_slice_plus_svd_residual,1e-10,592,0.1284722222222222,2.0555555555555554,True,7.489998824894428e-05,snapshot only,0.0,0.0
shared_linear_n16_T128_s9401103,shared_linear,16,128,9401103,288,16,4608,local_eligibility_plus_svd_residual,1e-10,592,0.1284722222222222,2.0555555555555554,True,6.569991819560528e-05,snapshot only,0.0,0.0
shared_linear_n16_T128_s9401103,shared_linear,16,128,9401103,288,16,4608,global_svd,1e-12,4864,1.0555555555555556,16.88888888888889,True,0.00014659995213150978,snapshot only,1.4508359208500099e-16,4.440892098500626e-16
shared_linear_n16_T128_s9401103,shared_linear,16,128,9401103,288,16,4608,pivoted_qr_repeated_basis,1e-12,5152,1.1180555555555556,17.88888888888889,True,8.530006743967533e-05,snapshot only,0.0,0.0
shared_linear_n16_T128_s9401103,shared_linear,16,128,9401103,288,16,4608,supported_group_factors,1e-12,4656,1.0104166666666667,16.166666666666668,True,0.0013793999096378684,snapshot only,0.0,0.0
shared_linear_n16_T128_s9401103,shared_linear,16,128,9401103,288,16,4608,owner_block_factors,1e-12,816,0.17708333333333334,2.8333333333333335,True,0.00222550006583333,snapshot only,0.0,0.0
shared_linear_n16_T128_s9401103,shared_linear,16,128,9401103,288,16,4608,kronecker_shared_input_basis,1e-12,832,0.18055555555555555,2.888888888888889,True,0.0013344999169930816,snapshot only,1.7270801239797464e-16,3.3306690738754696e-16
shared_linear_n16_T128_s9401103,shared_linear,16,128,9401103,288,16,4608,immediate_support_exact_slice_plus_svd_residual,1e-12,592,0.1284722222222222,2.0555555555555554,True,7.54999928176403e-05,snapshot only,0.0,0.0
shared_linear_n16_T128_s9401103,shared_linear,16,128,9401103,288,16,4608,local_eligibility_plus_svd_residual,1e-12,592,0.1284722222222222,2.0555555555555554,True,6.440002471208572e-05,snapshot only,0.0,0.0
shared_linear_n16_T128_s9401104,shared_linear,16,128,9401104,288,16,4608,full_matrix,1e-08,4608,1.0,16.0,True,1.00000761449337e-06,online baseline,0.0,0.0
shared_linear_n16_T128_s9401104,shared_linear,16,128,9401104,288,16,4608,coordinate_sparse,1e-08,576,0.125,2.0,True,1.8700025975704193e-05,snapshot only,0.0,0.0
shared_linear_n16_T128_s9401104,shared_linear,16,128,9401104,288,16,4608,block_sparse_triangular,1e-08,592,0.1284722222222222,2.0555555555555554,True,0.00012320000678300858,known closed online block recurrence,0.0,0.0
shared_linear_n16_T128_s9401104,shared_linear,16,128,9401104,288,16,4608,shared_linear_factors,1e-08,33,0.007161458333333333,0.11458333333333333,True,4.00003045797348e-07,known closed online shared recurrence,0.0,0.0
shared_linear_n16_T128_s9401104,shared_linear,16,128,9401104,288,16,4608,global_svd,1e-08,4864,1.0555555555555556,16.88888888888889,True,0.00022379995789378881,snapshot only,1.3339240637209557e-16,4.440892098500626e-16
shared_linear_n16_T128_s9401104,shared_linear,16,128,9401104,288,16,4608,pivoted_qr_repeated_basis,1e-08,5152,1.1180555555555556,17.88888888888889,True,0.00013369997031986713,snapshot only,0.0,0.0
shared_linear_n16_T128_s9401104,shared_linear,16,128,9401104,288,16,4608,supported_group_factors,1e-08,4656,1.0104166666666667,16.166666666666668,True,0.0015447000041604042,snapshot only,0.0,0.0
shared_linear_n16_T128_s9401104,shared_linear,16,128,9401104,288,16,4608,owner_block_factors,1e-08,816,0.17708333333333334,2.8333333333333335,True,0.0023629000643268228,snapshot only,0.0,0.0
shared_linear_n16_T128_s9401104,shared_linear,16,128,9401104,288,16,4608,kronecker_shared_input_basis,1e-08,832,0.18055555555555555,2.888888888888889,True,0.0013676000526174903,snapshot only,3.752495525270728e-16,7.771561172376096e-16
shared_linear_n16_T128_s9401104,shared_linear,16,128,9401104,288,16,4608,immediate_support_exact_slice_plus_svd_residual,1e-08,592,0.1284722222222222,2.0555555555555554,True,7.499998901039362e-05,snapshot only,0.0,0.0
shared_linear_n16_T128_s9401104,shared_linear,16,128,9401104,288,16,4608,local_eligibility_plus_svd_residual,1e-08,592,0.1284722222222222,2.0555555555555554,True,0.00012940005399286747,snapshot only,0.0,0.0
shared_linear_n16_T128_s9401104,shared_linear,16,128,9401104,288,16,4608,global_svd,1e-10,4864,1.0555555555555556,16.88888888888889,True,0.00014750007539987564,snapshot only,1.3339240637209557e-16,4.440892098500626e-16
shared_linear_n16_T128_s9401104,shared_linear,16,128,9401104,288,16,4608,pivoted_qr_repeated_basis,1e-10,5152,1.1180555555555556,17.88888888888889,True,9.549991227686405e-05,snapshot only,0.0,0.0
shared_linear_n16_T128_s9401104,shared_linear,16,128,9401104,288,16,4608,supported_group_factors,1e-10,4656,1.0104166666666667,16.166666666666668,True,0.0013695000670850277,snapshot only,0.0,0.0
shared_linear_n16_T128_s9401104,shared_linear,16,128,9401104,288,16,4608,owner_block_factors,1e-10,816,0.17708333333333334,2.8333333333333335,True,0.0021874000085517764,snapshot only,0.0,0.0
shared_linear_n16_T128_s9401104,shared_linear,16,128,9401104,288,16,4608,kronecker_shared_input_basis,1e-10,832,0.18055555555555555,2.888888888888889,True,0.0013318000128492713,snapshot only,3.752495525270728e-16,7.771561172376096e-16
shared_linear_n16_T128_s9401104,shared_linear,16,128,9401104,288,16,4608,immediate_support_exact_slice_plus_svd_residual,1e-10,592,0.1284722222222222,2.0555555555555554,True,0.00015049998182803392,snapshot only,0.0,0.0
shared_linear_n16_T128_s9401104,shared_linear,16,128,9401104,288,16,4608,local_eligibility_plus_svd_residual,1e-10,592,0.1284722222222222,2.0555555555555554,True,8.109991904348135e-05,snapshot only,0.0,0.0
shared_linear_n16_T128_s9401104,shared_linear,16,128,9401104,288,16,4608,global_svd,1e-12,4864,1.0555555555555556,16.88888888888889,True,0.00015009997878223658,snapshot only,1.3339240637209557e-16,4.440892098500626e-16
shared_linear_n16_T128_s9401104,shared_linear,16,128,9401104,288,16,4608,pivoted_qr_repeated_basis,1e-12,5152,1.1180555555555556,17.88888888888889,True,0.00010389997623860836,snapshot only,0.0,0.0
shared_linear_n16_T128_s9401104,shared_linear,16,128,9401104,288,16,4608,supported_group_factors,1e-12,4656,1.0104166666666667,16.166666666666668,True,0.0013804999180138111,snapshot only,0.0,0.0
shared_linear_n16_T128_s9401104,shared_linear,16,128,9401104,288,16,4608,owner_block_factors,1e-12,816,0.17708333333333334,2.8333333333333335,True,0.0024213000433519483,snapshot only,0.0,0.0
shared_linear_n16_T128_s9401104,shared_linear,16,128,9401104,288,16,4608,kronecker_shared_input_basis,1e-12,832,0.18055555555555555,2.888888888888889,True,0.0013419999741017818,snapshot only,3.752495525270728e-16,7.771561172376096e-16
shared_linear_n16_T128_s9401104,shared_linear,16,128,9401104,288,16,4608,immediate_support_exact_slice_plus_svd_residual,1e-12,592,0.1284722222222222,2.0555555555555554,True,7.470010314136744e-05,snapshot only,0.0,0.0
shared_linear_n16_T128_s9401104,shared_linear,16,128,9401104,288,16,4608,local_eligibility_plus_svd_residual,1e-12,592,0.1284722222222222,2.0555555555555554,True,6.600003689527512e-05,snapshot only,0.0,0.0
rank1_feedback_n8_T32_s9401100,rank1_feedback,8,32,9401100,96,8,768,full_matrix,1e-08,768,1.0,8.0,True,1.200009137392044e-06,online baseline,0.0,0.0
rank1_feedback_n8_T32_s9401100,rank1_feedback,8,32,9401100,96,8,768,coordinate_sparse,1e-08,1536,2.0,16.0,True,1.5700003132224083e-05,snapshot only,0.0,0.0
rank1_feedback_n8_T32_s9401100,rank1_feedback,8,32,9401100,96,8,768,block_sparse_triangular,1e-08,872,1.1354166666666667,9.083333333333334,True,1.650000922381878e-05,known closed online block recurrence,0.0,0.0
rank1_feedback_n8_T32_s9401100,rank1_feedback,8,32,9401100,96,8,768,global_svd,1e-08,832,1.0833333333333333,8.666666666666666,True,0.00012069998774677515,snapshot only,8.360184655643482e-16,1.3322676295501878e-15
rank1_feedback_n8_T32_s9401100,rank1_feedback,8,32,9401100,96,8,768,pivoted_qr_repeated_basis,1e-08,928,1.2083333333333333,9.666666666666666,True,6.200000643730164e-05,snapshot only,3.05518357836637e-16,8.881784197001252e-16
rank1_feedback_n8_T32_s9401100,rank1_feedback,8,32,9401100,96,8,768,supported_group_factors,1e-08,808,1.0520833333333333,8.416666666666666,True,0.0007555000483989716,snapshot only,0.0,0.0
rank1_feedback_n8_T32_s9401100,rank1_feedback,8,32,9401100,96,8,768,owner_block_factors,1e-08,864,1.125,9.0,True,0.0013903999933972955,snapshot only,0.0,0.0
rank1_feedback_n8_T32_s9401100,rank1_feedback,8,32,9401100,96,8,768,kronecker_shared_input_basis,1e-08,808,1.0520833333333333,8.416666666666666,True,0.0006887000054121017,snapshot only,0.0,0.0
rank1_feedback_n8_T32_s9401100,rank1_feedback,8,32,9401100,96,8,768,immediate_support_exact_slice_plus_svd_residual,1e-08,1096,1.4270833333333333,11.416666666666666,True,8.999998681247234e-05,snapshot only,2.6815745050973807e-16,9.159339953157541e-16
rank1_feedback_n8_T32_s9401100,rank1_feedback,8,32,9401100,96,8,768,local_eligibility_plus_svd_residual,1e-08,1096,1.4270833333333333,11.416666666666666,True,8.219992741942406e-05,snapshot only,2.466889963961481e-16,7.216449660063518e-16
rank1_feedback_n8_T32_s9401100,rank1_feedback,8,32,9401100,96,8,768,global_svd,1e-10,832,1.0833333333333333,8.666666666666666,True,7.459998596459627e-05,snapshot only,8.360184655643482e-16,1.3322676295501878e-15
rank1_feedback_n8_T32_s9401100,rank1_feedback,8,32,9401100,96,8,768,pivoted_qr_repeated_basis,1e-10,928,1.2083333333333333,9.666666666666666,True,5.309993866831064e-05,snapshot only,3.05518357836637e-16,8.881784197001252e-16
rank1_feedback_n8_T32_s9401100,rank1_feedback,8,32,9401100,96,8,768,supported_group_factors,1e-10,808,1.0520833333333333,8.416666666666666,True,0.0007278000703081489,snapshot only,0.0,0.0
rank1_feedback_n8_T32_s9401100,rank1_feedback,8,32,9401100,96,8,768,owner_block_factors,1e-10,864,1.125,9.0,True,0.0013528000563383102,snapshot only,0.0,0.0
rank1_feedback_n8_T32_s9401100,rank1_feedback,8,32,9401100,96,8,768,kronecker_shared_input_basis,1e-10,808,1.0520833333333333,8.416666666666666,True,0.0006405999884009361,snapshot only,0.0,0.0
rank1_feedback_n8_T32_s9401100,rank1_feedback,8,32,9401100,96,8,768,immediate_support_exact_slice_plus_svd_residual,1e-10,1096,1.4270833333333333,11.416666666666666,True,9.129999671131372e-05,snapshot only,2.6815745050973807e-16,9.159339953157541e-16
rank1_feedback_n8_T32_s9401100,rank1_feedback,8,32,9401100,96,8,768,local_eligibility_plus_svd_residual,1e-10,1096,1.4270833333333333,11.416666666666666,True,8.080003317445517e-05,snapshot only,2.466889963961481e-16,7.216449660063518e-16
rank1_feedback_n8_T32_s9401100,rank1_feedback,8,32,9401100,96,8,768,global_svd,1e-12,832,1.0833333333333333,8.666666666666666,True,7.309997454285622e-05,snapshot only,8.360184655643482e-16,1.3322676295501878e-15
rank1_feedback_n8_T32_s9401100,rank1_feedback,8,32,9401100,96,8,768,pivoted_qr_repeated_basis,1e-12,928,1.2083333333333333,9.666666666666666,True,4.9900030717253685e-05,snapshot only,3.05518357836637e-16,8.881784197001252e-16
rank1_feedback_n8_T32_s9401100,rank1_feedback,8,32,9401100,96,8,768,supported_group_factors,1e-12,808,1.0520833333333333,8.416666666666666,True,0.0006654999451711774,snapshot only,0.0,0.0
rank1_feedback_n8_T32_s9401100,rank1_feedback,8,32,9401100,96,8,768,owner_block_factors,1e-12,864,1.125,9.0,True,0.0017352000577375293,snapshot only,0.0,0.0
rank1_feedback_n8_T32_s9401100,rank1_feedback,8,32,9401100,96,8,768,kronecker_shared_input_basis,1e-12,808,1.0520833333333333,8.416666666666666,True,0.0007276999531313777,snapshot only,0.0,0.0
rank1_feedback_n8_T32_s9401100,rank1_feedback,8,32,9401100,96,8,768,immediate_support_exact_slice_plus_svd_residual,1e-12,1096,1.4270833333333333,11.416666666666666,True,0.00016959989443421364,snapshot only,2.6815745050973807e-16,9.159339953157541e-16
rank1_feedback_n8_T32_s9401100,rank1_feedback,8,32,9401100,96,8,768,local_eligibility_plus_svd_residual,1e-12,1096,1.4270833333333333,11.416666666666666,True,9.250000584870577e-05,snapshot only,2.466889963961481e-16,7.216449660063518e-16
rank1_feedback_n8_T32_s9401101,rank1_feedback,8,32,9401101,96,8,768,full_matrix,1e-08,768,1.0,8.0,True,6.00004568696022e-07,online baseline,0.0,0.0
rank1_feedback_n8_T32_s9401101,rank1_feedback,8,32,9401101,96,8,768,coordinate_sparse,1e-08,1536,2.0,16.0,True,1.7200014553964138e-05,snapshot only,0.0,0.0
rank1_feedback_n8_T32_s9401101,rank1_feedback,8,32,9401101,96,8,768,block_sparse_triangular,1e-08,872,1.1354166666666667,9.083333333333334,True,1.5099998563528061e-05,known closed online block recurrence,0.0,0.0
rank1_feedback_n8_T32_s9401101,rank1_feedback,8,32,9401101,96,8,768,global_svd,1e-08,832,1.0833333333333333,8.666666666666666,True,0.0001078000059351325,snapshot only,1.0644856643921198e-15,2.220446049250313e-15
rank1_feedback_n8_T32_s9401101,rank1_feedback,8,32,9401101,96,8,768,pivoted_qr_repeated_basis,1e-08,928,1.2083333333333333,9.666666666666666,True,6.330001633614302e-05,snapshot only,3.777788454136684e-16,8.881784197001252e-16
rank1_feedback_n8_T32_s9401101,rank1_feedback,8,32,9401101,96,8,768,supported_group_factors,1e-08,808,1.0520833333333333,8.416666666666666,True,0.0007093999302014709,snapshot only,0.0,0.0
rank1_feedback_n8_T32_s9401101,rank1_feedback,8,32,9401101,96,8,768,owner_block_factors,1e-08,864,1.125,9.0,True,0.0015617000171914697,snapshot only,0.0,0.0
rank1_feedback_n8_T32_s9401101,rank1_feedback,8,32,9401101,96,8,768,kronecker_shared_input_basis,1e-08,808,1.0520833333333333,8.416666666666666,True,0.000790499965660274,snapshot only,0.0,0.0
rank1_feedback_n8_T32_s9401101,rank1_feedback,8,32,9401101,96,8,768,immediate_support_exact_slice_plus_svd_residual,1e-08,1096,1.4270833333333333,11.416666666666666,True,0.00010960001964122057,snapshot only,4.926813446676353e-17,8.326672684688674e-17
rank1_feedback_n8_T32_s9401101,rank1_feedback,8,32,9401101,96,8,768,local_eligibility_plus_svd_residual,1e-08,1096,1.4270833333333333,11.416666666666666,True,9.979994501918554e-05,snapshot only,7.808016357824118e-17,1.6653345369377348e-16
rank1_feedback_n8_T32_s9401101,rank1_feedback,8,32,9401101,96,8,768,global_svd,1e-10,832,1.0833333333333333,8.666666666666666,True,8.639995940029621e-05,snapshot only,1.0644856643921198e-15,2.220446049250313e-15
rank1_feedback_n8_T32_s9401101,rank1_feedback,8,32,9401101,96,8,768,pivoted_qr_repeated_basis,1e-10,928,1.2083333333333333,9.666666666666666,True,6.340001709759235e-05,snapshot only,3.777788454136684e-16,8.881784197001252e-16
rank1_feedback_n8_T32_s9401101,rank1_feedback,8,32,9401101,96,8,768,supported_group_factors,1e-10,808,1.0520833333333333,8.416666666666666,True,0.0007378000300377607,snapshot only,0.0,0.0
rank1_feedback_n8_T32_s9401101,rank1_feedback,8,32,9401101,96,8,768,owner_block_factors,1e-10,864,1.125,9.0,True,0.0014139999402686954,snapshot only,0.0,0.0
rank1_feedback_n8_T32_s9401101,rank1_feedback,8,32,9401101,96,8,768,kronecker_shared_input_basis,1e-10,808,1.0520833333333333,8.416666666666666,True,0.0006793000502511859,snapshot only,0.0,0.0
rank1_feedback_n8_T32_s9401101,rank1_feedback,8,32,9401101,96,8,768,immediate_support_exact_slice_plus_svd_residual,1e-10,1096,1.4270833333333333,11.416666666666666,True,9.270000737160444e-05,snapshot only,4.926813446676353e-17,8.326672684688674e-17
rank1_feedback_n8_T32_s9401101,rank1_feedback,8,32,9401101,96,8,768,local_eligibility_plus_svd_residual,1e-10,1096,1.4270833333333333,11.416666666666666,True,8.389994036406279e-05,snapshot only,7.808016357824118e-17,1.6653345369377348e-16
rank1_feedback_n8_T32_s9401101,rank1_feedback,8,32,9401101,96,8,768,global_svd,1e-12,832,1.0833333333333333,8.666666666666666,True,7.419998291879892e-05,snapshot only,1.0644856643921198e-15,2.220446049250313e-15
rank1_feedback_n8_T32_s9401101,rank1_feedback,8,32,9401101,96,8,768,pivoted_qr_repeated_basis,1e-12,928,1.2083333333333333,9.666666666666666,True,5.300005432218313e-05,snapshot only,3.777788454136684e-16,8.881784197001252e-16
rank1_feedback_n8_T32_s9401101,rank1_feedback,8,32,9401101,96,8,768,supported_group_factors,1e-12,808,1.0520833333333333,8.416666666666666,True,0.0006807999452576041,snapshot only,0.0,0.0
rank1_feedback_n8_T32_s9401101,rank1_feedback,8,32,9401101,96,8,768,owner_block_factors,1e-12,864,1.125,9.0,True,0.0016348999924957752,snapshot only,0.0,0.0
rank1_feedback_n8_T32_s9401101,rank1_feedback,8,32,9401101,96,8,768,kronecker_shared_input_basis,1e-12,808,1.0520833333333333,8.416666666666666,True,0.0006536999717354774,snapshot only,0.0,0.0
rank1_feedback_n8_T32_s9401101,rank1_feedback,8,32,9401101,96,8,768,immediate_support_exact_slice_plus_svd_residual,1e-12,1096,1.4270833333333333,11.416666666666666,True,9.679992217570543e-05,snapshot only,4.926813446676353e-17,8.326672684688674e-17
rank1_feedback_n8_T32_s9401101,rank1_feedback,8,32,9401101,96,8,768,local_eligibility_plus_svd_residual,1e-12,1096,1.4270833333333333,11.416666666666666,True,8.750008419156075e-05,snapshot only,7.808016357824118e-17,1.6653345369377348e-16
rank1_feedback_n8_T32_s9401102,rank1_feedback,8,32,9401102,96,8,768,full_matrix,1e-08,768,1.0,8.0,True,6.00004568696022e-07,online baseline,0.0,0.0
rank1_feedback_n8_T32_s9401102,rank1_feedback,8,32,9401102,96,8,768,coordinate_sparse,1e-08,1536,2.0,16.0,True,1.610000617802143e-05,snapshot only,0.0,0.0
rank1_feedback_n8_T32_s9401102,rank1_feedback,8,32,9401102,96,8,768,block_sparse_triangular,1e-08,872,1.1354166666666667,9.083333333333334,True,1.4999997802078724e-05,known closed online block recurrence,0.0,0.0
rank1_feedback_n8_T32_s9401102,rank1_feedback,8,32,9401102,96,8,768,global_svd,1e-08,832,1.0833333333333333,8.666666666666666,True,0.0001012999564409256,snapshot only,9.91605592210703e-16,1.9984014443252818e-15
rank1_feedback_n8_T32_s9401102,rank1_feedback,8,32,9401102,96,8,768,pivoted_qr_repeated_basis,1e-08,928,1.2083333333333333,9.666666666666666,True,6.170000415295362e-05,snapshot only,2.0422128512754827e-16,4.440892098500626e-16
rank1_feedback_n8_T32_s9401102,rank1_feedback,8,32,9401102,96,8,768,supported_group_factors,1e-08,808,1.0520833333333333,8.416666666666666,True,0.0007273000665009022,snapshot only,0.0,0.0
rank1_feedback_n8_T32_s9401102,rank1_feedback,8,32,9401102,96,8,768,owner_block_factors,1e-08,864,1.125,9.0,True,0.0013696999521926045,snapshot only,0.0,0.0
rank1_feedback_n8_T32_s9401102,rank1_feedback,8,32,9401102,96,8,768,kronecker_shared_input_basis,1e-08,808,1.0520833333333333,8.416666666666666,True,0.0006594000151380897,snapshot only,0.0,0.0
rank1_feedback_n8_T32_s9401102,rank1_feedback,8,32,9401102,96,8,768,immediate_support_exact_slice_plus_svd_residual,1e-08,1096,1.4270833333333333,11.416666666666666,True,8.899997919797897e-05,snapshot only,8.746902153586071e-16,2.220446049250313e-15
rank1_feedback_n8_T32_s9401102,rank1_feedback,8,32,9401102,96,8,768,local_eligibility_plus_svd_residual,1e-08,1096,1.4270833333333333,11.416666666666666,True,8.409994188696146e-05,snapshot only,1.2445241918329197e-16,2.220446049250313e-16
rank1_feedback_n8_T32_s9401102,rank1_feedback,8,32,9401102,96,8,768,global_svd,1e-10,832,1.0833333333333333,8.666666666666666,True,7.579999510198832e-05,snapshot only,9.91605592210703e-16,1.9984014443252818e-15
rank1_feedback_n8_T32_s9401102,rank1_feedback,8,32,9401102,96,8,768,pivoted_qr_repeated_basis,1e-10,928,1.2083333333333333,9.666666666666666,True,5.509995389729738e-05,snapshot only,2.0422128512754827e-16,4.440892098500626e-16
rank1_feedback_n8_T32_s9401102,rank1_feedback,8,32,9401102,96,8,768,supported_group_factors,1e-10,808,1.0520833333333333,8.416666666666666,True,0.0008847999852150679,snapshot only,0.0,0.0
rank1_feedback_n8_T32_s9401102,rank1_feedback,8,32,9401102,96,8,768,owner_block_factors,1e-10,864,1.125,9.0,True,0.0015452000079676509,snapshot only,0.0,0.0
rank1_feedback_n8_T32_s9401102,rank1_feedback,8,32,9401102,96,8,768,kronecker_shared_input_basis,1e-10,808,1.0520833333333333,8.416666666666666,True,0.0007043000077828765,snapshot only,0.0,0.0
rank1_feedback_n8_T32_s9401102,rank1_feedback,8,32,9401102,96,8,768,immediate_support_exact_slice_plus_svd_residual,1e-10,1096,1.4270833333333333,11.416666666666666,True,9.300000965595245e-05,snapshot only,8.746902153586071e-16,2.220446049250313e-15
rank1_feedback_n8_T32_s9401102,rank1_feedback,8,32,9401102,96,8,768,local_eligibility_plus_svd_residual,1e-10,1096,1.4270833333333333,11.416666666666666,True,8.68999632075429e-05,snapshot only,1.2445241918329197e-16,2.220446049250313e-16
rank1_feedback_n8_T32_s9401102,rank1_feedback,8,32,9401102,96,8,768,global_svd,1e-12,832,1.0833333333333333,8.666666666666666,True,7.660000119358301e-05,snapshot only,9.91605592210703e-16,1.9984014443252818e-15
rank1_feedback_n8_T32_s9401102,rank1_feedback,8,32,9401102,96,8,768,pivoted_qr_repeated_basis,1e-12,928,1.2083333333333333,9.666666666666666,True,5.359994247555733e-05,snapshot only,2.0422128512754827e-16,4.440892098500626e-16
rank1_feedback_n8_T32_s9401102,rank1_feedback,8,32,9401102,96,8,768,supported_group_factors,1e-12,808,1.0520833333333333,8.416666666666666,True,0.0008500999538227916,snapshot only,0.0,0.0
rank1_feedback_n8_T32_s9401102,rank1_feedback,8,32,9401102,96,8,768,owner_block_factors,1e-12,864,1.125,9.0,True,0.0014711999101564288,snapshot only,0.0,0.0
rank1_feedback_n8_T32_s9401102,rank1_feedback,8,32,9401102,96,8,768,kronecker_shared_input_basis,1e-12,808,1.0520833333333333,8.416666666666666,True,0.0009832000359892845,snapshot only,0.0,0.0
rank1_feedback_n8_T32_s9401102,rank1_feedback,8,32,9401102,96,8,768,immediate_support_exact_slice_plus_svd_residual,1e-12,1096,1.4270833333333333,11.416666666666666,True,9.190000128000975e-05,snapshot only,8.746902153586071e-16,2.220446049250313e-15
rank1_feedback_n8_T32_s9401102,rank1_feedback,8,32,9401102,96,8,768,local_eligibility_plus_svd_residual,1e-12,1096,1.4270833333333333,11.416666666666666,True,8.180004078894854e-05,snapshot only,1.2445241918329197e-16,2.220446049250313e-16
rank1_feedback_n8_T32_s9401103,rank1_feedback,8,32,9401103,96,8,768,full_matrix,1e-08,768,1.0,8.0,True,8.00006091594696e-07,online baseline,0.0,0.0
rank1_feedback_n8_T32_s9401103,rank1_feedback,8,32,9401103,96,8,768,coordinate_sparse,1e-08,1536,2.0,16.0,True,1.5400000847876072e-05,snapshot only,0.0,0.0
rank1_feedback_n8_T32_s9401103,rank1_feedback,8,32,9401103,96,8,768,block_sparse_triangular,1e-08,872,1.1354166666666667,9.083333333333334,True,1.6300007700920105e-05,known closed online block recurrence,0.0,0.0
rank1_feedback_n8_T32_s9401103,rank1_feedback,8,32,9401103,96,8,768,global_svd,1e-08,832,1.0833333333333333,8.666666666666666,True,0.0001078000059351325,snapshot only,1.1919891842957214e-15,2.220446049250313e-15
rank1_feedback_n8_T32_s9401103,rank1_feedback,8,32,9401103,96,8,768,pivoted_qr_repeated_basis,1e-08,928,1.2083333333333333,9.666666666666666,True,6.369990296661854e-05,snapshot only,5.589024035116224e-16,1.3322676295501878e-15
rank1_feedback_n8_T32_s9401103,rank1_feedback,8,32,9401103,96,8,768,supported_group_factors,1e-08,808,1.0520833333333333,8.416666666666666,True,0.000721300020813942,snapshot only,0.0,0.0
rank1_feedback_n8_T32_s9401103,rank1_feedback,8,32,9401103,96,8,768,owner_block_factors,1e-08,864,1.125,9.0,True,0.001415099948644638,snapshot only,0.0,0.0
rank1_feedback_n8_T32_s9401103,rank1_feedback,8,32,9401103,96,8,768,kronecker_shared_input_basis,1e-08,808,1.0520833333333333,8.416666666666666,True,0.0008229999803006649,snapshot only,0.0,0.0
rank1_feedback_n8_T32_s9401103,rank1_feedback,8,32,9401103,96,8,768,immediate_support_exact_slice_plus_svd_residual,1e-08,1096,1.4270833333333333,11.416666666666666,True,9.580003097653389e-05,snapshot only,5.766261082749746e-17,1.3877787807814457e-16
rank1_feedback_n8_T32_s9401103,rank1_feedback,8,32,9401103,96,8,768,local_eligibility_plus_svd_residual,1e-08,1096,1.4270833333333333,11.416666666666666,True,7.809989620000124e-05,snapshot only,4.988837244852749e-17,8.326672684688674e-17
rank1_feedback_n8_T32_s9401103,rank1_feedback,8,32,9401103,96,8,768,global_svd,1e-10,832,1.0833333333333333,8.666666666666666,True,6.939994636923075e-05,snapshot only,1.1919891842957214e-15,2.220446049250313e-15
rank1_feedback_n8_T32_s9401103,rank1_feedback,8,32,9401103,96,8,768,pivoted_qr_repeated_basis,1e-10,928,1.2083333333333333,9.666666666666666,True,6.0399994254112244e-05,snapshot only,5.589024035116224e-16,1.3322676295501878e-15
rank1_feedback_n8_T32_s9401103,rank1_feedback,8,32,9401103,96,8,768,supported_group_factors,1e-10,808,1.0520833333333333,8.416666666666666,True,0.0008713999995961785,snapshot only,0.0,0.0
rank1_feedback_n8_T32_s9401103,rank1_feedback,8,32,9401103,96,8,768,owner_block_factors,1e-10,864,1.125,9.0,True,0.0013786000199615955,snapshot only,0.0,0.0
rank1_feedback_n8_T32_s9401103,rank1_feedback,8,32,9401103,96,8,768,kronecker_shared_input_basis,1e-10,808,1.0520833333333333,8.416666666666666,True,0.0006454000249505043,snapshot only,0.0,0.0
rank1_feedback_n8_T32_s9401103,rank1_feedback,8,32,9401103,96,8,768,immediate_support_exact_slice_plus_svd_residual,1e-10,1096,1.4270833333333333,11.416666666666666,True,8.969998452812433e-05,snapshot only,5.766261082749746e-17,1.3877787807814457e-16
rank1_feedback_n8_T32_s9401103,rank1_feedback,8,32,9401103,96,8,768,local_eligibility_plus_svd_residual,1e-10,1096,1.4270833333333333,11.416666666666666,True,8.089991752058268e-05,snapshot only,4.988837244852749e-17,8.326672684688674e-17
rank1_feedback_n8_T32_s9401103,rank1_feedback,8,32,9401103,96,8,768,global_svd,1e-12,832,1.0833333333333333,8.666666666666666,True,7.259997073560953e-05,snapshot only,1.1919891842957214e-15,2.220446049250313e-15
rank1_feedback_n8_T32_s9401103,rank1_feedback,8,32,9401103,96,8,768,pivoted_qr_repeated_basis,1e-12,928,1.2083333333333333,9.666666666666666,True,5.330005660653114e-05,snapshot only,5.589024035116224e-16,1.3322676295501878e-15
rank1_feedback_n8_T32_s9401103,rank1_feedback,8,32,9401103,96,8,768,supported_group_factors,1e-12,808,1.0520833333333333,8.416666666666666,True,0.0006597999017685652,snapshot only,0.0,0.0
rank1_feedback_n8_T32_s9401103,rank1_feedback,8,32,9401103,96,8,768,owner_block_factors,1e-12,864,1.125,9.0,True,0.0013424999779090285,snapshot only,0.0,0.0
rank1_feedback_n8_T32_s9401103,rank1_feedback,8,32,9401103,96,8,768,kronecker_shared_input_basis,1e-12,808,1.0520833333333333,8.416666666666666,True,0.0006410999922081828,snapshot only,0.0,0.0
rank1_feedback_n8_T32_s9401103,rank1_feedback,8,32,9401103,96,8,768,immediate_support_exact_slice_plus_svd_residual,1e-12,1096,1.4270833333333333,11.416666666666666,True,8.719996549189091e-05,snapshot only,5.766261082749746e-17,1.3877787807814457e-16
rank1_feedback_n8_T32_s9401103,rank1_feedback,8,32,9401103,96,8,768,local_eligibility_plus_svd_residual,1e-12,1096,1.4270833333333333,11.416666666666666,True,8.070003241300583e-05,snapshot only,4.988837244852749e-17,8.326672684688674e-17
rank1_feedback_n8_T32_s9401104,rank1_feedback,8,32,9401104,96,8,768,full_matrix,1e-08,768,1.0,8.0,True,6.00004568696022e-07,online baseline,0.0,0.0
rank1_feedback_n8_T32_s9401104,rank1_feedback,8,32,9401104,96,8,768,coordinate_sparse,1e-08,1536,2.0,16.0,True,1.4599994756281376e-05,snapshot only,0.0,0.0
rank1_feedback_n8_T32_s9401104,rank1_feedback,8,32,9401104,96,8,768,block_sparse_triangular,1e-08,872,1.1354166666666667,9.083333333333334,True,1.5400000847876072e-05,known closed online block recurrence,0.0,0.0
rank1_feedback_n8_T32_s9401104,rank1_feedback,8,32,9401104,96,8,768,global_svd,1e-08,832,1.0833333333333333,8.666666666666666,True,0.00011089991312474012,snapshot only,1.01124747746797e-15,1.9984014443252818e-15
rank1_feedback_n8_T32_s9401104,rank1_feedback,8,32,9401104,96,8,768,pivoted_qr_repeated_basis,1e-08,928,1.2083333333333333,9.666666666666666,True,5.7399971410632133e-05,snapshot only,2.4556529075296076e-16,4.440892098500626e-16
rank1_feedback_n8_T32_s9401104,rank1_feedback,8,32,9401104,96,8,768,supported_group_factors,1e-08,808,1.0520833333333333,8.416666666666666,True,0.0006885000038892031,snapshot only,0.0,0.0
rank1_feedback_n8_T32_s9401104,rank1_feedback,8,32,9401104,96,8,768,owner_block_factors,1e-08,864,1.125,9.0,True,0.0017180999275296926,snapshot only,0.0,0.0
rank1_feedback_n8_T32_s9401104,rank1_feedback,8,32,9401104,96,8,768,kronecker_shared_input_basis,1e-08,808,1.0520833333333333,8.416666666666666,True,0.0006646000547334552,snapshot only,0.0,0.0
rank1_feedback_n8_T32_s9401104,rank1_feedback,8,32,9401104,96,8,768,immediate_support_exact_slice_plus_svd_residual,1e-08,1096,1.4270833333333333,11.416666666666666,True,8.669996168464422e-05,snapshot only,6.098170093629949e-17,1.1102230246251565e-16
rank1_feedback_n8_T32_s9401104,rank1_feedback,8,32,9401104,96,8,768,local_eligibility_plus_svd_residual,1e-08,1096,1.4270833333333333,11.416666666666666,True,0.0001097000204026699,snapshot only,3.276299870759484e-17,1.1102230246251565e-16
rank1_feedback_n8_T32_s9401104,rank1_feedback,8,32,9401104,96,8,768,global_svd,1e-10,832,1.0833333333333333,8.666666666666666,True,7.960002403706312e-05,snapshot only,1.01124747746797e-15,1.9984014443252818e-15
rank1_feedback_n8_T32_s9401104,rank1_feedback,8,32,9401104,96,8,768,pivoted_qr_repeated_basis,1e-10,928,1.2083333333333333,9.666666666666666,True,5.519995465874672e-05,snapshot only,2.4556529075296076e-16,4.440892098500626e-16
rank1_feedback_n8_T32_s9401104,rank1_feedback,8,32,9401104,96,8,768,supported_group_factors,1e-10,808,1.0520833333333333,8.416666666666666,True,0.0006823999574407935,snapshot only,0.0,0.0
rank1_feedback_n8_T32_s9401104,rank1_feedback,8,32,9401104,96,8,768,owner_block_factors,1e-10,864,1.125,9.0,True,0.0013432000996544957,snapshot only,0.0,0.0
rank1_feedback_n8_T32_s9401104,rank1_feedback,8,32,9401104,96,8,768,kronecker_shared_input_basis,1e-10,808,1.0520833333333333,8.416666666666666,True,0.0006470999214798212,snapshot only,0.0,0.0
rank1_feedback_n8_T32_s9401104,rank1_feedback,8,32,9401104,96,8,768,immediate_support_exact_slice_plus_svd_residual,1e-10,1096,1.4270833333333333,11.416666666666666,True,8.939998224377632e-05,snapshot only,6.098170093629949e-17,1.1102230246251565e-16
rank1_feedback_n8_T32_s9401104,rank1_feedback,8,32,9401104,96,8,768,local_eligibility_plus_svd_residual,1e-10,1096,1.4270833333333333,11.416666666666666,True,8.109991904348135e-05,snapshot only,3.276299870759484e-17,1.1102230246251565e-16
rank1_feedback_n8_T32_s9401104,rank1_feedback,8,32,9401104,96,8,768,global_svd,1e-12,832,1.0833333333333333,8.666666666666666,True,7.780001033097506e-05,snapshot only,1.01124747746797e-15,1.9984014443252818e-15
rank1_feedback_n8_T32_s9401104,rank1_feedback,8,32,9401104,96,8,768,pivoted_qr_repeated_basis,1e-12,928,1.2083333333333333,9.666666666666666,True,5.050003528594971e-05,snapshot only,2.4556529075296076e-16,4.440892098500626e-16
rank1_feedback_n8_T32_s9401104,rank1_feedback,8,32,9401104,96,8,768,supported_group_factors,1e-12,808,1.0520833333333333,8.416666666666666,True,0.0006656999466940761,snapshot only,0.0,0.0
rank1_feedback_n8_T32_s9401104,rank1_feedback,8,32,9401104,96,8,768,owner_block_factors,1e-12,864,1.125,9.0,True,0.0013272999785840511,snapshot only,0.0,0.0
rank1_feedback_n8_T32_s9401104,rank1_feedback,8,32,9401104,96,8,768,kronecker_shared_input_basis,1e-12,808,1.0520833333333333,8.416666666666666,True,0.0006352999480441213,snapshot only,0.0,0.0
rank1_feedback_n8_T32_s9401104,rank1_feedback,8,32,9401104,96,8,768,immediate_support_exact_slice_plus_svd_residual,1e-12,1096,1.4270833333333333,11.416666666666666,True,8.639995940029621e-05,snapshot only,6.098170093629949e-17,1.1102230246251565e-16
rank1_feedback_n8_T32_s9401104,rank1_feedback,8,32,9401104,96,8,768,local_eligibility_plus_svd_residual,1e-12,1096,1.4270833333333333,11.416666666666666,True,8.030002936720848e-05,snapshot only,3.276299870759484e-17,1.1102230246251565e-16
rank1_feedback_n8_T128_s9401100,rank1_feedback,8,128,9401100,96,8,768,full_matrix,1e-08,768,1.0,8.0,True,7.00005330145359e-07,online baseline,0.0,0.0
rank1_feedback_n8_T128_s9401100,rank1_feedback,8,128,9401100,96,8,768,coordinate_sparse,1e-08,1536,2.0,16.0,True,1.6600009985268116e-05,snapshot only,0.0,0.0
rank1_feedback_n8_T128_s9401100,rank1_feedback,8,128,9401100,96,8,768,block_sparse_triangular,1e-08,872,1.1354166666666667,9.083333333333334,True,1.4899997040629387e-05,known closed online block recurrence,0.0,0.0
rank1_feedback_n8_T128_s9401100,rank1_feedback,8,128,9401100,96,8,768,global_svd,1e-08,832,1.0833333333333333,8.666666666666666,True,0.0001078000059351325,snapshot only,1.3531941910638535e-15,3.3306690738754696e-15
rank1_feedback_n8_T128_s9401100,rank1_feedback,8,128,9401100,96,8,768,pivoted_qr_repeated_basis,1e-08,928,1.2083333333333333,9.666666666666666,True,6.10999995842576e-05,snapshot only,3.4010996641544935e-16,8.881784197001252e-16
rank1_feedback_n8_T128_s9401100,rank1_feedback,8,128,9401100,96,8,768,supported_group_factors,1e-08,808,1.0520833333333333,8.416666666666666,True,0.0009196000173687935,snapshot only,0.0,0.0
rank1_feedback_n8_T128_s9401100,rank1_feedback,8,128,9401100,96,8,768,owner_block_factors,1e-08,864,1.125,9.0,True,0.001382600050419569,snapshot only,0.0,0.0
rank1_feedback_n8_T128_s9401100,rank1_feedback,8,128,9401100,96,8,768,kronecker_shared_input_basis,1e-08,808,1.0520833333333333,8.416666666666666,True,0.0006662999512627721,snapshot only,0.0,0.0
rank1_feedback_n8_T128_s9401100,rank1_feedback,8,128,9401100,96,8,768,immediate_support_exact_slice_plus_svd_residual,1e-08,1096,1.4270833333333333,11.416666666666666,True,8.809997234493494e-05,snapshot only,4.430419377064498e-16,1.4155343563970746e-15
rank1_feedback_n8_T128_s9401100,rank1_feedback,8,128,9401100,96,8,768,local_eligibility_plus_svd_residual,1e-08,1096,1.4270833333333333,11.416666666666666,True,8.020002860575914e-05,snapshot only,2.67174529640577e-16,8.326672684688674e-16
rank1_feedback_n8_T128_s9401100,rank1_feedback,8,128,9401100,96,8,768,global_svd,1e-10,832,1.0833333333333333,8.666666666666666,True,7.27999722585082e-05,snapshot only,1.3531941910638535e-15,3.3306690738754696e-15
rank1_feedback_n8_T128_s9401100,rank1_feedback,8,128,9401100,96,8,768,pivoted_qr_repeated_basis,1e-10,928,1.2083333333333333,9.666666666666666,True,5.389994475990534e-05,snapshot only,3.4010996641544935e-16,8.881784197001252e-16
rank1_feedback_n8_T128_s9401100,rank1_feedback,8,128,9401100,96,8,768,supported_group_factors,1e-10,808,1.0520833333333333,8.416666666666666,True,0.0006579000037163496,snapshot only,0.0,0.0
rank1_feedback_n8_T128_s9401100,rank1_feedback,8,128,9401100,96,8,768,owner_block_factors,1e-10,864,1.125,9.0,True,0.0013848000671714544,snapshot only,0.0,0.0
rank1_feedback_n8_T128_s9401100,rank1_feedback,8,128,9401100,96,8,768,kronecker_shared_input_basis,1e-10,808,1.0520833333333333,8.416666666666666,True,0.0006425000028684735,snapshot only,0.0,0.0
rank1_feedback_n8_T128_s9401100,rank1_feedback,8,128,9401100,96,8,768,immediate_support_exact_slice_plus_svd_residual,1e-10,1096,1.4270833333333333,11.416666666666666,True,9.019998833537102e-05,snapshot only,4.430419377064498e-16,1.4155343563970746e-15
rank1_feedback_n8_T128_s9401100,rank1_feedback,8,128,9401100,96,8,768,local_eligibility_plus_svd_residual,1e-10,1096,1.4270833333333333,11.416666666666666,True,8.140003774315119e-05,snapshot only,2.67174529640577e-16,8.326672684688674e-16
rank1_feedback_n8_T128_s9401100,rank1_feedback,8,128,9401100,96,8,768,global_svd,1e-12,832,1.0833333333333333,8.666666666666666,True,7.289997301995754e-05,snapshot only,1.3531941910638535e-15,3.3306690738754696e-15
rank1_feedback_n8_T128_s9401100,rank1_feedback,8,128,9401100,96,8,768,pivoted_qr_repeated_basis,1e-12,928,1.2083333333333333,9.666666666666666,True,5.1999930292367935e-05,snapshot only,3.4010996641544935e-16,8.881784197001252e-16
rank1_feedback_n8_T128_s9401100,rank1_feedback,8,128,9401100,96,8,768,supported_group_factors,1e-12,808,1.0520833333333333,8.416666666666666,True,0.0006741000106558204,snapshot only,0.0,0.0
rank1_feedback_n8_T128_s9401100,rank1_feedback,8,128,9401100,96,8,768,owner_block_factors,1e-12,864,1.125,9.0,True,0.0013574000913649797,snapshot only,0.0,0.0
rank1_feedback_n8_T128_s9401100,rank1_feedback,8,128,9401100,96,8,768,kronecker_shared_input_basis,1e-12,808,1.0520833333333333,8.416666666666666,True,0.000831299927085638,snapshot only,0.0,0.0
rank1_feedback_n8_T128_s9401100,rank1_feedback,8,128,9401100,96,8,768,immediate_support_exact_slice_plus_svd_residual,1e-12,1096,1.4270833333333333,11.416666666666666,True,8.9899986051023e-05,snapshot only,4.430419377064498e-16,1.4155343563970746e-15
rank1_feedback_n8_T128_s9401100,rank1_feedback,8,128,9401100,96,8,768,local_eligibility_plus_svd_residual,1e-12,1096,1.4270833333333333,11.416666666666666,True,8.099991828203201e-05,snapshot only,2.67174529640577e-16,8.326672684688674e-16
rank1_feedback_n8_T128_s9401101,rank1_feedback,8,128,9401101,96,8,768,full_matrix,1e-08,768,1.0,8.0,True,5.00003807246685e-07,online baseline,0.0,0.0
rank1_feedback_n8_T128_s9401101,rank1_feedback,8,128,9401101,96,8,768,coordinate_sparse,1e-08,1536,2.0,16.0,True,1.479999627918005e-05,snapshot only,0.0,0.0
rank1_feedback_n8_T128_s9401101,rank1_feedback,8,128,9401101,96,8,768,block_sparse_triangular,1e-08,872,1.1354166666666667,9.083333333333334,True,1.4999997802078724e-05,known closed online block recurrence,0.0,0.0
rank1_feedback_n8_T128_s9401101,rank1_feedback,8,128,9401101,96,8,768,global_svd,1e-08,832,1.0833333333333333,8.666666666666666,True,9.819993283599615e-05,snapshot only,1.0024593831850465e-15,1.9984014443252818e-15
rank1_feedback_n8_T128_s9401101,rank1_feedback,8,128,9401101,96,8,768,pivoted_qr_repeated_basis,1e-08,928,1.2083333333333333,9.666666666666666,True,6.150000263005495e-05,snapshot only,1.977743732164166e-16,4.440892098500626e-16
rank1_feedback_n8_T128_s9401101,rank1_feedback,8,128,9401101,96,8,768,supported_group_factors,1e-08,808,1.0520833333333333,8.416666666666666,True,0.0006925999186933041,snapshot only,0.0,0.0
rank1_feedback_n8_T128_s9401101,rank1_feedback,8,128,9401101,96,8,768,owner_block_factors,1e-08,864,1.125,9.0,True,0.0013419999741017818,snapshot only,0.0,0.0
rank1_feedback_n8_T128_s9401101,rank1_feedback,8,128,9401101,96,8,768,kronecker_shared_input_basis,1e-08,808,1.0520833333333333,8.416666666666666,True,0.0006540999747812748,snapshot only,0.0,0.0
rank1_feedback_n8_T128_s9401101,rank1_feedback,8,128,9401101,96,8,768,immediate_support_exact_slice_plus_svd_residual,1e-08,1096,1.4270833333333333,11.416666666666666,True,8.789997082203627e-05,snapshot only,7.356521019322938e-17,2.220446049250313e-16
rank1_feedback_n8_T128_s9401101,rank1_feedback,8,128,9401101,96,8,768,local_eligibility_plus_svd_residual,1e-08,1096,1.4270833333333333,11.416666666666666,True,8.010002784430981e-05,snapshot only,1.759912516585807e-16,3.608224830031759e-16
rank1_feedback_n8_T128_s9401101,rank1_feedback,8,128,9401101,96,8,768,global_svd,1e-10,832,1.0833333333333333,8.666666666666666,True,7.129996083676815e-05,snapshot only,1.0024593831850465e-15,1.9984014443252818e-15
rank1_feedback_n8_T128_s9401101,rank1_feedback,8,128,9401101,96,8,768,pivoted_qr_repeated_basis,1e-10,928,1.2083333333333333,9.666666666666666,True,5.230004899203777e-05,snapshot only,1.977743732164166e-16,4.440892098500626e-16
rank1_feedback_n8_T128_s9401101,rank1_feedback,8,128,9401101,96,8,768,supported_group_factors,1e-10,808,1.0520833333333333,8.416666666666666,True,0.0006568999961018562,snapshot only,0.0,0.0
rank1_feedback_n8_T128_s9401101,rank1_feedback,8,128,9401101,96,8,768,owner_block_factors,1e-10,864,1.125,9.0,True,0.0016751999501138926,snapshot only,0.0,0.0
rank1_feedback_n8_T128_s9401101,rank1_feedback,8,128,9401101,96,8,768,kronecker_shared_input_basis,1e-10,808,1.0520833333333333,8.416666666666666,True,0.0007813000120222569,snapshot only,0.0,0.0
rank1_feedback_n8_T128_s9401101,rank1_feedback,8,128,9401101,96,8,768,immediate_support_exact_slice_plus_svd_residual,1e-10,1096,1.4270833333333333,11.416666666666666,True,9.109999518841505e-05,snapshot only,7.356521019322938e-17,2.220446049250313e-16
rank1_feedback_n8_T128_s9401101,rank1_feedback,8,128,9401101,96,8,768,local_eligibility_plus_svd_residual,1e-10,1096,1.4270833333333333,11.416666666666666,True,8.249992970377207e-05,snapshot only,1.759912516585807e-16,3.608224830031759e-16
rank1_feedback_n8_T128_s9401101,rank1_feedback,8,128,9401101,96,8,768,global_svd,1e-12,832,1.0833333333333333,8.666666666666666,True,7.369997911155224e-05,snapshot only,1.0024593831850465e-15,1.9984014443252818e-15
rank1_feedback_n8_T128_s9401101,rank1_feedback,8,128,9401101,96,8,768,pivoted_qr_repeated_basis,1e-12,928,1.2083333333333333,9.666666666666666,True,5.310005508363247e-05,snapshot only,1.977743732164166e-16,4.440892098500626e-16
rank1_feedback_n8_T128_s9401101,rank1_feedback,8,128,9401101,96,8,768,supported_group_factors,1e-12,808,1.0520833333333333,8.416666666666666,True,0.0006617000326514244,snapshot only,0.0,0.0
rank1_feedback_n8_T128_s9401101,rank1_feedback,8,128,9401101,96,8,768,owner_block_factors,1e-12,864,1.125,9.0,True,0.0013376000570133328,snapshot only,0.0,0.0
rank1_feedback_n8_T128_s9401101,rank1_feedback,8,128,9401101,96,8,768,kronecker_shared_input_basis,1e-12,808,1.0520833333333333,8.416666666666666,True,0.0006280000088736415,snapshot only,0.0,0.0
rank1_feedback_n8_T128_s9401101,rank1_feedback,8,128,9401101,96,8,768,immediate_support_exact_slice_plus_svd_residual,1e-12,1096,1.4270833333333333,11.416666666666666,True,8.699996396899223e-05,snapshot only,7.356521019322938e-17,2.220446049250313e-16
rank1_feedback_n8_T128_s9401101,rank1_feedback,8,128,9401101,96,8,768,local_eligibility_plus_svd_residual,1e-12,1096,1.4270833333333333,11.416666666666666,True,7.910002022981644e-05,snapshot only,1.759912516585807e-16,3.608224830031759e-16
rank1_feedback_n8_T128_s9401102,rank1_feedback,8,128,9401102,96,8,768,full_matrix,1e-08,768,1.0,8.0,True,9.00006853044033e-07,online baseline,0.0,0.0
rank1_feedback_n8_T128_s9401102,rank1_feedback,8,128,9401102,96,8,768,coordinate_sparse,1e-08,1536,2.0,16.0,True,1.6300007700920105e-05,snapshot only,0.0,0.0
rank1_feedback_n8_T128_s9401102,rank1_feedback,8,128,9401102,96,8,768,block_sparse_triangular,1e-08,872,1.1354166666666667,9.083333333333334,True,1.4399993233382702e-05,known closed online block recurrence,0.0,0.0
rank1_feedback_n8_T128_s9401102,rank1_feedback,8,128,9401102,96,8,768,global_svd,1e-08,832,1.0833333333333333,8.666666666666666,True,0.00010599999222904444,snapshot only,1.1262504629236611e-15,2.886579864025407e-15
rank1_feedback_n8_T128_s9401102,rank1_feedback,8,128,9401102,96,8,768,pivoted_qr_repeated_basis,1e-08,928,1.2083333333333333,9.666666666666666,True,5.9299985878169537e-05,snapshot only,2.986320054313247e-16,6.661338147750939e-16
rank1_feedback_n8_T128_s9401102,rank1_feedback,8,128,9401102,96,8,768,supported_group_factors,1e-08,808,1.0520833333333333,8.416666666666666,True,0.0008085999870672822,snapshot only,0.0,0.0
rank1_feedback_n8_T128_s9401102,rank1_feedback,8,128,9401102,96,8,768,owner_block_factors,1e-08,864,1.125,9.0,True,0.0013194999191910028,snapshot only,0.0,0.0
rank1_feedback_n8_T128_s9401102,rank1_feedback,8,128,9401102,96,8,768,kronecker_shared_input_basis,1e-08,808,1.0520833333333333,8.416666666666666,True,0.0006223000818863511,snapshot only,0.0,0.0
rank1_feedback_n8_T128_s9401102,rank1_feedback,8,128,9401102,96,8,768,immediate_support_exact_slice_plus_svd_residual,1e-08,1096,1.4270833333333333,11.416666666666666,True,8.479994721710682e-05,snapshot only,8.155319287625158e-17,1.6653345369377348e-16
rank1_feedback_n8_T128_s9401102,rank1_feedback,8,128,9401102,96,8,768,local_eligibility_plus_svd_residual,1e-08,1096,1.4270833333333333,11.416666666666666,True,7.54999928176403e-05,snapshot only,1.0229270183202108e-16,2.8102520310824275e-16
rank1_feedback_n8_T128_s9401102,rank1_feedback,8,128,9401102,96,8,768,global_svd,1e-10,832,1.0833333333333333,8.666666666666666,True,6.740004755556583e-05,snapshot only,1.1262504629236611e-15,2.886579864025407e-15
rank1_feedback_n8_T128_s9401102,rank1_feedback,8,128,9401102,96,8,768,pivoted_qr_repeated_basis,1e-10,928,1.2083333333333333,9.666666666666666,True,5.040003452450037e-05,snapshot only,2.986320054313247e-16,6.661338147750939e-16
rank1_feedback_n8_T128_s9401102,rank1_feedback,8,128,9401102,96,8,768,supported_group_factors,1e-10,808,1.0520833333333333,8.416666666666666,True,0.0006278000073507428,snapshot only,0.0,0.0
rank1_feedback_n8_T128_s9401102,rank1_feedback,8,128,9401102,96,8,768,owner_block_factors,1e-10,864,1.125,9.0,True,0.00133050000295043,snapshot only,0.0,0.0
rank1_feedback_n8_T128_s9401102,rank1_feedback,8,128,9401102,96,8,768,kronecker_shared_input_basis,1e-10,808,1.0520833333333333,8.416666666666666,True,0.0006014000391587615,snapshot only,0.0,0.0
rank1_feedback_n8_T128_s9401102,rank1_feedback,8,128,9401102,96,8,768,immediate_support_exact_slice_plus_svd_residual,1e-10,1096,1.4270833333333333,11.416666666666666,True,8.509994950145483e-05,snapshot only,8.155319287625158e-17,1.6653345369377348e-16
rank1_feedback_n8_T128_s9401102,rank1_feedback,8,128,9401102,96,8,768,local_eligibility_plus_svd_residual,1e-10,1096,1.4270833333333333,11.416666666666666,True,7.600011304020882e-05,snapshot only,1.0229270183202108e-16,2.8102520310824275e-16
rank1_feedback_n8_T128_s9401102,rank1_feedback,8,128,9401102,96,8,768,global_svd,1e-12,832,1.0833333333333333,8.666666666666666,True,6.749993190169334e-05,snapshot only,1.1262504629236611e-15,2.886579864025407e-15
rank1_feedback_n8_T128_s9401102,rank1_feedback,8,128,9401102,96,8,768,pivoted_qr_repeated_basis,1e-12,928,1.2083333333333333,9.666666666666666,True,4.880002234131098e-05,snapshot only,2.986320054313247e-16,6.661338147750939e-16
rank1_feedback_n8_T128_s9401102,rank1_feedback,8,128,9401102,96,8,768,supported_group_factors,1e-12,808,1.0520833333333333,8.416666666666666,True,0.000990200089290738,snapshot only,0.0,0.0
rank1_feedback_n8_T128_s9401102,rank1_feedback,8,128,9401102,96,8,768,owner_block_factors,1e-12,864,1.125,9.0,True,0.001331700012087822,snapshot only,0.0,0.0
rank1_feedback_n8_T128_s9401102,rank1_feedback,8,128,9401102,96,8,768,kronecker_shared_input_basis,1e-12,808,1.0520833333333333,8.416666666666666,True,0.0006157000316306949,snapshot only,0.0,0.0
rank1_feedback_n8_T128_s9401102,rank1_feedback,8,128,9401102,96,8,768,immediate_support_exact_slice_plus_svd_residual,1e-12,1096,1.4270833333333333,11.416666666666666,True,8.580007124692202e-05,snapshot only,8.155319287625158e-17,1.6653345369377348e-16
rank1_feedback_n8_T128_s9401102,rank1_feedback,8,128,9401102,96,8,768,local_eligibility_plus_svd_residual,1e-12,1096,1.4270833333333333,11.416666666666666,True,0.00012390001211315393,snapshot only,1.0229270183202108e-16,2.8102520310824275e-16
rank1_feedback_n8_T128_s9401103,rank1_feedback,8,128,9401103,96,8,768,full_matrix,1e-08,768,1.0,8.0,True,6.00004568696022e-07,online baseline,0.0,0.0
rank1_feedback_n8_T128_s9401103,rank1_feedback,8,128,9401103,96,8,768,coordinate_sparse,1e-08,1536,2.0,16.0,True,1.650000922381878e-05,snapshot only,0.0,0.0
rank1_feedback_n8_T128_s9401103,rank1_feedback,8,128,9401103,96,8,768,block_sparse_triangular,1e-08,872,1.1354166666666667,9.083333333333334,True,1.5300000086426735e-05,known closed online block recurrence,0.0,0.0
rank1_feedback_n8_T128_s9401103,rank1_feedback,8,128,9401103,96,8,768,global_svd,1e-08,832,1.0833333333333333,8.666666666666666,True,0.00010240008123219013,snapshot only,9.557223230670607e-16,1.8388068845354155e-15
rank1_feedback_n8_T128_s9401103,rank1_feedback,8,128,9401103,96,8,768,pivoted_qr_repeated_basis,1e-08,928,1.2083333333333333,9.666666666666666,True,6.400002166628838e-05,snapshot only,3.6071426459187386e-16,6.661338147750939e-16
rank1_feedback_n8_T128_s9401103,rank1_feedback,8,128,9401103,96,8,768,supported_group_factors,1e-08,808,1.0520833333333333,8.416666666666666,True,0.0006989000830799341,snapshot only,0.0,0.0
rank1_feedback_n8_T128_s9401103,rank1_feedback,8,128,9401103,96,8,768,owner_block_factors,1e-08,864,1.125,9.0,True,0.0013615000061690807,snapshot only,0.0,0.0
rank1_feedback_n8_T128_s9401103,rank1_feedback,8,128,9401103,96,8,768,kronecker_shared_input_basis,1e-08,808,1.0520833333333333,8.416666666666666,True,0.0006735000060871243,snapshot only,0.0,0.0
rank1_feedback_n8_T128_s9401103,rank1_feedback,8,128,9401103,96,8,768,immediate_support_exact_slice_plus_svd_residual,1e-08,1096,1.4270833333333333,11.416666666666666,True,9.210000280290842e-05,snapshot only,2.6963313559128645e-17,5.898059818321144e-17
rank1_feedback_n8_T128_s9401103,rank1_feedback,8,128,9401103,96,8,768,local_eligibility_plus_svd_residual,1e-08,1096,1.4270833333333333,11.416666666666666,True,8.319993503391743e-05,snapshot only,9.558444526050643e-17,1.942890293094024e-16
rank1_feedback_n8_T128_s9401103,rank1_feedback,8,128,9401103,96,8,768,global_svd,1e-10,832,1.0833333333333333,8.666666666666666,True,7.660000119358301e-05,snapshot only,9.557223230670607e-16,1.8388068845354155e-15
rank1_feedback_n8_T128_s9401103,rank1_feedback,8,128,9401103,96,8,768,pivoted_qr_repeated_basis,1e-10,928,1.2083333333333333,9.666666666666666,True,5.7699973694980145e-05,snapshot only,3.6071426459187386e-16,6.661338147750939e-16
rank1_feedback_n8_T128_s9401103,rank1_feedback,8,128,9401103,96,8,768,supported_group_factors,1e-10,808,1.0520833333333333,8.416666666666666,True,0.0006770000327378511,snapshot only,0.0,0.0
rank1_feedback_n8_T128_s9401103,rank1_feedback,8,128,9401103,96,8,768,owner_block_factors,1e-10,864,1.125,9.0,True,0.0013800000306218863,snapshot only,0.0,0.0
rank1_feedback_n8_T128_s9401103,rank1_feedback,8,128,9401103,96,8,768,kronecker_shared_input_basis,1e-10,808,1.0520833333333333,8.416666666666666,True,0.0006476000417023897,snapshot only,0.0,0.0
rank1_feedback_n8_T128_s9401103,rank1_feedback,8,128,9401103,96,8,768,immediate_support_exact_slice_plus_svd_residual,1e-10,1096,1.4270833333333333,11.416666666666666,True,0.00010160007514059544,snapshot only,2.6963313559128645e-17,5.898059818321144e-17
rank1_feedback_n8_T128_s9401103,rank1_feedback,8,128,9401103,96,8,768,local_eligibility_plus_svd_residual,1e-10,1096,1.4270833333333333,11.416666666666666,True,8.579995483160019e-05,snapshot only,9.558444526050643e-17,1.942890293094024e-16
rank1_feedback_n8_T128_s9401103,rank1_feedback,8,128,9401103,96,8,768,global_svd,1e-12,832,1.0833333333333333,8.666666666666666,True,7.90000194683671e-05,snapshot only,9.557223230670607e-16,1.8388068845354155e-15
rank1_feedback_n8_T128_s9401103,rank1_feedback,8,128,9401103,96,8,768,pivoted_qr_repeated_basis,1e-12,928,1.2083333333333333,9.666666666666666,True,5.5999960750341415e-05,snapshot only,3.6071426459187386e-16,6.661338147750939e-16
rank1_feedback_n8_T128_s9401103,rank1_feedback,8,128,9401103,96,8,768,supported_group_factors,1e-12,808,1.0520833333333333,8.416666666666666,True,0.0010731000220403075,snapshot only,0.0,0.0
rank1_feedback_n8_T128_s9401103,rank1_feedback,8,128,9401103,96,8,768,owner_block_factors,1e-12,864,1.125,9.0,True,0.001599599956534803,snapshot only,0.0,0.0
rank1_feedback_n8_T128_s9401103,rank1_feedback,8,128,9401103,96,8,768,kronecker_shared_input_basis,1e-12,808,1.0520833333333333,8.416666666666666,True,0.0006920000305399299,snapshot only,0.0,0.0
rank1_feedback_n8_T128_s9401103,rank1_feedback,8,128,9401103,96,8,768,immediate_support_exact_slice_plus_svd_residual,1e-12,1096,1.4270833333333333,11.416666666666666,True,9.109999518841505e-05,snapshot only,2.6963313559128645e-17,5.898059818321144e-17
rank1_feedback_n8_T128_s9401103,rank1_feedback,8,128,9401103,96,8,768,local_eligibility_plus_svd_residual,1e-12,1096,1.4270833333333333,11.416666666666666,True,9.029998909682035e-05,snapshot only,9.558444526050643e-17,1.942890293094024e-16
rank1_feedback_n8_T128_s9401104,rank1_feedback,8,128,9401104,96,8,768,full_matrix,1e-08,768,1.0,8.0,True,6.00004568696022e-07,online baseline,0.0,0.0
rank1_feedback_n8_T128_s9401104,rank1_feedback,8,128,9401104,96,8,768,coordinate_sparse,1e-08,1536,2.0,16.0,True,1.5300000086426735e-05,snapshot only,0.0,0.0
rank1_feedback_n8_T128_s9401104,rank1_feedback,8,128,9401104,96,8,768,block_sparse_triangular,1e-08,872,1.1354166666666667,9.083333333333334,True,1.4999997802078724e-05,known closed online block recurrence,0.0,0.0
rank1_feedback_n8_T128_s9401104,rank1_feedback,8,128,9401104,96,8,768,global_svd,1e-08,832,1.0833333333333333,8.666666666666666,True,0.00010219996329396963,snapshot only,1.2203607448353997e-15,1.9984014443252818e-15
rank1_feedback_n8_T128_s9401104,rank1_feedback,8,128,9401104,96,8,768,pivoted_qr_repeated_basis,1e-08,928,1.2083333333333333,9.666666666666666,True,6.200000643730164e-05,snapshot only,6.479949036228425e-16,1.9984014443252818e-15
rank1_feedback_n8_T128_s9401104,rank1_feedback,8,128,9401104,96,8,768,supported_group_factors,1e-08,808,1.0520833333333333,8.416666666666666,True,0.0006818000692874193,snapshot only,0.0,0.0
rank1_feedback_n8_T128_s9401104,rank1_feedback,8,128,9401104,96,8,768,owner_block_factors,1e-08,864,1.125,9.0,True,0.0015582999913021922,snapshot only,0.0,0.0
rank1_feedback_n8_T128_s9401104,rank1_feedback,8,128,9401104,96,8,768,kronecker_shared_input_basis,1e-08,808,1.0520833333333333,8.416666666666666,True,0.0006495999405160546,snapshot only,0.0,0.0
rank1_feedback_n8_T128_s9401104,rank1_feedback,8,128,9401104,96,8,768,immediate_support_exact_slice_plus_svd_residual,1e-08,1096,1.4270833333333333,11.416666666666666,True,8.759996853768826e-05,snapshot only,3.808443483344552e-17,6.591949208711867e-17
rank1_feedback_n8_T128_s9401104,rank1_feedback,8,128,9401104,96,8,768,local_eligibility_plus_svd_residual,1e-08,1096,1.4270833333333333,11.416666666666666,True,8.020002860575914e-05,snapshot only,3.505127118734199e-17,6.591949208711867e-17
rank1_feedback_n8_T128_s9401104,rank1_feedback,8,128,9401104,96,8,768,global_svd,1e-10,832,1.0833333333333333,8.666666666666666,True,7.079995702952147e-05,snapshot only,1.2203607448353997e-15,1.9984014443252818e-15
rank1_feedback_n8_T128_s9401104,rank1_feedback,8,128,9401104,96,8,768,pivoted_qr_repeated_basis,1e-10,928,1.2083333333333333,9.666666666666666,True,5.030003376305103e-05,snapshot only,6.479949036228425e-16,1.9984014443252818e-15
rank1_feedback_n8_T128_s9401104,rank1_feedback,8,128,9401104,96,8,768,supported_group_factors,1e-10,808,1.0520833333333333,8.416666666666666,True,0.0006599000189453363,snapshot only,0.0,0.0
rank1_feedback_n8_T128_s9401104,rank1_feedback,8,128,9401104,96,8,768,owner_block_factors,1e-10,864,1.125,9.0,True,0.0013785000192001462,snapshot only,0.0,0.0
rank1_feedback_n8_T128_s9401104,rank1_feedback,8,128,9401104,96,8,768,kronecker_shared_input_basis,1e-10,808,1.0520833333333333,8.416666666666666,True,0.0006418999982997775,snapshot only,0.0,0.0
rank1_feedback_n8_T128_s9401104,rank1_feedback,8,128,9401104,96,8,768,immediate_support_exact_slice_plus_svd_residual,1e-10,1096,1.4270833333333333,11.416666666666666,True,9.06999921426177e-05,snapshot only,3.808443483344552e-17,6.591949208711867e-17
rank1_feedback_n8_T128_s9401104,rank1_feedback,8,128,9401104,96,8,768,local_eligibility_plus_svd_residual,1e-10,1096,1.4270833333333333,11.416666666666666,True,8.010002784430981e-05,snapshot only,3.505127118734199e-17,6.591949208711867e-17
rank1_feedback_n8_T128_s9401104,rank1_feedback,8,128,9401104,96,8,768,global_svd,1e-12,832,1.0833333333333333,8.666666666666666,True,7.149996235966682e-05,snapshot only,1.2203607448353997e-15,1.9984014443252818e-15
rank1_feedback_n8_T128_s9401104,rank1_feedback,8,128,9401104,96,8,768,pivoted_qr_repeated_basis,1e-12,928,1.2083333333333333,9.666666666666666,True,4.910002462565899e-05,snapshot only,6.479949036228425e-16,1.9984014443252818e-15
rank1_feedback_n8_T128_s9401104,rank1_feedback,8,128,9401104,96,8,768,supported_group_factors,1e-12,808,1.0520833333333333,8.416666666666666,True,0.0006539999740198255,snapshot only,0.0,0.0
rank1_feedback_n8_T128_s9401104,rank1_feedback,8,128,9401104,96,8,768,owner_block_factors,1e-12,864,1.125,9.0,True,0.0013394999550655484,snapshot only,0.0,0.0
rank1_feedback_n8_T128_s9401104,rank1_feedback,8,128,9401104,96,8,768,kronecker_shared_input_basis,1e-12,808,1.0520833333333333,8.416666666666666,True,0.0006347000598907471,snapshot only,0.0,0.0
rank1_feedback_n8_T128_s9401104,rank1_feedback,8,128,9401104,96,8,768,immediate_support_exact_slice_plus_svd_residual,1e-12,1096,1.4270833333333333,11.416666666666666,True,8.509994950145483e-05,snapshot only,3.808443483344552e-17,6.591949208711867e-17
rank1_feedback_n8_T128_s9401104,rank1_feedback,8,128,9401104,96,8,768,local_eligibility_plus_svd_residual,1e-12,1096,1.4270833333333333,11.416666666666666,True,8.110003545880318e-05,snapshot only,3.505127118734199e-17,6.591949208711867e-17
rank1_feedback_n16_T32_s9401100,rank1_feedback,16,32,9401100,320,16,5120,full_matrix,1e-08,5120,1.0,16.0,True,7.00005330145359e-07,online baseline,0.0,0.0
rank1_feedback_n16_T32_s9401100,rank1_feedback,16,32,9401100,320,16,5120,coordinate_sparse,1e-08,10240,2.0,32.0,True,2.4499953724443913e-05,snapshot only,0.0,0.0
rank1_feedback_n16_T32_s9401100,rank1_feedback,16,32,9401100,320,16,5120,block_sparse_triangular,1e-08,5456,1.065625,17.05,True,3.160000778734684e-05,known closed online block recurrence,0.0,0.0
rank1_feedback_n16_T32_s9401100,rank1_feedback,16,32,9401100,320,16,5120,global_svd,1e-08,5376,1.05,16.8,True,0.00022310006897896528,snapshot only,2.45957387054606e-15,1.030078800035028e-14
rank1_feedback_n16_T32_s9401100,rank1_feedback,16,32,9401100,320,16,5120,pivoted_qr_repeated_basis,1e-08,5696,1.1125,17.8,True,9.549991227686405e-05,snapshot only,3.8712578192578757e-16,8.881784197001252e-16
rank1_feedback_n16_T32_s9401100,rank1_feedback,16,32,9401100,320,16,5120,supported_group_factors,1e-08,5200,1.015625,16.25,True,0.0011163000017404556,snapshot only,0.0,0.0
rank1_feedback_n16_T32_s9401100,rank1_feedback,16,32,9401100,320,16,5120,owner_block_factors,1e-08,5440,1.0625,17.0,True,0.003195700002834201,snapshot only,0.0,0.0
rank1_feedback_n16_T32_s9401100,rank1_feedback,16,32,9401100,320,16,5120,kronecker_shared_input_basis,1e-08,4912,0.959375,15.35,True,0.001093899947591126,snapshot only,3.2304202529575845e-09,4.487157381771745e-09
rank1_feedback_n16_T32_s9401100,rank1_feedback,16,32,9401100,320,16,5120,immediate_support_exact_slice_plus_svd_residual,1e-08,6288,1.228125,19.65,True,0.00019639998208731413,snapshot only,5.2411328662076564e-17,2.220446049250313e-16
rank1_feedback_n16_T32_s9401100,rank1_feedback,16,32,9401100,320,16,5120,local_eligibility_plus_svd_residual,1e-08,6288,1.228125,19.65,True,0.00017699995078146458,snapshot only,4.435482381765236e-17,1.249000902703301e-16
rank1_feedback_n16_T32_s9401100,rank1_feedback,16,32,9401100,320,16,5120,global_svd,1e-10,5376,1.05,16.8,True,0.00016649998724460602,snapshot only,2.45957387054606e-15,1.030078800035028e-14
rank1_feedback_n16_T32_s9401100,rank1_feedback,16,32,9401100,320,16,5120,pivoted_qr_repeated_basis,1e-10,5696,1.1125,17.8,True,9.700004011392593e-05,snapshot only,3.8712578192578757e-16,8.881784197001252e-16
rank1_feedback_n16_T32_s9401100,rank1_feedback,16,32,9401100,320,16,5120,supported_group_factors,1e-10,5200,1.015625,16.25,True,0.0011304999934509397,snapshot only,0.0,0.0
rank1_feedback_n16_T32_s9401100,rank1_feedback,16,32,9401100,320,16,5120,owner_block_factors,1e-10,5440,1.0625,17.0,True,0.0030918000265955925,snapshot only,0.0,0.0
rank1_feedback_n16_T32_s9401100,rank1_feedback,16,32,9401100,320,16,5120,kronecker_shared_input_basis,1e-10,5200,1.015625,16.25,True,0.0010820000898092985,snapshot only,0.0,0.0
rank1_feedback_n16_T32_s9401100,rank1_feedback,16,32,9401100,320,16,5120,immediate_support_exact_slice_plus_svd_residual,1e-10,6288,1.228125,19.65,True,0.00018089998047798872,snapshot only,5.2411328662076564e-17,2.220446049250313e-16
rank1_feedback_n16_T32_s9401100,rank1_feedback,16,32,9401100,320,16,5120,local_eligibility_plus_svd_residual,1e-10,6288,1.228125,19.65,True,0.00017310003750026226,snapshot only,4.435482381765236e-17,1.249000902703301e-16
rank1_feedback_n16_T32_s9401100,rank1_feedback,16,32,9401100,320,16,5120,global_svd,1e-12,5376,1.05,16.8,True,0.00015780003741383553,snapshot only,2.45957387054606e-15,1.030078800035028e-14
rank1_feedback_n16_T32_s9401100,rank1_feedback,16,32,9401100,320,16,5120,pivoted_qr_repeated_basis,1e-12,5696,1.1125,17.8,True,8.839997462928295e-05,snapshot only,3.8712578192578757e-16,8.881784197001252e-16
rank1_feedback_n16_T32_s9401100,rank1_feedback,16,32,9401100,320,16,5120,supported_group_factors,1e-12,5200,1.015625,16.25,True,0.0011039999080821872,snapshot only,0.0,0.0
rank1_feedback_n16_T32_s9401100,rank1_feedback,16,32,9401100,320,16,5120,owner_block_factors,1e-12,5440,1.0625,17.0,True,0.003451599972322583,snapshot only,0.0,0.0
rank1_feedback_n16_T32_s9401100,rank1_feedback,16,32,9401100,320,16,5120,kronecker_shared_input_basis,1e-12,5200,1.015625,16.25,True,0.001105800038203597,snapshot only,0.0,0.0
rank1_feedback_n16_T32_s9401100,rank1_feedback,16,32,9401100,320,16,5120,immediate_support_exact_slice_plus_svd_residual,1e-12,6288,1.228125,19.65,True,0.0001889999257400632,snapshot only,5.2411328662076564e-17,2.220446049250313e-16
rank1_feedback_n16_T32_s9401100,rank1_feedback,16,32,9401100,320,16,5120,local_eligibility_plus_svd_residual,1e-12,6288,1.228125,19.65,True,0.00017730006948113441,snapshot only,4.435482381765236e-17,1.249000902703301e-16
rank1_feedback_n16_T32_s9401101,rank1_feedback,16,32,9401101,320,16,5120,full_matrix,1e-08,5120,1.0,16.0,True,7.00005330145359e-07,online baseline,0.0,0.0
rank1_feedback_n16_T32_s9401101,rank1_feedback,16,32,9401101,320,16,5120,coordinate_sparse,1e-08,10240,2.0,32.0,True,2.410006709396839e-05,snapshot only,0.0,0.0
rank1_feedback_n16_T32_s9401101,rank1_feedback,16,32,9401101,320,16,5120,block_sparse_triangular,1e-08,5456,1.065625,17.05,True,2.489995677024126e-05,known closed online block recurrence,0.0,0.0
rank1_feedback_n16_T32_s9401101,rank1_feedback,16,32,9401101,320,16,5120,global_svd,1e-08,5376,1.05,16.8,True,0.00020569993648678064,snapshot only,1.4529845436342033e-15,3.3306690738754696e-15
rank1_feedback_n16_T32_s9401101,rank1_feedback,16,32,9401101,320,16,5120,pivoted_qr_repeated_basis,1e-08,5696,1.1125,17.8,True,0.00010599999222904444,snapshot only,3.779658504698986e-16,7.320533068622126e-16
rank1_feedback_n16_T32_s9401101,rank1_feedback,16,32,9401101,320,16,5120,supported_group_factors,1e-08,5200,1.015625,16.25,True,0.001178800011985004,snapshot only,0.0,0.0
rank1_feedback_n16_T32_s9401101,rank1_feedback,16,32,9401101,320,16,5120,owner_block_factors,1e-08,5440,1.0625,17.0,True,0.0036542000016197562,snapshot only,0.0,0.0
rank1_feedback_n16_T32_s9401101,rank1_feedback,16,32,9401101,320,16,5120,kronecker_shared_input_basis,1e-08,5184,1.0125,16.2,True,0.0011523000430315733,snapshot only,1.6173323498759607e-09,2.4748263966574077e-09
rank1_feedback_n16_T32_s9401101,rank1_feedback,16,32,9401101,320,16,5120,immediate_support_exact_slice_plus_svd_residual,1e-08,6288,1.228125,19.65,True,0.00019429996609687805,snapshot only,6.102497866253704e-17,1.8735013540549517e-16
rank1_feedback_n16_T32_s9401101,rank1_feedback,16,32,9401101,320,16,5120,local_eligibility_plus_svd_residual,1e-08,6288,1.228125,19.65,True,0.0001908999402076006,snapshot only,5.290171495559079e-17,1.5265566588595902e-16
rank1_feedback_n16_T32_s9401101,rank1_feedback,16,32,9401101,320,16,5120,global_svd,1e-10,5376,1.05,16.8,True,0.00018420000560581684,snapshot only,1.4529845436342033e-15,3.3306690738754696e-15
rank1_feedback_n16_T32_s9401101,rank1_feedback,16,32,9401101,320,16,5120,pivoted_qr_repeated_basis,1e-10,5696,1.1125,17.8,True,0.0001058999914675951,snapshot only,3.779658504698986e-16,7.320533068622126e-16
rank1_feedback_n16_T32_s9401101,rank1_feedback,16,32,9401101,320,16,5120,supported_group_factors,1e-10,5200,1.015625,16.25,True,0.0012379999971017241,snapshot only,0.0,0.0
rank1_feedback_n16_T32_s9401101,rank1_feedback,16,32,9401101,320,16,5120,owner_block_factors,1e-10,5440,1.0625,17.0,True,0.003094599931500852,snapshot only,0.0,0.0
rank1_feedback_n16_T32_s9401101,rank1_feedback,16,32,9401101,320,16,5120,kronecker_shared_input_basis,1e-10,5200,1.015625,16.25,True,0.0011212000390514731,snapshot only,0.0,0.0
rank1_feedback_n16_T32_s9401101,rank1_feedback,16,32,9401101,320,16,5120,immediate_support_exact_slice_plus_svd_residual,1e-10,6288,1.228125,19.65,True,0.00017899996601045132,snapshot only,6.102497866253704e-17,1.8735013540549517e-16
rank1_feedback_n16_T32_s9401101,rank1_feedback,16,32,9401101,320,16,5120,local_eligibility_plus_svd_residual,1e-10,6288,1.228125,19.65,True,0.00017260003369301558,snapshot only,5.290171495559079e-17,1.5265566588595902e-16
rank1_feedback_n16_T32_s9401101,rank1_feedback,16,32,9401101,320,16,5120,global_svd,1e-12,5376,1.05,16.8,True,0.00016000005416572094,snapshot only,1.4529845436342033e-15,3.3306690738754696e-15
rank1_feedback_n16_T32_s9401101,rank1_feedback,16,32,9401101,320,16,5120,pivoted_qr_repeated_basis,1e-12,5696,1.1125,17.8,True,9.719992522150278e-05,snapshot only,3.779658504698986e-16,7.320533068622126e-16
rank1_feedback_n16_T32_s9401101,rank1_feedback,16,32,9401101,320,16,5120,supported_group_factors,1e-12,5200,1.015625,16.25,True,0.0011422999668866396,snapshot only,0.0,0.0
rank1_feedback_n16_T32_s9401101,rank1_feedback,16,32,9401101,320,16,5120,owner_block_factors,1e-12,5440,1.0625,17.0,True,0.0037685000570490956,snapshot only,0.0,0.0
rank1_feedback_n16_T32_s9401101,rank1_feedback,16,32,9401101,320,16,5120,kronecker_shared_input_basis,1e-12,5200,1.015625,16.25,True,0.0011980000417679548,snapshot only,0.0,0.0
rank1_feedback_n16_T32_s9401101,rank1_feedback,16,32,9401101,320,16,5120,immediate_support_exact_slice_plus_svd_residual,1e-12,6288,1.228125,19.65,True,0.00021020008716732264,snapshot only,6.102497866253704e-17,1.8735013540549517e-16
rank1_feedback_n16_T32_s9401101,rank1_feedback,16,32,9401101,320,16,5120,local_eligibility_plus_svd_residual,1e-12,6288,1.228125,19.65,True,0.00019010005053132772,snapshot only,5.290171495559079e-17,1.5265566588595902e-16
rank1_feedback_n16_T32_s9401102,rank1_feedback,16,32,9401102,320,16,5120,full_matrix,1e-08,5120,1.0,16.0,True,8.00006091594696e-07,online baseline,0.0,0.0
rank1_feedback_n16_T32_s9401102,rank1_feedback,16,32,9401102,320,16,5120,coordinate_sparse,1e-08,10240,2.0,32.0,True,2.5499961338937283e-05,snapshot only,0.0,0.0
rank1_feedback_n16_T32_s9401102,rank1_feedback,16,32,9401102,320,16,5120,block_sparse_triangular,1e-08,5456,1.065625,17.05,True,2.6300083845853806e-05,known closed online block recurrence,0.0,0.0
rank1_feedback_n16_T32_s9401102,rank1_feedback,16,32,9401102,320,16,5120,global_svd,1e-08,5376,1.05,16.8,True,0.00019419996533542871,snapshot only,1.138596335281423e-15,3.3306690738754696e-15
rank1_feedback_n16_T32_s9401102,rank1_feedback,16,32,9401102,320,16,5120,pivoted_qr_repeated_basis,1e-08,5696,1.1125,17.8,True,9.929994121193886e-05,snapshot only,4.595993572090725e-16,1.1102230246251565e-15
rank1_feedback_n16_T32_s9401102,rank1_feedback,16,32,9401102,320,16,5120,supported_group_factors,1e-08,5200,1.015625,16.25,True,0.0014710999093949795,snapshot only,0.0,0.0
rank1_feedback_n16_T32_s9401102,rank1_feedback,16,32,9401102,320,16,5120,owner_block_factors,1e-08,5440,1.0625,17.0,True,0.0030248999828472733,snapshot only,0.0,0.0
rank1_feedback_n16_T32_s9401102,rank1_feedback,16,32,9401102,320,16,5120,kronecker_shared_input_basis,1e-08,5184,1.0125,16.2,True,0.0010782999452203512,snapshot only,2.5771503763261406e-09,2.8687850428532613e-09
rank1_feedback_n16_T32_s9401102,rank1_feedback,16,32,9401102,320,16,5120,immediate_support_exact_slice_plus_svd_residual,1e-08,6288,1.228125,19.65,True,0.00018560001626610756,snapshot only,8.117146231940419e-17,2.636779683484747e-16
rank1_feedback_n16_T32_s9401102,rank1_feedback,16,32,9401102,320,16,5120,local_eligibility_plus_svd_residual,1e-08,6288,1.228125,19.65,True,0.00017040001694113016,snapshot only,6.149776782438942e-17,2.220446049250313e-16
rank1_feedback_n16_T32_s9401102,rank1_feedback,16,32,9401102,320,16,5120,global_svd,1e-10,5376,1.05,16.8,True,0.0001577000366523862,snapshot only,1.138596335281423e-15,3.3306690738754696e-15
rank1_feedback_n16_T32_s9401102,rank1_feedback,16,32,9401102,320,16,5120,pivoted_qr_repeated_basis,1e-10,5696,1.1125,17.8,True,9.250000584870577e-05,snapshot only,4.595993572090725e-16,1.1102230246251565e-15
rank1_feedback_n16_T32_s9401102,rank1_feedback,16,32,9401102,320,16,5120,supported_group_factors,1e-10,5200,1.015625,16.25,True,0.0011180998990312219,snapshot only,0.0,0.0
rank1_feedback_n16_T32_s9401102,rank1_feedback,16,32,9401102,320,16,5120,owner_block_factors,1e-10,5440,1.0625,17.0,True,0.0030741000082343817,snapshot only,0.0,0.0
rank1_feedback_n16_T32_s9401102,rank1_feedback,16,32,9401102,320,16,5120,kronecker_shared_input_basis,1e-10,5200,1.015625,16.25,True,0.0010839999886229634,snapshot only,0.0,0.0
rank1_feedback_n16_T32_s9401102,rank1_feedback,16,32,9401102,320,16,5120,immediate_support_exact_slice_plus_svd_residual,1e-10,6288,1.228125,19.65,True,0.00018049997743219137,snapshot only,8.117146231940419e-17,2.636779683484747e-16
rank1_feedback_n16_T32_s9401102,rank1_feedback,16,32,9401102,320,16,5120,local_eligibility_plus_svd_residual,1e-10,6288,1.228125,19.65,True,0.0001767999492585659,snapshot only,6.149776782438942e-17,2.220446049250313e-16
rank1_feedback_n16_T32_s9401102,rank1_feedback,16,32,9401102,320,16,5120,global_svd,1e-12,5376,1.05,16.8,True,0.00015949993394315243,snapshot only,1.138596335281423e-15,3.3306690738754696e-15
rank1_feedback_n16_T32_s9401102,rank1_feedback,16,32,9401102,320,16,5120,pivoted_qr_repeated_basis,1e-12,5696,1.1125,17.8,True,9.300000965595245e-05,snapshot only,4.595993572090725e-16,1.1102230246251565e-15
rank1_feedback_n16_T32_s9401102,rank1_feedback,16,32,9401102,320,16,5120,supported_group_factors,1e-12,5200,1.015625,16.25,True,0.0013703000731766224,snapshot only,0.0,0.0
rank1_feedback_n16_T32_s9401102,rank1_feedback,16,32,9401102,320,16,5120,owner_block_factors,1e-12,5440,1.0625,17.0,True,0.003196000005118549,snapshot only,0.0,0.0
rank1_feedback_n16_T32_s9401102,rank1_feedback,16,32,9401102,320,16,5120,kronecker_shared_input_basis,1e-12,5200,1.015625,16.25,True,0.0011709999525919557,snapshot only,0.0,0.0
rank1_feedback_n16_T32_s9401102,rank1_feedback,16,32,9401102,320,16,5120,immediate_support_exact_slice_plus_svd_residual,1e-12,6288,1.228125,19.65,True,0.00019290007185190916,snapshot only,8.117146231940419e-17,2.636779683484747e-16
rank1_feedback_n16_T32_s9401102,rank1_feedback,16,32,9401102,320,16,5120,local_eligibility_plus_svd_residual,1e-12,6288,1.228125,19.65,True,0.0001810999820008874,snapshot only,6.149776782438942e-17,2.220446049250313e-16
rank1_feedback_n16_T32_s9401103,rank1_feedback,16,32,9401103,320,16,5120,full_matrix,1e-08,5120,1.0,16.0,True,7.00005330145359e-07,online baseline,0.0,0.0
rank1_feedback_n16_T32_s9401103,rank1_feedback,16,32,9401103,320,16,5120,coordinate_sparse,1e-08,10240,2.0,32.0,True,2.22999369725585e-05,snapshot only,0.0,0.0
rank1_feedback_n16_T32_s9401103,rank1_feedback,16,32,9401103,320,16,5120,block_sparse_triangular,1e-08,5456,1.065625,17.05,True,2.4900073185563087e-05,known closed online block recurrence,0.0,0.0
rank1_feedback_n16_T32_s9401103,rank1_feedback,16,32,9401103,320,16,5120,global_svd,1e-08,5376,1.05,16.8,True,0.00019050005357712507,snapshot only,1.3481635672239227e-15,3.9968028886505635e-15
rank1_feedback_n16_T32_s9401103,rank1_feedback,16,32,9401103,320,16,5120,pivoted_qr_repeated_basis,1e-08,5696,1.1125,17.8,True,9.059999138116837e-05,snapshot only,4.0509222100630724e-16,9.783840404509192e-16
rank1_feedback_n16_T32_s9401103,rank1_feedback,16,32,9401103,320,16,5120,supported_group_factors,1e-08,5200,1.015625,16.25,True,0.0011548999464139342,snapshot only,0.0,0.0
rank1_feedback_n16_T32_s9401103,rank1_feedback,16,32,9401103,320,16,5120,owner_block_factors,1e-08,5408,1.05625,16.9,True,0.002800100017338991,snapshot only,1.7685841372487394e-10,3.293892091322336e-10
rank1_feedback_n16_T32_s9401103,rank1_feedback,16,32,9401103,320,16,5120,kronecker_shared_input_basis,1e-08,5184,1.0125,16.2,True,0.0010697999969124794,snapshot only,3.0928781579658506e-09,3.1966650056169943e-09
rank1_feedback_n16_T32_s9401103,rank1_feedback,16,32,9401103,320,16,5120,immediate_support_exact_slice_plus_svd_residual,1e-08,6288,1.228125,19.65,True,0.00017790007404983044,snapshot only,3.7164276536571316e-16,8.881784197001252e-16
rank1_feedback_n16_T32_s9401103,rank1_feedback,16,32,9401103,320,16,5120,local_eligibility_plus_svd_residual,1e-08,6288,1.228125,19.65,True,0.0001914000604301691,snapshot only,9.02151635525828e-17,2.220446049250313e-16
rank1_feedback_n16_T32_s9401103,rank1_feedback,16,32,9401103,320,16,5120,global_svd,1e-10,5376,1.05,16.8,True,0.00016629998572170734,snapshot only,1.3481635672239227e-15,3.9968028886505635e-15
rank1_feedback_n16_T32_s9401103,rank1_feedback,16,32,9401103,320,16,5120,pivoted_qr_repeated_basis,1e-10,5696,1.1125,17.8,True,8.819997310638428e-05,snapshot only,4.0509222100630724e-16,9.783840404509192e-16
rank1_feedback_n16_T32_s9401103,rank1_feedback,16,32,9401103,320,16,5120,supported_group_factors,1e-10,5200,1.015625,16.25,True,0.0011075000511482358,snapshot only,0.0,0.0
rank1_feedback_n16_T32_s9401103,rank1_feedback,16,32,9401103,320,16,5120,owner_block_factors,1e-10,5440,1.0625,17.0,True,0.0030324000399559736,snapshot only,0.0,0.0
rank1_feedback_n16_T32_s9401103,rank1_feedback,16,32,9401103,320,16,5120,kronecker_shared_input_basis,1e-10,5200,1.015625,16.25,True,0.0010840999893844128,snapshot only,0.0,0.0
rank1_feedback_n16_T32_s9401103,rank1_feedback,16,32,9401103,320,16,5120,immediate_support_exact_slice_plus_svd_residual,1e-10,6288,1.228125,19.65,True,0.000175100052729249,snapshot only,3.7164276536571316e-16,8.881784197001252e-16
rank1_feedback_n16_T32_s9401103,rank1_feedback,16,32,9401103,320,16,5120,local_eligibility_plus_svd_residual,1e-10,6288,1.228125,19.65,True,0.00016649998724460602,snapshot only,9.02151635525828e-17,2.220446049250313e-16
rank1_feedback_n16_T32_s9401103,rank1_feedback,16,32,9401103,320,16,5120,global_svd,1e-12,5376,1.05,16.8,True,0.00016189995221793652,snapshot only,1.3481635672239227e-15,3.9968028886505635e-15
rank1_feedback_n16_T32_s9401103,rank1_feedback,16,32,9401103,320,16,5120,pivoted_qr_repeated_basis,1e-12,5696,1.1125,17.8,True,8.319993503391743e-05,snapshot only,4.0509222100630724e-16,9.783840404509192e-16
rank1_feedback_n16_T32_s9401103,rank1_feedback,16,32,9401103,320,16,5120,supported_group_factors,1e-12,5200,1.015625,16.25,True,0.0011118999682366848,snapshot only,0.0,0.0
rank1_feedback_n16_T32_s9401103,rank1_feedback,16,32,9401103,320,16,5120,owner_block_factors,1e-12,5440,1.0625,17.0,True,0.003112899954430759,snapshot only,0.0,0.0
rank1_feedback_n16_T32_s9401103,rank1_feedback,16,32,9401103,320,16,5120,kronecker_shared_input_basis,1e-12,5200,1.015625,16.25,True,0.0010682999854907393,snapshot only,0.0,0.0
rank1_feedback_n16_T32_s9401103,rank1_feedback,16,32,9401103,320,16,5120,immediate_support_exact_slice_plus_svd_residual,1e-12,6288,1.228125,19.65,True,0.0001935999607667327,snapshot only,3.7164276536571316e-16,8.881784197001252e-16
rank1_feedback_n16_T32_s9401103,rank1_feedback,16,32,9401103,320,16,5120,local_eligibility_plus_svd_residual,1e-12,6288,1.228125,19.65,True,0.0001686000032350421,snapshot only,9.02151635525828e-17,2.220446049250313e-16
rank1_feedback_n16_T32_s9401104,rank1_feedback,16,32,9401104,320,16,5120,full_matrix,1e-08,5120,1.0,16.0,True,6.00004568696022e-07,online baseline,0.0,0.0
rank1_feedback_n16_T32_s9401104,rank1_feedback,16,32,9401104,320,16,5120,coordinate_sparse,1e-08,10240,2.0,32.0,True,2.2700056433677673e-05,snapshot only,0.0,0.0
rank1_feedback_n16_T32_s9401104,rank1_feedback,16,32,9401104,320,16,5120,block_sparse_triangular,1e-08,5456,1.065625,17.05,True,2.629996743053198e-05,known closed online block recurrence,0.0,0.0
rank1_feedback_n16_T32_s9401104,rank1_feedback,16,32,9401104,320,16,5120,global_svd,1e-08,5376,1.05,16.8,True,0.00021109997760504484,snapshot only,1.9648188587714727e-15,5.478256737134757e-15
rank1_feedback_n16_T32_s9401104,rank1_feedback,16,32,9401104,320,16,5120,pivoted_qr_repeated_basis,1e-08,5696,1.1125,17.8,True,9.620003402233124e-05,snapshot only,4.715772065134298e-16,8.881784197001252e-16
rank1_feedback_n16_T32_s9401104,rank1_feedback,16,32,9401104,320,16,5120,supported_group_factors,1e-08,5200,1.015625,16.25,True,0.0011182999005541205,snapshot only,0.0,0.0
rank1_feedback_n16_T32_s9401104,rank1_feedback,16,32,9401104,320,16,5120,owner_block_factors,1e-08,5440,1.0625,17.0,True,0.00284470000769943,snapshot only,0.0,0.0
rank1_feedback_n16_T32_s9401104,rank1_feedback,16,32,9401104,320,16,5120,kronecker_shared_input_basis,1e-08,5184,1.0125,16.2,True,0.0010484999511390924,snapshot only,1.942672923715092e-09,1.9824477701796406e-09
rank1_feedback_n16_T32_s9401104,rank1_feedback,16,32,9401104,320,16,5120,immediate_support_exact_slice_plus_svd_residual,1e-08,6288,1.228125,19.65,True,0.00017959997057914734,snapshot only,4.3388782908619076e-17,1.1102230246251565e-16
rank1_feedback_n16_T32_s9401104,rank1_feedback,16,32,9401104,320,16,5120,local_eligibility_plus_svd_residual,1e-08,6288,1.228125,19.65,True,0.0001735000405460596,snapshot only,3.5256078862151735e-17,1.0234868508263162e-16
rank1_feedback_n16_T32_s9401104,rank1_feedback,16,32,9401104,320,16,5120,global_svd,1e-10,5376,1.05,16.8,True,0.00015679991338402033,snapshot only,1.9648188587714727e-15,5.478256737134757e-15
rank1_feedback_n16_T32_s9401104,rank1_feedback,16,32,9401104,320,16,5120,pivoted_qr_repeated_basis,1e-10,5696,1.1125,17.8,True,8.809997234493494e-05,snapshot only,4.715772065134298e-16,8.881784197001252e-16
rank1_feedback_n16_T32_s9401104,rank1_feedback,16,32,9401104,320,16,5120,supported_group_factors,1e-10,5200,1.015625,16.25,True,0.0010822999756783247,snapshot only,0.0,0.0
rank1_feedback_n16_T32_s9401104,rank1_feedback,16,32,9401104,320,16,5120,owner_block_factors,1e-10,5440,1.0625,17.0,True,0.0034986999817192554,snapshot only,0.0,0.0
rank1_feedback_n16_T32_s9401104,rank1_feedback,16,32,9401104,320,16,5120,kronecker_shared_input_basis,1e-10,5200,1.015625,16.25,True,0.0011497000232338905,snapshot only,0.0,0.0
rank1_feedback_n16_T32_s9401104,rank1_feedback,16,32,9401104,320,16,5120,immediate_support_exact_slice_plus_svd_residual,1e-10,6288,1.228125,19.65,True,0.0001868000254034996,snapshot only,4.3388782908619076e-17,1.1102230246251565e-16
rank1_feedback_n16_T32_s9401104,rank1_feedback,16,32,9401104,320,16,5120,local_eligibility_plus_svd_residual,1e-10,6288,1.228125,19.65,True,0.00017410004511475563,snapshot only,3.5256078862151735e-17,1.0234868508263162e-16
rank1_feedback_n16_T32_s9401104,rank1_feedback,16,32,9401104,320,16,5120,global_svd,1e-12,5376,1.05,16.8,True,0.00016069994308054447,snapshot only,1.9648188587714727e-15,5.478256737134757e-15
rank1_feedback_n16_T32_s9401104,rank1_feedback,16,32,9401104,320,16,5120,pivoted_qr_repeated_basis,1e-12,5696,1.1125,17.8,True,8.869997691363096e-05,snapshot only,4.715772065134298e-16,8.881784197001252e-16
rank1_feedback_n16_T32_s9401104,rank1_feedback,16,32,9401104,320,16,5120,supported_group_factors,1e-12,5200,1.015625,16.25,True,0.0011331000132486224,snapshot only,0.0,0.0
rank1_feedback_n16_T32_s9401104,rank1_feedback,16,32,9401104,320,16,5120,owner_block_factors,1e-12,5440,1.0625,17.0,True,0.003177100094035268,snapshot only,0.0,0.0
rank1_feedback_n16_T32_s9401104,rank1_feedback,16,32,9401104,320,16,5120,kronecker_shared_input_basis,1e-12,5200,1.015625,16.25,True,0.0010781000601127744,snapshot only,0.0,0.0
rank1_feedback_n16_T32_s9401104,rank1_feedback,16,32,9401104,320,16,5120,immediate_support_exact_slice_plus_svd_residual,1e-12,6288,1.228125,19.65,True,0.00019159994553774595,snapshot only,4.3388782908619076e-17,1.1102230246251565e-16
rank1_feedback_n16_T32_s9401104,rank1_feedback,16,32,9401104,320,16,5120,local_eligibility_plus_svd_residual,1e-12,6288,1.228125,19.65,True,0.0001735000405460596,snapshot only,3.5256078862151735e-17,1.0234868508263162e-16
rank1_feedback_n16_T128_s9401100,rank1_feedback,16,128,9401100,320,16,5120,full_matrix,1e-08,5120,1.0,16.0,True,6.00004568696022e-07,online baseline,0.0,0.0
rank1_feedback_n16_T128_s9401100,rank1_feedback,16,128,9401100,320,16,5120,coordinate_sparse,1e-08,10240,2.0,32.0,True,2.5499961338937283e-05,snapshot only,0.0,0.0
rank1_feedback_n16_T128_s9401100,rank1_feedback,16,128,9401100,320,16,5120,block_sparse_triangular,1e-08,5456,1.065625,17.05,True,2.5300076231360435e-05,known closed online block recurrence,0.0,0.0
rank1_feedback_n16_T128_s9401100,rank1_feedback,16,128,9401100,320,16,5120,global_svd,1e-08,5376,1.05,16.8,True,0.00019349996000528336,snapshot only,2.5246790954188043e-15,9.455977667549575e-15
rank1_feedback_n16_T128_s9401100,rank1_feedback,16,128,9401100,320,16,5120,pivoted_qr_repeated_basis,1e-08,5696,1.1125,17.8,True,0.00010449998080730438,snapshot only,5.089882984906521e-16,1.5543122344752192e-15
rank1_feedback_n16_T128_s9401100,rank1_feedback,16,128,9401100,320,16,5120,supported_group_factors,1e-08,5200,1.015625,16.25,True,0.0011258000740781426,snapshot only,0.0,0.0
rank1_feedback_n16_T128_s9401100,rank1_feedback,16,128,9401100,320,16,5120,owner_block_factors,1e-08,5440,1.0625,17.0,True,0.0029633999802172184,snapshot only,0.0,0.0
rank1_feedback_n16_T128_s9401100,rank1_feedback,16,128,9401100,320,16,5120,kronecker_shared_input_basis,1e-08,4912,0.959375,15.35,True,0.0012941999593749642,snapshot only,1.8104597534204835e-09,3.140700007356334e-09
rank1_feedback_n16_T128_s9401100,rank1_feedback,16,128,9401100,320,16,5120,immediate_support_exact_slice_plus_svd_residual,1e-08,6288,1.228125,19.65,True,0.00018919992726296186,snapshot only,4.6429725705449733e-17,9.71445146547012e-17
rank1_feedback_n16_T128_s9401100,rank1_feedback,16,128,9401100,320,16,5120,local_eligibility_plus_svd_residual,1e-08,6288,1.228125,19.65,True,0.00025679997634142637,snapshot only,4.401961582452927e-17,1.249000902703301e-16
rank1_feedback_n16_T128_s9401100,rank1_feedback,16,128,9401100,320,16,5120,global_svd,1e-10,5376,1.05,16.8,True,0.00016469997353851795,snapshot only,2.5246790954188043e-15,9.455977667549575e-15
rank1_feedback_n16_T128_s9401100,rank1_feedback,16,128,9401100,320,16,5120,pivoted_qr_repeated_basis,1e-10,5696,1.1125,17.8,True,0.00010760000441223383,snapshot only,5.089882984906521e-16,1.5543122344752192e-15
rank1_feedback_n16_T128_s9401100,rank1_feedback,16,128,9401100,320,16,5120,supported_group_factors,1e-10,5200,1.015625,16.25,True,0.0011545000597834587,snapshot only,0.0,0.0
rank1_feedback_n16_T128_s9401100,rank1_feedback,16,128,9401100,320,16,5120,owner_block_factors,1e-10,5440,1.0625,17.0,True,0.0033473001094534993,snapshot only,0.0,0.0
rank1_feedback_n16_T128_s9401100,rank1_feedback,16,128,9401100,320,16,5120,kronecker_shared_input_basis,1e-10,5200,1.015625,16.25,True,0.0011764999944716692,snapshot only,0.0,0.0
rank1_feedback_n16_T128_s9401100,rank1_feedback,16,128,9401100,320,16,5120,immediate_support_exact_slice_plus_svd_residual,1e-10,6288,1.228125,19.65,True,0.00019289995543658733,snapshot only,4.6429725705449733e-17,9.71445146547012e-17
rank1_feedback_n16_T128_s9401100,rank1_feedback,16,128,9401100,320,16,5120,local_eligibility_plus_svd_residual,1e-10,6288,1.228125,19.65,True,0.00017790007404983044,snapshot only,4.401961582452927e-17,1.249000902703301e-16
rank1_feedback_n16_T128_s9401100,rank1_feedback,16,128,9401100,320,16,5120,global_svd,1e-12,5376,1.05,16.8,True,0.00015920004807412624,snapshot only,2.5246790954188043e-15,9.455977667549575e-15
rank1_feedback_n16_T128_s9401100,rank1_feedback,16,128,9401100,320,16,5120,pivoted_qr_repeated_basis,1e-12,5696,1.1125,17.8,True,0.00010570010636001825,snapshot only,5.089882984906521e-16,1.5543122344752192e-15
rank1_feedback_n16_T128_s9401100,rank1_feedback,16,128,9401100,320,16,5120,supported_group_factors,1e-12,5200,1.015625,16.25,True,0.001104900031350553,snapshot only,0.0,0.0
rank1_feedback_n16_T128_s9401100,rank1_feedback,16,128,9401100,320,16,5120,owner_block_factors,1e-12,5440,1.0625,17.0,True,0.003144799964502454,snapshot only,0.0,0.0
rank1_feedback_n16_T128_s9401100,rank1_feedback,16,128,9401100,320,16,5120,kronecker_shared_input_basis,1e-12,5200,1.015625,16.25,True,0.0010522999800741673,snapshot only,0.0,0.0
rank1_feedback_n16_T128_s9401100,rank1_feedback,16,128,9401100,320,16,5120,immediate_support_exact_slice_plus_svd_residual,1e-12,6288,1.228125,19.65,True,0.00017870008014142513,snapshot only,4.6429725705449733e-17,9.71445146547012e-17
rank1_feedback_n16_T128_s9401100,rank1_feedback,16,128,9401100,320,16,5120,local_eligibility_plus_svd_residual,1e-12,6288,1.228125,19.65,True,0.0003347999881953001,snapshot only,4.401961582452927e-17,1.249000902703301e-16
rank1_feedback_n16_T128_s9401101,rank1_feedback,16,128,9401101,320,16,5120,full_matrix,1e-08,5120,1.0,16.0,True,1.00000761449337e-06,online baseline,0.0,0.0
rank1_feedback_n16_T128_s9401101,rank1_feedback,16,128,9401101,320,16,5120,coordinate_sparse,1e-08,10240,2.0,32.0,True,2.4099950678646564e-05,snapshot only,0.0,0.0
rank1_feedback_n16_T128_s9401101,rank1_feedback,16,128,9401101,320,16,5120,block_sparse_triangular,1e-08,5456,1.065625,17.05,True,2.8199981898069382e-05,known closed online block recurrence,0.0,0.0
rank1_feedback_n16_T128_s9401101,rank1_feedback,16,128,9401101,320,16,5120,global_svd,1e-08,5376,1.05,16.8,True,0.00022759998682886362,snapshot only,1.2270521730761644e-15,2.6645352591003757e-15
rank1_feedback_n16_T128_s9401101,rank1_feedback,16,128,9401101,320,16,5120,pivoted_qr_repeated_basis,1e-08,5696,1.1125,17.8,True,0.00011289992835372686,snapshot only,3.786970010643648e-16,1.0161142760534148e-15
rank1_feedback_n16_T128_s9401101,rank1_feedback,16,128,9401101,320,16,5120,supported_group_factors,1e-08,5200,1.015625,16.25,True,0.0012506999773904681,snapshot only,0.0,0.0
rank1_feedback_n16_T128_s9401101,rank1_feedback,16,128,9401101,320,16,5120,owner_block_factors,1e-08,5440,1.0625,17.0,True,0.003278600051999092,snapshot only,0.0,0.0
rank1_feedback_n16_T128_s9401101,rank1_feedback,16,128,9401101,320,16,5120,kronecker_shared_input_basis,1e-08,5200,1.015625,16.25,True,0.001182700041681528,snapshot only,0.0,0.0
rank1_feedback_n16_T128_s9401101,rank1_feedback,16,128,9401101,320,16,5120,immediate_support_exact_slice_plus_svd_residual,1e-08,6288,1.228125,19.65,True,0.00019509997218847275,snapshot only,8.084989558084658e-17,2.0122792321330962e-16
rank1_feedback_n16_T128_s9401101,rank1_feedback,16,128,9401101,320,16,5120,local_eligibility_plus_svd_residual,1e-08,6288,1.228125,19.65,True,0.00018510001245886087,snapshot only,7.233478949194271e-17,1.5265566588595902e-16
rank1_feedback_n16_T128_s9401101,rank1_feedback,16,128,9401101,320,16,5120,global_svd,1e-10,5376,1.05,16.8,True,0.0001727000344544649,snapshot only,1.2270521730761644e-15,2.6645352591003757e-15
rank1_feedback_n16_T128_s9401101,rank1_feedback,16,128,9401101,320,16,5120,pivoted_qr_repeated_basis,1e-10,5696,1.1125,17.8,True,0.00010449998080730438,snapshot only,3.786970010643648e-16,1.0161142760534148e-15
rank1_feedback_n16_T128_s9401101,rank1_feedback,16,128,9401101,320,16,5120,supported_group_factors,1e-10,5200,1.015625,16.25,True,0.001179700018838048,snapshot only,0.0,0.0
rank1_feedback_n16_T128_s9401101,rank1_feedback,16,128,9401101,320,16,5120,owner_block_factors,1e-10,5440,1.0625,17.0,True,0.003647700068540871,snapshot only,0.0,0.0
rank1_feedback_n16_T128_s9401101,rank1_feedback,16,128,9401101,320,16,5120,kronecker_shared_input_basis,1e-10,5200,1.015625,16.25,True,0.0012619000626727939,snapshot only,0.0,0.0
rank1_feedback_n16_T128_s9401101,rank1_feedback,16,128,9401101,320,16,5120,immediate_support_exact_slice_plus_svd_residual,1e-10,6288,1.228125,19.65,True,0.00017989997286349535,snapshot only,8.084989558084658e-17,2.0122792321330962e-16
rank1_feedback_n16_T128_s9401101,rank1_feedback,16,128,9401101,320,16,5120,local_eligibility_plus_svd_residual,1e-10,6288,1.228125,19.65,True,0.00019749999046325684,snapshot only,7.233478949194271e-17,1.5265566588595902e-16
rank1_feedback_n16_T128_s9401101,rank1_feedback,16,128,9401101,320,16,5120,global_svd,1e-12,5376,1.05,16.8,True,0.00017520005349069834,snapshot only,1.2270521730761644e-15,2.6645352591003757e-15
rank1_feedback_n16_T128_s9401101,rank1_feedback,16,128,9401101,320,16,5120,pivoted_qr_repeated_basis,1e-12,5696,1.1125,17.8,True,0.00010249996557831764,snapshot only,3.786970010643648e-16,1.0161142760534148e-15
rank1_feedback_n16_T128_s9401101,rank1_feedback,16,128,9401101,320,16,5120,supported_group_factors,1e-12,5200,1.015625,16.25,True,0.0011052999179810286,snapshot only,0.0,0.0
rank1_feedback_n16_T128_s9401101,rank1_feedback,16,128,9401101,320,16,5120,owner_block_factors,1e-12,5440,1.0625,17.0,True,0.003360399976372719,snapshot only,0.0,0.0
rank1_feedback_n16_T128_s9401101,rank1_feedback,16,128,9401101,320,16,5120,kronecker_shared_input_basis,1e-12,5200,1.015625,16.25,True,0.0011286999797448516,snapshot only,0.0,0.0
rank1_feedback_n16_T128_s9401101,rank1_feedback,16,128,9401101,320,16,5120,immediate_support_exact_slice_plus_svd_residual,1e-12,6288,1.228125,19.65,True,0.00022000004537403584,snapshot only,8.084989558084658e-17,2.0122792321330962e-16
rank1_feedback_n16_T128_s9401101,rank1_feedback,16,128,9401101,320,16,5120,local_eligibility_plus_svd_residual,1e-12,6288,1.228125,19.65,True,0.0002071000635623932,snapshot only,7.233478949194271e-17,1.5265566588595902e-16
rank1_feedback_n16_T128_s9401102,rank1_feedback,16,128,9401102,320,16,5120,full_matrix,1e-08,5120,1.0,16.0,True,1.400010660290718e-06,online baseline,0.0,0.0
rank1_feedback_n16_T128_s9401102,rank1_feedback,16,128,9401102,320,16,5120,coordinate_sparse,1e-08,10240,2.0,32.0,True,2.7399975806474686e-05,snapshot only,0.0,0.0
rank1_feedback_n16_T128_s9401102,rank1_feedback,16,128,9401102,320,16,5120,block_sparse_triangular,1e-08,5456,1.065625,17.05,True,2.5799963623285294e-05,known closed online block recurrence,0.0,0.0
rank1_feedback_n16_T128_s9401102,rank1_feedback,16,128,9401102,320,16,5120,global_svd,1e-08,5376,1.05,16.8,True,0.00024049996864050627,snapshot only,2.8972230837424327e-15,7.695233339433116e-15
rank1_feedback_n16_T128_s9401102,rank1_feedback,16,128,9401102,320,16,5120,pivoted_qr_repeated_basis,1e-08,5696,1.1125,17.8,True,0.00011020002420991659,snapshot only,4.77446918925361e-16,1.3322676295501878e-15
rank1_feedback_n16_T128_s9401102,rank1_feedback,16,128,9401102,320,16,5120,supported_group_factors,1e-08,5200,1.015625,16.25,True,0.0011851999443024397,snapshot only,0.0,0.0
rank1_feedback_n16_T128_s9401102,rank1_feedback,16,128,9401102,320,16,5120,owner_block_factors,1e-08,5440,1.0625,17.0,True,0.003008799976669252,snapshot only,0.0,0.0
rank1_feedback_n16_T128_s9401102,rank1_feedback,16,128,9401102,320,16,5120,kronecker_shared_input_basis,1e-08,4912,0.959375,15.35,True,0.0011131000937893987,snapshot only,3.4484025917808297e-09,4.1332581463340845e-09
rank1_feedback_n16_T128_s9401102,rank1_feedback,16,128,9401102,320,16,5120,immediate_support_exact_slice_plus_svd_residual,1e-08,6288,1.228125,19.65,True,0.0004891999997198582,snapshot only,7.396892847232691e-17,2.2898349882893854e-16
rank1_feedback_n16_T128_s9401102,rank1_feedback,16,128,9401102,320,16,5120,local_eligibility_plus_svd_residual,1e-08,6288,1.228125,19.65,True,0.00025130005087703466,snapshot only,8.800906083518818e-17,3.8163916471489756e-16
rank1_feedback_n16_T128_s9401102,rank1_feedback,16,128,9401102,320,16,5120,global_svd,1e-10,5376,1.05,16.8,True,0.0002047999296337366,snapshot only,2.8972230837424327e-15,7.695233339433116e-15
rank1_feedback_n16_T128_s9401102,rank1_feedback,16,128,9401102,320,16,5120,pivoted_qr_repeated_basis,1e-10,5696,1.1125,17.8,True,0.00013930001296103,snapshot only,4.77446918925361e-16,1.3322676295501878e-15
rank1_feedback_n16_T128_s9401102,rank1_feedback,16,128,9401102,320,16,5120,supported_group_factors,1e-10,5200,1.015625,16.25,True,0.0016201999969780445,snapshot only,0.0,0.0
rank1_feedback_n16_T128_s9401102,rank1_feedback,16,128,9401102,320,16,5120,owner_block_factors,1e-10,5440,1.0625,17.0,True,0.004138299962505698,snapshot only,0.0,0.0
rank1_feedback_n16_T128_s9401102,rank1_feedback,16,128,9401102,320,16,5120,kronecker_shared_input_basis,1e-10,5200,1.015625,16.25,True,0.0013057999312877655,snapshot only,0.0,0.0
rank1_feedback_n16_T128_s9401102,rank1_feedback,16,128,9401102,320,16,5120,immediate_support_exact_slice_plus_svd_residual,1e-10,6288,1.228125,19.65,True,0.00022909999825060368,snapshot only,7.396892847232691e-17,2.2898349882893854e-16
rank1_feedback_n16_T128_s9401102,rank1_feedback,16,128,9401102,320,16,5120,local_eligibility_plus_svd_residual,1e-10,6288,1.228125,19.65,True,0.00019749999046325684,snapshot only,8.800906083518818e-17,3.8163916471489756e-16
rank1_feedback_n16_T128_s9401102,rank1_feedback,16,128,9401102,320,16,5120,global_svd,1e-12,5376,1.05,16.8,True,0.0001824999926611781,snapshot only,2.8972230837424327e-15,7.695233339433116e-15
rank1_feedback_n16_T128_s9401102,rank1_feedback,16,128,9401102,320,16,5120,pivoted_qr_repeated_basis,1e-12,5696,1.1125,17.8,True,0.00010830000974237919,snapshot only,4.77446918925361e-16,1.3322676295501878e-15
rank1_feedback_n16_T128_s9401102,rank1_feedback,16,128,9401102,320,16,5120,supported_group_factors,1e-12,5200,1.015625,16.25,True,0.0011798000195994973,snapshot only,0.0,0.0
rank1_feedback_n16_T128_s9401102,rank1_feedback,16,128,9401102,320,16,5120,owner_block_factors,1e-12,5440,1.0625,17.0,True,0.003536100033670664,snapshot only,0.0,0.0
rank1_feedback_n16_T128_s9401102,rank1_feedback,16,128,9401102,320,16,5120,kronecker_shared_input_basis,1e-12,5200,1.015625,16.25,True,0.0013705999590456486,snapshot only,0.0,0.0
rank1_feedback_n16_T128_s9401102,rank1_feedback,16,128,9401102,320,16,5120,immediate_support_exact_slice_plus_svd_residual,1e-12,6288,1.228125,19.65,True,0.00022649997845292091,snapshot only,7.396892847232691e-17,2.2898349882893854e-16
rank1_feedback_n16_T128_s9401102,rank1_feedback,16,128,9401102,320,16,5120,local_eligibility_plus_svd_residual,1e-12,6288,1.228125,19.65,True,0.00019070005510002375,snapshot only,8.800906083518818e-17,3.8163916471489756e-16
rank1_feedback_n16_T128_s9401103,rank1_feedback,16,128,9401103,320,16,5120,full_matrix,1e-08,5120,1.0,16.0,True,7.00005330145359e-07,online baseline,0.0,0.0
rank1_feedback_n16_T128_s9401103,rank1_feedback,16,128,9401103,320,16,5120,coordinate_sparse,1e-08,10240,2.0,32.0,True,2.280005719512701e-05,snapshot only,0.0,0.0
rank1_feedback_n16_T128_s9401103,rank1_feedback,16,128,9401103,320,16,5120,block_sparse_triangular,1e-08,5456,1.065625,17.05,True,2.4700071662664413e-05,known closed online block recurrence,0.0,0.0
rank1_feedback_n16_T128_s9401103,rank1_feedback,16,128,9401103,320,16,5120,global_svd,1e-08,5376,1.05,16.8,True,0.00028719997499138117,snapshot only,1.2202650766081209e-15,3.3306690738754696e-15
rank1_feedback_n16_T128_s9401103,rank1_feedback,16,128,9401103,320,16,5120,pivoted_qr_repeated_basis,1e-08,5696,1.1125,17.8,True,0.00011970009654760361,snapshot only,4.557741249102739e-16,8.083811398051921e-16
rank1_feedback_n16_T128_s9401103,rank1_feedback,16,128,9401103,320,16,5120,supported_group_factors,1e-08,5200,1.015625,16.25,True,0.0011527999304234982,snapshot only,0.0,0.0
rank1_feedback_n16_T128_s9401103,rank1_feedback,16,128,9401103,320,16,5120,owner_block_factors,1e-08,5376,1.05,16.8,True,0.0033883999567478895,snapshot only,9.438309815366194e-10,1.82915604066353e-09
rank1_feedback_n16_T128_s9401103,rank1_feedback,16,128,9401103,320,16,5120,kronecker_shared_input_basis,1e-08,5184,1.0125,16.2,True,0.0010695999953895807,snapshot only,2.6868685471682235e-09,4.6822672732853114e-09
rank1_feedback_n16_T128_s9401103,rank1_feedback,16,128,9401103,320,16,5120,immediate_support_exact_slice_plus_svd_residual,1e-08,6288,1.228125,19.65,True,0.00017989997286349535,snapshot only,7.228100962419802e-17,2.220446049250313e-16
rank1_feedback_n16_T128_s9401103,rank1_feedback,16,128,9401103,320,16,5120,local_eligibility_plus_svd_residual,1e-08,6288,1.228125,19.65,True,0.0001705000177025795,snapshot only,6.91219486046205e-17,2.220446049250313e-16
rank1_feedback_n16_T128_s9401103,rank1_feedback,16,128,9401103,320,16,5120,global_svd,1e-10,5376,1.05,16.8,True,0.00016030005645006895,snapshot only,1.2202650766081209e-15,3.3306690738754696e-15
rank1_feedback_n16_T128_s9401103,rank1_feedback,16,128,9401103,320,16,5120,pivoted_qr_repeated_basis,1e-10,5696,1.1125,17.8,True,8.979998528957367e-05,snapshot only,4.557741249102739e-16,8.083811398051921e-16
rank1_feedback_n16_T128_s9401103,rank1_feedback,16,128,9401103,320,16,5120,supported_group_factors,1e-10,5200,1.015625,16.25,True,0.00109479995444417,snapshot only,0.0,0.0
rank1_feedback_n16_T128_s9401103,rank1_feedback,16,128,9401103,320,16,5120,owner_block_factors,1e-10,5440,1.0625,17.0,True,0.003027800004929304,snapshot only,0.0,0.0
rank1_feedback_n16_T128_s9401103,rank1_feedback,16,128,9401103,320,16,5120,kronecker_shared_input_basis,1e-10,5200,1.015625,16.25,True,0.0010622000554576516,snapshot only,0.0,0.0
rank1_feedback_n16_T128_s9401103,rank1_feedback,16,128,9401103,320,16,5120,immediate_support_exact_slice_plus_svd_residual,1e-10,6288,1.228125,19.65,True,0.0001735000405460596,snapshot only,7.228100962419802e-17,2.220446049250313e-16
rank1_feedback_n16_T128_s9401103,rank1_feedback,16,128,9401103,320,16,5120,local_eligibility_plus_svd_residual,1e-10,6288,1.228125,19.65,True,0.00016930000856518745,snapshot only,6.91219486046205e-17,2.220446049250313e-16
rank1_feedback_n16_T128_s9401103,rank1_feedback,16,128,9401103,320,16,5120,global_svd,1e-12,5376,1.05,16.8,True,0.0001610000617802143,snapshot only,1.2202650766081209e-15,3.3306690738754696e-15
rank1_feedback_n16_T128_s9401103,rank1_feedback,16,128,9401103,320,16,5120,pivoted_qr_repeated_basis,1e-12,5696,1.1125,17.8,True,8.79999715834856e-05,snapshot only,4.557741249102739e-16,8.083811398051921e-16
rank1_feedback_n16_T128_s9401103,rank1_feedback,16,128,9401103,320,16,5120,supported_group_factors,1e-12,5200,1.015625,16.25,True,0.0010839999886229634,snapshot only,0.0,0.0
rank1_feedback_n16_T128_s9401103,rank1_feedback,16,128,9401103,320,16,5120,owner_block_factors,1e-12,5440,1.0625,17.0,True,0.003617799957282841,snapshot only,0.0,0.0
rank1_feedback_n16_T128_s9401103,rank1_feedback,16,128,9401103,320,16,5120,kronecker_shared_input_basis,1e-12,5200,1.015625,16.25,True,0.0010694999946281314,snapshot only,0.0,0.0
rank1_feedback_n16_T128_s9401103,rank1_feedback,16,128,9401103,320,16,5120,immediate_support_exact_slice_plus_svd_residual,1e-12,6288,1.228125,19.65,True,0.00018229999113827944,snapshot only,7.228100962419802e-17,2.220446049250313e-16
rank1_feedback_n16_T128_s9401103,rank1_feedback,16,128,9401103,320,16,5120,local_eligibility_plus_svd_residual,1e-12,6288,1.228125,19.65,True,0.0001732000382617116,snapshot only,6.91219486046205e-17,2.220446049250313e-16
rank1_feedback_n16_T128_s9401104,rank1_feedback,16,128,9401104,320,16,5120,full_matrix,1e-08,5120,1.0,16.0,True,7.00005330145359e-07,online baseline,0.0,0.0
rank1_feedback_n16_T128_s9401104,rank1_feedback,16,128,9401104,320,16,5120,coordinate_sparse,1e-08,10240,2.0,32.0,True,2.3099943064153194e-05,snapshot only,0.0,0.0
rank1_feedback_n16_T128_s9401104,rank1_feedback,16,128,9401104,320,16,5120,block_sparse_triangular,1e-08,5456,1.065625,17.05,True,2.4900073185563087e-05,known closed online block recurrence,0.0,0.0
rank1_feedback_n16_T128_s9401104,rank1_feedback,16,128,9401104,320,16,5120,global_svd,1e-08,5376,1.05,16.8,True,0.00019320007413625717,snapshot only,2.3946515653303912e-15,9.003214840319629e-15
rank1_feedback_n16_T128_s9401104,rank1_feedback,16,128,9401104,320,16,5120,pivoted_qr_repeated_basis,1e-08,5696,1.1125,17.8,True,0.0001020999625325203,snapshot only,3.3547925718815157e-16,7.147060721024445e-16
rank1_feedback_n16_T128_s9401104,rank1_feedback,16,128,9401104,320,16,5120,supported_group_factors,1e-08,5200,1.015625,16.25,True,0.001128799980506301,snapshot only,0.0,0.0
rank1_feedback_n16_T128_s9401104,rank1_feedback,16,128,9401104,320,16,5120,owner_block_factors,1e-08,5440,1.0625,17.0,True,0.0028785000322386622,snapshot only,0.0,0.0
rank1_feedback_n16_T128_s9401104,rank1_feedback,16,128,9401104,320,16,5120,kronecker_shared_input_basis,1e-08,5184,1.0125,16.2,True,0.001133000012487173,snapshot only,3.1057753839868365e-09,3.794219977700658e-09
rank1_feedback_n16_T128_s9401104,rank1_feedback,16,128,9401104,320,16,5120,immediate_support_exact_slice_plus_svd_residual,1e-08,6288,1.228125,19.65,True,0.0001810999820008874,snapshot only,6.536903076728713e-17,1.6653345369377348e-16
rank1_feedback_n16_T128_s9401104,rank1_feedback,16,128,9401104,320,16,5120,local_eligibility_plus_svd_residual,1e-08,6288,1.228125,19.65,True,0.00016900000628083944,snapshot only,3.371237199025704e-17,7.936359902593892e-17
rank1_feedback_n16_T128_s9401104,rank1_feedback,16,128,9401104,320,16,5120,global_svd,1e-10,5376,1.05,16.8,True,0.00016599998343735933,snapshot only,2.3946515653303912e-15,9.003214840319629e-15
rank1_feedback_n16_T128_s9401104,rank1_feedback,16,128,9401104,320,16,5120,pivoted_qr_repeated_basis,1e-10,5696,1.1125,17.8,True,0.00010109995491802692,snapshot only,3.3547925718815157e-16,7.147060721024445e-16
rank1_feedback_n16_T128_s9401104,rank1_feedback,16,128,9401104,320,16,5120,supported_group_factors,1e-10,5200,1.015625,16.25,True,0.0010993999894708395,snapshot only,0.0,0.0
rank1_feedback_n16_T128_s9401104,rank1_feedback,16,128,9401104,320,16,5120,owner_block_factors,1e-10,5440,1.0625,17.0,True,0.003452200093306601,snapshot only,0.0,0.0
rank1_feedback_n16_T128_s9401104,rank1_feedback,16,128,9401104,320,16,5120,kronecker_shared_input_basis,1e-10,5200,1.015625,16.25,True,0.001187700079753995,snapshot only,0.0,0.0
rank1_feedback_n16_T128_s9401104,rank1_feedback,16,128,9401104,320,16,5120,immediate_support_exact_slice_plus_svd_residual,1e-10,6288,1.228125,19.65,True,0.00018880004063248634,snapshot only,6.536903076728713e-17,1.6653345369377348e-16
rank1_feedback_n16_T128_s9401104,rank1_feedback,16,128,9401104,320,16,5120,local_eligibility_plus_svd_residual,1e-10,6288,1.228125,19.65,True,0.0001721000298857689,snapshot only,3.371237199025704e-17,7.936359902593892e-17
rank1_feedback_n16_T128_s9401104,rank1_feedback,16,128,9401104,320,16,5120,global_svd,1e-12,5376,1.05,16.8,True,0.00017090002074837685,snapshot only,2.3946515653303912e-15,9.003214840319629e-15
rank1_feedback_n16_T128_s9401104,rank1_feedback,16,128,9401104,320,16,5120,pivoted_qr_repeated_basis,1e-12,5696,1.1125,17.8,True,0.00010149995796382427,snapshot only,3.3547925718815157e-16,7.147060721024445e-16
rank1_feedback_n16_T128_s9401104,rank1_feedback,16,128,9401104,320,16,5120,supported_group_factors,1e-12,5200,1.015625,16.25,True,0.0010899000335484743,snapshot only,0.0,0.0
rank1_feedback_n16_T128_s9401104,rank1_feedback,16,128,9401104,320,16,5120,owner_block_factors,1e-12,5440,1.0625,17.0,True,0.003117899992503226,snapshot only,0.0,0.0
rank1_feedback_n16_T128_s9401104,rank1_feedback,16,128,9401104,320,16,5120,kronecker_shared_input_basis,1e-12,5200,1.015625,16.25,True,0.001083299983292818,snapshot only,0.0,0.0
rank1_feedback_n16_T128_s9401104,rank1_feedback,16,128,9401104,320,16,5120,immediate_support_exact_slice_plus_svd_residual,1e-12,6288,1.228125,19.65,True,0.00018900004215538502,snapshot only,6.536903076728713e-17,1.6653345369377348e-16
rank1_feedback_n16_T128_s9401104,rank1_feedback,16,128,9401104,320,16,5120,local_eligibility_plus_svd_residual,1e-12,6288,1.228125,19.65,True,0.00017159990966320038,snapshot only,3.371237199025704e-17,7.936359902593892e-17
full_feedback_n8_T32_s9401100,full_feedback,8,32,9401100,136,8,1088,full_matrix,1e-08,1088,1.0,8.0,True,7.00005330145359e-07,online baseline,0.0,0.0
full_feedback_n8_T32_s9401100,full_feedback,8,32,9401100,136,8,1088,coordinate_sparse,1e-08,2176,2.0,16.0,True,1.71000137925148e-05,snapshot only,0.0,0.0
full_feedback_n8_T32_s9401100,full_feedback,8,32,9401100,136,8,1088,block_sparse_triangular,1e-08,1232,1.1323529411764706,9.058823529411764,True,1.550000160932541e-05,known closed online block recurrence,0.0,0.0
full_feedback_n8_T32_s9401100,full_feedback,8,32,9401100,136,8,1088,global_svd,1e-08,1152,1.0588235294117647,8.470588235294118,True,0.0001058999914675951,snapshot only,1.5176772564064664e-15,1.3322676295501878e-15
full_feedback_n8_T32_s9401100,full_feedback,8,32,9401100,136,8,1088,pivoted_qr_repeated_basis,1e-08,1288,1.1838235294117647,9.470588235294118,True,6.029999349266291e-05,snapshot only,4.500008276948484e-16,4.614364446098307e-16
full_feedback_n8_T32_s9401100,full_feedback,8,32,9401100,136,8,1088,supported_group_factors,1e-08,1112,1.0220588235294117,8.176470588235293,True,0.0006754999049007893,snapshot only,0.0,0.0
full_feedback_n8_T32_s9401100,full_feedback,8,32,9401100,136,8,1088,owner_block_factors,1e-08,1168,1.0735294117647058,8.588235294117647,True,0.0013815999263897538,snapshot only,0.0,0.0
full_feedback_n8_T32_s9401100,full_feedback,8,32,9401100,136,8,1088,kronecker_shared_input_basis,1e-08,1112,1.0220588235294117,8.176470588235293,True,0.0006476000417023897,snapshot only,0.0,0.0
full_feedback_n8_T32_s9401100,full_feedback,8,32,9401100,136,8,1088,immediate_support_exact_slice_plus_svd_residual,1e-08,1432,1.3161764705882353,10.529411764705882,True,9.430001955479383e-05,snapshot only,6.533083782358692e-16,6.140921104957897e-16
full_feedback_n8_T32_s9401100,full_feedback,8,32,9401100,136,8,1088,local_eligibility_plus_svd_residual,1e-08,1432,1.3161764705882353,10.529411764705882,True,8.589995559304953e-05,snapshot only,4.3055113566854898e-16,3.885780586188048e-16
full_feedback_n8_T32_s9401100,full_feedback,8,32,9401100,136,8,1088,global_svd,1e-10,1152,1.0588235294117647,8.470588235294118,True,7.499998901039362e-05,snapshot only,1.5176772564064664e-15,1.3322676295501878e-15
full_feedback_n8_T32_s9401100,full_feedback,8,32,9401100,136,8,1088,pivoted_qr_repeated_basis,1e-10,1288,1.1838235294117647,9.470588235294118,True,5.359994247555733e-05,snapshot only,4.500008276948484e-16,4.614364446098307e-16
full_feedback_n8_T32_s9401100,full_feedback,8,32,9401100,136,8,1088,supported_group_factors,1e-10,1112,1.0220588235294117,8.176470588235293,True,0.0006600000197067857,snapshot only,0.0,0.0
full_feedback_n8_T32_s9401100,full_feedback,8,32,9401100,136,8,1088,owner_block_factors,1e-10,1168,1.0735294117647058,8.588235294117647,True,0.0013511000433936715,snapshot only,0.0,0.0
full_feedback_n8_T32_s9401100,full_feedback,8,32,9401100,136,8,1088,kronecker_shared_input_basis,1e-10,1112,1.0220588235294117,8.176470588235293,True,0.0006474999245256186,snapshot only,0.0,0.0
full_feedback_n8_T32_s9401100,full_feedback,8,32,9401100,136,8,1088,immediate_support_exact_slice_plus_svd_residual,1e-10,1432,1.3161764705882353,10.529411764705882,True,9.360001422464848e-05,snapshot only,6.533083782358692e-16,6.140921104957897e-16
full_feedback_n8_T32_s9401100,full_feedback,8,32,9401100,136,8,1088,local_eligibility_plus_svd_residual,1e-10,1432,1.3161764705882353,10.529411764705882,True,0.00019189994782209396,snapshot only,4.3055113566854898e-16,3.885780586188048e-16
full_feedback_n8_T32_s9401100,full_feedback,8,32,9401100,136,8,1088,global_svd,1e-12,1152,1.0588235294117647,8.470588235294118,True,0.00010219996329396963,snapshot only,1.5176772564064664e-15,1.3322676295501878e-15
full_feedback_n8_T32_s9401100,full_feedback,8,32,9401100,136,8,1088,pivoted_qr_repeated_basis,1e-12,1288,1.1838235294117647,9.470588235294118,True,6.230000872164965e-05,snapshot only,4.500008276948484e-16,4.614364446098307e-16
full_feedback_n8_T32_s9401100,full_feedback,8,32,9401100,136,8,1088,supported_group_factors,1e-12,1112,1.0220588235294117,8.176470588235293,True,0.0006902000168338418,snapshot only,0.0,0.0
full_feedback_n8_T32_s9401100,full_feedback,8,32,9401100,136,8,1088,owner_block_factors,1e-12,1168,1.0735294117647058,8.588235294117647,True,0.0013649000320583582,snapshot only,0.0,0.0
full_feedback_n8_T32_s9401100,full_feedback,8,32,9401100,136,8,1088,kronecker_shared_input_basis,1e-12,1112,1.0220588235294117,8.176470588235293,True,0.0006393999792635441,snapshot only,0.0,0.0
full_feedback_n8_T32_s9401100,full_feedback,8,32,9401100,136,8,1088,immediate_support_exact_slice_plus_svd_residual,1e-12,1432,1.3161764705882353,10.529411764705882,True,9.599991608411074e-05,snapshot only,6.533083782358692e-16,6.140921104957897e-16
full_feedback_n8_T32_s9401100,full_feedback,8,32,9401100,136,8,1088,local_eligibility_plus_svd_residual,1e-12,1432,1.3161764705882353,10.529411764705882,True,8.749996777623892e-05,snapshot only,4.3055113566854898e-16,3.885780586188048e-16
full_feedback_n8_T32_s9401101,full_feedback,8,32,9401101,136,8,1088,full_matrix,1e-08,1088,1.0,8.0,True,6.00004568696022e-07,online baseline,0.0,0.0
full_feedback_n8_T32_s9401101,full_feedback,8,32,9401101,136,8,1088,coordinate_sparse,1e-08,2176,2.0,16.0,True,1.6300007700920105e-05,snapshot only,0.0,0.0
full_feedback_n8_T32_s9401101,full_feedback,8,32,9401101,136,8,1088,block_sparse_triangular,1e-08,1232,1.1323529411764706,9.058823529411764,True,1.6000005416572094e-05,known closed online block recurrence,0.0,0.0
full_feedback_n8_T32_s9401101,full_feedback,8,32,9401101,136,8,1088,global_svd,1e-08,1152,1.0588235294117647,8.470588235294118,True,0.00011530006304383278,snapshot only,9.631728301264865e-16,7.216449660063518e-16
full_feedback_n8_T32_s9401101,full_feedback,8,32,9401101,136,8,1088,pivoted_qr_repeated_basis,1e-08,1288,1.1838235294117647,9.470588235294118,True,7.329997606575489e-05,snapshot only,2.882586684308098e-16,3.209238430557093e-16
full_feedback_n8_T32_s9401101,full_feedback,8,32,9401101,136,8,1088,supported_group_factors,1e-08,1112,1.0220588235294117,8.176470588235293,True,0.0006959999445825815,snapshot only,0.0,0.0
full_feedback_n8_T32_s9401101,full_feedback,8,32,9401101,136,8,1088,owner_block_factors,1e-08,1168,1.0735294117647058,8.588235294117647,True,0.0014446000568568707,snapshot only,0.0,0.0
full_feedback_n8_T32_s9401101,full_feedback,8,32,9401101,136,8,1088,kronecker_shared_input_basis,1e-08,1112,1.0220588235294117,8.176470588235293,True,0.0006588000105693936,snapshot only,0.0,0.0
full_feedback_n8_T32_s9401101,full_feedback,8,32,9401101,136,8,1088,immediate_support_exact_slice_plus_svd_residual,1e-08,1432,1.3161764705882353,10.529411764705882,True,9.910005610436201e-05,snapshot only,3.9448398761216135e-16,4.440892098500626e-16
full_feedback_n8_T32_s9401101,full_feedback,8,32,9401101,136,8,1088,local_eligibility_plus_svd_residual,1e-08,1432,1.3161764705882353,10.529411764705882,True,8.720008190721273e-05,snapshot only,4.118069423411641e-16,4.440892098500626e-16
full_feedback_n8_T32_s9401101,full_feedback,8,32,9401101,136,8,1088,global_svd,1e-10,1152,1.0588235294117647,8.470588235294118,True,7.480010390281677e-05,snapshot only,9.631728301264865e-16,7.216449660063518e-16
full_feedback_n8_T32_s9401101,full_feedback,8,32,9401101,136,8,1088,pivoted_qr_repeated_basis,1e-10,1288,1.1838235294117647,9.470588235294118,True,5.770009011030197e-05,snapshot only,2.882586684308098e-16,3.209238430557093e-16
full_feedback_n8_T32_s9401101,full_feedback,8,32,9401101,136,8,1088,supported_group_factors,1e-10,1112,1.0220588235294117,8.176470588235293,True,0.0006609000265598297,snapshot only,0.0,0.0
full_feedback_n8_T32_s9401101,full_feedback,8,32,9401101,136,8,1088,owner_block_factors,1e-10,1168,1.0735294117647058,8.588235294117647,True,0.001384400064125657,snapshot only,0.0,0.0
full_feedback_n8_T32_s9401101,full_feedback,8,32,9401101,136,8,1088,kronecker_shared_input_basis,1e-10,1112,1.0220588235294117,8.176470588235293,True,0.0006532999686896801,snapshot only,0.0,0.0
full_feedback_n8_T32_s9401101,full_feedback,8,32,9401101,136,8,1088,immediate_support_exact_slice_plus_svd_residual,1e-10,1432,1.3161764705882353,10.529411764705882,True,9.53000271692872e-05,snapshot only,3.9448398761216135e-16,4.440892098500626e-16
full_feedback_n8_T32_s9401101,full_feedback,8,32,9401101,136,8,1088,local_eligibility_plus_svd_residual,1e-10,1432,1.3161764705882353,10.529411764705882,True,8.679996244609356e-05,snapshot only,4.118069423411641e-16,4.440892098500626e-16
full_feedback_n8_T32_s9401101,full_feedback,8,32,9401101,136,8,1088,global_svd,1e-12,1152,1.0588235294117647,8.470588235294118,True,7.579999510198832e-05,snapshot only,9.631728301264865e-16,7.216449660063518e-16
full_feedback_n8_T32_s9401101,full_feedback,8,32,9401101,136,8,1088,pivoted_qr_repeated_basis,1e-12,1288,1.1838235294117647,9.470588235294118,True,5.779997445642948e-05,snapshot only,2.882586684308098e-16,3.209238430557093e-16
full_feedback_n8_T32_s9401101,full_feedback,8,32,9401101,136,8,1088,supported_group_factors,1e-12,1112,1.0220588235294117,8.176470588235293,True,0.0006638000486418605,snapshot only,0.0,0.0
full_feedback_n8_T32_s9401101,full_feedback,8,32,9401101,136,8,1088,owner_block_factors,1e-12,1168,1.0735294117647058,8.588235294117647,True,0.0013681999407708645,snapshot only,0.0,0.0
full_feedback_n8_T32_s9401101,full_feedback,8,32,9401101,136,8,1088,kronecker_shared_input_basis,1e-12,1112,1.0220588235294117,8.176470588235293,True,0.0006512000691145658,snapshot only,0.0,0.0
full_feedback_n8_T32_s9401101,full_feedback,8,32,9401101,136,8,1088,immediate_support_exact_slice_plus_svd_residual,1e-12,1432,1.3161764705882353,10.529411764705882,True,9.34000127017498e-05,snapshot only,3.9448398761216135e-16,4.440892098500626e-16
full_feedback_n8_T32_s9401101,full_feedback,8,32,9401101,136,8,1088,local_eligibility_plus_svd_residual,1e-12,1432,1.3161764705882353,10.529411764705882,True,8.809997234493494e-05,snapshot only,4.118069423411641e-16,4.440892098500626e-16
full_feedback_n8_T32_s9401102,full_feedback,8,32,9401102,136,8,1088,full_matrix,1e-08,1088,1.0,8.0,True,7.00005330145359e-07,online baseline,0.0,0.0
full_feedback_n8_T32_s9401102,full_feedback,8,32,9401102,136,8,1088,coordinate_sparse,1e-08,2176,2.0,16.0,True,2.1400046534836292e-05,snapshot only,0.0,0.0
full_feedback_n8_T32_s9401102,full_feedback,8,32,9401102,136,8,1088,block_sparse_triangular,1e-08,1232,1.1323529411764706,9.058823529411764,True,1.6200006939470768e-05,known closed online block recurrence,0.0,0.0
full_feedback_n8_T32_s9401102,full_feedback,8,32,9401102,136,8,1088,global_svd,1e-08,1152,1.0588235294117647,8.470588235294118,True,0.00011970009654760361,snapshot only,9.575998799567762e-16,7.355227538141662e-16
full_feedback_n8_T32_s9401102,full_feedback,8,32,9401102,136,8,1088,pivoted_qr_repeated_basis,1e-08,1288,1.1838235294117647,9.470588235294118,True,8.049991447478533e-05,snapshot only,4.467417766896423e-16,5.551115123125783e-16
full_feedback_n8_T32_s9401102,full_feedback,8,32,9401102,136,8,1088,supported_group_factors,1e-08,1112,1.0220588235294117,8.176470588235293,True,0.0006961999461054802,snapshot only,0.0,0.0
full_feedback_n8_T32_s9401102,full_feedback,8,32,9401102,136,8,1088,owner_block_factors,1e-08,1168,1.0735294117647058,8.588235294117647,True,0.0018091000383719802,snapshot only,0.0,0.0
full_feedback_n8_T32_s9401102,full_feedback,8,32,9401102,136,8,1088,kronecker_shared_input_basis,1e-08,1112,1.0220588235294117,8.176470588235293,True,0.0006977999582886696,snapshot only,0.0,0.0
full_feedback_n8_T32_s9401102,full_feedback,8,32,9401102,136,8,1088,immediate_support_exact_slice_plus_svd_residual,1e-08,1432,1.3161764705882353,10.529411764705882,True,0.00010259996633976698,snapshot only,3.3549309080199326e-16,2.220446049250313e-16
full_feedback_n8_T32_s9401102,full_feedback,8,32,9401102,136,8,1088,local_eligibility_plus_svd_residual,1e-08,1432,1.3161764705882353,10.529411764705882,True,8.949998300522566e-05,snapshot only,4.25253684160959e-16,3.3306690738754696e-16
full_feedback_n8_T32_s9401102,full_feedback,8,32,9401102,136,8,1088,global_svd,1e-10,1152,1.0588235294117647,8.470588235294118,True,7.599999662488699e-05,snapshot only,9.575998799567762e-16,7.355227538141662e-16
full_feedback_n8_T32_s9401102,full_feedback,8,32,9401102,136,8,1088,pivoted_qr_repeated_basis,1e-10,1288,1.1838235294117647,9.470588235294118,True,6.680004298686981e-05,snapshot only,4.467417766896423e-16,5.551115123125783e-16
full_feedback_n8_T32_s9401102,full_feedback,8,32,9401102,136,8,1088,supported_group_factors,1e-10,1112,1.0220588235294117,8.176470588235293,True,0.0006735000060871243,snapshot only,0.0,0.0
full_feedback_n8_T32_s9401102,full_feedback,8,32,9401102,136,8,1088,owner_block_factors,1e-10,1168,1.0735294117647058,8.588235294117647,True,0.0013740999856963754,snapshot only,0.0,0.0
full_feedback_n8_T32_s9401102,full_feedback,8,32,9401102,136,8,1088,kronecker_shared_input_basis,1e-10,1112,1.0220588235294117,8.176470588235293,True,0.0006540000904351473,snapshot only,0.0,0.0
full_feedback_n8_T32_s9401102,full_feedback,8,32,9401102,136,8,1088,immediate_support_exact_slice_plus_svd_residual,1e-10,1432,1.3161764705882353,10.529411764705882,True,9.560002945363522e-05,snapshot only,3.3549309080199326e-16,2.220446049250313e-16
full_feedback_n8_T32_s9401102,full_feedback,8,32,9401102,136,8,1088,local_eligibility_plus_svd_residual,1e-10,1432,1.3161764705882353,10.529411764705882,True,8.68999632075429e-05,snapshot only,4.25253684160959e-16,3.3306690738754696e-16
full_feedback_n8_T32_s9401102,full_feedback,8,32,9401102,136,8,1088,global_svd,1e-12,1152,1.0588235294117647,8.470588235294118,True,7.690000347793102e-05,snapshot only,9.575998799567762e-16,7.355227538141662e-16
full_feedback_n8_T32_s9401102,full_feedback,8,32,9401102,136,8,1088,pivoted_qr_repeated_basis,1e-12,1288,1.1838235294117647,9.470588235294118,True,5.4600066505372524e-05,snapshot only,4.467417766896423e-16,5.551115123125783e-16
full_feedback_n8_T32_s9401102,full_feedback,8,32,9401102,136,8,1088,supported_group_factors,1e-12,1112,1.0220588235294117,8.176470588235293,True,0.0006748000159859657,snapshot only,0.0,0.0
full_feedback_n8_T32_s9401102,full_feedback,8,32,9401102,136,8,1088,owner_block_factors,1e-12,1168,1.0735294117647058,8.588235294117647,True,0.0013786000199615955,snapshot only,0.0,0.0
full_feedback_n8_T32_s9401102,full_feedback,8,32,9401102,136,8,1088,kronecker_shared_input_basis,1e-12,1112,1.0220588235294117,8.176470588235293,True,0.0006693999748677015,snapshot only,0.0,0.0
full_feedback_n8_T32_s9401102,full_feedback,8,32,9401102,136,8,1088,immediate_support_exact_slice_plus_svd_residual,1e-12,1432,1.3161764705882353,10.529411764705882,True,0.000103199970908463,snapshot only,3.3549309080199326e-16,2.220446049250313e-16
full_feedback_n8_T32_s9401102,full_feedback,8,32,9401102,136,8,1088,local_eligibility_plus_svd_residual,1e-12,1432,1.3161764705882353,10.529411764705882,True,8.9599983766675e-05,snapshot only,4.25253684160959e-16,3.3306690738754696e-16
full_feedback_n8_T32_s9401103,full_feedback,8,32,9401103,136,8,1088,full_matrix,1e-08,1088,1.0,8.0,True,8.00006091594696e-07,online baseline,0.0,0.0
full_feedback_n8_T32_s9401103,full_feedback,8,32,9401103,136,8,1088,coordinate_sparse,1e-08,2176,2.0,16.0,True,1.6900012269616127e-05,snapshot only,0.0,0.0
full_feedback_n8_T32_s9401103,full_feedback,8,32,9401103,136,8,1088,block_sparse_triangular,1e-08,1232,1.1323529411764706,9.058823529411764,True,1.6000005416572094e-05,known closed online block recurrence,0.0,0.0
full_feedback_n8_T32_s9401103,full_feedback,8,32,9401103,136,8,1088,global_svd,1e-08,1152,1.0588235294117647,8.470588235294118,True,0.00010870001278817654,snapshot only,9.863083405181023e-16,6.661338147750939e-16
full_feedback_n8_T32_s9401103,full_feedback,8,32,9401103,136,8,1088,pivoted_qr_repeated_basis,1e-08,1288,1.1838235294117647,9.470588235294118,True,7.019995246082544e-05,snapshot only,3.9533003424752028e-16,4.440892098500626e-16
full_feedback_n8_T32_s9401103,full_feedback,8,32,9401103,136,8,1088,supported_group_factors,1e-08,1112,1.0220588235294117,8.176470588235293,True,0.0006938999285921454,snapshot only,0.0,0.0
full_feedback_n8_T32_s9401103,full_feedback,8,32,9401103,136,8,1088,owner_block_factors,1e-08,1168,1.0735294117647058,8.588235294117647,True,0.001367800054140389,snapshot only,0.0,0.0
full_feedback_n8_T32_s9401103,full_feedback,8,32,9401103,136,8,1088,kronecker_shared_input_basis,1e-08,1112,1.0220588235294117,8.176470588235293,True,0.0006856000982224941,snapshot only,0.0,0.0
full_feedback_n8_T32_s9401103,full_feedback,8,32,9401103,136,8,1088,immediate_support_exact_slice_plus_svd_residual,1e-08,1432,1.3161764705882353,10.529411764705882,True,9.740004315972328e-05,snapshot only,3.3453357003925153e-16,2.2898349882893854e-16
full_feedback_n8_T32_s9401103,full_feedback,8,32,9401103,136,8,1088,local_eligibility_plus_svd_residual,1e-08,1432,1.3161764705882353,10.529411764705882,True,8.720008190721273e-05,snapshot only,5.567400151703637e-16,4.440892098500626e-16
full_feedback_n8_T32_s9401103,full_feedback,8,32,9401103,136,8,1088,global_svd,1e-10,1152,1.0588235294117647,8.470588235294118,True,7.539999205619097e-05,snapshot only,9.863083405181023e-16,6.661338147750939e-16
full_feedback_n8_T32_s9401103,full_feedback,8,32,9401103,136,8,1088,pivoted_qr_repeated_basis,1e-10,1288,1.1838235294117647,9.470588235294118,True,5.6200078688561916e-05,snapshot only,3.9533003424752028e-16,4.440892098500626e-16
full_feedback_n8_T32_s9401103,full_feedback,8,32,9401103,136,8,1088,supported_group_factors,1e-10,1112,1.0220588235294117,8.176470588235293,True,0.0007048000115901232,snapshot only,0.0,0.0
full_feedback_n8_T32_s9401103,full_feedback,8,32,9401103,136,8,1088,owner_block_factors,1e-10,1168,1.0735294117647058,8.588235294117647,True,0.0024901999859139323,snapshot only,0.0,0.0
full_feedback_n8_T32_s9401103,full_feedback,8,32,9401103,136,8,1088,kronecker_shared_input_basis,1e-10,1112,1.0220588235294117,8.176470588235293,True,0.000825700000859797,snapshot only,0.0,0.0
full_feedback_n8_T32_s9401103,full_feedback,8,32,9401103,136,8,1088,immediate_support_exact_slice_plus_svd_residual,1e-10,1432,1.3161764705882353,10.529411764705882,True,0.0001050001010298729,snapshot only,3.3453357003925153e-16,2.2898349882893854e-16
full_feedback_n8_T32_s9401103,full_feedback,8,32,9401103,136,8,1088,local_eligibility_plus_svd_residual,1e-10,1432,1.3161764705882353,10.529411764705882,True,9.380001574754715e-05,snapshot only,5.567400151703637e-16,4.440892098500626e-16
full_feedback_n8_T32_s9401103,full_feedback,8,32,9401103,136,8,1088,global_svd,1e-12,1152,1.0588235294117647,8.470588235294118,True,7.779989391565323e-05,snapshot only,9.863083405181023e-16,6.661338147750939e-16
full_feedback_n8_T32_s9401103,full_feedback,8,32,9401103,136,8,1088,pivoted_qr_repeated_basis,1e-12,1288,1.1838235294117647,9.470588235294118,True,6.059999577701092e-05,snapshot only,3.9533003424752028e-16,4.440892098500626e-16
full_feedback_n8_T32_s9401103,full_feedback,8,32,9401103,136,8,1088,supported_group_factors,1e-12,1112,1.0220588235294117,8.176470588235293,True,0.0006597000174224377,snapshot only,0.0,0.0
full_feedback_n8_T32_s9401103,full_feedback,8,32,9401103,136,8,1088,owner_block_factors,1e-12,1168,1.0735294117647058,8.588235294117647,True,0.001718199928291142,snapshot only,0.0,0.0
full_feedback_n8_T32_s9401103,full_feedback,8,32,9401103,136,8,1088,kronecker_shared_input_basis,1e-12,1112,1.0220588235294117,8.176470588235293,True,0.0007292000809684396,snapshot only,0.0,0.0
full_feedback_n8_T32_s9401103,full_feedback,8,32,9401103,136,8,1088,immediate_support_exact_slice_plus_svd_residual,1e-12,1432,1.3161764705882353,10.529411764705882,True,0.00010689999908208847,snapshot only,3.3453357003925153e-16,2.2898349882893854e-16
full_feedback_n8_T32_s9401103,full_feedback,8,32,9401103,136,8,1088,local_eligibility_plus_svd_residual,1e-12,1432,1.3161764705882353,10.529411764705882,True,9.58999153226614e-05,snapshot only,5.567400151703637e-16,4.440892098500626e-16
full_feedback_n8_T32_s9401104,full_feedback,8,32,9401104,136,8,1088,full_matrix,1e-08,1088,1.0,8.0,True,7.00005330145359e-07,online baseline,0.0,0.0
full_feedback_n8_T32_s9401104,full_feedback,8,32,9401104,136,8,1088,coordinate_sparse,1e-08,2176,2.0,16.0,True,1.7600017599761486e-05,snapshot only,0.0,0.0
full_feedback_n8_T32_s9401104,full_feedback,8,32,9401104,136,8,1088,block_sparse_triangular,1e-08,1232,1.1323529411764706,9.058823529411764,True,1.759990118443966e-05,known closed online block recurrence,0.0,0.0
full_feedback_n8_T32_s9401104,full_feedback,8,32,9401104,136,8,1088,global_svd,1e-08,1152,1.0588235294117647,8.470588235294118,True,0.00012830004561692476,snapshot only,7.579609539539002e-16,6.38378239159465e-16
full_feedback_n8_T32_s9401104,full_feedback,8,32,9401104,136,8,1088,pivoted_qr_repeated_basis,1e-08,1288,1.1838235294117647,9.470588235294118,True,6.73000467941165e-05,snapshot only,4.530131161815992e-16,4.440892098500626e-16
full_feedback_n8_T32_s9401104,full_feedback,8,32,9401104,136,8,1088,supported_group_factors,1e-08,1112,1.0220588235294117,8.176470588235293,True,0.0006890000076964498,snapshot only,0.0,0.0
full_feedback_n8_T32_s9401104,full_feedback,8,32,9401104,136,8,1088,owner_block_factors,1e-08,1168,1.0735294117647058,8.588235294117647,True,0.0013998999493196607,snapshot only,0.0,0.0
full_feedback_n8_T32_s9401104,full_feedback,8,32,9401104,136,8,1088,kronecker_shared_input_basis,1e-08,1112,1.0220588235294117,8.176470588235293,True,0.0007016001036390662,snapshot only,0.0,0.0
full_feedback_n8_T32_s9401104,full_feedback,8,32,9401104,136,8,1088,immediate_support_exact_slice_plus_svd_residual,1e-08,1432,1.3161764705882353,10.529411764705882,True,9.819993283599615e-05,snapshot only,1.826733081293038e-15,2.220446049250313e-15
full_feedback_n8_T32_s9401104,full_feedback,8,32,9401104,136,8,1088,local_eligibility_plus_svd_residual,1e-08,1432,1.3161764705882353,10.529411764705882,True,8.750008419156075e-05,snapshot only,4.642856866452048e-16,3.885780586188048e-16
full_feedback_n8_T32_s9401104,full_feedback,8,32,9401104,136,8,1088,global_svd,1e-10,1152,1.0588235294117647,8.470588235294118,True,7.569999434053898e-05,snapshot only,7.579609539539002e-16,6.38378239159465e-16
full_feedback_n8_T32_s9401104,full_feedback,8,32,9401104,136,8,1088,pivoted_qr_repeated_basis,1e-10,1288,1.1838235294117647,9.470588235294118,True,5.600007716566324e-05,snapshot only,4.530131161815992e-16,4.440892098500626e-16
full_feedback_n8_T32_s9401104,full_feedback,8,32,9401104,136,8,1088,supported_group_factors,1e-10,1112,1.0220588235294117,8.176470588235293,True,0.0006705999840050936,snapshot only,0.0,0.0
full_feedback_n8_T32_s9401104,full_feedback,8,32,9401104,136,8,1088,owner_block_factors,1e-10,1168,1.0735294117647058,8.588235294117647,True,0.001378399902023375,snapshot only,0.0,0.0
full_feedback_n8_T32_s9401104,full_feedback,8,32,9401104,136,8,1088,kronecker_shared_input_basis,1e-10,1112,1.0220588235294117,8.176470588235293,True,0.0006397000979632139,snapshot only,0.0,0.0
full_feedback_n8_T32_s9401104,full_feedback,8,32,9401104,136,8,1088,immediate_support_exact_slice_plus_svd_residual,1e-10,1432,1.3161764705882353,10.529411764705882,True,0.00013719999697059393,snapshot only,1.826733081293038e-15,2.220446049250313e-15
full_feedback_n8_T32_s9401104,full_feedback,8,32,9401104,136,8,1088,local_eligibility_plus_svd_residual,1e-10,1432,1.3161764705882353,10.529411764705882,True,0.000116499955765903,snapshot only,4.642856866452048e-16,3.885780586188048e-16
full_feedback_n8_T32_s9401104,full_feedback,8,32,9401104,136,8,1088,global_svd,1e-12,1152,1.0588235294117647,8.470588235294118,True,8.969998452812433e-05,snapshot only,7.579609539539002e-16,6.38378239159465e-16
full_feedback_n8_T32_s9401104,full_feedback,8,32,9401104,136,8,1088,pivoted_qr_repeated_basis,1e-12,1288,1.1838235294117647,9.470588235294118,True,8.270004764199257e-05,snapshot only,4.530131161815992e-16,4.440892098500626e-16
full_feedback_n8_T32_s9401104,full_feedback,8,32,9401104,136,8,1088,supported_group_factors,1e-12,1112,1.0220588235294117,8.176470588235293,True,0.0007591000758111477,snapshot only,0.0,0.0
full_feedback_n8_T32_s9401104,full_feedback,8,32,9401104,136,8,1088,owner_block_factors,1e-12,1168,1.0735294117647058,8.588235294117647,True,0.0014408000279217958,snapshot only,0.0,0.0
full_feedback_n8_T32_s9401104,full_feedback,8,32,9401104,136,8,1088,kronecker_shared_input_basis,1e-12,1112,1.0220588235294117,8.176470588235293,True,0.0006725999992340803,snapshot only,0.0,0.0
full_feedback_n8_T32_s9401104,full_feedback,8,32,9401104,136,8,1088,immediate_support_exact_slice_plus_svd_residual,1e-12,1432,1.3161764705882353,10.529411764705882,True,0.00010019994806498289,snapshot only,1.826733081293038e-15,2.220446049250313e-15
full_feedback_n8_T32_s9401104,full_feedback,8,32,9401104,136,8,1088,local_eligibility_plus_svd_residual,1e-12,1432,1.3161764705882353,10.529411764705882,True,9.030010551214218e-05,snapshot only,4.642856866452048e-16,3.885780586188048e-16
full_feedback_n8_T128_s9401100,full_feedback,8,128,9401100,136,8,1088,full_matrix,1e-08,1088,1.0,8.0,True,1.100008375942707e-06,online baseline,0.0,0.0
full_feedback_n8_T128_s9401100,full_feedback,8,128,9401100,136,8,1088,coordinate_sparse,1e-08,2176,2.0,16.0,True,2.010003663599491e-05,snapshot only,0.0,0.0
full_feedback_n8_T128_s9401100,full_feedback,8,128,9401100,136,8,1088,block_sparse_triangular,1e-08,1232,1.1323529411764706,9.058823529411764,True,1.7399899661540985e-05,known closed online block recurrence,0.0,0.0
full_feedback_n8_T128_s9401100,full_feedback,8,128,9401100,136,8,1088,global_svd,1e-08,1152,1.0588235294117647,8.470588235294118,True,0.0002188000362366438,snapshot only,6.988482789821069e-16,6.661338147750939e-16
full_feedback_n8_T128_s9401100,full_feedback,8,128,9401100,136,8,1088,pivoted_qr_repeated_basis,1e-08,1288,1.1838235294117647,9.470588235294118,True,7.930002175271511e-05,snapshot only,3.4634677392774854e-16,4.440892098500626e-16
full_feedback_n8_T128_s9401100,full_feedback,8,128,9401100,136,8,1088,supported_group_factors,1e-08,1112,1.0220588235294117,8.176470588235293,True,0.0007634001085534692,snapshot only,0.0,0.0
full_feedback_n8_T128_s9401100,full_feedback,8,128,9401100,136,8,1088,owner_block_factors,1e-08,1168,1.0735294117647058,8.588235294117647,True,0.0016440000617876649,snapshot only,0.0,0.0
full_feedback_n8_T128_s9401100,full_feedback,8,128,9401100,136,8,1088,kronecker_shared_input_basis,1e-08,1112,1.0220588235294117,8.176470588235293,True,0.0007321999873965979,snapshot only,0.0,0.0
full_feedback_n8_T128_s9401100,full_feedback,8,128,9401100,136,8,1088,immediate_support_exact_slice_plus_svd_residual,1e-08,1432,1.3161764705882353,10.529411764705882,True,0.00012360000982880592,snapshot only,3.2218768305081773e-16,3.3306690738754696e-16
full_feedback_n8_T128_s9401100,full_feedback,8,128,9401100,136,8,1088,local_eligibility_plus_svd_residual,1e-08,1432,1.3161764705882353,10.529411764705882,True,0.00010579999070614576,snapshot only,4.704890348131953e-16,4.440892098500626e-16
full_feedback_n8_T128_s9401100,full_feedback,8,128,9401100,136,8,1088,global_svd,1e-10,1152,1.0588235294117647,8.470588235294118,True,9.250000584870577e-05,snapshot only,6.988482789821069e-16,6.661338147750939e-16
full_feedback_n8_T128_s9401100,full_feedback,8,128,9401100,136,8,1088,pivoted_qr_repeated_basis,1e-10,1288,1.1838235294117647,9.470588235294118,True,7.260008715093136e-05,snapshot only,3.4634677392774854e-16,4.440892098500626e-16
full_feedback_n8_T128_s9401100,full_feedback,8,128,9401100,136,8,1088,supported_group_factors,1e-10,1112,1.0220588235294117,8.176470588235293,True,0.0008481000550091267,snapshot only,0.0,0.0
full_feedback_n8_T128_s9401100,full_feedback,8,128,9401100,136,8,1088,owner_block_factors,1e-10,1168,1.0735294117647058,8.588235294117647,True,0.0015796000370755792,snapshot only,0.0,0.0
full_feedback_n8_T128_s9401100,full_feedback,8,128,9401100,136,8,1088,kronecker_shared_input_basis,1e-10,1112,1.0220588235294117,8.176470588235293,True,0.0007041000062599778,snapshot only,0.0,0.0
full_feedback_n8_T128_s9401100,full_feedback,8,128,9401100,136,8,1088,immediate_support_exact_slice_plus_svd_residual,1e-10,1432,1.3161764705882353,10.529411764705882,True,0.0001156999496743083,snapshot only,3.2218768305081773e-16,3.3306690738754696e-16
full_feedback_n8_T128_s9401100,full_feedback,8,128,9401100,136,8,1088,local_eligibility_plus_svd_residual,1e-10,1432,1.3161764705882353,10.529411764705882,True,9.280000813305378e-05,snapshot only,4.704890348131953e-16,4.440892098500626e-16
full_feedback_n8_T128_s9401100,full_feedback,8,128,9401100,136,8,1088,global_svd,1e-12,1152,1.0588235294117647,8.470588235294118,True,7.740000728517771e-05,snapshot only,6.988482789821069e-16,6.661338147750939e-16
full_feedback_n8_T128_s9401100,full_feedback,8,128,9401100,136,8,1088,pivoted_qr_repeated_basis,1e-12,1288,1.1838235294117647,9.470588235294118,True,7.059995550662279e-05,snapshot only,3.4634677392774854e-16,4.440892098500626e-16
full_feedback_n8_T128_s9401100,full_feedback,8,128,9401100,136,8,1088,supported_group_factors,1e-12,1112,1.0220588235294117,8.176470588235293,True,0.0006885000038892031,snapshot only,0.0,0.0
full_feedback_n8_T128_s9401100,full_feedback,8,128,9401100,136,8,1088,owner_block_factors,1e-12,1168,1.0735294117647058,8.588235294117647,True,0.0014312999555841088,snapshot only,0.0,0.0
full_feedback_n8_T128_s9401100,full_feedback,8,128,9401100,136,8,1088,kronecker_shared_input_basis,1e-12,1112,1.0220588235294117,8.176470588235293,True,0.0006537000881507993,snapshot only,0.0,0.0
full_feedback_n8_T128_s9401100,full_feedback,8,128,9401100,136,8,1088,immediate_support_exact_slice_plus_svd_residual,1e-12,1432,1.3161764705882353,10.529411764705882,True,0.0001335999695584178,snapshot only,3.2218768305081773e-16,3.3306690738754696e-16
full_feedback_n8_T128_s9401100,full_feedback,8,128,9401100,136,8,1088,local_eligibility_plus_svd_residual,1e-12,1432,1.3161764705882353,10.529411764705882,True,9.580003097653389e-05,snapshot only,4.704890348131953e-16,4.440892098500626e-16
full_feedback_n8_T128_s9401101,full_feedback,8,128,9401101,136,8,1088,full_matrix,1e-08,1088,1.0,8.0,True,8.00006091594696e-07,online baseline,0.0,0.0
full_feedback_n8_T128_s9401101,full_feedback,8,128,9401101,136,8,1088,coordinate_sparse,1e-08,2176,2.0,16.0,True,1.810002140700817e-05,snapshot only,0.0,0.0
full_feedback_n8_T128_s9401101,full_feedback,8,128,9401101,136,8,1088,block_sparse_triangular,1e-08,1232,1.1323529411764706,9.058823529411764,True,1.7900019884109497e-05,known closed online block recurrence,0.0,0.0
full_feedback_n8_T128_s9401101,full_feedback,8,128,9401101,136,8,1088,global_svd,1e-08,1152,1.0588235294117647,8.470588235294118,True,0.00013189995661377907,snapshot only,1.1977836366005424e-15,1.0269562977782698e-15
full_feedback_n8_T128_s9401101,full_feedback,8,128,9401101,136,8,1088,pivoted_qr_repeated_basis,1e-08,1288,1.1838235294117647,9.470588235294118,True,6.870005745440722e-05,snapshot only,3.7815709160962364e-16,4.440892098500626e-16
full_feedback_n8_T128_s9401101,full_feedback,8,128,9401101,136,8,1088,supported_group_factors,1e-08,1112,1.0220588235294117,8.176470588235293,True,0.0007687000324949622,snapshot only,0.0,0.0
full_feedback_n8_T128_s9401101,full_feedback,8,128,9401101,136,8,1088,owner_block_factors,1e-08,1168,1.0735294117647058,8.588235294117647,True,0.0015605000080540776,snapshot only,0.0,0.0
full_feedback_n8_T128_s9401101,full_feedback,8,128,9401101,136,8,1088,kronecker_shared_input_basis,1e-08,1112,1.0220588235294117,8.176470588235293,True,0.0006834999658167362,snapshot only,0.0,0.0
full_feedback_n8_T128_s9401101,full_feedback,8,128,9401101,136,8,1088,immediate_support_exact_slice_plus_svd_residual,1e-08,1432,1.3161764705882353,10.529411764705882,True,0.0001094000181183219,snapshot only,3.4586111648943e-16,4.440892098500626e-16
full_feedback_n8_T128_s9401101,full_feedback,8,128,9401101,136,8,1088,local_eligibility_plus_svd_residual,1e-08,1432,1.3161764705882353,10.529411764705882,True,9.600003249943256e-05,snapshot only,9.156156513411879e-16,8.049116928532385e-16
full_feedback_n8_T128_s9401101,full_feedback,8,128,9401101,136,8,1088,global_svd,1e-10,1152,1.0588235294117647,8.470588235294118,True,7.970002479851246e-05,snapshot only,1.1977836366005424e-15,1.0269562977782698e-15
full_feedback_n8_T128_s9401101,full_feedback,8,128,9401101,136,8,1088,pivoted_qr_repeated_basis,1e-10,1288,1.1838235294117647,9.470588235294118,True,5.849997978657484e-05,snapshot only,3.7815709160962364e-16,4.440892098500626e-16
full_feedback_n8_T128_s9401101,full_feedback,8,128,9401101,136,8,1088,supported_group_factors,1e-10,1112,1.0220588235294117,8.176470588235293,True,0.0006846999749541283,snapshot only,0.0,0.0
full_feedback_n8_T128_s9401101,full_feedback,8,128,9401101,136,8,1088,owner_block_factors,1e-10,1168,1.0735294117647058,8.588235294117647,True,0.0015561999753117561,snapshot only,0.0,0.0
full_feedback_n8_T128_s9401101,full_feedback,8,128,9401101,136,8,1088,kronecker_shared_input_basis,1e-10,1112,1.0220588235294117,8.176470588235293,True,0.0007227000314742327,snapshot only,0.0,0.0
full_feedback_n8_T128_s9401101,full_feedback,8,128,9401101,136,8,1088,immediate_support_exact_slice_plus_svd_residual,1e-10,1432,1.3161764705882353,10.529411764705882,True,0.00010920001659542322,snapshot only,3.4586111648943e-16,4.440892098500626e-16
full_feedback_n8_T128_s9401101,full_feedback,8,128,9401101,136,8,1088,local_eligibility_plus_svd_residual,1e-10,1432,1.3161764705882353,10.529411764705882,True,9.159999899566174e-05,snapshot only,9.156156513411879e-16,8.049116928532385e-16
full_feedback_n8_T128_s9401101,full_feedback,8,128,9401101,136,8,1088,global_svd,1e-12,1152,1.0588235294117647,8.470588235294118,True,8.110003545880318e-05,snapshot only,1.1977836366005424e-15,1.0269562977782698e-15
full_feedback_n8_T128_s9401101,full_feedback,8,128,9401101,136,8,1088,pivoted_qr_repeated_basis,1e-12,1288,1.1838235294117647,9.470588235294118,True,5.589995998889208e-05,snapshot only,3.7815709160962364e-16,4.440892098500626e-16
full_feedback_n8_T128_s9401101,full_feedback,8,128,9401101,136,8,1088,supported_group_factors,1e-12,1112,1.0220588235294117,8.176470588235293,True,0.0007385999197140336,snapshot only,0.0,0.0
full_feedback_n8_T128_s9401101,full_feedback,8,128,9401101,136,8,1088,owner_block_factors,1e-12,1168,1.0735294117647058,8.588235294117647,True,0.0018361000111326575,snapshot only,0.0,0.0
full_feedback_n8_T128_s9401101,full_feedback,8,128,9401101,136,8,1088,kronecker_shared_input_basis,1e-12,1112,1.0220588235294117,8.176470588235293,True,0.000771600054576993,snapshot only,0.0,0.0
full_feedback_n8_T128_s9401101,full_feedback,8,128,9401101,136,8,1088,immediate_support_exact_slice_plus_svd_residual,1e-12,1432,1.3161764705882353,10.529411764705882,True,0.00011939997784793377,snapshot only,3.4586111648943e-16,4.440892098500626e-16
full_feedback_n8_T128_s9401101,full_feedback,8,128,9401101,136,8,1088,local_eligibility_plus_svd_residual,1e-12,1432,1.3161764705882353,10.529411764705882,True,0.00010489998385310173,snapshot only,9.156156513411879e-16,8.049116928532385e-16
full_feedback_n8_T128_s9401102,full_feedback,8,128,9401102,136,8,1088,full_matrix,1e-08,1088,1.0,8.0,True,6.998889148235321e-07,online baseline,0.0,0.0
full_feedback_n8_T128_s9401102,full_feedback,8,128,9401102,136,8,1088,coordinate_sparse,1e-08,2176,2.0,16.0,True,1.5400000847876072e-05,snapshot only,0.0,0.0
full_feedback_n8_T128_s9401102,full_feedback,8,128,9401102,136,8,1088,block_sparse_triangular,1e-08,1232,1.1323529411764706,9.058823529411764,True,1.7200014553964138e-05,known closed online block recurrence,0.0,0.0
full_feedback_n8_T128_s9401102,full_feedback,8,128,9401102,136,8,1088,global_svd,1e-08,1152,1.0588235294117647,8.470588235294118,True,0.0001246000174432993,snapshot only,7.141065266388156e-16,6.661338147750939e-16
full_feedback_n8_T128_s9401102,full_feedback,8,128,9401102,136,8,1088,pivoted_qr_repeated_basis,1e-08,1288,1.1838235294117647,9.470588235294118,True,6.310001481324434e-05,snapshot only,3.1419401034453076e-16,3.677613769070831e-16
full_feedback_n8_T128_s9401102,full_feedback,8,128,9401102,136,8,1088,supported_group_factors,1e-08,1112,1.0220588235294117,8.176470588235293,True,0.0006913000252097845,snapshot only,0.0,0.0
full_feedback_n8_T128_s9401102,full_feedback,8,128,9401102,136,8,1088,owner_block_factors,1e-08,1168,1.0735294117647058,8.588235294117647,True,0.0013722000876441598,snapshot only,0.0,0.0
full_feedback_n8_T128_s9401102,full_feedback,8,128,9401102,136,8,1088,kronecker_shared_input_basis,1e-08,1112,1.0220588235294117,8.176470588235293,True,0.0006483999313786626,snapshot only,0.0,0.0
full_feedback_n8_T128_s9401102,full_feedback,8,128,9401102,136,8,1088,immediate_support_exact_slice_plus_svd_residual,1e-08,1432,1.3161764705882353,10.529411764705882,True,9.639991912990808e-05,snapshot only,6.0359101193688015e-16,4.440892098500626e-16
full_feedback_n8_T128_s9401102,full_feedback,8,128,9401102,136,8,1088,local_eligibility_plus_svd_residual,1e-08,1432,1.3161764705882353,10.529411764705882,True,8.699996396899223e-05,snapshot only,4.334515917907459e-16,3.400058012914542e-16
full_feedback_n8_T128_s9401102,full_feedback,8,128,9401102,136,8,1088,global_svd,1e-10,1152,1.0588235294117647,8.470588235294118,True,7.409998215734959e-05,snapshot only,7.141065266388156e-16,6.661338147750939e-16
full_feedback_n8_T128_s9401102,full_feedback,8,128,9401102,136,8,1088,pivoted_qr_repeated_basis,1e-10,1288,1.1838235294117647,9.470588235294118,True,5.3299940191209316e-05,snapshot only,3.1419401034453076e-16,3.677613769070831e-16
full_feedback_n8_T128_s9401102,full_feedback,8,128,9401102,136,8,1088,supported_group_factors,1e-10,1112,1.0220588235294117,8.176470588235293,True,0.0006554999854415655,snapshot only,0.0,0.0
full_feedback_n8_T128_s9401102,full_feedback,8,128,9401102,136,8,1088,owner_block_factors,1e-10,1168,1.0735294117647058,8.588235294117647,True,0.0013883000938221812,snapshot only,0.0,0.0
full_feedback_n8_T128_s9401102,full_feedback,8,128,9401102,136,8,1088,kronecker_shared_input_basis,1e-10,1112,1.0220588235294117,8.176470588235293,True,0.0006434000097215176,snapshot only,0.0,0.0
full_feedback_n8_T128_s9401102,full_feedback,8,128,9401102,136,8,1088,immediate_support_exact_slice_plus_svd_residual,1e-10,1432,1.3161764705882353,10.529411764705882,True,9.730004239827394e-05,snapshot only,6.0359101193688015e-16,4.440892098500626e-16
full_feedback_n8_T128_s9401102,full_feedback,8,128,9401102,136,8,1088,local_eligibility_plus_svd_residual,1e-10,1432,1.3161764705882353,10.529411764705882,True,0.00011769996490329504,snapshot only,4.334515917907459e-16,3.400058012914542e-16
full_feedback_n8_T128_s9401102,full_feedback,8,128,9401102,136,8,1088,global_svd,1e-12,1152,1.0588235294117647,8.470588235294118,True,8.320005144923925e-05,snapshot only,7.141065266388156e-16,6.661338147750939e-16
full_feedback_n8_T128_s9401102,full_feedback,8,128,9401102,136,8,1088,pivoted_qr_repeated_basis,1e-12,1288,1.1838235294117647,9.470588235294118,True,5.970010533928871e-05,snapshot only,3.1419401034453076e-16,3.677613769070831e-16
full_feedback_n8_T128_s9401102,full_feedback,8,128,9401102,136,8,1088,supported_group_factors,1e-12,1112,1.0220588235294117,8.176470588235293,True,0.0006767000304535031,snapshot only,0.0,0.0
full_feedback_n8_T128_s9401102,full_feedback,8,128,9401102,136,8,1088,owner_block_factors,1e-12,1168,1.0735294117647058,8.588235294117647,True,0.0013972000451758504,snapshot only,0.0,0.0
full_feedback_n8_T128_s9401102,full_feedback,8,128,9401102,136,8,1088,kronecker_shared_input_basis,1e-12,1112,1.0220588235294117,8.176470588235293,True,0.0006483000470325351,snapshot only,0.0,0.0
full_feedback_n8_T128_s9401102,full_feedback,8,128,9401102,136,8,1088,immediate_support_exact_slice_plus_svd_residual,1e-12,1432,1.3161764705882353,10.529411764705882,True,9.639991912990808e-05,snapshot only,6.0359101193688015e-16,4.440892098500626e-16
full_feedback_n8_T128_s9401102,full_feedback,8,128,9401102,136,8,1088,local_eligibility_plus_svd_residual,1e-12,1432,1.3161764705882353,10.529411764705882,True,8.819997310638428e-05,snapshot only,4.334515917907459e-16,3.400058012914542e-16
full_feedback_n8_T128_s9401103,full_feedback,8,128,9401103,136,8,1088,full_matrix,1e-08,1088,1.0,8.0,True,5.00003807246685e-07,online baseline,0.0,0.0
full_feedback_n8_T128_s9401103,full_feedback,8,128,9401103,136,8,1088,coordinate_sparse,1e-08,2176,2.0,16.0,True,1.580000389367342e-05,snapshot only,0.0,0.0
full_feedback_n8_T128_s9401103,full_feedback,8,128,9401103,136,8,1088,block_sparse_triangular,1e-08,1232,1.1323529411764706,9.058823529411764,True,1.5700003132224083e-05,known closed online block recurrence,0.0,0.0
full_feedback_n8_T128_s9401103,full_feedback,8,128,9401103,136,8,1088,global_svd,1e-08,1152,1.0588235294117647,8.470588235294118,True,0.00010459998156875372,snapshot only,8.208048699944801e-16,8.881784197001252e-16
full_feedback_n8_T128_s9401103,full_feedback,8,128,9401103,136,8,1088,pivoted_qr_repeated_basis,1e-08,1288,1.1838235294117647,9.470588235294118,True,6.57000346109271e-05,snapshot only,3.602437600955605e-16,3.400058012914542e-16
full_feedback_n8_T128_s9401103,full_feedback,8,128,9401103,136,8,1088,supported_group_factors,1e-08,1112,1.0220588235294117,8.176470588235293,True,0.0006791999330744147,snapshot only,0.0,0.0
full_feedback_n8_T128_s9401103,full_feedback,8,128,9401103,136,8,1088,owner_block_factors,1e-08,1168,1.0735294117647058,8.588235294117647,True,0.0013717999681830406,snapshot only,0.0,0.0
full_feedback_n8_T128_s9401103,full_feedback,8,128,9401103,136,8,1088,kronecker_shared_input_basis,1e-08,1112,1.0220588235294117,8.176470588235293,True,0.0006434000097215176,snapshot only,0.0,0.0
full_feedback_n8_T128_s9401103,full_feedback,8,128,9401103,136,8,1088,immediate_support_exact_slice_plus_svd_residual,1e-08,1432,1.3161764705882353,10.529411764705882,True,9.210000280290842e-05,snapshot only,4.002373850829582e-16,3.3306690738754696e-16
full_feedback_n8_T128_s9401103,full_feedback,8,128,9401103,136,8,1088,local_eligibility_plus_svd_residual,1e-08,1432,1.3161764705882353,10.529411764705882,True,8.539995178580284e-05,snapshot only,3.276929711721559e-16,2.498001805406602e-16
full_feedback_n8_T128_s9401103,full_feedback,8,128,9401103,136,8,1088,global_svd,1e-10,1152,1.0588235294117647,8.470588235294118,True,7.559999357908964e-05,snapshot only,8.208048699944801e-16,8.881784197001252e-16
full_feedback_n8_T128_s9401103,full_feedback,8,128,9401103,136,8,1088,pivoted_qr_repeated_basis,1e-10,1288,1.1838235294117647,9.470588235294118,True,5.3699943237006664e-05,snapshot only,3.602437600955605e-16,3.400058012914542e-16
full_feedback_n8_T128_s9401103,full_feedback,8,128,9401103,136,8,1088,supported_group_factors,1e-10,1112,1.0220588235294117,8.176470588235293,True,0.0006917000282555819,snapshot only,0.0,0.0
full_feedback_n8_T128_s9401103,full_feedback,8,128,9401103,136,8,1088,owner_block_factors,1e-10,1168,1.0735294117647058,8.588235294117647,True,0.0021866000024601817,snapshot only,0.0,0.0
full_feedback_n8_T128_s9401103,full_feedback,8,128,9401103,136,8,1088,kronecker_shared_input_basis,1e-10,1112,1.0220588235294117,8.176470588235293,True,0.0008419000077992678,snapshot only,0.0,0.0
full_feedback_n8_T128_s9401103,full_feedback,8,128,9401103,136,8,1088,immediate_support_exact_slice_plus_svd_residual,1e-10,1432,1.3161764705882353,10.529411764705882,True,0.00010280008427798748,snapshot only,4.002373850829582e-16,3.3306690738754696e-16
full_feedback_n8_T128_s9401103,full_feedback,8,128,9401103,136,8,1088,local_eligibility_plus_svd_residual,1e-10,1432,1.3161764705882353,10.529411764705882,True,8.849997539073229e-05,snapshot only,3.276929711721559e-16,2.498001805406602e-16
full_feedback_n8_T128_s9401103,full_feedback,8,128,9401103,136,8,1088,global_svd,1e-12,1152,1.0588235294117647,8.470588235294118,True,7.599999662488699e-05,snapshot only,8.208048699944801e-16,8.881784197001252e-16
full_feedback_n8_T128_s9401103,full_feedback,8,128,9401103,136,8,1088,pivoted_qr_repeated_basis,1e-12,1288,1.1838235294117647,9.470588235294118,True,5.679996684193611e-05,snapshot only,3.602437600955605e-16,3.400058012914542e-16
full_feedback_n8_T128_s9401103,full_feedback,8,128,9401103,136,8,1088,supported_group_factors,1e-12,1112,1.0220588235294117,8.176470588235293,True,0.0006764999125152826,snapshot only,0.0,0.0
full_feedback_n8_T128_s9401103,full_feedback,8,128,9401103,136,8,1088,owner_block_factors,1e-12,1168,1.0735294117647058,8.588235294117647,True,0.0013609000016003847,snapshot only,0.0,0.0
full_feedback_n8_T128_s9401103,full_feedback,8,128,9401103,136,8,1088,kronecker_shared_input_basis,1e-12,1112,1.0220588235294117,8.176470588235293,True,0.0006634000455960631,snapshot only,0.0,0.0
full_feedback_n8_T128_s9401103,full_feedback,8,128,9401103,136,8,1088,immediate_support_exact_slice_plus_svd_residual,1e-12,1432,1.3161764705882353,10.529411764705882,True,9.920005686581135e-05,snapshot only,4.002373850829582e-16,3.3306690738754696e-16
full_feedback_n8_T128_s9401103,full_feedback,8,128,9401103,136,8,1088,local_eligibility_plus_svd_residual,1e-12,1432,1.3161764705882353,10.529411764705882,True,9.080010931938887e-05,snapshot only,3.276929711721559e-16,2.498001805406602e-16
full_feedback_n8_T128_s9401104,full_feedback,8,128,9401104,136,8,1088,full_matrix,1e-08,1088,1.0,8.0,True,6.00004568696022e-07,online baseline,0.0,0.0
full_feedback_n8_T128_s9401104,full_feedback,8,128,9401104,136,8,1088,coordinate_sparse,1e-08,2176,2.0,16.0,True,1.7400016076862812e-05,snapshot only,0.0,0.0
full_feedback_n8_T128_s9401104,full_feedback,8,128,9401104,136,8,1088,block_sparse_triangular,1e-08,1232,1.1323529411764706,9.058823529411764,True,1.5900004655122757e-05,known closed online block recurrence,0.0,0.0
full_feedback_n8_T128_s9401104,full_feedback,8,128,9401104,136,8,1088,global_svd,1e-08,1152,1.0588235294117647,8.470588235294118,True,0.00011539994738996029,snapshot only,2.0477515675891656e-15,2.4147350785597155e-15
full_feedback_n8_T128_s9401104,full_feedback,8,128,9401104,136,8,1088,pivoted_qr_repeated_basis,1e-08,1288,1.1838235294117647,9.470588235294118,True,6.57000346109271e-05,snapshot only,3.1677125764666363e-16,4.440892098500626e-16
full_feedback_n8_T128_s9401104,full_feedback,8,128,9401104,136,8,1088,supported_group_factors,1e-08,1112,1.0220588235294117,8.176470588235293,True,0.0006775000365450978,snapshot only,0.0,0.0
full_feedback_n8_T128_s9401104,full_feedback,8,128,9401104,136,8,1088,owner_block_factors,1e-08,1168,1.0735294117647058,8.588235294117647,True,0.0017154000233858824,snapshot only,0.0,0.0
full_feedback_n8_T128_s9401104,full_feedback,8,128,9401104,136,8,1088,kronecker_shared_input_basis,1e-08,1112,1.0220588235294117,8.176470588235293,True,0.0006965999491512775,snapshot only,0.0,0.0
full_feedback_n8_T128_s9401104,full_feedback,8,128,9401104,136,8,1088,immediate_support_exact_slice_plus_svd_residual,1e-08,1432,1.3161764705882353,10.529411764705882,True,0.0001012999564409256,snapshot only,3.4432061447537523e-16,3.3306690738754696e-16
full_feedback_n8_T128_s9401104,full_feedback,8,128,9401104,136,8,1088,local_eligibility_plus_svd_residual,1e-08,1432,1.3161764705882353,10.529411764705882,True,8.939998224377632e-05,snapshot only,5.103570053262951e-16,5.551115123125783e-16
full_feedback_n8_T128_s9401104,full_feedback,8,128,9401104,136,8,1088,global_svd,1e-10,1152,1.0588235294117647,8.470588235294118,True,7.6299998909235e-05,snapshot only,2.0477515675891656e-15,2.4147350785597155e-15
full_feedback_n8_T128_s9401104,full_feedback,8,128,9401104,136,8,1088,pivoted_qr_repeated_basis,1e-10,1288,1.1838235294117647,9.470588235294118,True,6.370001938194036e-05,snapshot only,3.1677125764666363e-16,4.440892098500626e-16
full_feedback_n8_T128_s9401104,full_feedback,8,128,9401104,136,8,1088,supported_group_factors,1e-10,1112,1.0220588235294117,8.176470588235293,True,0.0006670000730082393,snapshot only,0.0,0.0
full_feedback_n8_T128_s9401104,full_feedback,8,128,9401104,136,8,1088,owner_block_factors,1e-10,1168,1.0735294117647058,8.588235294117647,True,0.0013763000024482608,snapshot only,0.0,0.0
full_feedback_n8_T128_s9401104,full_feedback,8,128,9401104,136,8,1088,kronecker_shared_input_basis,1e-10,1112,1.0220588235294117,8.176470588235293,True,0.0006406999891623855,snapshot only,0.0,0.0
full_feedback_n8_T128_s9401104,full_feedback,8,128,9401104,136,8,1088,immediate_support_exact_slice_plus_svd_residual,1e-10,1432,1.3161764705882353,10.529411764705882,True,9.720004163682461e-05,snapshot only,3.4432061447537523e-16,3.3306690738754696e-16
full_feedback_n8_T128_s9401104,full_feedback,8,128,9401104,136,8,1088,local_eligibility_plus_svd_residual,1e-10,1432,1.3161764705882353,10.529411764705882,True,8.969998452812433e-05,snapshot only,5.103570053262951e-16,5.551115123125783e-16
full_feedback_n8_T128_s9401104,full_feedback,8,128,9401104,136,8,1088,global_svd,1e-12,1152,1.0588235294117647,8.470588235294118,True,7.850001566112041e-05,snapshot only,2.0477515675891656e-15,2.4147350785597155e-15
full_feedback_n8_T128_s9401104,full_feedback,8,128,9401104,136,8,1088,pivoted_qr_repeated_basis,1e-12,1288,1.1838235294117647,9.470588235294118,True,5.270005203783512e-05,snapshot only,3.1677125764666363e-16,4.440892098500626e-16
full_feedback_n8_T128_s9401104,full_feedback,8,128,9401104,136,8,1088,supported_group_factors,1e-12,1112,1.0220588235294117,8.176470588235293,True,0.0006668999558314681,snapshot only,0.0,0.0
full_feedback_n8_T128_s9401104,full_feedback,8,128,9401104,136,8,1088,owner_block_factors,1e-12,1168,1.0735294117647058,8.588235294117647,True,0.0013665000442415476,snapshot only,0.0,0.0
full_feedback_n8_T128_s9401104,full_feedback,8,128,9401104,136,8,1088,kronecker_shared_input_basis,1e-12,1112,1.0220588235294117,8.176470588235293,True,0.0006447000196203589,snapshot only,0.0,0.0
full_feedback_n8_T128_s9401104,full_feedback,8,128,9401104,136,8,1088,immediate_support_exact_slice_plus_svd_residual,1e-12,1432,1.3161764705882353,10.529411764705882,True,9.320001117885113e-05,snapshot only,3.4432061447537523e-16,3.3306690738754696e-16
full_feedback_n8_T128_s9401104,full_feedback,8,128,9401104,136,8,1088,local_eligibility_plus_svd_residual,1e-12,1432,1.3161764705882353,10.529411764705882,True,8.68999632075429e-05,snapshot only,5.103570053262951e-16,5.551115123125783e-16
full_feedback_n16_T32_s9401100,full_feedback,16,32,9401100,528,16,8448,full_matrix,1e-08,8448,1.0,16.0,True,1.00000761449337e-06,online baseline,0.0,0.0
full_feedback_n16_T32_s9401100,full_feedback,16,32,9401100,528,16,8448,coordinate_sparse,1e-08,16896,2.0,32.0,True,3.250001464039087e-05,snapshot only,0.0,0.0
full_feedback_n16_T32_s9401100,full_feedback,16,32,9401100,528,16,8448,block_sparse_triangular,1e-08,8992,1.0643939393939394,17.03030303030303,True,3.350002225488424e-05,known closed online block recurrence,0.0,0.0
full_feedback_n16_T32_s9401100,full_feedback,16,32,9401100,528,16,8448,global_svd,1e-08,8704,1.0303030303030303,16.484848484848484,True,0.00024209998082369566,snapshot only,1.3974160461467496e-15,1.1102230246251565e-15
full_feedback_n16_T32_s9401100,full_feedback,16,32,9401100,528,16,8448,pivoted_qr_repeated_basis,1e-08,9232,1.0928030303030303,17.484848484848484,True,0.00011660007294267416,snapshot only,3.477987534017488e-16,6.661338147750939e-16
full_feedback_n16_T32_s9401100,full_feedback,16,32,9401100,528,16,8448,supported_group_factors,1e-08,8496,1.0056818181818181,16.09090909090909,True,0.0018134999554604292,snapshot only,0.0,0.0
full_feedback_n16_T32_s9401100,full_feedback,16,32,9401100,528,16,8448,owner_block_factors,1e-08,8736,1.0340909090909092,16.545454545454547,True,0.004179899930022657,snapshot only,0.0,0.0
full_feedback_n16_T32_s9401100,full_feedback,16,32,9401100,528,16,8448,kronecker_shared_input_basis,1e-08,8480,1.003787878787879,16.060606060606062,True,0.001877299975603819,snapshot only,2.832574380786973e-09,1.128518209436713e-09
full_feedback_n16_T32_s9401100,full_feedback,16,32,9401100,528,16,8448,immediate_support_exact_slice_plus_svd_residual,1e-08,9776,1.1571969696969697,18.515151515151516,True,0.00023910007439553738,snapshot only,4.778229295727916e-16,3.608224830031759e-16
full_feedback_n16_T32_s9401100,full_feedback,16,32,9401100,528,16,8448,local_eligibility_plus_svd_residual,1e-08,9776,1.1571969696969697,18.515151515151516,True,0.00026590004563331604,snapshot only,5.95848084317275e-16,3.95516952522712e-16
full_feedback_n16_T32_s9401100,full_feedback,16,32,9401100,528,16,8448,global_svd,1e-10,8704,1.0303030303030303,16.484848484848484,True,0.00019599997904151678,snapshot only,1.3974160461467496e-15,1.1102230246251565e-15
full_feedback_n16_T32_s9401100,full_feedback,16,32,9401100,528,16,8448,pivoted_qr_repeated_basis,1e-10,9232,1.0928030303030303,17.484848484848484,True,0.00011749996338039637,snapshot only,3.477987534017488e-16,6.661338147750939e-16
full_feedback_n16_T32_s9401100,full_feedback,16,32,9401100,528,16,8448,supported_group_factors,1e-10,8496,1.0056818181818181,16.09090909090909,True,0.0018833000212907791,snapshot only,0.0,0.0
full_feedback_n16_T32_s9401100,full_feedback,16,32,9401100,528,16,8448,owner_block_factors,1e-10,8736,1.0340909090909092,16.545454545454547,True,0.0037091999547556043,snapshot only,0.0,0.0
full_feedback_n16_T32_s9401100,full_feedback,16,32,9401100,528,16,8448,kronecker_shared_input_basis,1e-10,8496,1.0056818181818181,16.09090909090909,True,0.0018333999905735254,snapshot only,0.0,0.0
full_feedback_n16_T32_s9401100,full_feedback,16,32,9401100,528,16,8448,immediate_support_exact_slice_plus_svd_residual,1e-10,9776,1.1571969696969697,18.515151515151516,True,0.00021710002329200506,snapshot only,4.778229295727916e-16,3.608224830031759e-16
full_feedback_n16_T32_s9401100,full_feedback,16,32,9401100,528,16,8448,local_eligibility_plus_svd_residual,1e-10,9776,1.1571969696969697,18.515151515151516,True,0.0002532999496906996,snapshot only,5.95848084317275e-16,3.95516952522712e-16
full_feedback_n16_T32_s9401100,full_feedback,16,32,9401100,528,16,8448,global_svd,1e-12,8704,1.0303030303030303,16.484848484848484,True,0.00018660002388060093,snapshot only,1.3974160461467496e-15,1.1102230246251565e-15
full_feedback_n16_T32_s9401100,full_feedback,16,32,9401100,528,16,8448,pivoted_qr_repeated_basis,1e-12,9232,1.0928030303030303,17.484848484848484,True,0.00011139991693198681,snapshot only,3.477987534017488e-16,6.661338147750939e-16
full_feedback_n16_T32_s9401100,full_feedback,16,32,9401100,528,16,8448,supported_group_factors,1e-12,8496,1.0056818181818181,16.09090909090909,True,0.001875600079074502,snapshot only,0.0,0.0
full_feedback_n16_T32_s9401100,full_feedback,16,32,9401100,528,16,8448,owner_block_factors,1e-12,8736,1.0340909090909092,16.545454545454547,True,0.005051300046034157,snapshot only,0.0,0.0
full_feedback_n16_T32_s9401100,full_feedback,16,32,9401100,528,16,8448,kronecker_shared_input_basis,1e-12,8496,1.0056818181818181,16.09090909090909,True,0.0021652999566867948,snapshot only,0.0,0.0
full_feedback_n16_T32_s9401100,full_feedback,16,32,9401100,528,16,8448,immediate_support_exact_slice_plus_svd_residual,1e-12,9776,1.1571969696969697,18.515151515151516,True,0.000224500079639256,snapshot only,4.778229295727916e-16,3.608224830031759e-16
full_feedback_n16_T32_s9401100,full_feedback,16,32,9401100,528,16,8448,local_eligibility_plus_svd_residual,1e-12,9776,1.1571969696969697,18.515151515151516,True,0.00026739994063973427,snapshot only,5.95848084317275e-16,3.95516952522712e-16
full_feedback_n16_T32_s9401101,full_feedback,16,32,9401101,528,16,8448,full_matrix,1e-08,8448,1.0,16.0,True,7.00005330145359e-07,online baseline,0.0,0.0
full_feedback_n16_T32_s9401101,full_feedback,16,32,9401101,528,16,8448,coordinate_sparse,1e-08,16896,2.0,32.0,True,3.490003291517496e-05,snapshot only,0.0,0.0
full_feedback_n16_T32_s9401101,full_feedback,16,32,9401101,528,16,8448,block_sparse_triangular,1e-08,8992,1.0643939393939394,17.03030303030303,True,3.729993477463722e-05,known closed online block recurrence,0.0,0.0
full_feedback_n16_T32_s9401101,full_feedback,16,32,9401101,528,16,8448,global_svd,1e-08,8704,1.0303030303030303,16.484848484848484,True,0.0002573999809101224,snapshot only,2.628955394479059e-15,3.58046925441613e-15
full_feedback_n16_T32_s9401101,full_feedback,16,32,9401101,528,16,8448,pivoted_qr_repeated_basis,1e-08,9232,1.0928030303030303,17.484848484848484,True,0.00013100006617605686,snapshot only,4.572970245718041e-16,6.661338147750939e-16
full_feedback_n16_T32_s9401101,full_feedback,16,32,9401101,528,16,8448,supported_group_factors,1e-08,8496,1.0056818181818181,16.09090909090909,True,0.0019292000215500593,snapshot only,0.0,0.0
full_feedback_n16_T32_s9401101,full_feedback,16,32,9401101,528,16,8448,owner_block_factors,1e-08,8736,1.0340909090909092,16.545454545454547,True,0.004040300031192601,snapshot only,0.0,0.0
full_feedback_n16_T32_s9401101,full_feedback,16,32,9401101,528,16,8448,kronecker_shared_input_basis,1e-08,8496,1.0056818181818181,16.09090909090909,True,0.0018515000119805336,snapshot only,0.0,0.0
full_feedback_n16_T32_s9401101,full_feedback,16,32,9401101,528,16,8448,immediate_support_exact_slice_plus_svd_residual,1e-08,9776,1.1571969696969697,18.515151515151516,True,0.0002207000507041812,snapshot only,4.3140085710805403e-16,3.608224830031759e-16
full_feedback_n16_T32_s9401101,full_feedback,16,32,9401101,528,16,8448,local_eligibility_plus_svd_residual,1e-08,9776,1.1571969696969697,18.515151515151516,True,0.00021710002329200506,snapshot only,8.167318886400356e-16,5.412337245047638e-16
full_feedback_n16_T32_s9401101,full_feedback,16,32,9401101,528,16,8448,global_svd,1e-10,8704,1.0303030303030303,16.484848484848484,True,0.00019779999274760485,snapshot only,2.628955394479059e-15,3.58046925441613e-15
full_feedback_n16_T32_s9401101,full_feedback,16,32,9401101,528,16,8448,pivoted_qr_repeated_basis,1e-10,9232,1.0928030303030303,17.484848484848484,True,0.00011900009121745825,snapshot only,4.572970245718041e-16,6.661338147750939e-16
full_feedback_n16_T32_s9401101,full_feedback,16,32,9401101,528,16,8448,supported_group_factors,1e-10,8496,1.0056818181818181,16.09090909090909,True,0.001833299989812076,snapshot only,0.0,0.0
full_feedback_n16_T32_s9401101,full_feedback,16,32,9401101,528,16,8448,owner_block_factors,1e-10,8736,1.0340909090909092,16.545454545454547,True,0.0044961998937651515,snapshot only,0.0,0.0
full_feedback_n16_T32_s9401101,full_feedback,16,32,9401101,528,16,8448,kronecker_shared_input_basis,1e-10,8496,1.0056818181818181,16.09090909090909,True,0.0017959000542759895,snapshot only,0.0,0.0
full_feedback_n16_T32_s9401101,full_feedback,16,32,9401101,528,16,8448,immediate_support_exact_slice_plus_svd_residual,1e-10,9776,1.1571969696969697,18.515151515151516,True,0.00023220002185553312,snapshot only,4.3140085710805403e-16,3.608224830031759e-16
full_feedback_n16_T32_s9401101,full_feedback,16,32,9401101,528,16,8448,local_eligibility_plus_svd_residual,1e-10,9776,1.1571969696969697,18.515151515151516,True,0.00021249998826533556,snapshot only,8.167318886400356e-16,5.412337245047638e-16
full_feedback_n16_T32_s9401101,full_feedback,16,32,9401101,528,16,8448,global_svd,1e-12,8704,1.0303030303030303,16.484848484848484,True,0.00019120005890727043,snapshot only,2.628955394479059e-15,3.58046925441613e-15
full_feedback_n16_T32_s9401101,full_feedback,16,32,9401101,528,16,8448,pivoted_qr_repeated_basis,1e-12,9232,1.0928030303030303,17.484848484848484,True,0.00011789996642619371,snapshot only,4.572970245718041e-16,6.661338147750939e-16
full_feedback_n16_T32_s9401101,full_feedback,16,32,9401101,528,16,8448,supported_group_factors,1e-12,8496,1.0056818181818181,16.09090909090909,True,0.001829200075007975,snapshot only,0.0,0.0
full_feedback_n16_T32_s9401101,full_feedback,16,32,9401101,528,16,8448,owner_block_factors,1e-12,8736,1.0340909090909092,16.545454545454547,True,0.004237600020132959,snapshot only,0.0,0.0
full_feedback_n16_T32_s9401101,full_feedback,16,32,9401101,528,16,8448,kronecker_shared_input_basis,1e-12,8496,1.0056818181818181,16.09090909090909,True,0.002350799972191453,snapshot only,0.0,0.0
full_feedback_n16_T32_s9401101,full_feedback,16,32,9401101,528,16,8448,immediate_support_exact_slice_plus_svd_residual,1e-12,9776,1.1571969696969697,18.515151515151516,True,0.00021920003928244114,snapshot only,4.3140085710805403e-16,3.608224830031759e-16
full_feedback_n16_T32_s9401101,full_feedback,16,32,9401101,528,16,8448,local_eligibility_plus_svd_residual,1e-12,9776,1.1571969696969697,18.515151515151516,True,0.00021790002938359976,snapshot only,8.167318886400356e-16,5.412337245047638e-16
full_feedback_n16_T32_s9401102,full_feedback,16,32,9401102,528,16,8448,full_matrix,1e-08,8448,1.0,16.0,True,6.00004568696022e-07,online baseline,0.0,0.0
full_feedback_n16_T32_s9401102,full_feedback,16,32,9401102,528,16,8448,coordinate_sparse,1e-08,16896,2.0,32.0,True,2.8399983420968056e-05,snapshot only,0.0,0.0
full_feedback_n16_T32_s9401102,full_feedback,16,32,9401102,528,16,8448,block_sparse_triangular,1e-08,8992,1.0643939393939394,17.03030303030303,True,3.330002073198557e-05,known closed online block recurrence,0.0,0.0
full_feedback_n16_T32_s9401102,full_feedback,16,32,9401102,528,16,8448,global_svd,1e-08,8704,1.0303030303030303,16.484848484848484,True,0.00023289991077035666,snapshot only,3.437946294618071e-15,2.921274333544943e-15
full_feedback_n16_T32_s9401102,full_feedback,16,32,9401102,528,16,8448,pivoted_qr_repeated_basis,1e-08,9232,1.0928030303030303,17.484848484848484,True,0.00011479994282126427,snapshot only,4.631031026012277e-16,6.661338147750939e-16
full_feedback_n16_T32_s9401102,full_feedback,16,32,9401102,528,16,8448,supported_group_factors,1e-08,8496,1.0056818181818181,16.09090909090909,True,0.001795099931769073,snapshot only,0.0,0.0
full_feedback_n16_T32_s9401102,full_feedback,16,32,9401102,528,16,8448,owner_block_factors,1e-08,8736,1.0340909090909092,16.545454545454547,True,0.00395000004209578,snapshot only,0.0,0.0
full_feedback_n16_T32_s9401102,full_feedback,16,32,9401102,528,16,8448,kronecker_shared_input_basis,1e-08,8496,1.0056818181818181,16.09090909090909,True,0.001803999999538064,snapshot only,0.0,0.0
full_feedback_n16_T32_s9401102,full_feedback,16,32,9401102,528,16,8448,immediate_support_exact_slice_plus_svd_residual,1e-08,9776,1.1571969696969697,18.515151515151516,True,0.00021379999816417694,snapshot only,5.086484439070165e-16,4.163336342344337e-16
full_feedback_n16_T32_s9401102,full_feedback,16,32,9401102,528,16,8448,local_eligibility_plus_svd_residual,1e-08,9776,1.1571969696969697,18.515151515151516,True,0.00020979996770620346,snapshot only,6.162677841640923e-16,6.661338147750939e-16
full_feedback_n16_T32_s9401102,full_feedback,16,32,9401102,528,16,8448,global_svd,1e-10,8704,1.0303030303030303,16.484848484848484,True,0.0001868999097496271,snapshot only,3.437946294618071e-15,2.921274333544943e-15
full_feedback_n16_T32_s9401102,full_feedback,16,32,9401102,528,16,8448,pivoted_qr_repeated_basis,1e-10,9232,1.0928030303030303,17.484848484848484,True,0.0001113000325858593,snapshot only,4.631031026012277e-16,6.661338147750939e-16
full_feedback_n16_T32_s9401102,full_feedback,16,32,9401102,528,16,8448,supported_group_factors,1e-10,8496,1.0056818181818181,16.09090909090909,True,0.002060699975118041,snapshot only,0.0,0.0
full_feedback_n16_T32_s9401102,full_feedback,16,32,9401102,528,16,8448,owner_block_factors,1e-10,8736,1.0340909090909092,16.545454545454547,True,0.0038651999784633517,snapshot only,0.0,0.0
full_feedback_n16_T32_s9401102,full_feedback,16,32,9401102,528,16,8448,kronecker_shared_input_basis,1e-10,8496,1.0056818181818181,16.09090909090909,True,0.0017537000821903348,snapshot only,0.0,0.0
full_feedback_n16_T32_s9401102,full_feedback,16,32,9401102,528,16,8448,immediate_support_exact_slice_plus_svd_residual,1e-10,9776,1.1571969696969697,18.515151515151516,True,0.0002136999974027276,snapshot only,5.086484439070165e-16,4.163336342344337e-16
full_feedback_n16_T32_s9401102,full_feedback,16,32,9401102,528,16,8448,local_eligibility_plus_svd_residual,1e-10,9776,1.1571969696969697,18.515151515151516,True,0.00021470000501722097,snapshot only,6.162677841640923e-16,6.661338147750939e-16
full_feedback_n16_T32_s9401102,full_feedback,16,32,9401102,528,16,8448,global_svd,1e-12,8704,1.0303030303030303,16.484848484848484,True,0.00018749991431832314,snapshot only,3.437946294618071e-15,2.921274333544943e-15
full_feedback_n16_T32_s9401102,full_feedback,16,32,9401102,528,16,8448,pivoted_qr_repeated_basis,1e-12,9232,1.0928030303030303,17.484848484848484,True,0.00010649999603629112,snapshot only,4.631031026012277e-16,6.661338147750939e-16
full_feedback_n16_T32_s9401102,full_feedback,16,32,9401102,528,16,8448,supported_group_factors,1e-12,8496,1.0056818181818181,16.09090909090909,True,0.0018930999794974923,snapshot only,0.0,0.0
full_feedback_n16_T32_s9401102,full_feedback,16,32,9401102,528,16,8448,owner_block_factors,1e-12,8736,1.0340909090909092,16.545454545454547,True,0.003876900067552924,snapshot only,0.0,0.0
full_feedback_n16_T32_s9401102,full_feedback,16,32,9401102,528,16,8448,kronecker_shared_input_basis,1e-12,8496,1.0056818181818181,16.09090909090909,True,0.0026268999790772796,snapshot only,0.0,0.0
full_feedback_n16_T32_s9401102,full_feedback,16,32,9401102,528,16,8448,immediate_support_exact_slice_plus_svd_residual,1e-12,9776,1.1571969696969697,18.515151515151516,True,0.0003276999341323972,snapshot only,5.086484439070165e-16,4.163336342344337e-16
full_feedback_n16_T32_s9401102,full_feedback,16,32,9401102,528,16,8448,local_eligibility_plus_svd_residual,1e-12,9776,1.1571969696969697,18.515151515151516,True,0.0003256000345572829,snapshot only,6.162677841640923e-16,6.661338147750939e-16
full_feedback_n16_T32_s9401103,full_feedback,16,32,9401103,528,16,8448,full_matrix,1e-08,8448,1.0,16.0,True,8.00006091594696e-07,online baseline,0.0,0.0
full_feedback_n16_T32_s9401103,full_feedback,16,32,9401103,528,16,8448,coordinate_sparse,1e-08,16896,2.0,32.0,True,3.159989137202501e-05,snapshot only,0.0,0.0
full_feedback_n16_T32_s9401103,full_feedback,16,32,9401103,528,16,8448,block_sparse_triangular,1e-08,8992,1.0643939393939394,17.03030303030303,True,4.9600028432905674e-05,known closed online block recurrence,0.0,0.0
full_feedback_n16_T32_s9401103,full_feedback,16,32,9401103,528,16,8448,global_svd,1e-08,8704,1.0303030303030303,16.484848484848484,True,0.00032510003075003624,snapshot only,1.7475250202908847e-15,1.5543122344752192e-15
full_feedback_n16_T32_s9401103,full_feedback,16,32,9401103,528,16,8448,pivoted_qr_repeated_basis,1e-08,9232,1.0928030303030303,17.484848484848484,True,0.00015760003589093685,snapshot only,4.3166059075533125e-16,4.996003610813204e-16
full_feedback_n16_T32_s9401103,full_feedback,16,32,9401103,528,16,8448,supported_group_factors,1e-08,8496,1.0056818181818181,16.09090909090909,True,0.0023740000324323773,snapshot only,0.0,0.0
full_feedback_n16_T32_s9401103,full_feedback,16,32,9401103,528,16,8448,owner_block_factors,1e-08,8736,1.0340909090909092,16.545454545454547,True,0.0056603000266477466,snapshot only,0.0,0.0
full_feedback_n16_T32_s9401103,full_feedback,16,32,9401103,528,16,8448,kronecker_shared_input_basis,1e-08,8496,1.0056818181818181,16.09090909090909,True,0.0019951999420300126,snapshot only,0.0,0.0
full_feedback_n16_T32_s9401103,full_feedback,16,32,9401103,528,16,8448,immediate_support_exact_slice_plus_svd_residual,1e-08,9776,1.1571969696969697,18.515151515151516,True,0.00022490008268505335,snapshot only,5.211230265269558e-16,4.0245584642661925e-16
full_feedback_n16_T32_s9401103,full_feedback,16,32,9401103,528,16,8448,local_eligibility_plus_svd_residual,1e-08,9776,1.1571969696969697,18.515151515151516,True,0.00021600001491606236,snapshot only,8.314662973082262e-16,5.828670879282072e-16
full_feedback_n16_T32_s9401103,full_feedback,16,32,9401103,528,16,8448,global_svd,1e-10,8704,1.0303030303030303,16.484848484848484,True,0.00019679998513311148,snapshot only,1.7475250202908847e-15,1.5543122344752192e-15
full_feedback_n16_T32_s9401103,full_feedback,16,32,9401103,528,16,8448,pivoted_qr_repeated_basis,1e-10,9232,1.0928030303030303,17.484848484848484,True,0.00013800000306218863,snapshot only,4.3166059075533125e-16,4.996003610813204e-16
full_feedback_n16_T32_s9401103,full_feedback,16,32,9401103,528,16,8448,supported_group_factors,1e-10,8496,1.0056818181818181,16.09090909090909,True,0.001959000015631318,snapshot only,0.0,0.0
full_feedback_n16_T32_s9401103,full_feedback,16,32,9401103,528,16,8448,owner_block_factors,1e-10,8736,1.0340909090909092,16.545454545454547,True,0.004832900012843311,snapshot only,0.0,0.0
full_feedback_n16_T32_s9401103,full_feedback,16,32,9401103,528,16,8448,kronecker_shared_input_basis,1e-10,8496,1.0056818181818181,16.09090909090909,True,0.002009199932217598,snapshot only,0.0,0.0
full_feedback_n16_T32_s9401103,full_feedback,16,32,9401103,528,16,8448,immediate_support_exact_slice_plus_svd_residual,1e-10,9776,1.1571969696969697,18.515151515151516,True,0.00024580000899732113,snapshot only,5.211230265269558e-16,4.0245584642661925e-16
full_feedback_n16_T32_s9401103,full_feedback,16,32,9401103,528,16,8448,local_eligibility_plus_svd_residual,1e-10,9776,1.1571969696969697,18.515151515151516,True,0.00022520008496940136,snapshot only,8.314662973082262e-16,5.828670879282072e-16
full_feedback_n16_T32_s9401103,full_feedback,16,32,9401103,528,16,8448,global_svd,1e-12,8704,1.0303030303030303,16.484848484848484,True,0.00019249995239078999,snapshot only,1.7475250202908847e-15,1.5543122344752192e-15
full_feedback_n16_T32_s9401103,full_feedback,16,32,9401103,528,16,8448,pivoted_qr_repeated_basis,1e-12,9232,1.0928030303030303,17.484848484848484,True,0.00012500002048909664,snapshot only,4.3166059075533125e-16,4.996003610813204e-16
full_feedback_n16_T32_s9401103,full_feedback,16,32,9401103,528,16,8448,supported_group_factors,1e-12,8496,1.0056818181818181,16.09090909090909,True,0.0018474999815225601,snapshot only,0.0,0.0
full_feedback_n16_T32_s9401103,full_feedback,16,32,9401103,528,16,8448,owner_block_factors,1e-12,8736,1.0340909090909092,16.545454545454547,True,0.0039172000251710415,snapshot only,0.0,0.0
full_feedback_n16_T32_s9401103,full_feedback,16,32,9401103,528,16,8448,kronecker_shared_input_basis,1e-12,8496,1.0056818181818181,16.09090909090909,True,0.0017642000457271934,snapshot only,0.0,0.0
full_feedback_n16_T32_s9401103,full_feedback,16,32,9401103,528,16,8448,immediate_support_exact_slice_plus_svd_residual,1e-12,9776,1.1571969696969697,18.515151515151516,True,0.00025949999690055847,snapshot only,5.211230265269558e-16,4.0245584642661925e-16
full_feedback_n16_T32_s9401103,full_feedback,16,32,9401103,528,16,8448,local_eligibility_plus_svd_residual,1e-12,9776,1.1571969696969697,18.515151515151516,True,0.00023760006297379732,snapshot only,8.314662973082262e-16,5.828670879282072e-16
full_feedback_n16_T32_s9401104,full_feedback,16,32,9401104,528,16,8448,full_matrix,1e-08,8448,1.0,16.0,True,6.00004568696022e-07,online baseline,0.0,0.0
full_feedback_n16_T32_s9401104,full_feedback,16,32,9401104,528,16,8448,coordinate_sparse,1e-08,16896,2.0,32.0,True,3.029999788850546e-05,snapshot only,0.0,0.0
full_feedback_n16_T32_s9401104,full_feedback,16,32,9401104,528,16,8448,block_sparse_triangular,1e-08,8992,1.0643939393939394,17.03030303030303,True,3.529991954565048e-05,known closed online block recurrence,0.0,0.0
full_feedback_n16_T32_s9401104,full_feedback,16,32,9401104,528,16,8448,global_svd,1e-08,8704,1.0303030303030303,16.484848484848484,True,0.0002489000326022506,snapshot only,2.476646450039125e-15,2.4424906541753444e-15
full_feedback_n16_T32_s9401104,full_feedback,16,32,9401104,528,16,8448,pivoted_qr_repeated_basis,1e-08,9232,1.0928030303030303,17.484848484848484,True,0.00012500002048909664,snapshot only,4.2241406055523803e-16,5.551115123125783e-16
full_feedback_n16_T32_s9401104,full_feedback,16,32,9401104,528,16,8448,supported_group_factors,1e-08,8496,1.0056818181818181,16.09090909090909,True,0.0018681000219658017,snapshot only,0.0,0.0
full_feedback_n16_T32_s9401104,full_feedback,16,32,9401104,528,16,8448,owner_block_factors,1e-08,8736,1.0340909090909092,16.545454545454547,True,0.0039678000612184405,snapshot only,0.0,0.0
full_feedback_n16_T32_s9401104,full_feedback,16,32,9401104,528,16,8448,kronecker_shared_input_basis,1e-08,8496,1.0056818181818181,16.09090909090909,True,0.001783900079317391,snapshot only,0.0,0.0
full_feedback_n16_T32_s9401104,full_feedback,16,32,9401104,528,16,8448,immediate_support_exact_slice_plus_svd_residual,1e-08,9776,1.1571969696969697,18.515151515151516,True,0.0002277999883517623,snapshot only,7.085650035099899e-16,5.551115123125783e-16
full_feedback_n16_T32_s9401104,full_feedback,16,32,9401104,528,16,8448,local_eligibility_plus_svd_residual,1e-08,9776,1.1571969696969697,18.515151515151516,True,0.00020769995171576738,snapshot only,1.0157798447468815e-15,1.1553258350005535e-15
full_feedback_n16_T32_s9401104,full_feedback,16,32,9401104,528,16,8448,global_svd,1e-10,8704,1.0303030303030303,16.484848484848484,True,0.00018580001778900623,snapshot only,2.476646450039125e-15,2.4424906541753444e-15
full_feedback_n16_T32_s9401104,full_feedback,16,32,9401104,528,16,8448,pivoted_qr_repeated_basis,1e-10,9232,1.0928030303030303,17.484848484848484,True,0.00011200003791600466,snapshot only,4.2241406055523803e-16,5.551115123125783e-16
full_feedback_n16_T32_s9401104,full_feedback,16,32,9401104,528,16,8448,supported_group_factors,1e-10,8496,1.0056818181818181,16.09090909090909,True,0.002391100046224892,snapshot only,0.0,0.0
full_feedback_n16_T32_s9401104,full_feedback,16,32,9401104,528,16,8448,owner_block_factors,1e-10,8736,1.0340909090909092,16.545454545454547,True,0.0041958000510931015,snapshot only,0.0,0.0
full_feedback_n16_T32_s9401104,full_feedback,16,32,9401104,528,16,8448,kronecker_shared_input_basis,1e-10,8496,1.0056818181818181,16.09090909090909,True,0.0018224000232294202,snapshot only,0.0,0.0
full_feedback_n16_T32_s9401104,full_feedback,16,32,9401104,528,16,8448,immediate_support_exact_slice_plus_svd_residual,1e-10,9776,1.1571969696969697,18.515151515151516,True,0.00023550004698336124,snapshot only,7.085650035099899e-16,5.551115123125783e-16
full_feedback_n16_T32_s9401104,full_feedback,16,32,9401104,528,16,8448,local_eligibility_plus_svd_residual,1e-10,9776,1.1571969696969697,18.515151515151516,True,0.00020800007041543722,snapshot only,1.0157798447468815e-15,1.1553258350005535e-15
full_feedback_n16_T32_s9401104,full_feedback,16,32,9401104,528,16,8448,global_svd,1e-12,8704,1.0303030303030303,16.484848484848484,True,0.00018710002768784761,snapshot only,2.476646450039125e-15,2.4424906541753444e-15
full_feedback_n16_T32_s9401104,full_feedback,16,32,9401104,528,16,8448,pivoted_qr_repeated_basis,1e-12,9232,1.0928030303030303,17.484848484848484,True,0.00011269992683082819,snapshot only,4.2241406055523803e-16,5.551115123125783e-16
full_feedback_n16_T32_s9401104,full_feedback,16,32,9401104,528,16,8448,supported_group_factors,1e-12,8496,1.0056818181818181,16.09090909090909,True,0.0018248000415042043,snapshot only,0.0,0.0
full_feedback_n16_T32_s9401104,full_feedback,16,32,9401104,528,16,8448,owner_block_factors,1e-12,8736,1.0340909090909092,16.545454545454547,True,0.00495149998459965,snapshot only,0.0,0.0
full_feedback_n16_T32_s9401104,full_feedback,16,32,9401104,528,16,8448,kronecker_shared_input_basis,1e-12,8496,1.0056818181818181,16.09090909090909,True,0.0019668000750243664,snapshot only,0.0,0.0
full_feedback_n16_T32_s9401104,full_feedback,16,32,9401104,528,16,8448,immediate_support_exact_slice_plus_svd_residual,1e-12,9776,1.1571969696969697,18.515151515151516,True,0.00021920003928244114,snapshot only,7.085650035099899e-16,5.551115123125783e-16
full_feedback_n16_T32_s9401104,full_feedback,16,32,9401104,528,16,8448,local_eligibility_plus_svd_residual,1e-12,9776,1.1571969696969697,18.515151515151516,True,0.0002104000886902213,snapshot only,1.0157798447468815e-15,1.1553258350005535e-15
full_feedback_n16_T128_s9401100,full_feedback,16,128,9401100,528,16,8448,full_matrix,1e-08,8448,1.0,16.0,True,6.00004568696022e-07,online baseline,0.0,0.0
full_feedback_n16_T128_s9401100,full_feedback,16,128,9401100,528,16,8448,coordinate_sparse,1e-08,16896,2.0,32.0,True,2.789997961372137e-05,snapshot only,0.0,0.0
full_feedback_n16_T128_s9401100,full_feedback,16,128,9401100,528,16,8448,block_sparse_triangular,1e-08,8992,1.0643939393939394,17.03030303030303,True,3.2400013878941536e-05,known closed online block recurrence,0.0,0.0
full_feedback_n16_T128_s9401100,full_feedback,16,128,9401100,528,16,8448,global_svd,1e-08,8704,1.0303030303030303,16.484848484848484,True,0.00021850003395229578,snapshot only,1.2185430541078953e-15,1.3322676295501878e-15
full_feedback_n16_T128_s9401100,full_feedback,16,128,9401100,528,16,8448,pivoted_qr_repeated_basis,1e-08,9232,1.0928030303030303,17.484848484848484,True,0.00011799996718764305,snapshot only,3.900706873417238e-16,4.440892098500626e-16
full_feedback_n16_T128_s9401100,full_feedback,16,128,9401100,528,16,8448,supported_group_factors,1e-08,8496,1.0056818181818181,16.09090909090909,True,0.00180460000410676,snapshot only,0.0,0.0
full_feedback_n16_T128_s9401100,full_feedback,16,128,9401100,528,16,8448,owner_block_factors,1e-08,8736,1.0340909090909092,16.545454545454547,True,0.004511200007982552,snapshot only,0.0,0.0
full_feedback_n16_T128_s9401100,full_feedback,16,128,9401100,528,16,8448,kronecker_shared_input_basis,1e-08,8496,1.0056818181818181,16.09090909090909,True,0.002098800032399595,snapshot only,0.0,0.0
full_feedback_n16_T128_s9401100,full_feedback,16,128,9401100,528,16,8448,immediate_support_exact_slice_plus_svd_residual,1e-08,9776,1.1571969696969697,18.515151515151516,True,0.0003258000360801816,snapshot only,5.65861214239884e-16,4.440892098500626e-16
full_feedback_n16_T128_s9401100,full_feedback,16,128,9401100,528,16,8448,local_eligibility_plus_svd_residual,1e-08,9776,1.1571969696969697,18.515151515151516,True,0.0003236000193282962,snapshot only,1.0504230636598435e-15,8.881784197001252e-16
full_feedback_n16_T128_s9401100,full_feedback,16,128,9401100,528,16,8448,global_svd,1e-10,8704,1.0303030303030303,16.484848484848484,True,0.00019509997218847275,snapshot only,1.2185430541078953e-15,1.3322676295501878e-15
full_feedback_n16_T128_s9401100,full_feedback,16,128,9401100,528,16,8448,pivoted_qr_repeated_basis,1e-10,9232,1.0928030303030303,17.484848484848484,True,0.00016729999333620071,snapshot only,3.900706873417238e-16,4.440892098500626e-16
full_feedback_n16_T128_s9401100,full_feedback,16,128,9401100,528,16,8448,supported_group_factors,1e-10,8496,1.0056818181818181,16.09090909090909,True,0.0023761000484228134,snapshot only,0.0,0.0
full_feedback_n16_T128_s9401100,full_feedback,16,128,9401100,528,16,8448,owner_block_factors,1e-10,8736,1.0340909090909092,16.545454545454547,True,0.005411899997852743,snapshot only,0.0,0.0
full_feedback_n16_T128_s9401100,full_feedback,16,128,9401100,528,16,8448,kronecker_shared_input_basis,1e-10,8496,1.0056818181818181,16.09090909090909,True,0.0023154999362304807,snapshot only,0.0,0.0
full_feedback_n16_T128_s9401100,full_feedback,16,128,9401100,528,16,8448,immediate_support_exact_slice_plus_svd_residual,1e-10,9776,1.1571969696969697,18.515151515151516,True,0.00022569997236132622,snapshot only,5.65861214239884e-16,4.440892098500626e-16
full_feedback_n16_T128_s9401100,full_feedback,16,128,9401100,528,16,8448,local_eligibility_plus_svd_residual,1e-10,9776,1.1571969696969697,18.515151515151516,True,0.00023779994808137417,snapshot only,1.0504230636598435e-15,8.881784197001252e-16
full_feedback_n16_T128_s9401100,full_feedback,16,128,9401100,528,16,8448,global_svd,1e-12,8704,1.0303030303030303,16.484848484848484,True,0.00024530000519007444,snapshot only,1.2185430541078953e-15,1.3322676295501878e-15
full_feedback_n16_T128_s9401100,full_feedback,16,128,9401100,528,16,8448,pivoted_qr_repeated_basis,1e-12,9232,1.0928030303030303,17.484848484848484,True,0.0001970999874174595,snapshot only,3.900706873417238e-16,4.440892098500626e-16
full_feedback_n16_T128_s9401100,full_feedback,16,128,9401100,528,16,8448,supported_group_factors,1e-12,8496,1.0056818181818181,16.09090909090909,True,0.0022110999561846256,snapshot only,0.0,0.0
full_feedback_n16_T128_s9401100,full_feedback,16,128,9401100,528,16,8448,owner_block_factors,1e-12,8736,1.0340909090909092,16.545454545454547,True,0.005263200029730797,snapshot only,0.0,0.0
full_feedback_n16_T128_s9401100,full_feedback,16,128,9401100,528,16,8448,kronecker_shared_input_basis,1e-12,8496,1.0056818181818181,16.09090909090909,True,0.0018899000715464354,snapshot only,0.0,0.0
full_feedback_n16_T128_s9401100,full_feedback,16,128,9401100,528,16,8448,immediate_support_exact_slice_plus_svd_residual,1e-12,9776,1.1571969696969697,18.515151515151516,True,0.0002133999951183796,snapshot only,5.65861214239884e-16,4.440892098500626e-16
full_feedback_n16_T128_s9401100,full_feedback,16,128,9401100,528,16,8448,local_eligibility_plus_svd_residual,1e-12,9776,1.1571969696969697,18.515151515151516,True,0.00032300001475960016,snapshot only,1.0504230636598435e-15,8.881784197001252e-16
full_feedback_n16_T128_s9401101,full_feedback,16,128,9401101,528,16,8448,full_matrix,1e-08,8448,1.0,16.0,True,6.00004568696022e-07,online baseline,0.0,0.0
full_feedback_n16_T128_s9401101,full_feedback,16,128,9401101,528,16,8448,coordinate_sparse,1e-08,16896,2.0,32.0,True,2.8799986466765404e-05,snapshot only,0.0,0.0
full_feedback_n16_T128_s9401101,full_feedback,16,128,9401101,528,16,8448,block_sparse_triangular,1e-08,8992,1.0643939393939394,17.03030303030303,True,3.3400021493434906e-05,known closed online block recurrence,0.0,0.0
full_feedback_n16_T128_s9401101,full_feedback,16,128,9401101,528,16,8448,global_svd,1e-08,8704,1.0303030303030303,16.484848484848484,True,0.00024189997930079699,snapshot only,1.787691531019038e-15,1.6237011735142914e-15
full_feedback_n16_T128_s9401101,full_feedback,16,128,9401101,528,16,8448,pivoted_qr_repeated_basis,1e-08,9232,1.0928030303030303,17.484848484848484,True,0.00011889997404068708,snapshot only,5.059851064582084e-16,4.440892098500626e-16
full_feedback_n16_T128_s9401101,full_feedback,16,128,9401101,528,16,8448,supported_group_factors,1e-08,8496,1.0056818181818181,16.09090909090909,True,0.0018776999786496162,snapshot only,0.0,0.0
full_feedback_n16_T128_s9401101,full_feedback,16,128,9401101,528,16,8448,owner_block_factors,1e-08,8736,1.0340909090909092,16.545454545454547,True,0.004045800073072314,snapshot only,0.0,0.0
full_feedback_n16_T128_s9401101,full_feedback,16,128,9401101,528,16,8448,kronecker_shared_input_basis,1e-08,8496,1.0056818181818181,16.09090909090909,True,0.001790100010111928,snapshot only,0.0,0.0
full_feedback_n16_T128_s9401101,full_feedback,16,128,9401101,528,16,8448,immediate_support_exact_slice_plus_svd_residual,1e-08,9776,1.1571969696969697,18.515151515151516,True,0.0002082999562844634,snapshot only,6.920853844272167e-16,5.828670879282072e-16
full_feedback_n16_T128_s9401101,full_feedback,16,128,9401101,528,16,8448,local_eligibility_plus_svd_residual,1e-08,9776,1.1571969696969697,18.515151515151516,True,0.0002028000308200717,snapshot only,6.021227181769833e-16,5.134781488891349e-16
full_feedback_n16_T128_s9401101,full_feedback,16,128,9401101,528,16,8448,global_svd,1e-10,8704,1.0303030303030303,16.484848484848484,True,0.00018800003454089165,snapshot only,1.787691531019038e-15,1.6237011735142914e-15
full_feedback_n16_T128_s9401101,full_feedback,16,128,9401101,528,16,8448,pivoted_qr_repeated_basis,1e-10,9232,1.0928030303030303,17.484848484848484,True,0.00010740000288933516,snapshot only,5.059851064582084e-16,4.440892098500626e-16
full_feedback_n16_T128_s9401101,full_feedback,16,128,9401101,528,16,8448,supported_group_factors,1e-10,8496,1.0056818181818181,16.09090909090909,True,0.0020360000198706985,snapshot only,0.0,0.0
full_feedback_n16_T128_s9401101,full_feedback,16,128,9401101,528,16,8448,owner_block_factors,1e-10,8736,1.0340909090909092,16.545454545454547,True,0.003953799954615533,snapshot only,0.0,0.0
full_feedback_n16_T128_s9401101,full_feedback,16,128,9401101,528,16,8448,kronecker_shared_input_basis,1e-10,8496,1.0056818181818181,16.09090909090909,True,0.0017645999323576689,snapshot only,0.0,0.0
full_feedback_n16_T128_s9401101,full_feedback,16,128,9401101,528,16,8448,immediate_support_exact_slice_plus_svd_residual,1e-10,9776,1.1571969696969697,18.515151515151516,True,0.0002082999562844634,snapshot only,6.920853844272167e-16,5.828670879282072e-16
full_feedback_n16_T128_s9401101,full_feedback,16,128,9401101,528,16,8448,local_eligibility_plus_svd_residual,1e-10,9776,1.1571969696969697,18.515151515151516,True,0.00020480004604905844,snapshot only,6.021227181769833e-16,5.134781488891349e-16
full_feedback_n16_T128_s9401101,full_feedback,16,128,9401101,528,16,8448,global_svd,1e-12,8704,1.0303030303030303,16.484848484848484,True,0.0001873999135568738,snapshot only,1.787691531019038e-15,1.6237011735142914e-15
full_feedback_n16_T128_s9401101,full_feedback,16,128,9401101,528,16,8448,pivoted_qr_repeated_basis,1e-12,9232,1.0928030303030303,17.484848484848484,True,0.00010549998842179775,snapshot only,5.059851064582084e-16,4.440892098500626e-16
full_feedback_n16_T128_s9401101,full_feedback,16,128,9401101,528,16,8448,supported_group_factors,1e-12,8496,1.0056818181818181,16.09090909090909,True,0.0017646000487729907,snapshot only,0.0,0.0
full_feedback_n16_T128_s9401101,full_feedback,16,128,9401101,528,16,8448,owner_block_factors,1e-12,8736,1.0340909090909092,16.545454545454547,True,0.003834300092421472,snapshot only,0.0,0.0
full_feedback_n16_T128_s9401101,full_feedback,16,128,9401101,528,16,8448,kronecker_shared_input_basis,1e-12,8496,1.0056818181818181,16.09090909090909,True,0.0019460000330582261,snapshot only,0.0,0.0
full_feedback_n16_T128_s9401101,full_feedback,16,128,9401101,528,16,8448,immediate_support_exact_slice_plus_svd_residual,1e-12,9776,1.1571969696969697,18.515151515151516,True,0.00021759991068392992,snapshot only,6.920853844272167e-16,5.828670879282072e-16
full_feedback_n16_T128_s9401101,full_feedback,16,128,9401101,528,16,8448,local_eligibility_plus_svd_residual,1e-12,9776,1.1571969696969697,18.515151515151516,True,0.00020539993420243263,snapshot only,6.021227181769833e-16,5.134781488891349e-16
full_feedback_n16_T128_s9401102,full_feedback,16,128,9401102,528,16,8448,full_matrix,1e-08,8448,1.0,16.0,True,6.00004568696022e-07,online baseline,0.0,0.0
full_feedback_n16_T128_s9401102,full_feedback,16,128,9401102,528,16,8448,coordinate_sparse,1e-08,16896,2.0,32.0,True,3.120000474154949e-05,snapshot only,0.0,0.0
full_feedback_n16_T128_s9401102,full_feedback,16,128,9401102,528,16,8448,block_sparse_triangular,1e-08,8992,1.0643939393939394,17.03030303030303,True,3.520003519952297e-05,known closed online block recurrence,0.0,0.0
full_feedback_n16_T128_s9401102,full_feedback,16,128,9401102,528,16,8448,global_svd,1e-08,8704,1.0303030303030303,16.484848484848484,True,0.00023800006601959467,snapshot only,2.534761693110296e-15,2.095545958979983e-15
full_feedback_n16_T128_s9401102,full_feedback,16,128,9401102,528,16,8448,pivoted_qr_repeated_basis,1e-08,9232,1.0928030303030303,17.484848484848484,True,0.0001249000197276473,snapshot only,4.3259440760939286e-16,5.238864897449957e-16
full_feedback_n16_T128_s9401102,full_feedback,16,128,9401102,528,16,8448,supported_group_factors,1e-08,8496,1.0056818181818181,16.09090909090909,True,0.0018010999774560332,snapshot only,0.0,0.0
full_feedback_n16_T128_s9401102,full_feedback,16,128,9401102,528,16,8448,owner_block_factors,1e-08,8736,1.0340909090909092,16.545454545454547,True,0.004036199999973178,snapshot only,0.0,0.0
full_feedback_n16_T128_s9401102,full_feedback,16,128,9401102,528,16,8448,kronecker_shared_input_basis,1e-08,8496,1.0056818181818181,16.09090909090909,True,0.0018971000099554658,snapshot only,0.0,0.0
full_feedback_n16_T128_s9401102,full_feedback,16,128,9401102,528,16,8448,immediate_support_exact_slice_plus_svd_residual,1e-08,9776,1.1571969696969697,18.515151515151516,True,0.0002386999549344182,snapshot only,6.117556574236493e-16,4.718447854656915e-16
full_feedback_n16_T128_s9401102,full_feedback,16,128,9401102,528,16,8448,local_eligibility_plus_svd_residual,1e-08,9776,1.1571969696969697,18.515151515151516,True,0.00021130009554326534,snapshot only,9.486634911505898e-16,9.159339953157541e-16
full_feedback_n16_T128_s9401102,full_feedback,16,128,9401102,528,16,8448,global_svd,1e-10,8704,1.0303030303030303,16.484848484848484,True,0.0001865000231191516,snapshot only,2.534761693110296e-15,2.095545958979983e-15
full_feedback_n16_T128_s9401102,full_feedback,16,128,9401102,528,16,8448,pivoted_qr_repeated_basis,1e-10,9232,1.0928030303030303,17.484848484848484,True,0.00011679995805025101,snapshot only,4.3259440760939286e-16,5.238864897449957e-16
full_feedback_n16_T128_s9401102,full_feedback,16,128,9401102,528,16,8448,supported_group_factors,1e-10,8496,1.0056818181818181,16.09090909090909,True,0.002242799964733422,snapshot only,0.0,0.0
full_feedback_n16_T128_s9401102,full_feedback,16,128,9401102,528,16,8448,owner_block_factors,1e-10,8736,1.0340909090909092,16.545454545454547,True,0.004110099980607629,snapshot only,0.0,0.0
full_feedback_n16_T128_s9401102,full_feedback,16,128,9401102,528,16,8448,kronecker_shared_input_basis,1e-10,8496,1.0056818181818181,16.09090909090909,True,0.0018354000058025122,snapshot only,0.0,0.0
full_feedback_n16_T128_s9401102,full_feedback,16,128,9401102,528,16,8448,immediate_support_exact_slice_plus_svd_residual,1e-10,9776,1.1571969696969697,18.515151515151516,True,0.00021609989926218987,snapshot only,6.117556574236493e-16,4.718447854656915e-16
full_feedback_n16_T128_s9401102,full_feedback,16,128,9401102,528,16,8448,local_eligibility_plus_svd_residual,1e-10,9776,1.1571969696969697,18.515151515151516,True,0.00021159998141229153,snapshot only,9.486634911505898e-16,9.159339953157541e-16
full_feedback_n16_T128_s9401102,full_feedback,16,128,9401102,528,16,8448,global_svd,1e-12,8704,1.0303030303030303,16.484848484848484,True,0.00018770003225654364,snapshot only,2.534761693110296e-15,2.095545958979983e-15
full_feedback_n16_T128_s9401102,full_feedback,16,128,9401102,528,16,8448,pivoted_qr_repeated_basis,1e-12,9232,1.0928030303030303,17.484848484848484,True,0.00011429993901401758,snapshot only,4.3259440760939286e-16,5.238864897449957e-16
full_feedback_n16_T128_s9401102,full_feedback,16,128,9401102,528,16,8448,supported_group_factors,1e-12,8496,1.0056818181818181,16.09090909090909,True,0.0018068000208586454,snapshot only,0.0,0.0
full_feedback_n16_T128_s9401102,full_feedback,16,128,9401102,528,16,8448,owner_block_factors,1e-12,8736,1.0340909090909092,16.545454545454547,True,0.003906500060111284,snapshot only,0.0,0.0
full_feedback_n16_T128_s9401102,full_feedback,16,128,9401102,528,16,8448,kronecker_shared_input_basis,1e-12,8496,1.0056818181818181,16.09090909090909,True,0.001988800009712577,snapshot only,0.0,0.0
full_feedback_n16_T128_s9401102,full_feedback,16,128,9401102,528,16,8448,immediate_support_exact_slice_plus_svd_residual,1e-12,9776,1.1571969696969697,18.515151515151516,True,0.0002607000060379505,snapshot only,6.117556574236493e-16,4.718447854656915e-16
full_feedback_n16_T128_s9401102,full_feedback,16,128,9401102,528,16,8448,local_eligibility_plus_svd_residual,1e-12,9776,1.1571969696969697,18.515151515151516,True,0.00021349999587982893,snapshot only,9.486634911505898e-16,9.159339953157541e-16
full_feedback_n16_T128_s9401103,full_feedback,16,128,9401103,528,16,8448,full_matrix,1e-08,8448,1.0,16.0,True,7.00005330145359e-07,online baseline,0.0,0.0
full_feedback_n16_T128_s9401103,full_feedback,16,128,9401103,528,16,8448,coordinate_sparse,1e-08,16896,2.0,32.0,True,2.8999987989664078e-05,snapshot only,0.0,0.0
full_feedback_n16_T128_s9401103,full_feedback,16,128,9401103,528,16,8448,block_sparse_triangular,1e-08,8992,1.0643939393939394,17.03030303030303,True,3.339990507811308e-05,known closed online block recurrence,0.0,0.0
full_feedback_n16_T128_s9401103,full_feedback,16,128,9401103,528,16,8448,global_svd,1e-08,8704,1.0303030303030303,16.484848484848484,True,0.00021870003547519445,snapshot only,2.360513719417793e-15,1.6375789613221059e-15
full_feedback_n16_T128_s9401103,full_feedback,16,128,9401103,528,16,8448,pivoted_qr_repeated_basis,1e-08,9232,1.0928030303030303,17.484848484848484,True,0.000116499955765903,snapshot only,4.830696678259777e-16,4.579669976578771e-16
full_feedback_n16_T128_s9401103,full_feedback,16,128,9401103,528,16,8448,supported_group_factors,1e-08,8496,1.0056818181818181,16.09090909090909,True,0.0017979999538511038,snapshot only,0.0,0.0
full_feedback_n16_T128_s9401103,full_feedback,16,128,9401103,528,16,8448,owner_block_factors,1e-08,8736,1.0340909090909092,16.545454545454547,True,0.003881499986164272,snapshot only,0.0,0.0
full_feedback_n16_T128_s9401103,full_feedback,16,128,9401103,528,16,8448,kronecker_shared_input_basis,1e-08,8496,1.0056818181818181,16.09090909090909,True,0.0021291999146342278,snapshot only,0.0,0.0
full_feedback_n16_T128_s9401103,full_feedback,16,128,9401103,528,16,8448,immediate_support_exact_slice_plus_svd_residual,1e-08,9776,1.1571969696969697,18.515151515151516,True,0.0002712000859901309,snapshot only,9.297363401693807e-16,7.494005416219807e-16
full_feedback_n16_T128_s9401103,full_feedback,16,128,9401103,528,16,8448,local_eligibility_plus_svd_residual,1e-08,9776,1.1571969696969697,18.515151515151516,True,0.00022380007430911064,snapshot only,8.295147811986273e-16,5.967448757360216e-16
full_feedback_n16_T128_s9401103,full_feedback,16,128,9401103,528,16,8448,global_svd,1e-10,8704,1.0303030303030303,16.484848484848484,True,0.00018900004215538502,snapshot only,2.360513719417793e-15,1.6375789613221059e-15
full_feedback_n16_T128_s9401103,full_feedback,16,128,9401103,528,16,8448,pivoted_qr_repeated_basis,1e-10,9232,1.0928030303030303,17.484848484848484,True,0.00011890009045600891,snapshot only,4.830696678259777e-16,4.579669976578771e-16
full_feedback_n16_T128_s9401103,full_feedback,16,128,9401103,528,16,8448,supported_group_factors,1e-10,8496,1.0056818181818181,16.09090909090909,True,0.00180309999268502,snapshot only,0.0,0.0
full_feedback_n16_T128_s9401103,full_feedback,16,128,9401103,528,16,8448,owner_block_factors,1e-10,8736,1.0340909090909092,16.545454545454547,True,0.003875700058415532,snapshot only,0.0,0.0
full_feedback_n16_T128_s9401103,full_feedback,16,128,9401103,528,16,8448,kronecker_shared_input_basis,1e-10,8496,1.0056818181818181,16.09090909090909,True,0.0017775000305846334,snapshot only,0.0,0.0
full_feedback_n16_T128_s9401103,full_feedback,16,128,9401103,528,16,8448,immediate_support_exact_slice_plus_svd_residual,1e-10,9776,1.1571969696969697,18.515151515151516,True,0.00021650001872330904,snapshot only,9.297363401693807e-16,7.494005416219807e-16
full_feedback_n16_T128_s9401103,full_feedback,16,128,9401103,528,16,8448,local_eligibility_plus_svd_residual,1e-10,9776,1.1571969696969697,18.515151515151516,True,0.0002082999562844634,snapshot only,8.295147811986273e-16,5.967448757360216e-16
full_feedback_n16_T128_s9401103,full_feedback,16,128,9401103,528,16,8448,global_svd,1e-12,8704,1.0303030303030303,16.484848484848484,True,0.0001846000086516142,snapshot only,2.360513719417793e-15,1.6375789613221059e-15
full_feedback_n16_T128_s9401103,full_feedback,16,128,9401103,528,16,8448,pivoted_qr_repeated_basis,1e-12,9232,1.0928030303030303,17.484848484848484,True,0.00010309997014701366,snapshot only,4.830696678259777e-16,4.579669976578771e-16
full_feedback_n16_T128_s9401103,full_feedback,16,128,9401103,528,16,8448,supported_group_factors,1e-12,8496,1.0056818181818181,16.09090909090909,True,0.001793899922631681,snapshot only,0.0,0.0
full_feedback_n16_T128_s9401103,full_feedback,16,128,9401103,528,16,8448,owner_block_factors,1e-12,8736,1.0340909090909092,16.545454545454547,True,0.004308699979446828,snapshot only,0.0,0.0
full_feedback_n16_T128_s9401103,full_feedback,16,128,9401103,528,16,8448,kronecker_shared_input_basis,1e-12,8496,1.0056818181818181,16.09090909090909,True,0.0018195000011473894,snapshot only,0.0,0.0
full_feedback_n16_T128_s9401103,full_feedback,16,128,9401103,528,16,8448,immediate_support_exact_slice_plus_svd_residual,1e-12,9776,1.1571969696969697,18.515151515151516,True,0.00021650001872330904,snapshot only,9.297363401693807e-16,7.494005416219807e-16
full_feedback_n16_T128_s9401103,full_feedback,16,128,9401103,528,16,8448,local_eligibility_plus_svd_residual,1e-12,9776,1.1571969696969697,18.515151515151516,True,0.00020929996389895678,snapshot only,8.295147811986273e-16,5.967448757360216e-16
full_feedback_n16_T128_s9401104,full_feedback,16,128,9401104,528,16,8448,full_matrix,1e-08,8448,1.0,16.0,True,7.00005330145359e-07,online baseline,0.0,0.0
full_feedback_n16_T128_s9401104,full_feedback,16,128,9401104,528,16,8448,coordinate_sparse,1e-08,16896,2.0,32.0,True,2.859998494386673e-05,snapshot only,0.0,0.0
full_feedback_n16_T128_s9401104,full_feedback,16,128,9401104,528,16,8448,block_sparse_triangular,1e-08,8992,1.0643939393939394,17.03030303030303,True,0.00011420005466789007,known closed online block recurrence,0.0,0.0
full_feedback_n16_T128_s9401104,full_feedback,16,128,9401104,528,16,8448,global_svd,1e-08,8704,1.0303030303030303,16.484848484848484,True,0.00036890001501888037,snapshot only,3.131119887281202e-15,3.2335245592207684e-15
full_feedback_n16_T128_s9401104,full_feedback,16,128,9401104,528,16,8448,pivoted_qr_repeated_basis,1e-08,9232,1.0928030303030303,17.484848484848484,True,0.00011979998089373112,snapshot only,4.258097850006441e-16,5.551115123125783e-16
full_feedback_n16_T128_s9401104,full_feedback,16,128,9401104,528,16,8448,supported_group_factors,1e-08,8496,1.0056818181818181,16.09090909090909,True,0.00205210002604872,snapshot only,0.0,0.0
full_feedback_n16_T128_s9401104,full_feedback,16,128,9401104,528,16,8448,owner_block_factors,1e-08,8736,1.0340909090909092,16.545454545454547,True,0.004032699973322451,snapshot only,0.0,0.0
full_feedback_n16_T128_s9401104,full_feedback,16,128,9401104,528,16,8448,kronecker_shared_input_basis,1e-08,8496,1.0056818181818181,16.09090909090909,True,0.0017528999596834183,snapshot only,0.0,0.0
full_feedback_n16_T128_s9401104,full_feedback,16,128,9401104,528,16,8448,immediate_support_exact_slice_plus_svd_residual,1e-08,9776,1.1571969696969697,18.515151515151516,True,0.00021410000044852495,snapshot only,9.293760782960496e-16,9.992007221626409e-16
full_feedback_n16_T128_s9401104,full_feedback,16,128,9401104,528,16,8448,local_eligibility_plus_svd_residual,1e-08,9776,1.1571969696969697,18.515151515151516,True,0.00024800002574920654,snapshot only,4.480809704930606e-16,4.996003610813204e-16
full_feedback_n16_T128_s9401104,full_feedback,16,128,9401104,528,16,8448,global_svd,1e-10,8704,1.0303030303030303,16.484848484848484,True,0.00018820003606379032,snapshot only,3.131119887281202e-15,3.2335245592207684e-15
full_feedback_n16_T128_s9401104,full_feedback,16,128,9401104,528,16,8448,pivoted_qr_repeated_basis,1e-10,9232,1.0928030303030303,17.484848484848484,True,0.00011380005162209272,snapshot only,4.258097850006441e-16,5.551115123125783e-16
full_feedback_n16_T128_s9401104,full_feedback,16,128,9401104,528,16,8448,supported_group_factors,1e-10,8496,1.0056818181818181,16.09090909090909,True,0.0019060999620705843,snapshot only,0.0,0.0
full_feedback_n16_T128_s9401104,full_feedback,16,128,9401104,528,16,8448,owner_block_factors,1e-10,8736,1.0340909090909092,16.545454545454547,True,0.004223500029183924,snapshot only,0.0,0.0
full_feedback_n16_T128_s9401104,full_feedback,16,128,9401104,528,16,8448,kronecker_shared_input_basis,1e-10,8496,1.0056818181818181,16.09090909090909,True,0.0018109000520780683,snapshot only,0.0,0.0
full_feedback_n16_T128_s9401104,full_feedback,16,128,9401104,528,16,8448,immediate_support_exact_slice_plus_svd_residual,1e-10,9776,1.1571969696969697,18.515151515151516,True,0.00028909998945891857,snapshot only,9.293760782960496e-16,9.992007221626409e-16
full_feedback_n16_T128_s9401104,full_feedback,16,128,9401104,528,16,8448,local_eligibility_plus_svd_residual,1e-10,9776,1.1571969696969697,18.515151515151516,True,0.00021169998217374086,snapshot only,4.480809704930606e-16,4.996003610813204e-16
full_feedback_n16_T128_s9401104,full_feedback,16,128,9401104,528,16,8448,global_svd,1e-12,8704,1.0303030303030303,16.484848484848484,True,0.0001922000665217638,snapshot only,3.131119887281202e-15,3.2335245592207684e-15
full_feedback_n16_T128_s9401104,full_feedback,16,128,9401104,528,16,8448,pivoted_qr_repeated_basis,1e-12,9232,1.0928030303030303,17.484848484848484,True,0.00010899989865720272,snapshot only,4.258097850006441e-16,5.551115123125783e-16
full_feedback_n16_T128_s9401104,full_feedback,16,128,9401104,528,16,8448,supported_group_factors,1e-12,8496,1.0056818181818181,16.09090909090909,True,0.0017687000799924135,snapshot only,0.0,0.0
full_feedback_n16_T128_s9401104,full_feedback,16,128,9401104,528,16,8448,owner_block_factors,1e-12,8736,1.0340909090909092,16.545454545454547,True,0.004037300008349121,snapshot only,0.0,0.0
full_feedback_n16_T128_s9401104,full_feedback,16,128,9401104,528,16,8448,kronecker_shared_input_basis,1e-12,8496,1.0056818181818181,16.09090909090909,True,0.0018349000019952655,snapshot only,0.0,0.0
full_feedback_n16_T128_s9401104,full_feedback,16,128,9401104,528,16,8448,immediate_support_exact_slice_plus_svd_residual,1e-12,9776,1.1571969696969697,18.515151515151516,True,0.00021490000654011965,snapshot only,9.293760782960496e-16,9.992007221626409e-16
full_feedback_n16_T128_s9401104,full_feedback,16,128,9401104,528,16,8448,local_eligibility_plus_svd_residual,1e-12,9776,1.1571969696969697,18.515151515151516,True,0.0003095000283792615,snapshot only,4.480809704930606e-16,4.996003610813204e-16
deep3_n8_T32_s9401100,deep3,8,32,9401100,408,24,9792,full_matrix,1e-08,9792,1.0,24.0,True,6.00004568696022e-07,online baseline,0.0,0.0
deep3_n8_T32_s9401100,deep3,8,32,9401100,408,24,9792,coordinate_sparse,1e-08,13056,1.3333333333333333,32.0,True,2.7399975806474686e-05,snapshot only,0.0,0.0
deep3_n8_T32_s9401100,deep3,8,32,9401100,408,24,9792,block_sparse_triangular,1e-08,6984,0.7132352941176471,17.11764705882353,True,4.4899992644786835e-05,known closed online block recurrence,0.0,0.0
deep3_n8_T32_s9401100,deep3,8,32,9401100,408,24,9792,global_svd,1e-08,10368,1.0588235294117647,25.41176470588235,True,0.00032380002085119486,snapshot only,1.6001663513147868e-15,1.5543122344752192e-15
deep3_n8_T32_s9401100,deep3,8,32,9401100,408,24,9792,pivoted_qr_repeated_basis,1e-08,10776,1.1004901960784315,26.41176470588235,True,0.0003610999556258321,snapshot only,3.9574781322814906e-16,6.661338147750939e-16
deep3_n8_T32_s9401100,deep3,8,32,9401100,408,24,9792,supported_group_factors,1e-08,6672,0.6813725490196079,16.352941176470587,True,0.003174099954776466,snapshot only,0.0,0.0
deep3_n8_T32_s9401100,deep3,8,32,9401100,408,24,9792,owner_block_factors,1e-08,7008,0.7156862745098039,17.176470588235293,True,0.005390800070017576,snapshot only,0.0,0.0
deep3_n8_T32_s9401100,deep3,8,32,9401100,408,24,9792,kronecker_shared_input_basis,1e-08,6672,0.6813725490196079,16.352941176470587,True,0.0030013000359758735,snapshot only,0.0,0.0
deep3_n8_T32_s9401100,deep3,8,32,9401100,408,24,9792,immediate_support_exact_slice_plus_svd_residual,1e-08,14664,1.4975490196078431,35.94117647058823,True,0.00033900002017617226,snapshot only,4.850523433947169e-16,5.603156827405087e-16
deep3_n8_T32_s9401100,deep3,8,32,9401100,408,24,9792,local_eligibility_plus_svd_residual,1e-08,14664,1.4975490196078431,35.94117647058823,True,0.00040819996502250433,snapshot only,8.1044633226141785e-16,7.355227538141662e-16
deep3_n8_T32_s9401100,deep3,8,32,9401100,408,24,9792,global_svd,1e-10,10368,1.0588235294117647,25.41176470588235,True,0.0002906000008806586,snapshot only,1.6001663513147868e-15,1.5543122344752192e-15
deep3_n8_T32_s9401100,deep3,8,32,9401100,408,24,9792,pivoted_qr_repeated_basis,1e-10,10776,1.1004901960784315,26.41176470588235,True,0.00021219998598098755,snapshot only,3.9574781322814906e-16,6.661338147750939e-16
deep3_n8_T32_s9401100,deep3,8,32,9401100,408,24,9792,supported_group_factors,1e-10,6672,0.6813725490196079,16.352941176470587,True,0.003196900011971593,snapshot only,0.0,0.0
deep3_n8_T32_s9401100,deep3,8,32,9401100,408,24,9792,owner_block_factors,1e-10,7008,0.7156862745098039,17.176470588235293,True,0.005277800024487078,snapshot only,0.0,0.0
deep3_n8_T32_s9401100,deep3,8,32,9401100,408,24,9792,kronecker_shared_input_basis,1e-10,6672,0.6813725490196079,16.352941176470587,True,0.002979799988679588,snapshot only,0.0,0.0
deep3_n8_T32_s9401100,deep3,8,32,9401100,408,24,9792,immediate_support_exact_slice_plus_svd_residual,1e-10,14664,1.4975490196078431,35.94117647058823,True,0.0002834999468177557,snapshot only,4.850523433947169e-16,5.603156827405087e-16
deep3_n8_T32_s9401100,deep3,8,32,9401100,408,24,9792,local_eligibility_plus_svd_residual,1e-10,14664,1.4975490196078431,35.94117647058823,True,0.0005109000485390425,snapshot only,8.1044633226141785e-16,7.355227538141662e-16
deep3_n8_T32_s9401100,deep3,8,32,9401100,408,24,9792,global_svd,1e-12,10368,1.0588235294117647,25.41176470588235,True,0.00030319998040795326,snapshot only,1.6001663513147868e-15,1.5543122344752192e-15
deep3_n8_T32_s9401100,deep3,8,32,9401100,408,24,9792,pivoted_qr_repeated_basis,1e-12,10776,1.1004901960784315,26.41176470588235,True,0.0001463000662624836,snapshot only,3.9574781322814906e-16,6.661338147750939e-16
deep3_n8_T32_s9401100,deep3,8,32,9401100,408,24,9792,supported_group_factors,1e-12,6672,0.6813725490196079,16.352941176470587,True,0.0031199000077322125,snapshot only,0.0,0.0
deep3_n8_T32_s9401100,deep3,8,32,9401100,408,24,9792,owner_block_factors,1e-12,7008,0.7156862745098039,17.176470588235293,True,0.0051188999786973,snapshot only,0.0,0.0
deep3_n8_T32_s9401100,deep3,8,32,9401100,408,24,9792,kronecker_shared_input_basis,1e-12,6672,0.6813725490196079,16.352941176470587,True,0.0029529999010264874,snapshot only,0.0,0.0
deep3_n8_T32_s9401100,deep3,8,32,9401100,408,24,9792,immediate_support_exact_slice_plus_svd_residual,1e-12,14664,1.4975490196078431,35.94117647058823,True,0.0002756000030785799,snapshot only,4.850523433947169e-16,5.603156827405087e-16
deep3_n8_T32_s9401100,deep3,8,32,9401100,408,24,9792,local_eligibility_plus_svd_residual,1e-12,14664,1.4975490196078431,35.94117647058823,True,0.00028790009673684835,snapshot only,8.1044633226141785e-16,7.355227538141662e-16
deep3_n8_T32_s9401101,deep3,8,32,9401101,408,24,9792,full_matrix,1e-08,9792,1.0,24.0,True,7.00005330145359e-07,online baseline,0.0,0.0
deep3_n8_T32_s9401101,deep3,8,32,9401101,408,24,9792,coordinate_sparse,1e-08,13056,1.3333333333333333,32.0,True,2.6799971237778664e-05,snapshot only,0.0,0.0
deep3_n8_T32_s9401101,deep3,8,32,9401101,408,24,9792,block_sparse_triangular,1e-08,6984,0.7132352941176471,17.11764705882353,True,4.39999857917428e-05,known closed online block recurrence,0.0,0.0
deep3_n8_T32_s9401101,deep3,8,32,9401101,408,24,9792,global_svd,1e-08,10368,1.0588235294117647,25.41176470588235,True,0.0003396999090909958,snapshot only,3.926953463019178e-15,3.7192471324942744e-15
deep3_n8_T32_s9401101,deep3,8,32,9401101,408,24,9792,pivoted_qr_repeated_basis,1e-08,10776,1.1004901960784315,26.41176470588235,True,0.00015570002142339945,snapshot only,4.868508060344446e-16,6.661338147750939e-16
deep3_n8_T32_s9401101,deep3,8,32,9401101,408,24,9792,supported_group_factors,1e-08,6672,0.6813725490196079,16.352941176470587,True,0.0031908999662846327,snapshot only,0.0,0.0
deep3_n8_T32_s9401101,deep3,8,32,9401101,408,24,9792,owner_block_factors,1e-08,7008,0.7156862745098039,17.176470588235293,True,0.0064208999974653125,snapshot only,0.0,0.0
deep3_n8_T32_s9401101,deep3,8,32,9401101,408,24,9792,kronecker_shared_input_basis,1e-08,6672,0.6813725490196079,16.352941176470587,True,0.003244300023652613,snapshot only,0.0,0.0
deep3_n8_T32_s9401101,deep3,8,32,9401101,408,24,9792,immediate_support_exact_slice_plus_svd_residual,1e-08,14664,1.4975490196078431,35.94117647058823,True,0.00036910001654177904,snapshot only,3.3123493539254696e-16,4.440892098500626e-16
deep3_n8_T32_s9401101,deep3,8,32,9401101,408,24,9792,local_eligibility_plus_svd_residual,1e-08,14664,1.4975490196078431,35.94117647058823,True,0.0003347999881953001,snapshot only,7.109202700330507e-16,8.881784197001252e-16
deep3_n8_T32_s9401101,deep3,8,32,9401101,408,24,9792,global_svd,1e-10,10368,1.0588235294117647,25.41176470588235,True,0.0002826000563800335,snapshot only,3.926953463019178e-15,3.7192471324942744e-15
deep3_n8_T32_s9401101,deep3,8,32,9401101,408,24,9792,pivoted_qr_repeated_basis,1e-10,10776,1.1004901960784315,26.41176470588235,True,0.00015820004045963287,snapshot only,4.868508060344446e-16,6.661338147750939e-16
deep3_n8_T32_s9401101,deep3,8,32,9401101,408,24,9792,supported_group_factors,1e-10,6672,0.6813725490196079,16.352941176470587,True,0.0035493000177666545,snapshot only,0.0,0.0
deep3_n8_T32_s9401101,deep3,8,32,9401101,408,24,9792,owner_block_factors,1e-10,7008,0.7156862745098039,17.176470588235293,True,0.005645900033414364,snapshot only,0.0,0.0
deep3_n8_T32_s9401101,deep3,8,32,9401101,408,24,9792,kronecker_shared_input_basis,1e-10,6672,0.6813725490196079,16.352941176470587,True,0.0031442000763490796,snapshot only,0.0,0.0
deep3_n8_T32_s9401101,deep3,8,32,9401101,408,24,9792,immediate_support_exact_slice_plus_svd_residual,1e-10,14664,1.4975490196078431,35.94117647058823,True,0.00029710005037486553,snapshot only,3.3123493539254696e-16,4.440892098500626e-16
deep3_n8_T32_s9401101,deep3,8,32,9401101,408,24,9792,local_eligibility_plus_svd_residual,1e-10,14664,1.4975490196078431,35.94117647058823,True,0.00031649996526539326,snapshot only,7.109202700330507e-16,8.881784197001252e-16
deep3_n8_T32_s9401101,deep3,8,32,9401101,408,24,9792,global_svd,1e-12,10368,1.0588235294117647,25.41176470588235,True,0.0002778000198304653,snapshot only,3.926953463019178e-15,3.7192471324942744e-15
deep3_n8_T32_s9401101,deep3,8,32,9401101,408,24,9792,pivoted_qr_repeated_basis,1e-12,10776,1.1004901960784315,26.41176470588235,True,0.00015850004274398088,snapshot only,4.868508060344446e-16,6.661338147750939e-16
deep3_n8_T32_s9401101,deep3,8,32,9401101,408,24,9792,supported_group_factors,1e-12,6672,0.6813725490196079,16.352941176470587,True,0.0033227000385522842,snapshot only,0.0,0.0
deep3_n8_T32_s9401101,deep3,8,32,9401101,408,24,9792,owner_block_factors,1e-12,7008,0.7156862745098039,17.176470588235293,True,0.005280300043523312,snapshot only,0.0,0.0
deep3_n8_T32_s9401101,deep3,8,32,9401101,408,24,9792,kronecker_shared_input_basis,1e-12,6672,0.6813725490196079,16.352941176470587,True,0.003109999932348728,snapshot only,0.0,0.0
deep3_n8_T32_s9401101,deep3,8,32,9401101,408,24,9792,immediate_support_exact_slice_plus_svd_residual,1e-12,14664,1.4975490196078431,35.94117647058823,True,0.0002935000229626894,snapshot only,3.3123493539254696e-16,4.440892098500626e-16
deep3_n8_T32_s9401101,deep3,8,32,9401101,408,24,9792,local_eligibility_plus_svd_residual,1e-12,14664,1.4975490196078431,35.94117647058823,True,0.00031839997973293066,snapshot only,7.109202700330507e-16,8.881784197001252e-16
deep3_n8_T32_s9401102,deep3,8,32,9401102,408,24,9792,full_matrix,1e-08,9792,1.0,24.0,True,7.00005330145359e-07,online baseline,0.0,0.0
deep3_n8_T32_s9401102,deep3,8,32,9401102,408,24,9792,coordinate_sparse,1e-08,13056,1.3333333333333333,32.0,True,2.5999965146183968e-05,snapshot only,0.0,0.0
deep3_n8_T32_s9401102,deep3,8,32,9401102,408,24,9792,block_sparse_triangular,1e-08,6984,0.7132352941176471,17.11764705882353,True,5.149992648512125e-05,known closed online block recurrence,0.0,0.0
deep3_n8_T32_s9401102,deep3,8,32,9401102,408,24,9792,global_svd,1e-08,10368,1.0588235294117647,25.41176470588235,True,0.00034899997990578413,snapshot only,2.025360819516692e-15,2.4424906541753444e-15
deep3_n8_T32_s9401102,deep3,8,32,9401102,408,24,9792,pivoted_qr_repeated_basis,1e-08,10776,1.1004901960784315,26.41176470588235,True,0.00016609998419880867,snapshot only,4.4072841057134957e-16,8.881784197001252e-16
deep3_n8_T32_s9401102,deep3,8,32,9401102,408,24,9792,supported_group_factors,1e-08,6672,0.6813725490196079,16.352941176470587,True,0.003123000031337142,snapshot only,0.0,0.0
deep3_n8_T32_s9401102,deep3,8,32,9401102,408,24,9792,owner_block_factors,1e-08,7008,0.7156862745098039,17.176470588235293,True,0.005207400070503354,snapshot only,0.0,0.0
deep3_n8_T32_s9401102,deep3,8,32,9401102,408,24,9792,kronecker_shared_input_basis,1e-08,6672,0.6813725490196079,16.352941176470587,True,0.0030107999918982387,snapshot only,0.0,0.0
deep3_n8_T32_s9401102,deep3,8,32,9401102,408,24,9792,immediate_support_exact_slice_plus_svd_residual,1e-08,14664,1.4975490196078431,35.94117647058823,True,0.0002821999369189143,snapshot only,3.9467316843203964e-16,5.273559366969494e-16
deep3_n8_T32_s9401102,deep3,8,32,9401102,408,24,9792,local_eligibility_plus_svd_residual,1e-08,14664,1.4975490196078431,35.94117647058823,True,0.0004240999696776271,snapshot only,7.042728753233104e-16,7.494005416219807e-16
deep3_n8_T32_s9401102,deep3,8,32,9401102,408,24,9792,global_svd,1e-10,10368,1.0588235294117647,25.41176470588235,True,0.0003034999826923013,snapshot only,2.025360819516692e-15,2.4424906541753444e-15
deep3_n8_T32_s9401102,deep3,8,32,9401102,408,24,9792,pivoted_qr_repeated_basis,1e-10,10776,1.1004901960784315,26.41176470588235,True,0.00016870000399649143,snapshot only,4.4072841057134957e-16,8.881784197001252e-16
deep3_n8_T32_s9401102,deep3,8,32,9401102,408,24,9792,supported_group_factors,1e-10,6672,0.6813725490196079,16.352941176470587,True,0.003172100055962801,snapshot only,0.0,0.0
deep3_n8_T32_s9401102,deep3,8,32,9401102,408,24,9792,owner_block_factors,1e-10,7008,0.7156862745098039,17.176470588235293,True,0.005225399974733591,snapshot only,0.0,0.0
deep3_n8_T32_s9401102,deep3,8,32,9401102,408,24,9792,kronecker_shared_input_basis,1e-10,6672,0.6813725490196079,16.352941176470587,True,0.0029506999999284744,snapshot only,0.0,0.0
deep3_n8_T32_s9401102,deep3,8,32,9401102,408,24,9792,immediate_support_exact_slice_plus_svd_residual,1e-10,14664,1.4975490196078431,35.94117647058823,True,0.0002767000114545226,snapshot only,3.9467316843203964e-16,5.273559366969494e-16
deep3_n8_T32_s9401102,deep3,8,32,9401102,408,24,9792,local_eligibility_plus_svd_residual,1e-10,14664,1.4975490196078431,35.94117647058823,True,0.00041530001908540726,snapshot only,7.042728753233104e-16,7.494005416219807e-16
deep3_n8_T32_s9401102,deep3,8,32,9401102,408,24,9792,global_svd,1e-12,10368,1.0588235294117647,25.41176470588235,True,0.0003226000117138028,snapshot only,2.025360819516692e-15,2.4424906541753444e-15
deep3_n8_T32_s9401102,deep3,8,32,9401102,408,24,9792,pivoted_qr_repeated_basis,1e-12,10776,1.1004901960784315,26.41176470588235,True,0.0001547998981550336,snapshot only,4.4072841057134957e-16,8.881784197001252e-16
deep3_n8_T32_s9401102,deep3,8,32,9401102,408,24,9792,supported_group_factors,1e-12,6672,0.6813725490196079,16.352941176470587,True,0.0031441999599337578,snapshot only,0.0,0.0
deep3_n8_T32_s9401102,deep3,8,32,9401102,408,24,9792,owner_block_factors,1e-12,7008,0.7156862745098039,17.176470588235293,True,0.005139300017617643,snapshot only,0.0,0.0
deep3_n8_T32_s9401102,deep3,8,32,9401102,408,24,9792,kronecker_shared_input_basis,1e-12,6672,0.6813725490196079,16.352941176470587,True,0.002961799968034029,snapshot only,0.0,0.0
deep3_n8_T32_s9401102,deep3,8,32,9401102,408,24,9792,immediate_support_exact_slice_plus_svd_residual,1e-12,14664,1.4975490196078431,35.94117647058823,True,0.00027810002211481333,snapshot only,3.9467316843203964e-16,5.273559366969494e-16
deep3_n8_T32_s9401102,deep3,8,32,9401102,408,24,9792,local_eligibility_plus_svd_residual,1e-12,14664,1.4975490196078431,35.94117647058823,True,0.0002864999696612358,snapshot only,7.042728753233104e-16,7.494005416219807e-16
deep3_n8_T32_s9401103,deep3,8,32,9401103,408,24,9792,full_matrix,1e-08,9792,1.0,24.0,True,1.100008375942707e-06,online baseline,0.0,0.0
deep3_n8_T32_s9401103,deep3,8,32,9401103,408,24,9792,coordinate_sparse,1e-08,13056,1.3333333333333333,32.0,True,3.260001540184021e-05,snapshot only,0.0,0.0
deep3_n8_T32_s9401103,deep3,8,32,9401103,408,24,9792,block_sparse_triangular,1e-08,6984,0.7132352941176471,17.11764705882353,True,4.569999873638153e-05,known closed online block recurrence,0.0,0.0
deep3_n8_T32_s9401103,deep3,8,32,9401103,408,24,9792,global_svd,1e-08,10368,1.0588235294117647,25.41176470588235,True,0.0003404999151825905,snapshot only,1.8674917262346667e-15,1.8318679906315083e-15
deep3_n8_T32_s9401103,deep3,8,32,9401103,408,24,9792,pivoted_qr_repeated_basis,1e-08,10776,1.1004901960784315,26.41176470588235,True,0.00016109994612634182,snapshot only,4.913465739662197e-16,5.776139915920788e-16
deep3_n8_T32_s9401103,deep3,8,32,9401103,408,24,9792,supported_group_factors,1e-08,6672,0.6813725490196079,16.352941176470587,True,0.003182800021022558,snapshot only,0.0,0.0
deep3_n8_T32_s9401103,deep3,8,32,9401103,408,24,9792,owner_block_factors,1e-08,7008,0.7156862745098039,17.176470588235293,True,0.005342400050722063,snapshot only,0.0,0.0
deep3_n8_T32_s9401103,deep3,8,32,9401103,408,24,9792,kronecker_shared_input_basis,1e-08,6672,0.6813725490196079,16.352941176470587,True,0.0036044000880792737,snapshot only,0.0,0.0
deep3_n8_T32_s9401103,deep3,8,32,9401103,408,24,9792,immediate_support_exact_slice_plus_svd_residual,1e-08,14664,1.4975490196078431,35.94117647058823,True,0.0003242000238969922,snapshot only,3.532764982527869e-16,4.440892098500626e-16
deep3_n8_T32_s9401103,deep3,8,32,9401103,408,24,9792,local_eligibility_plus_svd_residual,1e-08,14664,1.4975490196078431,35.94117647058823,True,0.0004102999810129404,snapshot only,7.910930094337637e-16,7.216449660063518e-16
deep3_n8_T32_s9401103,deep3,8,32,9401103,408,24,9792,global_svd,1e-10,10368,1.0588235294117647,25.41176470588235,True,0.00028820009902119637,snapshot only,1.8674917262346667e-15,1.8318679906315083e-15
deep3_n8_T32_s9401103,deep3,8,32,9401103,408,24,9792,pivoted_qr_repeated_basis,1e-10,10776,1.1004901960784315,26.41176470588235,True,0.00016950001008808613,snapshot only,4.913465739662197e-16,5.776139915920788e-16
deep3_n8_T32_s9401103,deep3,8,32,9401103,408,24,9792,supported_group_factors,1e-10,6672,0.6813725490196079,16.352941176470587,True,0.0033688999246805906,snapshot only,0.0,0.0
deep3_n8_T32_s9401103,deep3,8,32,9401103,408,24,9792,owner_block_factors,1e-10,7008,0.7156862745098039,17.176470588235293,True,0.0054851999739184976,snapshot only,0.0,0.0
deep3_n8_T32_s9401103,deep3,8,32,9401103,408,24,9792,kronecker_shared_input_basis,1e-10,6672,0.6813725490196079,16.352941176470587,True,0.003088700002990663,snapshot only,0.0,0.0
deep3_n8_T32_s9401103,deep3,8,32,9401103,408,24,9792,immediate_support_exact_slice_plus_svd_residual,1e-10,14664,1.4975490196078431,35.94117647058823,True,0.00029250001534819603,snapshot only,3.532764982527869e-16,4.440892098500626e-16
deep3_n8_T32_s9401103,deep3,8,32,9401103,408,24,9792,local_eligibility_plus_svd_residual,1e-10,14664,1.4975490196078431,35.94117647058823,True,0.00029419991187751293,snapshot only,7.910930094337637e-16,7.216449660063518e-16
deep3_n8_T32_s9401103,deep3,8,32,9401103,408,24,9792,global_svd,1e-12,10368,1.0588235294117647,25.41176470588235,True,0.0002696000738069415,snapshot only,1.8674917262346667e-15,1.8318679906315083e-15
deep3_n8_T32_s9401103,deep3,8,32,9401103,408,24,9792,pivoted_qr_repeated_basis,1e-12,10776,1.1004901960784315,26.41176470588235,True,0.00015059998258948326,snapshot only,4.913465739662197e-16,5.776139915920788e-16
deep3_n8_T32_s9401103,deep3,8,32,9401103,408,24,9792,supported_group_factors,1e-12,6672,0.6813725490196079,16.352941176470587,True,0.003242500009946525,snapshot only,0.0,0.0
deep3_n8_T32_s9401103,deep3,8,32,9401103,408,24,9792,owner_block_factors,1e-12,7008,0.7156862745098039,17.176470588235293,True,0.005267299944534898,snapshot only,0.0,0.0
deep3_n8_T32_s9401103,deep3,8,32,9401103,408,24,9792,kronecker_shared_input_basis,1e-12,6672,0.6813725490196079,16.352941176470587,True,0.003133899997919798,snapshot only,0.0,0.0
deep3_n8_T32_s9401103,deep3,8,32,9401103,408,24,9792,immediate_support_exact_slice_plus_svd_residual,1e-12,14664,1.4975490196078431,35.94117647058823,True,0.0002847999567165971,snapshot only,3.532764982527869e-16,4.440892098500626e-16
deep3_n8_T32_s9401103,deep3,8,32,9401103,408,24,9792,local_eligibility_plus_svd_residual,1e-12,14664,1.4975490196078431,35.94117647058823,True,0.00030759989749640226,snapshot only,7.910930094337637e-16,7.216449660063518e-16
deep3_n8_T32_s9401104,deep3,8,32,9401104,408,24,9792,full_matrix,1e-08,9792,1.0,24.0,True,6.00004568696022e-07,online baseline,0.0,0.0
deep3_n8_T32_s9401104,deep3,8,32,9401104,408,24,9792,coordinate_sparse,1e-08,13056,1.3333333333333333,32.0,True,2.759997732937336e-05,snapshot only,0.0,0.0
deep3_n8_T32_s9401104,deep3,8,32,9401104,408,24,9792,block_sparse_triangular,1e-08,6984,0.7132352941176471,17.11764705882353,True,4.499999340623617e-05,known closed online block recurrence,0.0,0.0
deep3_n8_T32_s9401104,deep3,8,32,9401104,408,24,9792,global_svd,1e-08,10368,1.0588235294117647,25.41176470588235,True,0.0003034999826923013,snapshot only,1.770197703305009e-15,1.5543122344752192e-15
deep3_n8_T32_s9401104,deep3,8,32,9401104,408,24,9792,pivoted_qr_repeated_basis,1e-08,10776,1.1004901960784315,26.41176470588235,True,0.00016400008462369442,snapshot only,4.70004208007595e-16,5.551115123125783e-16
deep3_n8_T32_s9401104,deep3,8,32,9401104,408,24,9792,supported_group_factors,1e-08,6672,0.6813725490196079,16.352941176470587,True,0.003741400083526969,snapshot only,0.0,0.0
deep3_n8_T32_s9401104,deep3,8,32,9401104,408,24,9792,owner_block_factors,1e-08,7008,0.7156862745098039,17.176470588235293,True,0.0053304999601095915,snapshot only,0.0,0.0
deep3_n8_T32_s9401104,deep3,8,32,9401104,408,24,9792,kronecker_shared_input_basis,1e-08,6672,0.6813725490196079,16.352941176470587,True,0.0029672998934984207,snapshot only,0.0,0.0
deep3_n8_T32_s9401104,deep3,8,32,9401104,408,24,9792,immediate_support_exact_slice_plus_svd_residual,1e-08,14664,1.4975490196078431,35.94117647058823,True,0.00027870002668350935,snapshot only,1.2338257188995366e-15,2.220446049250313e-15
deep3_n8_T32_s9401104,deep3,8,32,9401104,408,24,9792,local_eligibility_plus_svd_residual,1e-08,14664,1.4975490196078431,35.94117647058823,True,0.0002913998905569315,snapshot only,7.428608220541524e-16,1.1102230246251565e-15
deep3_n8_T32_s9401104,deep3,8,32,9401104,408,24,9792,global_svd,1e-10,10368,1.0588235294117647,25.41176470588235,True,0.00026599992997944355,snapshot only,1.770197703305009e-15,1.5543122344752192e-15
deep3_n8_T32_s9401104,deep3,8,32,9401104,408,24,9792,pivoted_qr_repeated_basis,1e-10,10776,1.1004901960784315,26.41176470588235,True,0.0001414999132975936,snapshot only,4.70004208007595e-16,5.551115123125783e-16
deep3_n8_T32_s9401104,deep3,8,32,9401104,408,24,9792,supported_group_factors,1e-10,6672,0.6813725490196079,16.352941176470587,True,0.003288900014013052,snapshot only,0.0,0.0
deep3_n8_T32_s9401104,deep3,8,32,9401104,408,24,9792,owner_block_factors,1e-10,7008,0.7156862745098039,17.176470588235293,True,0.005530499969609082,snapshot only,0.0,0.0
deep3_n8_T32_s9401104,deep3,8,32,9401104,408,24,9792,kronecker_shared_input_basis,1e-10,6672,0.6813725490196079,16.352941176470587,True,0.0029565999284386635,snapshot only,0.0,0.0
deep3_n8_T32_s9401104,deep3,8,32,9401104,408,24,9792,immediate_support_exact_slice_plus_svd_residual,1e-10,14664,1.4975490196078431,35.94117647058823,True,0.00027879991102963686,snapshot only,1.2338257188995366e-15,2.220446049250313e-15
deep3_n8_T32_s9401104,deep3,8,32,9401104,408,24,9792,local_eligibility_plus_svd_residual,1e-10,14664,1.4975490196078431,35.94117647058823,True,0.00028929999098181725,snapshot only,7.428608220541524e-16,1.1102230246251565e-15
deep3_n8_T32_s9401104,deep3,8,32,9401104,408,24,9792,global_svd,1e-12,10368,1.0588235294117647,25.41176470588235,True,0.00026539992541074753,snapshot only,1.770197703305009e-15,1.5543122344752192e-15
deep3_n8_T32_s9401104,deep3,8,32,9401104,408,24,9792,pivoted_qr_repeated_basis,1e-12,10776,1.1004901960784315,26.41176470588235,True,0.0001460999483242631,snapshot only,4.70004208007595e-16,5.551115123125783e-16
deep3_n8_T32_s9401104,deep3,8,32,9401104,408,24,9792,supported_group_factors,1e-12,6672,0.6813725490196079,16.352941176470587,True,0.0033057999098673463,snapshot only,0.0,0.0
deep3_n8_T32_s9401104,deep3,8,32,9401104,408,24,9792,owner_block_factors,1e-12,7008,0.7156862745098039,17.176470588235293,True,0.005179500090889633,snapshot only,0.0,0.0
deep3_n8_T32_s9401104,deep3,8,32,9401104,408,24,9792,kronecker_shared_input_basis,1e-12,6672,0.6813725490196079,16.352941176470587,True,0.0030033999355509877,snapshot only,0.0,0.0
deep3_n8_T32_s9401104,deep3,8,32,9401104,408,24,9792,immediate_support_exact_slice_plus_svd_residual,1e-12,14664,1.4975490196078431,35.94117647058823,True,0.00027930003125220537,snapshot only,1.2338257188995366e-15,2.220446049250313e-15
deep3_n8_T32_s9401104,deep3,8,32,9401104,408,24,9792,local_eligibility_plus_svd_residual,1e-12,14664,1.4975490196078431,35.94117647058823,True,0.0002886001020669937,snapshot only,7.428608220541524e-16,1.1102230246251565e-15
deep3_n8_T128_s9401100,deep3,8,128,9401100,408,24,9792,full_matrix,1e-08,9792,1.0,24.0,True,7.00005330145359e-07,online baseline,0.0,0.0
deep3_n8_T128_s9401100,deep3,8,128,9401100,408,24,9792,coordinate_sparse,1e-08,13056,1.3333333333333333,32.0,True,2.519995905458927e-05,snapshot only,0.0,0.0
deep3_n8_T128_s9401100,deep3,8,128,9401100,408,24,9792,block_sparse_triangular,1e-08,6984,0.7132352941176471,17.11764705882353,True,4.300009459257126e-05,known closed online block recurrence,0.0,0.0
deep3_n8_T128_s9401100,deep3,8,128,9401100,408,24,9792,global_svd,1e-08,10368,1.0588235294117647,25.41176470588235,True,0.00032190000638365746,snapshot only,1.6918977488829218e-15,1.5543122344752192e-15
deep3_n8_T128_s9401100,deep3,8,128,9401100,408,24,9792,pivoted_qr_repeated_basis,1e-08,10776,1.1004901960784315,26.41176470588235,True,0.00015460001304745674,snapshot only,3.9612818112236026e-16,5.204170427930421e-16
deep3_n8_T128_s9401100,deep3,8,128,9401100,408,24,9792,supported_group_factors,1e-08,6672,0.6813725490196079,16.352941176470587,True,0.0033734000753611326,snapshot only,0.0,0.0
deep3_n8_T128_s9401100,deep3,8,128,9401100,408,24,9792,owner_block_factors,1e-08,7008,0.7156862745098039,17.176470588235293,True,0.005897599970921874,snapshot only,0.0,0.0
deep3_n8_T128_s9401100,deep3,8,128,9401100,408,24,9792,kronecker_shared_input_basis,1e-08,6672,0.6813725490196079,16.352941176470587,True,0.003328199964016676,snapshot only,0.0,0.0
deep3_n8_T128_s9401100,deep3,8,128,9401100,408,24,9792,immediate_support_exact_slice_plus_svd_residual,1e-08,14664,1.4975490196078431,35.94117647058823,True,0.0003109000390395522,snapshot only,3.7307625324069486e-16,4.996003610813204e-16
deep3_n8_T128_s9401100,deep3,8,128,9401100,408,24,9792,local_eligibility_plus_svd_residual,1e-08,14664,1.4975490196078431,35.94117647058823,True,0.0003046999918296933,snapshot only,7.614203767747192e-16,9.159339953157541e-16
deep3_n8_T128_s9401100,deep3,8,128,9401100,408,24,9792,global_svd,1e-10,10368,1.0588235294117647,25.41176470588235,True,0.0002911000046879053,snapshot only,1.6918977488829218e-15,1.5543122344752192e-15
deep3_n8_T128_s9401100,deep3,8,128,9401100,408,24,9792,pivoted_qr_repeated_basis,1e-10,10776,1.1004901960784315,26.41176470588235,True,0.00015900004655122757,snapshot only,3.9612818112236026e-16,5.204170427930421e-16
deep3_n8_T128_s9401100,deep3,8,128,9401100,408,24,9792,supported_group_factors,1e-10,6672,0.6813725490196079,16.352941176470587,True,0.0034251000033691525,snapshot only,0.0,0.0
deep3_n8_T128_s9401100,deep3,8,128,9401100,408,24,9792,owner_block_factors,1e-10,7008,0.7156862745098039,17.176470588235293,True,0.005934500019066036,snapshot only,0.0,0.0
deep3_n8_T128_s9401100,deep3,8,128,9401100,408,24,9792,kronecker_shared_input_basis,1e-10,6672,0.6813725490196079,16.352941176470587,True,0.0030376999638974667,snapshot only,0.0,0.0
deep3_n8_T128_s9401100,deep3,8,128,9401100,408,24,9792,immediate_support_exact_slice_plus_svd_residual,1e-10,14664,1.4975490196078431,35.94117647058823,True,0.0002951999194920063,snapshot only,3.7307625324069486e-16,4.996003610813204e-16
deep3_n8_T128_s9401100,deep3,8,128,9401100,408,24,9792,local_eligibility_plus_svd_residual,1e-10,14664,1.4975490196078431,35.94117647058823,True,0.0003074000123888254,snapshot only,7.614203767747192e-16,9.159339953157541e-16
deep3_n8_T128_s9401100,deep3,8,128,9401100,408,24,9792,global_svd,1e-12,10368,1.0588235294117647,25.41176470588235,True,0.0002807000419124961,snapshot only,1.6918977488829218e-15,1.5543122344752192e-15
deep3_n8_T128_s9401100,deep3,8,128,9401100,408,24,9792,pivoted_qr_repeated_basis,1e-12,10776,1.1004901960784315,26.41176470588235,True,0.00015300000086426735,snapshot only,3.9612818112236026e-16,5.204170427930421e-16
deep3_n8_T128_s9401100,deep3,8,128,9401100,408,24,9792,supported_group_factors,1e-12,6672,0.6813725490196079,16.352941176470587,True,0.003239300101995468,snapshot only,0.0,0.0
deep3_n8_T128_s9401100,deep3,8,128,9401100,408,24,9792,owner_block_factors,1e-12,7008,0.7156862745098039,17.176470588235293,True,0.005670900107361376,snapshot only,0.0,0.0
deep3_n8_T128_s9401100,deep3,8,128,9401100,408,24,9792,kronecker_shared_input_basis,1e-12,6672,0.6813725490196079,16.352941176470587,True,0.003318200004287064,snapshot only,0.0,0.0
deep3_n8_T128_s9401100,deep3,8,128,9401100,408,24,9792,immediate_support_exact_slice_plus_svd_residual,1e-12,14664,1.4975490196078431,35.94117647058823,True,0.0002929000183939934,snapshot only,3.7307625324069486e-16,4.996003610813204e-16
deep3_n8_T128_s9401100,deep3,8,128,9401100,408,24,9792,local_eligibility_plus_svd_residual,1e-12,14664,1.4975490196078431,35.94117647058823,True,0.0002991999499499798,snapshot only,7.614203767747192e-16,9.159339953157541e-16
deep3_n8_T128_s9401101,deep3,8,128,9401101,408,24,9792,full_matrix,1e-08,9792,1.0,24.0,True,6.00004568696022e-07,online baseline,0.0,0.0
deep3_n8_T128_s9401101,deep3,8,128,9401101,408,24,9792,coordinate_sparse,1e-08,13056,1.3333333333333333,32.0,True,2.7799978852272034e-05,snapshot only,0.0,0.0
deep3_n8_T128_s9401101,deep3,8,128,9401101,408,24,9792,block_sparse_triangular,1e-08,6984,0.7132352941176471,17.11764705882353,True,4.409998655319214e-05,known closed online block recurrence,0.0,0.0
deep3_n8_T128_s9401101,deep3,8,128,9401101,408,24,9792,global_svd,1e-08,10368,1.0588235294117647,25.41176470588235,True,0.00033059995621442795,snapshot only,1.9818385081701923e-15,1.4327328145436258e-15
deep3_n8_T128_s9401101,deep3,8,128,9401101,408,24,9792,pivoted_qr_repeated_basis,1e-08,10776,1.1004901960784315,26.41176470588235,True,0.00015680002979934216,snapshot only,4.455658235431757e-16,4.98353116736222e-16
deep3_n8_T128_s9401101,deep3,8,128,9401101,408,24,9792,supported_group_factors,1e-08,6672,0.6813725490196079,16.352941176470587,True,0.0034660999663174152,snapshot only,0.0,0.0
deep3_n8_T128_s9401101,deep3,8,128,9401101,408,24,9792,owner_block_factors,1e-08,7008,0.7156862745098039,17.176470588235293,True,0.005340200033970177,snapshot only,0.0,0.0
deep3_n8_T128_s9401101,deep3,8,128,9401101,408,24,9792,kronecker_shared_input_basis,1e-08,6672,0.6813725490196079,16.352941176470587,True,0.0029983000131323934,snapshot only,0.0,0.0
deep3_n8_T128_s9401101,deep3,8,128,9401101,408,24,9792,immediate_support_exact_slice_plus_svd_residual,1e-08,14664,1.4975490196078431,35.94117647058823,True,0.0003095000283792615,snapshot only,3.177803196674831e-16,3.885780586188048e-16
deep3_n8_T128_s9401101,deep3,8,128,9401101,408,24,9792,local_eligibility_plus_svd_residual,1e-08,14664,1.4975490196078431,35.94117647058823,True,0.00029420002829283476,snapshot only,6.011037746434182e-16,4.718447854656915e-16
deep3_n8_T128_s9401101,deep3,8,128,9401101,408,24,9792,global_svd,1e-10,10368,1.0588235294117647,25.41176470588235,True,0.000264700036495924,snapshot only,1.9818385081701923e-15,1.4327328145436258e-15
deep3_n8_T128_s9401101,deep3,8,128,9401101,408,24,9792,pivoted_qr_repeated_basis,1e-10,10776,1.1004901960784315,26.41176470588235,True,0.0001580000389367342,snapshot only,4.455658235431757e-16,4.98353116736222e-16
deep3_n8_T128_s9401101,deep3,8,128,9401101,408,24,9792,supported_group_factors,1e-10,6672,0.6813725490196079,16.352941176470587,True,0.003346499986946583,snapshot only,0.0,0.0
deep3_n8_T128_s9401101,deep3,8,128,9401101,408,24,9792,owner_block_factors,1e-10,7008,0.7156862745098039,17.176470588235293,True,0.005365899996832013,snapshot only,0.0,0.0
deep3_n8_T128_s9401101,deep3,8,128,9401101,408,24,9792,kronecker_shared_input_basis,1e-10,6672,0.6813725490196079,16.352941176470587,True,0.002964499988593161,snapshot only,0.0,0.0
deep3_n8_T128_s9401101,deep3,8,128,9401101,408,24,9792,immediate_support_exact_slice_plus_svd_residual,1e-10,14664,1.4975490196078431,35.94117647058823,True,0.00028009992092847824,snapshot only,3.177803196674831e-16,3.885780586188048e-16
deep3_n8_T128_s9401101,deep3,8,128,9401101,408,24,9792,local_eligibility_plus_svd_residual,1e-10,14664,1.4975490196078431,35.94117647058823,True,0.00030180008616298437,snapshot only,6.011037746434182e-16,4.718447854656915e-16
deep3_n8_T128_s9401101,deep3,8,128,9401101,408,24,9792,global_svd,1e-12,10368,1.0588235294117647,25.41176470588235,True,0.00026549992617219687,snapshot only,1.9818385081701923e-15,1.4327328145436258e-15
deep3_n8_T128_s9401101,deep3,8,128,9401101,408,24,9792,pivoted_qr_repeated_basis,1e-12,10776,1.1004901960784315,26.41176470588235,True,0.00015159999020397663,snapshot only,4.455658235431757e-16,4.98353116736222e-16
deep3_n8_T128_s9401101,deep3,8,128,9401101,408,24,9792,supported_group_factors,1e-12,6672,0.6813725490196079,16.352941176470587,True,0.0035688000498339534,snapshot only,0.0,0.0
deep3_n8_T128_s9401101,deep3,8,128,9401101,408,24,9792,owner_block_factors,1e-12,7008,0.7156862745098039,17.176470588235293,True,0.00548029993660748,snapshot only,0.0,0.0
deep3_n8_T128_s9401101,deep3,8,128,9401101,408,24,9792,kronecker_shared_input_basis,1e-12,6672,0.6813725490196079,16.352941176470587,True,0.0029741000616922975,snapshot only,0.0,0.0
deep3_n8_T128_s9401101,deep3,8,128,9401101,408,24,9792,immediate_support_exact_slice_plus_svd_residual,1e-12,14664,1.4975490196078431,35.94117647058823,True,0.0002802000381052494,snapshot only,3.177803196674831e-16,3.885780586188048e-16
deep3_n8_T128_s9401101,deep3,8,128,9401101,408,24,9792,local_eligibility_plus_svd_residual,1e-12,14664,1.4975490196078431,35.94117647058823,True,0.00029170000925660133,snapshot only,6.011037746434182e-16,4.718447854656915e-16
deep3_n8_T128_s9401102,deep3,8,128,9401102,408,24,9792,full_matrix,1e-08,9792,1.0,24.0,True,8.00006091594696e-07,online baseline,0.0,0.0
deep3_n8_T128_s9401102,deep3,8,128,9401102,408,24,9792,coordinate_sparse,1e-08,13056,1.3333333333333333,32.0,True,3.3100019209086895e-05,snapshot only,0.0,0.0
deep3_n8_T128_s9401102,deep3,8,128,9401102,408,24,9792,block_sparse_triangular,1e-08,6984,0.7132352941176471,17.11764705882353,True,5.359994247555733e-05,known closed online block recurrence,0.0,0.0
deep3_n8_T128_s9401102,deep3,8,128,9401102,408,24,9792,global_svd,1e-08,10368,1.0588235294117647,25.41176470588235,True,0.0003963001072406769,snapshot only,1.6263246625986598e-15,1.2856676251670189e-15
deep3_n8_T128_s9401102,deep3,8,128,9401102,408,24,9792,pivoted_qr_repeated_basis,1e-08,10776,1.1004901960784315,26.41176470588235,True,0.00016599998343735933,snapshot only,3.6755247579621425e-16,3.3306690738754696e-16
deep3_n8_T128_s9401102,deep3,8,128,9401102,408,24,9792,supported_group_factors,1e-08,6672,0.6813725490196079,16.352941176470587,True,0.0035511000314727426,snapshot only,0.0,0.0
deep3_n8_T128_s9401102,deep3,8,128,9401102,408,24,9792,owner_block_factors,1e-08,7008,0.7156862745098039,17.176470588235293,True,0.006056100013665855,snapshot only,0.0,0.0
deep3_n8_T128_s9401102,deep3,8,128,9401102,408,24,9792,kronecker_shared_input_basis,1e-08,6672,0.6813725490196079,16.352941176470587,True,0.0033036000095307827,snapshot only,0.0,0.0
deep3_n8_T128_s9401102,deep3,8,128,9401102,408,24,9792,immediate_support_exact_slice_plus_svd_residual,1e-08,14664,1.4975490196078431,35.94117647058823,True,0.00033219996839761734,snapshot only,4.167543251692731e-16,5.551115123125783e-16
deep3_n8_T128_s9401102,deep3,8,128,9401102,408,24,9792,local_eligibility_plus_svd_residual,1e-08,14664,1.4975490196078431,35.94117647058823,True,0.0003470999654382467,snapshot only,9.041296919698742e-16,8.326672684688674e-16
deep3_n8_T128_s9401102,deep3,8,128,9401102,408,24,9792,global_svd,1e-10,10368,1.0588235294117647,25.41176470588235,True,0.0003302000695839524,snapshot only,1.6263246625986598e-15,1.2856676251670189e-15
deep3_n8_T128_s9401102,deep3,8,128,9401102,408,24,9792,pivoted_qr_repeated_basis,1e-10,10776,1.1004901960784315,26.41176470588235,True,0.00018510001245886087,snapshot only,3.6755247579621425e-16,3.3306690738754696e-16
deep3_n8_T128_s9401102,deep3,8,128,9401102,408,24,9792,supported_group_factors,1e-10,6672,0.6813725490196079,16.352941176470587,True,0.003860000055283308,snapshot only,0.0,0.0
deep3_n8_T128_s9401102,deep3,8,128,9401102,408,24,9792,owner_block_factors,1e-10,7008,0.7156862745098039,17.176470588235293,True,0.00576039997395128,snapshot only,0.0,0.0
deep3_n8_T128_s9401102,deep3,8,128,9401102,408,24,9792,kronecker_shared_input_basis,1e-10,6672,0.6813725490196079,16.352941176470587,True,0.003334700013510883,snapshot only,0.0,0.0
deep3_n8_T128_s9401102,deep3,8,128,9401102,408,24,9792,immediate_support_exact_slice_plus_svd_residual,1e-10,14664,1.4975490196078431,35.94117647058823,True,0.00031779997516423464,snapshot only,4.167543251692731e-16,5.551115123125783e-16
deep3_n8_T128_s9401102,deep3,8,128,9401102,408,24,9792,local_eligibility_plus_svd_residual,1e-10,14664,1.4975490196078431,35.94117647058823,True,0.00034069991670548916,snapshot only,9.041296919698742e-16,8.326672684688674e-16
deep3_n8_T128_s9401102,deep3,8,128,9401102,408,24,9792,global_svd,1e-12,10368,1.0588235294117647,25.41176470588235,True,0.00031670008320361376,snapshot only,1.6263246625986598e-15,1.2856676251670189e-15
deep3_n8_T128_s9401102,deep3,8,128,9401102,408,24,9792,pivoted_qr_repeated_basis,1e-12,10776,1.1004901960784315,26.41176470588235,True,0.00017680006567388773,snapshot only,3.6755247579621425e-16,3.3306690738754696e-16
deep3_n8_T128_s9401102,deep3,8,128,9401102,408,24,9792,supported_group_factors,1e-12,6672,0.6813725490196079,16.352941176470587,True,0.003925900091417134,snapshot only,0.0,0.0
deep3_n8_T128_s9401102,deep3,8,128,9401102,408,24,9792,owner_block_factors,1e-12,7008,0.7156862745098039,17.176470588235293,True,0.00592050002887845,snapshot only,0.0,0.0
deep3_n8_T128_s9401102,deep3,8,128,9401102,408,24,9792,kronecker_shared_input_basis,1e-12,6672,0.6813725490196079,16.352941176470587,True,0.0032597000245004892,snapshot only,0.0,0.0
deep3_n8_T128_s9401102,deep3,8,128,9401102,408,24,9792,immediate_support_exact_slice_plus_svd_residual,1e-12,14664,1.4975490196078431,35.94117647058823,True,0.00029859994538128376,snapshot only,4.167543251692731e-16,5.551115123125783e-16
deep3_n8_T128_s9401102,deep3,8,128,9401102,408,24,9792,local_eligibility_plus_svd_residual,1e-12,14664,1.4975490196078431,35.94117647058823,True,0.00032210000790655613,snapshot only,9.041296919698742e-16,8.326672684688674e-16
deep3_n8_T128_s9401103,deep3,8,128,9401103,408,24,9792,full_matrix,1e-08,9792,1.0,24.0,True,6.00004568696022e-07,online baseline,0.0,0.0
deep3_n8_T128_s9401103,deep3,8,128,9401103,408,24,9792,coordinate_sparse,1e-08,13056,1.3333333333333333,32.0,True,2.7999980375170708e-05,snapshot only,0.0,0.0
deep3_n8_T128_s9401103,deep3,8,128,9401103,408,24,9792,block_sparse_triangular,1e-08,6984,0.7132352941176471,17.11764705882353,True,4.4199987314641476e-05,known closed online block recurrence,0.0,0.0
deep3_n8_T128_s9401103,deep3,8,128,9401103,408,24,9792,global_svd,1e-08,10368,1.0588235294117647,25.41176470588235,True,0.0003645999822765589,snapshot only,1.55362354974733e-15,1.6653345369377348e-15
deep3_n8_T128_s9401103,deep3,8,128,9401103,408,24,9792,pivoted_qr_repeated_basis,1e-08,10776,1.1004901960784315,26.41176470588235,True,0.0001862999051809311,snapshot only,5.932548284099975e-16,7.771561172376096e-16
deep3_n8_T128_s9401103,deep3,8,128,9401103,408,24,9792,supported_group_factors,1e-08,6672,0.6813725490196079,16.352941176470587,True,0.0031867000507190824,snapshot only,0.0,0.0
deep3_n8_T128_s9401103,deep3,8,128,9401103,408,24,9792,owner_block_factors,1e-08,7008,0.7156862745098039,17.176470588235293,True,0.005562199978157878,snapshot only,0.0,0.0
deep3_n8_T128_s9401103,deep3,8,128,9401103,408,24,9792,kronecker_shared_input_basis,1e-08,6672,0.6813725490196079,16.352941176470587,True,0.0029639999847859144,snapshot only,0.0,0.0
deep3_n8_T128_s9401103,deep3,8,128,9401103,408,24,9792,immediate_support_exact_slice_plus_svd_residual,1e-08,14664,1.4975490196078431,35.94117647058823,True,0.0002770000137388706,snapshot only,4.0947235756971676e-16,4.579669976578771e-16
deep3_n8_T128_s9401103,deep3,8,128,9401103,408,24,9792,local_eligibility_plus_svd_residual,1e-08,14664,1.4975490196078431,35.94117647058823,True,0.00028439995367079973,snapshot only,6.728561845142583e-16,5.551115123125783e-16
deep3_n8_T128_s9401103,deep3,8,128,9401103,408,24,9792,global_svd,1e-10,10368,1.0588235294117647,25.41176470588235,True,0.0002731999848037958,snapshot only,1.55362354974733e-15,1.6653345369377348e-15
deep3_n8_T128_s9401103,deep3,8,128,9401103,408,24,9792,pivoted_qr_repeated_basis,1e-10,10776,1.1004901960784315,26.41176470588235,True,0.00014669995289295912,snapshot only,5.932548284099975e-16,7.771561172376096e-16
deep3_n8_T128_s9401103,deep3,8,128,9401103,408,24,9792,supported_group_factors,1e-10,6672,0.6813725490196079,16.352941176470587,True,0.003105200012214482,snapshot only,0.0,0.0
deep3_n8_T128_s9401103,deep3,8,128,9401103,408,24,9792,owner_block_factors,1e-10,7008,0.7156862745098039,17.176470588235293,True,0.005304399994201958,snapshot only,0.0,0.0
deep3_n8_T128_s9401103,deep3,8,128,9401103,408,24,9792,kronecker_shared_input_basis,1e-10,6672,0.6813725490196079,16.352941176470587,True,0.002966300002299249,snapshot only,0.0,0.0
deep3_n8_T128_s9401103,deep3,8,128,9401103,408,24,9792,immediate_support_exact_slice_plus_svd_residual,1e-10,14664,1.4975490196078431,35.94117647058823,True,0.0002767000114545226,snapshot only,4.0947235756971676e-16,4.579669976578771e-16
deep3_n8_T128_s9401103,deep3,8,128,9401103,408,24,9792,local_eligibility_plus_svd_residual,1e-10,14664,1.4975490196078431,35.94117647058823,True,0.00028819998260587454,snapshot only,6.728561845142583e-16,5.551115123125783e-16
deep3_n8_T128_s9401103,deep3,8,128,9401103,408,24,9792,global_svd,1e-12,10368,1.0588235294117647,25.41176470588235,True,0.0002663000486791134,snapshot only,1.55362354974733e-15,1.6653345369377348e-15
deep3_n8_T128_s9401103,deep3,8,128,9401103,408,24,9792,pivoted_qr_repeated_basis,1e-12,10776,1.1004901960784315,26.41176470588235,True,0.00014110002666711807,snapshot only,5.932548284099975e-16,7.771561172376096e-16
deep3_n8_T128_s9401103,deep3,8,128,9401103,408,24,9792,supported_group_factors,1e-12,6672,0.6813725490196079,16.352941176470587,True,0.00318250001873821,snapshot only,0.0,0.0
deep3_n8_T128_s9401103,deep3,8,128,9401103,408,24,9792,owner_block_factors,1e-12,7008,0.7156862745098039,17.176470588235293,True,0.005600300035439432,snapshot only,0.0,0.0
deep3_n8_T128_s9401103,deep3,8,128,9401103,408,24,9792,kronecker_shared_input_basis,1e-12,6672,0.6813725490196079,16.352941176470587,True,0.0029896999476477504,snapshot only,0.0,0.0
deep3_n8_T128_s9401103,deep3,8,128,9401103,408,24,9792,immediate_support_exact_slice_plus_svd_residual,1e-12,14664,1.4975490196078431,35.94117647058823,True,0.00027650000993162394,snapshot only,4.0947235756971676e-16,4.579669976578771e-16
deep3_n8_T128_s9401103,deep3,8,128,9401103,408,24,9792,local_eligibility_plus_svd_residual,1e-12,14664,1.4975490196078431,35.94117647058823,True,0.000291300006210804,snapshot only,6.728561845142583e-16,5.551115123125783e-16
deep3_n8_T128_s9401104,deep3,8,128,9401104,408,24,9792,full_matrix,1e-08,9792,1.0,24.0,True,8.00006091594696e-07,online baseline,0.0,0.0
deep3_n8_T128_s9401104,deep3,8,128,9401104,408,24,9792,coordinate_sparse,1e-08,13056,1.3333333333333333,32.0,True,3.260001540184021e-05,snapshot only,0.0,0.0
deep3_n8_T128_s9401104,deep3,8,128,9401104,408,24,9792,block_sparse_triangular,1e-08,6984,0.7132352941176471,17.11764705882353,True,4.8600020818412304e-05,known closed online block recurrence,0.0,0.0
deep3_n8_T128_s9401104,deep3,8,128,9401104,408,24,9792,global_svd,1e-08,10368,1.0588235294117647,25.41176470588235,True,0.0003388000186532736,snapshot only,2.2251563667150573e-15,2.0261570199409107e-15
deep3_n8_T128_s9401104,deep3,8,128,9401104,408,24,9792,pivoted_qr_repeated_basis,1e-08,10776,1.1004901960784315,26.41176470588235,True,0.00016870000399649143,snapshot only,4.699396261058727e-16,9.992007221626409e-16
deep3_n8_T128_s9401104,deep3,8,128,9401104,408,24,9792,supported_group_factors,1e-08,6672,0.6813725490196079,16.352941176470587,True,0.0032661999575793743,snapshot only,0.0,0.0
deep3_n8_T128_s9401104,deep3,8,128,9401104,408,24,9792,owner_block_factors,1e-08,7008,0.7156862745098039,17.176470588235293,True,0.0063974999357014894,snapshot only,0.0,0.0
deep3_n8_T128_s9401104,deep3,8,128,9401104,408,24,9792,kronecker_shared_input_basis,1e-08,6672,0.6813725490196079,16.352941176470587,True,0.003324899938888848,snapshot only,0.0,0.0
deep3_n8_T128_s9401104,deep3,8,128,9401104,408,24,9792,immediate_support_exact_slice_plus_svd_residual,1e-08,14664,1.4975490196078431,35.94117647058823,True,0.0003367000026628375,snapshot only,1.0002691382802918e-15,2.3245294578089215e-15
deep3_n8_T128_s9401104,deep3,8,128,9401104,408,24,9792,local_eligibility_plus_svd_residual,1e-08,14664,1.4975490196078431,35.94117647058823,True,0.00035989994648844004,snapshot only,8.890177456069778e-16,1.3322676295501878e-15
deep3_n8_T128_s9401104,deep3,8,128,9401104,408,24,9792,global_svd,1e-10,10368,1.0588235294117647,25.41176470588235,True,0.00029959995299577713,snapshot only,2.2251563667150573e-15,2.0261570199409107e-15
deep3_n8_T128_s9401104,deep3,8,128,9401104,408,24,9792,pivoted_qr_repeated_basis,1e-10,10776,1.1004901960784315,26.41176470588235,True,0.0002712999703362584,snapshot only,4.699396261058727e-16,9.992007221626409e-16
deep3_n8_T128_s9401104,deep3,8,128,9401104,408,24,9792,supported_group_factors,1e-10,6672,0.6813725490196079,16.352941176470587,True,0.0032737000146880746,snapshot only,0.0,0.0
deep3_n8_T128_s9401104,deep3,8,128,9401104,408,24,9792,owner_block_factors,1e-10,7008,0.7156862745098039,17.176470588235293,True,0.005415200022980571,snapshot only,0.0,0.0
deep3_n8_T128_s9401104,deep3,8,128,9401104,408,24,9792,kronecker_shared_input_basis,1e-10,6672,0.6813725490196079,16.352941176470587,True,0.00341489992570132,snapshot only,0.0,0.0
deep3_n8_T128_s9401104,deep3,8,128,9401104,408,24,9792,immediate_support_exact_slice_plus_svd_residual,1e-10,14664,1.4975490196078431,35.94117647058823,True,0.0002951000351458788,snapshot only,1.0002691382802918e-15,2.3245294578089215e-15
deep3_n8_T128_s9401104,deep3,8,128,9401104,408,24,9792,local_eligibility_plus_svd_residual,1e-10,14664,1.4975490196078431,35.94117647058823,True,0.00032629992347210646,snapshot only,8.890177456069778e-16,1.3322676295501878e-15
deep3_n8_T128_s9401104,deep3,8,128,9401104,408,24,9792,global_svd,1e-12,10368,1.0588235294117647,25.41176470588235,True,0.0003079000161960721,snapshot only,2.2251563667150573e-15,2.0261570199409107e-15
deep3_n8_T128_s9401104,deep3,8,128,9401104,408,24,9792,pivoted_qr_repeated_basis,1e-12,10776,1.1004901960784315,26.41176470588235,True,0.0001631999621167779,snapshot only,4.699396261058727e-16,9.992007221626409e-16
deep3_n8_T128_s9401104,deep3,8,128,9401104,408,24,9792,supported_group_factors,1e-12,6672,0.6813725490196079,16.352941176470587,True,0.0032414000015705824,snapshot only,0.0,0.0
deep3_n8_T128_s9401104,deep3,8,128,9401104,408,24,9792,owner_block_factors,1e-12,7008,0.7156862745098039,17.176470588235293,True,0.005493700038641691,snapshot only,0.0,0.0
deep3_n8_T128_s9401104,deep3,8,128,9401104,408,24,9792,kronecker_shared_input_basis,1e-12,6672,0.6813725490196079,16.352941176470587,True,0.00348019995726645,snapshot only,0.0,0.0
deep3_n8_T128_s9401104,deep3,8,128,9401104,408,24,9792,immediate_support_exact_slice_plus_svd_residual,1e-12,14664,1.4975490196078431,35.94117647058823,True,0.0003749999450519681,snapshot only,1.0002691382802918e-15,2.3245294578089215e-15
deep3_n8_T128_s9401104,deep3,8,128,9401104,408,24,9792,local_eligibility_plus_svd_residual,1e-12,14664,1.4975490196078431,35.94117647058823,True,0.0003030999796465039,snapshot only,8.890177456069778e-16,1.3322676295501878e-15
deep3_n16_T32_s9401100,deep3,16,32,9401100,1584,48,76032,full_matrix,1e-08,76032,1.0,48.0,True,1.400010660290718e-06,online baseline,0.0,0.0
deep3_n16_T32_s9401100,deep3,16,32,9401100,1584,48,76032,coordinate_sparse,1e-08,101376,1.3333333333333333,64.0,True,0.0001241000136360526,snapshot only,0.0,0.0
deep3_n16_T32_s9401100,deep3,16,32,9401100,1584,48,76032,block_sparse_triangular,1e-08,52368,0.6887626262626263,33.06060606060606,True,0.00017370004206895828,known closed online block recurrence,0.0,0.0
deep3_n16_T32_s9401100,deep3,16,32,9401100,1584,48,76032,global_svd,1e-08,78336,1.0303030303030303,49.45454545454545,True,0.0014661999884992838,snapshot only,3.0058528048183364e-15,2.248201624865942e-15
deep3_n16_T32_s9401100,deep3,16,32,9401100,1584,48,76032,pivoted_qr_repeated_basis,1e-08,79920,1.0511363636363635,50.45454545454545,True,0.0009316999930888414,snapshot only,5.611887220386864e-16,6.661338147750939e-16
deep3_n16_T32_s9401100,deep3,16,32,9401100,1584,48,76032,supported_group_factors,1e-08,50976,0.6704545454545454,32.18181818181818,True,0.013617499964311719,snapshot only,0.0,0.0
deep3_n16_T32_s9401100,deep3,16,32,9401100,1584,48,76032,owner_block_factors,1e-08,52416,0.6893939393939394,33.09090909090909,True,0.01937449991237372,snapshot only,0.0,0.0
deep3_n16_T32_s9401100,deep3,16,32,9401100,1584,48,76032,kronecker_shared_input_basis,1e-08,50976,0.6704545454545454,32.18181818181818,True,0.011940700002014637,snapshot only,0.0,0.0
deep3_n16_T32_s9401100,deep3,16,32,9401100,1584,48,76032,immediate_support_exact_slice_plus_svd_residual,1e-08,107664,1.4160353535353536,67.96969696969697,True,0.0015976999420672655,snapshot only,5.248655930476572e-16,4.996003610813204e-16
deep3_n16_T32_s9401100,deep3,16,32,9401100,1584,48,76032,local_eligibility_plus_svd_residual,1e-08,107664,1.4160353535353536,67.96969696969697,True,0.0013726999750360847,snapshot only,1.02342048662554e-15,9.71445146547012e-16
deep3_n16_T32_s9401100,deep3,16,32,9401100,1584,48,76032,global_svd,1e-10,78336,1.0303030303030303,49.45454545454545,True,0.0012253000168129802,snapshot only,3.0058528048183364e-15,2.248201624865942e-15
deep3_n16_T32_s9401100,deep3,16,32,9401100,1584,48,76032,pivoted_qr_repeated_basis,1e-10,79920,1.0511363636363635,50.45454545454545,True,0.0007605999708175659,snapshot only,5.611887220386864e-16,6.661338147750939e-16
deep3_n16_T32_s9401100,deep3,16,32,9401100,1584,48,76032,supported_group_factors,1e-10,50976,0.6704545454545454,32.18181818181818,True,0.012946399976499379,snapshot only,0.0,0.0
deep3_n16_T32_s9401100,deep3,16,32,9401100,1584,48,76032,owner_block_factors,1e-10,52416,0.6893939393939394,33.09090909090909,True,0.018586200079880655,snapshot only,0.0,0.0
deep3_n16_T32_s9401100,deep3,16,32,9401100,1584,48,76032,kronecker_shared_input_basis,1e-10,50976,0.6704545454545454,32.18181818181818,True,0.01276089996099472,snapshot only,0.0,0.0
deep3_n16_T32_s9401100,deep3,16,32,9401100,1584,48,76032,immediate_support_exact_slice_plus_svd_residual,1e-10,107664,1.4160353535353536,67.96969696969697,True,0.0015840999549254775,snapshot only,5.248655930476572e-16,4.996003610813204e-16
deep3_n16_T32_s9401100,deep3,16,32,9401100,1584,48,76032,local_eligibility_plus_svd_residual,1e-10,107664,1.4160353535353536,67.96969696969697,True,0.0018828000174835324,snapshot only,1.02342048662554e-15,9.71445146547012e-16
deep3_n16_T32_s9401100,deep3,16,32,9401100,1584,48,76032,global_svd,1e-12,78336,1.0303030303030303,49.45454545454545,True,0.001394400023855269,snapshot only,3.0058528048183364e-15,2.248201624865942e-15
deep3_n16_T32_s9401100,deep3,16,32,9401100,1584,48,76032,pivoted_qr_repeated_basis,1e-12,79920,1.0511363636363635,50.45454545454545,True,0.0007820000173524022,snapshot only,5.611887220386864e-16,6.661338147750939e-16
deep3_n16_T32_s9401100,deep3,16,32,9401100,1584,48,76032,supported_group_factors,1e-12,50976,0.6704545454545454,32.18181818181818,True,0.012919599888846278,snapshot only,0.0,0.0
deep3_n16_T32_s9401100,deep3,16,32,9401100,1584,48,76032,owner_block_factors,1e-12,52416,0.6893939393939394,33.09090909090909,True,0.019353899988345802,snapshot only,0.0,0.0
deep3_n16_T32_s9401100,deep3,16,32,9401100,1584,48,76032,kronecker_shared_input_basis,1e-12,50976,0.6704545454545454,32.18181818181818,True,0.011969399987719953,snapshot only,0.0,0.0
deep3_n16_T32_s9401100,deep3,16,32,9401100,1584,48,76032,immediate_support_exact_slice_plus_svd_residual,1e-12,107664,1.4160353535353536,67.96969696969697,True,0.0014984000008553267,snapshot only,5.248655930476572e-16,4.996003610813204e-16
deep3_n16_T32_s9401100,deep3,16,32,9401100,1584,48,76032,local_eligibility_plus_svd_residual,1e-12,107664,1.4160353535353536,67.96969696969697,True,0.0016101000364869833,snapshot only,1.02342048662554e-15,9.71445146547012e-16
deep3_n16_T32_s9401101,deep3,16,32,9401101,1584,48,76032,full_matrix,1e-08,76032,1.0,48.0,True,7.00005330145359e-07,online baseline,0.0,0.0
deep3_n16_T32_s9401101,deep3,16,32,9401101,1584,48,76032,coordinate_sparse,1e-08,101376,1.3333333333333333,64.0,True,0.00011110003106296062,snapshot only,0.0,0.0
deep3_n16_T32_s9401101,deep3,16,32,9401101,1584,48,76032,block_sparse_triangular,1e-08,52368,0.6887626262626263,33.06060606060606,True,0.00014789996203035116,known closed online block recurrence,0.0,0.0
deep3_n16_T32_s9401101,deep3,16,32,9401101,1584,48,76032,global_svd,1e-08,78336,1.0303030303030303,49.45454545454545,True,0.0012937000719830394,snapshot only,2.3074101098987743e-15,1.7763568394002505e-15
deep3_n16_T32_s9401101,deep3,16,32,9401101,1584,48,76032,pivoted_qr_repeated_basis,1e-08,79920,1.0511363636363635,50.45454545454545,True,0.0008707999950274825,snapshot only,5.624565038478245e-16,8.881784197001252e-16
deep3_n16_T32_s9401101,deep3,16,32,9401101,1584,48,76032,supported_group_factors,1e-08,50976,0.6704545454545454,32.18181818181818,True,0.012609099969267845,snapshot only,0.0,0.0
deep3_n16_T32_s9401101,deep3,16,32,9401101,1584,48,76032,owner_block_factors,1e-08,52416,0.6893939393939394,33.09090909090909,True,0.019410699955187738,snapshot only,0.0,0.0
deep3_n16_T32_s9401101,deep3,16,32,9401101,1584,48,76032,kronecker_shared_input_basis,1e-08,50976,0.6704545454545454,32.18181818181818,True,0.012067900039255619,snapshot only,0.0,0.0
deep3_n16_T32_s9401101,deep3,16,32,9401101,1584,48,76032,immediate_support_exact_slice_plus_svd_residual,1e-08,107664,1.4160353535353536,67.96969696969697,True,0.0015746999997645617,snapshot only,5.650429528787417e-16,4.787836793695988e-16
deep3_n16_T32_s9401101,deep3,16,32,9401101,1584,48,76032,local_eligibility_plus_svd_residual,1e-08,107664,1.4160353535353536,67.96969696969697,True,0.0013985000550746918,snapshot only,6.959040517732975e-16,7.708562687363556e-16
deep3_n16_T32_s9401101,deep3,16,32,9401101,1584,48,76032,global_svd,1e-10,78336,1.0303030303030303,49.45454545454545,True,0.0012463999446481466,snapshot only,2.3074101098987743e-15,1.7763568394002505e-15
deep3_n16_T32_s9401101,deep3,16,32,9401101,1584,48,76032,pivoted_qr_repeated_basis,1e-10,79920,1.0511363636363635,50.45454545454545,True,0.000799700035713613,snapshot only,5.624565038478245e-16,8.881784197001252e-16
deep3_n16_T32_s9401101,deep3,16,32,9401101,1584,48,76032,supported_group_factors,1e-10,50976,0.6704545454545454,32.18181818181818,True,0.012635800056159496,snapshot only,0.0,0.0
deep3_n16_T32_s9401101,deep3,16,32,9401101,1584,48,76032,owner_block_factors,1e-10,52416,0.6893939393939394,33.09090909090909,True,0.020471600000746548,snapshot only,0.0,0.0
deep3_n16_T32_s9401101,deep3,16,32,9401101,1584,48,76032,kronecker_shared_input_basis,1e-10,50976,0.6704545454545454,32.18181818181818,True,0.012283900054171681,snapshot only,0.0,0.0
deep3_n16_T32_s9401101,deep3,16,32,9401101,1584,48,76032,immediate_support_exact_slice_plus_svd_residual,1e-10,107664,1.4160353535353536,67.96969696969697,True,0.001610900042578578,snapshot only,5.650429528787417e-16,4.787836793695988e-16
deep3_n16_T32_s9401101,deep3,16,32,9401101,1584,48,76032,local_eligibility_plus_svd_residual,1e-10,107664,1.4160353535353536,67.96969696969697,True,0.0015907000051811337,snapshot only,6.959040517732975e-16,7.708562687363556e-16
deep3_n16_T32_s9401101,deep3,16,32,9401101,1584,48,76032,global_svd,1e-12,78336,1.0303030303030303,49.45454545454545,True,0.001290599931962788,snapshot only,2.3074101098987743e-15,1.7763568394002505e-15
deep3_n16_T32_s9401101,deep3,16,32,9401101,1584,48,76032,pivoted_qr_repeated_basis,1e-12,79920,1.0511363636363635,50.45454545454545,True,0.0007960000075399876,snapshot only,5.624565038478245e-16,8.881784197001252e-16
deep3_n16_T32_s9401101,deep3,16,32,9401101,1584,48,76032,supported_group_factors,1e-12,50976,0.6704545454545454,32.18181818181818,True,0.01289010001346469,snapshot only,0.0,0.0
deep3_n16_T32_s9401101,deep3,16,32,9401101,1584,48,76032,owner_block_factors,1e-12,52416,0.6893939393939394,33.09090909090909,True,0.02062389999628067,snapshot only,0.0,0.0
deep3_n16_T32_s9401101,deep3,16,32,9401101,1584,48,76032,kronecker_shared_input_basis,1e-12,50976,0.6704545454545454,32.18181818181818,True,0.013396200025454164,snapshot only,0.0,0.0
deep3_n16_T32_s9401101,deep3,16,32,9401101,1584,48,76032,immediate_support_exact_slice_plus_svd_residual,1e-12,107664,1.4160353535353536,67.96969696969697,True,0.001618299982510507,snapshot only,5.650429528787417e-16,4.787836793695988e-16
deep3_n16_T32_s9401101,deep3,16,32,9401101,1584,48,76032,local_eligibility_plus_svd_residual,1e-12,107664,1.4160353535353536,67.96969696969697,True,0.0014368999982252717,snapshot only,6.959040517732975e-16,7.708562687363556e-16
deep3_n16_T32_s9401102,deep3,16,32,9401102,1584,48,76032,full_matrix,1e-08,76032,1.0,48.0,True,7.00005330145359e-07,online baseline,0.0,0.0
deep3_n16_T32_s9401102,deep3,16,32,9401102,1584,48,76032,coordinate_sparse,1e-08,101376,1.3333333333333333,64.0,True,0.00016499997582286596,snapshot only,0.0,0.0
deep3_n16_T32_s9401102,deep3,16,32,9401102,1584,48,76032,block_sparse_triangular,1e-08,52368,0.6887626262626263,33.06060606060606,True,0.0001740000443533063,known closed online block recurrence,0.0,0.0
deep3_n16_T32_s9401102,deep3,16,32,9401102,1584,48,76032,global_svd,1e-08,78336,1.0303030303030303,49.45454545454545,True,0.0016610000748187304,snapshot only,2.0063606680414268e-15,2.4424906541753444e-15
deep3_n16_T32_s9401102,deep3,16,32,9401102,1584,48,76032,pivoted_qr_repeated_basis,1e-08,79920,1.0511363636363635,50.45454545454545,True,0.0007781001040711999,snapshot only,4.932864950090298e-16,6.661338147750939e-16
deep3_n16_T32_s9401102,deep3,16,32,9401102,1584,48,76032,supported_group_factors,1e-08,50976,0.6704545454545454,32.18181818181818,True,0.01292979996651411,snapshot only,0.0,0.0
deep3_n16_T32_s9401102,deep3,16,32,9401102,1584,48,76032,owner_block_factors,1e-08,52416,0.6893939393939394,33.09090909090909,True,0.02028030005749315,snapshot only,0.0,0.0
deep3_n16_T32_s9401102,deep3,16,32,9401102,1584,48,76032,kronecker_shared_input_basis,1e-08,50960,0.6702441077441077,32.17171717171717,True,0.013123900047503412,snapshot only,5.490392119374737e-10,4.739583261449687e-10
deep3_n16_T32_s9401102,deep3,16,32,9401102,1584,48,76032,immediate_support_exact_slice_plus_svd_residual,1e-08,107664,1.4160353535353536,67.96969696969697,True,0.0015309000154957175,snapshot only,5.430005660718877e-16,4.85722573273506e-16
deep3_n16_T32_s9401102,deep3,16,32,9401102,1584,48,76032,local_eligibility_plus_svd_residual,1e-08,107664,1.4160353535353536,67.96969696969697,True,0.0014648999786004424,snapshot only,8.648939496010767e-16,7.494005416219807e-16
deep3_n16_T32_s9401102,deep3,16,32,9401102,1584,48,76032,global_svd,1e-10,78336,1.0303030303030303,49.45454545454545,True,0.0013142999960109591,snapshot only,2.0063606680414268e-15,2.4424906541753444e-15
deep3_n16_T32_s9401102,deep3,16,32,9401102,1584,48,76032,pivoted_qr_repeated_basis,1e-10,79920,1.0511363636363635,50.45454545454545,True,0.0013160000089555979,snapshot only,4.932864950090298e-16,6.661338147750939e-16
deep3_n16_T32_s9401102,deep3,16,32,9401102,1584,48,76032,supported_group_factors,1e-10,50976,0.6704545454545454,32.18181818181818,True,0.013285900000482798,snapshot only,0.0,0.0
deep3_n16_T32_s9401102,deep3,16,32,9401102,1584,48,76032,owner_block_factors,1e-10,52416,0.6893939393939394,33.09090909090909,True,0.021396699943579733,snapshot only,0.0,0.0
deep3_n16_T32_s9401102,deep3,16,32,9401102,1584,48,76032,kronecker_shared_input_basis,1e-10,50976,0.6704545454545454,32.18181818181818,True,0.012517699971795082,snapshot only,0.0,0.0
deep3_n16_T32_s9401102,deep3,16,32,9401102,1584,48,76032,immediate_support_exact_slice_plus_svd_residual,1e-10,107664,1.4160353535353536,67.96969696969697,True,0.0014915999490767717,snapshot only,5.430005660718877e-16,4.85722573273506e-16
deep3_n16_T32_s9401102,deep3,16,32,9401102,1584,48,76032,local_eligibility_plus_svd_residual,1e-10,107664,1.4160353535353536,67.96969696969697,True,0.0013735999818891287,snapshot only,8.648939496010767e-16,7.494005416219807e-16
deep3_n16_T32_s9401102,deep3,16,32,9401102,1584,48,76032,global_svd,1e-12,78336,1.0303030303030303,49.45454545454545,True,0.0012233000015839934,snapshot only,2.0063606680414268e-15,2.4424906541753444e-15
deep3_n16_T32_s9401102,deep3,16,32,9401102,1584,48,76032,pivoted_qr_repeated_basis,1e-12,79920,1.0511363636363635,50.45454545454545,True,0.0008678000885993242,snapshot only,4.932864950090298e-16,6.661338147750939e-16
deep3_n16_T32_s9401102,deep3,16,32,9401102,1584,48,76032,supported_group_factors,1e-12,50976,0.6704545454545454,32.18181818181818,True,0.012791099958121777,snapshot only,0.0,0.0
deep3_n16_T32_s9401102,deep3,16,32,9401102,1584,48,76032,owner_block_factors,1e-12,52416,0.6893939393939394,33.09090909090909,True,0.018933799932710826,snapshot only,0.0,0.0
deep3_n16_T32_s9401102,deep3,16,32,9401102,1584,48,76032,kronecker_shared_input_basis,1e-12,50976,0.6704545454545454,32.18181818181818,True,0.01171489991247654,snapshot only,0.0,0.0
deep3_n16_T32_s9401102,deep3,16,32,9401102,1584,48,76032,immediate_support_exact_slice_plus_svd_residual,1e-12,107664,1.4160353535353536,67.96969696969697,True,0.0015038999263197184,snapshot only,5.430005660718877e-16,4.85722573273506e-16
deep3_n16_T32_s9401102,deep3,16,32,9401102,1584,48,76032,local_eligibility_plus_svd_residual,1e-12,107664,1.4160353535353536,67.96969696969697,True,0.0013529000570997596,snapshot only,8.648939496010767e-16,7.494005416219807e-16
deep3_n16_T32_s9401103,deep3,16,32,9401103,1584,48,76032,full_matrix,1e-08,76032,1.0,48.0,True,8.00006091594696e-07,online baseline,0.0,0.0
deep3_n16_T32_s9401103,deep3,16,32,9401103,1584,48,76032,coordinate_sparse,1e-08,101376,1.3333333333333333,64.0,True,0.00012179999612271786,snapshot only,0.0,0.0
deep3_n16_T32_s9401103,deep3,16,32,9401103,1584,48,76032,block_sparse_triangular,1e-08,52368,0.6887626262626263,33.06060606060606,True,0.0001506999833509326,known closed online block recurrence,0.0,0.0
deep3_n16_T32_s9401103,deep3,16,32,9401103,1584,48,76032,global_svd,1e-08,78336,1.0303030303030303,49.45454545454545,True,0.0015128999948501587,snapshot only,2.294176192851667e-15,1.124100812432971e-15
deep3_n16_T32_s9401103,deep3,16,32,9401103,1584,48,76032,pivoted_qr_repeated_basis,1e-08,79920,1.0511363636363635,50.45454545454545,True,0.0007448999676853418,snapshot only,5.509598643431076e-16,7.771561172376096e-16
deep3_n16_T32_s9401103,deep3,16,32,9401103,1584,48,76032,supported_group_factors,1e-08,50976,0.6704545454545454,32.18181818181818,True,0.01268099993467331,snapshot only,0.0,0.0
deep3_n16_T32_s9401103,deep3,16,32,9401103,1584,48,76032,owner_block_factors,1e-08,52416,0.6893939393939394,33.09090909090909,True,0.019270699936896563,snapshot only,0.0,0.0
deep3_n16_T32_s9401103,deep3,16,32,9401103,1584,48,76032,kronecker_shared_input_basis,1e-08,50960,0.6702441077441077,32.17171717171717,True,0.011866999906487763,snapshot only,3.4920185967424144e-10,5.743843387029379e-10
deep3_n16_T32_s9401103,deep3,16,32,9401103,1584,48,76032,immediate_support_exact_slice_plus_svd_residual,1e-08,107664,1.4160353535353536,67.96969696969697,True,0.0014723000349476933,snapshot only,5.303856705380912e-16,5.551115123125783e-16
deep3_n16_T32_s9401103,deep3,16,32,9401103,1584,48,76032,local_eligibility_plus_svd_residual,1e-08,107664,1.4160353535353536,67.96969696969697,True,0.0013366000493988395,snapshot only,7.225810327251674e-16,4.996003610813204e-16
deep3_n16_T32_s9401103,deep3,16,32,9401103,1584,48,76032,global_svd,1e-10,78336,1.0303030303030303,49.45454545454545,True,0.0012291999300941825,snapshot only,2.294176192851667e-15,1.124100812432971e-15
deep3_n16_T32_s9401103,deep3,16,32,9401103,1584,48,76032,pivoted_qr_repeated_basis,1e-10,79920,1.0511363636363635,50.45454545454545,True,0.0007152999751269817,snapshot only,5.509598643431076e-16,7.771561172376096e-16
deep3_n16_T32_s9401103,deep3,16,32,9401103,1584,48,76032,supported_group_factors,1e-10,50976,0.6704545454545454,32.18181818181818,True,0.012741199927404523,snapshot only,0.0,0.0
deep3_n16_T32_s9401103,deep3,16,32,9401103,1584,48,76032,owner_block_factors,1e-10,52416,0.6893939393939394,33.09090909090909,True,0.01930079993326217,snapshot only,0.0,0.0
deep3_n16_T32_s9401103,deep3,16,32,9401103,1584,48,76032,kronecker_shared_input_basis,1e-10,50976,0.6704545454545454,32.18181818181818,True,0.011750400066375732,snapshot only,0.0,0.0
deep3_n16_T32_s9401103,deep3,16,32,9401103,1584,48,76032,immediate_support_exact_slice_plus_svd_residual,1e-10,107664,1.4160353535353536,67.96969696969697,True,0.0016110000433400273,snapshot only,5.303856705380912e-16,5.551115123125783e-16
deep3_n16_T32_s9401103,deep3,16,32,9401103,1584,48,76032,local_eligibility_plus_svd_residual,1e-10,107664,1.4160353535353536,67.96969696969697,True,0.0014132000505924225,snapshot only,7.225810327251674e-16,4.996003610813204e-16
deep3_n16_T32_s9401103,deep3,16,32,9401103,1584,48,76032,global_svd,1e-12,78336,1.0303030303030303,49.45454545454545,True,0.0012339999666437507,snapshot only,2.294176192851667e-15,1.124100812432971e-15
deep3_n16_T32_s9401103,deep3,16,32,9401103,1584,48,76032,pivoted_qr_repeated_basis,1e-12,79920,1.0511363636363635,50.45454545454545,True,0.0007405000505968928,snapshot only,5.509598643431076e-16,7.771561172376096e-16
deep3_n16_T32_s9401103,deep3,16,32,9401103,1584,48,76032,supported_group_factors,1e-12,50976,0.6704545454545454,32.18181818181818,True,0.012681199936196208,snapshot only,0.0,0.0
deep3_n16_T32_s9401103,deep3,16,32,9401103,1584,48,76032,owner_block_factors,1e-12,52416,0.6893939393939394,33.09090909090909,True,0.018930100020952523,snapshot only,0.0,0.0
deep3_n16_T32_s9401103,deep3,16,32,9401103,1584,48,76032,kronecker_shared_input_basis,1e-12,50976,0.6704545454545454,32.18181818181818,True,0.011991400038823485,snapshot only,0.0,0.0
deep3_n16_T32_s9401103,deep3,16,32,9401103,1584,48,76032,immediate_support_exact_slice_plus_svd_residual,1e-12,107664,1.4160353535353536,67.96969696969697,True,0.0014848000137135386,snapshot only,5.303856705380912e-16,5.551115123125783e-16
deep3_n16_T32_s9401103,deep3,16,32,9401103,1584,48,76032,local_eligibility_plus_svd_residual,1e-12,107664,1.4160353535353536,67.96969696969697,True,0.0013889999827370048,snapshot only,7.225810327251674e-16,4.996003610813204e-16
deep3_n16_T32_s9401104,deep3,16,32,9401104,1584,48,76032,full_matrix,1e-08,76032,1.0,48.0,True,7.00005330145359e-07,online baseline,0.0,0.0
deep3_n16_T32_s9401104,deep3,16,32,9401104,1584,48,76032,coordinate_sparse,1e-08,101376,1.3333333333333333,64.0,True,0.00015209999401122332,snapshot only,0.0,0.0
deep3_n16_T32_s9401104,deep3,16,32,9401104,1584,48,76032,block_sparse_triangular,1e-08,52368,0.6887626262626263,33.06060606060606,True,0.00022389995865523815,known closed online block recurrence,0.0,0.0
deep3_n16_T32_s9401104,deep3,16,32,9401104,1584,48,76032,global_svd,1e-08,78336,1.0303030303030303,49.45454545454545,True,0.0014248000225052238,snapshot only,1.7732552188862611e-15,1.1102230246251565e-15
deep3_n16_T32_s9401104,deep3,16,32,9401104,1584,48,76032,pivoted_qr_repeated_basis,1e-08,79920,1.0511363636363635,50.45454545454545,True,0.0008259000023826957,snapshot only,5.736510336571967e-16,8.881784197001252e-16
deep3_n16_T32_s9401104,deep3,16,32,9401104,1584,48,76032,supported_group_factors,1e-08,50976,0.6704545454545454,32.18181818181818,True,0.01340089994482696,snapshot only,0.0,0.0
deep3_n16_T32_s9401104,deep3,16,32,9401104,1584,48,76032,owner_block_factors,1e-08,52416,0.6893939393939394,33.09090909090909,True,0.020716500002890825,snapshot only,0.0,0.0
deep3_n16_T32_s9401104,deep3,16,32,9401104,1584,48,76032,kronecker_shared_input_basis,1e-08,50960,0.6702441077441077,32.17171717171717,True,0.012888900004327297,snapshot only,1.3745579650130964e-10,1.034801177038358e-10
deep3_n16_T32_s9401104,deep3,16,32,9401104,1584,48,76032,immediate_support_exact_slice_plus_svd_residual,1e-08,107664,1.4160353535353536,67.96969696969697,True,0.0015897999983280897,snapshot only,6.754867879455361e-16,7.216449660063518e-16
deep3_n16_T32_s9401104,deep3,16,32,9401104,1584,48,76032,local_eligibility_plus_svd_residual,1e-08,107664,1.4160353535353536,67.96969696969697,True,0.0016570000443607569,snapshot only,6.34614509008387e-16,4.579669976578771e-16
deep3_n16_T32_s9401104,deep3,16,32,9401104,1584,48,76032,global_svd,1e-10,78336,1.0303030303030303,49.45454545454545,True,0.0014414000324904919,snapshot only,1.7732552188862611e-15,1.1102230246251565e-15
deep3_n16_T32_s9401104,deep3,16,32,9401104,1584,48,76032,pivoted_qr_repeated_basis,1e-10,79920,1.0511363636363635,50.45454545454545,True,0.0008364999666810036,snapshot only,5.736510336571967e-16,8.881784197001252e-16
deep3_n16_T32_s9401104,deep3,16,32,9401104,1584,48,76032,supported_group_factors,1e-10,50976,0.6704545454545454,32.18181818181818,True,0.013562100008130074,snapshot only,0.0,0.0
deep3_n16_T32_s9401104,deep3,16,32,9401104,1584,48,76032,owner_block_factors,1e-10,52416,0.6893939393939394,33.09090909090909,True,0.02050370001234114,snapshot only,0.0,0.0
deep3_n16_T32_s9401104,deep3,16,32,9401104,1584,48,76032,kronecker_shared_input_basis,1e-10,50976,0.6704545454545454,32.18181818181818,True,0.012490099994465709,snapshot only,0.0,0.0
deep3_n16_T32_s9401104,deep3,16,32,9401104,1584,48,76032,immediate_support_exact_slice_plus_svd_residual,1e-10,107664,1.4160353535353536,67.96969696969697,True,0.0015293000033125281,snapshot only,6.754867879455361e-16,7.216449660063518e-16
deep3_n16_T32_s9401104,deep3,16,32,9401104,1584,48,76032,local_eligibility_plus_svd_residual,1e-10,107664,1.4160353535353536,67.96969696969697,True,0.0013643000274896622,snapshot only,6.34614509008387e-16,4.579669976578771e-16
deep3_n16_T32_s9401104,deep3,16,32,9401104,1584,48,76032,global_svd,1e-12,78336,1.0303030303030303,49.45454545454545,True,0.0013173000188544393,snapshot only,1.7732552188862611e-15,1.1102230246251565e-15
deep3_n16_T32_s9401104,deep3,16,32,9401104,1584,48,76032,pivoted_qr_repeated_basis,1e-12,79920,1.0511363636363635,50.45454545454545,True,0.0007791999960318208,snapshot only,5.736510336571967e-16,8.881784197001252e-16
deep3_n16_T32_s9401104,deep3,16,32,9401104,1584,48,76032,supported_group_factors,1e-12,50976,0.6704545454545454,32.18181818181818,True,0.012742200051434338,snapshot only,0.0,0.0
deep3_n16_T32_s9401104,deep3,16,32,9401104,1584,48,76032,owner_block_factors,1e-12,52416,0.6893939393939394,33.09090909090909,True,0.01989510003477335,snapshot only,0.0,0.0
deep3_n16_T32_s9401104,deep3,16,32,9401104,1584,48,76032,kronecker_shared_input_basis,1e-12,50976,0.6704545454545454,32.18181818181818,True,0.012366499984636903,snapshot only,0.0,0.0
deep3_n16_T32_s9401104,deep3,16,32,9401104,1584,48,76032,immediate_support_exact_slice_plus_svd_residual,1e-12,107664,1.4160353535353536,67.96969696969697,True,0.0015814000507816672,snapshot only,6.754867879455361e-16,7.216449660063518e-16
deep3_n16_T32_s9401104,deep3,16,32,9401104,1584,48,76032,local_eligibility_plus_svd_residual,1e-12,107664,1.4160353535353536,67.96969696969697,True,0.0014066000003367662,snapshot only,6.34614509008387e-16,4.579669976578771e-16
deep3_n16_T128_s9401100,deep3,16,128,9401100,1584,48,76032,full_matrix,1e-08,76032,1.0,48.0,True,7.00005330145359e-07,online baseline,0.0,0.0
deep3_n16_T128_s9401100,deep3,16,128,9401100,1584,48,76032,coordinate_sparse,1e-08,101376,1.3333333333333333,64.0,True,0.00011970009654760361,snapshot only,0.0,0.0
deep3_n16_T128_s9401100,deep3,16,128,9401100,1584,48,76032,block_sparse_triangular,1e-08,52368,0.6887626262626263,33.06060606060606,True,0.00016210007015615702,known closed online block recurrence,0.0,0.0
deep3_n16_T128_s9401100,deep3,16,128,9401100,1584,48,76032,global_svd,1e-08,78336,1.0303030303030303,49.45454545454545,True,0.0013821999309584498,snapshot only,1.8472366446790735e-15,1.2212453270876722e-15
deep3_n16_T128_s9401100,deep3,16,128,9401100,1584,48,76032,pivoted_qr_repeated_basis,1e-08,79920,1.0511363636363635,50.45454545454545,True,0.0008491999469697475,snapshot only,5.316888130274134e-16,6.661338147750939e-16
deep3_n16_T128_s9401100,deep3,16,128,9401100,1584,48,76032,supported_group_factors,1e-08,50976,0.6704545454545454,32.18181818181818,True,0.012327599921263754,snapshot only,0.0,0.0
deep3_n16_T128_s9401100,deep3,16,128,9401100,1584,48,76032,owner_block_factors,1e-08,52416,0.6893939393939394,33.09090909090909,True,0.019244999974034727,snapshot only,0.0,0.0
deep3_n16_T128_s9401100,deep3,16,128,9401100,1584,48,76032,kronecker_shared_input_basis,1e-08,50960,0.6702441077441077,32.17171717171717,True,0.012663600035011768,snapshot only,2.335165130921009e-10,2.691614708894008e-10
deep3_n16_T128_s9401100,deep3,16,128,9401100,1584,48,76032,immediate_support_exact_slice_plus_svd_residual,1e-08,107664,1.4160353535353536,67.96969696969697,True,0.0016128000570461154,snapshot only,5.620385412800664e-16,5.551115123125783e-16
deep3_n16_T128_s9401100,deep3,16,128,9401100,1584,48,76032,local_eligibility_plus_svd_residual,1e-08,107664,1.4160353535353536,67.96969696969697,True,0.001419900101609528,snapshot only,6.903417582157956e-16,4.718447854656915e-16
deep3_n16_T128_s9401100,deep3,16,128,9401100,1584,48,76032,global_svd,1e-10,78336,1.0303030303030303,49.45454545454545,True,0.001234699971973896,snapshot only,1.8472366446790735e-15,1.2212453270876722e-15
deep3_n16_T128_s9401100,deep3,16,128,9401100,1584,48,76032,pivoted_qr_repeated_basis,1e-10,79920,1.0511363636363635,50.45454545454545,True,0.0007646000012755394,snapshot only,5.316888130274134e-16,6.661338147750939e-16
deep3_n16_T128_s9401100,deep3,16,128,9401100,1584,48,76032,supported_group_factors,1e-10,50976,0.6704545454545454,32.18181818181818,True,0.012813200009986758,snapshot only,0.0,0.0
deep3_n16_T128_s9401100,deep3,16,128,9401100,1584,48,76032,owner_block_factors,1e-10,52416,0.6893939393939394,33.09090909090909,True,0.019360600039362907,snapshot only,0.0,0.0
deep3_n16_T128_s9401100,deep3,16,128,9401100,1584,48,76032,kronecker_shared_input_basis,1e-10,50976,0.6704545454545454,32.18181818181818,True,0.01235520001500845,snapshot only,0.0,0.0
deep3_n16_T128_s9401100,deep3,16,128,9401100,1584,48,76032,immediate_support_exact_slice_plus_svd_residual,1e-10,107664,1.4160353535353536,67.96969696969697,True,0.0016571999294683337,snapshot only,5.620385412800664e-16,5.551115123125783e-16
deep3_n16_T128_s9401100,deep3,16,128,9401100,1584,48,76032,local_eligibility_plus_svd_residual,1e-10,107664,1.4160353535353536,67.96969696969697,True,0.001424300018697977,snapshot only,6.903417582157956e-16,4.718447854656915e-16
deep3_n16_T128_s9401100,deep3,16,128,9401100,1584,48,76032,global_svd,1e-12,78336,1.0303030303030303,49.45454545454545,True,0.001277600065805018,snapshot only,1.8472366446790735e-15,1.2212453270876722e-15
deep3_n16_T128_s9401100,deep3,16,128,9401100,1584,48,76032,pivoted_qr_repeated_basis,1e-12,79920,1.0511363636363635,50.45454545454545,True,0.0007958000060170889,snapshot only,5.316888130274134e-16,6.661338147750939e-16
deep3_n16_T128_s9401100,deep3,16,128,9401100,1584,48,76032,supported_group_factors,1e-12,50976,0.6704545454545454,32.18181818181818,True,0.013602699968032539,snapshot only,0.0,0.0
deep3_n16_T128_s9401100,deep3,16,128,9401100,1584,48,76032,owner_block_factors,1e-12,52416,0.6893939393939394,33.09090909090909,True,0.018907799967564642,snapshot only,0.0,0.0
deep3_n16_T128_s9401100,deep3,16,128,9401100,1584,48,76032,kronecker_shared_input_basis,1e-12,50976,0.6704545454545454,32.18181818181818,True,0.012423100066371262,snapshot only,0.0,0.0
deep3_n16_T128_s9401100,deep3,16,128,9401100,1584,48,76032,immediate_support_exact_slice_plus_svd_residual,1e-12,107664,1.4160353535353536,67.96969696969697,True,0.0019090999849140644,snapshot only,5.620385412800664e-16,5.551115123125783e-16
deep3_n16_T128_s9401100,deep3,16,128,9401100,1584,48,76032,local_eligibility_plus_svd_residual,1e-12,107664,1.4160353535353536,67.96969696969697,True,0.0013819999294355512,snapshot only,6.903417582157956e-16,4.718447854656915e-16
deep3_n16_T128_s9401101,deep3,16,128,9401101,1584,48,76032,full_matrix,1e-08,76032,1.0,48.0,True,6.998889148235321e-07,online baseline,0.0,0.0
deep3_n16_T128_s9401101,deep3,16,128,9401101,1584,48,76032,coordinate_sparse,1e-08,101376,1.3333333333333333,64.0,True,0.00012159999459981918,snapshot only,0.0,0.0
deep3_n16_T128_s9401101,deep3,16,128,9401101,1584,48,76032,block_sparse_triangular,1e-08,52368,0.6887626262626263,33.06060606060606,True,0.00015159999020397663,known closed online block recurrence,0.0,0.0
deep3_n16_T128_s9401101,deep3,16,128,9401101,1584,48,76032,global_svd,1e-08,78336,1.0303030303030303,49.45454545454545,True,0.001289700041525066,snapshot only,1.876359571212608e-15,1.6653345369377348e-15
deep3_n16_T128_s9401101,deep3,16,128,9401101,1584,48,76032,pivoted_qr_repeated_basis,1e-08,79920,1.0511363636363635,50.45454545454545,True,0.0010034999577328563,snapshot only,6.221560398569632e-16,1.1102230246251565e-15
deep3_n16_T128_s9401101,deep3,16,128,9401101,1584,48,76032,supported_group_factors,1e-08,50976,0.6704545454545454,32.18181818181818,True,0.012642899993807077,snapshot only,0.0,0.0
deep3_n16_T128_s9401101,deep3,16,128,9401101,1584,48,76032,owner_block_factors,1e-08,52416,0.6893939393939394,33.09090909090909,True,0.01886229997035116,snapshot only,0.0,0.0
deep3_n16_T128_s9401101,deep3,16,128,9401101,1584,48,76032,kronecker_shared_input_basis,1e-08,50960,0.6702441077441077,32.17171717171717,True,0.012029699981212616,snapshot only,1.9099098959453513e-10,1.482124267065954e-10
deep3_n16_T128_s9401101,deep3,16,128,9401101,1584,48,76032,immediate_support_exact_slice_plus_svd_residual,1e-08,107664,1.4160353535353536,67.96969696969697,True,0.0014896000502631068,snapshot only,7.500982378248741e-16,7.771561172376096e-16
deep3_n16_T128_s9401101,deep3,16,128,9401101,1584,48,76032,local_eligibility_plus_svd_residual,1e-08,107664,1.4160353535353536,67.96969696969697,True,0.0013939000200480223,snapshot only,8.012256621034469e-16,7.494005416219807e-16
deep3_n16_T128_s9401101,deep3,16,128,9401101,1584,48,76032,global_svd,1e-10,78336,1.0303030303030303,49.45454545454545,True,0.0012351999757811427,snapshot only,1.876359571212608e-15,1.6653345369377348e-15
deep3_n16_T128_s9401101,deep3,16,128,9401101,1584,48,76032,pivoted_qr_repeated_basis,1e-10,79920,1.0511363636363635,50.45454545454545,True,0.0010491000721231103,snapshot only,6.221560398569632e-16,1.1102230246251565e-15
deep3_n16_T128_s9401101,deep3,16,128,9401101,1584,48,76032,supported_group_factors,1e-10,50976,0.6704545454545454,32.18181818181818,True,0.013021299964748323,snapshot only,0.0,0.0
deep3_n16_T128_s9401101,deep3,16,128,9401101,1584,48,76032,owner_block_factors,1e-10,52416,0.6893939393939394,33.09090909090909,True,0.020297399954870343,snapshot only,0.0,0.0
deep3_n16_T128_s9401101,deep3,16,128,9401101,1584,48,76032,kronecker_shared_input_basis,1e-10,50976,0.6704545454545454,32.18181818181818,True,0.012446500011719763,snapshot only,0.0,0.0
deep3_n16_T128_s9401101,deep3,16,128,9401101,1584,48,76032,immediate_support_exact_slice_plus_svd_residual,1e-10,107664,1.4160353535353536,67.96969696969697,True,0.001634300104342401,snapshot only,7.500982378248741e-16,7.771561172376096e-16
deep3_n16_T128_s9401101,deep3,16,128,9401101,1584,48,76032,local_eligibility_plus_svd_residual,1e-10,107664,1.4160353535353536,67.96969696969697,True,0.001855099922977388,snapshot only,8.012256621034469e-16,7.494005416219807e-16
deep3_n16_T128_s9401101,deep3,16,128,9401101,1584,48,76032,global_svd,1e-12,78336,1.0303030303030303,49.45454545454545,True,0.001415099948644638,snapshot only,1.876359571212608e-15,1.6653345369377348e-15
deep3_n16_T128_s9401101,deep3,16,128,9401101,1584,48,76032,pivoted_qr_repeated_basis,1e-12,79920,1.0511363636363635,50.45454545454545,True,0.0009690000442788005,snapshot only,6.221560398569632e-16,1.1102230246251565e-15
deep3_n16_T128_s9401101,deep3,16,128,9401101,1584,48,76032,supported_group_factors,1e-12,50976,0.6704545454545454,32.18181818181818,True,0.014058299944736063,snapshot only,0.0,0.0
deep3_n16_T128_s9401101,deep3,16,128,9401101,1584,48,76032,owner_block_factors,1e-12,52416,0.6893939393939394,33.09090909090909,True,0.02162999997381121,snapshot only,0.0,0.0
deep3_n16_T128_s9401101,deep3,16,128,9401101,1584,48,76032,kronecker_shared_input_basis,1e-12,50976,0.6704545454545454,32.18181818181818,True,0.013113399967551231,snapshot only,0.0,0.0
deep3_n16_T128_s9401101,deep3,16,128,9401101,1584,48,76032,immediate_support_exact_slice_plus_svd_residual,1e-12,107664,1.4160353535353536,67.96969696969697,True,0.0016401999164372683,snapshot only,7.500982378248741e-16,7.771561172376096e-16
deep3_n16_T128_s9401101,deep3,16,128,9401101,1584,48,76032,local_eligibility_plus_svd_residual,1e-12,107664,1.4160353535353536,67.96969696969697,True,0.001572999986819923,snapshot only,8.012256621034469e-16,7.494005416219807e-16
deep3_n16_T128_s9401102,deep3,16,128,9401102,1584,48,76032,full_matrix,1e-08,76032,1.0,48.0,True,1.100008375942707e-06,online baseline,0.0,0.0
deep3_n16_T128_s9401102,deep3,16,128,9401102,1584,48,76032,coordinate_sparse,1e-08,101376,1.3333333333333333,64.0,True,0.00011890009045600891,snapshot only,0.0,0.0
deep3_n16_T128_s9401102,deep3,16,128,9401102,1584,48,76032,block_sparse_triangular,1e-08,52368,0.6887626262626263,33.06060606060606,True,0.0001615999499335885,known closed online block recurrence,0.0,0.0
deep3_n16_T128_s9401102,deep3,16,128,9401102,1584,48,76032,global_svd,1e-08,78336,1.0303030303030303,49.45454545454545,True,0.0013319000136107206,snapshot only,3.3364439562735543e-15,2.216930471441041e-15
deep3_n16_T128_s9401102,deep3,16,128,9401102,1584,48,76032,pivoted_qr_repeated_basis,1e-08,79920,1.0511363636363635,50.45454545454545,True,0.0007315999828279018,snapshot only,5.480864883032986e-16,7.771561172376096e-16
deep3_n16_T128_s9401102,deep3,16,128,9401102,1584,48,76032,supported_group_factors,1e-08,50976,0.6704545454545454,32.18181818181818,True,0.012782400008291006,snapshot only,0.0,0.0
deep3_n16_T128_s9401102,deep3,16,128,9401102,1584,48,76032,owner_block_factors,1e-08,52416,0.6893939393939394,33.09090909090909,True,0.01947860000655055,snapshot only,0.0,0.0
deep3_n16_T128_s9401102,deep3,16,128,9401102,1584,48,76032,kronecker_shared_input_basis,1e-08,50976,0.6704545454545454,32.18181818181818,True,0.01273900002706796,snapshot only,0.0,0.0
deep3_n16_T128_s9401102,deep3,16,128,9401102,1584,48,76032,immediate_support_exact_slice_plus_svd_residual,1e-08,107664,1.4160353535353536,67.96969696969697,True,0.0016060000052675605,snapshot only,8.388062382662719e-16,1.1102230246251565e-15
deep3_n16_T128_s9401102,deep3,16,128,9401102,1584,48,76032,local_eligibility_plus_svd_residual,1e-08,107664,1.4160353535353536,67.96969696969697,True,0.0019359999569132924,snapshot only,7.371630753535303e-16,5.273559366969494e-16
deep3_n16_T128_s9401102,deep3,16,128,9401102,1584,48,76032,global_svd,1e-10,78336,1.0303030303030303,49.45454545454545,True,0.0013285999884828925,snapshot only,3.3364439562735543e-15,2.216930471441041e-15
deep3_n16_T128_s9401102,deep3,16,128,9401102,1584,48,76032,pivoted_qr_repeated_basis,1e-10,79920,1.0511363636363635,50.45454545454545,True,0.0007949999999254942,snapshot only,5.480864883032986e-16,7.771561172376096e-16
deep3_n16_T128_s9401102,deep3,16,128,9401102,1584,48,76032,supported_group_factors,1e-10,50976,0.6704545454545454,32.18181818181818,True,0.013630099943839014,snapshot only,0.0,0.0
deep3_n16_T128_s9401102,deep3,16,128,9401102,1584,48,76032,owner_block_factors,1e-10,52416,0.6893939393939394,33.09090909090909,True,0.020212800009176135,snapshot only,0.0,0.0
deep3_n16_T128_s9401102,deep3,16,128,9401102,1584,48,76032,kronecker_shared_input_basis,1e-10,50976,0.6704545454545454,32.18181818181818,True,0.012608100078068674,snapshot only,0.0,0.0
deep3_n16_T128_s9401102,deep3,16,128,9401102,1584,48,76032,immediate_support_exact_slice_plus_svd_residual,1e-10,107664,1.4160353535353536,67.96969696969697,True,0.0015619000187143683,snapshot only,8.388062382662719e-16,1.1102230246251565e-15
deep3_n16_T128_s9401102,deep3,16,128,9401102,1584,48,76032,local_eligibility_plus_svd_residual,1e-10,107664,1.4160353535353536,67.96969696969697,True,0.0014058999950066209,snapshot only,7.371630753535303e-16,5.273559366969494e-16
deep3_n16_T128_s9401102,deep3,16,128,9401102,1584,48,76032,global_svd,1e-12,78336,1.0303030303030303,49.45454545454545,True,0.0014183000894263387,snapshot only,3.3364439562735543e-15,2.216930471441041e-15
deep3_n16_T128_s9401102,deep3,16,128,9401102,1584,48,76032,pivoted_qr_repeated_basis,1e-12,79920,1.0511363636363635,50.45454545454545,True,0.00090230000205338,snapshot only,5.480864883032986e-16,7.771561172376096e-16
deep3_n16_T128_s9401102,deep3,16,128,9401102,1584,48,76032,supported_group_factors,1e-12,50976,0.6704545454545454,32.18181818181818,True,0.012894800049252808,snapshot only,0.0,0.0
deep3_n16_T128_s9401102,deep3,16,128,9401102,1584,48,76032,owner_block_factors,1e-12,52416,0.6893939393939394,33.09090909090909,True,0.020654499996453524,snapshot only,0.0,0.0
deep3_n16_T128_s9401102,deep3,16,128,9401102,1584,48,76032,kronecker_shared_input_basis,1e-12,50976,0.6704545454545454,32.18181818181818,True,0.013458600034937263,snapshot only,0.0,0.0
deep3_n16_T128_s9401102,deep3,16,128,9401102,1584,48,76032,immediate_support_exact_slice_plus_svd_residual,1e-12,107664,1.4160353535353536,67.96969696969697,True,0.0016673000063747168,snapshot only,8.388062382662719e-16,1.1102230246251565e-15
deep3_n16_T128_s9401102,deep3,16,128,9401102,1584,48,76032,local_eligibility_plus_svd_residual,1e-12,107664,1.4160353535353536,67.96969696969697,True,0.001525099971331656,snapshot only,7.371630753535303e-16,5.273559366969494e-16
deep3_n16_T128_s9401103,deep3,16,128,9401103,1584,48,76032,full_matrix,1e-08,76032,1.0,48.0,True,9.00006853044033e-07,online baseline,0.0,0.0
deep3_n16_T128_s9401103,deep3,16,128,9401103,1584,48,76032,coordinate_sparse,1e-08,101376,1.3333333333333333,64.0,True,0.00015209999401122332,snapshot only,0.0,0.0
deep3_n16_T128_s9401103,deep3,16,128,9401103,1584,48,76032,block_sparse_triangular,1e-08,52368,0.6887626262626263,33.06060606060606,True,0.00015920004807412624,known closed online block recurrence,0.0,0.0
deep3_n16_T128_s9401103,deep3,16,128,9401103,1584,48,76032,global_svd,1e-08,78336,1.0303030303030303,49.45454545454545,True,0.0013243999565020204,snapshot only,1.993454571737335e-15,1.1657341758564144e-15
deep3_n16_T128_s9401103,deep3,16,128,9401103,1584,48,76032,pivoted_qr_repeated_basis,1e-08,79920,1.0511363636363635,50.45454545454545,True,0.000731100095435977,snapshot only,5.851491259931339e-16,8.881784197001252e-16
deep3_n16_T128_s9401103,deep3,16,128,9401103,1584,48,76032,supported_group_factors,1e-08,50976,0.6704545454545454,32.18181818181818,True,0.013041600002907217,snapshot only,0.0,0.0
deep3_n16_T128_s9401103,deep3,16,128,9401103,1584,48,76032,owner_block_factors,1e-08,52416,0.6893939393939394,33.09090909090909,True,0.019624099950306118,snapshot only,0.0,0.0
deep3_n16_T128_s9401103,deep3,16,128,9401103,1584,48,76032,kronecker_shared_input_basis,1e-08,50960,0.6702441077441077,32.17171717171717,True,0.01224389998242259,snapshot only,1.1837430182216875e-10,8.283186419752453e-11
deep3_n16_T128_s9401103,deep3,16,128,9401103,1584,48,76032,immediate_support_exact_slice_plus_svd_residual,1e-08,107664,1.4160353535353536,67.96969696969697,True,0.0017156999092549086,snapshot only,8.528109144078307e-16,1.2212453270876722e-15
deep3_n16_T128_s9401103,deep3,16,128,9401103,1584,48,76032,local_eligibility_plus_svd_residual,1e-08,107664,1.4160353535353536,67.96969696969697,True,0.001766699948348105,snapshot only,9.65351554923957e-16,9.71445146547012e-16
deep3_n16_T128_s9401103,deep3,16,128,9401103,1584,48,76032,global_svd,1e-10,78336,1.0303030303030303,49.45454545454545,True,0.0013055000454187393,snapshot only,1.993454571737335e-15,1.1657341758564144e-15
deep3_n16_T128_s9401103,deep3,16,128,9401103,1584,48,76032,pivoted_qr_repeated_basis,1e-10,79920,1.0511363636363635,50.45454545454545,True,0.0008192000677809119,snapshot only,5.851491259931339e-16,8.881784197001252e-16
deep3_n16_T128_s9401103,deep3,16,128,9401103,1584,48,76032,supported_group_factors,1e-10,50976,0.6704545454545454,32.18181818181818,True,0.013975899899378419,snapshot only,0.0,0.0
deep3_n16_T128_s9401103,deep3,16,128,9401103,1584,48,76032,owner_block_factors,1e-10,52416,0.6893939393939394,33.09090909090909,True,0.02294860000256449,snapshot only,0.0,0.0
deep3_n16_T128_s9401103,deep3,16,128,9401103,1584,48,76032,kronecker_shared_input_basis,1e-10,50976,0.6704545454545454,32.18181818181818,True,0.014156399993225932,snapshot only,0.0,0.0
deep3_n16_T128_s9401103,deep3,16,128,9401103,1584,48,76032,immediate_support_exact_slice_plus_svd_residual,1e-10,107664,1.4160353535353536,67.96969696969697,True,0.0021621999330818653,snapshot only,8.528109144078307e-16,1.2212453270876722e-15
deep3_n16_T128_s9401103,deep3,16,128,9401103,1584,48,76032,local_eligibility_plus_svd_residual,1e-10,107664,1.4160353535353536,67.96969696969697,True,0.0017994999652728438,snapshot only,9.65351554923957e-16,9.71445146547012e-16
deep3_n16_T128_s9401103,deep3,16,128,9401103,1584,48,76032,global_svd,1e-12,78336,1.0303030303030303,49.45454545454545,True,0.0012660000938922167,snapshot only,1.993454571737335e-15,1.1657341758564144e-15
deep3_n16_T128_s9401103,deep3,16,128,9401103,1584,48,76032,pivoted_qr_repeated_basis,1e-12,79920,1.0511363636363635,50.45454545454545,True,0.0009685999248176813,snapshot only,5.851491259931339e-16,8.881784197001252e-16
deep3_n16_T128_s9401103,deep3,16,128,9401103,1584,48,76032,supported_group_factors,1e-12,50976,0.6704545454545454,32.18181818181818,True,0.015702800010330975,snapshot only,0.0,0.0
deep3_n16_T128_s9401103,deep3,16,128,9401103,1584,48,76032,owner_block_factors,1e-12,52416,0.6893939393939394,33.09090909090909,True,0.020658700028434396,snapshot only,0.0,0.0
deep3_n16_T128_s9401103,deep3,16,128,9401103,1584,48,76032,kronecker_shared_input_basis,1e-12,50976,0.6704545454545454,32.18181818181818,True,0.012752400012686849,snapshot only,0.0,0.0
deep3_n16_T128_s9401103,deep3,16,128,9401103,1584,48,76032,immediate_support_exact_slice_plus_svd_residual,1e-12,107664,1.4160353535353536,67.96969696969697,True,0.0015682000666856766,snapshot only,8.528109144078307e-16,1.2212453270876722e-15
deep3_n16_T128_s9401103,deep3,16,128,9401103,1584,48,76032,local_eligibility_plus_svd_residual,1e-12,107664,1.4160353535353536,67.96969696969697,True,0.001470100018195808,snapshot only,9.65351554923957e-16,9.71445146547012e-16
deep3_n16_T128_s9401104,deep3,16,128,9401104,1584,48,76032,full_matrix,1e-08,76032,1.0,48.0,True,7.00005330145359e-07,online baseline,0.0,0.0
deep3_n16_T128_s9401104,deep3,16,128,9401104,1584,48,76032,coordinate_sparse,1e-08,101376,1.3333333333333333,64.0,True,0.0001354999840259552,snapshot only,0.0,0.0
deep3_n16_T128_s9401104,deep3,16,128,9401104,1584,48,76032,block_sparse_triangular,1e-08,52368,0.6887626262626263,33.06060606060606,True,0.00017610006034374237,known closed online block recurrence,0.0,0.0
deep3_n16_T128_s9401104,deep3,16,128,9401104,1584,48,76032,global_svd,1e-08,78336,1.0303030303030303,49.45454545454545,True,0.0014319000765681267,snapshot only,1.8409435272942273e-15,1.3322676295501878e-15
deep3_n16_T128_s9401104,deep3,16,128,9401104,1584,48,76032,pivoted_qr_repeated_basis,1e-08,79920,1.0511363636363635,50.45454545454545,True,0.0007623001001775265,snapshot only,5.998931314798799e-16,8.881784197001252e-16
deep3_n16_T128_s9401104,deep3,16,128,9401104,1584,48,76032,supported_group_factors,1e-08,50976,0.6704545454545454,32.18181818181818,True,0.01303390006069094,snapshot only,0.0,0.0
deep3_n16_T128_s9401104,deep3,16,128,9401104,1584,48,76032,owner_block_factors,1e-08,52416,0.6893939393939394,33.09090909090909,True,0.019720599986612797,snapshot only,0.0,0.0
deep3_n16_T128_s9401104,deep3,16,128,9401104,1584,48,76032,kronecker_shared_input_basis,1e-08,50960,0.6702441077441077,32.17171717171717,True,0.01229559991043061,snapshot only,2.698968578736927e-10,2.568740255226576e-10
deep3_n16_T128_s9401104,deep3,16,128,9401104,1584,48,76032,immediate_support_exact_slice_plus_svd_residual,1e-08,107664,1.4160353535353536,67.96969696969697,True,0.0017985999584197998,snapshot only,9.636683843209024e-16,1.1310397063368782e-15
deep3_n16_T128_s9401104,deep3,16,128,9401104,1584,48,76032,local_eligibility_plus_svd_residual,1e-08,107664,1.4160353535353536,67.96969696969697,True,0.0015184000367298722,snapshot only,7.599584341972387e-16,5.44106109698859e-16
deep3_n16_T128_s9401104,deep3,16,128,9401104,1584,48,76032,global_svd,1e-10,78336,1.0303030303030303,49.45454545454545,True,0.001277600065805018,snapshot only,1.8409435272942273e-15,1.3322676295501878e-15
deep3_n16_T128_s9401104,deep3,16,128,9401104,1584,48,76032,pivoted_qr_repeated_basis,1e-10,79920,1.0511363636363635,50.45454545454545,True,0.0008156000403687358,snapshot only,5.998931314798799e-16,8.881784197001252e-16
deep3_n16_T128_s9401104,deep3,16,128,9401104,1584,48,76032,supported_group_factors,1e-10,50976,0.6704545454545454,32.18181818181818,True,0.01331810001283884,snapshot only,0.0,0.0
deep3_n16_T128_s9401104,deep3,16,128,9401104,1584,48,76032,owner_block_factors,1e-10,52416,0.6893939393939394,33.09090909090909,True,0.019762399955652654,snapshot only,0.0,0.0
deep3_n16_T128_s9401104,deep3,16,128,9401104,1584,48,76032,kronecker_shared_input_basis,1e-10,50976,0.6704545454545454,32.18181818181818,True,0.0130986999720335,snapshot only,0.0,0.0
deep3_n16_T128_s9401104,deep3,16,128,9401104,1584,48,76032,immediate_support_exact_slice_plus_svd_residual,1e-10,107664,1.4160353535353536,67.96969696969697,True,0.0016471999697387218,snapshot only,9.636683843209024e-16,1.1310397063368782e-15
deep3_n16_T128_s9401104,deep3,16,128,9401104,1584,48,76032,local_eligibility_plus_svd_residual,1e-10,107664,1.4160353535353536,67.96969696969697,True,0.001590800005942583,snapshot only,7.599584341972387e-16,5.44106109698859e-16
deep3_n16_T128_s9401104,deep3,16,128,9401104,1584,48,76032,global_svd,1e-12,78336,1.0303030303030303,49.45454545454545,True,0.0013530999422073364,snapshot only,1.8409435272942273e-15,1.3322676295501878e-15
deep3_n16_T128_s9401104,deep3,16,128,9401104,1584,48,76032,pivoted_qr_repeated_basis,1e-12,79920,1.0511363636363635,50.45454545454545,True,0.0008633999386802316,snapshot only,5.998931314798799e-16,8.881784197001252e-16
deep3_n16_T128_s9401104,deep3,16,128,9401104,1584,48,76032,supported_group_factors,1e-12,50976,0.6704545454545454,32.18181818181818,True,0.01294759998563677,snapshot only,0.0,0.0
deep3_n16_T128_s9401104,deep3,16,128,9401104,1584,48,76032,owner_block_factors,1e-12,52416,0.6893939393939394,33.09090909090909,True,0.018919499940238893,snapshot only,0.0,0.0
deep3_n16_T128_s9401104,deep3,16,128,9401104,1584,48,76032,kronecker_shared_input_basis,1e-12,50976,0.6704545454545454,32.18181818181818,True,0.012192399939522147,snapshot only,0.0,0.0
deep3_n16_T128_s9401104,deep3,16,128,9401104,1584,48,76032,immediate_support_exact_slice_plus_svd_residual,1e-12,107664,1.4160353535353536,67.96969696969697,True,0.0015302000101655722,snapshot only,9.636683843209024e-16,1.1310397063368782e-15
deep3_n16_T128_s9401104,deep3,16,128,9401104,1584,48,76032,local_eligibility_plus_svd_residual,1e-12,107664,1.4160353535353536,67.96969696969697,True,0.0014757999451830983,snapshot only,7.599584341972387e-16,5.44106109698859e-16
explicit_feedback_n8_T32_s9401100,explicit_feedback,8,32,9401100,144,8,1152,full_matrix,1e-08,1152,1.0,8.0,True,1.400010660290718e-06,online baseline,0.0,0.0
explicit_feedback_n8_T32_s9401100,explicit_feedback,8,32,9401100,144,8,1152,coordinate_sparse,1e-08,2304,2.0,16.0,True,2.110004425048828e-05,snapshot only,0.0,0.0
explicit_feedback_n8_T32_s9401100,explicit_feedback,8,32,9401100,144,8,1152,block_sparse_triangular,1e-08,1304,1.1319444444444444,9.055555555555555,True,1.8400023691356182e-05,known closed online block recurrence,0.0,0.0
explicit_feedback_n8_T32_s9401100,explicit_feedback,8,32,9401100,144,8,1152,global_svd,1e-08,1216,1.0555555555555556,8.444444444444445,True,0.00015850004274398088,snapshot only,9.565633828588525e-16,9.992007221626409e-16
explicit_feedback_n8_T32_s9401100,explicit_feedback,8,32,9401100,144,8,1152,pivoted_qr_repeated_basis,1e-08,1360,1.1805555555555556,9.444444444444445,True,7.309997454285622e-05,snapshot only,4.02093155268479e-16,4.440892098500626e-16
explicit_feedback_n8_T32_s9401100,explicit_feedback,8,32,9401100,144,8,1152,supported_group_factors,1e-08,1184,1.0277777777777777,8.222222222222221,True,0.0009172999998554587,snapshot only,0.0,0.0
explicit_feedback_n8_T32_s9401100,explicit_feedback,8,32,9401100,144,8,1152,owner_block_factors,1e-08,1240,1.0763888888888888,8.61111111111111,True,0.0017371999565511942,snapshot only,0.0,0.0
explicit_feedback_n8_T32_s9401100,explicit_feedback,8,32,9401100,144,8,1152,kronecker_shared_input_basis,1e-08,1184,1.0277777777777777,8.222222222222221,True,0.0008123000152409077,snapshot only,0.0,0.0
explicit_feedback_n8_T32_s9401100,explicit_feedback,8,32,9401100,144,8,1152,immediate_support_exact_slice_plus_svd_residual,1e-08,1968,1.7083333333333333,13.666666666666666,True,0.00010299996938556433,snapshot only,1.3074005589748646e-16,1.1102230246251565e-16
explicit_feedback_n8_T32_s9401100,explicit_feedback,8,32,9401100,144,8,1152,local_eligibility_plus_svd_residual,1e-08,1968,1.7083333333333333,13.666666666666666,True,9.53000271692872e-05,snapshot only,1.4613618856572206e-16,1.249000902703301e-16
explicit_feedback_n8_T32_s9401100,explicit_feedback,8,32,9401100,144,8,1152,global_svd,1e-10,1216,1.0555555555555556,8.444444444444445,True,7.840001489967108e-05,snapshot only,9.565633828588525e-16,9.992007221626409e-16
explicit_feedback_n8_T32_s9401100,explicit_feedback,8,32,9401100,144,8,1152,pivoted_qr_repeated_basis,1e-10,1360,1.1805555555555556,9.444444444444445,True,6.009999196976423e-05,snapshot only,4.02093155268479e-16,4.440892098500626e-16
explicit_feedback_n8_T32_s9401100,explicit_feedback,8,32,9401100,144,8,1152,supported_group_factors,1e-10,1184,1.0277777777777777,8.222222222222221,True,0.0008203999605029821,snapshot only,0.0,0.0
explicit_feedback_n8_T32_s9401100,explicit_feedback,8,32,9401100,144,8,1152,owner_block_factors,1e-10,1240,1.0763888888888888,8.61111111111111,True,0.0015784000279381871,snapshot only,0.0,0.0
explicit_feedback_n8_T32_s9401100,explicit_feedback,8,32,9401100,144,8,1152,kronecker_shared_input_basis,1e-10,1184,1.0277777777777777,8.222222222222221,True,0.0008153999224305153,snapshot only,0.0,0.0
explicit_feedback_n8_T32_s9401100,explicit_feedback,8,32,9401100,144,8,1152,immediate_support_exact_slice_plus_svd_residual,1e-10,1968,1.7083333333333333,13.666666666666666,True,0.00010429997928440571,snapshot only,1.3074005589748646e-16,1.1102230246251565e-16
explicit_feedback_n8_T32_s9401100,explicit_feedback,8,32,9401100,144,8,1152,local_eligibility_plus_svd_residual,1e-10,1968,1.7083333333333333,13.666666666666666,True,9.570003021508455e-05,snapshot only,1.4613618856572206e-16,1.249000902703301e-16
explicit_feedback_n8_T32_s9401100,explicit_feedback,8,32,9401100,144,8,1152,global_svd,1e-12,1216,1.0555555555555556,8.444444444444445,True,8.060003165155649e-05,snapshot only,9.565633828588525e-16,9.992007221626409e-16
explicit_feedback_n8_T32_s9401100,explicit_feedback,8,32,9401100,144,8,1152,pivoted_qr_repeated_basis,1e-12,1360,1.1805555555555556,9.444444444444445,True,6.130000110715628e-05,snapshot only,4.02093155268479e-16,4.440892098500626e-16
explicit_feedback_n8_T32_s9401100,explicit_feedback,8,32,9401100,144,8,1152,supported_group_factors,1e-12,1184,1.0277777777777777,8.222222222222221,True,0.0008111000061035156,snapshot only,0.0,0.0
explicit_feedback_n8_T32_s9401100,explicit_feedback,8,32,9401100,144,8,1152,owner_block_factors,1e-12,1240,1.0763888888888888,8.61111111111111,True,0.001698700012639165,snapshot only,0.0,0.0
explicit_feedback_n8_T32_s9401100,explicit_feedback,8,32,9401100,144,8,1152,kronecker_shared_input_basis,1e-12,1184,1.0277777777777777,8.222222222222221,True,0.0008418000070378184,snapshot only,0.0,0.0
explicit_feedback_n8_T32_s9401100,explicit_feedback,8,32,9401100,144,8,1152,immediate_support_exact_slice_plus_svd_residual,1e-12,1968,1.7083333333333333,13.666666666666666,True,0.00010740000288933516,snapshot only,1.3074005589748646e-16,1.1102230246251565e-16
explicit_feedback_n8_T32_s9401100,explicit_feedback,8,32,9401100,144,8,1152,local_eligibility_plus_svd_residual,1e-12,1968,1.7083333333333333,13.666666666666666,True,9.980006143450737e-05,snapshot only,1.4613618856572206e-16,1.249000902703301e-16
explicit_feedback_n8_T32_s9401101,explicit_feedback,8,32,9401101,144,8,1152,full_matrix,1e-08,1152,1.0,8.0,True,7.00005330145359e-07,online baseline,0.0,0.0
explicit_feedback_n8_T32_s9401101,explicit_feedback,8,32,9401101,144,8,1152,coordinate_sparse,1e-08,2304,2.0,16.0,True,0.0001137999352067709,snapshot only,0.0,0.0
explicit_feedback_n8_T32_s9401101,explicit_feedback,8,32,9401101,144,8,1152,block_sparse_triangular,1e-08,1304,1.1319444444444444,9.055555555555555,True,1.9099912606179714e-05,known closed online block recurrence,0.0,0.0
explicit_feedback_n8_T32_s9401101,explicit_feedback,8,32,9401101,144,8,1152,global_svd,1e-08,1216,1.0555555555555556,8.444444444444445,True,0.00013539998326450586,snapshot only,8.87295536055153e-16,8.881784197001252e-16
explicit_feedback_n8_T32_s9401101,explicit_feedback,8,32,9401101,144,8,1152,pivoted_qr_repeated_basis,1e-08,1360,1.1805555555555556,9.444444444444445,True,7.82000133767724e-05,snapshot only,3.835411853079753e-16,5.551115123125783e-16
explicit_feedback_n8_T32_s9401101,explicit_feedback,8,32,9401101,144,8,1152,supported_group_factors,1e-08,1184,1.0277777777777777,8.222222222222221,True,0.000858199899084866,snapshot only,0.0,0.0
explicit_feedback_n8_T32_s9401101,explicit_feedback,8,32,9401101,144,8,1152,owner_block_factors,1e-08,1240,1.0763888888888888,8.61111111111111,True,0.001510899979621172,snapshot only,0.0,0.0
explicit_feedback_n8_T32_s9401101,explicit_feedback,8,32,9401101,144,8,1152,kronecker_shared_input_basis,1e-08,1184,1.0277777777777777,8.222222222222221,True,0.000803499948233366,snapshot only,0.0,0.0
explicit_feedback_n8_T32_s9401101,explicit_feedback,8,32,9401101,144,8,1152,immediate_support_exact_slice_plus_svd_residual,1e-08,1968,1.7083333333333333,13.666666666666666,True,9.870005305856466e-05,snapshot only,1.6482914264055577e-16,2.1510571102112408e-16
explicit_feedback_n8_T32_s9401101,explicit_feedback,8,32,9401101,144,8,1152,local_eligibility_plus_svd_residual,1e-08,1968,1.7083333333333333,13.666666666666666,True,8.979998528957367e-05,snapshot only,1.3051254070230172e-16,1.3877787807814457e-16
explicit_feedback_n8_T32_s9401101,explicit_feedback,8,32,9401101,144,8,1152,global_svd,1e-10,1216,1.0555555555555556,8.444444444444445,True,7.840001489967108e-05,snapshot only,8.87295536055153e-16,8.881784197001252e-16
explicit_feedback_n8_T32_s9401101,explicit_feedback,8,32,9401101,144,8,1152,pivoted_qr_repeated_basis,1e-10,1360,1.1805555555555556,9.444444444444445,True,5.619996227324009e-05,snapshot only,3.835411853079753e-16,5.551115123125783e-16
explicit_feedback_n8_T32_s9401101,explicit_feedback,8,32,9401101,144,8,1152,supported_group_factors,1e-10,1184,1.0277777777777777,8.222222222222221,True,0.0008196999551728368,snapshot only,0.0,0.0
explicit_feedback_n8_T32_s9401101,explicit_feedback,8,32,9401101,144,8,1152,owner_block_factors,1e-10,1240,1.0763888888888888,8.61111111111111,True,0.0015471000224351883,snapshot only,0.0,0.0
explicit_feedback_n8_T32_s9401101,explicit_feedback,8,32,9401101,144,8,1152,kronecker_shared_input_basis,1e-10,1184,1.0277777777777777,8.222222222222221,True,0.0007784999907016754,snapshot only,0.0,0.0
explicit_feedback_n8_T32_s9401101,explicit_feedback,8,32,9401101,144,8,1152,immediate_support_exact_slice_plus_svd_residual,1e-10,1968,1.7083333333333333,13.666666666666666,True,9.440002031624317e-05,snapshot only,1.6482914264055577e-16,2.1510571102112408e-16
explicit_feedback_n8_T32_s9401101,explicit_feedback,8,32,9401101,144,8,1152,local_eligibility_plus_svd_residual,1e-10,1968,1.7083333333333333,13.666666666666666,True,8.929998148232698e-05,snapshot only,1.3051254070230172e-16,1.3877787807814457e-16
explicit_feedback_n8_T32_s9401101,explicit_feedback,8,32,9401101,144,8,1152,global_svd,1e-12,1216,1.0555555555555556,8.444444444444445,True,7.810001261532307e-05,snapshot only,8.87295536055153e-16,8.881784197001252e-16
explicit_feedback_n8_T32_s9401101,explicit_feedback,8,32,9401101,144,8,1152,pivoted_qr_repeated_basis,1e-12,1360,1.1805555555555556,9.444444444444445,True,5.2999937906861305e-05,snapshot only,3.835411853079753e-16,5.551115123125783e-16
explicit_feedback_n8_T32_s9401101,explicit_feedback,8,32,9401101,144,8,1152,supported_group_factors,1e-12,1184,1.0277777777777777,8.222222222222221,True,0.0008159999269992113,snapshot only,0.0,0.0
explicit_feedback_n8_T32_s9401101,explicit_feedback,8,32,9401101,144,8,1152,owner_block_factors,1e-12,1240,1.0763888888888888,8.61111111111111,True,0.001514500007033348,snapshot only,0.0,0.0
explicit_feedback_n8_T32_s9401101,explicit_feedback,8,32,9401101,144,8,1152,kronecker_shared_input_basis,1e-12,1184,1.0277777777777777,8.222222222222221,True,0.0007957000052556396,snapshot only,0.0,0.0
explicit_feedback_n8_T32_s9401101,explicit_feedback,8,32,9401101,144,8,1152,immediate_support_exact_slice_plus_svd_residual,1e-12,1968,1.7083333333333333,13.666666666666666,True,9.400001727044582e-05,snapshot only,1.6482914264055577e-16,2.1510571102112408e-16
explicit_feedback_n8_T32_s9401101,explicit_feedback,8,32,9401101,144,8,1152,local_eligibility_plus_svd_residual,1e-12,1968,1.7083333333333333,13.666666666666666,True,9.019998833537102e-05,snapshot only,1.3051254070230172e-16,1.3877787807814457e-16
explicit_feedback_n8_T32_s9401102,explicit_feedback,8,32,9401102,144,8,1152,full_matrix,1e-08,1152,1.0,8.0,True,7.00005330145359e-07,online baseline,0.0,0.0
explicit_feedback_n8_T32_s9401102,explicit_feedback,8,32,9401102,144,8,1152,coordinate_sparse,1e-08,2304,2.0,16.0,True,1.580000389367342e-05,snapshot only,0.0,0.0
explicit_feedback_n8_T32_s9401102,explicit_feedback,8,32,9401102,144,8,1152,block_sparse_triangular,1e-08,1304,1.1319444444444444,9.055555555555555,True,1.580000389367342e-05,known closed online block recurrence,0.0,0.0
explicit_feedback_n8_T32_s9401102,explicit_feedback,8,32,9401102,144,8,1152,global_svd,1e-08,1216,1.0555555555555556,8.444444444444445,True,0.00010689999908208847,snapshot only,1.0148244800857787e-15,8.951173136040325e-16
explicit_feedback_n8_T32_s9401102,explicit_feedback,8,32,9401102,144,8,1152,pivoted_qr_repeated_basis,1e-08,1360,1.1805555555555556,9.444444444444445,True,6.250001024454832e-05,snapshot only,2.7770579108608175e-16,2.949029909160572e-16
explicit_feedback_n8_T32_s9401102,explicit_feedback,8,32,9401102,144,8,1152,supported_group_factors,1e-08,1184,1.0277777777777777,8.222222222222221,True,0.0008227000944316387,snapshot only,0.0,0.0
explicit_feedback_n8_T32_s9401102,explicit_feedback,8,32,9401102,144,8,1152,owner_block_factors,1e-08,1240,1.0763888888888888,8.61111111111111,True,0.0017826000694185495,snapshot only,0.0,0.0
explicit_feedback_n8_T32_s9401102,explicit_feedback,8,32,9401102,144,8,1152,kronecker_shared_input_basis,1e-08,1184,1.0277777777777777,8.222222222222221,True,0.0008111000061035156,snapshot only,0.0,0.0
explicit_feedback_n8_T32_s9401102,explicit_feedback,8,32,9401102,144,8,1152,immediate_support_exact_slice_plus_svd_residual,1e-08,1968,1.7083333333333333,13.666666666666666,True,0.000121300108730793,snapshot only,1.375961455535955e-16,1.1102230246251565e-16
explicit_feedback_n8_T32_s9401102,explicit_feedback,8,32,9401102,144,8,1152,local_eligibility_plus_svd_residual,1e-08,1968,1.7083333333333333,13.666666666666666,True,0.00010009994730353355,snapshot only,5.429541784451075e-16,7.164407955784213e-16
explicit_feedback_n8_T32_s9401102,explicit_feedback,8,32,9401102,144,8,1152,global_svd,1e-10,1216,1.0555555555555556,8.444444444444445,True,8.140003774315119e-05,snapshot only,1.0148244800857787e-15,8.951173136040325e-16
explicit_feedback_n8_T32_s9401102,explicit_feedback,8,32,9401102,144,8,1152,pivoted_qr_repeated_basis,1e-10,1360,1.1805555555555556,9.444444444444445,True,6.150000263005495e-05,snapshot only,2.7770579108608175e-16,2.949029909160572e-16
explicit_feedback_n8_T32_s9401102,explicit_feedback,8,32,9401102,144,8,1152,supported_group_factors,1e-10,1184,1.0277777777777777,8.222222222222221,True,0.0008336000610142946,snapshot only,0.0,0.0
explicit_feedback_n8_T32_s9401102,explicit_feedback,8,32,9401102,144,8,1152,owner_block_factors,1e-10,1240,1.0763888888888888,8.61111111111111,True,0.0015259999781847,snapshot only,0.0,0.0
explicit_feedback_n8_T32_s9401102,explicit_feedback,8,32,9401102,144,8,1152,kronecker_shared_input_basis,1e-10,1184,1.0277777777777777,8.222222222222221,True,0.0007863000500947237,snapshot only,0.0,0.0
explicit_feedback_n8_T32_s9401102,explicit_feedback,8,32,9401102,144,8,1152,immediate_support_exact_slice_plus_svd_residual,1e-10,1968,1.7083333333333333,13.666666666666666,True,9.460002183914185e-05,snapshot only,1.375961455535955e-16,1.1102230246251565e-16
explicit_feedback_n8_T32_s9401102,explicit_feedback,8,32,9401102,144,8,1152,local_eligibility_plus_svd_residual,1e-10,1968,1.7083333333333333,13.666666666666666,True,9.350001346319914e-05,snapshot only,5.429541784451075e-16,7.164407955784213e-16
explicit_feedback_n8_T32_s9401102,explicit_feedback,8,32,9401102,144,8,1152,global_svd,1e-12,1216,1.0555555555555556,8.444444444444445,True,7.750000804662704e-05,snapshot only,1.0148244800857787e-15,8.951173136040325e-16
explicit_feedback_n8_T32_s9401102,explicit_feedback,8,32,9401102,144,8,1152,pivoted_qr_repeated_basis,1e-12,1360,1.1805555555555556,9.444444444444445,True,5.249993409961462e-05,snapshot only,2.7770579108608175e-16,2.949029909160572e-16
explicit_feedback_n8_T32_s9401102,explicit_feedback,8,32,9401102,144,8,1152,supported_group_factors,1e-12,1184,1.0277777777777777,8.222222222222221,True,0.0008138000266626477,snapshot only,0.0,0.0
explicit_feedback_n8_T32_s9401102,explicit_feedback,8,32,9401102,144,8,1152,owner_block_factors,1e-12,1240,1.0763888888888888,8.61111111111111,True,0.0014964999863877892,snapshot only,0.0,0.0
explicit_feedback_n8_T32_s9401102,explicit_feedback,8,32,9401102,144,8,1152,kronecker_shared_input_basis,1e-12,1184,1.0277777777777777,8.222222222222221,True,0.0007876999443396926,snapshot only,0.0,0.0
explicit_feedback_n8_T32_s9401102,explicit_feedback,8,32,9401102,144,8,1152,immediate_support_exact_slice_plus_svd_residual,1e-12,1968,1.7083333333333333,13.666666666666666,True,9.34000127017498e-05,snapshot only,1.375961455535955e-16,1.1102230246251565e-16
explicit_feedback_n8_T32_s9401102,explicit_feedback,8,32,9401102,144,8,1152,local_eligibility_plus_svd_residual,1e-12,1968,1.7083333333333333,13.666666666666666,True,9.14999982342124e-05,snapshot only,5.429541784451075e-16,7.164407955784213e-16
explicit_feedback_n8_T32_s9401103,explicit_feedback,8,32,9401103,144,8,1152,full_matrix,1e-08,1152,1.0,8.0,True,7.00005330145359e-07,online baseline,0.0,0.0
explicit_feedback_n8_T32_s9401103,explicit_feedback,8,32,9401103,144,8,1152,coordinate_sparse,1e-08,2304,2.0,16.0,True,1.7200014553964138e-05,snapshot only,0.0,0.0
explicit_feedback_n8_T32_s9401103,explicit_feedback,8,32,9401103,144,8,1152,block_sparse_triangular,1e-08,1304,1.1319444444444444,9.055555555555555,True,1.650000922381878e-05,known closed online block recurrence,0.0,0.0
explicit_feedback_n8_T32_s9401103,explicit_feedback,8,32,9401103,144,8,1152,global_svd,1e-08,1216,1.0555555555555556,8.444444444444445,True,0.0001102999085560441,snapshot only,3.29501643461359e-15,2.7183116868556567e-15
explicit_feedback_n8_T32_s9401103,explicit_feedback,8,32,9401103,144,8,1152,pivoted_qr_repeated_basis,1e-08,1360,1.1805555555555556,9.444444444444445,True,6.530003156512976e-05,snapshot only,3.0581969630120364e-16,3.3306690738754696e-16
explicit_feedback_n8_T32_s9401103,explicit_feedback,8,32,9401103,144,8,1152,supported_group_factors,1e-08,1184,1.0277777777777777,8.222222222222221,True,0.0008273000130429864,snapshot only,0.0,0.0
explicit_feedback_n8_T32_s9401103,explicit_feedback,8,32,9401103,144,8,1152,owner_block_factors,1e-08,1240,1.0763888888888888,8.61111111111111,True,0.0015242999652400613,snapshot only,0.0,0.0
explicit_feedback_n8_T32_s9401103,explicit_feedback,8,32,9401103,144,8,1152,kronecker_shared_input_basis,1e-08,1184,1.0277777777777777,8.222222222222221,True,0.0009632000001147389,snapshot only,0.0,0.0
explicit_feedback_n8_T32_s9401103,explicit_feedback,8,32,9401103,144,8,1152,immediate_support_exact_slice_plus_svd_residual,1e-08,1968,1.7083333333333333,13.666666666666666,True,0.00026620004791766405,snapshot only,1.369362420395057e-16,1.1102230246251565e-16
explicit_feedback_n8_T32_s9401103,explicit_feedback,8,32,9401103,144,8,1152,local_eligibility_plus_svd_residual,1e-08,1968,1.7083333333333333,13.666666666666666,True,0.00012010009959340096,snapshot only,6.584143283055569e-16,6.869504964868156e-16
explicit_feedback_n8_T32_s9401103,explicit_feedback,8,32,9401103,144,8,1152,global_svd,1e-10,1216,1.0555555555555556,8.444444444444445,True,8.359993807971478e-05,snapshot only,3.29501643461359e-15,2.7183116868556567e-15
explicit_feedback_n8_T32_s9401103,explicit_feedback,8,32,9401103,144,8,1152,pivoted_qr_repeated_basis,1e-10,1360,1.1805555555555556,9.444444444444445,True,6.3000014051795e-05,snapshot only,3.0581969630120364e-16,3.3306690738754696e-16
explicit_feedback_n8_T32_s9401103,explicit_feedback,8,32,9401103,144,8,1152,supported_group_factors,1e-10,1184,1.0277777777777777,8.222222222222221,True,0.0009660000214353204,snapshot only,0.0,0.0
explicit_feedback_n8_T32_s9401103,explicit_feedback,8,32,9401103,144,8,1152,owner_block_factors,1e-10,1240,1.0763888888888888,8.61111111111111,True,0.0015435999957844615,snapshot only,0.0,0.0
explicit_feedback_n8_T32_s9401103,explicit_feedback,8,32,9401103,144,8,1152,kronecker_shared_input_basis,1e-10,1184,1.0277777777777777,8.222222222222221,True,0.0007923999801278114,snapshot only,0.0,0.0
explicit_feedback_n8_T32_s9401103,explicit_feedback,8,32,9401103,144,8,1152,immediate_support_exact_slice_plus_svd_residual,1e-10,1968,1.7083333333333333,13.666666666666666,True,9.400001727044582e-05,snapshot only,1.369362420395057e-16,1.1102230246251565e-16
explicit_feedback_n8_T32_s9401103,explicit_feedback,8,32,9401103,144,8,1152,local_eligibility_plus_svd_residual,1e-10,1968,1.7083333333333333,13.666666666666666,True,8.969998452812433e-05,snapshot only,6.584143283055569e-16,6.869504964868156e-16
explicit_feedback_n8_T32_s9401103,explicit_feedback,8,32,9401103,144,8,1152,global_svd,1e-12,1216,1.0555555555555556,8.444444444444445,True,7.830001413822174e-05,snapshot only,3.29501643461359e-15,2.7183116868556567e-15
explicit_feedback_n8_T32_s9401103,explicit_feedback,8,32,9401103,144,8,1152,pivoted_qr_repeated_basis,1e-12,1360,1.1805555555555556,9.444444444444445,True,5.340005736798048e-05,snapshot only,3.0581969630120364e-16,3.3306690738754696e-16
explicit_feedback_n8_T32_s9401103,explicit_feedback,8,32,9401103,144,8,1152,supported_group_factors,1e-12,1184,1.0277777777777777,8.222222222222221,True,0.0007961000083014369,snapshot only,0.0,0.0
explicit_feedback_n8_T32_s9401103,explicit_feedback,8,32,9401103,144,8,1152,owner_block_factors,1e-12,1240,1.0763888888888888,8.61111111111111,True,0.0014986000023782253,snapshot only,0.0,0.0
explicit_feedback_n8_T32_s9401103,explicit_feedback,8,32,9401103,144,8,1152,kronecker_shared_input_basis,1e-12,1184,1.0277777777777777,8.222222222222221,True,0.0007959000067785382,snapshot only,0.0,0.0
explicit_feedback_n8_T32_s9401103,explicit_feedback,8,32,9401103,144,8,1152,immediate_support_exact_slice_plus_svd_residual,1e-12,1968,1.7083333333333333,13.666666666666666,True,9.320001117885113e-05,snapshot only,1.369362420395057e-16,1.1102230246251565e-16
explicit_feedback_n8_T32_s9401103,explicit_feedback,8,32,9401103,144,8,1152,local_eligibility_plus_svd_residual,1e-12,1968,1.7083333333333333,13.666666666666666,True,9.089999366551638e-05,snapshot only,6.584143283055569e-16,6.869504964868156e-16
explicit_feedback_n8_T32_s9401104,explicit_feedback,8,32,9401104,144,8,1152,full_matrix,1e-08,1152,1.0,8.0,True,7.00005330145359e-07,online baseline,0.0,0.0
explicit_feedback_n8_T32_s9401104,explicit_feedback,8,32,9401104,144,8,1152,coordinate_sparse,1e-08,2304,2.0,16.0,True,1.6200006939470768e-05,snapshot only,0.0,0.0
explicit_feedback_n8_T32_s9401104,explicit_feedback,8,32,9401104,144,8,1152,block_sparse_triangular,1e-08,1304,1.1319444444444444,9.055555555555555,True,1.580000389367342e-05,known closed online block recurrence,0.0,0.0
explicit_feedback_n8_T32_s9401104,explicit_feedback,8,32,9401104,144,8,1152,global_svd,1e-08,1216,1.0555555555555556,8.444444444444445,True,0.00010489998385310173,snapshot only,1.6818812373636109e-15,1.6167622796103842e-15
explicit_feedback_n8_T32_s9401104,explicit_feedback,8,32,9401104,144,8,1152,pivoted_qr_repeated_basis,1e-08,1360,1.1805555555555556,9.444444444444445,True,6.200000643730164e-05,snapshot only,3.2921602986426e-16,4.662069341687669e-16
explicit_feedback_n8_T32_s9401104,explicit_feedback,8,32,9401104,144,8,1152,supported_group_factors,1e-08,1184,1.0277777777777777,8.222222222222221,True,0.000824799994006753,snapshot only,0.0,0.0
explicit_feedback_n8_T32_s9401104,explicit_feedback,8,32,9401104,144,8,1152,owner_block_factors,1e-08,1240,1.0763888888888888,8.61111111111111,True,0.0015018999110907316,snapshot only,0.0,0.0
explicit_feedback_n8_T32_s9401104,explicit_feedback,8,32,9401104,144,8,1152,kronecker_shared_input_basis,1e-08,1184,1.0277777777777777,8.222222222222221,True,0.0008001000387594104,snapshot only,0.0,0.0
explicit_feedback_n8_T32_s9401104,explicit_feedback,8,32,9401104,144,8,1152,immediate_support_exact_slice_plus_svd_residual,1e-08,1968,1.7083333333333333,13.666666666666666,True,9.220000356435776e-05,snapshot only,1.4088389807050075e-16,1.8041124150158794e-16
explicit_feedback_n8_T32_s9401104,explicit_feedback,8,32,9401104,144,8,1152,local_eligibility_plus_svd_residual,1e-08,1968,1.7083333333333333,13.666666666666666,True,9.039998985826969e-05,snapshot only,1.3559875245333674e-16,1.1796119636642288e-16
explicit_feedback_n8_T32_s9401104,explicit_feedback,8,32,9401104,144,8,1152,global_svd,1e-10,1216,1.0555555555555556,8.444444444444445,True,7.609999738633633e-05,snapshot only,1.6818812373636109e-15,1.6167622796103842e-15
explicit_feedback_n8_T32_s9401104,explicit_feedback,8,32,9401104,144,8,1152,pivoted_qr_repeated_basis,1e-10,1360,1.1805555555555556,9.444444444444445,True,5.509995389729738e-05,snapshot only,3.2921602986426e-16,4.662069341687669e-16
explicit_feedback_n8_T32_s9401104,explicit_feedback,8,32,9401104,144,8,1152,supported_group_factors,1e-10,1184,1.0277777777777777,8.222222222222221,True,0.0007965000113472342,snapshot only,0.0,0.0
explicit_feedback_n8_T32_s9401104,explicit_feedback,8,32,9401104,144,8,1152,owner_block_factors,1e-10,1240,1.0763888888888888,8.61111111111111,True,0.0015060999430716038,snapshot only,0.0,0.0
explicit_feedback_n8_T32_s9401104,explicit_feedback,8,32,9401104,144,8,1152,kronecker_shared_input_basis,1e-10,1184,1.0277777777777777,8.222222222222221,True,0.0007744000758975744,snapshot only,0.0,0.0
explicit_feedback_n8_T32_s9401104,explicit_feedback,8,32,9401104,144,8,1152,immediate_support_exact_slice_plus_svd_residual,1e-10,1968,1.7083333333333333,13.666666666666666,True,9.489990770816803e-05,snapshot only,1.4088389807050075e-16,1.8041124150158794e-16
explicit_feedback_n8_T32_s9401104,explicit_feedback,8,32,9401104,144,8,1152,local_eligibility_plus_svd_residual,1e-10,1968,1.7083333333333333,13.666666666666666,True,9.26000066101551e-05,snapshot only,1.3559875245333674e-16,1.1796119636642288e-16
explicit_feedback_n8_T32_s9401104,explicit_feedback,8,32,9401104,144,8,1152,global_svd,1e-12,1216,1.0555555555555556,8.444444444444445,True,7.6299998909235e-05,snapshot only,1.6818812373636109e-15,1.6167622796103842e-15
explicit_feedback_n8_T32_s9401104,explicit_feedback,8,32,9401104,144,8,1152,pivoted_qr_repeated_basis,1e-12,1360,1.1805555555555556,9.444444444444445,True,5.280005279928446e-05,snapshot only,3.2921602986426e-16,4.662069341687669e-16
explicit_feedback_n8_T32_s9401104,explicit_feedback,8,32,9401104,144,8,1152,supported_group_factors,1e-12,1184,1.0277777777777777,8.222222222222221,True,0.0009117000736296177,snapshot only,0.0,0.0
explicit_feedback_n8_T32_s9401104,explicit_feedback,8,32,9401104,144,8,1152,owner_block_factors,1e-12,1240,1.0763888888888888,8.61111111111111,True,0.0015352999325841665,snapshot only,0.0,0.0
explicit_feedback_n8_T32_s9401104,explicit_feedback,8,32,9401104,144,8,1152,kronecker_shared_input_basis,1e-12,1184,1.0277777777777777,8.222222222222221,True,0.000806800089776516,snapshot only,0.0,0.0
explicit_feedback_n8_T32_s9401104,explicit_feedback,8,32,9401104,144,8,1152,immediate_support_exact_slice_plus_svd_residual,1e-12,1968,1.7083333333333333,13.666666666666666,True,9.680003859102726e-05,snapshot only,1.4088389807050075e-16,1.8041124150158794e-16
explicit_feedback_n8_T32_s9401104,explicit_feedback,8,32,9401104,144,8,1152,local_eligibility_plus_svd_residual,1e-12,1968,1.7083333333333333,13.666666666666666,True,9.440002031624317e-05,snapshot only,1.3559875245333674e-16,1.1796119636642288e-16
explicit_feedback_n8_T128_s9401100,explicit_feedback,8,128,9401100,144,8,1152,full_matrix,1e-08,1152,1.0,8.0,True,6.00004568696022e-07,online baseline,0.0,0.0
explicit_feedback_n8_T128_s9401100,explicit_feedback,8,128,9401100,144,8,1152,coordinate_sparse,1e-08,2304,2.0,16.0,True,1.6600009985268116e-05,snapshot only,0.0,0.0
explicit_feedback_n8_T128_s9401100,explicit_feedback,8,128,9401100,144,8,1152,block_sparse_triangular,1e-08,1304,1.1319444444444444,9.055555555555555,True,1.6099889762699604e-05,known closed online block recurrence,0.0,0.0
explicit_feedback_n8_T128_s9401100,explicit_feedback,8,128,9401100,144,8,1152,global_svd,1e-08,1216,1.0555555555555556,8.444444444444445,True,0.00010599999222904444,snapshot only,1.23885319231914e-15,1.4432899320127035e-15
explicit_feedback_n8_T128_s9401100,explicit_feedback,8,128,9401100,144,8,1152,pivoted_qr_repeated_basis,1e-08,1360,1.1805555555555556,9.444444444444445,True,6.46000262349844e-05,snapshot only,4.074331115049253e-16,4.440892098500626e-16
explicit_feedback_n8_T128_s9401100,explicit_feedback,8,128,9401100,144,8,1152,supported_group_factors,1e-08,1184,1.0277777777777777,8.222222222222221,True,0.0011847000569105148,snapshot only,0.0,0.0
explicit_feedback_n8_T128_s9401100,explicit_feedback,8,128,9401100,144,8,1152,owner_block_factors,1e-08,1240,1.0763888888888888,8.61111111111111,True,0.0017828999552875757,snapshot only,0.0,0.0
explicit_feedback_n8_T128_s9401100,explicit_feedback,8,128,9401100,144,8,1152,kronecker_shared_input_basis,1e-08,1176,1.0208333333333333,8.166666666666666,True,0.0009934999980032444,snapshot only,4.361300154138288e-09,2.7554528901629904e-09
explicit_feedback_n8_T128_s9401100,explicit_feedback,8,128,9401100,144,8,1152,immediate_support_exact_slice_plus_svd_residual,1e-08,1968,1.7083333333333333,13.666666666666666,True,9.66999214142561e-05,snapshot only,1.4551025905683536e-16,1.3877787807814457e-16
explicit_feedback_n8_T128_s9401100,explicit_feedback,8,128,9401100,144,8,1152,local_eligibility_plus_svd_residual,1e-08,1968,1.7083333333333333,13.666666666666666,True,8.979998528957367e-05,snapshot only,1.3794568443818033e-16,1.3183898417423734e-16
explicit_feedback_n8_T128_s9401100,explicit_feedback,8,128,9401100,144,8,1152,global_svd,1e-10,1216,1.0555555555555556,8.444444444444445,True,7.840001489967108e-05,snapshot only,1.23885319231914e-15,1.4432899320127035e-15
explicit_feedback_n8_T128_s9401100,explicit_feedback,8,128,9401100,144,8,1152,pivoted_qr_repeated_basis,1e-10,1360,1.1805555555555556,9.444444444444445,True,6.120000034570694e-05,snapshot only,4.074331115049253e-16,4.440892098500626e-16
explicit_feedback_n8_T128_s9401100,explicit_feedback,8,128,9401100,144,8,1152,supported_group_factors,1e-10,1184,1.0277777777777777,8.222222222222221,True,0.0009374000364914536,snapshot only,0.0,0.0
explicit_feedback_n8_T128_s9401100,explicit_feedback,8,128,9401100,144,8,1152,owner_block_factors,1e-10,1240,1.0763888888888888,8.61111111111111,True,0.0015248000854626298,snapshot only,0.0,0.0
explicit_feedback_n8_T128_s9401100,explicit_feedback,8,128,9401100,144,8,1152,kronecker_shared_input_basis,1e-10,1184,1.0277777777777777,8.222222222222221,True,0.0007836000295355916,snapshot only,0.0,0.0
explicit_feedback_n8_T128_s9401100,explicit_feedback,8,128,9401100,144,8,1152,immediate_support_exact_slice_plus_svd_residual,1e-10,1968,1.7083333333333333,13.666666666666666,True,9.559991303831339e-05,snapshot only,1.4551025905683536e-16,1.3877787807814457e-16
explicit_feedback_n8_T128_s9401100,explicit_feedback,8,128,9401100,144,8,1152,local_eligibility_plus_svd_residual,1e-10,1968,1.7083333333333333,13.666666666666666,True,9.089999366551638e-05,snapshot only,1.3794568443818033e-16,1.3183898417423734e-16
explicit_feedback_n8_T128_s9401100,explicit_feedback,8,128,9401100,144,8,1152,global_svd,1e-12,1216,1.0555555555555556,8.444444444444445,True,7.639999967068434e-05,snapshot only,1.23885319231914e-15,1.4432899320127035e-15
explicit_feedback_n8_T128_s9401100,explicit_feedback,8,128,9401100,144,8,1152,pivoted_qr_repeated_basis,1e-12,1360,1.1805555555555556,9.444444444444445,True,5.509995389729738e-05,snapshot only,4.074331115049253e-16,4.440892098500626e-16
explicit_feedback_n8_T128_s9401100,explicit_feedback,8,128,9401100,144,8,1152,supported_group_factors,1e-12,1184,1.0277777777777777,8.222222222222221,True,0.0008093999931588769,snapshot only,0.0,0.0
explicit_feedback_n8_T128_s9401100,explicit_feedback,8,128,9401100,144,8,1152,owner_block_factors,1e-12,1240,1.0763888888888888,8.61111111111111,True,0.0015165000222623348,snapshot only,0.0,0.0
explicit_feedback_n8_T128_s9401100,explicit_feedback,8,128,9401100,144,8,1152,kronecker_shared_input_basis,1e-12,1184,1.0277777777777777,8.222222222222221,True,0.0007811000104993582,snapshot only,0.0,0.0
explicit_feedback_n8_T128_s9401100,explicit_feedback,8,128,9401100,144,8,1152,immediate_support_exact_slice_plus_svd_residual,1e-12,1968,1.7083333333333333,13.666666666666666,True,9.50000248849392e-05,snapshot only,1.4551025905683536e-16,1.3877787807814457e-16
explicit_feedback_n8_T128_s9401100,explicit_feedback,8,128,9401100,144,8,1152,local_eligibility_plus_svd_residual,1e-12,1968,1.7083333333333333,13.666666666666666,True,8.90000956133008e-05,snapshot only,1.3794568443818033e-16,1.3183898417423734e-16
explicit_feedback_n8_T128_s9401101,explicit_feedback,8,128,9401101,144,8,1152,full_matrix,1e-08,1152,1.0,8.0,True,6.00004568696022e-07,online baseline,0.0,0.0
explicit_feedback_n8_T128_s9401101,explicit_feedback,8,128,9401101,144,8,1152,coordinate_sparse,1e-08,2304,2.0,16.0,True,1.859990879893303e-05,snapshot only,0.0,0.0
explicit_feedback_n8_T128_s9401101,explicit_feedback,8,128,9401101,144,8,1152,block_sparse_triangular,1e-08,1304,1.1319444444444444,9.055555555555555,True,1.5900004655122757e-05,known closed online block recurrence,0.0,0.0
explicit_feedback_n8_T128_s9401101,explicit_feedback,8,128,9401101,144,8,1152,global_svd,1e-08,1216,1.0555555555555556,8.444444444444445,True,0.00011040002573281527,snapshot only,1.2072220279316516e-15,8.881784197001252e-16
explicit_feedback_n8_T128_s9401101,explicit_feedback,8,128,9401101,144,8,1152,pivoted_qr_repeated_basis,1e-08,1360,1.1805555555555556,9.444444444444445,True,6.610003765672445e-05,snapshot only,2.148635353148969e-16,2.706168622523819e-16
explicit_feedback_n8_T128_s9401101,explicit_feedback,8,128,9401101,144,8,1152,supported_group_factors,1e-08,1184,1.0277777777777777,8.222222222222221,True,0.0011000999948009849,snapshot only,0.0,0.0
explicit_feedback_n8_T128_s9401101,explicit_feedback,8,128,9401101,144,8,1152,owner_block_factors,1e-08,1240,1.0763888888888888,8.61111111111111,True,0.0017691999673843384,snapshot only,0.0,0.0
explicit_feedback_n8_T128_s9401101,explicit_feedback,8,128,9401101,144,8,1152,kronecker_shared_input_basis,1e-08,1184,1.0277777777777777,8.222222222222221,True,0.001025900011882186,snapshot only,0.0,0.0
explicit_feedback_n8_T128_s9401101,explicit_feedback,8,128,9401101,144,8,1152,immediate_support_exact_slice_plus_svd_residual,1e-08,1968,1.7083333333333333,13.666666666666666,True,0.00010029994882643223,snapshot only,2.29787498371121e-16,3.0531133177191805e-16
explicit_feedback_n8_T128_s9401101,explicit_feedback,8,128,9401101,144,8,1152,local_eligibility_plus_svd_residual,1e-08,1968,1.7083333333333333,13.666666666666666,True,9.42000187933445e-05,snapshot only,2.561922317361418e-16,2.463307335887066e-16
explicit_feedback_n8_T128_s9401101,explicit_feedback,8,128,9401101,144,8,1152,global_svd,1e-10,1216,1.0555555555555556,8.444444444444445,True,7.680000271648169e-05,snapshot only,1.2072220279316516e-15,8.881784197001252e-16
explicit_feedback_n8_T128_s9401101,explicit_feedback,8,128,9401101,144,8,1152,pivoted_qr_repeated_basis,1e-10,1360,1.1805555555555556,9.444444444444445,True,5.9300102293491364e-05,snapshot only,2.148635353148969e-16,2.706168622523819e-16
explicit_feedback_n8_T128_s9401101,explicit_feedback,8,128,9401101,144,8,1152,supported_group_factors,1e-10,1184,1.0277777777777777,8.222222222222221,True,0.0010566000128164887,snapshot only,0.0,0.0
explicit_feedback_n8_T128_s9401101,explicit_feedback,8,128,9401101,144,8,1152,owner_block_factors,1e-10,1240,1.0763888888888888,8.61111111111111,True,0.00176470004953444,snapshot only,0.0,0.0
explicit_feedback_n8_T128_s9401101,explicit_feedback,8,128,9401101,144,8,1152,kronecker_shared_input_basis,1e-10,1184,1.0277777777777777,8.222222222222221,True,0.00105189997702837,snapshot only,0.0,0.0
explicit_feedback_n8_T128_s9401101,explicit_feedback,8,128,9401101,144,8,1152,immediate_support_exact_slice_plus_svd_residual,1e-10,1968,1.7083333333333333,13.666666666666666,True,9.590003173798323e-05,snapshot only,2.29787498371121e-16,3.0531133177191805e-16
explicit_feedback_n8_T128_s9401101,explicit_feedback,8,128,9401101,144,8,1152,local_eligibility_plus_svd_residual,1e-10,1968,1.7083333333333333,13.666666666666666,True,9.099999442696571e-05,snapshot only,2.561922317361418e-16,2.463307335887066e-16
explicit_feedback_n8_T128_s9401101,explicit_feedback,8,128,9401101,144,8,1152,global_svd,1e-12,1216,1.0555555555555556,8.444444444444445,True,7.680000271648169e-05,snapshot only,1.2072220279316516e-15,8.881784197001252e-16
explicit_feedback_n8_T128_s9401101,explicit_feedback,8,128,9401101,144,8,1152,pivoted_qr_repeated_basis,1e-12,1360,1.1805555555555556,9.444444444444445,True,5.6399963796138763e-05,snapshot only,2.148635353148969e-16,2.706168622523819e-16
explicit_feedback_n8_T128_s9401101,explicit_feedback,8,128,9401101,144,8,1152,supported_group_factors,1e-12,1184,1.0277777777777777,8.222222222222221,True,0.0010654000798240304,snapshot only,0.0,0.0
explicit_feedback_n8_T128_s9401101,explicit_feedback,8,128,9401101,144,8,1152,owner_block_factors,1e-12,1240,1.0763888888888888,8.61111111111111,True,0.0020883999532088637,snapshot only,0.0,0.0
explicit_feedback_n8_T128_s9401101,explicit_feedback,8,128,9401101,144,8,1152,kronecker_shared_input_basis,1e-12,1184,1.0277777777777777,8.222222222222221,True,0.0008450999157503247,snapshot only,0.0,0.0
explicit_feedback_n8_T128_s9401101,explicit_feedback,8,128,9401101,144,8,1152,immediate_support_exact_slice_plus_svd_residual,1e-12,1968,1.7083333333333333,13.666666666666666,True,0.00011449994053691626,snapshot only,2.29787498371121e-16,3.0531133177191805e-16
explicit_feedback_n8_T128_s9401101,explicit_feedback,8,128,9401101,144,8,1152,local_eligibility_plus_svd_residual,1e-12,1968,1.7083333333333333,13.666666666666666,True,9.730004239827394e-05,snapshot only,2.561922317361418e-16,2.463307335887066e-16
explicit_feedback_n8_T128_s9401102,explicit_feedback,8,128,9401102,144,8,1152,full_matrix,1e-08,1152,1.0,8.0,True,6.00004568696022e-07,online baseline,0.0,0.0
explicit_feedback_n8_T128_s9401102,explicit_feedback,8,128,9401102,144,8,1152,coordinate_sparse,1e-08,2304,2.0,16.0,True,1.6700010746717453e-05,snapshot only,0.0,0.0
explicit_feedback_n8_T128_s9401102,explicit_feedback,8,128,9401102,144,8,1152,block_sparse_triangular,1e-08,1304,1.1319444444444444,9.055555555555555,True,1.7000013031065464e-05,known closed online block recurrence,0.0,0.0
explicit_feedback_n8_T128_s9401102,explicit_feedback,8,128,9401102,144,8,1152,global_svd,1e-08,1216,1.0555555555555556,8.444444444444445,True,0.00011389993596822023,snapshot only,1.1934760325474856e-15,8.881784197001252e-16
explicit_feedback_n8_T128_s9401102,explicit_feedback,8,128,9401102,144,8,1152,pivoted_qr_repeated_basis,1e-08,1360,1.1805555555555556,9.444444444444445,True,6.389990448951721e-05,snapshot only,4.2806205288813403e-16,5.551115123125783e-16
explicit_feedback_n8_T128_s9401102,explicit_feedback,8,128,9401102,144,8,1152,supported_group_factors,1e-08,1184,1.0277777777777777,8.222222222222221,True,0.0008303000358864665,snapshot only,0.0,0.0
explicit_feedback_n8_T128_s9401102,explicit_feedback,8,128,9401102,144,8,1152,owner_block_factors,1e-08,1240,1.0763888888888888,8.61111111111111,True,0.0015198999317362905,snapshot only,0.0,0.0
explicit_feedback_n8_T128_s9401102,explicit_feedback,8,128,9401102,144,8,1152,kronecker_shared_input_basis,1e-08,1184,1.0277777777777777,8.222222222222221,True,0.0008069999748840928,snapshot only,0.0,0.0
explicit_feedback_n8_T128_s9401102,explicit_feedback,8,128,9401102,144,8,1152,immediate_support_exact_slice_plus_svd_residual,1e-08,1968,1.7083333333333333,13.666666666666666,True,9.540002793073654e-05,snapshot only,1.5098178783820934e-16,1.457167719820518e-16
explicit_feedback_n8_T128_s9401102,explicit_feedback,8,128,9401102,144,8,1152,local_eligibility_plus_svd_residual,1e-08,1968,1.7083333333333333,13.666666666666666,True,9.410001803189516e-05,snapshot only,1.6344424535487302e-16,1.3877787807814457e-16
explicit_feedback_n8_T128_s9401102,explicit_feedback,8,128,9401102,144,8,1152,global_svd,1e-10,1216,1.0555555555555556,8.444444444444445,True,7.670000195503235e-05,snapshot only,1.1934760325474856e-15,8.881784197001252e-16
explicit_feedback_n8_T128_s9401102,explicit_feedback,8,128,9401102,144,8,1152,pivoted_qr_repeated_basis,1e-10,1360,1.1805555555555556,9.444444444444445,True,5.600007716566324e-05,snapshot only,4.2806205288813403e-16,5.551115123125783e-16
explicit_feedback_n8_T128_s9401102,explicit_feedback,8,128,9401102,144,8,1152,supported_group_factors,1e-10,1184,1.0277777777777777,8.222222222222221,True,0.0007959000067785382,snapshot only,0.0,0.0
explicit_feedback_n8_T128_s9401102,explicit_feedback,8,128,9401102,144,8,1152,owner_block_factors,1e-10,1240,1.0763888888888888,8.61111111111111,True,0.0014939999673515558,snapshot only,0.0,0.0
explicit_feedback_n8_T128_s9401102,explicit_feedback,8,128,9401102,144,8,1152,kronecker_shared_input_basis,1e-10,1184,1.0277777777777777,8.222222222222221,True,0.0012836999958381057,snapshot only,0.0,0.0
explicit_feedback_n8_T128_s9401102,explicit_feedback,8,128,9401102,144,8,1152,immediate_support_exact_slice_plus_svd_residual,1e-10,1968,1.7083333333333333,13.666666666666666,True,9.899993892759085e-05,snapshot only,1.5098178783820934e-16,1.457167719820518e-16
explicit_feedback_n8_T128_s9401102,explicit_feedback,8,128,9401102,144,8,1152,local_eligibility_plus_svd_residual,1e-10,1968,1.7083333333333333,13.666666666666666,True,0.00018209998961538076,snapshot only,1.6344424535487302e-16,1.3877787807814457e-16
explicit_feedback_n8_T128_s9401102,explicit_feedback,8,128,9401102,144,8,1152,global_svd,1e-12,1216,1.0555555555555556,8.444444444444445,True,9.650003630667925e-05,snapshot only,1.1934760325474856e-15,8.881784197001252e-16
explicit_feedback_n8_T128_s9401102,explicit_feedback,8,128,9401102,144,8,1152,pivoted_qr_repeated_basis,1e-12,1360,1.1805555555555556,9.444444444444445,True,7.189996540546417e-05,snapshot only,4.2806205288813403e-16,5.551115123125783e-16
explicit_feedback_n8_T128_s9401102,explicit_feedback,8,128,9401102,144,8,1152,supported_group_factors,1e-12,1184,1.0277777777777777,8.222222222222221,True,0.000965000013820827,snapshot only,0.0,0.0
explicit_feedback_n8_T128_s9401102,explicit_feedback,8,128,9401102,144,8,1152,owner_block_factors,1e-12,1240,1.0763888888888888,8.61111111111111,True,0.0017387999687343836,snapshot only,0.0,0.0
explicit_feedback_n8_T128_s9401102,explicit_feedback,8,128,9401102,144,8,1152,kronecker_shared_input_basis,1e-12,1184,1.0277777777777777,8.222222222222221,True,0.00093220011331141,snapshot only,0.0,0.0
explicit_feedback_n8_T128_s9401102,explicit_feedback,8,128,9401102,144,8,1152,immediate_support_exact_slice_plus_svd_residual,1e-12,1968,1.7083333333333333,13.666666666666666,True,0.00010469998233020306,snapshot only,1.5098178783820934e-16,1.457167719820518e-16
explicit_feedback_n8_T128_s9401102,explicit_feedback,8,128,9401102,144,8,1152,local_eligibility_plus_svd_residual,1e-12,1968,1.7083333333333333,13.666666666666666,True,9.42000187933445e-05,snapshot only,1.6344424535487302e-16,1.3877787807814457e-16
explicit_feedback_n8_T128_s9401103,explicit_feedback,8,128,9401103,144,8,1152,full_matrix,1e-08,1152,1.0,8.0,True,6.00004568696022e-07,online baseline,0.0,0.0
explicit_feedback_n8_T128_s9401103,explicit_feedback,8,128,9401103,144,8,1152,coordinate_sparse,1e-08,2304,2.0,16.0,True,1.71000137925148e-05,snapshot only,0.0,0.0
explicit_feedback_n8_T128_s9401103,explicit_feedback,8,128,9401103,144,8,1152,block_sparse_triangular,1e-08,1304,1.1319444444444444,9.055555555555555,True,1.71000137925148e-05,known closed online block recurrence,0.0,0.0
explicit_feedback_n8_T128_s9401103,explicit_feedback,8,128,9401103,144,8,1152,global_svd,1e-08,1216,1.0555555555555556,8.444444444444445,True,0.0001167000737041235,snapshot only,1.2101338950995072e-15,9.992007221626409e-16
explicit_feedback_n8_T128_s9401103,explicit_feedback,8,128,9401103,144,8,1152,pivoted_qr_repeated_basis,1e-08,1360,1.1805555555555556,9.444444444444445,True,6.579991895705462e-05,snapshot only,2.769451392809047e-16,3.660266534311063e-16
explicit_feedback_n8_T128_s9401103,explicit_feedback,8,128,9401103,144,8,1152,supported_group_factors,1e-08,1184,1.0277777777777777,8.222222222222221,True,0.0008362999651581049,snapshot only,0.0,0.0
explicit_feedback_n8_T128_s9401103,explicit_feedback,8,128,9401103,144,8,1152,owner_block_factors,1e-08,1240,1.0763888888888888,8.61111111111111,True,0.0015233999583870173,snapshot only,0.0,0.0
explicit_feedback_n8_T128_s9401103,explicit_feedback,8,128,9401103,144,8,1152,kronecker_shared_input_basis,1e-08,1184,1.0277777777777777,8.222222222222221,True,0.0008911000331863761,snapshot only,0.0,0.0
explicit_feedback_n8_T128_s9401103,explicit_feedback,8,128,9401103,144,8,1152,immediate_support_exact_slice_plus_svd_residual,1e-08,1968,1.7083333333333333,13.666666666666666,True,9.929994121193886e-05,snapshot only,1.0257022176711848e-16,1.1102230246251565e-16
explicit_feedback_n8_T128_s9401103,explicit_feedback,8,128,9401103,144,8,1152,local_eligibility_plus_svd_residual,1e-08,1968,1.7083333333333333,13.666666666666666,True,9.139999747276306e-05,snapshot only,8.390355835581203e-17,8.326672684688674e-17
explicit_feedback_n8_T128_s9401103,explicit_feedback,8,128,9401103,144,8,1152,global_svd,1e-10,1216,1.0555555555555556,8.444444444444445,True,8.050003089010715e-05,snapshot only,1.2101338950995072e-15,9.992007221626409e-16
explicit_feedback_n8_T128_s9401103,explicit_feedback,8,128,9401103,144,8,1152,pivoted_qr_repeated_basis,1e-10,1360,1.1805555555555556,9.444444444444445,True,5.879998207092285e-05,snapshot only,2.769451392809047e-16,3.660266534311063e-16
explicit_feedback_n8_T128_s9401103,explicit_feedback,8,128,9401103,144,8,1152,supported_group_factors,1e-10,1184,1.0277777777777777,8.222222222222221,True,0.0008210999658331275,snapshot only,0.0,0.0
explicit_feedback_n8_T128_s9401103,explicit_feedback,8,128,9401103,144,8,1152,owner_block_factors,1e-10,1240,1.0763888888888888,8.61111111111111,True,0.0015427999896928668,snapshot only,0.0,0.0
explicit_feedback_n8_T128_s9401103,explicit_feedback,8,128,9401103,144,8,1152,kronecker_shared_input_basis,1e-10,1184,1.0277777777777777,8.222222222222221,True,0.0007782999891787767,snapshot only,0.0,0.0
explicit_feedback_n8_T128_s9401103,explicit_feedback,8,128,9401103,144,8,1152,immediate_support_exact_slice_plus_svd_residual,1e-10,1968,1.7083333333333333,13.666666666666666,True,9.740004315972328e-05,snapshot only,1.0257022176711848e-16,1.1102230246251565e-16
explicit_feedback_n8_T128_s9401103,explicit_feedback,8,128,9401103,144,8,1152,local_eligibility_plus_svd_residual,1e-10,1968,1.7083333333333333,13.666666666666666,True,0.00020199990831315517,snapshot only,8.390355835581203e-17,8.326672684688674e-17
explicit_feedback_n8_T128_s9401103,explicit_feedback,8,128,9401103,144,8,1152,global_svd,1e-12,1216,1.0555555555555556,8.444444444444445,True,0.0001458000624552369,snapshot only,1.2101338950995072e-15,9.992007221626409e-16
explicit_feedback_n8_T128_s9401103,explicit_feedback,8,128,9401103,144,8,1152,pivoted_qr_repeated_basis,1e-12,1360,1.1805555555555556,9.444444444444445,True,7.100007496774197e-05,snapshot only,2.769451392809047e-16,3.660266534311063e-16
explicit_feedback_n8_T128_s9401103,explicit_feedback,8,128,9401103,144,8,1152,supported_group_factors,1e-12,1184,1.0277777777777777,8.222222222222221,True,0.0008731000125408173,snapshot only,0.0,0.0
explicit_feedback_n8_T128_s9401103,explicit_feedback,8,128,9401103,144,8,1152,owner_block_factors,1e-12,1240,1.0763888888888888,8.61111111111111,True,0.0016983000095933676,snapshot only,0.0,0.0
explicit_feedback_n8_T128_s9401103,explicit_feedback,8,128,9401103,144,8,1152,kronecker_shared_input_basis,1e-12,1184,1.0277777777777777,8.222222222222221,True,0.0007998999208211899,snapshot only,0.0,0.0
explicit_feedback_n8_T128_s9401103,explicit_feedback,8,128,9401103,144,8,1152,immediate_support_exact_slice_plus_svd_residual,1e-12,1968,1.7083333333333333,13.666666666666666,True,9.470002260059118e-05,snapshot only,1.0257022176711848e-16,1.1102230246251565e-16
explicit_feedback_n8_T128_s9401103,explicit_feedback,8,128,9401103,144,8,1152,local_eligibility_plus_svd_residual,1e-12,1968,1.7083333333333333,13.666666666666666,True,8.999998681247234e-05,snapshot only,8.390355835581203e-17,8.326672684688674e-17
explicit_feedback_n8_T128_s9401104,explicit_feedback,8,128,9401104,144,8,1152,full_matrix,1e-08,1152,1.0,8.0,True,7.00005330145359e-07,online baseline,0.0,0.0
explicit_feedback_n8_T128_s9401104,explicit_feedback,8,128,9401104,144,8,1152,coordinate_sparse,1e-08,2304,2.0,16.0,True,1.610000617802143e-05,snapshot only,0.0,0.0
explicit_feedback_n8_T128_s9401104,explicit_feedback,8,128,9401104,144,8,1152,block_sparse_triangular,1e-08,1304,1.1319444444444444,9.055555555555555,True,1.580000389367342e-05,known closed online block recurrence,0.0,0.0
explicit_feedback_n8_T128_s9401104,explicit_feedback,8,128,9401104,144,8,1152,global_svd,1e-08,1216,1.0555555555555556,8.444444444444445,True,0.00010920001659542322,snapshot only,8.354504171836353e-16,6.071532165918825e-16
explicit_feedback_n8_T128_s9401104,explicit_feedback,8,128,9401104,144,8,1152,pivoted_qr_repeated_basis,1e-08,1360,1.1805555555555556,9.444444444444445,True,6.390002090483904e-05,snapshot only,2.7228528785325625e-16,4.440892098500626e-16
explicit_feedback_n8_T128_s9401104,explicit_feedback,8,128,9401104,144,8,1152,supported_group_factors,1e-08,1184,1.0277777777777777,8.222222222222221,True,0.0008711999980732799,snapshot only,0.0,0.0
explicit_feedback_n8_T128_s9401104,explicit_feedback,8,128,9401104,144,8,1152,owner_block_factors,1e-08,1240,1.0763888888888888,8.61111111111111,True,0.00154079997446388,snapshot only,0.0,0.0
explicit_feedback_n8_T128_s9401104,explicit_feedback,8,128,9401104,144,8,1152,kronecker_shared_input_basis,1e-08,1184,1.0277777777777777,8.222222222222221,True,0.0007919999770820141,snapshot only,0.0,0.0
explicit_feedback_n8_T128_s9401104,explicit_feedback,8,128,9401104,144,8,1152,immediate_support_exact_slice_plus_svd_residual,1e-08,1968,1.7083333333333333,13.666666666666666,True,9.23000043258071e-05,snapshot only,1.756745806592193e-16,1.8735013540549517e-16
explicit_feedback_n8_T128_s9401104,explicit_feedback,8,128,9401104,144,8,1152,local_eligibility_plus_svd_residual,1e-08,1968,1.7083333333333333,13.666666666666666,True,8.869997691363096e-05,snapshot only,1.5876324314154342e-16,1.3183898417423734e-16
explicit_feedback_n8_T128_s9401104,explicit_feedback,8,128,9401104,144,8,1152,global_svd,1e-10,1216,1.0555555555555556,8.444444444444445,True,7.589999586343765e-05,snapshot only,8.354504171836353e-16,6.071532165918825e-16
explicit_feedback_n8_T128_s9401104,explicit_feedback,8,128,9401104,144,8,1152,pivoted_qr_repeated_basis,1e-10,1360,1.1805555555555556,9.444444444444445,True,5.4299947805702686e-05,snapshot only,2.7228528785325625e-16,4.440892098500626e-16
explicit_feedback_n8_T128_s9401104,explicit_feedback,8,128,9401104,144,8,1152,supported_group_factors,1e-10,1184,1.0277777777777777,8.222222222222221,True,0.0012029999634250998,snapshot only,0.0,0.0
explicit_feedback_n8_T128_s9401104,explicit_feedback,8,128,9401104,144,8,1152,owner_block_factors,1e-10,1240,1.0763888888888888,8.61111111111111,True,0.0017664999468252063,snapshot only,0.0,0.0
explicit_feedback_n8_T128_s9401104,explicit_feedback,8,128,9401104,144,8,1152,kronecker_shared_input_basis,1e-10,1184,1.0277777777777777,8.222222222222221,True,0.0007937999907881021,snapshot only,0.0,0.0
explicit_feedback_n8_T128_s9401104,explicit_feedback,8,128,9401104,144,8,1152,immediate_support_exact_slice_plus_svd_residual,1e-10,1968,1.7083333333333333,13.666666666666666,True,9.550002869218588e-05,snapshot only,1.756745806592193e-16,1.8735013540549517e-16
explicit_feedback_n8_T128_s9401104,explicit_feedback,8,128,9401104,144,8,1152,local_eligibility_plus_svd_residual,1e-10,1968,1.7083333333333333,13.666666666666666,True,9.019998833537102e-05,snapshot only,1.5876324314154342e-16,1.3183898417423734e-16
explicit_feedback_n8_T128_s9401104,explicit_feedback,8,128,9401104,144,8,1152,global_svd,1e-12,1216,1.0555555555555556,8.444444444444445,True,7.650000043213367e-05,snapshot only,8.354504171836353e-16,6.071532165918825e-16
explicit_feedback_n8_T128_s9401104,explicit_feedback,8,128,9401104,144,8,1152,pivoted_qr_repeated_basis,1e-12,1360,1.1805555555555556,9.444444444444445,True,5.289993714541197e-05,snapshot only,2.7228528785325625e-16,4.440892098500626e-16
explicit_feedback_n8_T128_s9401104,explicit_feedback,8,128,9401104,144,8,1152,supported_group_factors,1e-12,1184,1.0277777777777777,8.222222222222221,True,0.000812100013718009,snapshot only,0.0,0.0
explicit_feedback_n8_T128_s9401104,explicit_feedback,8,128,9401104,144,8,1152,owner_block_factors,1e-12,1240,1.0763888888888888,8.61111111111111,True,0.0015036000404506922,snapshot only,0.0,0.0
explicit_feedback_n8_T128_s9401104,explicit_feedback,8,128,9401104,144,8,1152,kronecker_shared_input_basis,1e-12,1184,1.0277777777777777,8.222222222222221,True,0.0007960000075399876,snapshot only,0.0,0.0
explicit_feedback_n8_T128_s9401104,explicit_feedback,8,128,9401104,144,8,1152,immediate_support_exact_slice_plus_svd_residual,1e-12,1968,1.7083333333333333,13.666666666666666,True,9.330001194030046e-05,snapshot only,1.756745806592193e-16,1.8735013540549517e-16
explicit_feedback_n8_T128_s9401104,explicit_feedback,8,128,9401104,144,8,1152,local_eligibility_plus_svd_residual,1e-12,1968,1.7083333333333333,13.666666666666666,True,8.979998528957367e-05,snapshot only,1.5876324314154342e-16,1.3183898417423734e-16
explicit_feedback_n16_T32_s9401100,explicit_feedback,16,32,9401100,544,16,8704,full_matrix,1e-08,8704,1.0,16.0,True,7.00005330145359e-07,online baseline,0.0,0.0
explicit_feedback_n16_T32_s9401100,explicit_feedback,16,32,9401100,544,16,8704,coordinate_sparse,1e-08,17408,2.0,32.0,True,2.8399983420968056e-05,snapshot only,0.0,0.0
explicit_feedback_n16_T32_s9401100,explicit_feedback,16,32,9401100,544,16,8704,block_sparse_triangular,1e-08,9264,1.0643382352941178,17.029411764705884,True,3.3899908885359764e-05,known closed online block recurrence,0.0,0.0
explicit_feedback_n16_T32_s9401100,explicit_feedback,16,32,9401100,544,16,8704,global_svd,1e-08,8960,1.0294117647058822,16.470588235294116,True,0.00023650005459785461,snapshot only,1.361504915686986e-15,1.6653345369377348e-15
explicit_feedback_n16_T32_s9401100,explicit_feedback,16,32,9401100,544,16,8704,pivoted_qr_repeated_basis,1e-08,9504,1.0919117647058822,17.470588235294116,True,0.00011779996566474438,snapshot only,4.929114214417817e-16,6.661338147750939e-16
explicit_feedback_n16_T32_s9401100,explicit_feedback,16,32,9401100,544,16,8704,supported_group_factors,1e-08,8768,1.0073529411764706,16.11764705882353,True,0.002496599918231368,snapshot only,0.0,0.0
explicit_feedback_n16_T32_s9401100,explicit_feedback,16,32,9401100,544,16,8704,owner_block_factors,1e-08,9008,1.0349264705882353,16.558823529411764,True,0.0037609999999403954,snapshot only,0.0,0.0
explicit_feedback_n16_T32_s9401100,explicit_feedback,16,32,9401100,544,16,8704,kronecker_shared_input_basis,1e-08,7392,0.8492647058823529,13.588235294117647,True,0.0020613999804481864,snapshot only,1.1472644842667464e-09,4.828472222745406e-10
explicit_feedback_n16_T32_s9401100,explicit_feedback,16,32,9401100,544,16,8704,immediate_support_exact_slice_plus_svd_residual,1e-08,13920,1.599264705882353,25.58823529411765,True,0.0002405000850558281,snapshot only,4.37035670123595e-16,3.885780586188048e-16
explicit_feedback_n16_T32_s9401100,explicit_feedback,16,32,9401100,544,16,8704,local_eligibility_plus_svd_residual,1e-08,13920,1.599264705882353,25.58823529411765,True,0.00020540005061775446,snapshot only,3.7663856639900035e-16,5.390653201597928e-16
explicit_feedback_n16_T32_s9401100,explicit_feedback,16,32,9401100,544,16,8704,global_svd,1e-10,8960,1.0294117647058822,16.470588235294116,True,0.0001903000520542264,snapshot only,1.361504915686986e-15,1.6653345369377348e-15
explicit_feedback_n16_T32_s9401100,explicit_feedback,16,32,9401100,544,16,8704,pivoted_qr_repeated_basis,1e-10,9504,1.0919117647058822,17.470588235294116,True,0.00010820000898092985,snapshot only,4.929114214417817e-16,6.661338147750939e-16
explicit_feedback_n16_T32_s9401100,explicit_feedback,16,32,9401100,544,16,8704,supported_group_factors,1e-10,8768,1.0073529411764706,16.11764705882353,True,0.002091199974529445,snapshot only,0.0,0.0
explicit_feedback_n16_T32_s9401100,explicit_feedback,16,32,9401100,544,16,8704,owner_block_factors,1e-10,9008,1.0349264705882353,16.558823529411764,True,0.0043765000300481915,snapshot only,0.0,0.0
explicit_feedback_n16_T32_s9401100,explicit_feedback,16,32,9401100,544,16,8704,kronecker_shared_input_basis,1e-10,7936,0.9117647058823529,14.588235294117647,True,0.0020284000784158707,snapshot only,7.0999650936670245e-12,3.2807125072142895e-12
explicit_feedback_n16_T32_s9401100,explicit_feedback,16,32,9401100,544,16,8704,immediate_support_exact_slice_plus_svd_residual,1e-10,13920,1.599264705882353,25.58823529411765,True,0.00022060004994273186,snapshot only,4.37035670123595e-16,3.885780586188048e-16
explicit_feedback_n16_T32_s9401100,explicit_feedback,16,32,9401100,544,16,8704,local_eligibility_plus_svd_residual,1e-10,13920,1.599264705882353,25.58823529411765,True,0.00020949996542185545,snapshot only,3.7663856639900035e-16,5.390653201597928e-16
explicit_feedback_n16_T32_s9401100,explicit_feedback,16,32,9401100,544,16,8704,global_svd,1e-12,8960,1.0294117647058822,16.470588235294116,True,0.00019509997218847275,snapshot only,1.361504915686986e-15,1.6653345369377348e-15
explicit_feedback_n16_T32_s9401100,explicit_feedback,16,32,9401100,544,16,8704,pivoted_qr_repeated_basis,1e-12,9504,1.0919117647058822,17.470588235294116,True,0.00010790000669658184,snapshot only,4.929114214417817e-16,6.661338147750939e-16
explicit_feedback_n16_T32_s9401100,explicit_feedback,16,32,9401100,544,16,8704,supported_group_factors,1e-12,8768,1.0073529411764706,16.11764705882353,True,0.0020727000664919615,snapshot only,0.0,0.0
explicit_feedback_n16_T32_s9401100,explicit_feedback,16,32,9401100,544,16,8704,owner_block_factors,1e-12,9008,1.0349264705882353,16.558823529411764,True,0.004010300035588443,snapshot only,0.0,0.0
explicit_feedback_n16_T32_s9401100,explicit_feedback,16,32,9401100,544,16,8704,kronecker_shared_input_basis,1e-12,8480,0.9742647058823529,15.588235294117647,True,0.0022672999184578657,snapshot only,5.748063868446666e-14,3.087460842543521e-14
explicit_feedback_n16_T32_s9401100,explicit_feedback,16,32,9401100,544,16,8704,immediate_support_exact_slice_plus_svd_residual,1e-12,13920,1.599264705882353,25.58823529411765,True,0.00022209994494915009,snapshot only,4.37035670123595e-16,3.885780586188048e-16
explicit_feedback_n16_T32_s9401100,explicit_feedback,16,32,9401100,544,16,8704,local_eligibility_plus_svd_residual,1e-12,13920,1.599264705882353,25.58823529411765,True,0.00020100001711398363,snapshot only,3.7663856639900035e-16,5.390653201597928e-16
explicit_feedback_n16_T32_s9401101,explicit_feedback,16,32,9401101,544,16,8704,full_matrix,1e-08,8704,1.0,16.0,True,7.00005330145359e-07,online baseline,0.0,0.0
explicit_feedback_n16_T32_s9401101,explicit_feedback,16,32,9401101,544,16,8704,coordinate_sparse,1e-08,17408,2.0,32.0,True,3.029999788850546e-05,snapshot only,0.0,0.0
explicit_feedback_n16_T32_s9401101,explicit_feedback,16,32,9401101,544,16,8704,block_sparse_triangular,1e-08,9264,1.0643382352941178,17.029411764705884,True,3.260001540184021e-05,known closed online block recurrence,0.0,0.0
explicit_feedback_n16_T32_s9401101,explicit_feedback,16,32,9401101,544,16,8704,global_svd,1e-08,8960,1.0294117647058822,16.470588235294116,True,0.0002386999549344182,snapshot only,1.5303944531496384e-15,1.0373646386341306e-15
explicit_feedback_n16_T32_s9401101,explicit_feedback,16,32,9401101,544,16,8704,pivoted_qr_repeated_basis,1e-08,9504,1.0919117647058822,17.470588235294116,True,0.00012039998546242714,snapshot only,3.2574745790674815e-16,4.440892098500626e-16
explicit_feedback_n16_T32_s9401101,explicit_feedback,16,32,9401101,544,16,8704,supported_group_factors,1e-08,8768,1.0073529411764706,16.11764705882353,True,0.0021082001039758325,snapshot only,0.0,0.0
explicit_feedback_n16_T32_s9401101,explicit_feedback,16,32,9401101,544,16,8704,owner_block_factors,1e-08,9008,1.0349264705882353,16.558823529411764,True,0.003930900013074279,snapshot only,0.0,0.0
explicit_feedback_n16_T32_s9401101,explicit_feedback,16,32,9401101,544,16,8704,kronecker_shared_input_basis,1e-08,7392,0.8492647058823529,13.588235294117647,True,0.002201800001785159,snapshot only,1.1089971632068055e-09,5.572401646017355e-10
explicit_feedback_n16_T32_s9401101,explicit_feedback,16,32,9401101,544,16,8704,immediate_support_exact_slice_plus_svd_residual,1e-08,13920,1.599264705882353,25.58823529411765,True,0.00023959996178746223,snapshot only,1.618569429900244e-16,1.249000902703301e-16
explicit_feedback_n16_T32_s9401101,explicit_feedback,16,32,9401101,544,16,8704,local_eligibility_plus_svd_residual,1e-08,13920,1.599264705882353,25.58823529411765,True,0.00023830006830394268,snapshot only,1.9173096533509735e-16,1.8041124150158794e-16
explicit_feedback_n16_T32_s9401101,explicit_feedback,16,32,9401101,544,16,8704,global_svd,1e-10,8960,1.0294117647058822,16.470588235294116,True,0.00019839999731630087,snapshot only,1.5303944531496384e-15,1.0373646386341306e-15
explicit_feedback_n16_T32_s9401101,explicit_feedback,16,32,9401101,544,16,8704,pivoted_qr_repeated_basis,1e-10,9504,1.0919117647058822,17.470588235294116,True,0.00011229992378503084,snapshot only,3.2574745790674815e-16,4.440892098500626e-16
explicit_feedback_n16_T32_s9401101,explicit_feedback,16,32,9401101,544,16,8704,supported_group_factors,1e-10,8768,1.0073529411764706,16.11764705882353,True,0.00208170001860708,snapshot only,0.0,0.0
explicit_feedback_n16_T32_s9401101,explicit_feedback,16,32,9401101,544,16,8704,owner_block_factors,1e-10,9008,1.0349264705882353,16.558823529411764,True,0.0038667001063004136,snapshot only,0.0,0.0
explicit_feedback_n16_T32_s9401101,explicit_feedback,16,32,9401101,544,16,8704,kronecker_shared_input_basis,1e-10,7936,0.9117647058823529,14.588235294117647,True,0.002049700007773936,snapshot only,1.231828569291639e-11,7.61399320328704e-12
explicit_feedback_n16_T32_s9401101,explicit_feedback,16,32,9401101,544,16,8704,immediate_support_exact_slice_plus_svd_residual,1e-10,13920,1.599264705882353,25.58823529411765,True,0.00022629997693002224,snapshot only,1.618569429900244e-16,1.249000902703301e-16
explicit_feedback_n16_T32_s9401101,explicit_feedback,16,32,9401101,544,16,8704,local_eligibility_plus_svd_residual,1e-10,13920,1.599264705882353,25.58823529411765,True,0.00020290003158152103,snapshot only,1.9173096533509735e-16,1.8041124150158794e-16
explicit_feedback_n16_T32_s9401101,explicit_feedback,16,32,9401101,544,16,8704,global_svd,1e-12,8960,1.0294117647058822,16.470588235294116,True,0.00019249995239078999,snapshot only,1.5303944531496384e-15,1.0373646386341306e-15
explicit_feedback_n16_T32_s9401101,explicit_feedback,16,32,9401101,544,16,8704,pivoted_qr_repeated_basis,1e-12,9504,1.0919117647058822,17.470588235294116,True,0.00011140003334730864,snapshot only,3.2574745790674815e-16,4.440892098500626e-16
explicit_feedback_n16_T32_s9401101,explicit_feedback,16,32,9401101,544,16,8704,supported_group_factors,1e-12,8768,1.0073529411764706,16.11764705882353,True,0.0024563000770285726,snapshot only,0.0,0.0
explicit_feedback_n16_T32_s9401101,explicit_feedback,16,32,9401101,544,16,8704,owner_block_factors,1e-12,9008,1.0349264705882353,16.558823529411764,True,0.004322099965065718,snapshot only,0.0,0.0
explicit_feedback_n16_T32_s9401101,explicit_feedback,16,32,9401101,544,16,8704,kronecker_shared_input_basis,1e-12,8480,0.9742647058823529,15.588235294117647,True,0.0020483999978750944,snapshot only,1.0083010852285714e-13,5.940668963699824e-14
explicit_feedback_n16_T32_s9401101,explicit_feedback,16,32,9401101,544,16,8704,immediate_support_exact_slice_plus_svd_residual,1e-12,13920,1.599264705882353,25.58823529411765,True,0.0002128999913111329,snapshot only,1.618569429900244e-16,1.249000902703301e-16
explicit_feedback_n16_T32_s9401101,explicit_feedback,16,32,9401101,544,16,8704,local_eligibility_plus_svd_residual,1e-12,13920,1.599264705882353,25.58823529411765,True,0.0002036000369116664,snapshot only,1.9173096533509735e-16,1.8041124150158794e-16
explicit_feedback_n16_T32_s9401102,explicit_feedback,16,32,9401102,544,16,8704,full_matrix,1e-08,8704,1.0,16.0,True,6.998889148235321e-07,online baseline,0.0,0.0
explicit_feedback_n16_T32_s9401102,explicit_feedback,16,32,9401102,544,16,8704,coordinate_sparse,1e-08,17408,2.0,32.0,True,2.989999484270811e-05,snapshot only,0.0,0.0
explicit_feedback_n16_T32_s9401102,explicit_feedback,16,32,9401102,544,16,8704,block_sparse_triangular,1e-08,9264,1.0643382352941178,17.029411764705884,True,3.359990660101175e-05,known closed online block recurrence,0.0,0.0
explicit_feedback_n16_T32_s9401102,explicit_feedback,16,32,9401102,544,16,8704,global_svd,1e-08,8960,1.0294117647058822,16.470588235294116,True,0.00022229994647204876,snapshot only,1.20231121250043e-15,9.992007221626409e-16
explicit_feedback_n16_T32_s9401102,explicit_feedback,16,32,9401102,544,16,8704,pivoted_qr_repeated_basis,1e-08,9504,1.0919117647058822,17.470588235294116,True,0.00012250000145286322,snapshot only,3.7153312573019236e-16,4.440892098500626e-16
explicit_feedback_n16_T32_s9401102,explicit_feedback,16,32,9401102,544,16,8704,supported_group_factors,1e-08,8768,1.0073529411764706,16.11764705882353,True,0.0020946000004187226,snapshot only,0.0,0.0
explicit_feedback_n16_T32_s9401102,explicit_feedback,16,32,9401102,544,16,8704,owner_block_factors,1e-08,9008,1.0349264705882353,16.558823529411764,True,0.0040222000097855926,snapshot only,0.0,0.0
explicit_feedback_n16_T32_s9401102,explicit_feedback,16,32,9401102,544,16,8704,kronecker_shared_input_basis,1e-08,7120,0.8180147058823529,13.088235294117647,True,0.002117200056090951,snapshot only,2.708143563517703e-09,9.848491397401737e-10
explicit_feedback_n16_T32_s9401102,explicit_feedback,16,32,9401102,544,16,8704,immediate_support_exact_slice_plus_svd_residual,1e-08,13920,1.599264705882353,25.58823529411765,True,0.00021630001720041037,snapshot only,1.9296713165177187e-16,1.457167719820518e-16
explicit_feedback_n16_T32_s9401102,explicit_feedback,16,32,9401102,544,16,8704,local_eligibility_plus_svd_residual,1e-08,13920,1.599264705882353,25.58823529411765,True,0.00020759995095431805,snapshot only,1.9156123797763238e-16,1.3877787807814457e-16
explicit_feedback_n16_T32_s9401102,explicit_feedback,16,32,9401102,544,16,8704,global_svd,1e-10,8960,1.0294117647058822,16.470588235294116,True,0.0001943999668583274,snapshot only,1.20231121250043e-15,9.992007221626409e-16
explicit_feedback_n16_T32_s9401102,explicit_feedback,16,32,9401102,544,16,8704,pivoted_qr_repeated_basis,1e-10,9504,1.0919117647058822,17.470588235294116,True,0.00011699995957314968,snapshot only,3.7153312573019236e-16,4.440892098500626e-16
explicit_feedback_n16_T32_s9401102,explicit_feedback,16,32,9401102,544,16,8704,supported_group_factors,1e-10,8768,1.0073529411764706,16.11764705882353,True,0.0021341999527066946,snapshot only,0.0,0.0
explicit_feedback_n16_T32_s9401102,explicit_feedback,16,32,9401102,544,16,8704,owner_block_factors,1e-10,9008,1.0349264705882353,16.558823529411764,True,0.0039100999711081386,snapshot only,0.0,0.0
explicit_feedback_n16_T32_s9401102,explicit_feedback,16,32,9401102,544,16,8704,kronecker_shared_input_basis,1e-10,7936,0.9117647058823529,14.588235294117647,True,0.0024127999786287546,snapshot only,3.644554057000856e-12,1.864229446811236e-12
explicit_feedback_n16_T32_s9401102,explicit_feedback,16,32,9401102,544,16,8704,immediate_support_exact_slice_plus_svd_residual,1e-10,13920,1.599264705882353,25.58823529411765,True,0.00020810007117688656,snapshot only,1.9296713165177187e-16,1.457167719820518e-16
explicit_feedback_n16_T32_s9401102,explicit_feedback,16,32,9401102,544,16,8704,local_eligibility_plus_svd_residual,1e-10,13920,1.599264705882353,25.58823529411765,True,0.00021119997836649418,snapshot only,1.9156123797763238e-16,1.3877787807814457e-16
explicit_feedback_n16_T32_s9401102,explicit_feedback,16,32,9401102,544,16,8704,global_svd,1e-12,8960,1.0294117647058822,16.470588235294116,True,0.000202300027012825,snapshot only,1.20231121250043e-15,9.992007221626409e-16
explicit_feedback_n16_T32_s9401102,explicit_feedback,16,32,9401102,544,16,8704,pivoted_qr_repeated_basis,1e-12,9504,1.0919117647058822,17.470588235294116,True,0.00011180003639310598,snapshot only,3.7153312573019236e-16,4.440892098500626e-16
explicit_feedback_n16_T32_s9401102,explicit_feedback,16,32,9401102,544,16,8704,supported_group_factors,1e-12,8768,1.0073529411764706,16.11764705882353,True,0.0020688000367954373,snapshot only,0.0,0.0
explicit_feedback_n16_T32_s9401102,explicit_feedback,16,32,9401102,544,16,8704,owner_block_factors,1e-12,9008,1.0349264705882353,16.558823529411764,True,0.0040293000638484955,snapshot only,0.0,0.0
explicit_feedback_n16_T32_s9401102,explicit_feedback,16,32,9401102,544,16,8704,kronecker_shared_input_basis,1e-12,8208,0.9430147058823529,15.088235294117647,True,0.002032899996265769,snapshot only,2.8929308965851947e-13,1.6714207058329822e-13
explicit_feedback_n16_T32_s9401102,explicit_feedback,16,32,9401102,544,16,8704,immediate_support_exact_slice_plus_svd_residual,1e-12,13920,1.599264705882353,25.58823529411765,True,0.0002055000513792038,snapshot only,1.9296713165177187e-16,1.457167719820518e-16
explicit_feedback_n16_T32_s9401102,explicit_feedback,16,32,9401102,544,16,8704,local_eligibility_plus_svd_residual,1e-12,13920,1.599264705882353,25.58823529411765,True,0.00031319994013756514,snapshot only,1.9156123797763238e-16,1.3877787807814457e-16
explicit_feedback_n16_T32_s9401103,explicit_feedback,16,32,9401103,544,16,8704,full_matrix,1e-08,8704,1.0,16.0,True,9.00006853044033e-07,online baseline,0.0,0.0
explicit_feedback_n16_T32_s9401103,explicit_feedback,16,32,9401103,544,16,8704,coordinate_sparse,1e-08,17408,2.0,32.0,True,3.530003596097231e-05,snapshot only,0.0,0.0
explicit_feedback_n16_T32_s9401103,explicit_feedback,16,32,9401103,544,16,8704,block_sparse_triangular,1e-08,9264,1.0643382352941178,17.029411764705884,True,3.5100034438073635e-05,known closed online block recurrence,0.0,0.0
explicit_feedback_n16_T32_s9401103,explicit_feedback,16,32,9401103,544,16,8704,global_svd,1e-08,8960,1.0294117647058822,16.470588235294116,True,0.00030319998040795326,snapshot only,1.4142596714973742e-15,1.5543122344752192e-15
explicit_feedback_n16_T32_s9401103,explicit_feedback,16,32,9401103,544,16,8704,pivoted_qr_repeated_basis,1e-08,9504,1.0919117647058822,17.470588235294116,True,0.00013289996422827244,snapshot only,5.058028660393283e-16,5.689893001203927e-16
explicit_feedback_n16_T32_s9401103,explicit_feedback,16,32,9401103,544,16,8704,supported_group_factors,1e-08,8768,1.0073529411764706,16.11764705882353,True,0.002303000073879957,snapshot only,0.0,0.0
explicit_feedback_n16_T32_s9401103,explicit_feedback,16,32,9401103,544,16,8704,owner_block_factors,1e-08,9008,1.0349264705882353,16.558823529411764,True,0.003792200004681945,snapshot only,0.0,0.0
explicit_feedback_n16_T32_s9401103,explicit_feedback,16,32,9401103,544,16,8704,kronecker_shared_input_basis,1e-08,7120,0.8180147058823529,13.088235294117647,True,0.002090900088660419,snapshot only,4.130591096396322e-09,1.8995370285393443e-09
explicit_feedback_n16_T32_s9401103,explicit_feedback,16,32,9401103,544,16,8704,immediate_support_exact_slice_plus_svd_residual,1e-08,13920,1.599264705882353,25.58823529411765,True,0.0002272999845445156,snapshot only,2.828743078743368e-16,2.3592239273284576e-16
explicit_feedback_n16_T32_s9401103,explicit_feedback,16,32,9401103,544,16,8704,local_eligibility_plus_svd_residual,1e-08,13920,1.599264705882353,25.58823529411765,True,0.00038920005317777395,snapshot only,3.12288491069112e-16,3.625572064791527e-16
explicit_feedback_n16_T32_s9401103,explicit_feedback,16,32,9401103,544,16,8704,global_svd,1e-10,8960,1.0294117647058822,16.470588235294116,True,0.0002617000136524439,snapshot only,1.4142596714973742e-15,1.5543122344752192e-15
explicit_feedback_n16_T32_s9401103,explicit_feedback,16,32,9401103,544,16,8704,pivoted_qr_repeated_basis,1e-10,9504,1.0919117647058822,17.470588235294116,True,0.00015029998030513525,snapshot only,5.058028660393283e-16,5.689893001203927e-16
explicit_feedback_n16_T32_s9401103,explicit_feedback,16,32,9401103,544,16,8704,supported_group_factors,1e-10,8768,1.0073529411764706,16.11764705882353,True,0.0022342000156641006,snapshot only,0.0,0.0
explicit_feedback_n16_T32_s9401103,explicit_feedback,16,32,9401103,544,16,8704,owner_block_factors,1e-10,9008,1.0349264705882353,16.558823529411764,True,0.003951200051233172,snapshot only,0.0,0.0
explicit_feedback_n16_T32_s9401103,explicit_feedback,16,32,9401103,544,16,8704,kronecker_shared_input_basis,1e-10,7664,0.8805147058823529,14.088235294117647,True,0.002027499955147505,snapshot only,3.846885903384742e-11,2.2559355425388894e-11
explicit_feedback_n16_T32_s9401103,explicit_feedback,16,32,9401103,544,16,8704,immediate_support_exact_slice_plus_svd_residual,1e-10,13920,1.599264705882353,25.58823529411765,True,0.00022579997312277555,snapshot only,2.828743078743368e-16,2.3592239273284576e-16
explicit_feedback_n16_T32_s9401103,explicit_feedback,16,32,9401103,544,16,8704,local_eligibility_plus_svd_residual,1e-10,13920,1.599264705882353,25.58823529411765,True,0.00020290003158152103,snapshot only,3.12288491069112e-16,3.625572064791527e-16
explicit_feedback_n16_T32_s9401103,explicit_feedback,16,32,9401103,544,16,8704,global_svd,1e-12,8960,1.0294117647058822,16.470588235294116,True,0.00018700002692639828,snapshot only,1.4142596714973742e-15,1.5543122344752192e-15
explicit_feedback_n16_T32_s9401103,explicit_feedback,16,32,9401103,544,16,8704,pivoted_qr_repeated_basis,1e-12,9504,1.0919117647058822,17.470588235294116,True,0.00010900001507252455,snapshot only,5.058028660393283e-16,5.689893001203927e-16
explicit_feedback_n16_T32_s9401103,explicit_feedback,16,32,9401103,544,16,8704,supported_group_factors,1e-12,8768,1.0073529411764706,16.11764705882353,True,0.0020864999387413263,snapshot only,0.0,0.0
explicit_feedback_n16_T32_s9401103,explicit_feedback,16,32,9401103,544,16,8704,owner_block_factors,1e-12,9008,1.0349264705882353,16.558823529411764,True,0.00480490003246814,snapshot only,0.0,0.0
explicit_feedback_n16_T32_s9401103,explicit_feedback,16,32,9401103,544,16,8704,kronecker_shared_input_basis,1e-12,8208,0.9430147058823529,15.088235294117647,True,0.0020750999683514237,snapshot only,4.725941621770183e-13,3.0347816273867956e-13
explicit_feedback_n16_T32_s9401103,explicit_feedback,16,32,9401103,544,16,8704,immediate_support_exact_slice_plus_svd_residual,1e-12,13920,1.599264705882353,25.58823529411765,True,0.0002308000111952424,snapshot only,2.828743078743368e-16,2.3592239273284576e-16
explicit_feedback_n16_T32_s9401103,explicit_feedback,16,32,9401103,544,16,8704,local_eligibility_plus_svd_residual,1e-12,13920,1.599264705882353,25.58823529411765,True,0.0002191999228671193,snapshot only,3.12288491069112e-16,3.625572064791527e-16
explicit_feedback_n16_T32_s9401104,explicit_feedback,16,32,9401104,544,16,8704,full_matrix,1e-08,8704,1.0,16.0,True,7.00005330145359e-07,online baseline,0.0,0.0
explicit_feedback_n16_T32_s9401104,explicit_feedback,16,32,9401104,544,16,8704,coordinate_sparse,1e-08,17408,2.0,32.0,True,2.8699985705316067e-05,snapshot only,0.0,0.0
explicit_feedback_n16_T32_s9401104,explicit_feedback,16,32,9401104,544,16,8704,block_sparse_triangular,1e-08,9264,1.0643382352941178,17.029411764705884,True,3.4100026823580265e-05,known closed online block recurrence,0.0,0.0
explicit_feedback_n16_T32_s9401104,explicit_feedback,16,32,9401104,544,16,8704,global_svd,1e-08,8960,1.0294117647058822,16.470588235294116,True,0.00023140001576393843,snapshot only,2.4404775148743264e-15,1.887379141862766e-15
explicit_feedback_n16_T32_s9401104,explicit_feedback,16,32,9401104,544,16,8704,pivoted_qr_repeated_basis,1e-08,9504,1.0919117647058822,17.470588235294116,True,0.00012360000982880592,snapshot only,5.526661372807294e-16,8.187894806610529e-16
explicit_feedback_n16_T32_s9401104,explicit_feedback,16,32,9401104,544,16,8704,supported_group_factors,1e-08,8768,1.0073529411764706,16.11764705882353,True,0.0021220999769866467,snapshot only,0.0,0.0
explicit_feedback_n16_T32_s9401104,explicit_feedback,16,32,9401104,544,16,8704,owner_block_factors,1e-08,9008,1.0349264705882353,16.558823529411764,True,0.003778299898840487,snapshot only,0.0,0.0
explicit_feedback_n16_T32_s9401104,explicit_feedback,16,32,9401104,544,16,8704,kronecker_shared_input_basis,1e-08,7120,0.8180147058823529,13.088235294117647,True,0.0020491000032052398,snapshot only,6.202604295171057e-09,2.638348777297961e-09
explicit_feedback_n16_T32_s9401104,explicit_feedback,16,32,9401104,544,16,8704,immediate_support_exact_slice_plus_svd_residual,1e-08,13920,1.599264705882353,25.58823529411765,True,0.00020450004376471043,snapshot only,2.286209007540338e-16,2.0469737016526324e-16
explicit_feedback_n16_T32_s9401104,explicit_feedback,16,32,9401104,544,16,8704,local_eligibility_plus_svd_residual,1e-08,13920,1.599264705882353,25.58823529411765,True,0.00022510008420795202,snapshot only,2.603574435264158e-16,2.3592239273284576e-16
explicit_feedback_n16_T32_s9401104,explicit_feedback,16,32,9401104,544,16,8704,global_svd,1e-10,8960,1.0294117647058822,16.470588235294116,True,0.00018999993335455656,snapshot only,2.4404775148743264e-15,1.887379141862766e-15
explicit_feedback_n16_T32_s9401104,explicit_feedback,16,32,9401104,544,16,8704,pivoted_qr_repeated_basis,1e-10,9504,1.0919117647058822,17.470588235294116,True,0.00010960001964122057,snapshot only,5.526661372807294e-16,8.187894806610529e-16
explicit_feedback_n16_T32_s9401104,explicit_feedback,16,32,9401104,544,16,8704,supported_group_factors,1e-10,8768,1.0073529411764706,16.11764705882353,True,0.0023946999572217464,snapshot only,0.0,0.0
explicit_feedback_n16_T32_s9401104,explicit_feedback,16,32,9401104,544,16,8704,owner_block_factors,1e-10,9008,1.0349264705882353,16.558823529411764,True,0.004201800096780062,snapshot only,0.0,0.0
explicit_feedback_n16_T32_s9401104,explicit_feedback,16,32,9401104,544,16,8704,kronecker_shared_input_basis,1e-10,7936,0.9117647058823529,14.588235294117647,True,0.002125200000591576,snapshot only,5.646939065341948e-12,4.5315140528856546e-12
explicit_feedback_n16_T32_s9401104,explicit_feedback,16,32,9401104,544,16,8704,immediate_support_exact_slice_plus_svd_residual,1e-10,13920,1.599264705882353,25.58823529411765,True,0.00022289995104074478,snapshot only,2.286209007540338e-16,2.0469737016526324e-16
explicit_feedback_n16_T32_s9401104,explicit_feedback,16,32,9401104,544,16,8704,local_eligibility_plus_svd_residual,1e-10,13920,1.599264705882353,25.58823529411765,True,0.00019729998894035816,snapshot only,2.603574435264158e-16,2.3592239273284576e-16
explicit_feedback_n16_T32_s9401104,explicit_feedback,16,32,9401104,544,16,8704,global_svd,1e-12,8960,1.0294117647058822,16.470588235294116,True,0.0001898000482469797,snapshot only,2.4404775148743264e-15,1.887379141862766e-15
explicit_feedback_n16_T32_s9401104,explicit_feedback,16,32,9401104,544,16,8704,pivoted_qr_repeated_basis,1e-12,9504,1.0919117647058822,17.470588235294116,True,0.00010870001278817654,snapshot only,5.526661372807294e-16,8.187894806610529e-16
explicit_feedback_n16_T32_s9401104,explicit_feedback,16,32,9401104,544,16,8704,supported_group_factors,1e-12,8768,1.0073529411764706,16.11764705882353,True,0.0020938999950885773,snapshot only,0.0,0.0
explicit_feedback_n16_T32_s9401104,explicit_feedback,16,32,9401104,544,16,8704,owner_block_factors,1e-12,9008,1.0349264705882353,16.558823529411764,True,0.004275099956430495,snapshot only,0.0,0.0
explicit_feedback_n16_T32_s9401104,explicit_feedback,16,32,9401104,544,16,8704,kronecker_shared_input_basis,1e-12,8208,0.9430147058823529,15.088235294117647,True,0.0020710999378934503,snapshot only,2.337250780386409e-13,1.2385925618474403e-13
explicit_feedback_n16_T32_s9401104,explicit_feedback,16,32,9401104,544,16,8704,immediate_support_exact_slice_plus_svd_residual,1e-12,13920,1.599264705882353,25.58823529411765,True,0.00020910007879137993,snapshot only,2.286209007540338e-16,2.0469737016526324e-16
explicit_feedback_n16_T32_s9401104,explicit_feedback,16,32,9401104,544,16,8704,local_eligibility_plus_svd_residual,1e-12,13920,1.599264705882353,25.58823529411765,True,0.00021299999207258224,snapshot only,2.603574435264158e-16,2.3592239273284576e-16
explicit_feedback_n16_T128_s9401100,explicit_feedback,16,128,9401100,544,16,8704,full_matrix,1e-08,8704,1.0,16.0,True,8.00006091594696e-07,online baseline,0.0,0.0
explicit_feedback_n16_T128_s9401100,explicit_feedback,16,128,9401100,544,16,8704,coordinate_sparse,1e-08,17408,2.0,32.0,True,2.8099981136620045e-05,snapshot only,0.0,0.0
explicit_feedback_n16_T128_s9401100,explicit_feedback,16,128,9401100,544,16,8704,block_sparse_triangular,1e-08,9264,1.0643382352941178,17.029411764705884,True,3.8800062611699104e-05,known closed online block recurrence,0.0,0.0
explicit_feedback_n16_T128_s9401100,explicit_feedback,16,128,9401100,544,16,8704,global_svd,1e-08,8960,1.0294117647058822,16.470588235294116,True,0.00027269998099654913,snapshot only,1.8332945039112535e-15,1.887379141862766e-15
explicit_feedback_n16_T128_s9401100,explicit_feedback,16,128,9401100,544,16,8704,pivoted_qr_repeated_basis,1e-08,9504,1.0919117647058822,17.470588235294116,True,0.00012860004790127277,snapshot only,4.688788889942469e-16,5.551115123125783e-16
explicit_feedback_n16_T128_s9401100,explicit_feedback,16,128,9401100,544,16,8704,supported_group_factors,1e-08,8768,1.0073529411764706,16.11764705882353,True,0.002449600026011467,snapshot only,0.0,0.0
explicit_feedback_n16_T128_s9401100,explicit_feedback,16,128,9401100,544,16,8704,owner_block_factors,1e-08,9008,1.0349264705882353,16.558823529411764,True,0.0042857000371441245,snapshot only,0.0,0.0
explicit_feedback_n16_T128_s9401100,explicit_feedback,16,128,9401100,544,16,8704,kronecker_shared_input_basis,1e-08,7392,0.8492647058823529,13.588235294117647,True,0.002061899984255433,snapshot only,5.076604477745685e-10,3.3552483794802024e-10
explicit_feedback_n16_T128_s9401100,explicit_feedback,16,128,9401100,544,16,8704,immediate_support_exact_slice_plus_svd_residual,1e-08,13920,1.599264705882353,25.58823529411765,True,0.00023070001043379307,snapshot only,2.3500458863915847e-16,2.7755575615628914e-16
explicit_feedback_n16_T128_s9401100,explicit_feedback,16,128,9401100,544,16,8704,local_eligibility_plus_svd_residual,1e-08,13920,1.599264705882353,25.58823529411765,True,0.000206099939532578,snapshot only,2.5030485808226026e-16,1.8041124150158794e-16
explicit_feedback_n16_T128_s9401100,explicit_feedback,16,128,9401100,544,16,8704,global_svd,1e-10,8960,1.0294117647058822,16.470588235294116,True,0.00018939992878586054,snapshot only,1.8332945039112535e-15,1.887379141862766e-15
explicit_feedback_n16_T128_s9401100,explicit_feedback,16,128,9401100,544,16,8704,pivoted_qr_repeated_basis,1e-10,9504,1.0919117647058822,17.470588235294116,True,0.00011110003106296062,snapshot only,4.688788889942469e-16,5.551115123125783e-16
explicit_feedback_n16_T128_s9401100,explicit_feedback,16,128,9401100,544,16,8704,supported_group_factors,1e-10,8768,1.0073529411764706,16.11764705882353,True,0.002454100060276687,snapshot only,0.0,0.0
explicit_feedback_n16_T128_s9401100,explicit_feedback,16,128,9401100,544,16,8704,owner_block_factors,1e-10,9008,1.0349264705882353,16.558823529411764,True,0.00393530004657805,snapshot only,0.0,0.0
explicit_feedback_n16_T128_s9401100,explicit_feedback,16,128,9401100,544,16,8704,kronecker_shared_input_basis,1e-10,7936,0.9117647058823529,14.588235294117647,True,0.0020913000917062163,snapshot only,7.173221725248666e-12,5.0212091429191474e-12
explicit_feedback_n16_T128_s9401100,explicit_feedback,16,128,9401100,544,16,8704,immediate_support_exact_slice_plus_svd_residual,1e-10,13920,1.599264705882353,25.58823529411765,True,0.0002454000059515238,snapshot only,2.3500458863915847e-16,2.7755575615628914e-16
explicit_feedback_n16_T128_s9401100,explicit_feedback,16,128,9401100,544,16,8704,local_eligibility_plus_svd_residual,1e-10,13920,1.599264705882353,25.58823529411765,True,0.00021510000806301832,snapshot only,2.5030485808226026e-16,1.8041124150158794e-16
explicit_feedback_n16_T128_s9401100,explicit_feedback,16,128,9401100,544,16,8704,global_svd,1e-12,8960,1.0294117647058822,16.470588235294116,True,0.00019349996000528336,snapshot only,1.8332945039112535e-15,1.887379141862766e-15
explicit_feedback_n16_T128_s9401100,explicit_feedback,16,128,9401100,544,16,8704,pivoted_qr_repeated_basis,1e-12,9504,1.0919117647058822,17.470588235294116,True,0.00011080002877861261,snapshot only,4.688788889942469e-16,5.551115123125783e-16
explicit_feedback_n16_T128_s9401100,explicit_feedback,16,128,9401100,544,16,8704,supported_group_factors,1e-12,8768,1.0073529411764706,16.11764705882353,True,0.0020770999835804105,snapshot only,0.0,0.0
explicit_feedback_n16_T128_s9401100,explicit_feedback,16,128,9401100,544,16,8704,owner_block_factors,1e-12,9008,1.0349264705882353,16.558823529411764,True,0.004323300090618432,snapshot only,0.0,0.0
explicit_feedback_n16_T128_s9401100,explicit_feedback,16,128,9401100,544,16,8704,kronecker_shared_input_basis,1e-12,8480,0.9742647058823529,15.588235294117647,True,0.002059799968264997,snapshot only,8.133941572751192e-14,5.854518259074126e-14
explicit_feedback_n16_T128_s9401100,explicit_feedback,16,128,9401100,544,16,8704,immediate_support_exact_slice_plus_svd_residual,1e-12,13920,1.599264705882353,25.58823529411765,True,0.00021860003471374512,snapshot only,2.3500458863915847e-16,2.7755575615628914e-16
explicit_feedback_n16_T128_s9401100,explicit_feedback,16,128,9401100,544,16,8704,local_eligibility_plus_svd_residual,1e-12,13920,1.599264705882353,25.58823529411765,True,0.0002164000179618597,snapshot only,2.5030485808226026e-16,1.8041124150158794e-16
explicit_feedback_n16_T128_s9401101,explicit_feedback,16,128,9401101,544,16,8704,full_matrix,1e-08,8704,1.0,16.0,True,7.00005330145359e-07,online baseline,0.0,0.0
explicit_feedback_n16_T128_s9401101,explicit_feedback,16,128,9401101,544,16,8704,coordinate_sparse,1e-08,17408,2.0,32.0,True,3.0499999411404133e-05,snapshot only,0.0,0.0
explicit_feedback_n16_T128_s9401101,explicit_feedback,16,128,9401101,544,16,8704,block_sparse_triangular,1e-08,9264,1.0643382352941178,17.029411764705884,True,3.3800024539232254e-05,known closed online block recurrence,0.0,0.0
explicit_feedback_n16_T128_s9401101,explicit_feedback,16,128,9401101,544,16,8704,global_svd,1e-08,8960,1.0294117647058822,16.470588235294116,True,0.00023579993285238743,snapshot only,1.6823013932500427e-15,1.7763568394002505e-15
explicit_feedback_n16_T128_s9401101,explicit_feedback,16,128,9401101,544,16,8704,pivoted_qr_repeated_basis,1e-08,9504,1.0919117647058822,17.470588235294116,True,0.00012099999003112316,snapshot only,5.106777478990896e-16,7.771561172376096e-16
explicit_feedback_n16_T128_s9401101,explicit_feedback,16,128,9401101,544,16,8704,supported_group_factors,1e-08,8768,1.0073529411764706,16.11764705882353,True,0.00214969995431602,snapshot only,0.0,0.0
explicit_feedback_n16_T128_s9401101,explicit_feedback,16,128,9401101,544,16,8704,owner_block_factors,1e-08,9008,1.0349264705882353,16.558823529411764,True,0.003843399928882718,snapshot only,0.0,0.0
explicit_feedback_n16_T128_s9401101,explicit_feedback,16,128,9401101,544,16,8704,kronecker_shared_input_basis,1e-08,7392,0.8492647058823529,13.588235294117647,True,0.0020860000513494015,snapshot only,1.0465114030169208e-09,3.869499443087676e-10
explicit_feedback_n16_T128_s9401101,explicit_feedback,16,128,9401101,544,16,8704,immediate_support_exact_slice_plus_svd_residual,1e-08,13920,1.599264705882353,25.58823529411765,True,0.0002908998867496848,snapshot only,2.214115454675492e-16,1.6653345369377348e-16
explicit_feedback_n16_T128_s9401101,explicit_feedback,16,128,9401101,544,16,8704,local_eligibility_plus_svd_residual,1e-08,13920,1.599264705882353,25.58823529411765,True,0.00022409996017813683,snapshot only,2.856089939992192e-16,2.636779683484747e-16
explicit_feedback_n16_T128_s9401101,explicit_feedback,16,128,9401101,544,16,8704,global_svd,1e-10,8960,1.0294117647058822,16.470588235294116,True,0.0001914000604301691,snapshot only,1.6823013932500427e-15,1.7763568394002505e-15
explicit_feedback_n16_T128_s9401101,explicit_feedback,16,128,9401101,544,16,8704,pivoted_qr_repeated_basis,1e-10,9504,1.0919117647058822,17.470588235294116,True,0.0001281999284401536,snapshot only,5.106777478990896e-16,7.771561172376096e-16
explicit_feedback_n16_T128_s9401101,explicit_feedback,16,128,9401101,544,16,8704,supported_group_factors,1e-10,8768,1.0073529411764706,16.11764705882353,True,0.0021356999641284347,snapshot only,0.0,0.0
explicit_feedback_n16_T128_s9401101,explicit_feedback,16,128,9401101,544,16,8704,owner_block_factors,1e-10,9008,1.0349264705882353,16.558823529411764,True,0.004048399976454675,snapshot only,0.0,0.0
explicit_feedback_n16_T128_s9401101,explicit_feedback,16,128,9401101,544,16,8704,kronecker_shared_input_basis,1e-10,7936,0.9117647058823529,14.588235294117647,True,0.0021009999327361584,snapshot only,1.6707431574301382e-11,1.0877430792026466e-11
explicit_feedback_n16_T128_s9401101,explicit_feedback,16,128,9401101,544,16,8704,immediate_support_exact_slice_plus_svd_residual,1e-10,13920,1.599264705882353,25.58823529411765,True,0.00021239998750388622,snapshot only,2.214115454675492e-16,1.6653345369377348e-16
explicit_feedback_n16_T128_s9401101,explicit_feedback,16,128,9401101,544,16,8704,local_eligibility_plus_svd_residual,1e-10,13920,1.599264705882353,25.58823529411765,True,0.0002133999951183796,snapshot only,2.856089939992192e-16,2.636779683484747e-16
explicit_feedback_n16_T128_s9401101,explicit_feedback,16,128,9401101,544,16,8704,global_svd,1e-12,8960,1.0294117647058822,16.470588235294116,True,0.00018890004139393568,snapshot only,1.6823013932500427e-15,1.7763568394002505e-15
explicit_feedback_n16_T128_s9401101,explicit_feedback,16,128,9401101,544,16,8704,pivoted_qr_repeated_basis,1e-12,9504,1.0919117647058822,17.470588235294116,True,0.00011170003563165665,snapshot only,5.106777478990896e-16,7.771561172376096e-16
explicit_feedback_n16_T128_s9401101,explicit_feedback,16,128,9401101,544,16,8704,supported_group_factors,1e-12,8768,1.0073529411764706,16.11764705882353,True,0.0022800000151619315,snapshot only,0.0,0.0
explicit_feedback_n16_T128_s9401101,explicit_feedback,16,128,9401101,544,16,8704,owner_block_factors,1e-12,9008,1.0349264705882353,16.558823529411764,True,0.004051399999298155,snapshot only,0.0,0.0
explicit_feedback_n16_T128_s9401101,explicit_feedback,16,128,9401101,544,16,8704,kronecker_shared_input_basis,1e-12,8480,0.9742647058823529,15.588235294117647,True,0.0020848000422120094,snapshot only,1.3456712799769886e-13,5.843546133088573e-14
explicit_feedback_n16_T128_s9401101,explicit_feedback,16,128,9401101,544,16,8704,immediate_support_exact_slice_plus_svd_residual,1e-12,13920,1.599264705882353,25.58823529411765,True,0.00020860007498413324,snapshot only,2.214115454675492e-16,1.6653345369377348e-16
explicit_feedback_n16_T128_s9401101,explicit_feedback,16,128,9401101,544,16,8704,local_eligibility_plus_svd_residual,1e-12,13920,1.599264705882353,25.58823529411765,True,0.00020960008259862661,snapshot only,2.856089939992192e-16,2.636779683484747e-16
explicit_feedback_n16_T128_s9401102,explicit_feedback,16,128,9401102,544,16,8704,full_matrix,1e-08,8704,1.0,16.0,True,6.00004568696022e-07,online baseline,0.0,0.0
explicit_feedback_n16_T128_s9401102,explicit_feedback,16,128,9401102,544,16,8704,coordinate_sparse,1e-08,17408,2.0,32.0,True,2.7699978090822697e-05,snapshot only,0.0,0.0
explicit_feedback_n16_T128_s9401102,explicit_feedback,16,128,9401102,544,16,8704,block_sparse_triangular,1e-08,9264,1.0643382352941178,17.029411764705884,True,3.350002225488424e-05,known closed online block recurrence,0.0,0.0
explicit_feedback_n16_T128_s9401102,explicit_feedback,16,128,9401102,544,16,8704,global_svd,1e-08,8960,1.0294117647058822,16.470588235294116,True,0.00028279994148761034,snapshot only,2.8220796067121275e-15,2.0643209364124004e-15
explicit_feedback_n16_T128_s9401102,explicit_feedback,16,128,9401102,544,16,8704,pivoted_qr_repeated_basis,1e-08,9504,1.0919117647058822,17.470588235294116,True,0.0001270999200642109,snapshot only,3.9811501293704226e-16,4.440892098500626e-16
explicit_feedback_n16_T128_s9401102,explicit_feedback,16,128,9401102,544,16,8704,supported_group_factors,1e-08,8768,1.0073529411764706,16.11764705882353,True,0.0021039999555796385,snapshot only,0.0,0.0
explicit_feedback_n16_T128_s9401102,explicit_feedback,16,128,9401102,544,16,8704,owner_block_factors,1e-08,9008,1.0349264705882353,16.558823529411764,True,0.0038141999393701553,snapshot only,0.0,0.0
explicit_feedback_n16_T128_s9401102,explicit_feedback,16,128,9401102,544,16,8704,kronecker_shared_input_basis,1e-08,7120,0.8180147058823529,13.088235294117647,True,0.002013400080613792,snapshot only,5.57735519265549e-09,1.9768782427015408e-09
explicit_feedback_n16_T128_s9401102,explicit_feedback,16,128,9401102,544,16,8704,immediate_support_exact_slice_plus_svd_residual,1e-08,13920,1.599264705882353,25.58823529411765,True,0.00023220002185553312,snapshot only,1.752180194182507e-16,1.6653345369377348e-16
explicit_feedback_n16_T128_s9401102,explicit_feedback,16,128,9401102,544,16,8704,local_eligibility_plus_svd_residual,1e-08,13920,1.599264705882353,25.58823529411765,True,0.0002109999768435955,snapshot only,2.737368604499072e-16,2.1510571102112408e-16
explicit_feedback_n16_T128_s9401102,explicit_feedback,16,128,9401102,544,16,8704,global_svd,1e-10,8960,1.0294117647058822,16.470588235294116,True,0.00018990004900842905,snapshot only,2.8220796067121275e-15,2.0643209364124004e-15
explicit_feedback_n16_T128_s9401102,explicit_feedback,16,128,9401102,544,16,8704,pivoted_qr_repeated_basis,1e-10,9504,1.0919117647058822,17.470588235294116,True,0.00010770000517368317,snapshot only,3.9811501293704226e-16,4.440892098500626e-16
explicit_feedback_n16_T128_s9401102,explicit_feedback,16,128,9401102,544,16,8704,supported_group_factors,1e-10,8768,1.0073529411764706,16.11764705882353,True,0.0022287999745458364,snapshot only,0.0,0.0
explicit_feedback_n16_T128_s9401102,explicit_feedback,16,128,9401102,544,16,8704,owner_block_factors,1e-10,9008,1.0349264705882353,16.558823529411764,True,0.004256199928931892,snapshot only,0.0,0.0
explicit_feedback_n16_T128_s9401102,explicit_feedback,16,128,9401102,544,16,8704,kronecker_shared_input_basis,1e-10,7664,0.8805147058823529,14.088235294117647,True,0.002199099981226027,snapshot only,4.1433957794146356e-11,1.8424516795047252e-11
explicit_feedback_n16_T128_s9401102,explicit_feedback,16,128,9401102,544,16,8704,immediate_support_exact_slice_plus_svd_residual,1e-10,13920,1.599264705882353,25.58823529411765,True,0.00025589996948838234,snapshot only,1.752180194182507e-16,1.6653345369377348e-16
explicit_feedback_n16_T128_s9401102,explicit_feedback,16,128,9401102,544,16,8704,local_eligibility_plus_svd_residual,1e-10,13920,1.599264705882353,25.58823529411765,True,0.00021890003699809313,snapshot only,2.737368604499072e-16,2.1510571102112408e-16
explicit_feedback_n16_T128_s9401102,explicit_feedback,16,128,9401102,544,16,8704,global_svd,1e-12,8960,1.0294117647058822,16.470588235294116,True,0.0001957999775186181,snapshot only,2.8220796067121275e-15,2.0643209364124004e-15
explicit_feedback_n16_T128_s9401102,explicit_feedback,16,128,9401102,544,16,8704,pivoted_qr_repeated_basis,1e-12,9504,1.0919117647058822,17.470588235294116,True,0.00011869997251778841,snapshot only,3.9811501293704226e-16,4.440892098500626e-16
explicit_feedback_n16_T128_s9401102,explicit_feedback,16,128,9401102,544,16,8704,supported_group_factors,1e-12,8768,1.0073529411764706,16.11764705882353,True,0.002115100040100515,snapshot only,0.0,0.0
explicit_feedback_n16_T128_s9401102,explicit_feedback,16,128,9401102,544,16,8704,owner_block_factors,1e-12,9008,1.0349264705882353,16.558823529411764,True,0.004333299933932722,snapshot only,0.0,0.0
explicit_feedback_n16_T128_s9401102,explicit_feedback,16,128,9401102,544,16,8704,kronecker_shared_input_basis,1e-12,8208,0.9430147058823529,15.088235294117647,True,0.002027899958193302,snapshot only,2.1820463179506324e-13,1.1293656981825606e-13
explicit_feedback_n16_T128_s9401102,explicit_feedback,16,128,9401102,544,16,8704,immediate_support_exact_slice_plus_svd_residual,1e-12,13920,1.599264705882353,25.58823529411765,True,0.000206699944101274,snapshot only,1.752180194182507e-16,1.6653345369377348e-16
explicit_feedback_n16_T128_s9401102,explicit_feedback,16,128,9401102,544,16,8704,local_eligibility_plus_svd_residual,1e-12,13920,1.599264705882353,25.58823529411765,True,0.0002055000513792038,snapshot only,2.737368604499072e-16,2.1510571102112408e-16
explicit_feedback_n16_T128_s9401103,explicit_feedback,16,128,9401103,544,16,8704,full_matrix,1e-08,8704,1.0,16.0,True,6.00004568696022e-07,online baseline,0.0,0.0
explicit_feedback_n16_T128_s9401103,explicit_feedback,16,128,9401103,544,16,8704,coordinate_sparse,1e-08,17408,2.0,32.0,True,3.3400021493434906e-05,snapshot only,0.0,0.0
explicit_feedback_n16_T128_s9401103,explicit_feedback,16,128,9401103,544,16,8704,block_sparse_triangular,1e-08,9264,1.0643382352941178,17.029411764705884,True,3.660004585981369e-05,known closed online block recurrence,0.0,0.0
explicit_feedback_n16_T128_s9401103,explicit_feedback,16,128,9401103,544,16,8704,global_svd,1e-08,8960,1.0294117647058822,16.470588235294116,True,0.00025479996111243963,snapshot only,2.91039430055838e-15,2.3314683517128287e-15
explicit_feedback_n16_T128_s9401103,explicit_feedback,16,128,9401103,544,16,8704,pivoted_qr_repeated_basis,1e-08,9504,1.0919117647058822,17.470588235294116,True,0.00015029998030513525,snapshot only,4.243799239941635e-16,5.551115123125783e-16
explicit_feedback_n16_T128_s9401103,explicit_feedback,16,128,9401103,544,16,8704,supported_group_factors,1e-08,8768,1.0073529411764706,16.11764705882353,True,0.002162399934604764,snapshot only,0.0,0.0
explicit_feedback_n16_T128_s9401103,explicit_feedback,16,128,9401103,544,16,8704,owner_block_factors,1e-08,9008,1.0349264705882353,16.558823529411764,True,0.003976500011049211,snapshot only,0.0,0.0
explicit_feedback_n16_T128_s9401103,explicit_feedback,16,128,9401103,544,16,8704,kronecker_shared_input_basis,1e-08,7120,0.8180147058823529,13.088235294117647,True,0.0021271000150591135,snapshot only,3.881316604141897e-09,2.287141937645787e-09
explicit_feedback_n16_T128_s9401103,explicit_feedback,16,128,9401103,544,16,8704,immediate_support_exact_slice_plus_svd_residual,1e-08,13920,1.599264705882353,25.58823529411765,True,0.0002234999556094408,snapshot only,2.177871465747339e-16,2.1510571102112408e-16
explicit_feedback_n16_T128_s9401103,explicit_feedback,16,128,9401103,544,16,8704,local_eligibility_plus_svd_residual,1e-08,13920,1.599264705882353,25.58823529411765,True,0.00021790002938359976,snapshot only,2.621646075213708e-16,2.498001805406602e-16
explicit_feedback_n16_T128_s9401103,explicit_feedback,16,128,9401103,544,16,8704,global_svd,1e-10,8960,1.0294117647058822,16.470588235294116,True,0.0002068999456241727,snapshot only,2.91039430055838e-15,2.3314683517128287e-15
explicit_feedback_n16_T128_s9401103,explicit_feedback,16,128,9401103,544,16,8704,pivoted_qr_repeated_basis,1e-10,9504,1.0919117647058822,17.470588235294116,True,0.0001268000341951847,snapshot only,4.243799239941635e-16,5.551115123125783e-16
explicit_feedback_n16_T128_s9401103,explicit_feedback,16,128,9401103,544,16,8704,supported_group_factors,1e-10,8768,1.0073529411764706,16.11764705882353,True,0.002180399955250323,snapshot only,0.0,0.0
explicit_feedback_n16_T128_s9401103,explicit_feedback,16,128,9401103,544,16,8704,owner_block_factors,1e-10,9008,1.0349264705882353,16.558823529411764,True,0.00398389995098114,snapshot only,0.0,0.0
explicit_feedback_n16_T128_s9401103,explicit_feedback,16,128,9401103,544,16,8704,kronecker_shared_input_basis,1e-10,7664,0.8805147058823529,14.088235294117647,True,0.002123699989169836,snapshot only,5.1067638433744256e-11,3.72632857729982e-11
explicit_feedback_n16_T128_s9401103,explicit_feedback,16,128,9401103,544,16,8704,immediate_support_exact_slice_plus_svd_residual,1e-10,13920,1.599264705882353,25.58823529411765,True,0.00023989996407181025,snapshot only,2.177871465747339e-16,2.1510571102112408e-16
explicit_feedback_n16_T128_s9401103,explicit_feedback,16,128,9401103,544,16,8704,local_eligibility_plus_svd_residual,1e-10,13920,1.599264705882353,25.58823529411765,True,0.00022000004537403584,snapshot only,2.621646075213708e-16,2.498001805406602e-16
explicit_feedback_n16_T128_s9401103,explicit_feedback,16,128,9401103,544,16,8704,global_svd,1e-12,8960,1.0294117647058822,16.470588235294116,True,0.00019179994706064463,snapshot only,2.91039430055838e-15,2.3314683517128287e-15
explicit_feedback_n16_T128_s9401103,explicit_feedback,16,128,9401103,544,16,8704,pivoted_qr_repeated_basis,1e-12,9504,1.0919117647058822,17.470588235294116,True,0.00012430001515895128,snapshot only,4.243799239941635e-16,5.551115123125783e-16
explicit_feedback_n16_T128_s9401103,explicit_feedback,16,128,9401103,544,16,8704,supported_group_factors,1e-12,8768,1.0073529411764706,16.11764705882353,True,0.0021802999544888735,snapshot only,0.0,0.0
explicit_feedback_n16_T128_s9401103,explicit_feedback,16,128,9401103,544,16,8704,owner_block_factors,1e-12,9008,1.0349264705882353,16.558823529411764,True,0.004504700074903667,snapshot only,0.0,0.0
explicit_feedback_n16_T128_s9401103,explicit_feedback,16,128,9401103,544,16,8704,kronecker_shared_input_basis,1e-12,8208,0.9430147058823529,15.088235294117647,True,0.0021551999961957335,snapshot only,2.621396520718936e-13,1.5906503544882433e-13
explicit_feedback_n16_T128_s9401103,explicit_feedback,16,128,9401103,544,16,8704,immediate_support_exact_slice_plus_svd_residual,1e-12,13920,1.599264705882353,25.58823529411765,True,0.0002389999572187662,snapshot only,2.177871465747339e-16,2.1510571102112408e-16
explicit_feedback_n16_T128_s9401103,explicit_feedback,16,128,9401103,544,16,8704,local_eligibility_plus_svd_residual,1e-12,13920,1.599264705882353,25.58823529411765,True,0.0006939000450074673,snapshot only,2.621646075213708e-16,2.498001805406602e-16
explicit_feedback_n16_T128_s9401104,explicit_feedback,16,128,9401104,544,16,8704,full_matrix,1e-08,8704,1.0,16.0,True,6.00004568696022e-07,online baseline,0.0,0.0
explicit_feedback_n16_T128_s9401104,explicit_feedback,16,128,9401104,544,16,8704,coordinate_sparse,1e-08,17408,2.0,32.0,True,2.789997961372137e-05,snapshot only,0.0,0.0
explicit_feedback_n16_T128_s9401104,explicit_feedback,16,128,9401104,544,16,8704,block_sparse_triangular,1e-08,9264,1.0643382352941178,17.029411764705884,True,3.320001997053623e-05,known closed online block recurrence,0.0,0.0
explicit_feedback_n16_T128_s9401104,explicit_feedback,16,128,9401104,544,16,8704,global_svd,1e-08,8960,1.0294117647058822,16.470588235294116,True,0.00022120005451142788,snapshot only,2.4923447910369945e-15,2.248201624865942e-15
explicit_feedback_n16_T128_s9401104,explicit_feedback,16,128,9401104,544,16,8704,pivoted_qr_repeated_basis,1e-08,9504,1.0919117647058822,17.470588235294116,True,0.00011689995881170034,snapshot only,5.121726349306806e-16,5.551115123125783e-16
explicit_feedback_n16_T128_s9401104,explicit_feedback,16,128,9401104,544,16,8704,supported_group_factors,1e-08,8768,1.0073529411764706,16.11764705882353,True,0.0025276999222114682,snapshot only,0.0,0.0
explicit_feedback_n16_T128_s9401104,explicit_feedback,16,128,9401104,544,16,8704,owner_block_factors,1e-08,9008,1.0349264705882353,16.558823529411764,True,0.0038190000923350453,snapshot only,0.0,0.0
explicit_feedback_n16_T128_s9401104,explicit_feedback,16,128,9401104,544,16,8704,kronecker_shared_input_basis,1e-08,7120,0.8180147058823529,13.088235294117647,True,0.0020568999461829662,snapshot only,3.2704634287470464e-09,2.0293179675730244e-09
explicit_feedback_n16_T128_s9401104,explicit_feedback,16,128,9401104,544,16,8704,immediate_support_exact_slice_plus_svd_residual,1e-08,13920,1.599264705882353,25.58823529411765,True,0.00022050004918128252,snapshot only,1.570136986990173e-16,1.3877787807814457e-16
explicit_feedback_n16_T128_s9401104,explicit_feedback,16,128,9401104,544,16,8704,local_eligibility_plus_svd_residual,1e-08,13920,1.599264705882353,25.58823529411765,True,0.00019859999883919954,snapshot only,1.7798100037080008e-16,1.8041124150158794e-16
explicit_feedback_n16_T128_s9401104,explicit_feedback,16,128,9401104,544,16,8704,global_svd,1e-10,8960,1.0294117647058822,16.470588235294116,True,0.00019479996990412474,snapshot only,2.4923447910369945e-15,2.248201624865942e-15
explicit_feedback_n16_T128_s9401104,explicit_feedback,16,128,9401104,544,16,8704,pivoted_qr_repeated_basis,1e-10,9504,1.0919117647058822,17.470588235294116,True,0.00010459998156875372,snapshot only,5.121726349306806e-16,5.551115123125783e-16
explicit_feedback_n16_T128_s9401104,explicit_feedback,16,128,9401104,544,16,8704,supported_group_factors,1e-10,8768,1.0073529411764706,16.11764705882353,True,0.0020972000202164054,snapshot only,0.0,0.0
explicit_feedback_n16_T128_s9401104,explicit_feedback,16,128,9401104,544,16,8704,owner_block_factors,1e-10,9008,1.0349264705882353,16.558823529411764,True,0.004373400006443262,snapshot only,0.0,0.0
explicit_feedback_n16_T128_s9401104,explicit_feedback,16,128,9401104,544,16,8704,kronecker_shared_input_basis,1e-10,7936,0.9117647058823529,14.588235294117647,True,0.002041699946857989,snapshot only,6.822868085787559e-12,5.17751119755161e-12
explicit_feedback_n16_T128_s9401104,explicit_feedback,16,128,9401104,544,16,8704,immediate_support_exact_slice_plus_svd_residual,1e-10,13920,1.599264705882353,25.58823529411765,True,0.00023530004546046257,snapshot only,1.570136986990173e-16,1.3877787807814457e-16
explicit_feedback_n16_T128_s9401104,explicit_feedback,16,128,9401104,544,16,8704,local_eligibility_plus_svd_residual,1e-10,13920,1.599264705882353,25.58823529411765,True,0.00021190010011196136,snapshot only,1.7798100037080008e-16,1.8041124150158794e-16
explicit_feedback_n16_T128_s9401104,explicit_feedback,16,128,9401104,544,16,8704,global_svd,1e-12,8960,1.0294117647058822,16.470588235294116,True,0.00019639998208731413,snapshot only,2.4923447910369945e-15,2.248201624865942e-15
explicit_feedback_n16_T128_s9401104,explicit_feedback,16,128,9401104,544,16,8704,pivoted_qr_repeated_basis,1e-12,9504,1.0919117647058822,17.470588235294116,True,0.00010429997928440571,snapshot only,5.121726349306806e-16,5.551115123125783e-16
explicit_feedback_n16_T128_s9401104,explicit_feedback,16,128,9401104,544,16,8704,supported_group_factors,1e-12,8768,1.0073529411764706,16.11764705882353,True,0.0020682000322267413,snapshot only,0.0,0.0
explicit_feedback_n16_T128_s9401104,explicit_feedback,16,128,9401104,544,16,8704,owner_block_factors,1e-12,9008,1.0349264705882353,16.558823529411764,True,0.003984699957072735,snapshot only,0.0,0.0
explicit_feedback_n16_T128_s9401104,explicit_feedback,16,128,9401104,544,16,8704,kronecker_shared_input_basis,1e-12,8208,0.9430147058823529,15.088235294117647,True,0.0022126000840216875,snapshot only,6.291656598358642e-13,4.1472901501915516e-13
explicit_feedback_n16_T128_s9401104,explicit_feedback,16,128,9401104,544,16,8704,immediate_support_exact_slice_plus_svd_residual,1e-12,13920,1.599264705882353,25.58823529411765,True,0.00023390003480017185,snapshot only,1.570136986990173e-16,1.3877787807814457e-16
explicit_feedback_n16_T128_s9401104,explicit_feedback,16,128,9401104,544,16,8704,local_eligibility_plus_svd_residual,1e-12,13920,1.599264705882353,25.58823529411765,True,0.0002172000240534544,snapshot only,1.7798100037080008e-16,1.8041124150158794e-16
block4_n8_T32_s9401100,block4,8,32,9401100,104,8,832,full_matrix,1e-08,832,1.0,8.0,True,7.00005330145359e-07,online baseline,0.0,0.0
block4_n8_T32_s9401100,block4,8,32,9401100,104,8,832,coordinate_sparse,1e-08,832,1.0,8.0,True,1.4199991710484028e-05,snapshot only,0.0,0.0
block4_n8_T32_s9401100,block4,8,32,9401100,104,8,832,block_sparse_triangular,1e-08,528,0.6346153846153846,5.076923076923077,True,2.0600040443241596e-05,known closed online block recurrence,0.0,0.0
block4_n8_T32_s9401100,block4,8,32,9401100,104,8,832,global_svd,1e-08,896,1.0769230769230769,8.615384615384615,True,0.00010190007742494345,snapshot only,5.260369779325003e-16,5.551115123125783e-16
block4_n8_T32_s9401100,block4,8,32,9401100,104,8,832,pivoted_qr_repeated_basis,1e-08,1000,1.2019230769230769,9.615384615384615,True,5.67000824958086e-05,snapshot only,3.140252242946767e-16,3.3306690738754696e-16
block4_n8_T32_s9401100,block4,8,32,9401100,104,8,832,supported_group_factors,1e-08,856,1.0288461538461537,8.23076923076923,True,0.0006383000873029232,snapshot only,0.0,0.0
block4_n8_T32_s9401100,block4,8,32,9401100,104,8,832,owner_block_factors,1e-08,624,0.75,6.0,True,0.0011857999488711357,snapshot only,0.0,0.0
block4_n8_T32_s9401100,block4,8,32,9401100,104,8,832,kronecker_shared_input_basis,1e-08,856,1.0288461538461537,8.23076923076923,True,0.0006203000666573644,snapshot only,0.0,0.0
block4_n8_T32_s9401100,block4,8,32,9401100,104,8,832,immediate_support_exact_slice_plus_svd_residual,1e-08,1112,1.3365384615384615,10.692307692307692,True,9.089999366551638e-05,snapshot only,9.723334954421085e-16,1.609823385706477e-15
block4_n8_T32_s9401100,block4,8,32,9401100,104,8,832,local_eligibility_plus_svd_residual,1e-08,1112,1.3365384615384615,10.692307692307692,True,8.120003622025251e-05,snapshot only,1.7840098914156328e-16,2.220446049250313e-16
block4_n8_T32_s9401100,block4,8,32,9401100,104,8,832,global_svd,1e-10,896,1.0769230769230769,8.615384615384615,True,8.319993503391743e-05,snapshot only,5.260369779325003e-16,5.551115123125783e-16
block4_n8_T32_s9401100,block4,8,32,9401100,104,8,832,pivoted_qr_repeated_basis,1e-10,1000,1.2019230769230769,9.615384615384615,True,0.0001113000325858593,snapshot only,3.140252242946767e-16,3.3306690738754696e-16
block4_n8_T32_s9401100,block4,8,32,9401100,104,8,832,supported_group_factors,1e-10,856,1.0288461538461537,8.23076923076923,True,0.0006677999626845121,snapshot only,0.0,0.0
block4_n8_T32_s9401100,block4,8,32,9401100,104,8,832,owner_block_factors,1e-10,624,0.75,6.0,True,0.001304500037804246,snapshot only,0.0,0.0
block4_n8_T32_s9401100,block4,8,32,9401100,104,8,832,kronecker_shared_input_basis,1e-10,856,1.0288461538461537,8.23076923076923,True,0.0006316000362858176,snapshot only,0.0,0.0
block4_n8_T32_s9401100,block4,8,32,9401100,104,8,832,immediate_support_exact_slice_plus_svd_residual,1e-10,1112,1.3365384615384615,10.692307692307692,True,9.009998757392168e-05,snapshot only,9.723334954421085e-16,1.609823385706477e-15
block4_n8_T32_s9401100,block4,8,32,9401100,104,8,832,local_eligibility_plus_svd_residual,1e-10,1112,1.3365384615384615,10.692307692307692,True,8.350005373358727e-05,snapshot only,1.7840098914156328e-16,2.220446049250313e-16
block4_n8_T32_s9401100,block4,8,32,9401100,104,8,832,global_svd,1e-12,896,1.0769230769230769,8.615384615384615,True,7.230008486658335e-05,snapshot only,5.260369779325003e-16,5.551115123125783e-16
block4_n8_T32_s9401100,block4,8,32,9401100,104,8,832,pivoted_qr_repeated_basis,1e-12,1000,1.2019230769230769,9.615384615384615,True,5.080003757029772e-05,snapshot only,3.140252242946767e-16,3.3306690738754696e-16
block4_n8_T32_s9401100,block4,8,32,9401100,104,8,832,supported_group_factors,1e-12,856,1.0288461538461537,8.23076923076923,True,0.0006377999670803547,snapshot only,0.0,0.0
block4_n8_T32_s9401100,block4,8,32,9401100,104,8,832,owner_block_factors,1e-12,624,0.75,6.0,True,0.00118090002797544,snapshot only,0.0,0.0
block4_n8_T32_s9401100,block4,8,32,9401100,104,8,832,kronecker_shared_input_basis,1e-12,856,1.0288461538461537,8.23076923076923,True,0.0006076999707147479,snapshot only,0.0,0.0
block4_n8_T32_s9401100,block4,8,32,9401100,104,8,832,immediate_support_exact_slice_plus_svd_residual,1e-12,1112,1.3365384615384615,10.692307692307692,True,9.220000356435776e-05,snapshot only,9.723334954421085e-16,1.609823385706477e-15
block4_n8_T32_s9401100,block4,8,32,9401100,104,8,832,local_eligibility_plus_svd_residual,1e-12,1112,1.3365384615384615,10.692307692307692,True,8.160003926604986e-05,snapshot only,1.7840098914156328e-16,2.220446049250313e-16
block4_n8_T32_s9401101,block4,8,32,9401101,104,8,832,full_matrix,1e-08,832,1.0,8.0,True,6.00004568696022e-07,online baseline,0.0,0.0
block4_n8_T32_s9401101,block4,8,32,9401101,104,8,832,coordinate_sparse,1e-08,832,1.0,8.0,True,1.4500110410153866e-05,snapshot only,0.0,0.0
block4_n8_T32_s9401101,block4,8,32,9401101,104,8,832,block_sparse_triangular,1e-08,528,0.6346153846153846,5.076923076923077,True,2.110004425048828e-05,known closed online block recurrence,0.0,0.0
block4_n8_T32_s9401101,block4,8,32,9401101,104,8,832,global_svd,1e-08,896,1.0769230769230769,8.615384615384615,True,0.00010519998613744974,snapshot only,5.705370125911471e-16,6.661338147750939e-16
block4_n8_T32_s9401101,block4,8,32,9401101,104,8,832,pivoted_qr_repeated_basis,1e-08,1000,1.2019230769230769,9.615384615384615,True,6.3000014051795e-05,snapshot only,2.24353617161244e-16,2.220446049250313e-16
block4_n8_T32_s9401101,block4,8,32,9401101,104,8,832,supported_group_factors,1e-08,856,1.0288461538461537,8.23076923076923,True,0.0006413999944925308,snapshot only,0.0,0.0
block4_n8_T32_s9401101,block4,8,32,9401101,104,8,832,owner_block_factors,1e-08,624,0.75,6.0,True,0.0012359999818727374,snapshot only,0.0,0.0
block4_n8_T32_s9401101,block4,8,32,9401101,104,8,832,kronecker_shared_input_basis,1e-08,856,1.0288461538461537,8.23076923076923,True,0.0006274000043049455,snapshot only,0.0,0.0
block4_n8_T32_s9401101,block4,8,32,9401101,104,8,832,immediate_support_exact_slice_plus_svd_residual,1e-08,1112,1.3365384615384615,10.692307692307692,True,9.039998985826969e-05,snapshot only,2.492956356373475e-16,4.996003610813204e-16
block4_n8_T32_s9401101,block4,8,32,9401101,104,8,832,local_eligibility_plus_svd_residual,1e-08,1112,1.3365384615384615,10.692307692307692,True,8.68999632075429e-05,snapshot only,2.145850165233142e-16,3.3306690738754696e-16
block4_n8_T32_s9401101,block4,8,32,9401101,104,8,832,global_svd,1e-10,896,1.0769230769230769,8.615384615384615,True,7.309997454285622e-05,snapshot only,5.705370125911471e-16,6.661338147750939e-16
block4_n8_T32_s9401101,block4,8,32,9401101,104,8,832,pivoted_qr_repeated_basis,1e-10,1000,1.2019230769230769,9.615384615384615,True,5.200004670768976e-05,snapshot only,2.24353617161244e-16,2.220446049250313e-16
block4_n8_T32_s9401101,block4,8,32,9401101,104,8,832,supported_group_factors,1e-10,856,1.0288461538461537,8.23076923076923,True,0.0006245000986382365,snapshot only,0.0,0.0
block4_n8_T32_s9401101,block4,8,32,9401101,104,8,832,owner_block_factors,1e-10,624,0.75,6.0,True,0.0011792000150308013,snapshot only,0.0,0.0
block4_n8_T32_s9401101,block4,8,32,9401101,104,8,832,kronecker_shared_input_basis,1e-10,856,1.0288461538461537,8.23076923076923,True,0.0006077999714761972,snapshot only,0.0,0.0
block4_n8_T32_s9401101,block4,8,32,9401101,104,8,832,immediate_support_exact_slice_plus_svd_residual,1e-10,1112,1.3365384615384615,10.692307692307692,True,9.370001498609781e-05,snapshot only,2.492956356373475e-16,4.996003610813204e-16
block4_n8_T32_s9401101,block4,8,32,9401101,104,8,832,local_eligibility_plus_svd_residual,1e-10,1112,1.3365384615384615,10.692307692307692,True,8.290004916489124e-05,snapshot only,2.145850165233142e-16,3.3306690738754696e-16
block4_n8_T32_s9401101,block4,8,32,9401101,104,8,832,global_svd,1e-12,896,1.0769230769230769,8.615384615384615,True,7.27999722585082e-05,snapshot only,5.705370125911471e-16,6.661338147750939e-16
block4_n8_T32_s9401101,block4,8,32,9401101,104,8,832,pivoted_qr_repeated_basis,1e-12,1000,1.2019230769230769,9.615384615384615,True,5.1900045946240425e-05,snapshot only,2.24353617161244e-16,2.220446049250313e-16
block4_n8_T32_s9401101,block4,8,32,9401101,104,8,832,supported_group_factors,1e-12,856,1.0288461538461537,8.23076923076923,True,0.0010373000986874104,snapshot only,0.0,0.0
block4_n8_T32_s9401101,block4,8,32,9401101,104,8,832,owner_block_factors,1e-12,624,0.75,6.0,True,0.0011714999563992023,snapshot only,0.0,0.0
block4_n8_T32_s9401101,block4,8,32,9401101,104,8,832,kronecker_shared_input_basis,1e-12,856,1.0288461538461537,8.23076923076923,True,0.0006944999331608415,snapshot only,0.0,0.0
block4_n8_T32_s9401101,block4,8,32,9401101,104,8,832,immediate_support_exact_slice_plus_svd_residual,1e-12,1112,1.3365384615384615,10.692307692307692,True,9.570003021508455e-05,snapshot only,2.492956356373475e-16,4.996003610813204e-16
block4_n8_T32_s9401101,block4,8,32,9401101,104,8,832,local_eligibility_plus_svd_residual,1e-12,1112,1.3365384615384615,10.692307692307692,True,8.409994188696146e-05,snapshot only,2.145850165233142e-16,3.3306690738754696e-16
block4_n8_T32_s9401102,block4,8,32,9401102,104,8,832,full_matrix,1e-08,832,1.0,8.0,True,7.00005330145359e-07,online baseline,0.0,0.0
block4_n8_T32_s9401102,block4,8,32,9401102,104,8,832,coordinate_sparse,1e-08,832,1.0,8.0,True,1.5400000847876072e-05,snapshot only,0.0,0.0
block4_n8_T32_s9401102,block4,8,32,9401102,104,8,832,block_sparse_triangular,1e-08,528,0.6346153846153846,5.076923076923077,True,2.0999927073717117e-05,known closed online block recurrence,0.0,0.0
block4_n8_T32_s9401102,block4,8,32,9401102,104,8,832,global_svd,1e-08,896,1.0769230769230769,8.615384615384615,True,0.00010559998918324709,snapshot only,7.4338024595191e-16,1.0061396160665481e-15
block4_n8_T32_s9401102,block4,8,32,9401102,104,8,832,pivoted_qr_repeated_basis,1e-08,1000,1.2019230769230769,9.615384615384615,True,6.009999196976423e-05,snapshot only,6.446558256523736e-16,8.881784197001252e-16
block4_n8_T32_s9401102,block4,8,32,9401102,104,8,832,supported_group_factors,1e-08,856,1.0288461538461537,8.23076923076923,True,0.0006627000402659178,snapshot only,0.0,0.0
block4_n8_T32_s9401102,block4,8,32,9401102,104,8,832,owner_block_factors,1e-08,624,0.75,6.0,True,0.0011910999892279506,snapshot only,0.0,0.0
block4_n8_T32_s9401102,block4,8,32,9401102,104,8,832,kronecker_shared_input_basis,1e-08,856,1.0288461538461537,8.23076923076923,True,0.0006167000392451882,snapshot only,0.0,0.0
block4_n8_T32_s9401102,block4,8,32,9401102,104,8,832,immediate_support_exact_slice_plus_svd_residual,1e-08,1112,1.3365384615384615,10.692307692307692,True,9.250000584870577e-05,snapshot only,1.9890874576913304e-16,2.7755575615628914e-16
block4_n8_T32_s9401102,block4,8,32,9401102,104,8,832,local_eligibility_plus_svd_residual,1e-08,1112,1.3365384615384615,10.692307692307692,True,8.17000400274992e-05,snapshot only,1.2532004938207344e-16,1.249000902703301e-16
block4_n8_T32_s9401102,block4,8,32,9401102,104,8,832,global_svd,1e-10,896,1.0769230769230769,8.615384615384615,True,7.349997758865356e-05,snapshot only,7.4338024595191e-16,1.0061396160665481e-15
block4_n8_T32_s9401102,block4,8,32,9401102,104,8,832,pivoted_qr_repeated_basis,1e-10,1000,1.2019230769230769,9.615384615384615,True,5.249993409961462e-05,snapshot only,6.446558256523736e-16,8.881784197001252e-16
block4_n8_T32_s9401102,block4,8,32,9401102,104,8,832,supported_group_factors,1e-10,856,1.0288461538461537,8.23076923076923,True,0.0006209000712260604,snapshot only,0.0,0.0
block4_n8_T32_s9401102,block4,8,32,9401102,104,8,832,owner_block_factors,1e-10,624,0.75,6.0,True,0.0012123000342398882,snapshot only,0.0,0.0
block4_n8_T32_s9401102,block4,8,32,9401102,104,8,832,kronecker_shared_input_basis,1e-10,856,1.0288461538461537,8.23076923076923,True,0.0006137000164017081,snapshot only,0.0,0.0
block4_n8_T32_s9401102,block4,8,32,9401102,104,8,832,immediate_support_exact_slice_plus_svd_residual,1e-10,1112,1.3365384615384615,10.692307692307692,True,8.949998300522566e-05,snapshot only,1.9890874576913304e-16,2.7755575615628914e-16
block4_n8_T32_s9401102,block4,8,32,9401102,104,8,832,local_eligibility_plus_svd_residual,1e-10,1112,1.3365384615384615,10.692307692307692,True,8.140003774315119e-05,snapshot only,1.2532004938207344e-16,1.249000902703301e-16
block4_n8_T32_s9401102,block4,8,32,9401102,104,8,832,global_svd,1e-12,896,1.0769230769230769,8.615384615384615,True,7.119996007531881e-05,snapshot only,7.4338024595191e-16,1.0061396160665481e-15
block4_n8_T32_s9401102,block4,8,32,9401102,104,8,832,pivoted_qr_repeated_basis,1e-12,1000,1.2019230769230769,9.615384615384615,True,5.000003147870302e-05,snapshot only,6.446558256523736e-16,8.881784197001252e-16
block4_n8_T32_s9401102,block4,8,32,9401102,104,8,832,supported_group_factors,1e-12,856,1.0288461538461537,8.23076923076923,True,0.0006277000065892935,snapshot only,0.0,0.0
block4_n8_T32_s9401102,block4,8,32,9401102,104,8,832,owner_block_factors,1e-12,624,0.75,6.0,True,0.001181800034828484,snapshot only,0.0,0.0
block4_n8_T32_s9401102,block4,8,32,9401102,104,8,832,kronecker_shared_input_basis,1e-12,856,1.0288461538461537,8.23076923076923,True,0.0006240999791771173,snapshot only,0.0,0.0
block4_n8_T32_s9401102,block4,8,32,9401102,104,8,832,immediate_support_exact_slice_plus_svd_residual,1e-12,1112,1.3365384615384615,10.692307692307692,True,8.949998300522566e-05,snapshot only,1.9890874576913304e-16,2.7755575615628914e-16
block4_n8_T32_s9401102,block4,8,32,9401102,104,8,832,local_eligibility_plus_svd_residual,1e-12,1112,1.3365384615384615,10.692307692307692,True,8.270004764199257e-05,snapshot only,1.2532004938207344e-16,1.249000902703301e-16
block4_n8_T32_s9401103,block4,8,32,9401103,104,8,832,full_matrix,1e-08,832,1.0,8.0,True,6.00004568696022e-07,online baseline,0.0,0.0
block4_n8_T32_s9401103,block4,8,32,9401103,104,8,832,coordinate_sparse,1e-08,832,1.0,8.0,True,1.3999990187585354e-05,snapshot only,0.0,0.0
block4_n8_T32_s9401103,block4,8,32,9401103,104,8,832,block_sparse_triangular,1e-08,528,0.6346153846153846,5.076923076923077,True,2.080004196614027e-05,known closed online block recurrence,0.0,0.0
block4_n8_T32_s9401103,block4,8,32,9401103,104,8,832,global_svd,1e-08,896,1.0769230769230769,8.615384615384615,True,0.0001020999625325203,snapshot only,6.58485576585567e-16,7.771561172376096e-16
block4_n8_T32_s9401103,block4,8,32,9401103,104,8,832,pivoted_qr_repeated_basis,1e-08,1000,1.2019230769230769,9.615384615384615,True,6.480002775788307e-05,snapshot only,2.397727082563588e-16,3.3306690738754696e-16
block4_n8_T32_s9401103,block4,8,32,9401103,104,8,832,supported_group_factors,1e-08,856,1.0288461538461537,8.23076923076923,True,0.0006410999922081828,snapshot only,0.0,0.0
block4_n8_T32_s9401103,block4,8,32,9401103,104,8,832,owner_block_factors,1e-08,624,0.75,6.0,True,0.0011777000036090612,snapshot only,0.0,0.0
block4_n8_T32_s9401103,block4,8,32,9401103,104,8,832,kronecker_shared_input_basis,1e-08,856,1.0288461538461537,8.23076923076923,True,0.001382300048135221,snapshot only,0.0,0.0
block4_n8_T32_s9401103,block4,8,32,9401103,104,8,832,immediate_support_exact_slice_plus_svd_residual,1e-08,1112,1.3365384615384615,10.692307692307692,True,0.00011019990779459476,snapshot only,2.5339881004054415e-16,3.885780586188048e-16
block4_n8_T32_s9401103,block4,8,32,9401103,104,8,832,local_eligibility_plus_svd_residual,1e-08,1112,1.3365384615384615,10.692307692307692,True,9.539991151541471e-05,snapshot only,1.484272059358407e-15,2.858824288409778e-15
block4_n8_T32_s9401103,block4,8,32,9401103,104,8,832,global_svd,1e-10,896,1.0769230769230769,8.615384615384615,True,7.82000133767724e-05,snapshot only,6.58485576585567e-16,7.771561172376096e-16
block4_n8_T32_s9401103,block4,8,32,9401103,104,8,832,pivoted_qr_repeated_basis,1e-10,1000,1.2019230769230769,9.615384615384615,True,6.499991286545992e-05,snapshot only,2.397727082563588e-16,3.3306690738754696e-16
block4_n8_T32_s9401103,block4,8,32,9401103,104,8,832,supported_group_factors,1e-10,856,1.0288461538461537,8.23076923076923,True,0.0006396999815478921,snapshot only,0.0,0.0
block4_n8_T32_s9401103,block4,8,32,9401103,104,8,832,owner_block_factors,1e-10,624,0.75,6.0,True,0.0011973000364378095,snapshot only,0.0,0.0
block4_n8_T32_s9401103,block4,8,32,9401103,104,8,832,kronecker_shared_input_basis,1e-10,856,1.0288461538461537,8.23076923076923,True,0.0006220999639481306,snapshot only,0.0,0.0
block4_n8_T32_s9401103,block4,8,32,9401103,104,8,832,immediate_support_exact_slice_plus_svd_residual,1e-10,1112,1.3365384615384615,10.692307692307692,True,9.06999921426177e-05,snapshot only,2.5339881004054415e-16,3.885780586188048e-16
block4_n8_T32_s9401103,block4,8,32,9401103,104,8,832,local_eligibility_plus_svd_residual,1e-10,1112,1.3365384615384615,10.692307692307692,True,8.240004535764456e-05,snapshot only,1.484272059358407e-15,2.858824288409778e-15
block4_n8_T32_s9401103,block4,8,32,9401103,104,8,832,global_svd,1e-12,896,1.0769230769230769,8.615384615384615,True,7.700000423938036e-05,snapshot only,6.58485576585567e-16,7.771561172376096e-16
block4_n8_T32_s9401103,block4,8,32,9401103,104,8,832,pivoted_qr_repeated_basis,1e-12,1000,1.2019230769230769,9.615384615384615,True,5.279993638396263e-05,snapshot only,2.397727082563588e-16,3.3306690738754696e-16
block4_n8_T32_s9401103,block4,8,32,9401103,104,8,832,supported_group_factors,1e-12,856,1.0288461538461537,8.23076923076923,True,0.0006379999686032534,snapshot only,0.0,0.0
block4_n8_T32_s9401103,block4,8,32,9401103,104,8,832,owner_block_factors,1e-12,624,0.75,6.0,True,0.0011934000067412853,snapshot only,0.0,0.0
block4_n8_T32_s9401103,block4,8,32,9401103,104,8,832,kronecker_shared_input_basis,1e-12,856,1.0288461538461537,8.23076923076923,True,0.000620800070464611,snapshot only,0.0,0.0
block4_n8_T32_s9401103,block4,8,32,9401103,104,8,832,immediate_support_exact_slice_plus_svd_residual,1e-12,1112,1.3365384615384615,10.692307692307692,True,9.34000127017498e-05,snapshot only,2.5339881004054415e-16,3.885780586188048e-16
block4_n8_T32_s9401103,block4,8,32,9401103,104,8,832,local_eligibility_plus_svd_residual,1e-12,1112,1.3365384615384615,10.692307692307692,True,8.599995635449886e-05,snapshot only,1.484272059358407e-15,2.858824288409778e-15
block4_n8_T32_s9401104,block4,8,32,9401104,104,8,832,full_matrix,1e-08,832,1.0,8.0,True,7.00005330145359e-07,online baseline,0.0,0.0
block4_n8_T32_s9401104,block4,8,32,9401104,104,8,832,coordinate_sparse,1e-08,832,1.0,8.0,True,1.6300007700920105e-05,snapshot only,0.0,0.0
block4_n8_T32_s9401104,block4,8,32,9401104,104,8,832,block_sparse_triangular,1e-08,528,0.6346153846153846,5.076923076923077,True,2.1000043489038944e-05,known closed online block recurrence,0.0,0.0
block4_n8_T32_s9401104,block4,8,32,9401104,104,8,832,global_svd,1e-08,896,1.0769230769230769,8.615384615384615,True,0.00011200003791600466,snapshot only,8.05250235569905e-16,1.1102230246251565e-15
block4_n8_T32_s9401104,block4,8,32,9401104,104,8,832,pivoted_qr_repeated_basis,1e-08,1000,1.2019230769230769,9.615384615384615,True,6.510003004223108e-05,snapshot only,2.790140268439299e-16,3.3306690738754696e-16
block4_n8_T32_s9401104,block4,8,32,9401104,104,8,832,supported_group_factors,1e-08,856,1.0288461538461537,8.23076923076923,True,0.0007058999035507441,snapshot only,0.0,0.0
block4_n8_T32_s9401104,block4,8,32,9401104,104,8,832,owner_block_factors,1e-08,624,0.75,6.0,True,0.001322000054642558,snapshot only,0.0,0.0
block4_n8_T32_s9401104,block4,8,32,9401104,104,8,832,kronecker_shared_input_basis,1e-08,856,1.0288461538461537,8.23076923076923,True,0.0006847999757155776,snapshot only,0.0,0.0
block4_n8_T32_s9401104,block4,8,32,9401104,104,8,832,immediate_support_exact_slice_plus_svd_residual,1e-08,1112,1.3365384615384615,10.692307692307692,True,0.00019350007642060518,snapshot only,2.451458504224545e-16,2.7755575615628914e-16
block4_n8_T32_s9401104,block4,8,32,9401104,104,8,832,local_eligibility_plus_svd_residual,1e-08,1112,1.3365384615384615,10.692307692307692,True,0.00010580010712146759,snapshot only,1.9659156081060405e-16,2.220446049250313e-16
block4_n8_T32_s9401104,block4,8,32,9401104,104,8,832,global_svd,1e-10,896,1.0769230769230769,8.615384615384615,True,8.500006515532732e-05,snapshot only,8.05250235569905e-16,1.1102230246251565e-15
block4_n8_T32_s9401104,block4,8,32,9401104,104,8,832,pivoted_qr_repeated_basis,1e-10,1000,1.2019230769230769,9.615384615384615,True,7.290008943527937e-05,snapshot only,2.790140268439299e-16,3.3306690738754696e-16
block4_n8_T32_s9401104,block4,8,32,9401104,104,8,832,supported_group_factors,1e-10,856,1.0288461538461537,8.23076923076923,True,0.0007460999768227339,snapshot only,0.0,0.0
block4_n8_T32_s9401104,block4,8,32,9401104,104,8,832,owner_block_factors,1e-10,624,0.75,6.0,True,0.0013751001097261906,snapshot only,0.0,0.0
block4_n8_T32_s9401104,block4,8,32,9401104,104,8,832,kronecker_shared_input_basis,1e-10,856,1.0288461538461537,8.23076923076923,True,0.0008635999402031302,snapshot only,0.0,0.0
block4_n8_T32_s9401104,block4,8,32,9401104,104,8,832,immediate_support_exact_slice_plus_svd_residual,1e-10,1112,1.3365384615384615,10.692307692307692,True,0.00010369997471570969,snapshot only,2.451458504224545e-16,2.7755575615628914e-16
block4_n8_T32_s9401104,block4,8,32,9401104,104,8,832,local_eligibility_plus_svd_residual,1e-10,1112,1.3365384615384615,10.692307692307692,True,9.470002260059118e-05,snapshot only,1.9659156081060405e-16,2.220446049250313e-16
block4_n8_T32_s9401104,block4,8,32,9401104,104,8,832,global_svd,1e-12,896,1.0769230769230769,8.615384615384615,True,8.380005601793528e-05,snapshot only,8.05250235569905e-16,1.1102230246251565e-15
block4_n8_T32_s9401104,block4,8,32,9401104,104,8,832,pivoted_qr_repeated_basis,1e-12,1000,1.2019230769230769,9.615384615384615,True,6.360001862049103e-05,snapshot only,2.790140268439299e-16,3.3306690738754696e-16
block4_n8_T32_s9401104,block4,8,32,9401104,104,8,832,supported_group_factors,1e-12,856,1.0288461538461537,8.23076923076923,True,0.000697100069373846,snapshot only,0.0,0.0
block4_n8_T32_s9401104,block4,8,32,9401104,104,8,832,owner_block_factors,1e-12,624,0.75,6.0,True,0.0012832999927923083,snapshot only,0.0,0.0
block4_n8_T32_s9401104,block4,8,32,9401104,104,8,832,kronecker_shared_input_basis,1e-12,856,1.0288461538461537,8.23076923076923,True,0.0006154000293463469,snapshot only,0.0,0.0
block4_n8_T32_s9401104,block4,8,32,9401104,104,8,832,immediate_support_exact_slice_plus_svd_residual,1e-12,1112,1.3365384615384615,10.692307692307692,True,9.350001346319914e-05,snapshot only,2.451458504224545e-16,2.7755575615628914e-16
block4_n8_T32_s9401104,block4,8,32,9401104,104,8,832,local_eligibility_plus_svd_residual,1e-12,1112,1.3365384615384615,10.692307692307692,True,8.470006287097931e-05,snapshot only,1.9659156081060405e-16,2.220446049250313e-16
block4_n8_T128_s9401100,block4,8,128,9401100,104,8,832,full_matrix,1e-08,832,1.0,8.0,True,6.00004568696022e-07,online baseline,0.0,0.0
block4_n8_T128_s9401100,block4,8,128,9401100,104,8,832,coordinate_sparse,1e-08,832,1.0,8.0,True,1.550000160932541e-05,snapshot only,0.0,0.0
block4_n8_T128_s9401100,block4,8,128,9401100,104,8,832,block_sparse_triangular,1e-08,528,0.6346153846153846,5.076923076923077,True,2.2300053387880325e-05,known closed online block recurrence,0.0,0.0
block4_n8_T128_s9401100,block4,8,128,9401100,104,8,832,global_svd,1e-08,896,1.0769230769230769,8.615384615384615,True,0.00011040002573281527,snapshot only,3.4027886255182355e-15,4.218847493575595e-15
block4_n8_T128_s9401100,block4,8,128,9401100,104,8,832,pivoted_qr_repeated_basis,1e-08,1000,1.2019230769230769,9.615384615384615,True,6.54000323265791e-05,snapshot only,3.8113679653323957e-16,6.661338147750939e-16
block4_n8_T128_s9401100,block4,8,128,9401100,104,8,832,supported_group_factors,1e-08,856,1.0288461538461537,8.23076923076923,True,0.0006572999991476536,snapshot only,0.0,0.0
block4_n8_T128_s9401100,block4,8,128,9401100,104,8,832,owner_block_factors,1e-08,624,0.75,6.0,True,0.0013621000107377768,snapshot only,0.0,0.0
block4_n8_T128_s9401100,block4,8,128,9401100,104,8,832,kronecker_shared_input_basis,1e-08,856,1.0288461538461537,8.23076923076923,True,0.0006606000242754817,snapshot only,0.0,0.0
block4_n8_T128_s9401100,block4,8,128,9401100,104,8,832,immediate_support_exact_slice_plus_svd_residual,1e-08,1112,1.3365384615384615,10.692307692307692,True,9.159999899566174e-05,snapshot only,8.464685299986403e-16,1.5543122344752192e-15
block4_n8_T128_s9401100,block4,8,128,9401100,104,8,832,local_eligibility_plus_svd_residual,1e-08,1112,1.3365384615384615,10.692307692307692,True,8.180004078894854e-05,snapshot only,2.616025901167047e-16,3.3306690738754696e-16
block4_n8_T128_s9401100,block4,8,128,9401100,104,8,832,global_svd,1e-10,896,1.0769230769230769,8.615384615384615,True,7.420009933412075e-05,snapshot only,3.4027886255182355e-15,4.218847493575595e-15
block4_n8_T128_s9401100,block4,8,128,9401100,104,8,832,pivoted_qr_repeated_basis,1e-10,1000,1.2019230769230769,9.615384615384615,True,5.3799943998456e-05,snapshot only,3.8113679653323957e-16,6.661338147750939e-16
block4_n8_T128_s9401100,block4,8,128,9401100,104,8,832,supported_group_factors,1e-10,856,1.0288461538461537,8.23076923076923,True,0.0006302000256255269,snapshot only,0.0,0.0
block4_n8_T128_s9401100,block4,8,128,9401100,104,8,832,owner_block_factors,1e-10,624,0.75,6.0,True,0.001193300005979836,snapshot only,0.0,0.0
block4_n8_T128_s9401100,block4,8,128,9401100,104,8,832,kronecker_shared_input_basis,1e-10,856,1.0288461538461537,8.23076923076923,True,0.0006168999243527651,snapshot only,0.0,0.0
block4_n8_T128_s9401100,block4,8,128,9401100,104,8,832,immediate_support_exact_slice_plus_svd_residual,1e-10,1112,1.3365384615384615,10.692307692307692,True,9.179988410323858e-05,snapshot only,8.464685299986403e-16,1.5543122344752192e-15
block4_n8_T128_s9401100,block4,8,128,9401100,104,8,832,local_eligibility_plus_svd_residual,1e-10,1112,1.3365384615384615,10.692307692307692,True,8.299993351101875e-05,snapshot only,2.616025901167047e-16,3.3306690738754696e-16
block4_n8_T128_s9401100,block4,8,128,9401100,104,8,832,global_svd,1e-12,896,1.0769230769230769,8.615384615384615,True,7.209996692836285e-05,snapshot only,3.4027886255182355e-15,4.218847493575595e-15
block4_n8_T128_s9401100,block4,8,128,9401100,104,8,832,pivoted_qr_repeated_basis,1e-12,1000,1.2019230769230769,9.615384615384615,True,5.140004213899374e-05,snapshot only,3.8113679653323957e-16,6.661338147750939e-16
block4_n8_T128_s9401100,block4,8,128,9401100,104,8,832,supported_group_factors,1e-12,856,1.0288461538461537,8.23076923076923,True,0.0006398999830707908,snapshot only,0.0,0.0
block4_n8_T128_s9401100,block4,8,128,9401100,104,8,832,owner_block_factors,1e-12,624,0.75,6.0,True,0.0011884999694302678,snapshot only,0.0,0.0
block4_n8_T128_s9401100,block4,8,128,9401100,104,8,832,kronecker_shared_input_basis,1e-12,856,1.0288461538461537,8.23076923076923,True,0.0006240000948309898,snapshot only,0.0,0.0
block4_n8_T128_s9401100,block4,8,128,9401100,104,8,832,immediate_support_exact_slice_plus_svd_residual,1e-12,1112,1.3365384615384615,10.692307692307692,True,9.029998909682035e-05,snapshot only,8.464685299986403e-16,1.5543122344752192e-15
block4_n8_T128_s9401100,block4,8,128,9401100,104,8,832,local_eligibility_plus_svd_residual,1e-12,1112,1.3365384615384615,10.692307692307692,True,8.320005144923925e-05,snapshot only,2.616025901167047e-16,3.3306690738754696e-16
block4_n8_T128_s9401101,block4,8,128,9401101,104,8,832,full_matrix,1e-08,832,1.0,8.0,True,7.00005330145359e-07,online baseline,0.0,0.0
block4_n8_T128_s9401101,block4,8,128,9401101,104,8,832,coordinate_sparse,1e-08,832,1.0,8.0,True,1.8300022929906845e-05,snapshot only,0.0,0.0
block4_n8_T128_s9401101,block4,8,128,9401101,104,8,832,block_sparse_triangular,1e-08,528,0.6346153846153846,5.076923076923077,True,2.2399937734007835e-05,known closed online block recurrence,0.0,0.0
block4_n8_T128_s9401101,block4,8,128,9401101,104,8,832,global_svd,1e-08,896,1.0769230769230769,8.615384615384615,True,0.00012280000373721123,snapshot only,8.255300571814461e-16,1.1102230246251565e-15
block4_n8_T128_s9401101,block4,8,128,9401101,104,8,832,pivoted_qr_repeated_basis,1e-08,1000,1.2019230769230769,9.615384615384615,True,6.940006278455257e-05,snapshot only,3.4607338263531884e-16,4.440892098500626e-16
block4_n8_T128_s9401101,block4,8,128,9401101,104,8,832,supported_group_factors,1e-08,856,1.0288461538461537,8.23076923076923,True,0.0006965999491512775,snapshot only,0.0,0.0
block4_n8_T128_s9401101,block4,8,128,9401101,104,8,832,owner_block_factors,1e-08,624,0.75,6.0,True,0.0013157000066712499,snapshot only,0.0,0.0
block4_n8_T128_s9401101,block4,8,128,9401101,104,8,832,kronecker_shared_input_basis,1e-08,856,1.0288461538461537,8.23076923076923,True,0.0006301000248640776,snapshot only,0.0,0.0
block4_n8_T128_s9401101,block4,8,128,9401101,104,8,832,immediate_support_exact_slice_plus_svd_residual,1e-08,1112,1.3365384615384615,10.692307692307692,True,9.240000508725643e-05,snapshot only,2.1327147750938054e-16,2.7755575615628914e-16
block4_n8_T128_s9401101,block4,8,128,9401101,104,8,832,local_eligibility_plus_svd_residual,1e-08,1112,1.3365384615384615,10.692307692307692,True,8.379993960261345e-05,snapshot only,2.8955806119746297e-16,3.3306690738754696e-16
block4_n8_T128_s9401101,block4,8,128,9401101,104,8,832,global_svd,1e-10,896,1.0769230769230769,8.615384615384615,True,7.349997758865356e-05,snapshot only,8.255300571814461e-16,1.1102230246251565e-15
block4_n8_T128_s9401101,block4,8,128,9401101,104,8,832,pivoted_qr_repeated_basis,1e-10,1000,1.2019230769230769,9.615384615384615,True,5.370005965232849e-05,snapshot only,3.4607338263531884e-16,4.440892098500626e-16
block4_n8_T128_s9401101,block4,8,128,9401101,104,8,832,supported_group_factors,1e-10,856,1.0288461538461537,8.23076923076923,True,0.0006539999740198255,snapshot only,0.0,0.0
block4_n8_T128_s9401101,block4,8,128,9401101,104,8,832,owner_block_factors,1e-10,624,0.75,6.0,True,0.001260099932551384,snapshot only,0.0,0.0
block4_n8_T128_s9401101,block4,8,128,9401101,104,8,832,kronecker_shared_input_basis,1e-10,856,1.0288461538461537,8.23076923076923,True,0.001014100038446486,snapshot only,0.0,0.0
block4_n8_T128_s9401101,block4,8,128,9401101,104,8,832,immediate_support_exact_slice_plus_svd_residual,1e-10,1112,1.3365384615384615,10.692307692307692,True,0.00010400009341537952,snapshot only,2.1327147750938054e-16,2.7755575615628914e-16
block4_n8_T128_s9401101,block4,8,128,9401101,104,8,832,local_eligibility_plus_svd_residual,1e-10,1112,1.3365384615384615,10.692307692307692,True,8.849997539073229e-05,snapshot only,2.8955806119746297e-16,3.3306690738754696e-16
block4_n8_T128_s9401101,block4,8,128,9401101,104,8,832,global_svd,1e-12,896,1.0769230769230769,8.615384615384615,True,7.680000271648169e-05,snapshot only,8.255300571814461e-16,1.1102230246251565e-15
block4_n8_T128_s9401101,block4,8,128,9401101,104,8,832,pivoted_qr_repeated_basis,1e-12,1000,1.2019230769230769,9.615384615384615,True,5.719996988773346e-05,snapshot only,3.4607338263531884e-16,4.440892098500626e-16
block4_n8_T128_s9401101,block4,8,128,9401101,104,8,832,supported_group_factors,1e-12,856,1.0288461538461537,8.23076923076923,True,0.0008055999642238021,snapshot only,0.0,0.0
block4_n8_T128_s9401101,block4,8,128,9401101,104,8,832,owner_block_factors,1e-12,624,0.75,6.0,True,0.0012372999917715788,snapshot only,0.0,0.0
block4_n8_T128_s9401101,block4,8,128,9401101,104,8,832,kronecker_shared_input_basis,1e-12,856,1.0288461538461537,8.23076923076923,True,0.0006484000477939844,snapshot only,0.0,0.0
block4_n8_T128_s9401101,block4,8,128,9401101,104,8,832,immediate_support_exact_slice_plus_svd_residual,1e-12,1112,1.3365384615384615,10.692307692307692,True,9.220000356435776e-05,snapshot only,2.1327147750938054e-16,2.7755575615628914e-16
block4_n8_T128_s9401101,block4,8,128,9401101,104,8,832,local_eligibility_plus_svd_residual,1e-12,1112,1.3365384615384615,10.692307692307692,True,8.240004535764456e-05,snapshot only,2.8955806119746297e-16,3.3306690738754696e-16
block4_n8_T128_s9401102,block4,8,128,9401102,104,8,832,full_matrix,1e-08,832,1.0,8.0,True,7.00005330145359e-07,online baseline,0.0,0.0
block4_n8_T128_s9401102,block4,8,128,9401102,104,8,832,coordinate_sparse,1e-08,832,1.0,8.0,True,1.580000389367342e-05,snapshot only,0.0,0.0
block4_n8_T128_s9401102,block4,8,128,9401102,104,8,832,block_sparse_triangular,1e-08,528,0.6346153846153846,5.076923076923077,True,0.00035260000731796026,known closed online block recurrence,0.0,0.0
block4_n8_T128_s9401102,block4,8,128,9401102,104,8,832,global_svd,1e-08,896,1.0769230769230769,8.615384615384615,True,0.00012980005703866482,snapshot only,6.025095077490745e-16,9.992007221626409e-16
block4_n8_T128_s9401102,block4,8,128,9401102,104,8,832,pivoted_qr_repeated_basis,1e-08,1000,1.2019230769230769,9.615384615384615,True,6.700004450976849e-05,snapshot only,4.744976317430833e-16,8.049116928532385e-16
block4_n8_T128_s9401102,block4,8,128,9401102,104,8,832,supported_group_factors,1e-08,856,1.0288461538461537,8.23076923076923,True,0.0006329999305307865,snapshot only,0.0,0.0
block4_n8_T128_s9401102,block4,8,128,9401102,104,8,832,owner_block_factors,1e-08,624,0.75,6.0,True,0.0013876000884920359,snapshot only,0.0,0.0
block4_n8_T128_s9401102,block4,8,128,9401102,104,8,832,kronecker_shared_input_basis,1e-08,856,1.0288461538461537,8.23076923076923,True,0.0006281000096350908,snapshot only,0.0,0.0
block4_n8_T128_s9401102,block4,8,128,9401102,104,8,832,immediate_support_exact_slice_plus_svd_residual,1e-08,1112,1.3365384615384615,10.692307692307692,True,9.380001574754715e-05,snapshot only,1.6921501649735148e-16,1.6653345369377348e-16
block4_n8_T128_s9401102,block4,8,128,9401102,104,8,832,local_eligibility_plus_svd_residual,1e-08,1112,1.3365384615384615,10.692307692307692,True,8.719996549189091e-05,snapshot only,1.8229539876159807e-16,2.220446049250313e-16
block4_n8_T128_s9401102,block4,8,128,9401102,104,8,832,global_svd,1e-10,896,1.0769230769230769,8.615384615384615,True,7.309997454285622e-05,snapshot only,6.025095077490745e-16,9.992007221626409e-16
block4_n8_T128_s9401102,block4,8,128,9401102,104,8,832,pivoted_qr_repeated_basis,1e-10,1000,1.2019230769230769,9.615384615384615,True,5.3799943998456e-05,snapshot only,4.744976317430833e-16,8.049116928532385e-16
block4_n8_T128_s9401102,block4,8,128,9401102,104,8,832,supported_group_factors,1e-10,856,1.0288461538461537,8.23076923076923,True,0.0006256999913603067,snapshot only,0.0,0.0
block4_n8_T128_s9401102,block4,8,128,9401102,104,8,832,owner_block_factors,1e-10,624,0.75,6.0,True,0.0011905999854207039,snapshot only,0.0,0.0
block4_n8_T128_s9401102,block4,8,128,9401102,104,8,832,kronecker_shared_input_basis,1e-10,856,1.0288461538461537,8.23076923076923,True,0.0006077999714761972,snapshot only,0.0,0.0
block4_n8_T128_s9401102,block4,8,128,9401102,104,8,832,immediate_support_exact_slice_plus_svd_residual,1e-10,1112,1.3365384615384615,10.692307692307692,True,8.889997843652964e-05,snapshot only,1.6921501649735148e-16,1.6653345369377348e-16
block4_n8_T128_s9401102,block4,8,128,9401102,104,8,832,local_eligibility_plus_svd_residual,1e-10,1112,1.3365384615384615,10.692307692307692,True,8.269993122667074e-05,snapshot only,1.8229539876159807e-16,2.220446049250313e-16
block4_n8_T128_s9401102,block4,8,128,9401102,104,8,832,global_svd,1e-12,896,1.0769230769230769,8.615384615384615,True,7.150007877498865e-05,snapshot only,6.025095077490745e-16,9.992007221626409e-16
block4_n8_T128_s9401102,block4,8,128,9401102,104,8,832,pivoted_qr_repeated_basis,1e-12,1000,1.2019230769230769,9.615384615384615,True,5.059991963207722e-05,snapshot only,4.744976317430833e-16,8.049116928532385e-16
block4_n8_T128_s9401102,block4,8,128,9401102,104,8,832,supported_group_factors,1e-12,856,1.0288461538461537,8.23076923076923,True,0.000618400052189827,snapshot only,0.0,0.0
block4_n8_T128_s9401102,block4,8,128,9401102,104,8,832,owner_block_factors,1e-12,624,0.75,6.0,True,0.001173799973912537,snapshot only,0.0,0.0
block4_n8_T128_s9401102,block4,8,128,9401102,104,8,832,kronecker_shared_input_basis,1e-12,856,1.0288461538461537,8.23076923076923,True,0.0006076999707147479,snapshot only,0.0,0.0
block4_n8_T128_s9401102,block4,8,128,9401102,104,8,832,immediate_support_exact_slice_plus_svd_residual,1e-12,1112,1.3365384615384615,10.692307692307692,True,8.839997462928295e-05,snapshot only,1.6921501649735148e-16,1.6653345369377348e-16
block4_n8_T128_s9401102,block4,8,128,9401102,104,8,832,local_eligibility_plus_svd_residual,1e-12,1112,1.3365384615384615,10.692307692307692,True,8.050003089010715e-05,snapshot only,1.8229539876159807e-16,2.220446049250313e-16
block4_n8_T128_s9401103,block4,8,128,9401103,104,8,832,full_matrix,1e-08,832,1.0,8.0,True,6.00004568696022e-07,online baseline,0.0,0.0
block4_n8_T128_s9401103,block4,8,128,9401103,104,8,832,coordinate_sparse,1e-08,832,1.0,8.0,True,1.4299992471933365e-05,snapshot only,0.0,0.0
block4_n8_T128_s9401103,block4,8,128,9401103,104,8,832,block_sparse_triangular,1e-08,528,0.6346153846153846,5.076923076923077,True,2.0900042727589607e-05,known closed online block recurrence,0.0,0.0
block4_n8_T128_s9401103,block4,8,128,9401103,104,8,832,global_svd,1e-08,896,1.0769230769230769,8.615384615384615,True,0.0003434999380260706,snapshot only,5.962447387637355e-16,8.881784197001252e-16
block4_n8_T128_s9401103,block4,8,128,9401103,104,8,832,pivoted_qr_repeated_basis,1e-08,1000,1.2019230769230769,9.615384615384615,True,8.909997995942831e-05,snapshot only,2.959171974934013e-16,3.3306690738754696e-16
block4_n8_T128_s9401103,block4,8,128,9401103,104,8,832,supported_group_factors,1e-08,856,1.0288461538461537,8.23076923076923,True,0.0006927000358700752,snapshot only,0.0,0.0
block4_n8_T128_s9401103,block4,8,128,9401103,104,8,832,owner_block_factors,1e-08,624,0.75,6.0,True,0.001233499962836504,snapshot only,0.0,0.0
block4_n8_T128_s9401103,block4,8,128,9401103,104,8,832,kronecker_shared_input_basis,1e-08,856,1.0288461538461537,8.23076923076923,True,0.0006297000218182802,snapshot only,0.0,0.0
block4_n8_T128_s9401103,block4,8,128,9401103,104,8,832,immediate_support_exact_slice_plus_svd_residual,1e-08,1112,1.3365384615384615,10.692307692307692,True,9.220000356435776e-05,snapshot only,2.0940388870031113e-16,3.3306690738754696e-16
block4_n8_T128_s9401103,block4,8,128,9401103,104,8,832,local_eligibility_plus_svd_residual,1e-08,1112,1.3365384615384615,10.692307692307692,True,8.230004459619522e-05,snapshot only,9.547628116958333e-16,1.582067810090848e-15
block4_n8_T128_s9401103,block4,8,128,9401103,104,8,832,global_svd,1e-10,896,1.0769230769230769,8.615384615384615,True,7.179996464401484e-05,snapshot only,5.962447387637355e-16,8.881784197001252e-16
block4_n8_T128_s9401103,block4,8,128,9401103,104,8,832,pivoted_qr_repeated_basis,1e-10,1000,1.2019230769230769,9.615384615384615,True,5.340005736798048e-05,snapshot only,2.959171974934013e-16,3.3306690738754696e-16
block4_n8_T128_s9401103,block4,8,128,9401103,104,8,832,supported_group_factors,1e-10,856,1.0288461538461537,8.23076923076923,True,0.0006315000355243683,snapshot only,0.0,0.0
block4_n8_T128_s9401103,block4,8,128,9401103,104,8,832,owner_block_factors,1e-10,624,0.75,6.0,True,0.0011900999816134572,snapshot only,0.0,0.0
block4_n8_T128_s9401103,block4,8,128,9401103,104,8,832,kronecker_shared_input_basis,1e-10,856,1.0288461538461537,8.23076923076923,True,0.0006201999494805932,snapshot only,0.0,0.0
block4_n8_T128_s9401103,block4,8,128,9401103,104,8,832,immediate_support_exact_slice_plus_svd_residual,1e-10,1112,1.3365384615384615,10.692307692307692,True,9.210000280290842e-05,snapshot only,2.0940388870031113e-16,3.3306690738754696e-16
block4_n8_T128_s9401103,block4,8,128,9401103,104,8,832,local_eligibility_plus_svd_residual,1e-10,1112,1.3365384615384615,10.692307692307692,True,8.849997539073229e-05,snapshot only,9.547628116958333e-16,1.582067810090848e-15
block4_n8_T128_s9401103,block4,8,128,9401103,104,8,832,global_svd,1e-12,896,1.0769230769230769,8.615384615384615,True,7.240008562803268e-05,snapshot only,5.962447387637355e-16,8.881784197001252e-16
block4_n8_T128_s9401103,block4,8,128,9401103,104,8,832,pivoted_qr_repeated_basis,1e-12,1000,1.2019230769230769,9.615384615384615,True,5.0999922677874565e-05,snapshot only,2.959171974934013e-16,3.3306690738754696e-16
block4_n8_T128_s9401103,block4,8,128,9401103,104,8,832,supported_group_factors,1e-12,856,1.0288461538461537,8.23076923076923,True,0.0006240999791771173,snapshot only,0.0,0.0
block4_n8_T128_s9401103,block4,8,128,9401103,104,8,832,owner_block_factors,1e-12,624,0.75,6.0,True,0.0011784000089392066,snapshot only,0.0,0.0
block4_n8_T128_s9401103,block4,8,128,9401103,104,8,832,kronecker_shared_input_basis,1e-12,856,1.0288461538461537,8.23076923076923,True,0.0006099999882280827,snapshot only,0.0,0.0
block4_n8_T128_s9401103,block4,8,128,9401103,104,8,832,immediate_support_exact_slice_plus_svd_residual,1e-12,1112,1.3365384615384615,10.692307692307692,True,0.00016089994460344315,snapshot only,2.0940388870031113e-16,3.3306690738754696e-16
block4_n8_T128_s9401103,block4,8,128,9401103,104,8,832,local_eligibility_plus_svd_residual,1e-12,1112,1.3365384615384615,10.692307692307692,True,9.039998985826969e-05,snapshot only,9.547628116958333e-16,1.582067810090848e-15
block4_n8_T128_s9401104,block4,8,128,9401104,104,8,832,full_matrix,1e-08,832,1.0,8.0,True,6.00004568696022e-07,online baseline,0.0,0.0
block4_n8_T128_s9401104,block4,8,128,9401104,104,8,832,coordinate_sparse,1e-08,832,1.0,8.0,True,1.4399993233382702e-05,snapshot only,0.0,0.0
block4_n8_T128_s9401104,block4,8,128,9401104,104,8,832,block_sparse_triangular,1e-08,528,0.6346153846153846,5.076923076923077,True,2.080004196614027e-05,known closed online block recurrence,0.0,0.0
block4_n8_T128_s9401104,block4,8,128,9401104,104,8,832,global_svd,1e-08,896,1.0769230769230769,8.615384615384615,True,0.00010180007666349411,snapshot only,2.6035638055383307e-15,4.912736883966318e-15
block4_n8_T128_s9401104,block4,8,128,9401104,104,8,832,pivoted_qr_repeated_basis,1e-08,1000,1.2019230769230769,9.615384615384615,True,6.200000643730164e-05,snapshot only,2.3654932690570724e-16,3.3306690738754696e-16
block4_n8_T128_s9401104,block4,8,128,9401104,104,8,832,supported_group_factors,1e-08,856,1.0288461538461537,8.23076923076923,True,0.0010969999711960554,snapshot only,0.0,0.0
block4_n8_T128_s9401104,block4,8,128,9401104,104,8,832,owner_block_factors,1e-08,624,0.75,6.0,True,0.0012117000296711922,snapshot only,0.0,0.0
block4_n8_T128_s9401104,block4,8,128,9401104,104,8,832,kronecker_shared_input_basis,1e-08,856,1.0288461538461537,8.23076923076923,True,0.0006394999800249934,snapshot only,0.0,0.0
block4_n8_T128_s9401104,block4,8,128,9401104,104,8,832,immediate_support_exact_slice_plus_svd_residual,1e-08,1112,1.3365384615384615,10.692307692307692,True,9.760004468262196e-05,snapshot only,2.1345212005947793e-16,2.498001805406602e-16
block4_n8_T128_s9401104,block4,8,128,9401104,104,8,832,local_eligibility_plus_svd_residual,1e-08,1112,1.3365384615384615,10.692307692307692,True,8.569995407015085e-05,snapshot only,2.1340657145108834e-16,2.220446049250313e-16
block4_n8_T128_s9401104,block4,8,128,9401104,104,8,832,global_svd,1e-10,896,1.0769230769230769,8.615384615384615,True,7.24999699741602e-05,snapshot only,2.6035638055383307e-15,4.912736883966318e-15
block4_n8_T128_s9401104,block4,8,128,9401104,104,8,832,pivoted_qr_repeated_basis,1e-10,1000,1.2019230769230769,9.615384615384615,True,6.65000407025218e-05,snapshot only,2.3654932690570724e-16,3.3306690738754696e-16
block4_n8_T128_s9401104,block4,8,128,9401104,104,8,832,supported_group_factors,1e-10,856,1.0288461538461537,8.23076923076923,True,0.000775099964812398,snapshot only,0.0,0.0
block4_n8_T128_s9401104,block4,8,128,9401104,104,8,832,owner_block_factors,1e-10,624,0.75,6.0,True,0.001262499950826168,snapshot only,0.0,0.0
block4_n8_T128_s9401104,block4,8,128,9401104,104,8,832,kronecker_shared_input_basis,1e-10,856,1.0288461538461537,8.23076923076923,True,0.0006293000187724829,snapshot only,0.0,0.0
block4_n8_T128_s9401104,block4,8,128,9401104,104,8,832,immediate_support_exact_slice_plus_svd_residual,1e-10,1112,1.3365384615384615,10.692307692307692,True,9.570003021508455e-05,snapshot only,2.1345212005947793e-16,2.498001805406602e-16
block4_n8_T128_s9401104,block4,8,128,9401104,104,8,832,local_eligibility_plus_svd_residual,1e-10,1112,1.3365384615384615,10.692307692307692,True,8.219992741942406e-05,snapshot only,2.1340657145108834e-16,2.220446049250313e-16
block4_n8_T128_s9401104,block4,8,128,9401104,104,8,832,global_svd,1e-12,896,1.0769230769230769,8.615384615384615,True,7.309997454285622e-05,snapshot only,2.6035638055383307e-15,4.912736883966318e-15
block4_n8_T128_s9401104,block4,8,128,9401104,104,8,832,pivoted_qr_repeated_basis,1e-12,1000,1.2019230769230769,9.615384615384615,True,5.2200048230588436e-05,snapshot only,2.3654932690570724e-16,3.3306690738754696e-16
block4_n8_T128_s9401104,block4,8,128,9401104,104,8,832,supported_group_factors,1e-12,856,1.0288461538461537,8.23076923076923,True,0.0006352999480441213,snapshot only,0.0,0.0
block4_n8_T128_s9401104,block4,8,128,9401104,104,8,832,owner_block_factors,1e-12,624,0.75,6.0,True,0.0011763999937102199,snapshot only,0.0,0.0
block4_n8_T128_s9401104,block4,8,128,9401104,104,8,832,kronecker_shared_input_basis,1e-12,856,1.0288461538461537,8.23076923076923,True,0.0006158999167382717,snapshot only,0.0,0.0
block4_n8_T128_s9401104,block4,8,128,9401104,104,8,832,immediate_support_exact_slice_plus_svd_residual,1e-12,1112,1.3365384615384615,10.692307692307692,True,9.330001194030046e-05,snapshot only,2.1345212005947793e-16,2.498001805406602e-16
block4_n8_T128_s9401104,block4,8,128,9401104,104,8,832,local_eligibility_plus_svd_residual,1e-12,1112,1.3365384615384615,10.692307692307692,True,8.25000461190939e-05,snapshot only,2.1340657145108834e-16,2.220446049250313e-16
block4_n16_T32_s9401100,block4,16,32,9401100,336,16,5376,full_matrix,1e-08,5376,1.0,16.0,True,7.00005330145359e-07,online baseline,0.0,0.0
block4_n16_T32_s9401100,block4,16,32,9401100,336,16,5376,coordinate_sparse,1e-08,2688,0.5,8.0,True,4.199997056275606e-05,snapshot only,0.0,0.0
block4_n16_T32_s9401100,block4,16,32,9401100,336,16,5376,block_sparse_triangular,1e-08,1696,0.31547619047619047,5.0476190476190474,True,3.839994315057993e-05,known closed online block recurrence,0.0,0.0
block4_n16_T32_s9401100,block4,16,32,9401100,336,16,5376,global_svd,1e-08,5632,1.0476190476190477,16.761904761904763,True,0.00022519996855407953,snapshot only,2.197049980285573e-15,4.246603069191224e-15
block4_n16_T32_s9401100,block4,16,32,9401100,336,16,5376,pivoted_qr_repeated_basis,1e-08,5968,1.1101190476190477,17.761904761904763,True,0.00010210007894784212,snapshot only,3.9846796119747105e-16,7.771561172376096e-16
block4_n16_T32_s9401100,block4,16,32,9401100,336,16,5376,supported_group_factors,1e-08,5424,1.0089285714285714,16.142857142857142,True,0.0017654000548645854,snapshot only,0.0,0.0
block4_n16_T32_s9401100,block4,16,32,9401100,336,16,5376,owner_block_factors,1e-08,2400,0.44642857142857145,7.142857142857143,True,0.0043181999353691936,snapshot only,0.0,0.0
block4_n16_T32_s9401100,block4,16,32,9401100,336,16,5376,kronecker_shared_input_basis,1e-08,5408,1.005952380952381,16.095238095238095,True,0.0017428999999538064,snapshot only,6.390958833935162e-10,4.372034123623081e-10
block4_n16_T32_s9401100,block4,16,32,9401100,336,16,5376,immediate_support_exact_slice_plus_svd_residual,1e-08,6320,1.1755952380952381,18.80952380952381,True,0.00018859992269426584,snapshot only,5.7431488026323e-16,1.27675647831893e-15
block4_n16_T32_s9401100,block4,16,32,9401100,336,16,5376,local_eligibility_plus_svd_residual,1e-08,6320,1.1755952380952381,18.80952380952381,True,0.00018019997514784336,snapshot only,3.0476380973658253e-16,4.996003610813204e-16
block4_n16_T32_s9401100,block4,16,32,9401100,336,16,5376,global_svd,1e-10,5632,1.0476190476190477,16.761904761904763,True,0.00016050005797296762,snapshot only,2.197049980285573e-15,4.246603069191224e-15
block4_n16_T32_s9401100,block4,16,32,9401100,336,16,5376,pivoted_qr_repeated_basis,1e-10,5968,1.1101190476190477,17.761904761904763,True,0.00010849989484995604,snapshot only,3.9846796119747105e-16,7.771561172376096e-16
block4_n16_T32_s9401100,block4,16,32,9401100,336,16,5376,supported_group_factors,1e-10,5424,1.0089285714285714,16.142857142857142,True,0.001698700012639165,snapshot only,0.0,0.0
block4_n16_T32_s9401100,block4,16,32,9401100,336,16,5376,owner_block_factors,1e-10,2400,0.44642857142857145,7.142857142857143,True,0.0030219999607652426,snapshot only,0.0,0.0
block4_n16_T32_s9401100,block4,16,32,9401100,336,16,5376,kronecker_shared_input_basis,1e-10,5424,1.0089285714285714,16.142857142857142,True,0.0015989000676199794,snapshot only,0.0,0.0
block4_n16_T32_s9401100,block4,16,32,9401100,336,16,5376,immediate_support_exact_slice_plus_svd_residual,1e-10,6320,1.1755952380952381,18.80952380952381,True,0.00018350000027567148,snapshot only,5.7431488026323e-16,1.27675647831893e-15
block4_n16_T32_s9401100,block4,16,32,9401100,336,16,5376,local_eligibility_plus_svd_residual,1e-10,6320,1.1755952380952381,18.80952380952381,True,0.0001786999637261033,snapshot only,3.0476380973658253e-16,4.996003610813204e-16
block4_n16_T32_s9401100,block4,16,32,9401100,336,16,5376,global_svd,1e-12,5632,1.0476190476190477,16.761904761904763,True,0.00016329996287822723,snapshot only,2.197049980285573e-15,4.246603069191224e-15
block4_n16_T32_s9401100,block4,16,32,9401100,336,16,5376,pivoted_qr_repeated_basis,1e-12,5968,1.1101190476190477,17.761904761904763,True,0.00010219996329396963,snapshot only,3.9846796119747105e-16,7.771561172376096e-16
block4_n16_T32_s9401100,block4,16,32,9401100,336,16,5376,supported_group_factors,1e-12,5424,1.0089285714285714,16.142857142857142,True,0.002397300093434751,snapshot only,0.0,0.0
block4_n16_T32_s9401100,block4,16,32,9401100,336,16,5376,owner_block_factors,1e-12,2400,0.44642857142857145,7.142857142857143,True,0.003452999982982874,snapshot only,0.0,0.0
block4_n16_T32_s9401100,block4,16,32,9401100,336,16,5376,kronecker_shared_input_basis,1e-12,5424,1.0089285714285714,16.142857142857142,True,0.0018503000028431416,snapshot only,0.0,0.0
block4_n16_T32_s9401100,block4,16,32,9401100,336,16,5376,immediate_support_exact_slice_plus_svd_residual,1e-12,6320,1.1755952380952381,18.80952380952381,True,0.00018850003834813833,snapshot only,5.7431488026323e-16,1.27675647831893e-15
block4_n16_T32_s9401100,block4,16,32,9401100,336,16,5376,local_eligibility_plus_svd_residual,1e-12,6320,1.1755952380952381,18.80952380952381,True,0.00043260003440082073,snapshot only,3.0476380973658253e-16,4.996003610813204e-16
block4_n16_T32_s9401101,block4,16,32,9401101,336,16,5376,full_matrix,1e-08,5376,1.0,16.0,True,6.00004568696022e-07,online baseline,0.0,0.0
block4_n16_T32_s9401101,block4,16,32,9401101,336,16,5376,coordinate_sparse,1e-08,2688,0.5,8.0,True,1.8000020645558834e-05,snapshot only,0.0,0.0
block4_n16_T32_s9401101,block4,16,32,9401101,336,16,5376,block_sparse_triangular,1e-08,1696,0.31547619047619047,5.0476190476190474,True,3.720005042850971e-05,known closed online block recurrence,0.0,0.0
block4_n16_T32_s9401101,block4,16,32,9401101,336,16,5376,global_svd,1e-08,5632,1.0476190476190477,16.761904761904763,True,0.00021239998750388622,snapshot only,6.12631205248459e-16,8.881784197001252e-16
block4_n16_T32_s9401101,block4,16,32,9401101,336,16,5376,pivoted_qr_repeated_basis,1e-08,5968,1.1101190476190477,17.761904761904763,True,0.00010290008503943682,snapshot only,4.372428273583206e-16,6.38378239159465e-16
block4_n16_T32_s9401101,block4,16,32,9401101,336,16,5376,supported_group_factors,1e-08,5424,1.0089285714285714,16.142857142857142,True,0.001599700073711574,snapshot only,0.0,0.0
block4_n16_T32_s9401101,block4,16,32,9401101,336,16,5376,owner_block_factors,1e-08,2400,0.44642857142857145,7.142857142857143,True,0.00320609996560961,snapshot only,0.0,0.0
block4_n16_T32_s9401101,block4,16,32,9401101,336,16,5376,kronecker_shared_input_basis,1e-08,5408,1.005952380952381,16.095238095238095,True,0.001715000020340085,snapshot only,1.394329658271706e-09,1.30894506605167e-09
block4_n16_T32_s9401101,block4,16,32,9401101,336,16,5376,immediate_support_exact_slice_plus_svd_residual,1e-08,6320,1.1755952380952381,18.80952380952381,True,0.00021279999054968357,snapshot only,2.774746677621869e-16,4.996003610813204e-16
block4_n16_T32_s9401101,block4,16,32,9401101,336,16,5376,local_eligibility_plus_svd_residual,1e-08,6320,1.1755952380952381,18.80952380952381,True,0.00019109994173049927,snapshot only,5.18660359162998e-16,1.304512053934559e-15
block4_n16_T32_s9401101,block4,16,32,9401101,336,16,5376,global_svd,1e-10,5632,1.0476190476190477,16.761904761904763,True,0.00016680010594427586,snapshot only,6.12631205248459e-16,8.881784197001252e-16
block4_n16_T32_s9401101,block4,16,32,9401101,336,16,5376,pivoted_qr_repeated_basis,1e-10,5968,1.1101190476190477,17.761904761904763,True,0.0001039999770000577,snapshot only,4.372428273583206e-16,6.38378239159465e-16
block4_n16_T32_s9401101,block4,16,32,9401101,336,16,5376,supported_group_factors,1e-10,5424,1.0089285714285714,16.142857142857142,True,0.001595200039446354,snapshot only,0.0,0.0
block4_n16_T32_s9401101,block4,16,32,9401101,336,16,5376,owner_block_factors,1e-10,2400,0.44642857142857145,7.142857142857143,True,0.0028065999504178762,snapshot only,0.0,0.0
block4_n16_T32_s9401101,block4,16,32,9401101,336,16,5376,kronecker_shared_input_basis,1e-10,5424,1.0089285714285714,16.142857142857142,True,0.0020312999840825796,snapshot only,0.0,0.0
block4_n16_T32_s9401101,block4,16,32,9401101,336,16,5376,immediate_support_exact_slice_plus_svd_residual,1e-10,6320,1.1755952380952381,18.80952380952381,True,0.00023950007744133472,snapshot only,2.774746677621869e-16,4.996003610813204e-16
block4_n16_T32_s9401101,block4,16,32,9401101,336,16,5376,local_eligibility_plus_svd_residual,1e-10,6320,1.1755952380952381,18.80952380952381,True,0.00028410006780177355,snapshot only,5.18660359162998e-16,1.304512053934559e-15
block4_n16_T32_s9401101,block4,16,32,9401101,336,16,5376,global_svd,1e-12,5632,1.0476190476190477,16.761904761904763,True,0.0002031000331044197,snapshot only,6.12631205248459e-16,8.881784197001252e-16
block4_n16_T32_s9401101,block4,16,32,9401101,336,16,5376,pivoted_qr_repeated_basis,1e-12,5968,1.1101190476190477,17.761904761904763,True,0.000161800067871809,snapshot only,4.372428273583206e-16,6.38378239159465e-16
block4_n16_T32_s9401101,block4,16,32,9401101,336,16,5376,supported_group_factors,1e-12,5424,1.0089285714285714,16.142857142857142,True,0.002229000092484057,snapshot only,0.0,0.0
block4_n16_T32_s9401101,block4,16,32,9401101,336,16,5376,owner_block_factors,1e-12,2400,0.44642857142857145,7.142857142857143,True,0.0030957000562921166,snapshot only,0.0,0.0
block4_n16_T32_s9401101,block4,16,32,9401101,336,16,5376,kronecker_shared_input_basis,1e-12,5424,1.0089285714285714,16.142857142857142,True,0.0017461000243201852,snapshot only,0.0,0.0
block4_n16_T32_s9401101,block4,16,32,9401101,336,16,5376,immediate_support_exact_slice_plus_svd_residual,1e-12,6320,1.1755952380952381,18.80952380952381,True,0.00022000004537403584,snapshot only,2.774746677621869e-16,4.996003610813204e-16
block4_n16_T32_s9401101,block4,16,32,9401101,336,16,5376,local_eligibility_plus_svd_residual,1e-12,6320,1.1755952380952381,18.80952380952381,True,0.00021600001491606236,snapshot only,5.18660359162998e-16,1.304512053934559e-15
block4_n16_T32_s9401102,block4,16,32,9401102,336,16,5376,full_matrix,1e-08,5376,1.0,16.0,True,6.00004568696022e-07,online baseline,0.0,0.0
block4_n16_T32_s9401102,block4,16,32,9401102,336,16,5376,coordinate_sparse,1e-08,2688,0.5,8.0,True,1.6700010746717453e-05,snapshot only,0.0,0.0
block4_n16_T32_s9401102,block4,16,32,9401102,336,16,5376,block_sparse_triangular,1e-08,1696,0.31547619047619047,5.0476190476190474,True,3.7400051951408386e-05,known closed online block recurrence,0.0,0.0
block4_n16_T32_s9401102,block4,16,32,9401102,336,16,5376,global_svd,1e-08,5632,1.0476190476190477,16.761904761904763,True,0.00020459992811083794,snapshot only,5.793734974617707e-16,9.992007221626409e-16
block4_n16_T32_s9401102,block4,16,32,9401102,336,16,5376,pivoted_qr_repeated_basis,1e-08,5968,1.1101190476190477,17.761904761904763,True,0.00010309997014701366,snapshot only,3.607199785359197e-16,6.661338147750939e-16
block4_n16_T32_s9401102,block4,16,32,9401102,336,16,5376,supported_group_factors,1e-08,5424,1.0089285714285714,16.142857142857142,True,0.0015923000173643231,snapshot only,0.0,0.0
block4_n16_T32_s9401102,block4,16,32,9401102,336,16,5376,owner_block_factors,1e-08,2400,0.44642857142857145,7.142857142857143,True,0.0027242000214755535,snapshot only,0.0,0.0
block4_n16_T32_s9401102,block4,16,32,9401102,336,16,5376,kronecker_shared_input_basis,1e-08,5408,1.005952380952381,16.095238095238095,True,0.001685399911366403,snapshot only,4.066606892443295e-09,2.6120908561133582e-09
block4_n16_T32_s9401102,block4,16,32,9401102,336,16,5376,immediate_support_exact_slice_plus_svd_residual,1e-08,6320,1.1755952380952381,18.80952380952381,True,0.0001976999919861555,snapshot only,1.9447520294610142e-16,2.7755575615628914e-16
block4_n16_T32_s9401102,block4,16,32,9401102,336,16,5376,local_eligibility_plus_svd_residual,1e-08,6320,1.1755952380952381,18.80952380952381,True,0.00021510000806301832,snapshot only,2.734148611467098e-16,6.106226635438361e-16
block4_n16_T32_s9401102,block4,16,32,9401102,336,16,5376,global_svd,1e-10,5632,1.0476190476190477,16.761904761904763,True,0.00016599998343735933,snapshot only,5.793734974617707e-16,9.992007221626409e-16
block4_n16_T32_s9401102,block4,16,32,9401102,336,16,5376,pivoted_qr_repeated_basis,1e-10,5968,1.1101190476190477,17.761904761904763,True,0.00010140007361769676,snapshot only,3.607199785359197e-16,6.661338147750939e-16
block4_n16_T32_s9401102,block4,16,32,9401102,336,16,5376,supported_group_factors,1e-10,5424,1.0089285714285714,16.142857142857142,True,0.0015797000378370285,snapshot only,0.0,0.0
block4_n16_T32_s9401102,block4,16,32,9401102,336,16,5376,owner_block_factors,1e-10,2400,0.44642857142857145,7.142857142857143,True,0.002727899933233857,snapshot only,0.0,0.0
block4_n16_T32_s9401102,block4,16,32,9401102,336,16,5376,kronecker_shared_input_basis,1e-10,5424,1.0089285714285714,16.142857142857142,True,0.0015662999358028173,snapshot only,0.0,0.0
block4_n16_T32_s9401102,block4,16,32,9401102,336,16,5376,immediate_support_exact_slice_plus_svd_residual,1e-10,6320,1.1755952380952381,18.80952380952381,True,0.00017950008623301983,snapshot only,1.9447520294610142e-16,2.7755575615628914e-16
block4_n16_T32_s9401102,block4,16,32,9401102,336,16,5376,local_eligibility_plus_svd_residual,1e-10,6320,1.1755952380952381,18.80952380952381,True,0.00017180002760142088,snapshot only,2.734148611467098e-16,6.106226635438361e-16
block4_n16_T32_s9401102,block4,16,32,9401102,336,16,5376,global_svd,1e-12,5632,1.0476190476190477,16.761904761904763,True,0.00015840004198253155,snapshot only,5.793734974617707e-16,9.992007221626409e-16
block4_n16_T32_s9401102,block4,16,32,9401102,336,16,5376,pivoted_qr_repeated_basis,1e-12,5968,1.1101190476190477,17.761904761904763,True,9.240000508725643e-05,snapshot only,3.607199785359197e-16,6.661338147750939e-16
block4_n16_T32_s9401102,block4,16,32,9401102,336,16,5376,supported_group_factors,1e-12,5424,1.0089285714285714,16.142857142857142,True,0.0015678999479860067,snapshot only,0.0,0.0
block4_n16_T32_s9401102,block4,16,32,9401102,336,16,5376,owner_block_factors,1e-12,2400,0.44642857142857145,7.142857142857143,True,0.0030176000436767936,snapshot only,0.0,0.0
block4_n16_T32_s9401102,block4,16,32,9401102,336,16,5376,kronecker_shared_input_basis,1e-12,5424,1.0089285714285714,16.142857142857142,True,0.001590800005942583,snapshot only,0.0,0.0
block4_n16_T32_s9401102,block4,16,32,9401102,336,16,5376,immediate_support_exact_slice_plus_svd_residual,1e-12,6320,1.1755952380952381,18.80952380952381,True,0.00018009997438639402,snapshot only,1.9447520294610142e-16,2.7755575615628914e-16
block4_n16_T32_s9401102,block4,16,32,9401102,336,16,5376,local_eligibility_plus_svd_residual,1e-12,6320,1.1755952380952381,18.80952380952381,True,0.0001745999325066805,snapshot only,2.734148611467098e-16,6.106226635438361e-16
block4_n16_T32_s9401103,block4,16,32,9401103,336,16,5376,full_matrix,1e-08,5376,1.0,16.0,True,6.00004568696022e-07,online baseline,0.0,0.0
block4_n16_T32_s9401103,block4,16,32,9401103,336,16,5376,coordinate_sparse,1e-08,2688,0.5,8.0,True,1.9799917936325073e-05,snapshot only,0.0,0.0
block4_n16_T32_s9401103,block4,16,32,9401103,336,16,5376,block_sparse_triangular,1e-08,1696,0.31547619047619047,5.0476190476190474,True,4.039995837956667e-05,known closed online block recurrence,0.0,0.0
block4_n16_T32_s9401103,block4,16,32,9401103,336,16,5376,global_svd,1e-08,5632,1.0476190476190477,16.761904761904763,True,0.00034389994107186794,snapshot only,7.561195810547075e-16,1.5265566588595902e-15
block4_n16_T32_s9401103,block4,16,32,9401103,336,16,5376,pivoted_qr_repeated_basis,1e-08,5968,1.1101190476190477,17.761904761904763,True,0.00012909993529319763,snapshot only,3.8049597080468556e-16,5.551115123125783e-16
block4_n16_T32_s9401103,block4,16,32,9401103,336,16,5376,supported_group_factors,1e-08,5424,1.0089285714285714,16.142857142857142,True,0.001765199936926365,snapshot only,0.0,0.0
block4_n16_T32_s9401103,block4,16,32,9401103,336,16,5376,owner_block_factors,1e-08,2400,0.44642857142857145,7.142857142857143,True,0.0028264999855309725,snapshot only,0.0,0.0
block4_n16_T32_s9401103,block4,16,32,9401103,336,16,5376,kronecker_shared_input_basis,1e-08,5408,1.005952380952381,16.095238095238095,True,0.0015816999366506934,snapshot only,3.6778346022860664e-09,2.527556441922485e-09
block4_n16_T32_s9401103,block4,16,32,9401103,336,16,5376,immediate_support_exact_slice_plus_svd_residual,1e-08,6320,1.1755952380952381,18.80952380952381,True,0.0001860000193119049,snapshot only,2.2244632193956833e-16,3.3306690738754696e-16
block4_n16_T32_s9401103,block4,16,32,9401103,336,16,5376,local_eligibility_plus_svd_residual,1e-08,6320,1.1755952380952381,18.80952380952381,True,0.000175100052729249,snapshot only,2.248236964430615e-16,4.440892098500626e-16
block4_n16_T32_s9401103,block4,16,32,9401103,336,16,5376,global_svd,1e-10,5632,1.0476190476190477,16.761904761904763,True,0.00016020005568861961,snapshot only,7.561195810547075e-16,1.5265566588595902e-15
block4_n16_T32_s9401103,block4,16,32,9401103,336,16,5376,pivoted_qr_repeated_basis,1e-10,5968,1.1101190476190477,17.761904761904763,True,9.910005610436201e-05,snapshot only,3.8049597080468556e-16,5.551115123125783e-16
block4_n16_T32_s9401103,block4,16,32,9401103,336,16,5376,supported_group_factors,1e-10,5424,1.0089285714285714,16.142857142857142,True,0.0015837999526411295,snapshot only,0.0,0.0
block4_n16_T32_s9401103,block4,16,32,9401103,336,16,5376,owner_block_factors,1e-10,2400,0.44642857142857145,7.142857142857143,True,0.002742400043644011,snapshot only,0.0,0.0
block4_n16_T32_s9401103,block4,16,32,9401103,336,16,5376,kronecker_shared_input_basis,1e-10,5424,1.0089285714285714,16.142857142857142,True,0.0022409999510273337,snapshot only,0.0,0.0
block4_n16_T32_s9401103,block4,16,32,9401103,336,16,5376,immediate_support_exact_slice_plus_svd_residual,1e-10,6320,1.1755952380952381,18.80952380952381,True,0.00022190005984157324,snapshot only,2.2244632193956833e-16,3.3306690738754696e-16
block4_n16_T32_s9401103,block4,16,32,9401103,336,16,5376,local_eligibility_plus_svd_residual,1e-10,6320,1.1755952380952381,18.80952380952381,True,0.0001911000581458211,snapshot only,2.248236964430615e-16,4.440892098500626e-16
block4_n16_T32_s9401103,block4,16,32,9401103,336,16,5376,global_svd,1e-12,5632,1.0476190476190477,16.761904761904763,True,0.0001767999492585659,snapshot only,7.561195810547075e-16,1.5265566588595902e-15
block4_n16_T32_s9401103,block4,16,32,9401103,336,16,5376,pivoted_qr_repeated_basis,1e-12,5968,1.1101190476190477,17.761904761904763,True,0.00011209992226213217,snapshot only,3.8049597080468556e-16,5.551115123125783e-16
block4_n16_T32_s9401103,block4,16,32,9401103,336,16,5376,supported_group_factors,1e-12,5424,1.0089285714285714,16.142857142857142,True,0.001721200067549944,snapshot only,0.0,0.0
block4_n16_T32_s9401103,block4,16,32,9401103,336,16,5376,owner_block_factors,1e-12,2400,0.44642857142857145,7.142857142857143,True,0.0029001999646425247,snapshot only,0.0,0.0
block4_n16_T32_s9401103,block4,16,32,9401103,336,16,5376,kronecker_shared_input_basis,1e-12,5424,1.0089285714285714,16.142857142857142,True,0.0016204999992623925,snapshot only,0.0,0.0
block4_n16_T32_s9401103,block4,16,32,9401103,336,16,5376,immediate_support_exact_slice_plus_svd_residual,1e-12,6320,1.1755952380952381,18.80952380952381,True,0.00018070009537041187,snapshot only,2.2244632193956833e-16,3.3306690738754696e-16
block4_n16_T32_s9401103,block4,16,32,9401103,336,16,5376,local_eligibility_plus_svd_residual,1e-12,6320,1.1755952380952381,18.80952380952381,True,0.00017200002912431955,snapshot only,2.248236964430615e-16,4.440892098500626e-16
block4_n16_T32_s9401104,block4,16,32,9401104,336,16,5376,full_matrix,1e-08,5376,1.0,16.0,True,1.200009137392044e-06,online baseline,0.0,0.0
block4_n16_T32_s9401104,block4,16,32,9401104,336,16,5376,coordinate_sparse,1e-08,2688,0.5,8.0,True,2.0000035874545574e-05,snapshot only,0.0,0.0
block4_n16_T32_s9401104,block4,16,32,9401104,336,16,5376,block_sparse_triangular,1e-08,1696,0.31547619047619047,5.0476190476190474,True,3.85999446734786e-05,known closed online block recurrence,0.0,0.0
block4_n16_T32_s9401104,block4,16,32,9401104,336,16,5376,global_svd,1e-08,5632,1.0476190476190477,16.761904761904763,True,0.0004978999495506287,snapshot only,5.277237095915444e-16,6.661338147750939e-16
block4_n16_T32_s9401104,block4,16,32,9401104,336,16,5376,pivoted_qr_repeated_basis,1e-08,5968,1.1101190476190477,17.761904761904763,True,0.00014290004037320614,snapshot only,3.659894058717572e-16,6.661338147750939e-16
block4_n16_T32_s9401104,block4,16,32,9401104,336,16,5376,supported_group_factors,1e-08,5424,1.0089285714285714,16.142857142857142,True,0.0018072000239044428,snapshot only,0.0,0.0
block4_n16_T32_s9401104,block4,16,32,9401104,336,16,5376,owner_block_factors,1e-08,2400,0.44642857142857145,7.142857142857143,True,0.0029149999609217048,snapshot only,0.0,0.0
block4_n16_T32_s9401104,block4,16,32,9401104,336,16,5376,kronecker_shared_input_basis,1e-08,5408,1.005952380952381,16.095238095238095,True,0.001600000075995922,snapshot only,2.441165970630363e-09,2.6445107492722997e-09
block4_n16_T32_s9401104,block4,16,32,9401104,336,16,5376,immediate_support_exact_slice_plus_svd_residual,1e-08,6320,1.1755952380952381,18.80952380952381,True,0.00019239995162934065,snapshot only,1.8027330526552626e-16,2.220446049250313e-16
block4_n16_T32_s9401104,block4,16,32,9401104,336,16,5376,local_eligibility_plus_svd_residual,1e-08,6320,1.1755952380952381,18.80952380952381,True,0.00018129998352378607,snapshot only,1.826687618058269e-16,2.7755575615628914e-16
block4_n16_T32_s9401104,block4,16,32,9401104,336,16,5376,global_svd,1e-10,5632,1.0476190476190477,16.761904761904763,True,0.00016579998191446066,snapshot only,5.277237095915444e-16,6.661338147750939e-16
block4_n16_T32_s9401104,block4,16,32,9401104,336,16,5376,pivoted_qr_repeated_basis,1e-10,5968,1.1101190476190477,17.761904761904763,True,0.00010710000060498714,snapshot only,3.659894058717572e-16,6.661338147750939e-16
block4_n16_T32_s9401104,block4,16,32,9401104,336,16,5376,supported_group_factors,1e-10,5424,1.0089285714285714,16.142857142857142,True,0.001743700006045401,snapshot only,0.0,0.0
block4_n16_T32_s9401104,block4,16,32,9401104,336,16,5376,owner_block_factors,1e-10,2400,0.44642857142857145,7.142857142857143,True,0.002970599918626249,snapshot only,0.0,0.0
block4_n16_T32_s9401104,block4,16,32,9401104,336,16,5376,kronecker_shared_input_basis,1e-10,5424,1.0089285714285714,16.142857142857142,True,0.0021831000922247767,snapshot only,0.0,0.0
block4_n16_T32_s9401104,block4,16,32,9401104,336,16,5376,immediate_support_exact_slice_plus_svd_residual,1e-10,6320,1.1755952380952381,18.80952380952381,True,0.00023420003708451986,snapshot only,1.8027330526552626e-16,2.220446049250313e-16
block4_n16_T32_s9401104,block4,16,32,9401104,336,16,5376,local_eligibility_plus_svd_residual,1e-10,6320,1.1755952380952381,18.80952380952381,True,0.00018820003606379032,snapshot only,1.826687618058269e-16,2.7755575615628914e-16
block4_n16_T32_s9401104,block4,16,32,9401104,336,16,5376,global_svd,1e-12,5632,1.0476190476190477,16.761904761904763,True,0.00016579998191446066,snapshot only,5.277237095915444e-16,6.661338147750939e-16
block4_n16_T32_s9401104,block4,16,32,9401104,336,16,5376,pivoted_qr_repeated_basis,1e-12,5968,1.1101190476190477,17.761904761904763,True,0.00010140007361769676,snapshot only,3.659894058717572e-16,6.661338147750939e-16
block4_n16_T32_s9401104,block4,16,32,9401104,336,16,5376,supported_group_factors,1e-12,5424,1.0089285714285714,16.142857142857142,True,0.001584300072863698,snapshot only,0.0,0.0
block4_n16_T32_s9401104,block4,16,32,9401104,336,16,5376,owner_block_factors,1e-12,2400,0.44642857142857145,7.142857142857143,True,0.002755399909801781,snapshot only,0.0,0.0
block4_n16_T32_s9401104,block4,16,32,9401104,336,16,5376,kronecker_shared_input_basis,1e-12,5424,1.0089285714285714,16.142857142857142,True,0.001595799927599728,snapshot only,0.0,0.0
block4_n16_T32_s9401104,block4,16,32,9401104,336,16,5376,immediate_support_exact_slice_plus_svd_residual,1e-12,6320,1.1755952380952381,18.80952380952381,True,0.00018319999799132347,snapshot only,1.8027330526552626e-16,2.220446049250313e-16
block4_n16_T32_s9401104,block4,16,32,9401104,336,16,5376,local_eligibility_plus_svd_residual,1e-12,6320,1.1755952380952381,18.80952380952381,True,0.0001783999614417553,snapshot only,1.826687618058269e-16,2.7755575615628914e-16
block4_n16_T128_s9401100,block4,16,128,9401100,336,16,5376,full_matrix,1e-08,5376,1.0,16.0,True,6.00004568696022e-07,online baseline,0.0,0.0
block4_n16_T128_s9401100,block4,16,128,9401100,336,16,5376,coordinate_sparse,1e-08,2688,0.5,8.0,True,2.359994687139988e-05,snapshot only,0.0,0.0
block4_n16_T128_s9401100,block4,16,128,9401100,336,16,5376,block_sparse_triangular,1e-08,1696,0.31547619047619047,5.0476190476190474,True,3.77000542357564e-05,known closed online block recurrence,0.0,0.0
block4_n16_T128_s9401100,block4,16,128,9401100,336,16,5376,global_svd,1e-08,5632,1.0476190476190477,16.761904761904763,True,0.00021780002862215042,snapshot only,5.276520374007567e-16,7.771561172376096e-16
block4_n16_T128_s9401100,block4,16,128,9401100,336,16,5376,pivoted_qr_repeated_basis,1e-08,5968,1.1101190476190477,17.761904761904763,True,0.00010639999527484179,snapshot only,4.808767597147691e-16,7.771561172376096e-16
block4_n16_T128_s9401100,block4,16,128,9401100,336,16,5376,supported_group_factors,1e-08,5424,1.0089285714285714,16.142857142857142,True,0.0016345999902114272,snapshot only,0.0,0.0
block4_n16_T128_s9401100,block4,16,128,9401100,336,16,5376,owner_block_factors,1e-08,2400,0.44642857142857145,7.142857142857143,True,0.0027412999188527465,snapshot only,0.0,0.0
block4_n16_T128_s9401100,block4,16,128,9401100,336,16,5376,kronecker_shared_input_basis,1e-08,5408,1.005952380952381,16.095238095238095,True,0.001702900044620037,snapshot only,4.114489689499124e-09,3.270980677289037e-09
block4_n16_T128_s9401100,block4,16,128,9401100,336,16,5376,immediate_support_exact_slice_plus_svd_residual,1e-08,6320,1.1755952380952381,18.80952380952381,True,0.00019230006728321314,snapshot only,6.986108940852989e-16,1.887379141862766e-15
block4_n16_T128_s9401100,block4,16,128,9401100,336,16,5376,local_eligibility_plus_svd_residual,1e-08,6320,1.1755952380952381,18.80952380952381,True,0.00017470004968345165,snapshot only,2.883968182001406e-16,3.885780586188048e-16
block4_n16_T128_s9401100,block4,16,128,9401100,336,16,5376,global_svd,1e-10,5632,1.0476190476190477,16.761904761904763,True,0.00015700003132224083,snapshot only,5.276520374007567e-16,7.771561172376096e-16
block4_n16_T128_s9401100,block4,16,128,9401100,336,16,5376,pivoted_qr_repeated_basis,1e-10,5968,1.1101190476190477,17.761904761904763,True,0.0001086000120267272,snapshot only,4.808767597147691e-16,7.771561172376096e-16
block4_n16_T128_s9401100,block4,16,128,9401100,336,16,5376,supported_group_factors,1e-10,5424,1.0089285714285714,16.142857142857142,True,0.0015848999610170722,snapshot only,0.0,0.0
block4_n16_T128_s9401100,block4,16,128,9401100,336,16,5376,owner_block_factors,1e-10,2400,0.44642857142857145,7.142857142857143,True,0.0029763999627903104,snapshot only,0.0,0.0
block4_n16_T128_s9401100,block4,16,128,9401100,336,16,5376,kronecker_shared_input_basis,1e-10,5424,1.0089285714285714,16.142857142857142,True,0.0016754999523982406,snapshot only,0.0,0.0
block4_n16_T128_s9401100,block4,16,128,9401100,336,16,5376,immediate_support_exact_slice_plus_svd_residual,1e-10,6320,1.1755952380952381,18.80952380952381,True,0.00020929996389895678,snapshot only,6.986108940852989e-16,1.887379141862766e-15
block4_n16_T128_s9401100,block4,16,128,9401100,336,16,5376,local_eligibility_plus_svd_residual,1e-10,6320,1.1755952380952381,18.80952380952381,True,0.00017929996829479933,snapshot only,2.883968182001406e-16,3.885780586188048e-16
block4_n16_T128_s9401100,block4,16,128,9401100,336,16,5376,global_svd,1e-12,5632,1.0476190476190477,16.761904761904763,True,0.0001593999331817031,snapshot only,5.276520374007567e-16,7.771561172376096e-16
block4_n16_T128_s9401100,block4,16,128,9401100,336,16,5376,pivoted_qr_repeated_basis,1e-12,5968,1.1101190476190477,17.761904761904763,True,9.330001194030046e-05,snapshot only,4.808767597147691e-16,7.771561172376096e-16
block4_n16_T128_s9401100,block4,16,128,9401100,336,16,5376,supported_group_factors,1e-12,5424,1.0089285714285714,16.142857142857142,True,0.001590500003658235,snapshot only,0.0,0.0
block4_n16_T128_s9401100,block4,16,128,9401100,336,16,5376,owner_block_factors,1e-12,2400,0.44642857142857145,7.142857142857143,True,0.0027129000518471003,snapshot only,0.0,0.0
block4_n16_T128_s9401100,block4,16,128,9401100,336,16,5376,kronecker_shared_input_basis,1e-12,5424,1.0089285714285714,16.142857142857142,True,0.0015664000529795885,snapshot only,0.0,0.0
block4_n16_T128_s9401100,block4,16,128,9401100,336,16,5376,immediate_support_exact_slice_plus_svd_residual,1e-12,6320,1.1755952380952381,18.80952380952381,True,0.00018119998276233673,snapshot only,6.986108940852989e-16,1.887379141862766e-15
block4_n16_T128_s9401100,block4,16,128,9401100,336,16,5376,local_eligibility_plus_svd_residual,1e-12,6320,1.1755952380952381,18.80952380952381,True,0.0001735000405460596,snapshot only,2.883968182001406e-16,3.885780586188048e-16
block4_n16_T128_s9401101,block4,16,128,9401101,336,16,5376,full_matrix,1e-08,5376,1.0,16.0,True,6.00004568696022e-07,online baseline,0.0,0.0
block4_n16_T128_s9401101,block4,16,128,9401101,336,16,5376,coordinate_sparse,1e-08,2688,0.5,8.0,True,1.780001912266016e-05,snapshot only,0.0,0.0
block4_n16_T128_s9401101,block4,16,128,9401101,336,16,5376,block_sparse_triangular,1e-08,1696,0.31547619047619047,5.0476190476190474,True,3.759993705898523e-05,known closed online block recurrence,0.0,0.0
block4_n16_T128_s9401101,block4,16,128,9401101,336,16,5376,global_svd,1e-08,5632,1.0476190476190477,16.761904761904763,True,0.0002082000719383359,snapshot only,7.56328230954303e-16,8.881784197001252e-16
block4_n16_T128_s9401101,block4,16,128,9401101,336,16,5376,pivoted_qr_repeated_basis,1e-08,5968,1.1101190476190477,17.761904761904763,True,0.00010149995796382427,snapshot only,3.845175029118594e-16,4.440892098500626e-16
block4_n16_T128_s9401101,block4,16,128,9401101,336,16,5376,supported_group_factors,1e-08,5424,1.0089285714285714,16.142857142857142,True,0.0016048001125454903,snapshot only,0.0,0.0
block4_n16_T128_s9401101,block4,16,128,9401101,336,16,5376,owner_block_factors,1e-08,2400,0.44642857142857145,7.142857142857143,True,0.0027302999515086412,snapshot only,0.0,0.0
block4_n16_T128_s9401101,block4,16,128,9401101,336,16,5376,kronecker_shared_input_basis,1e-08,5408,1.005952380952381,16.095238095238095,True,0.001651700004003942,snapshot only,1.7838441106339682e-09,1.4218654587061508e-09
block4_n16_T128_s9401101,block4,16,128,9401101,336,16,5376,immediate_support_exact_slice_plus_svd_residual,1e-08,6320,1.1755952380952381,18.80952380952381,True,0.00018119998276233673,snapshot only,2.5295920255316303e-16,6.106226635438361e-16
block4_n16_T128_s9401101,block4,16,128,9401101,336,16,5376,local_eligibility_plus_svd_residual,1e-08,6320,1.1755952380952381,18.80952380952381,True,0.0001727000344544649,snapshot only,5.049571497082896e-16,1.2490009027033011e-15
block4_n16_T128_s9401101,block4,16,128,9401101,336,16,5376,global_svd,1e-10,5632,1.0476190476190477,16.761904761904763,True,0.00016080006025731564,snapshot only,7.56328230954303e-16,8.881784197001252e-16
block4_n16_T128_s9401101,block4,16,128,9401101,336,16,5376,pivoted_qr_repeated_basis,1e-10,5968,1.1101190476190477,17.761904761904763,True,9.470002260059118e-05,snapshot only,3.845175029118594e-16,4.440892098500626e-16
block4_n16_T128_s9401101,block4,16,128,9401101,336,16,5376,supported_group_factors,1e-10,5424,1.0089285714285714,16.142857142857142,True,0.001750500057823956,snapshot only,0.0,0.0
block4_n16_T128_s9401101,block4,16,128,9401101,336,16,5376,owner_block_factors,1e-10,2400,0.44642857142857145,7.142857142857143,True,0.002865100046619773,snapshot only,0.0,0.0
block4_n16_T128_s9401101,block4,16,128,9401101,336,16,5376,kronecker_shared_input_basis,1e-10,5424,1.0089285714285714,16.142857142857142,True,0.0015750000020489097,snapshot only,0.0,0.0
block4_n16_T128_s9401101,block4,16,128,9401101,336,16,5376,immediate_support_exact_slice_plus_svd_residual,1e-10,6320,1.1755952380952381,18.80952380952381,True,0.00018480001017451286,snapshot only,2.5295920255316303e-16,6.106226635438361e-16
block4_n16_T128_s9401101,block4,16,128,9401101,336,16,5376,local_eligibility_plus_svd_residual,1e-10,6320,1.1755952380952381,18.80952380952381,True,0.000174800050444901,snapshot only,5.049571497082896e-16,1.2490009027033011e-15
block4_n16_T128_s9401101,block4,16,128,9401101,336,16,5376,global_svd,1e-12,5632,1.0476190476190477,16.761904761904763,True,0.00015710003208369017,snapshot only,7.56328230954303e-16,8.881784197001252e-16
block4_n16_T128_s9401101,block4,16,128,9401101,336,16,5376,pivoted_qr_repeated_basis,1e-12,5968,1.1101190476190477,17.761904761904763,True,9.159999899566174e-05,snapshot only,3.845175029118594e-16,4.440892098500626e-16
block4_n16_T128_s9401101,block4,16,128,9401101,336,16,5376,supported_group_factors,1e-12,5424,1.0089285714285714,16.142857142857142,True,0.001567699946463108,snapshot only,0.0,0.0
block4_n16_T128_s9401101,block4,16,128,9401101,336,16,5376,owner_block_factors,1e-12,2400,0.44642857142857145,7.142857142857143,True,0.0027178999735042453,snapshot only,0.0,0.0
block4_n16_T128_s9401101,block4,16,128,9401101,336,16,5376,kronecker_shared_input_basis,1e-12,5424,1.0089285714285714,16.142857142857142,True,0.0015788000309839845,snapshot only,0.0,0.0
block4_n16_T128_s9401101,block4,16,128,9401101,336,16,5376,immediate_support_exact_slice_plus_svd_residual,1e-12,6320,1.1755952380952381,18.80952380952381,True,0.0001778999576345086,snapshot only,2.5295920255316303e-16,6.106226635438361e-16
block4_n16_T128_s9401101,block4,16,128,9401101,336,16,5376,local_eligibility_plus_svd_residual,1e-12,6320,1.1755952380952381,18.80952380952381,True,0.00017560005653649569,snapshot only,5.049571497082896e-16,1.2490009027033011e-15
block4_n16_T128_s9401102,block4,16,128,9401102,336,16,5376,full_matrix,1e-08,5376,1.0,16.0,True,6.00004568696022e-07,online baseline,0.0,0.0
block4_n16_T128_s9401102,block4,16,128,9401102,336,16,5376,coordinate_sparse,1e-08,2688,0.5,8.0,True,1.71000137925148e-05,snapshot only,0.0,0.0
block4_n16_T128_s9401102,block4,16,128,9401102,336,16,5376,block_sparse_triangular,1e-08,1696,0.31547619047619047,5.0476190476190474,True,3.699993249028921e-05,known closed online block recurrence,0.0,0.0
block4_n16_T128_s9401102,block4,16,128,9401102,336,16,5376,global_svd,1e-08,5632,1.0476190476190477,16.761904761904763,True,0.00019360007718205452,snapshot only,6.900133726496368e-16,1.1102230246251565e-15
block4_n16_T128_s9401102,block4,16,128,9401102,336,16,5376,pivoted_qr_repeated_basis,1e-08,5968,1.1101190476190477,17.761904761904763,True,0.00010359997395426035,snapshot only,3.010026027472892e-16,4.440892098500626e-16
block4_n16_T128_s9401102,block4,16,128,9401102,336,16,5376,supported_group_factors,1e-08,5424,1.0089285714285714,16.142857142857142,True,0.0017916999058797956,snapshot only,0.0,0.0
block4_n16_T128_s9401102,block4,16,128,9401102,336,16,5376,owner_block_factors,1e-08,2400,0.44642857142857145,7.142857142857143,True,0.0030641999328508973,snapshot only,0.0,0.0
block4_n16_T128_s9401102,block4,16,128,9401102,336,16,5376,kronecker_shared_input_basis,1e-08,5408,1.005952380952381,16.095238095238095,True,0.001974000013433397,snapshot only,1.616758646014044e-09,2.1601468808141178e-09
block4_n16_T128_s9401102,block4,16,128,9401102,336,16,5376,immediate_support_exact_slice_plus_svd_residual,1e-08,6320,1.1755952380952381,18.80952380952381,True,0.0001914000604301691,snapshot only,1.796697399795014e-16,2.7755575615628914e-16
block4_n16_T128_s9401102,block4,16,128,9401102,336,16,5376,local_eligibility_plus_svd_residual,1e-08,6320,1.1755952380952381,18.80952380952381,True,0.000175100052729249,snapshot only,1.9450206909871826e-16,2.220446049250313e-16
block4_n16_T128_s9401102,block4,16,128,9401102,336,16,5376,global_svd,1e-10,5632,1.0476190476190477,16.761904761904763,True,0.00015650002751499414,snapshot only,6.900133726496368e-16,1.1102230246251565e-15
block4_n16_T128_s9401102,block4,16,128,9401102,336,16,5376,pivoted_qr_repeated_basis,1e-10,5968,1.1101190476190477,17.761904761904763,True,0.00010330008808523417,snapshot only,3.010026027472892e-16,4.440892098500626e-16
block4_n16_T128_s9401102,block4,16,128,9401102,336,16,5376,supported_group_factors,1e-10,5424,1.0089285714285714,16.142857142857142,True,0.0015940000303089619,snapshot only,0.0,0.0
block4_n16_T128_s9401102,block4,16,128,9401102,336,16,5376,owner_block_factors,1e-10,2400,0.44642857142857145,7.142857142857143,True,0.002764000091701746,snapshot only,0.0,0.0
block4_n16_T128_s9401102,block4,16,128,9401102,336,16,5376,kronecker_shared_input_basis,1e-10,5424,1.0089285714285714,16.142857142857142,True,0.0015545000787824392,snapshot only,0.0,0.0
block4_n16_T128_s9401102,block4,16,128,9401102,336,16,5376,immediate_support_exact_slice_plus_svd_residual,1e-10,6320,1.1755952380952381,18.80952380952381,True,0.00017849996220320463,snapshot only,1.796697399795014e-16,2.7755575615628914e-16
block4_n16_T128_s9401102,block4,16,128,9401102,336,16,5376,local_eligibility_plus_svd_residual,1e-10,6320,1.1755952380952381,18.80952380952381,True,0.00017280003521591425,snapshot only,1.9450206909871826e-16,2.220446049250313e-16
block4_n16_T128_s9401102,block4,16,128,9401102,336,16,5376,global_svd,1e-12,5632,1.0476190476190477,16.761904761904763,True,0.00015750003512948751,snapshot only,6.900133726496368e-16,1.1102230246251565e-15
block4_n16_T128_s9401102,block4,16,128,9401102,336,16,5376,pivoted_qr_repeated_basis,1e-12,5968,1.1101190476190477,17.761904761904763,True,9.470002260059118e-05,snapshot only,3.010026027472892e-16,4.440892098500626e-16
block4_n16_T128_s9401102,block4,16,128,9401102,336,16,5376,supported_group_factors,1e-12,5424,1.0089285714285714,16.142857142857142,True,0.0015589999966323376,snapshot only,0.0,0.0
block4_n16_T128_s9401102,block4,16,128,9401102,336,16,5376,owner_block_factors,1e-12,2400,0.44642857142857145,7.142857142857143,True,0.0030901998979970813,snapshot only,0.0,0.0
block4_n16_T128_s9401102,block4,16,128,9401102,336,16,5376,kronecker_shared_input_basis,1e-12,5424,1.0089285714285714,16.142857142857142,True,0.0017533000791445374,snapshot only,0.0,0.0
block4_n16_T128_s9401102,block4,16,128,9401102,336,16,5376,immediate_support_exact_slice_plus_svd_residual,1e-12,6320,1.1755952380952381,18.80952380952381,True,0.0001911999424919486,snapshot only,1.796697399795014e-16,2.7755575615628914e-16
block4_n16_T128_s9401102,block4,16,128,9401102,336,16,5376,local_eligibility_plus_svd_residual,1e-12,6320,1.1755952380952381,18.80952380952381,True,0.00017579994164407253,snapshot only,1.9450206909871826e-16,2.220446049250313e-16
block4_n16_T128_s9401103,block4,16,128,9401103,336,16,5376,full_matrix,1e-08,5376,1.0,16.0,True,6.00004568696022e-07,online baseline,0.0,0.0
block4_n16_T128_s9401103,block4,16,128,9401103,336,16,5376,coordinate_sparse,1e-08,2688,0.5,8.0,True,1.95999164134264e-05,snapshot only,0.0,0.0
block4_n16_T128_s9401103,block4,16,128,9401103,336,16,5376,block_sparse_triangular,1e-08,1696,0.31547619047619047,5.0476190476190474,True,3.969995304942131e-05,known closed online block recurrence,0.0,0.0
block4_n16_T128_s9401103,block4,16,128,9401103,336,16,5376,global_svd,1e-08,5632,1.0476190476190477,16.761904761904763,True,0.00020160002168267965,snapshot only,6.444010146330258e-16,8.881784197001252e-16
block4_n16_T128_s9401103,block4,16,128,9401103,336,16,5376,pivoted_qr_repeated_basis,1e-08,5968,1.1101190476190477,17.761904761904763,True,0.0001047999830916524,snapshot only,3.8812469822178226e-16,7.771561172376096e-16
block4_n16_T128_s9401103,block4,16,128,9401103,336,16,5376,supported_group_factors,1e-08,5424,1.0089285714285714,16.142857142857142,True,0.0016475999727845192,snapshot only,0.0,0.0
block4_n16_T128_s9401103,block4,16,128,9401103,336,16,5376,owner_block_factors,1e-08,2400,0.44642857142857145,7.142857142857143,True,0.00285499996971339,snapshot only,0.0,0.0
block4_n16_T128_s9401103,block4,16,128,9401103,336,16,5376,kronecker_shared_input_basis,1e-08,5136,0.9553571428571429,15.285714285714286,True,0.0015837999526411295,snapshot only,4.981781620041505e-09,4.806263928514021e-09
block4_n16_T128_s9401103,block4,16,128,9401103,336,16,5376,immediate_support_exact_slice_plus_svd_residual,1e-08,6320,1.1755952380952381,18.80952380952381,True,0.0001868000254034996,snapshot only,2.8366343799730253e-16,4.440892098500626e-16
block4_n16_T128_s9401103,block4,16,128,9401103,336,16,5376,local_eligibility_plus_svd_residual,1e-08,6320,1.1755952380952381,18.80952380952381,True,0.00031489995308220387,snapshot only,2.6713526185078833e-16,3.885780586188048e-16
block4_n16_T128_s9401103,block4,16,128,9401103,336,16,5376,global_svd,1e-10,5632,1.0476190476190477,16.761904761904763,True,0.00017449993174523115,snapshot only,6.444010146330258e-16,8.881784197001252e-16
block4_n16_T128_s9401103,block4,16,128,9401103,336,16,5376,pivoted_qr_repeated_basis,1e-10,5968,1.1101190476190477,17.761904761904763,True,0.00010890001431107521,snapshot only,3.8812469822178226e-16,7.771561172376096e-16
block4_n16_T128_s9401103,block4,16,128,9401103,336,16,5376,supported_group_factors,1e-10,5424,1.0089285714285714,16.142857142857142,True,0.0016253999201580882,snapshot only,0.0,0.0
block4_n16_T128_s9401103,block4,16,128,9401103,336,16,5376,owner_block_factors,1e-10,2400,0.44642857142857145,7.142857142857143,True,0.002849700045771897,snapshot only,0.0,0.0
block4_n16_T128_s9401103,block4,16,128,9401103,336,16,5376,kronecker_shared_input_basis,1e-10,5424,1.0089285714285714,16.142857142857142,True,0.0016561000375077128,snapshot only,0.0,0.0
block4_n16_T128_s9401103,block4,16,128,9401103,336,16,5376,immediate_support_exact_slice_plus_svd_residual,1e-10,6320,1.1755952380952381,18.80952380952381,True,0.00018640002235770226,snapshot only,2.8366343799730253e-16,4.440892098500626e-16
block4_n16_T128_s9401103,block4,16,128,9401103,336,16,5376,local_eligibility_plus_svd_residual,1e-10,6320,1.1755952380952381,18.80952380952381,True,0.00017840007785707712,snapshot only,2.6713526185078833e-16,3.885780586188048e-16
block4_n16_T128_s9401103,block4,16,128,9401103,336,16,5376,global_svd,1e-12,5632,1.0476190476190477,16.761904761904763,True,0.00015870004426687956,snapshot only,6.444010146330258e-16,8.881784197001252e-16
block4_n16_T128_s9401103,block4,16,128,9401103,336,16,5376,pivoted_qr_repeated_basis,1e-12,5968,1.1101190476190477,17.761904761904763,True,9.940005838871002e-05,snapshot only,3.8812469822178226e-16,7.771561172376096e-16
block4_n16_T128_s9401103,block4,16,128,9401103,336,16,5376,supported_group_factors,1e-12,5424,1.0089285714285714,16.142857142857142,True,0.0015717000933364034,snapshot only,0.0,0.0
block4_n16_T128_s9401103,block4,16,128,9401103,336,16,5376,owner_block_factors,1e-12,2400,0.44642857142857145,7.142857142857143,True,0.002752700005657971,snapshot only,0.0,0.0
block4_n16_T128_s9401103,block4,16,128,9401103,336,16,5376,kronecker_shared_input_basis,1e-12,5424,1.0089285714285714,16.142857142857142,True,0.0016342999879270792,snapshot only,0.0,0.0
block4_n16_T128_s9401103,block4,16,128,9401103,336,16,5376,immediate_support_exact_slice_plus_svd_residual,1e-12,6320,1.1755952380952381,18.80952380952381,True,0.00020270003005862236,snapshot only,2.8366343799730253e-16,4.440892098500626e-16
block4_n16_T128_s9401103,block4,16,128,9401103,336,16,5376,local_eligibility_plus_svd_residual,1e-12,6320,1.1755952380952381,18.80952380952381,True,0.00017330003902316093,snapshot only,2.6713526185078833e-16,3.885780586188048e-16
block4_n16_T128_s9401104,block4,16,128,9401104,336,16,5376,full_matrix,1e-08,5376,1.0,16.0,True,6.00004568696022e-07,online baseline,0.0,0.0
block4_n16_T128_s9401104,block4,16,128,9401104,336,16,5376,coordinate_sparse,1e-08,2688,0.5,8.0,True,2.1000043489038944e-05,snapshot only,0.0,0.0
block4_n16_T128_s9401104,block4,16,128,9401104,336,16,5376,block_sparse_triangular,1e-08,1696,0.31547619047619047,5.0476190476190474,True,3.730005118995905e-05,known closed online block recurrence,0.0,0.0
block4_n16_T128_s9401104,block4,16,128,9401104,336,16,5376,global_svd,1e-08,5632,1.0476190476190477,16.761904761904763,True,0.00020480004604905844,snapshot only,7.9960238735769e-16,1.3322676295501878e-15
block4_n16_T128_s9401104,block4,16,128,9401104,336,16,5376,pivoted_qr_repeated_basis,1e-08,5968,1.1101190476190477,17.761904761904763,True,0.00010519998613744974,snapshot only,3.9136850987244756e-16,5.551115123125783e-16
block4_n16_T128_s9401104,block4,16,128,9401104,336,16,5376,supported_group_factors,1e-08,5424,1.0089285714285714,16.142857142857142,True,0.001604699995368719,snapshot only,0.0,0.0
block4_n16_T128_s9401104,block4,16,128,9401104,336,16,5376,owner_block_factors,1e-08,2400,0.44642857142857145,7.142857142857143,True,0.0027707000263035297,snapshot only,0.0,0.0
block4_n16_T128_s9401104,block4,16,128,9401104,336,16,5376,kronecker_shared_input_basis,1e-08,5408,1.005952380952381,16.095238095238095,True,0.001583400066010654,snapshot only,1.2446771761835724e-09,7.954471595295054e-10
block4_n16_T128_s9401104,block4,16,128,9401104,336,16,5376,immediate_support_exact_slice_plus_svd_residual,1e-08,6320,1.1755952380952381,18.80952380952381,True,0.00018259999342262745,snapshot only,2.7209835356881983e-16,4.440892098500626e-16
block4_n16_T128_s9401104,block4,16,128,9401104,336,16,5376,local_eligibility_plus_svd_residual,1e-08,6320,1.1755952380952381,18.80952380952381,True,0.0002669999375939369,snapshot only,3.7146259236824026e-16,8.257283745649602e-16
block4_n16_T128_s9401104,block4,16,128,9401104,336,16,5376,global_svd,1e-10,5632,1.0476190476190477,16.761904761904763,True,0.00017349992413073778,snapshot only,7.9960238735769e-16,1.3322676295501878e-15
block4_n16_T128_s9401104,block4,16,128,9401104,336,16,5376,pivoted_qr_repeated_basis,1e-10,5968,1.1101190476190477,17.761904761904763,True,9.749992750585079e-05,snapshot only,3.9136850987244756e-16,5.551115123125783e-16
block4_n16_T128_s9401104,block4,16,128,9401104,336,16,5376,supported_group_factors,1e-10,5424,1.0089285714285714,16.142857142857142,True,0.0016667000018060207,snapshot only,0.0,0.0
block4_n16_T128_s9401104,block4,16,128,9401104,336,16,5376,owner_block_factors,1e-10,2400,0.44642857142857145,7.142857142857143,True,0.0028071000706404448,snapshot only,0.0,0.0
block4_n16_T128_s9401104,block4,16,128,9401104,336,16,5376,kronecker_shared_input_basis,1e-10,5424,1.0089285714285714,16.142857142857142,True,0.001589299994520843,snapshot only,0.0,0.0
block4_n16_T128_s9401104,block4,16,128,9401104,336,16,5376,immediate_support_exact_slice_plus_svd_residual,1e-10,6320,1.1755952380952381,18.80952380952381,True,0.00018550001550465822,snapshot only,2.7209835356881983e-16,4.440892098500626e-16
block4_n16_T128_s9401104,block4,16,128,9401104,336,16,5376,local_eligibility_plus_svd_residual,1e-10,6320,1.1755952380952381,18.80952380952381,True,0.00017419992946088314,snapshot only,3.7146259236824026e-16,8.257283745649602e-16
block4_n16_T128_s9401104,block4,16,128,9401104,336,16,5376,global_svd,1e-12,5632,1.0476190476190477,16.761904761904763,True,0.00017580005805939436,snapshot only,7.9960238735769e-16,1.3322676295501878e-15
block4_n16_T128_s9401104,block4,16,128,9401104,336,16,5376,pivoted_qr_repeated_basis,1e-12,5968,1.1101190476190477,17.761904761904763,True,0.00011479994282126427,snapshot only,3.9136850987244756e-16,5.551115123125783e-16
block4_n16_T128_s9401104,block4,16,128,9401104,336,16,5376,supported_group_factors,1e-12,5424,1.0089285714285714,16.142857142857142,True,0.0016305999597534537,snapshot only,0.0,0.0
block4_n16_T128_s9401104,block4,16,128,9401104,336,16,5376,owner_block_factors,1e-12,2400,0.44642857142857145,7.142857142857143,True,0.0027805999852716923,snapshot only,0.0,0.0
block4_n16_T128_s9401104,block4,16,128,9401104,336,16,5376,kronecker_shared_input_basis,1e-12,5424,1.0089285714285714,16.142857142857142,True,0.0018026999896392226,snapshot only,0.0,0.0
block4_n16_T128_s9401104,block4,16,128,9401104,336,16,5376,immediate_support_exact_slice_plus_svd_residual,1e-12,6320,1.1755952380952381,18.80952380952381,True,0.00020819995552301407,snapshot only,2.7209835356881983e-16,4.440892098500626e-16
block4_n16_T128_s9401104,block4,16,128,9401104,336,16,5376,local_eligibility_plus_svd_residual,1e-12,6320,1.1755952380952381,18.80952380952381,True,0.00021900003775954247,snapshot only,3.7146259236824026e-16,8.257283745649602e-16
deep2_n8_T32_s9401100,deep2,8,32,9401100,272,16,4352,full_matrix,1e-08,4352,1.0,16.0,True,1.400010660290718e-06,online baseline,0.0,0.0
deep2_n8_T32_s9401100,deep2,8,32,9401100,272,16,4352,coordinate_sparse,1e-08,6528,1.5,24.0,True,2.4999957531690598e-05,snapshot only,0.0,0.0
deep2_n8_T32_s9401100,deep2,8,32,9401100,272,16,4352,block_sparse_triangular,1e-08,3560,0.8180147058823529,13.088235294117647,True,3.060000017285347e-05,known closed online block recurrence,0.0,0.0
deep2_n8_T32_s9401100,deep2,8,32,9401100,272,16,4352,global_svd,1e-08,4608,1.0588235294117647,16.941176470588236,True,0.00022929999977350235,snapshot only,2.4936337590374256e-15,1.7763568394002505e-15
deep2_n8_T32_s9401100,deep2,8,32,9401100,272,16,4352,pivoted_qr_repeated_basis,1e-08,4880,1.1213235294117647,17.941176470588236,True,0.0001319000730291009,snapshot only,3.7630918021461907e-16,5.551115123125783e-16
deep2_n8_T32_s9401100,deep2,8,32,9401100,272,16,4352,supported_group_factors,1e-08,3336,0.7665441176470589,12.264705882352942,True,0.0017442000098526478,snapshot only,0.0,0.0
deep2_n8_T32_s9401100,deep2,8,32,9401100,272,16,4352,owner_block_factors,1e-08,3504,0.8051470588235294,12.882352941176471,True,0.0035132000921294093,snapshot only,0.0,0.0
deep2_n8_T32_s9401100,deep2,8,32,9401100,272,16,4352,kronecker_shared_input_basis,1e-08,3336,0.7665441176470589,12.264705882352942,True,0.0016657999949529767,snapshot only,0.0,0.0
deep2_n8_T32_s9401100,deep2,8,32,9401100,272,16,4352,immediate_support_exact_slice_plus_svd_residual,1e-08,6320,1.4522058823529411,23.235294117647058,True,0.00018620002083480358,snapshot only,5.045151494553443e-16,5.603156827405087e-16
deep2_n8_T32_s9401100,deep2,8,32,9401100,272,16,4352,local_eligibility_plus_svd_residual,1e-08,6320,1.4522058823529411,23.235294117647058,True,0.00017120002303272486,snapshot only,6.07598836688292e-16,5.273559366969494e-16
deep2_n8_T32_s9401100,deep2,8,32,9401100,272,16,4352,global_svd,1e-10,4608,1.0588235294117647,16.941176470588236,True,0.00015529990196228027,snapshot only,2.4936337590374256e-15,1.7763568394002505e-15
deep2_n8_T32_s9401100,deep2,8,32,9401100,272,16,4352,pivoted_qr_repeated_basis,1e-10,4880,1.1213235294117647,17.941176470588236,True,9.460002183914185e-05,snapshot only,3.7630918021461907e-16,5.551115123125783e-16
deep2_n8_T32_s9401100,deep2,8,32,9401100,272,16,4352,supported_group_factors,1e-10,3336,0.7665441176470589,12.264705882352942,True,0.0016819000011309981,snapshot only,0.0,0.0
deep2_n8_T32_s9401100,deep2,8,32,9401100,272,16,4352,owner_block_factors,1e-10,3504,0.8051470588235294,12.882352941176471,True,0.003096899949014187,snapshot only,0.0,0.0
deep2_n8_T32_s9401100,deep2,8,32,9401100,272,16,4352,kronecker_shared_input_basis,1e-10,3336,0.7665441176470589,12.264705882352942,True,0.0016274999361485243,snapshot only,0.0,0.0
deep2_n8_T32_s9401100,deep2,8,32,9401100,272,16,4352,immediate_support_exact_slice_plus_svd_residual,1e-10,6320,1.4522058823529411,23.235294117647058,True,0.00018319999799132347,snapshot only,5.045151494553443e-16,5.603156827405087e-16
deep2_n8_T32_s9401100,deep2,8,32,9401100,272,16,4352,local_eligibility_plus_svd_residual,1e-10,6320,1.4522058823529411,23.235294117647058,True,0.00016960001084953547,snapshot only,6.07598836688292e-16,5.273559366969494e-16
deep2_n8_T32_s9401100,deep2,8,32,9401100,272,16,4352,global_svd,1e-12,4608,1.0588235294117647,16.941176470588236,True,0.000152900000102818,snapshot only,2.4936337590374256e-15,1.7763568394002505e-15
deep2_n8_T32_s9401100,deep2,8,32,9401100,272,16,4352,pivoted_qr_repeated_basis,1e-12,4880,1.1213235294117647,17.941176470588236,True,8.779997006058693e-05,snapshot only,3.7630918021461907e-16,5.551115123125783e-16
deep2_n8_T32_s9401100,deep2,8,32,9401100,272,16,4352,supported_group_factors,1e-12,3336,0.7665441176470589,12.264705882352942,True,0.001959800021722913,snapshot only,0.0,0.0
deep2_n8_T32_s9401100,deep2,8,32,9401100,272,16,4352,owner_block_factors,1e-12,3504,0.8051470588235294,12.882352941176471,True,0.0032276000129058957,snapshot only,0.0,0.0
deep2_n8_T32_s9401100,deep2,8,32,9401100,272,16,4352,kronecker_shared_input_basis,1e-12,3336,0.7665441176470589,12.264705882352942,True,0.0016957999905571342,snapshot only,0.0,0.0
deep2_n8_T32_s9401100,deep2,8,32,9401100,272,16,4352,immediate_support_exact_slice_plus_svd_residual,1e-12,6320,1.4522058823529411,23.235294117647058,True,0.00019029993563890457,snapshot only,5.045151494553443e-16,5.603156827405087e-16
deep2_n8_T32_s9401100,deep2,8,32,9401100,272,16,4352,local_eligibility_plus_svd_residual,1e-12,6320,1.4522058823529411,23.235294117647058,True,0.00017580005805939436,snapshot only,6.07598836688292e-16,5.273559366969494e-16
deep2_n8_T32_s9401101,deep2,8,32,9401101,272,16,4352,full_matrix,1e-08,4352,1.0,16.0,True,6.00004568696022e-07,online baseline,0.0,0.0
deep2_n8_T32_s9401101,deep2,8,32,9401101,272,16,4352,coordinate_sparse,1e-08,6528,1.5,24.0,True,1.950003206729889e-05,snapshot only,0.0,0.0
deep2_n8_T32_s9401101,deep2,8,32,9401101,272,16,4352,block_sparse_triangular,1e-08,3560,0.8180147058823529,13.088235294117647,True,3.50000336766243e-05,known closed online block recurrence,0.0,0.0
deep2_n8_T32_s9401101,deep2,8,32,9401101,272,16,4352,global_svd,1e-08,4608,1.0588235294117647,16.941176470588236,True,0.00020020001102238894,snapshot only,2.0473327396881996e-15,1.929750851819684e-15
deep2_n8_T32_s9401101,deep2,8,32,9401101,272,16,4352,pivoted_qr_repeated_basis,1e-08,4880,1.1213235294117647,17.941176470588236,True,9.370001498609781e-05,snapshot only,2.915427253345999e-16,3.582645217887209e-16
deep2_n8_T32_s9401101,deep2,8,32,9401101,272,16,4352,supported_group_factors,1e-08,3336,0.7665441176470589,12.264705882352942,True,0.001698100008070469,snapshot only,0.0,0.0
deep2_n8_T32_s9401101,deep2,8,32,9401101,272,16,4352,owner_block_factors,1e-08,3504,0.8051470588235294,12.882352941176471,True,0.0030993999680504203,snapshot only,0.0,0.0
deep2_n8_T32_s9401101,deep2,8,32,9401101,272,16,4352,kronecker_shared_input_basis,1e-08,3336,0.7665441176470589,12.264705882352942,True,0.0015982999466359615,snapshot only,0.0,0.0
deep2_n8_T32_s9401101,deep2,8,32,9401101,272,16,4352,immediate_support_exact_slice_plus_svd_residual,1e-08,6320,1.4522058823529411,23.235294117647058,True,0.00035039999056607485,snapshot only,3.3358593938445e-16,4.440892098500626e-16
deep2_n8_T32_s9401101,deep2,8,32,9401101,272,16,4352,local_eligibility_plus_svd_residual,1e-08,6320,1.4522058823529411,23.235294117647058,True,0.00019129994325339794,snapshot only,5.241943361104092e-16,5.551115123125783e-16
deep2_n8_T32_s9401101,deep2,8,32,9401101,272,16,4352,global_svd,1e-10,4608,1.0588235294117647,16.941176470588236,True,0.00015750003512948751,snapshot only,2.0473327396881996e-15,1.929750851819684e-15
deep2_n8_T32_s9401101,deep2,8,32,9401101,272,16,4352,pivoted_qr_repeated_basis,1e-10,4880,1.1213235294117647,17.941176470588236,True,9.039998985826969e-05,snapshot only,2.915427253345999e-16,3.582645217887209e-16
deep2_n8_T32_s9401101,deep2,8,32,9401101,272,16,4352,supported_group_factors,1e-10,3336,0.7665441176470589,12.264705882352942,True,0.0018440999556332827,snapshot only,0.0,0.0
deep2_n8_T32_s9401101,deep2,8,32,9401101,272,16,4352,owner_block_factors,1e-10,3504,0.8051470588235294,12.882352941176471,True,0.003047000034712255,snapshot only,0.0,0.0
deep2_n8_T32_s9401101,deep2,8,32,9401101,272,16,4352,kronecker_shared_input_basis,1e-10,3336,0.7665441176470589,12.264705882352942,True,0.0015972000546753407,snapshot only,0.0,0.0
deep2_n8_T32_s9401101,deep2,8,32,9401101,272,16,4352,immediate_support_exact_slice_plus_svd_residual,1e-10,6320,1.4522058823529411,23.235294117647058,True,0.00017790007404983044,snapshot only,3.3358593938445e-16,4.440892098500626e-16
deep2_n8_T32_s9401101,deep2,8,32,9401101,272,16,4352,local_eligibility_plus_svd_residual,1e-10,6320,1.4522058823529411,23.235294117647058,True,0.00016960001084953547,snapshot only,5.241943361104092e-16,5.551115123125783e-16
deep2_n8_T32_s9401101,deep2,8,32,9401101,272,16,4352,global_svd,1e-12,4608,1.0588235294117647,16.941176470588236,True,0.00015470001380890608,snapshot only,2.0473327396881996e-15,1.929750851819684e-15
deep2_n8_T32_s9401101,deep2,8,32,9401101,272,16,4352,pivoted_qr_repeated_basis,1e-12,4880,1.1213235294117647,17.941176470588236,True,8.429994340986013e-05,snapshot only,2.915427253345999e-16,3.582645217887209e-16
deep2_n8_T32_s9401101,deep2,8,32,9401101,272,16,4352,supported_group_factors,1e-12,3336,0.7665441176470589,12.264705882352942,True,0.0016689000185579062,snapshot only,0.0,0.0
deep2_n8_T32_s9401101,deep2,8,32,9401101,272,16,4352,owner_block_factors,1e-12,3504,0.8051470588235294,12.882352941176471,True,0.0030254999874159694,snapshot only,0.0,0.0
deep2_n8_T32_s9401101,deep2,8,32,9401101,272,16,4352,kronecker_shared_input_basis,1e-12,3336,0.7665441176470589,12.264705882352942,True,0.0019764999160543084,snapshot only,0.0,0.0
deep2_n8_T32_s9401101,deep2,8,32,9401101,272,16,4352,immediate_support_exact_slice_plus_svd_residual,1e-12,6320,1.4522058823529411,23.235294117647058,True,0.00019729998894035816,snapshot only,3.3358593938445e-16,4.440892098500626e-16
deep2_n8_T32_s9401101,deep2,8,32,9401101,272,16,4352,local_eligibility_plus_svd_residual,1e-12,6320,1.4522058823529411,23.235294117647058,True,0.00017450004816055298,snapshot only,5.241943361104092e-16,5.551115123125783e-16
deep2_n8_T32_s9401102,deep2,8,32,9401102,272,16,4352,full_matrix,1e-08,4352,1.0,16.0,True,7.00005330145359e-07,online baseline,0.0,0.0
deep2_n8_T32_s9401102,deep2,8,32,9401102,272,16,4352,coordinate_sparse,1e-08,6528,1.5,24.0,True,1.950003206729889e-05,snapshot only,0.0,0.0
deep2_n8_T32_s9401102,deep2,8,32,9401102,272,16,4352,block_sparse_triangular,1e-08,3560,0.8180147058823529,13.088235294117647,True,2.7799978852272034e-05,known closed online block recurrence,0.0,0.0
deep2_n8_T32_s9401102,deep2,8,32,9401102,272,16,4352,global_svd,1e-08,4608,1.0588235294117647,16.941176470588236,True,0.00020370003767311573,snapshot only,1.5140474406458289e-15,1.2212453270876722e-15
deep2_n8_T32_s9401102,deep2,8,32,9401102,272,16,4352,pivoted_qr_repeated_basis,1e-08,4880,1.1213235294117647,17.941176470588236,True,9.930005762726068e-05,snapshot only,3.8062751258595196e-16,4.440892098500626e-16
deep2_n8_T32_s9401102,deep2,8,32,9401102,272,16,4352,supported_group_factors,1e-08,3336,0.7665441176470589,12.264705882352942,True,0.001724999980069697,snapshot only,0.0,0.0
deep2_n8_T32_s9401102,deep2,8,32,9401102,272,16,4352,owner_block_factors,1e-08,3504,0.8051470588235294,12.882352941176471,True,0.0034908000379800797,snapshot only,0.0,0.0
deep2_n8_T32_s9401102,deep2,8,32,9401102,272,16,4352,kronecker_shared_input_basis,1e-08,3336,0.7665441176470589,12.264705882352942,True,0.0018569999374449253,snapshot only,0.0,0.0
deep2_n8_T32_s9401102,deep2,8,32,9401102,272,16,4352,immediate_support_exact_slice_plus_svd_residual,1e-08,6320,1.4522058823529411,23.235294117647058,True,0.0001865000231191516,snapshot only,3.9515471542994685e-16,5.273559366969494e-16
deep2_n8_T32_s9401102,deep2,8,32,9401102,272,16,4352,local_eligibility_plus_svd_residual,1e-08,6320,1.4522058823529411,23.235294117647058,True,0.0001868000254034996,snapshot only,4.946556233218712e-16,4.440892098500626e-16
deep2_n8_T32_s9401102,deep2,8,32,9401102,272,16,4352,global_svd,1e-10,4608,1.0588235294117647,16.941176470588236,True,0.00015730003360658884,snapshot only,1.5140474406458289e-15,1.2212453270876722e-15
deep2_n8_T32_s9401102,deep2,8,32,9401102,272,16,4352,pivoted_qr_repeated_basis,1e-10,4880,1.1213235294117647,17.941176470588236,True,8.809997234493494e-05,snapshot only,3.8062751258595196e-16,4.440892098500626e-16
deep2_n8_T32_s9401102,deep2,8,32,9401102,272,16,4352,supported_group_factors,1e-10,3336,0.7665441176470589,12.264705882352942,True,0.001872899942100048,snapshot only,0.0,0.0
deep2_n8_T32_s9401102,deep2,8,32,9401102,272,16,4352,owner_block_factors,1e-10,3504,0.8051470588235294,12.882352941176471,True,0.004204099997878075,snapshot only,0.0,0.0
deep2_n8_T32_s9401102,deep2,8,32,9401102,272,16,4352,kronecker_shared_input_basis,1e-10,3336,0.7665441176470589,12.264705882352942,True,0.0019998999778181314,snapshot only,0.0,0.0
deep2_n8_T32_s9401102,deep2,8,32,9401102,272,16,4352,immediate_support_exact_slice_plus_svd_residual,1e-10,6320,1.4522058823529411,23.235294117647058,True,0.0004167999140918255,snapshot only,3.9515471542994685e-16,5.273559366969494e-16
deep2_n8_T32_s9401102,deep2,8,32,9401102,272,16,4352,local_eligibility_plus_svd_residual,1e-10,6320,1.4522058823529411,23.235294117647058,True,0.0001702000154182315,snapshot only,4.946556233218712e-16,4.440892098500626e-16
deep2_n8_T32_s9401102,deep2,8,32,9401102,272,16,4352,global_svd,1e-12,4608,1.0588235294117647,16.941176470588236,True,0.00015860004350543022,snapshot only,1.5140474406458289e-15,1.2212453270876722e-15
deep2_n8_T32_s9401102,deep2,8,32,9401102,272,16,4352,pivoted_qr_repeated_basis,1e-12,4880,1.1213235294117647,17.941176470588236,True,9.049999061971903e-05,snapshot only,3.8062751258595196e-16,4.440892098500626e-16
deep2_n8_T32_s9401102,deep2,8,32,9401102,272,16,4352,supported_group_factors,1e-12,3336,0.7665441176470589,12.264705882352942,True,0.0022357000270858407,snapshot only,0.0,0.0
deep2_n8_T32_s9401102,deep2,8,32,9401102,272,16,4352,owner_block_factors,1e-12,3504,0.8051470588235294,12.882352941176471,True,0.003932500025257468,snapshot only,0.0,0.0
deep2_n8_T32_s9401102,deep2,8,32,9401102,272,16,4352,kronecker_shared_input_basis,1e-12,3336,0.7665441176470589,12.264705882352942,True,0.0021332999458536506,snapshot only,0.0,0.0
deep2_n8_T32_s9401102,deep2,8,32,9401102,272,16,4352,immediate_support_exact_slice_plus_svd_residual,1e-12,6320,1.4522058823529411,23.235294117647058,True,0.00024500000290572643,snapshot only,3.9515471542994685e-16,5.273559366969494e-16
deep2_n8_T32_s9401102,deep2,8,32,9401102,272,16,4352,local_eligibility_plus_svd_residual,1e-12,6320,1.4522058823529411,23.235294117647058,True,0.00017669994849711657,snapshot only,4.946556233218712e-16,4.440892098500626e-16
deep2_n8_T32_s9401103,deep2,8,32,9401103,272,16,4352,full_matrix,1e-08,4352,1.0,16.0,True,7.00005330145359e-07,online baseline,0.0,0.0
deep2_n8_T32_s9401103,deep2,8,32,9401103,272,16,4352,coordinate_sparse,1e-08,6528,1.5,24.0,True,2.5799963623285294e-05,snapshot only,0.0,0.0
deep2_n8_T32_s9401103,deep2,8,32,9401103,272,16,4352,block_sparse_triangular,1e-08,3560,0.8180147058823529,13.088235294117647,True,2.8700102120637894e-05,known closed online block recurrence,0.0,0.0
deep2_n8_T32_s9401103,deep2,8,32,9401103,272,16,4352,global_svd,1e-08,4608,1.0588235294117647,16.941176470588236,True,0.0002210000529885292,snapshot only,1.993492804399848e-15,1.7763568394002505e-15
deep2_n8_T32_s9401103,deep2,8,32,9401103,272,16,4352,pivoted_qr_repeated_basis,1e-08,4880,1.1213235294117647,17.941176470588236,True,0.00010830000974237919,snapshot only,3.52993541129252e-16,4.440892098500626e-16
deep2_n8_T32_s9401103,deep2,8,32,9401103,272,16,4352,supported_group_factors,1e-08,3336,0.7665441176470589,12.264705882352942,True,0.001987099996767938,snapshot only,0.0,0.0
deep2_n8_T32_s9401103,deep2,8,32,9401103,272,16,4352,owner_block_factors,1e-08,3504,0.8051470588235294,12.882352941176471,True,0.0035788000095635653,snapshot only,0.0,0.0
deep2_n8_T32_s9401103,deep2,8,32,9401103,272,16,4352,kronecker_shared_input_basis,1e-08,3336,0.7665441176470589,12.264705882352942,True,0.001922599971294403,snapshot only,0.0,0.0
deep2_n8_T32_s9401103,deep2,8,32,9401103,272,16,4352,immediate_support_exact_slice_plus_svd_residual,1e-08,6320,1.4522058823529411,23.235294117647058,True,0.0002405999694019556,snapshot only,3.6529459730097214e-16,4.440892098500626e-16
deep2_n8_T32_s9401103,deep2,8,32,9401103,272,16,4352,local_eligibility_plus_svd_residual,1e-08,6320,1.4522058823529411,23.235294117647058,True,0.0003090999089181423,snapshot only,6.088870430990403e-16,5.551115123125783e-16
deep2_n8_T32_s9401103,deep2,8,32,9401103,272,16,4352,global_svd,1e-10,4608,1.0588235294117647,16.941176470588236,True,0.00019589997828006744,snapshot only,1.993492804399848e-15,1.7763568394002505e-15
deep2_n8_T32_s9401103,deep2,8,32,9401103,272,16,4352,pivoted_qr_repeated_basis,1e-10,4880,1.1213235294117647,17.941176470588236,True,0.00013440009206533432,snapshot only,3.52993541129252e-16,4.440892098500626e-16
deep2_n8_T32_s9401103,deep2,8,32,9401103,272,16,4352,supported_group_factors,1e-10,3336,0.7665441176470589,12.264705882352942,True,0.002097700024023652,snapshot only,0.0,0.0
deep2_n8_T32_s9401103,deep2,8,32,9401103,272,16,4352,owner_block_factors,1e-10,3504,0.8051470588235294,12.882352941176471,True,0.00381499994546175,snapshot only,0.0,0.0
deep2_n8_T32_s9401103,deep2,8,32,9401103,272,16,4352,kronecker_shared_input_basis,1e-10,3336,0.7665441176470589,12.264705882352942,True,0.0019469000399112701,snapshot only,0.0,0.0
deep2_n8_T32_s9401103,deep2,8,32,9401103,272,16,4352,immediate_support_exact_slice_plus_svd_residual,1e-10,6320,1.4522058823529411,23.235294117647058,True,0.00021780002862215042,snapshot only,3.6529459730097214e-16,4.440892098500626e-16
deep2_n8_T32_s9401103,deep2,8,32,9401103,272,16,4352,local_eligibility_plus_svd_residual,1e-10,6320,1.4522058823529411,23.235294117647058,True,0.00018319999799132347,snapshot only,6.088870430990403e-16,5.551115123125783e-16
deep2_n8_T32_s9401103,deep2,8,32,9401103,272,16,4352,global_svd,1e-12,4608,1.0588235294117647,16.941176470588236,True,0.00015620002523064613,snapshot only,1.993492804399848e-15,1.7763568394002505e-15
deep2_n8_T32_s9401103,deep2,8,32,9401103,272,16,4352,pivoted_qr_repeated_basis,1e-12,4880,1.1213235294117647,17.941176470588236,True,0.00010930001735687256,snapshot only,3.52993541129252e-16,4.440892098500626e-16
deep2_n8_T32_s9401103,deep2,8,32,9401103,272,16,4352,supported_group_factors,1e-12,3336,0.7665441176470589,12.264705882352942,True,0.0017679000739008188,snapshot only,0.0,0.0
deep2_n8_T32_s9401103,deep2,8,32,9401103,272,16,4352,owner_block_factors,1e-12,3504,0.8051470588235294,12.882352941176471,True,0.0037055000429973006,snapshot only,0.0,0.0
deep2_n8_T32_s9401103,deep2,8,32,9401103,272,16,4352,kronecker_shared_input_basis,1e-12,3336,0.7665441176470589,12.264705882352942,True,0.001997700077481568,snapshot only,0.0,0.0
deep2_n8_T32_s9401103,deep2,8,32,9401103,272,16,4352,immediate_support_exact_slice_plus_svd_residual,1e-12,6320,1.4522058823529411,23.235294117647058,True,0.00021630001720041037,snapshot only,3.6529459730097214e-16,4.440892098500626e-16
deep2_n8_T32_s9401103,deep2,8,32,9401103,272,16,4352,local_eligibility_plus_svd_residual,1e-12,6320,1.4522058823529411,23.235294117647058,True,0.00026620004791766405,snapshot only,6.088870430990403e-16,5.551115123125783e-16
deep2_n8_T32_s9401104,deep2,8,32,9401104,272,16,4352,full_matrix,1e-08,4352,1.0,16.0,True,6.00004568696022e-07,online baseline,0.0,0.0
deep2_n8_T32_s9401104,deep2,8,32,9401104,272,16,4352,coordinate_sparse,1e-08,6528,1.5,24.0,True,2.010003663599491e-05,snapshot only,0.0,0.0
deep2_n8_T32_s9401104,deep2,8,32,9401104,272,16,4352,block_sparse_triangular,1e-08,3560,0.8180147058823529,13.088235294117647,True,2.7799978852272034e-05,known closed online block recurrence,0.0,0.0
deep2_n8_T32_s9401104,deep2,8,32,9401104,272,16,4352,global_svd,1e-08,4608,1.0588235294117647,16.941176470588236,True,0.00019679998513311148,snapshot only,2.351036295870036e-15,3.030561912531482e-15
deep2_n8_T32_s9401104,deep2,8,32,9401104,272,16,4352,pivoted_qr_repeated_basis,1e-08,4880,1.1213235294117647,17.941176470588236,True,0.0001004999503493309,snapshot only,3.497592193258988e-16,4.440892098500626e-16
deep2_n8_T32_s9401104,deep2,8,32,9401104,272,16,4352,supported_group_factors,1e-08,3336,0.7665441176470589,12.264705882352942,True,0.0017262999899685383,snapshot only,0.0,0.0
deep2_n8_T32_s9401104,deep2,8,32,9401104,272,16,4352,owner_block_factors,1e-08,3504,0.8051470588235294,12.882352941176471,True,0.0034248000010848045,snapshot only,0.0,0.0
deep2_n8_T32_s9401104,deep2,8,32,9401104,272,16,4352,kronecker_shared_input_basis,1e-08,3336,0.7665441176470589,12.264705882352942,True,0.0016610999591648579,snapshot only,0.0,0.0
deep2_n8_T32_s9401104,deep2,8,32,9401104,272,16,4352,immediate_support_exact_slice_plus_svd_residual,1e-08,6320,1.4522058823529411,23.235294117647058,True,0.00018339999951422215,snapshot only,1.434348654363546e-15,2.220446049250313e-15
deep2_n8_T32_s9401104,deep2,8,32,9401104,272,16,4352,local_eligibility_plus_svd_residual,1e-08,6320,1.4522058823529411,23.235294117647058,True,0.00016950001008808613,snapshot only,1.3915950062621055e-15,2.6412755625670853e-15
deep2_n8_T32_s9401104,deep2,8,32,9401104,272,16,4352,global_svd,1e-10,4608,1.0588235294117647,16.941176470588236,True,0.00015350000467151403,snapshot only,2.351036295870036e-15,3.030561912531482e-15
deep2_n8_T32_s9401104,deep2,8,32,9401104,272,16,4352,pivoted_qr_repeated_basis,1e-10,4880,1.1213235294117647,17.941176470588236,True,8.779997006058693e-05,snapshot only,3.497592193258988e-16,4.440892098500626e-16
deep2_n8_T32_s9401104,deep2,8,32,9401104,272,16,4352,supported_group_factors,1e-10,3336,0.7665441176470589,12.264705882352942,True,0.0017379999626427889,snapshot only,0.0,0.0
deep2_n8_T32_s9401104,deep2,8,32,9401104,272,16,4352,owner_block_factors,1e-10,3504,0.8051470588235294,12.882352941176471,True,0.003128100070171058,snapshot only,0.0,0.0
deep2_n8_T32_s9401104,deep2,8,32,9401104,272,16,4352,kronecker_shared_input_basis,1e-10,3336,0.7665441176470589,12.264705882352942,True,0.0016345999902114272,snapshot only,0.0,0.0
deep2_n8_T32_s9401104,deep2,8,32,9401104,272,16,4352,immediate_support_exact_slice_plus_svd_residual,1e-10,6320,1.4522058823529411,23.235294117647058,True,0.0001810999820008874,snapshot only,1.434348654363546e-15,2.220446049250313e-15
deep2_n8_T32_s9401104,deep2,8,32,9401104,272,16,4352,local_eligibility_plus_svd_residual,1e-10,6320,1.4522058823529411,23.235294117647058,True,0.00017289991956204176,snapshot only,1.3915950062621055e-15,2.6412755625670853e-15
deep2_n8_T32_s9401104,deep2,8,32,9401104,272,16,4352,global_svd,1e-12,4608,1.0588235294117647,16.941176470588236,True,0.0001534000039100647,snapshot only,2.351036295870036e-15,3.030561912531482e-15
deep2_n8_T32_s9401104,deep2,8,32,9401104,272,16,4352,pivoted_qr_repeated_basis,1e-12,4880,1.1213235294117647,17.941176470588236,True,8.509994950145483e-05,snapshot only,3.497592193258988e-16,4.440892098500626e-16
deep2_n8_T32_s9401104,deep2,8,32,9401104,272,16,4352,supported_group_factors,1e-12,3336,0.7665441176470589,12.264705882352942,True,0.0016825000056996942,snapshot only,0.0,0.0
deep2_n8_T32_s9401104,deep2,8,32,9401104,272,16,4352,owner_block_factors,1e-12,3504,0.8051470588235294,12.882352941176471,True,0.003326199948787689,snapshot only,0.0,0.0
deep2_n8_T32_s9401104,deep2,8,32,9401104,272,16,4352,kronecker_shared_input_basis,1e-12,3336,0.7665441176470589,12.264705882352942,True,0.0016385000199079514,snapshot only,0.0,0.0
deep2_n8_T32_s9401104,deep2,8,32,9401104,272,16,4352,immediate_support_exact_slice_plus_svd_residual,1e-12,6320,1.4522058823529411,23.235294117647058,True,0.0001824999926611781,snapshot only,1.434348654363546e-15,2.220446049250313e-15
deep2_n8_T32_s9401104,deep2,8,32,9401104,272,16,4352,local_eligibility_plus_svd_residual,1e-12,6320,1.4522058823529411,23.235294117647058,True,0.0001735000405460596,snapshot only,1.3915950062621055e-15,2.6412755625670853e-15
deep2_n8_T128_s9401100,deep2,8,128,9401100,272,16,4352,full_matrix,1e-08,4352,1.0,16.0,True,7.00005330145359e-07,online baseline,0.0,0.0
deep2_n8_T128_s9401100,deep2,8,128,9401100,272,16,4352,coordinate_sparse,1e-08,6528,1.5,24.0,True,2.080004196614027e-05,snapshot only,0.0,0.0
deep2_n8_T128_s9401100,deep2,8,128,9401100,272,16,4352,block_sparse_triangular,1e-08,3560,0.8180147058823529,13.088235294117647,True,2.829998265951872e-05,known closed online block recurrence,0.0,0.0
deep2_n8_T128_s9401100,deep2,8,128,9401100,272,16,4352,global_svd,1e-08,4608,1.0588235294117647,16.941176470588236,True,0.0002661999315023422,snapshot only,1.2176354517677997e-15,1.1102230246251565e-15
deep2_n8_T128_s9401100,deep2,8,128,9401100,272,16,4352,pivoted_qr_repeated_basis,1e-08,4880,1.1213235294117647,17.941176470588236,True,0.00010689999908208847,snapshot only,3.6009386851715266e-16,4.440892098500626e-16
deep2_n8_T128_s9401100,deep2,8,128,9401100,272,16,4352,supported_group_factors,1e-08,3336,0.7665441176470589,12.264705882352942,True,0.0017720999894663692,snapshot only,0.0,0.0
deep2_n8_T128_s9401100,deep2,8,128,9401100,272,16,4352,owner_block_factors,1e-08,3504,0.8051470588235294,12.882352941176471,True,0.0030999999726191163,snapshot only,0.0,0.0
deep2_n8_T128_s9401100,deep2,8,128,9401100,272,16,4352,kronecker_shared_input_basis,1e-08,3336,0.7665441176470589,12.264705882352942,True,0.0016215000068768859,snapshot only,0.0,0.0
deep2_n8_T128_s9401100,deep2,8,128,9401100,272,16,4352,immediate_support_exact_slice_plus_svd_residual,1e-08,6320,1.4522058823529411,23.235294117647058,True,0.0001810999820008874,snapshot only,3.9480350305194516e-16,4.996003610813204e-16
deep2_n8_T128_s9401100,deep2,8,128,9401100,272,16,4352,local_eligibility_plus_svd_residual,1e-08,6320,1.4522058823529411,23.235294117647058,True,0.00017170002683997154,snapshot only,4.518614940196128e-16,4.3021142204224816e-16
deep2_n8_T128_s9401100,deep2,8,128,9401100,272,16,4352,global_svd,1e-10,4608,1.0588235294117647,16.941176470588236,True,0.00015159999020397663,snapshot only,1.2176354517677997e-15,1.1102230246251565e-15
deep2_n8_T128_s9401100,deep2,8,128,9401100,272,16,4352,pivoted_qr_repeated_basis,1e-10,4880,1.1213235294117647,17.941176470588236,True,8.71000811457634e-05,snapshot only,3.6009386851715266e-16,4.440892098500626e-16
deep2_n8_T128_s9401100,deep2,8,128,9401100,272,16,4352,supported_group_factors,1e-10,3336,0.7665441176470589,12.264705882352942,True,0.0016934000886976719,snapshot only,0.0,0.0
deep2_n8_T128_s9401100,deep2,8,128,9401100,272,16,4352,owner_block_factors,1e-10,3504,0.8051470588235294,12.882352941176471,True,0.003070599981583655,snapshot only,0.0,0.0
deep2_n8_T128_s9401100,deep2,8,128,9401100,272,16,4352,kronecker_shared_input_basis,1e-10,3336,0.7665441176470589,12.264705882352942,True,0.0020912999752908945,snapshot only,0.0,0.0
deep2_n8_T128_s9401100,deep2,8,128,9401100,272,16,4352,immediate_support_exact_slice_plus_svd_residual,1e-10,6320,1.4522058823529411,23.235294117647058,True,0.00030229997355490923,snapshot only,3.9480350305194516e-16,4.996003610813204e-16
deep2_n8_T128_s9401100,deep2,8,128,9401100,272,16,4352,local_eligibility_plus_svd_residual,1e-10,6320,1.4522058823529411,23.235294117647058,True,0.0001927000703290105,snapshot only,4.518614940196128e-16,4.3021142204224816e-16
deep2_n8_T128_s9401100,deep2,8,128,9401100,272,16,4352,global_svd,1e-12,4608,1.0588235294117647,16.941176470588236,True,0.00015950005035847425,snapshot only,1.2176354517677997e-15,1.1102230246251565e-15
deep2_n8_T128_s9401100,deep2,8,128,9401100,272,16,4352,pivoted_qr_repeated_basis,1e-12,4880,1.1213235294117647,17.941176470588236,True,9.620003402233124e-05,snapshot only,3.6009386851715266e-16,4.440892098500626e-16
deep2_n8_T128_s9401100,deep2,8,128,9401100,272,16,4352,supported_group_factors,1e-12,3336,0.7665441176470589,12.264705882352942,True,0.0017097999807447195,snapshot only,0.0,0.0
deep2_n8_T128_s9401100,deep2,8,128,9401100,272,16,4352,owner_block_factors,1e-12,3504,0.8051470588235294,12.882352941176471,True,0.0031500000040978193,snapshot only,0.0,0.0
deep2_n8_T128_s9401100,deep2,8,128,9401100,272,16,4352,kronecker_shared_input_basis,1e-12,3336,0.7665441176470589,12.264705882352942,True,0.0016365000046789646,snapshot only,0.0,0.0
deep2_n8_T128_s9401100,deep2,8,128,9401100,272,16,4352,immediate_support_exact_slice_plus_svd_residual,1e-12,6320,1.4522058823529411,23.235294117647058,True,0.0001802999759092927,snapshot only,3.9480350305194516e-16,4.996003610813204e-16
deep2_n8_T128_s9401100,deep2,8,128,9401100,272,16,4352,local_eligibility_plus_svd_residual,1e-12,6320,1.4522058823529411,23.235294117647058,True,0.00017100002150982618,snapshot only,4.518614940196128e-16,4.3021142204224816e-16
deep2_n8_T128_s9401101,deep2,8,128,9401101,272,16,4352,full_matrix,1e-08,4352,1.0,16.0,True,7.00005330145359e-07,online baseline,0.0,0.0
deep2_n8_T128_s9401101,deep2,8,128,9401101,272,16,4352,coordinate_sparse,1e-08,6528,1.5,24.0,True,2.010003663599491e-05,snapshot only,0.0,0.0
deep2_n8_T128_s9401101,deep2,8,128,9401101,272,16,4352,block_sparse_triangular,1e-08,3560,0.8180147058823529,13.088235294117647,True,2.7499976567924023e-05,known closed online block recurrence,0.0,0.0
deep2_n8_T128_s9401101,deep2,8,128,9401101,272,16,4352,global_svd,1e-08,4608,1.0588235294117647,16.941176470588236,True,0.0001852000132203102,snapshot only,1.3230910708219828e-15,1.1657341758564144e-15
deep2_n8_T128_s9401101,deep2,8,128,9401101,272,16,4352,pivoted_qr_repeated_basis,1e-08,4880,1.1213235294117647,17.941176470588236,True,9.61000332608819e-05,snapshot only,3.8362464813048994e-16,5.551115123125783e-16
deep2_n8_T128_s9401101,deep2,8,128,9401101,272,16,4352,supported_group_factors,1e-08,3336,0.7665441176470589,12.264705882352942,True,0.0020806000102311373,snapshot only,0.0,0.0
deep2_n8_T128_s9401101,deep2,8,128,9401101,272,16,4352,owner_block_factors,1e-08,3504,0.8051470588235294,12.882352941176471,True,0.0032029999420046806,snapshot only,0.0,0.0
deep2_n8_T128_s9401101,deep2,8,128,9401101,272,16,4352,kronecker_shared_input_basis,1e-08,3336,0.7665441176470589,12.264705882352942,True,0.0016515000024810433,snapshot only,0.0,0.0
deep2_n8_T128_s9401101,deep2,8,128,9401101,272,16,4352,immediate_support_exact_slice_plus_svd_residual,1e-08,6320,1.4522058823529411,23.235294117647058,True,0.0001832999987527728,snapshot only,2.9392069200170415e-16,2.498001805406602e-16
deep2_n8_T128_s9401101,deep2,8,128,9401101,272,16,4352,local_eligibility_plus_svd_residual,1e-08,6320,1.4522058823529411,23.235294117647058,True,0.0001700000138953328,snapshot only,6.798330482047137e-16,6.661338147750939e-16
deep2_n8_T128_s9401101,deep2,8,128,9401101,272,16,4352,global_svd,1e-10,4608,1.0588235294117647,16.941176470588236,True,0.0001650999765843153,snapshot only,1.3230910708219828e-15,1.1657341758564144e-15
deep2_n8_T128_s9401101,deep2,8,128,9401101,272,16,4352,pivoted_qr_repeated_basis,1e-10,4880,1.1213235294117647,17.941176470588236,True,8.500006515532732e-05,snapshot only,3.8362464813048994e-16,5.551115123125783e-16
deep2_n8_T128_s9401101,deep2,8,128,9401101,272,16,4352,supported_group_factors,1e-10,3336,0.7665441176470589,12.264705882352942,True,0.001666199997998774,snapshot only,0.0,0.0
deep2_n8_T128_s9401101,deep2,8,128,9401101,272,16,4352,owner_block_factors,1e-10,3504,0.8051470588235294,12.882352941176471,True,0.003123199916444719,snapshot only,0.0,0.0
deep2_n8_T128_s9401101,deep2,8,128,9401101,272,16,4352,kronecker_shared_input_basis,1e-10,3336,0.7665441176470589,12.264705882352942,True,0.0026931000174954534,snapshot only,0.0,0.0
deep2_n8_T128_s9401101,deep2,8,128,9401101,272,16,4352,immediate_support_exact_slice_plus_svd_residual,1e-10,6320,1.4522058823529411,23.235294117647058,True,0.0001829999964684248,snapshot only,2.9392069200170415e-16,2.498001805406602e-16
deep2_n8_T128_s9401101,deep2,8,128,9401101,272,16,4352,local_eligibility_plus_svd_residual,1e-10,6320,1.4522058823529411,23.235294117647058,True,0.00017060001846402884,snapshot only,6.798330482047137e-16,6.661338147750939e-16
deep2_n8_T128_s9401101,deep2,8,128,9401101,272,16,4352,global_svd,1e-12,4608,1.0588235294117647,16.941176470588236,True,0.00015759991947561502,snapshot only,1.3230910708219828e-15,1.1657341758564144e-15
deep2_n8_T128_s9401101,deep2,8,128,9401101,272,16,4352,pivoted_qr_repeated_basis,1e-12,4880,1.1213235294117647,17.941176470588236,True,8.460006210952997e-05,snapshot only,3.8362464813048994e-16,5.551115123125783e-16
deep2_n8_T128_s9401101,deep2,8,128,9401101,272,16,4352,supported_group_factors,1e-12,3336,0.7665441176470589,12.264705882352942,True,0.0016823000041767955,snapshot only,0.0,0.0
deep2_n8_T128_s9401101,deep2,8,128,9401101,272,16,4352,owner_block_factors,1e-12,3504,0.8051470588235294,12.882352941176471,True,0.0030938999261707067,snapshot only,0.0,0.0
deep2_n8_T128_s9401101,deep2,8,128,9401101,272,16,4352,kronecker_shared_input_basis,1e-12,3336,0.7665441176470589,12.264705882352942,True,0.0015860999701544642,snapshot only,0.0,0.0
deep2_n8_T128_s9401101,deep2,8,128,9401101,272,16,4352,immediate_support_exact_slice_plus_svd_residual,1e-12,6320,1.4522058823529411,23.235294117647058,True,0.00017650006338953972,snapshot only,2.9392069200170415e-16,2.498001805406602e-16
deep2_n8_T128_s9401101,deep2,8,128,9401101,272,16,4352,local_eligibility_plus_svd_residual,1e-12,6320,1.4522058823529411,23.235294117647058,True,0.00017200002912431955,snapshot only,6.798330482047137e-16,6.661338147750939e-16
deep2_n8_T128_s9401102,deep2,8,128,9401102,272,16,4352,full_matrix,1e-08,4352,1.0,16.0,True,6.00004568696022e-07,online baseline,0.0,0.0
deep2_n8_T128_s9401102,deep2,8,128,9401102,272,16,4352,coordinate_sparse,1e-08,6528,1.5,24.0,True,2.389994915574789e-05,snapshot only,0.0,0.0
deep2_n8_T128_s9401102,deep2,8,128,9401102,272,16,4352,block_sparse_triangular,1e-08,3560,0.8180147058823529,13.088235294117647,True,2.8999987989664078e-05,known closed online block recurrence,0.0,0.0
deep2_n8_T128_s9401102,deep2,8,128,9401102,272,16,4352,global_svd,1e-08,4608,1.0588235294117647,16.941176470588236,True,0.00022649997845292091,snapshot only,2.105287580923813e-15,1.942890293094024e-15
deep2_n8_T128_s9401102,deep2,8,128,9401102,272,16,4352,pivoted_qr_repeated_basis,1e-08,4880,1.1213235294117647,17.941176470588236,True,0.00010730000212788582,snapshot only,3.151146134686714e-16,3.6316990407179284e-16
deep2_n8_T128_s9401102,deep2,8,128,9401102,272,16,4352,supported_group_factors,1e-08,3336,0.7665441176470589,12.264705882352942,True,0.0022194000193849206,snapshot only,0.0,0.0
deep2_n8_T128_s9401102,deep2,8,128,9401102,272,16,4352,owner_block_factors,1e-08,3504,0.8051470588235294,12.882352941176471,True,0.0035400999477133155,snapshot only,0.0,0.0
deep2_n8_T128_s9401102,deep2,8,128,9401102,272,16,4352,kronecker_shared_input_basis,1e-08,3336,0.7665441176470589,12.264705882352942,True,0.001987299998290837,snapshot only,0.0,0.0
deep2_n8_T128_s9401102,deep2,8,128,9401102,272,16,4352,immediate_support_exact_slice_plus_svd_residual,1e-08,6320,1.4522058823529411,23.235294117647058,True,0.00022219994571059942,snapshot only,4.8279953336851235e-16,5.551115123125783e-16
deep2_n8_T128_s9401102,deep2,8,128,9401102,272,16,4352,local_eligibility_plus_svd_residual,1e-08,6320,1.4522058823529411,23.235294117647058,True,0.00018540001474320889,snapshot only,5.432570131575656e-16,4.440892098500626e-16
deep2_n8_T128_s9401102,deep2,8,128,9401102,272,16,4352,global_svd,1e-10,4608,1.0588235294117647,16.941176470588236,True,0.00016009993851184845,snapshot only,2.105287580923813e-15,1.942890293094024e-15
deep2_n8_T128_s9401102,deep2,8,128,9401102,272,16,4352,pivoted_qr_repeated_basis,1e-10,4880,1.1213235294117647,17.941176470588236,True,0.00010890001431107521,snapshot only,3.151146134686714e-16,3.6316990407179284e-16
deep2_n8_T128_s9401102,deep2,8,128,9401102,272,16,4352,supported_group_factors,1e-10,3336,0.7665441176470589,12.264705882352942,True,0.002031999989412725,snapshot only,0.0,0.0
deep2_n8_T128_s9401102,deep2,8,128,9401102,272,16,4352,owner_block_factors,1e-10,3504,0.8051470588235294,12.882352941176471,True,0.003223799983970821,snapshot only,0.0,0.0
deep2_n8_T128_s9401102,deep2,8,128,9401102,272,16,4352,kronecker_shared_input_basis,1e-10,3336,0.7665441176470589,12.264705882352942,True,0.0016587999416515231,snapshot only,0.0,0.0
deep2_n8_T128_s9401102,deep2,8,128,9401102,272,16,4352,immediate_support_exact_slice_plus_svd_residual,1e-10,6320,1.4522058823529411,23.235294117647058,True,0.0003071000101044774,snapshot only,4.8279953336851235e-16,5.551115123125783e-16
deep2_n8_T128_s9401102,deep2,8,128,9401102,272,16,4352,local_eligibility_plus_svd_residual,1e-10,6320,1.4522058823529411,23.235294117647058,True,0.0002082999562844634,snapshot only,5.432570131575656e-16,4.440892098500626e-16
deep2_n8_T128_s9401102,deep2,8,128,9401102,272,16,4352,global_svd,1e-12,4608,1.0588235294117647,16.941176470588236,True,0.00018609990365803242,snapshot only,2.105287580923813e-15,1.942890293094024e-15
deep2_n8_T128_s9401102,deep2,8,128,9401102,272,16,4352,pivoted_qr_repeated_basis,1e-12,4880,1.1213235294117647,17.941176470588236,True,0.00011819996871054173,snapshot only,3.151146134686714e-16,3.6316990407179284e-16
deep2_n8_T128_s9401102,deep2,8,128,9401102,272,16,4352,supported_group_factors,1e-12,3336,0.7665441176470589,12.264705882352942,True,0.0019466000376269221,snapshot only,0.0,0.0
deep2_n8_T128_s9401102,deep2,8,128,9401102,272,16,4352,owner_block_factors,1e-12,3504,0.8051470588235294,12.882352941176471,True,0.003106500022113323,snapshot only,0.0,0.0
deep2_n8_T128_s9401102,deep2,8,128,9401102,272,16,4352,kronecker_shared_input_basis,1e-12,3336,0.7665441176470589,12.264705882352942,True,0.0016364000039175153,snapshot only,0.0,0.0
deep2_n8_T128_s9401102,deep2,8,128,9401102,272,16,4352,immediate_support_exact_slice_plus_svd_residual,1e-12,6320,1.4522058823529411,23.235294117647058,True,0.00018259999342262745,snapshot only,4.8279953336851235e-16,5.551115123125783e-16
deep2_n8_T128_s9401102,deep2,8,128,9401102,272,16,4352,local_eligibility_plus_svd_residual,1e-12,6320,1.4522058823529411,23.235294117647058,True,0.0001721000298857689,snapshot only,5.432570131575656e-16,4.440892098500626e-16
deep2_n8_T128_s9401103,deep2,8,128,9401103,272,16,4352,full_matrix,1e-08,4352,1.0,16.0,True,6.00004568696022e-07,online baseline,0.0,0.0
deep2_n8_T128_s9401103,deep2,8,128,9401103,272,16,4352,coordinate_sparse,1e-08,6528,1.5,24.0,True,1.9999919459223747e-05,snapshot only,0.0,0.0
deep2_n8_T128_s9401103,deep2,8,128,9401103,272,16,4352,block_sparse_triangular,1e-08,3560,0.8180147058823529,13.088235294117647,True,2.9999995604157448e-05,known closed online block recurrence,0.0,0.0
deep2_n8_T128_s9401103,deep2,8,128,9401103,272,16,4352,global_svd,1e-08,4608,1.0588235294117647,16.941176470588236,True,0.00020709994714707136,snapshot only,1.9777573375774998e-15,2.4153804976058515e-15
deep2_n8_T128_s9401103,deep2,8,128,9401103,272,16,4352,pivoted_qr_repeated_basis,1e-08,4880,1.1213235294117647,17.941176470588236,True,0.00010379997547715902,snapshot only,4.21619685394496e-16,3.5388358909926865e-16
deep2_n8_T128_s9401103,deep2,8,128,9401103,272,16,4352,supported_group_factors,1e-08,3336,0.7665441176470589,12.264705882352942,True,0.0017139000119641423,snapshot only,0.0,0.0
deep2_n8_T128_s9401103,deep2,8,128,9401103,272,16,4352,owner_block_factors,1e-08,3504,0.8051470588235294,12.882352941176471,True,0.0031288000755012035,snapshot only,0.0,0.0
deep2_n8_T128_s9401103,deep2,8,128,9401103,272,16,4352,kronecker_shared_input_basis,1e-08,3336,0.7665441176470589,12.264705882352942,True,0.001625100034289062,snapshot only,0.0,0.0
deep2_n8_T128_s9401103,deep2,8,128,9401103,272,16,4352,immediate_support_exact_slice_plus_svd_residual,1e-08,6320,1.4522058823529411,23.235294117647058,True,0.0001824999926611781,snapshot only,4.349762035754869e-16,4.579669976578771e-16
deep2_n8_T128_s9401103,deep2,8,128,9401103,272,16,4352,local_eligibility_plus_svd_residual,1e-08,6320,1.4522058823529411,23.235294117647058,True,0.0001713000237941742,snapshot only,8.139216051022554e-16,7.632783294297951e-16
deep2_n8_T128_s9401103,deep2,8,128,9401103,272,16,4352,global_svd,1e-10,4608,1.0588235294117647,16.941176470588236,True,0.000152900000102818,snapshot only,1.9777573375774998e-15,2.4153804976058515e-15
deep2_n8_T128_s9401103,deep2,8,128,9401103,272,16,4352,pivoted_qr_repeated_basis,1e-10,4880,1.1213235294117647,17.941176470588236,True,8.539995178580284e-05,snapshot only,4.21619685394496e-16,3.5388358909926865e-16
deep2_n8_T128_s9401103,deep2,8,128,9401103,272,16,4352,supported_group_factors,1e-10,3336,0.7665441176470589,12.264705882352942,True,0.0016796999843791127,snapshot only,0.0,0.0
deep2_n8_T128_s9401103,deep2,8,128,9401103,272,16,4352,owner_block_factors,1e-10,3504,0.8051470588235294,12.882352941176471,True,0.003103199996985495,snapshot only,0.0,0.0
deep2_n8_T128_s9401103,deep2,8,128,9401103,272,16,4352,kronecker_shared_input_basis,1e-10,3336,0.7665441176470589,12.264705882352942,True,0.002044999971985817,snapshot only,0.0,0.0
deep2_n8_T128_s9401103,deep2,8,128,9401103,272,16,4352,immediate_support_exact_slice_plus_svd_residual,1e-10,6320,1.4522058823529411,23.235294117647058,True,0.0001802999759092927,snapshot only,4.349762035754869e-16,4.579669976578771e-16
deep2_n8_T128_s9401103,deep2,8,128,9401103,272,16,4352,local_eligibility_plus_svd_residual,1e-10,6320,1.4522058823529411,23.235294117647058,True,0.00017269991803914309,snapshot only,8.139216051022554e-16,7.632783294297951e-16
deep2_n8_T128_s9401103,deep2,8,128,9401103,272,16,4352,global_svd,1e-12,4608,1.0588235294117647,16.941176470588236,True,0.00015400000847876072,snapshot only,1.9777573375774998e-15,2.4153804976058515e-15
deep2_n8_T128_s9401103,deep2,8,128,9401103,272,16,4352,pivoted_qr_repeated_basis,1e-12,4880,1.1213235294117647,17.941176470588236,True,8.509994950145483e-05,snapshot only,4.21619685394496e-16,3.5388358909926865e-16
deep2_n8_T128_s9401103,deep2,8,128,9401103,272,16,4352,supported_group_factors,1e-12,3336,0.7665441176470589,12.264705882352942,True,0.0016840000171214342,snapshot only,0.0,0.0
deep2_n8_T128_s9401103,deep2,8,128,9401103,272,16,4352,owner_block_factors,1e-12,3504,0.8051470588235294,12.882352941176471,True,0.00311879999935627,snapshot only,0.0,0.0
deep2_n8_T128_s9401103,deep2,8,128,9401103,272,16,4352,kronecker_shared_input_basis,1e-12,3336,0.7665441176470589,12.264705882352942,True,0.001608200022019446,snapshot only,0.0,0.0
deep2_n8_T128_s9401103,deep2,8,128,9401103,272,16,4352,immediate_support_exact_slice_plus_svd_residual,1e-12,6320,1.4522058823529411,23.235294117647058,True,0.0001772999530658126,snapshot only,4.349762035754869e-16,4.579669976578771e-16
deep2_n8_T128_s9401103,deep2,8,128,9401103,272,16,4352,local_eligibility_plus_svd_residual,1e-12,6320,1.4522058823529411,23.235294117647058,True,0.00017309992108494043,snapshot only,8.139216051022554e-16,7.632783294297951e-16
deep2_n8_T128_s9401104,deep2,8,128,9401104,272,16,4352,full_matrix,1e-08,4352,1.0,16.0,True,7.00005330145359e-07,online baseline,0.0,0.0
deep2_n8_T128_s9401104,deep2,8,128,9401104,272,16,4352,coordinate_sparse,1e-08,6528,1.5,24.0,True,2.0999927073717117e-05,snapshot only,0.0,0.0
deep2_n8_T128_s9401104,deep2,8,128,9401104,272,16,4352,block_sparse_triangular,1e-08,3560,0.8180147058823529,13.088235294117647,True,2.780009526759386e-05,known closed online block recurrence,0.0,0.0
deep2_n8_T128_s9401104,deep2,8,128,9401104,272,16,4352,global_svd,1e-08,4608,1.0588235294117647,16.941176470588236,True,0.00020020001102238894,snapshot only,1.1501382052120585e-15,9.71445146547012e-16
deep2_n8_T128_s9401104,deep2,8,128,9401104,272,16,4352,pivoted_qr_repeated_basis,1e-08,4880,1.1213235294117647,17.941176470588236,True,9.869993664324284e-05,snapshot only,3.6987715816331214e-16,3.469446951953614e-16
deep2_n8_T128_s9401104,deep2,8,128,9401104,272,16,4352,supported_group_factors,1e-08,3336,0.7665441176470589,12.264705882352942,True,0.0017004000255838037,snapshot only,0.0,0.0
deep2_n8_T128_s9401104,deep2,8,128,9401104,272,16,4352,owner_block_factors,1e-08,3504,0.8051470588235294,12.882352941176471,True,0.0030981999589130282,snapshot only,0.0,0.0
deep2_n8_T128_s9401104,deep2,8,128,9401104,272,16,4352,kronecker_shared_input_basis,1e-08,3336,0.7665441176470589,12.264705882352942,True,0.0016077000182121992,snapshot only,0.0,0.0
deep2_n8_T128_s9401104,deep2,8,128,9401104,272,16,4352,immediate_support_exact_slice_plus_svd_residual,1e-08,6320,1.4522058823529411,23.235294117647058,True,0.00017859996296465397,snapshot only,1.1027240723311589e-15,2.3245294578089215e-15
deep2_n8_T128_s9401104,deep2,8,128,9401104,272,16,4352,local_eligibility_plus_svd_residual,1e-08,6320,1.4522058823529411,23.235294117647058,True,0.00017090002074837685,snapshot only,1.072931078605791e-15,1.9298536688080853e-15
deep2_n8_T128_s9401104,deep2,8,128,9401104,272,16,4352,global_svd,1e-10,4608,1.0588235294117647,16.941176470588236,True,0.00015430001076310873,snapshot only,1.1501382052120585e-15,9.71445146547012e-16
deep2_n8_T128_s9401104,deep2,8,128,9401104,272,16,4352,pivoted_qr_repeated_basis,1e-10,4880,1.1213235294117647,17.941176470588236,True,8.669996168464422e-05,snapshot only,3.6987715816331214e-16,3.469446951953614e-16
deep2_n8_T128_s9401104,deep2,8,128,9401104,272,16,4352,supported_group_factors,1e-10,3336,0.7665441176470589,12.264705882352942,True,0.001699300017207861,snapshot only,0.0,0.0
deep2_n8_T128_s9401104,deep2,8,128,9401104,272,16,4352,owner_block_factors,1e-10,3504,0.8051470588235294,12.882352941176471,True,0.003477600053884089,snapshot only,0.0,0.0
deep2_n8_T128_s9401104,deep2,8,128,9401104,272,16,4352,kronecker_shared_input_basis,1e-10,3336,0.7665441176470589,12.264705882352942,True,0.0017591000068932772,snapshot only,0.0,0.0
deep2_n8_T128_s9401104,deep2,8,128,9401104,272,16,4352,immediate_support_exact_slice_plus_svd_residual,1e-10,6320,1.4522058823529411,23.235294117647058,True,0.0001772999530658126,snapshot only,1.1027240723311589e-15,2.3245294578089215e-15
deep2_n8_T128_s9401104,deep2,8,128,9401104,272,16,4352,local_eligibility_plus_svd_residual,1e-10,6320,1.4522058823529411,23.235294117647058,True,0.00016830000095069408,snapshot only,1.072931078605791e-15,1.9298536688080853e-15
deep2_n8_T128_s9401104,deep2,8,128,9401104,272,16,4352,global_svd,1e-12,4608,1.0588235294117647,16.941176470588236,True,0.00014729995746165514,snapshot only,1.1501382052120585e-15,9.71445146547012e-16
deep2_n8_T128_s9401104,deep2,8,128,9401104,272,16,4352,pivoted_qr_repeated_basis,1e-12,4880,1.1213235294117647,17.941176470588236,True,8.90000956133008e-05,snapshot only,3.6987715816331214e-16,3.469446951953614e-16
deep2_n8_T128_s9401104,deep2,8,128,9401104,272,16,4352,supported_group_factors,1e-12,3336,0.7665441176470589,12.264705882352942,True,0.0018375999061390758,snapshot only,0.0,0.0
deep2_n8_T128_s9401104,deep2,8,128,9401104,272,16,4352,owner_block_factors,1e-12,3504,0.8051470588235294,12.882352941176471,True,0.003104900009930134,snapshot only,0.0,0.0
deep2_n8_T128_s9401104,deep2,8,128,9401104,272,16,4352,kronecker_shared_input_basis,1e-12,3336,0.7665441176470589,12.264705882352942,True,0.0016450999537482858,snapshot only,0.0,0.0
deep2_n8_T128_s9401104,deep2,8,128,9401104,272,16,4352,immediate_support_exact_slice_plus_svd_residual,1e-12,6320,1.4522058823529411,23.235294117647058,True,0.00018039997667074203,snapshot only,1.1027240723311589e-15,2.3245294578089215e-15
deep2_n8_T128_s9401104,deep2,8,128,9401104,272,16,4352,local_eligibility_plus_svd_residual,1e-12,6320,1.4522058823529411,23.235294117647058,True,0.00017140002455562353,snapshot only,1.072931078605791e-15,1.9298536688080853e-15
deep2_n16_T32_s9401100,deep2,16,32,9401100,1056,32,33792,full_matrix,1e-08,33792,1.0,32.0,True,6.00004568696022e-07,online baseline,0.0,0.0
deep2_n16_T32_s9401100,deep2,16,32,9401100,1056,32,33792,coordinate_sparse,1e-08,50688,1.5,48.0,True,6.160000339150429e-05,snapshot only,0.0,0.0
deep2_n16_T32_s9401100,deep2,16,32,9401100,1056,32,33792,block_sparse_triangular,1e-08,26448,0.7826704545454546,25.045454545454547,True,8.36000544950366e-05,known closed online block recurrence,0.0,0.0
deep2_n16_T32_s9401100,deep2,16,32,9401100,1056,32,33792,global_svd,1e-08,34816,1.0303030303030303,32.96969696969697,True,0.0006582000060006976,snapshot only,2.091539798864044e-15,1.7763568394002505e-15
deep2_n16_T32_s9401100,deep2,16,32,9401100,1056,32,33792,pivoted_qr_repeated_basis,1e-08,35872,1.0615530303030303,33.96969696969697,True,0.0003470999654382467,snapshot only,4.500443188922975e-16,6.661338147750939e-16
deep2_n16_T32_s9401100,deep2,16,32,9401100,1056,32,33792,supported_group_factors,1e-08,25488,0.7542613636363636,24.136363636363637,True,0.00690409995149821,snapshot only,0.0,0.0
deep2_n16_T32_s9401100,deep2,16,32,9401100,1056,32,33792,owner_block_factors,1e-08,26208,0.7755681818181818,24.818181818181817,True,0.012526300037279725,snapshot only,0.0,0.0
deep2_n16_T32_s9401100,deep2,16,32,9401100,1056,32,33792,kronecker_shared_input_basis,1e-08,25488,0.7542613636363636,24.136363636363637,True,0.006631799973547459,snapshot only,0.0,0.0
deep2_n16_T32_s9401100,deep2,16,32,9401100,1056,32,33792,immediate_support_exact_slice_plus_svd_residual,1e-08,45664,1.3513257575757576,43.24242424242424,True,0.0008766000391915441,snapshot only,5.240659335822142e-16,4.996003610813204e-16
deep2_n16_T32_s9401100,deep2,16,32,9401100,1056,32,33792,local_eligibility_plus_svd_residual,1e-08,45664,1.3513257575757576,43.24242424242424,True,0.0009527000365778804,snapshot only,7.01085499112807e-16,4.440892098500626e-16
deep2_n16_T32_s9401100,deep2,16,32,9401100,1056,32,33792,global_svd,1e-10,34816,1.0303030303030303,32.96969696969697,True,0.0005731999408453703,snapshot only,2.091539798864044e-15,1.7763568394002505e-15
deep2_n16_T32_s9401100,deep2,16,32,9401100,1056,32,33792,pivoted_qr_repeated_basis,1e-10,35872,1.0615530303030303,33.96969696969697,True,0.0006945000495761633,snapshot only,4.500443188922975e-16,6.661338147750939e-16
deep2_n16_T32_s9401100,deep2,16,32,9401100,1056,32,33792,supported_group_factors,1e-10,25488,0.7542613636363636,24.136363636363637,True,0.006508299964480102,snapshot only,0.0,0.0
deep2_n16_T32_s9401100,deep2,16,32,9401100,1056,32,33792,owner_block_factors,1e-10,26208,0.7755681818181818,24.818181818181817,True,0.011526199989020824,snapshot only,0.0,0.0
deep2_n16_T32_s9401100,deep2,16,32,9401100,1056,32,33792,kronecker_shared_input_basis,1e-10,25488,0.7542613636363636,24.136363636363637,True,0.006171899964101613,snapshot only,0.0,0.0
deep2_n16_T32_s9401100,deep2,16,32,9401100,1056,32,33792,immediate_support_exact_slice_plus_svd_residual,1e-10,45664,1.3513257575757576,43.24242424242424,True,0.0009087000507861376,snapshot only,5.240659335822142e-16,4.996003610813204e-16
deep2_n16_T32_s9401100,deep2,16,32,9401100,1056,32,33792,local_eligibility_plus_svd_residual,1e-10,45664,1.3513257575757576,43.24242424242424,True,0.0008981999708339572,snapshot only,7.01085499112807e-16,4.440892098500626e-16
deep2_n16_T32_s9401100,deep2,16,32,9401100,1056,32,33792,global_svd,1e-12,34816,1.0303030303030303,32.96969696969697,True,0.0008347000693902373,snapshot only,2.091539798864044e-15,1.7763568394002505e-15
deep2_n16_T32_s9401100,deep2,16,32,9401100,1056,32,33792,pivoted_qr_repeated_basis,1e-12,35872,1.0615530303030303,33.96969696969697,True,0.00043260003440082073,snapshot only,4.500443188922975e-16,6.661338147750939e-16
deep2_n16_T32_s9401100,deep2,16,32,9401100,1056,32,33792,supported_group_factors,1e-12,25488,0.7542613636363636,24.136363636363637,True,0.006168600055389106,snapshot only,0.0,0.0
deep2_n16_T32_s9401100,deep2,16,32,9401100,1056,32,33792,owner_block_factors,1e-12,26208,0.7755681818181818,24.818181818181817,True,0.011896300013177097,snapshot only,0.0,0.0
deep2_n16_T32_s9401100,deep2,16,32,9401100,1056,32,33792,kronecker_shared_input_basis,1e-12,25488,0.7542613636363636,24.136363636363637,True,0.006559200002811849,snapshot only,0.0,0.0
deep2_n16_T32_s9401100,deep2,16,32,9401100,1056,32,33792,immediate_support_exact_slice_plus_svd_residual,1e-12,45664,1.3513257575757576,43.24242424242424,True,0.0007918999763205647,snapshot only,5.240659335822142e-16,4.996003610813204e-16
deep2_n16_T32_s9401100,deep2,16,32,9401100,1056,32,33792,local_eligibility_plus_svd_residual,1e-12,45664,1.3513257575757576,43.24242424242424,True,0.0007442999631166458,snapshot only,7.01085499112807e-16,4.440892098500626e-16
deep2_n16_T32_s9401101,deep2,16,32,9401101,1056,32,33792,full_matrix,1e-08,33792,1.0,32.0,True,7.00005330145359e-07,online baseline,0.0,0.0
deep2_n16_T32_s9401101,deep2,16,32,9401101,1056,32,33792,coordinate_sparse,1e-08,50688,1.5,48.0,True,5.9999991208314896e-05,snapshot only,0.0,0.0
deep2_n16_T32_s9401101,deep2,16,32,9401101,1056,32,33792,block_sparse_triangular,1e-08,26448,0.7826704545454546,25.045454545454547,True,8.439994417130947e-05,known closed online block recurrence,0.0,0.0
deep2_n16_T32_s9401101,deep2,16,32,9401101,1056,32,33792,global_svd,1e-08,34816,1.0303030303030303,32.96969696969697,True,0.0006243999814614654,snapshot only,1.4675927205591807e-15,1.2212453270876722e-15
deep2_n16_T32_s9401101,deep2,16,32,9401101,1056,32,33792,pivoted_qr_repeated_basis,1e-08,35872,1.0615530303030303,33.96969696969697,True,0.00035419990308582783,snapshot only,5.145102419205832e-16,7.771561172376096e-16
deep2_n16_T32_s9401101,deep2,16,32,9401101,1056,32,33792,supported_group_factors,1e-08,25488,0.7542613636363636,24.136363636363637,True,0.005806099972687662,snapshot only,0.0,0.0
deep2_n16_T32_s9401101,deep2,16,32,9401101,1056,32,33792,owner_block_factors,1e-08,26208,0.7755681818181818,24.818181818181817,True,0.010748900007456541,snapshot only,0.0,0.0
deep2_n16_T32_s9401101,deep2,16,32,9401101,1056,32,33792,kronecker_shared_input_basis,1e-08,25488,0.7542613636363636,24.136363636363637,True,0.00600039993878454,snapshot only,0.0,0.0
deep2_n16_T32_s9401101,deep2,16,32,9401101,1056,32,33792,immediate_support_exact_slice_plus_svd_residual,1e-08,45664,1.3513257575757576,43.24242424242424,True,0.000803199945949018,snapshot only,5.790664889975861e-16,5.828670879282072e-16
deep2_n16_T32_s9401101,deep2,16,32,9401101,1056,32,33792,local_eligibility_plus_svd_residual,1e-08,45664,1.3513257575757576,43.24242424242424,True,0.0009408999467268586,snapshot only,6.431204688819867e-16,6.661338147750939e-16
deep2_n16_T32_s9401101,deep2,16,32,9401101,1056,32,33792,global_svd,1e-10,34816,1.0303030303030303,32.96969696969697,True,0.0006313999183475971,snapshot only,1.4675927205591807e-15,1.2212453270876722e-15
deep2_n16_T32_s9401101,deep2,16,32,9401101,1056,32,33792,pivoted_qr_repeated_basis,1e-10,35872,1.0615530303030303,33.96969696969697,True,0.0004379999591037631,snapshot only,5.145102419205832e-16,7.771561172376096e-16
deep2_n16_T32_s9401101,deep2,16,32,9401101,1056,32,33792,supported_group_factors,1e-10,25488,0.7542613636363636,24.136363636363637,True,0.005904400022700429,snapshot only,0.0,0.0
deep2_n16_T32_s9401101,deep2,16,32,9401101,1056,32,33792,owner_block_factors,1e-10,26208,0.7755681818181818,24.818181818181817,True,0.011096999980509281,snapshot only,0.0,0.0
deep2_n16_T32_s9401101,deep2,16,32,9401101,1056,32,33792,kronecker_shared_input_basis,1e-10,25488,0.7542613636363636,24.136363636363637,True,0.005999900051392615,snapshot only,0.0,0.0
deep2_n16_T32_s9401101,deep2,16,32,9401101,1056,32,33792,immediate_support_exact_slice_plus_svd_residual,1e-10,45664,1.3513257575757576,43.24242424242424,True,0.0007615999784320593,snapshot only,5.790664889975861e-16,5.828670879282072e-16
deep2_n16_T32_s9401101,deep2,16,32,9401101,1056,32,33792,local_eligibility_plus_svd_residual,1e-10,45664,1.3513257575757576,43.24242424242424,True,0.0006160999182611704,snapshot only,6.431204688819867e-16,6.661338147750939e-16
deep2_n16_T32_s9401101,deep2,16,32,9401101,1056,32,33792,global_svd,1e-12,34816,1.0303030303030303,32.96969696969697,True,0.000575499958358705,snapshot only,1.4675927205591807e-15,1.2212453270876722e-15
deep2_n16_T32_s9401101,deep2,16,32,9401101,1056,32,33792,pivoted_qr_repeated_basis,1e-12,35872,1.0615530303030303,33.96969696969697,True,0.00037169991992414,snapshot only,5.145102419205832e-16,7.771561172376096e-16
deep2_n16_T32_s9401101,deep2,16,32,9401101,1056,32,33792,supported_group_factors,1e-12,25488,0.7542613636363636,24.136363636363637,True,0.005703400005586445,snapshot only,0.0,0.0
deep2_n16_T32_s9401101,deep2,16,32,9401101,1056,32,33792,owner_block_factors,1e-12,26208,0.7755681818181818,24.818181818181817,True,0.011492300080135465,snapshot only,0.0,0.0
deep2_n16_T32_s9401101,deep2,16,32,9401101,1056,32,33792,kronecker_shared_input_basis,1e-12,25488,0.7542613636363636,24.136363636363637,True,0.006164400023408234,snapshot only,0.0,0.0
deep2_n16_T32_s9401101,deep2,16,32,9401101,1056,32,33792,immediate_support_exact_slice_plus_svd_residual,1e-12,45664,1.3513257575757576,43.24242424242424,True,0.0006744000129401684,snapshot only,5.790664889975861e-16,5.828670879282072e-16
deep2_n16_T32_s9401101,deep2,16,32,9401101,1056,32,33792,local_eligibility_plus_svd_residual,1e-12,45664,1.3513257575757576,43.24242424242424,True,0.0006815000670030713,snapshot only,6.431204688819867e-16,6.661338147750939e-16
deep2_n16_T32_s9401102,deep2,16,32,9401102,1056,32,33792,full_matrix,1e-08,33792,1.0,32.0,True,7.00005330145359e-07,online baseline,0.0,0.0
deep2_n16_T32_s9401102,deep2,16,32,9401102,1056,32,33792,coordinate_sparse,1e-08,50688,1.5,48.0,True,6.230000872164965e-05,snapshot only,0.0,0.0
deep2_n16_T32_s9401102,deep2,16,32,9401102,1056,32,33792,block_sparse_triangular,1e-08,26448,0.7826704545454546,25.045454545454547,True,8.639995940029621e-05,known closed online block recurrence,0.0,0.0
deep2_n16_T32_s9401102,deep2,16,32,9401102,1056,32,33792,global_svd,1e-08,34816,1.0303030303030303,32.96969696969697,True,0.0006747000152245164,snapshot only,2.148669748381425e-15,1.6653345369377348e-15
deep2_n16_T32_s9401102,deep2,16,32,9401102,1056,32,33792,pivoted_qr_repeated_basis,1e-08,35872,1.0615530303030303,33.96969696969697,True,0.00038350000977516174,snapshot only,5.974572308068679e-16,6.661338147750939e-16
deep2_n16_T32_s9401102,deep2,16,32,9401102,1056,32,33792,supported_group_factors,1e-08,25488,0.7542613636363636,24.136363636363637,True,0.006148400017991662,snapshot only,0.0,0.0
deep2_n16_T32_s9401102,deep2,16,32,9401102,1056,32,33792,owner_block_factors,1e-08,26208,0.7755681818181818,24.818181818181817,True,0.010505500016734004,snapshot only,0.0,0.0
deep2_n16_T32_s9401102,deep2,16,32,9401102,1056,32,33792,kronecker_shared_input_basis,1e-08,25488,0.7542613636363636,24.136363636363637,True,0.005665199947543442,snapshot only,0.0,0.0
deep2_n16_T32_s9401102,deep2,16,32,9401102,1056,32,33792,immediate_support_exact_slice_plus_svd_residual,1e-08,45664,1.3513257575757576,43.24242424242424,True,0.0006263999966904521,snapshot only,4.837860854542299e-16,4.440892098500626e-16
deep2_n16_T32_s9401102,deep2,16,32,9401102,1056,32,33792,local_eligibility_plus_svd_residual,1e-08,45664,1.3513257575757576,43.24242424242424,True,0.0006173999281600118,snapshot only,6.707262592417444e-16,5.551115123125783e-16
deep2_n16_T32_s9401102,deep2,16,32,9401102,1056,32,33792,global_svd,1e-10,34816,1.0303030303030303,32.96969696969697,True,0.0005700000328943133,snapshot only,2.148669748381425e-15,1.6653345369377348e-15
deep2_n16_T32_s9401102,deep2,16,32,9401102,1056,32,33792,pivoted_qr_repeated_basis,1e-10,35872,1.0615530303030303,33.96969696969697,True,0.0003478999715298414,snapshot only,5.974572308068679e-16,6.661338147750939e-16
deep2_n16_T32_s9401102,deep2,16,32,9401102,1056,32,33792,supported_group_factors,1e-10,25488,0.7542613636363636,24.136363636363637,True,0.0057851000456139445,snapshot only,0.0,0.0
deep2_n16_T32_s9401102,deep2,16,32,9401102,1056,32,33792,owner_block_factors,1e-10,26208,0.7755681818181818,24.818181818181817,True,0.01009720005095005,snapshot only,0.0,0.0
deep2_n16_T32_s9401102,deep2,16,32,9401102,1056,32,33792,kronecker_shared_input_basis,1e-10,25488,0.7542613636363636,24.136363636363637,True,0.005683599971234798,snapshot only,0.0,0.0
deep2_n16_T32_s9401102,deep2,16,32,9401102,1056,32,33792,immediate_support_exact_slice_plus_svd_residual,1e-10,45664,1.3513257575757576,43.24242424242424,True,0.0006063999608159065,snapshot only,4.837860854542299e-16,4.440892098500626e-16
deep2_n16_T32_s9401102,deep2,16,32,9401102,1056,32,33792,local_eligibility_plus_svd_residual,1e-10,45664,1.3513257575757576,43.24242424242424,True,0.0006085999775677919,snapshot only,6.707262592417444e-16,5.551115123125783e-16
deep2_n16_T32_s9401102,deep2,16,32,9401102,1056,32,33792,global_svd,1e-12,34816,1.0303030303030303,32.96969696969697,True,0.0005629999795928597,snapshot only,2.148669748381425e-15,1.6653345369377348e-15
deep2_n16_T32_s9401102,deep2,16,32,9401102,1056,32,33792,pivoted_qr_repeated_basis,1e-12,35872,1.0615530303030303,33.96969696969697,True,0.0003432000521570444,snapshot only,5.974572308068679e-16,6.661338147750939e-16
deep2_n16_T32_s9401102,deep2,16,32,9401102,1056,32,33792,supported_group_factors,1e-12,25488,0.7542613636363636,24.136363636363637,True,0.005771400057710707,snapshot only,0.0,0.0
deep2_n16_T32_s9401102,deep2,16,32,9401102,1056,32,33792,owner_block_factors,1e-12,26208,0.7755681818181818,24.818181818181817,True,0.01001720002386719,snapshot only,0.0,0.0
deep2_n16_T32_s9401102,deep2,16,32,9401102,1056,32,33792,kronecker_shared_input_basis,1e-12,25488,0.7542613636363636,24.136363636363637,True,0.005666499957442284,snapshot only,0.0,0.0
deep2_n16_T32_s9401102,deep2,16,32,9401102,1056,32,33792,immediate_support_exact_slice_plus_svd_residual,1e-12,45664,1.3513257575757576,43.24242424242424,True,0.0006287000142037868,snapshot only,4.837860854542299e-16,4.440892098500626e-16
deep2_n16_T32_s9401102,deep2,16,32,9401102,1056,32,33792,local_eligibility_plus_svd_residual,1e-12,45664,1.3513257575757576,43.24242424242424,True,0.0006104999920353293,snapshot only,6.707262592417444e-16,5.551115123125783e-16
deep2_n16_T32_s9401103,deep2,16,32,9401103,1056,32,33792,full_matrix,1e-08,33792,1.0,32.0,True,8.00006091594696e-07,online baseline,0.0,0.0
deep2_n16_T32_s9401103,deep2,16,32,9401103,1056,32,33792,coordinate_sparse,1e-08,50688,1.5,48.0,True,5.9999991208314896e-05,snapshot only,0.0,0.0
deep2_n16_T32_s9401103,deep2,16,32,9401103,1056,32,33792,block_sparse_triangular,1e-08,26448,0.7826704545454546,25.045454545454547,True,8.120003622025251e-05,known closed online block recurrence,0.0,0.0
deep2_n16_T32_s9401103,deep2,16,32,9401103,1056,32,33792,global_svd,1e-08,34816,1.0303030303030303,32.96969696969697,True,0.0006189000559970737,snapshot only,1.6316763490344897e-15,1.6653345369377348e-15
deep2_n16_T32_s9401103,deep2,16,32,9401103,1056,32,33792,pivoted_qr_repeated_basis,1e-08,35872,1.0615530303030303,33.96969696969697,True,0.00035550002939999104,snapshot only,5.630732990414779e-16,8.881784197001252e-16
deep2_n16_T32_s9401103,deep2,16,32,9401103,1056,32,33792,supported_group_factors,1e-08,25488,0.7542613636363636,24.136363636363637,True,0.005898000090382993,snapshot only,0.0,0.0
deep2_n16_T32_s9401103,deep2,16,32,9401103,1056,32,33792,owner_block_factors,1e-08,26208,0.7755681818181818,24.818181818181817,True,0.010252100066281855,snapshot only,0.0,0.0
deep2_n16_T32_s9401103,deep2,16,32,9401103,1056,32,33792,kronecker_shared_input_basis,1e-08,25472,0.7537878787878788,24.12121212121212,True,0.0057140999706462026,snapshot only,1.2586432162281813e-09,8.107219088768214e-10
deep2_n16_T32_s9401103,deep2,16,32,9401103,1056,32,33792,immediate_support_exact_slice_plus_svd_residual,1e-08,45664,1.3513257575757576,43.24242424242424,True,0.0006309000309556723,snapshot only,6.134228983696601e-16,5.551115123125783e-16
deep2_n16_T32_s9401103,deep2,16,32,9401103,1056,32,33792,local_eligibility_plus_svd_residual,1e-08,45664,1.3513257575757576,43.24242424242424,True,0.0006072999676689506,snapshot only,1.022128028198081e-15,8.881784197001252e-16
deep2_n16_T32_s9401103,deep2,16,32,9401103,1056,32,33792,global_svd,1e-10,34816,1.0303030303030303,32.96969696969697,True,0.0005628999788314104,snapshot only,1.6316763490344897e-15,1.6653345369377348e-15
deep2_n16_T32_s9401103,deep2,16,32,9401103,1056,32,33792,pivoted_qr_repeated_basis,1e-10,35872,1.0615530303030303,33.96969696969697,True,0.0003480999730527401,snapshot only,5.630732990414779e-16,8.881784197001252e-16
deep2_n16_T32_s9401103,deep2,16,32,9401103,1056,32,33792,supported_group_factors,1e-10,25488,0.7542613636363636,24.136363636363637,True,0.005614500027149916,snapshot only,0.0,0.0
deep2_n16_T32_s9401103,deep2,16,32,9401103,1056,32,33792,owner_block_factors,1e-10,26208,0.7755681818181818,24.818181818181817,True,0.010089099989272654,snapshot only,0.0,0.0
deep2_n16_T32_s9401103,deep2,16,32,9401103,1056,32,33792,kronecker_shared_input_basis,1e-10,25488,0.7542613636363636,24.136363636363637,True,0.005377700086683035,snapshot only,0.0,0.0
deep2_n16_T32_s9401103,deep2,16,32,9401103,1056,32,33792,immediate_support_exact_slice_plus_svd_residual,1e-10,45664,1.3513257575757576,43.24242424242424,True,0.0009176000021398067,snapshot only,6.134228983696601e-16,5.551115123125783e-16
deep2_n16_T32_s9401103,deep2,16,32,9401103,1056,32,33792,local_eligibility_plus_svd_residual,1e-10,45664,1.3513257575757576,43.24242424242424,True,0.0007862000493332744,snapshot only,1.022128028198081e-15,8.881784197001252e-16
deep2_n16_T32_s9401103,deep2,16,32,9401103,1056,32,33792,global_svd,1e-12,34816,1.0303030303030303,32.96969696969697,True,0.0006200999487191439,snapshot only,1.6316763490344897e-15,1.6653345369377348e-15
deep2_n16_T32_s9401103,deep2,16,32,9401103,1056,32,33792,pivoted_qr_repeated_basis,1e-12,35872,1.0615530303030303,33.96969696969697,True,0.0003909999504685402,snapshot only,5.630732990414779e-16,8.881784197001252e-16
deep2_n16_T32_s9401103,deep2,16,32,9401103,1056,32,33792,supported_group_factors,1e-12,25488,0.7542613636363636,24.136363636363637,True,0.005751500022597611,snapshot only,0.0,0.0
deep2_n16_T32_s9401103,deep2,16,32,9401103,1056,32,33792,owner_block_factors,1e-12,26208,0.7755681818181818,24.818181818181817,True,0.010326700052246451,snapshot only,0.0,0.0
deep2_n16_T32_s9401103,deep2,16,32,9401103,1056,32,33792,kronecker_shared_input_basis,1e-12,25488,0.7542613636363636,24.136363636363637,True,0.005462600034661591,snapshot only,0.0,0.0
deep2_n16_T32_s9401103,deep2,16,32,9401103,1056,32,33792,immediate_support_exact_slice_plus_svd_residual,1e-12,45664,1.3513257575757576,43.24242424242424,True,0.0007102999370545149,snapshot only,6.134228983696601e-16,5.551115123125783e-16
deep2_n16_T32_s9401103,deep2,16,32,9401103,1056,32,33792,local_eligibility_plus_svd_residual,1e-12,45664,1.3513257575757576,43.24242424242424,True,0.0006495999405160546,snapshot only,1.022128028198081e-15,8.881784197001252e-16
deep2_n16_T32_s9401104,deep2,16,32,9401104,1056,32,33792,full_matrix,1e-08,33792,1.0,32.0,True,6.00004568696022e-07,online baseline,0.0,0.0
deep2_n16_T32_s9401104,deep2,16,32,9401104,1056,32,33792,coordinate_sparse,1e-08,50688,1.5,48.0,True,5.64999645575881e-05,snapshot only,0.0,0.0
deep2_n16_T32_s9401104,deep2,16,32,9401104,1056,32,33792,block_sparse_triangular,1e-08,26448,0.7826704545454546,25.045454545454547,True,8.010002784430981e-05,known closed online block recurrence,0.0,0.0
deep2_n16_T32_s9401104,deep2,16,32,9401104,1056,32,33792,global_svd,1e-08,34816,1.0303030303030303,32.96969696969697,True,0.0006384000880643725,snapshot only,1.8387959813711295e-15,1.7763568394002505e-15
deep2_n16_T32_s9401104,deep2,16,32,9401104,1056,32,33792,pivoted_qr_repeated_basis,1e-08,35872,1.0615530303030303,33.96969696969697,True,0.0003530000103637576,snapshot only,4.874423107222298e-16,5.551115123125783e-16
deep2_n16_T32_s9401104,deep2,16,32,9401104,1056,32,33792,supported_group_factors,1e-08,25488,0.7542613636363636,24.136363636363637,True,0.005894599948078394,snapshot only,0.0,0.0
deep2_n16_T32_s9401104,deep2,16,32,9401104,1056,32,33792,owner_block_factors,1e-08,26208,0.7755681818181818,24.818181818181817,True,0.011138100060634315,snapshot only,0.0,0.0
deep2_n16_T32_s9401104,deep2,16,32,9401104,1056,32,33792,kronecker_shared_input_basis,1e-08,25488,0.7542613636363636,24.136363636363637,True,0.005383900017477572,snapshot only,0.0,0.0
deep2_n16_T32_s9401104,deep2,16,32,9401104,1056,32,33792,immediate_support_exact_slice_plus_svd_residual,1e-08,45664,1.3513257575757576,43.24242424242424,True,0.0006087999790906906,snapshot only,6.33742603346037e-16,5.412337245047638e-16
deep2_n16_T32_s9401104,deep2,16,32,9401104,1056,32,33792,local_eligibility_plus_svd_residual,1e-08,45664,1.3513257575757576,43.24242424242424,True,0.0006201999494805932,snapshot only,6.26672441080867e-16,5.273559366969494e-16
deep2_n16_T32_s9401104,deep2,16,32,9401104,1056,32,33792,global_svd,1e-10,34816,1.0303030303030303,32.96969696969697,True,0.0005584999453276396,snapshot only,1.8387959813711295e-15,1.7763568394002505e-15
deep2_n16_T32_s9401104,deep2,16,32,9401104,1056,32,33792,pivoted_qr_repeated_basis,1e-10,35872,1.0615530303030303,33.96969696969697,True,0.0003717000363394618,snapshot only,4.874423107222298e-16,5.551115123125783e-16
deep2_n16_T32_s9401104,deep2,16,32,9401104,1056,32,33792,supported_group_factors,1e-10,25488,0.7542613636363636,24.136363636363637,True,0.005661800038069487,snapshot only,0.0,0.0
deep2_n16_T32_s9401104,deep2,16,32,9401104,1056,32,33792,owner_block_factors,1e-10,26208,0.7755681818181818,24.818181818181817,True,0.01030299998819828,snapshot only,0.0,0.0
deep2_n16_T32_s9401104,deep2,16,32,9401104,1056,32,33792,kronecker_shared_input_basis,1e-10,25488,0.7542613636363636,24.136363636363637,True,0.005573000060394406,snapshot only,0.0,0.0
deep2_n16_T32_s9401104,deep2,16,32,9401104,1056,32,33792,immediate_support_exact_slice_plus_svd_residual,1e-10,45664,1.3513257575757576,43.24242424242424,True,0.0006228999700397253,snapshot only,6.33742603346037e-16,5.412337245047638e-16
deep2_n16_T32_s9401104,deep2,16,32,9401104,1056,32,33792,local_eligibility_plus_svd_residual,1e-10,45664,1.3513257575757576,43.24242424242424,True,0.0006084999768063426,snapshot only,6.26672441080867e-16,5.273559366969494e-16
deep2_n16_T32_s9401104,deep2,16,32,9401104,1056,32,33792,global_svd,1e-12,34816,1.0303030303030303,32.96969696969697,True,0.0005628999788314104,snapshot only,1.8387959813711295e-15,1.7763568394002505e-15
deep2_n16_T32_s9401104,deep2,16,32,9401104,1056,32,33792,pivoted_qr_repeated_basis,1e-12,35872,1.0615530303030303,33.96969696969697,True,0.00034309993498027325,snapshot only,4.874423107222298e-16,5.551115123125783e-16
deep2_n16_T32_s9401104,deep2,16,32,9401104,1056,32,33792,supported_group_factors,1e-12,25488,0.7542613636363636,24.136363636363637,True,0.006208800012245774,snapshot only,0.0,0.0
deep2_n16_T32_s9401104,deep2,16,32,9401104,1056,32,33792,owner_block_factors,1e-12,26208,0.7755681818181818,24.818181818181817,True,0.011127800098620355,snapshot only,0.0,0.0
deep2_n16_T32_s9401104,deep2,16,32,9401104,1056,32,33792,kronecker_shared_input_basis,1e-12,25488,0.7542613636363636,24.136363636363637,True,0.006109199952334166,snapshot only,0.0,0.0
deep2_n16_T32_s9401104,deep2,16,32,9401104,1056,32,33792,immediate_support_exact_slice_plus_svd_residual,1e-12,45664,1.3513257575757576,43.24242424242424,True,0.0006435000104829669,snapshot only,6.33742603346037e-16,5.412337245047638e-16
deep2_n16_T32_s9401104,deep2,16,32,9401104,1056,32,33792,local_eligibility_plus_svd_residual,1e-12,45664,1.3513257575757576,43.24242424242424,True,0.0006693999748677015,snapshot only,6.26672441080867e-16,5.273559366969494e-16
deep2_n16_T128_s9401100,deep2,16,128,9401100,1056,32,33792,full_matrix,1e-08,33792,1.0,32.0,True,7.00005330145359e-07,online baseline,0.0,0.0
deep2_n16_T128_s9401100,deep2,16,128,9401100,1056,32,33792,coordinate_sparse,1e-08,50688,1.5,48.0,True,6.220000796020031e-05,snapshot only,0.0,0.0
deep2_n16_T128_s9401100,deep2,16,128,9401100,1056,32,33792,block_sparse_triangular,1e-08,26448,0.7826704545454546,25.045454545454547,True,8.329993579536676e-05,known closed online block recurrence,0.0,0.0
deep2_n16_T128_s9401100,deep2,16,128,9401100,1056,32,33792,global_svd,1e-08,34816,1.0303030303030303,32.96969696969697,True,0.0007109000580385327,snapshot only,2.4793520067476267e-15,2.3314683517128287e-15
deep2_n16_T128_s9401100,deep2,16,128,9401100,1056,32,33792,pivoted_qr_repeated_basis,1e-08,35872,1.0615530303030303,33.96969696969697,True,0.0003848000196740031,snapshot only,5.553043575782713e-16,1.1102230246251565e-15
deep2_n16_T128_s9401100,deep2,16,128,9401100,1056,32,33792,supported_group_factors,1e-08,25488,0.7542613636363636,24.136363636363637,True,0.005695700063370168,snapshot only,0.0,0.0
deep2_n16_T128_s9401100,deep2,16,128,9401100,1056,32,33792,owner_block_factors,1e-08,26208,0.7755681818181818,24.818181818181817,True,0.01058320002630353,snapshot only,0.0,0.0
deep2_n16_T128_s9401100,deep2,16,128,9401100,1056,32,33792,kronecker_shared_input_basis,1e-08,25488,0.7542613636363636,24.136363636363637,True,0.005451999953947961,snapshot only,0.0,0.0
deep2_n16_T128_s9401100,deep2,16,128,9401100,1056,32,33792,immediate_support_exact_slice_plus_svd_residual,1e-08,45664,1.3513257575757576,43.24242424242424,True,0.0006444000173360109,snapshot only,5.230519514509897e-16,5.273559366969494e-16
deep2_n16_T128_s9401100,deep2,16,128,9401100,1056,32,33792,local_eligibility_plus_svd_residual,1e-08,45664,1.3513257575757576,43.24242424242424,True,0.0007640999974682927,snapshot only,7.268317108054704e-16,5.551115123125783e-16
deep2_n16_T128_s9401100,deep2,16,128,9401100,1056,32,33792,global_svd,1e-10,34816,1.0303030303030303,32.96969696969697,True,0.0005683000199496746,snapshot only,2.4793520067476267e-15,2.3314683517128287e-15
deep2_n16_T128_s9401100,deep2,16,128,9401100,1056,32,33792,pivoted_qr_repeated_basis,1e-10,35872,1.0615530303030303,33.96969696969697,True,0.00043299992103129625,snapshot only,5.553043575782713e-16,1.1102230246251565e-15
deep2_n16_T128_s9401100,deep2,16,128,9401100,1056,32,33792,supported_group_factors,1e-10,25488,0.7542613636363636,24.136363636363637,True,0.005627800012007356,snapshot only,0.0,0.0
deep2_n16_T128_s9401100,deep2,16,128,9401100,1056,32,33792,owner_block_factors,1e-10,26208,0.7755681818181818,24.818181818181817,True,0.010553000029176474,snapshot only,0.0,0.0
deep2_n16_T128_s9401100,deep2,16,128,9401100,1056,32,33792,kronecker_shared_input_basis,1e-10,25488,0.7542613636363636,24.136363636363637,True,0.00551449996419251,snapshot only,0.0,0.0
deep2_n16_T128_s9401100,deep2,16,128,9401100,1056,32,33792,immediate_support_exact_slice_plus_svd_residual,1e-10,45664,1.3513257575757576,43.24242424242424,True,0.0006171000422909856,snapshot only,5.230519514509897e-16,5.273559366969494e-16
deep2_n16_T128_s9401100,deep2,16,128,9401100,1056,32,33792,local_eligibility_plus_svd_residual,1e-10,45664,1.3513257575757576,43.24242424242424,True,0.0006075999699532986,snapshot only,7.268317108054704e-16,5.551115123125783e-16
deep2_n16_T128_s9401100,deep2,16,128,9401100,1056,32,33792,global_svd,1e-12,34816,1.0303030303030303,32.96969696969697,True,0.0006629000417888165,snapshot only,2.4793520067476267e-15,2.3314683517128287e-15
deep2_n16_T128_s9401100,deep2,16,128,9401100,1056,32,33792,pivoted_qr_repeated_basis,1e-12,35872,1.0615530303030303,33.96969696969697,True,0.0004021000349894166,snapshot only,5.553043575782713e-16,1.1102230246251565e-15
deep2_n16_T128_s9401100,deep2,16,128,9401100,1056,32,33792,supported_group_factors,1e-12,25488,0.7542613636363636,24.136363636363637,True,0.005673400009982288,snapshot only,0.0,0.0
deep2_n16_T128_s9401100,deep2,16,128,9401100,1056,32,33792,owner_block_factors,1e-12,26208,0.7755681818181818,24.818181818181817,True,0.010484499973244965,snapshot only,0.0,0.0
deep2_n16_T128_s9401100,deep2,16,128,9401100,1056,32,33792,kronecker_shared_input_basis,1e-12,25488,0.7542613636363636,24.136363636363637,True,0.0055068000219762325,snapshot only,0.0,0.0
deep2_n16_T128_s9401100,deep2,16,128,9401100,1056,32,33792,immediate_support_exact_slice_plus_svd_residual,1e-12,45664,1.3513257575757576,43.24242424242424,True,0.0005907999584451318,snapshot only,5.230519514509897e-16,5.273559366969494e-16
deep2_n16_T128_s9401100,deep2,16,128,9401100,1056,32,33792,local_eligibility_plus_svd_residual,1e-12,45664,1.3513257575757576,43.24242424242424,True,0.0006036999402567744,snapshot only,7.268317108054704e-16,5.551115123125783e-16
deep2_n16_T128_s9401101,deep2,16,128,9401101,1056,32,33792,full_matrix,1e-08,33792,1.0,32.0,True,7.00005330145359e-07,online baseline,0.0,0.0
deep2_n16_T128_s9401101,deep2,16,128,9401101,1056,32,33792,coordinate_sparse,1e-08,50688,1.5,48.0,True,5.91999851167202e-05,snapshot only,0.0,0.0
deep2_n16_T128_s9401101,deep2,16,128,9401101,1056,32,33792,block_sparse_triangular,1e-08,26448,0.7826704545454546,25.045454545454547,True,9.029998909682035e-05,known closed online block recurrence,0.0,0.0
deep2_n16_T128_s9401101,deep2,16,128,9401101,1056,32,33792,global_svd,1e-08,34816,1.0303030303030303,32.96969696969697,True,0.0006842999719083309,snapshot only,1.9604513081176622e-15,1.5543122344752192e-15
deep2_n16_T128_s9401101,deep2,16,128,9401101,1056,32,33792,pivoted_qr_repeated_basis,1e-08,35872,1.0615530303030303,33.96969696969697,True,0.00040289992466568947,snapshot only,4.917853629983548e-16,5.551115123125783e-16
deep2_n16_T128_s9401101,deep2,16,128,9401101,1056,32,33792,supported_group_factors,1e-08,25488,0.7542613636363636,24.136363636363637,True,0.005711000063456595,snapshot only,0.0,0.0
deep2_n16_T128_s9401101,deep2,16,128,9401101,1056,32,33792,owner_block_factors,1e-08,26208,0.7755681818181818,24.818181818181817,True,0.010729000088758767,snapshot only,0.0,0.0
deep2_n16_T128_s9401101,deep2,16,128,9401101,1056,32,33792,kronecker_shared_input_basis,1e-08,25488,0.7542613636363636,24.136363636363637,True,0.005583199905231595,snapshot only,0.0,0.0
deep2_n16_T128_s9401101,deep2,16,128,9401101,1056,32,33792,immediate_support_exact_slice_plus_svd_residual,1e-08,45664,1.3513257575757576,43.24242424242424,True,0.0006809000624343753,snapshot only,7.351540307531598e-16,7.494005416219807e-16
deep2_n16_T128_s9401101,deep2,16,128,9401101,1056,32,33792,local_eligibility_plus_svd_residual,1e-08,45664,1.3513257575757576,43.24242424242424,True,0.0007290999637916684,snapshot only,8.410360669245134e-16,9.159339953157541e-16
deep2_n16_T128_s9401101,deep2,16,128,9401101,1056,32,33792,global_svd,1e-10,34816,1.0303030303030303,32.96969696969697,True,0.0005727000534534454,snapshot only,1.9604513081176622e-15,1.5543122344752192e-15
deep2_n16_T128_s9401101,deep2,16,128,9401101,1056,32,33792,pivoted_qr_repeated_basis,1e-10,35872,1.0615530303030303,33.96969696969697,True,0.0003776999656111002,snapshot only,4.917853629983548e-16,5.551115123125783e-16
deep2_n16_T128_s9401101,deep2,16,128,9401101,1056,32,33792,supported_group_factors,1e-10,25488,0.7542613636363636,24.136363636363637,True,0.005858600023202598,snapshot only,0.0,0.0
deep2_n16_T128_s9401101,deep2,16,128,9401101,1056,32,33792,owner_block_factors,1e-10,26208,0.7755681818181818,24.818181818181817,True,0.010754200047813356,snapshot only,0.0,0.0
deep2_n16_T128_s9401101,deep2,16,128,9401101,1056,32,33792,kronecker_shared_input_basis,1e-10,25488,0.7542613636363636,24.136363636363637,True,0.005570800043642521,snapshot only,0.0,0.0
deep2_n16_T128_s9401101,deep2,16,128,9401101,1056,32,33792,immediate_support_exact_slice_plus_svd_residual,1e-10,45664,1.3513257575757576,43.24242424242424,True,0.000687899999320507,snapshot only,7.351540307531598e-16,7.494005416219807e-16
deep2_n16_T128_s9401101,deep2,16,128,9401101,1056,32,33792,local_eligibility_plus_svd_residual,1e-10,45664,1.3513257575757576,43.24242424242424,True,0.0006259999936446548,snapshot only,8.410360669245134e-16,9.159339953157541e-16
deep2_n16_T128_s9401101,deep2,16,128,9401101,1056,32,33792,global_svd,1e-12,34816,1.0303030303030303,32.96969696969697,True,0.0007423000643029809,snapshot only,1.9604513081176622e-15,1.5543122344752192e-15
deep2_n16_T128_s9401101,deep2,16,128,9401101,1056,32,33792,pivoted_qr_repeated_basis,1e-12,35872,1.0615530303030303,33.96969696969697,True,0.0003798999823629856,snapshot only,4.917853629983548e-16,5.551115123125783e-16
deep2_n16_T128_s9401101,deep2,16,128,9401101,1056,32,33792,supported_group_factors,1e-12,25488,0.7542613636363636,24.136363636363637,True,0.0057870999444276094,snapshot only,0.0,0.0
deep2_n16_T128_s9401101,deep2,16,128,9401101,1056,32,33792,owner_block_factors,1e-12,26208,0.7755681818181818,24.818181818181817,True,0.010576599976047873,snapshot only,0.0,0.0
deep2_n16_T128_s9401101,deep2,16,128,9401101,1056,32,33792,kronecker_shared_input_basis,1e-12,25488,0.7542613636363636,24.136363636363637,True,0.005491800024174154,snapshot only,0.0,0.0
deep2_n16_T128_s9401101,deep2,16,128,9401101,1056,32,33792,immediate_support_exact_slice_plus_svd_residual,1e-12,45664,1.3513257575757576,43.24242424242424,True,0.0006293000187724829,snapshot only,7.351540307531598e-16,7.494005416219807e-16
deep2_n16_T128_s9401101,deep2,16,128,9401101,1056,32,33792,local_eligibility_plus_svd_residual,1e-12,45664,1.3513257575757576,43.24242424242424,True,0.0007555999327450991,snapshot only,8.410360669245134e-16,9.159339953157541e-16
deep2_n16_T128_s9401102,deep2,16,128,9401102,1056,32,33792,full_matrix,1e-08,33792,1.0,32.0,True,7.00005330145359e-07,online baseline,0.0,0.0
deep2_n16_T128_s9401102,deep2,16,128,9401102,1056,32,33792,coordinate_sparse,1e-08,50688,1.5,48.0,True,6.480002775788307e-05,snapshot only,0.0,0.0
deep2_n16_T128_s9401102,deep2,16,128,9401102,1056,32,33792,block_sparse_triangular,1e-08,26448,0.7826704545454546,25.045454545454547,True,7.98999099060893e-05,known closed online block recurrence,0.0,0.0
deep2_n16_T128_s9401102,deep2,16,128,9401102,1056,32,33792,global_svd,1e-08,34816,1.0303030303030303,32.96969696969697,True,0.0005963000003248453,snapshot only,1.8811946536242755e-15,2.220446049250313e-15
deep2_n16_T128_s9401102,deep2,16,128,9401102,1056,32,33792,pivoted_qr_repeated_basis,1e-08,35872,1.0615530303030303,33.96969696969697,True,0.0003533000126481056,snapshot only,4.786626287221451e-16,8.881784197001252e-16
deep2_n16_T128_s9401102,deep2,16,128,9401102,1056,32,33792,supported_group_factors,1e-08,25488,0.7542613636363636,24.136363636363637,True,0.006255799904465675,snapshot only,0.0,0.0
deep2_n16_T128_s9401102,deep2,16,128,9401102,1056,32,33792,owner_block_factors,1e-08,26208,0.7755681818181818,24.818181818181817,True,0.010189800057560205,snapshot only,0.0,0.0
deep2_n16_T128_s9401102,deep2,16,128,9401102,1056,32,33792,kronecker_shared_input_basis,1e-08,25472,0.7537878787878788,24.12121212121212,True,0.005643699900247157,snapshot only,4.3534584695033193e-10,4.786785824488493e-10
deep2_n16_T128_s9401102,deep2,16,128,9401102,1056,32,33792,immediate_support_exact_slice_plus_svd_residual,1e-08,45664,1.3513257575757576,43.24242424242424,True,0.000824499991722405,snapshot only,9.333667341742889e-16,1.0269562977782698e-15
deep2_n16_T128_s9401102,deep2,16,128,9401102,1056,32,33792,local_eligibility_plus_svd_residual,1e-08,45664,1.3513257575757576,43.24242424242424,True,0.0006751000182703137,snapshot only,6.51802777283342e-16,7.73686670285656e-16
deep2_n16_T128_s9401102,deep2,16,128,9401102,1056,32,33792,global_svd,1e-10,34816,1.0303030303030303,32.96969696969697,True,0.0006065999623388052,snapshot only,1.8811946536242755e-15,2.220446049250313e-15
deep2_n16_T128_s9401102,deep2,16,128,9401102,1056,32,33792,pivoted_qr_repeated_basis,1e-10,35872,1.0615530303030303,33.96969696969697,True,0.0003618999617174268,snapshot only,4.786626287221451e-16,8.881784197001252e-16
deep2_n16_T128_s9401102,deep2,16,128,9401102,1056,32,33792,supported_group_factors,1e-10,25488,0.7542613636363636,24.136363636363637,True,0.005665000062435865,snapshot only,0.0,0.0
deep2_n16_T128_s9401102,deep2,16,128,9401102,1056,32,33792,owner_block_factors,1e-10,26208,0.7755681818181818,24.818181818181817,True,0.01021570002194494,snapshot only,0.0,0.0
deep2_n16_T128_s9401102,deep2,16,128,9401102,1056,32,33792,kronecker_shared_input_basis,1e-10,25488,0.7542613636363636,24.136363636363637,True,0.0053839999018236995,snapshot only,0.0,0.0
deep2_n16_T128_s9401102,deep2,16,128,9401102,1056,32,33792,immediate_support_exact_slice_plus_svd_residual,1e-10,45664,1.3513257575757576,43.24242424242424,True,0.0006688999710604548,snapshot only,9.333667341742889e-16,1.0269562977782698e-15
deep2_n16_T128_s9401102,deep2,16,128,9401102,1056,32,33792,local_eligibility_plus_svd_residual,1e-10,45664,1.3513257575757576,43.24242424242424,True,0.0006744998972862959,snapshot only,6.51802777283342e-16,7.73686670285656e-16
deep2_n16_T128_s9401102,deep2,16,128,9401102,1056,32,33792,global_svd,1e-12,34816,1.0303030303030303,32.96969696969697,True,0.0005882999394088984,snapshot only,1.8811946536242755e-15,2.220446049250313e-15
deep2_n16_T128_s9401102,deep2,16,128,9401102,1056,32,33792,pivoted_qr_repeated_basis,1e-12,35872,1.0615530303030303,33.96969696969697,True,0.00035669992212206125,snapshot only,4.786626287221451e-16,8.881784197001252e-16
deep2_n16_T128_s9401102,deep2,16,128,9401102,1056,32,33792,supported_group_factors,1e-12,25488,0.7542613636363636,24.136363636363637,True,0.005725999944843352,snapshot only,0.0,0.0
deep2_n16_T128_s9401102,deep2,16,128,9401102,1056,32,33792,owner_block_factors,1e-12,26208,0.7755681818181818,24.818181818181817,True,0.010637400089763105,snapshot only,0.0,0.0
deep2_n16_T128_s9401102,deep2,16,128,9401102,1056,32,33792,kronecker_shared_input_basis,1e-12,25488,0.7542613636363636,24.136363636363637,True,0.005475000012665987,snapshot only,0.0,0.0
deep2_n16_T128_s9401102,deep2,16,128,9401102,1056,32,33792,immediate_support_exact_slice_plus_svd_residual,1e-12,45664,1.3513257575757576,43.24242424242424,True,0.0006028000498190522,snapshot only,9.333667341742889e-16,1.0269562977782698e-15
deep2_n16_T128_s9401102,deep2,16,128,9401102,1056,32,33792,local_eligibility_plus_svd_residual,1e-12,45664,1.3513257575757576,43.24242424242424,True,0.0006401999853551388,snapshot only,6.51802777283342e-16,7.73686670285656e-16
deep2_n16_T128_s9401103,deep2,16,128,9401103,1056,32,33792,full_matrix,1e-08,33792,1.0,32.0,True,7.00005330145359e-07,online baseline,0.0,0.0
deep2_n16_T128_s9401103,deep2,16,128,9401103,1056,32,33792,coordinate_sparse,1e-08,50688,1.5,48.0,True,7.579999510198832e-05,snapshot only,0.0,0.0
deep2_n16_T128_s9401103,deep2,16,128,9401103,1056,32,33792,block_sparse_triangular,1e-08,26448,0.7826704545454546,25.045454545454547,True,9.450002107769251e-05,known closed online block recurrence,0.0,0.0
deep2_n16_T128_s9401103,deep2,16,128,9401103,1056,32,33792,global_svd,1e-08,34816,1.0303030303030303,32.96969696969697,True,0.0007429999532178044,snapshot only,1.4248057312290407e-15,1.1379786002407855e-15
deep2_n16_T128_s9401103,deep2,16,128,9401103,1056,32,33792,pivoted_qr_repeated_basis,1e-08,35872,1.0615530303030303,33.96969696969697,True,0.0003255000337958336,snapshot only,5.83955845226218e-16,9.992007221626409e-16
deep2_n16_T128_s9401103,deep2,16,128,9401103,1056,32,33792,supported_group_factors,1e-08,25488,0.7542613636363636,24.136363636363637,True,0.006148500018753111,snapshot only,0.0,0.0
deep2_n16_T128_s9401103,deep2,16,128,9401103,1056,32,33792,owner_block_factors,1e-08,26208,0.7755681818181818,24.818181818181817,True,0.011071600019931793,snapshot only,0.0,0.0
deep2_n16_T128_s9401103,deep2,16,128,9401103,1056,32,33792,kronecker_shared_input_basis,1e-08,25488,0.7542613636363636,24.136363636363637,True,0.005742399953305721,snapshot only,0.0,0.0
deep2_n16_T128_s9401103,deep2,16,128,9401103,1056,32,33792,immediate_support_exact_slice_plus_svd_residual,1e-08,45664,1.3513257575757576,43.24242424242424,True,0.0009398000547662377,snapshot only,9.885399625755834e-16,1.1796119636642288e-15
deep2_n16_T128_s9401103,deep2,16,128,9401103,1056,32,33792,local_eligibility_plus_svd_residual,1e-08,45664,1.3513257575757576,43.24242424242424,True,0.0007426999509334564,snapshot only,6.405884462294836e-16,4.996003610813204e-16
deep2_n16_T128_s9401103,deep2,16,128,9401103,1056,32,33792,global_svd,1e-10,34816,1.0303030303030303,32.96969696969697,True,0.0006013000383973122,snapshot only,1.4248057312290407e-15,1.1379786002407855e-15
deep2_n16_T128_s9401103,deep2,16,128,9401103,1056,32,33792,pivoted_qr_repeated_basis,1e-10,35872,1.0615530303030303,33.96969696969697,True,0.00032849994022399187,snapshot only,5.83955845226218e-16,9.992007221626409e-16
deep2_n16_T128_s9401103,deep2,16,128,9401103,1056,32,33792,supported_group_factors,1e-10,25488,0.7542613636363636,24.136363636363637,True,0.005896199960261583,snapshot only,0.0,0.0
deep2_n16_T128_s9401103,deep2,16,128,9401103,1056,32,33792,owner_block_factors,1e-10,26208,0.7755681818181818,24.818181818181817,True,0.010412599891424179,snapshot only,0.0,0.0
deep2_n16_T128_s9401103,deep2,16,128,9401103,1056,32,33792,kronecker_shared_input_basis,1e-10,25488,0.7542613636363636,24.136363636363637,True,0.00583289994392544,snapshot only,0.0,0.0
deep2_n16_T128_s9401103,deep2,16,128,9401103,1056,32,33792,immediate_support_exact_slice_plus_svd_residual,1e-10,45664,1.3513257575757576,43.24242424242424,True,0.0006555001018568873,snapshot only,9.885399625755834e-16,1.1796119636642288e-15
deep2_n16_T128_s9401103,deep2,16,128,9401103,1056,32,33792,local_eligibility_plus_svd_residual,1e-10,45664,1.3513257575757576,43.24242424242424,True,0.0007052000146359205,snapshot only,6.405884462294836e-16,4.996003610813204e-16
deep2_n16_T128_s9401103,deep2,16,128,9401103,1056,32,33792,global_svd,1e-12,34816,1.0303030303030303,32.96969696969697,True,0.0005805999971926212,snapshot only,1.4248057312290407e-15,1.1379786002407855e-15
deep2_n16_T128_s9401103,deep2,16,128,9401103,1056,32,33792,pivoted_qr_repeated_basis,1e-12,35872,1.0615530303030303,33.96969696969697,True,0.00034309993498027325,snapshot only,5.83955845226218e-16,9.992007221626409e-16
deep2_n16_T128_s9401103,deep2,16,128,9401103,1056,32,33792,supported_group_factors,1e-12,25488,0.7542613636363636,24.136363636363637,True,0.005974099971354008,snapshot only,0.0,0.0
deep2_n16_T128_s9401103,deep2,16,128,9401103,1056,32,33792,owner_block_factors,1e-12,26208,0.7755681818181818,24.818181818181817,True,0.011388799990527332,snapshot only,0.0,0.0
deep2_n16_T128_s9401103,deep2,16,128,9401103,1056,32,33792,kronecker_shared_input_basis,1e-12,25488,0.7542613636363636,24.136363636363637,True,0.006167599931359291,snapshot only,0.0,0.0
deep2_n16_T128_s9401103,deep2,16,128,9401103,1056,32,33792,immediate_support_exact_slice_plus_svd_residual,1e-12,45664,1.3513257575757576,43.24242424242424,True,0.0011048000305891037,snapshot only,9.885399625755834e-16,1.1796119636642288e-15
deep2_n16_T128_s9401103,deep2,16,128,9401103,1056,32,33792,local_eligibility_plus_svd_residual,1e-12,45664,1.3513257575757576,43.24242424242424,True,0.0006276000058278441,snapshot only,6.405884462294836e-16,4.996003610813204e-16
deep2_n16_T128_s9401104,deep2,16,128,9401104,1056,32,33792,full_matrix,1e-08,33792,1.0,32.0,True,7.00005330145359e-07,online baseline,0.0,0.0
deep2_n16_T128_s9401104,deep2,16,128,9401104,1056,32,33792,coordinate_sparse,1e-08,50688,1.5,48.0,True,5.759997293353081e-05,snapshot only,0.0,0.0
deep2_n16_T128_s9401104,deep2,16,128,9401104,1056,32,33792,block_sparse_triangular,1e-08,26448,0.7826704545454546,25.045454545454547,True,8.130003698170185e-05,known closed online block recurrence,0.0,0.0
deep2_n16_T128_s9401104,deep2,16,128,9401104,1056,32,33792,global_svd,1e-08,34816,1.0303030303030303,32.96969696969697,True,0.0006074999691918492,snapshot only,1.9725279750265007e-15,1.5265566588595902e-15
deep2_n16_T128_s9401104,deep2,16,128,9401104,1056,32,33792,pivoted_qr_repeated_basis,1e-08,35872,1.0615530303030303,33.96969696969697,True,0.000314100063405931,snapshot only,5.436361520547338e-16,8.881784197001252e-16
deep2_n16_T128_s9401104,deep2,16,128,9401104,1056,32,33792,supported_group_factors,1e-08,25488,0.7542613636363636,24.136363636363637,True,0.005639799986965954,snapshot only,0.0,0.0
deep2_n16_T128_s9401104,deep2,16,128,9401104,1056,32,33792,owner_block_factors,1e-08,26208,0.7755681818181818,24.818181818181817,True,0.01004369999282062,snapshot only,0.0,0.0
deep2_n16_T128_s9401104,deep2,16,128,9401104,1056,32,33792,kronecker_shared_input_basis,1e-08,25488,0.7542613636363636,24.136363636363637,True,0.005438600084744394,snapshot only,0.0,0.0
deep2_n16_T128_s9401104,deep2,16,128,9401104,1056,32,33792,immediate_support_exact_slice_plus_svd_residual,1e-08,45664,1.3513257575757576,43.24242424242424,True,0.0010642999550327659,snapshot only,9.462456760732233e-16,1.124100812432971e-15
deep2_n16_T128_s9401104,deep2,16,128,9401104,1056,32,33792,local_eligibility_plus_svd_residual,1e-08,45664,1.3513257575757576,43.24242424242424,True,0.0007270999485626817,snapshot only,6.48791120875201e-16,5.273559366969494e-16
deep2_n16_T128_s9401104,deep2,16,128,9401104,1056,32,33792,global_svd,1e-10,34816,1.0303030303030303,32.96969696969697,True,0.0005954999942332506,snapshot only,1.9725279750265007e-15,1.5265566588595902e-15
deep2_n16_T128_s9401104,deep2,16,128,9401104,1056,32,33792,pivoted_qr_repeated_basis,1e-10,35872,1.0615530303030303,33.96969696969697,True,0.00039029994513839483,snapshot only,5.436361520547338e-16,8.881784197001252e-16
deep2_n16_T128_s9401104,deep2,16,128,9401104,1056,32,33792,supported_group_factors,1e-10,25488,0.7542613636363636,24.136363636363637,True,0.005860100034624338,snapshot only,0.0,0.0
deep2_n16_T128_s9401104,deep2,16,128,9401104,1056,32,33792,owner_block_factors,1e-10,26208,0.7755681818181818,24.818181818181817,True,0.010967299924232066,snapshot only,0.0,0.0
deep2_n16_T128_s9401104,deep2,16,128,9401104,1056,32,33792,kronecker_shared_input_basis,1e-10,25488,0.7542613636363636,24.136363636363637,True,0.005798900034278631,snapshot only,0.0,0.0
deep2_n16_T128_s9401104,deep2,16,128,9401104,1056,32,33792,immediate_support_exact_slice_plus_svd_residual,1e-10,45664,1.3513257575757576,43.24242424242424,True,0.0006395999807864428,snapshot only,9.462456760732233e-16,1.124100812432971e-15
deep2_n16_T128_s9401104,deep2,16,128,9401104,1056,32,33792,local_eligibility_plus_svd_residual,1e-10,45664,1.3513257575757576,43.24242424242424,True,0.0007860999321565032,snapshot only,6.48791120875201e-16,5.273559366969494e-16
deep2_n16_T128_s9401104,deep2,16,128,9401104,1056,32,33792,global_svd,1e-12,34816,1.0303030303030303,32.96969696969697,True,0.0006180000491440296,snapshot only,1.9725279750265007e-15,1.5265566588595902e-15
deep2_n16_T128_s9401104,deep2,16,128,9401104,1056,32,33792,pivoted_qr_repeated_basis,1e-12,35872,1.0615530303030303,33.96969696969697,True,0.0003793999785557389,snapshot only,5.436361520547338e-16,8.881784197001252e-16
deep2_n16_T128_s9401104,deep2,16,128,9401104,1056,32,33792,supported_group_factors,1e-12,25488,0.7542613636363636,24.136363636363637,True,0.006033299956470728,snapshot only,0.0,0.0
deep2_n16_T128_s9401104,deep2,16,128,9401104,1056,32,33792,owner_block_factors,1e-12,26208,0.7755681818181818,24.818181818181817,True,0.011238700011745095,snapshot only,0.0,0.0
deep2_n16_T128_s9401104,deep2,16,128,9401104,1056,32,33792,kronecker_shared_input_basis,1e-12,25488,0.7542613636363636,24.136363636363637,True,0.005877799936570227,snapshot only,0.0,0.0
deep2_n16_T128_s9401104,deep2,16,128,9401104,1056,32,33792,immediate_support_exact_slice_plus_svd_residual,1e-12,45664,1.3513257575757576,43.24242424242424,True,0.0006321999244391918,snapshot only,9.462456760732233e-16,1.124100812432971e-15
deep2_n16_T128_s9401104,deep2,16,128,9401104,1056,32,33792,local_eligibility_plus_svd_residual,1e-12,45664,1.3513257575757576,43.24242424242424,True,0.0007017999887466431,snapshot only,6.48791120875201e-16,5.273559366969494e-16
